doc_id,doc_title,line_id,scene_id,source_file,source_path,relative_path,batch_id,scene_index,scene,line_no,row_type,line_category,speaker,speaker_char_id,cue,perform_type,perform_subtype,action_tags,participants,text,raw_line
pdf_01000000__01003002___acc415186d,群英会,pdf_01000000__01003002___acc415186d__line__000001,pdf_01000000__01003002___acc415186d__scene__000,01003002_群英会.pdf,D:\University_studies\Junior\data_visualization\experiment\final_self\opera_dataset\01000000\01003002_群英会.pdf,01000000/01003002_群英会.pdf,62507f36-aa22-4065-bb0f-f7de69f87e7c,0,序幕/前置内容,1,narration,narration,,,,说明,,,《群英会》,# 《群英会》,# 《群英会》
pdf_01000000__01003002___acc415186d,群英会,pdf_01000000__01003002___acc415186d__line__000003,pdf_01000000__01003002___acc415186d__scene__000,01003002_群英会.pdf,D:\University_studies\Junior\data_visualization\experiment\final_self\opera_dataset\01000000\01003002_群英会.pdf,01000000/01003002_群英会.pdf,62507f36-aa22-4065-bb0f-f7de69f87e7c,0,序幕/前置内容,3,dialogue,dialogue,,,一名：《蒋干中计》；一名：《蒋干盗书》,对白,一名：《蒋干中计》；一名：《蒋干盗书》,,蒋干,（带：《草船借箭》；一名：《诸葛借箭》）,（一名：《蒋干中计》；一名：《蒋干盗书》）（带：《草船借箭》；一名：《诸葛借箭》）
pdf_01000000__01003002___acc415186d,群英会,pdf_01000000__01003002___acc415186d__line__000045,pdf_01000000__01003002___acc415186d__scene__001,01003002_群英会.pdf,D:\University_studies\Junior\data_visualization\experiment\final_self\opera_dataset\01000000\01003002_群英会.pdf,01000000/01003002_群英会.pdf,62507f36-aa22-4065-bb0f-f7de69f87e7c,1,【第一场】,45,stage_direction,stage_direction,,,黄盖上，起霸。,做,黄盖上，起霸。,上,黄盖,,（黄盖上，起霸。）
pdf_01000000__01003002___acc415186d,群英会,pdf_01000000__01003002___acc415186d__line__000047,pdf_01000000__01003002___acc415186d__scene__001,01003002_群英会.pdf,D:\University_studies\Junior\data_visualization\experiment\final_self\opera_dataset\01000000\01003002_群英会.pdf,01000000/01003002_群英会.pdf,62507f36-aa22-4065-bb0f-f7de69f87e7c,1,【第一场】,47,dialogue,dialogue,黄盖,pdf_01000000__01003002___acc415186d__char__31774bed7f,念,念,念,,黄盖,,黄盖 （念）
pdf_01000000__01003002___acc415186d,群英会,pdf_01000000__01003002___acc415186d__line__000049,pdf_01000000__01003002___acc415186d__scene__001,01003002_群英会.pdf,D:\University_studies\Junior\data_visualization\experiment\final_self\opera_dataset\01000000\01003002_群英会.pdf,01000000/01003002_群英会.pdf,62507f36-aa22-4065-bb0f-f7de69f87e7c,1,【第一场】,49,stage_direction,stage_direction,,,白,做,白,念白,白,,（白）
pdf_01000000__01003002___acc415186d,群英会,pdf_01000000__01003002___acc415186d__line__000051,pdf_01000000__01003002___acc415186d__scene__001,01003002_群英会.pdf,D:\University_studies\Junior\data_visualization\experiment\final_self\opera_dataset\01000000\01003002_群英会.pdf,01000000/01003002_群英会.pdf,62507f36-aa22-4065-bb0f-f7de69f87e7c,1,【第一场】,51,narration,narration,,,,说明,,,二十年前摆战场；不觉两鬓白如霜,二十年前摆战场，好似猛虎赶群羊。光阴不催人自老，不觉两鬓白如霜。,二十年前摆战场，好似猛虎赶群羊。光阴不催人自老，不觉两鬓白如霜。
pdf_01000000__01003002___acc415186d,群英会,pdf_01000000__01003002___acc415186d__line__000053,pdf_01000000__01003002___acc415186d__scene__001,01003002_群英会.pdf,D:\University_studies\Junior\data_visualization\experiment\final_self\opera_dataset\01000000\01003002_群英会.pdf,01000000/01003002_群英会.pdf,62507f36-aa22-4065-bb0f-f7de69f87e7c,1,【第一场】,53,narration,narration,,,,说明,,,老夫；姓黄名盖字公覆。都督升帐；在此伺候,老夫，姓黄名盖字公覆。都督升帐，在此伺候。,老夫，姓黄名盖字公覆。都督升帐，在此伺候。
pdf_01000000__01003002___acc415186d,群英会,pdf_01000000__01003002___acc415186d__line__000055,pdf_01000000__01003002___acc415186d__scene__001,01003002_群英会.pdf,D:\University_studies\Junior\data_visualization\experiment\final_self\opera_dataset\01000000\01003002_群英会.pdf,01000000/01003002_群英会.pdf,62507f36-aa22-4065-bb0f-f7de69f87e7c,1,【第一场】,55,stage_direction,stage_direction,,,甘宁上，起霸。,做,甘宁上，起霸。,上,甘宁,,（甘宁上，起霸。）
pdf_01000000__01003002___acc415186d,群英会,pdf_01000000__01003002___acc415186d__line__000057,pdf_01000000__01003002___acc415186d__scene__001,01003002_群英会.pdf,D:\University_studies\Junior\data_visualization\experiment\final_self\opera_dataset\01000000\01003002_群英会.pdf,01000000/01003002_群英会.pdf,62507f36-aa22-4065-bb0f-f7de69f87e7c,1,【第一场】,57,dialogue,dialogue,甘宁,pdf_01000000__01003002___acc415186d__char__98ac70aa97,念,念,念,,甘宁,,甘宁 （念）
pdf_01000000__01003002___acc415186d,群英会,pdf_01000000__01003002___acc415186d__line__000059,pdf_01000000__01003002___acc415186d__scene__001,01003002_群英会.pdf,D:\University_studies\Junior\data_visualization\experiment\final_self\opera_dataset\01000000\01003002_群英会.pdf,01000000/01003002_群英会.pdf,62507f36-aa22-4065-bb0f-f7de69f87e7c,1,【第一场】,59,stage_direction,stage_direction,,,白,做,白,念白,白,,（白）
pdf_01000000__01003002___acc415186d,群英会,pdf_01000000__01003002___acc415186d__line__000061,pdf_01000000__01003002___acc415186d__scene__001,01003002_群英会.pdf,D:\University_studies\Junior\data_visualization\experiment\final_self\opera_dataset\01000000\01003002_群英会.pdf,01000000/01003002_群英会.pdf,62507f36-aa22-4065-bb0f-f7de69f87e7c,1,【第一场】,61,narration,narration,,,,说明,,,甘宁,东吴大将是甘宁，文韬武略肚内存。任他四路刀兵起，冲锋破敌把功成。,东吴大将是甘宁，文韬武略肚内存。任他四路刀兵起，冲锋破敌把功成。
pdf_01000000__01003002___acc415186d,群英会,pdf_01000000__01003002___acc415186d__line__000063,pdf_01000000__01003002___acc415186d__scene__001,01003002_群英会.pdf,D:\University_studies\Junior\data_visualization\experiment\final_self\opera_dataset\01000000\01003002_群英会.pdf,01000000/01003002_群英会.pdf,62507f36-aa22-4065-bb0f-f7de69f87e7c,1,【第一场】,63,narration,narration,,,,说明,,,俺；姓甘名宁字兴霸,俺，姓甘名宁字兴霸。,俺，姓甘名宁字兴霸。
pdf_01000000__01003002___acc415186d,群英会,pdf_01000000__01003002___acc415186d__line__000065,pdf_01000000__01003002___acc415186d__scene__001,01003002_群英会.pdf,D:\University_studies\Junior\data_visualization\experiment\final_self\opera_dataset\01000000\01003002_群英会.pdf,01000000/01003002_群英会.pdf,62507f36-aa22-4065-bb0f-f7de69f87e7c,1,【第一场】,65,narration,narration,,,,说明,,请,老将军请了；请了,老将军请了，请了。,老将军请了，请了。
pdf_01000000__01003002___acc415186d,群英会,pdf_01000000__01003002___acc415186d__line__000067,pdf_01000000__01003002___acc415186d__scene__001,01003002_群英会.pdf,D:\University_studies\Junior\data_visualization\experiment\final_self\opera_dataset\01000000\01003002_群英会.pdf,01000000/01003002_群英会.pdf,62507f36-aa22-4065-bb0f-f7de69f87e7c,1,【第一场】,67,dialogue,dialogue,黄盖,pdf_01000000__01003002___acc415186d__char__31774bed7f,白,白,白,念白,黄盖,,黄盖 （白）
pdf_01000000__01003002___acc415186d,群英会,pdf_01000000__01003002___acc415186d__line__000069,pdf_01000000__01003002___acc415186d__scene__001,01003002_群英会.pdf,D:\University_studies\Junior\data_visualization\experiment\final_self\opera_dataset\01000000\01003002_群英会.pdf,01000000/01003002_群英会.pdf,62507f36-aa22-4065-bb0f-f7de69f87e7c,1,【第一场】,69,narration,narration,,,,说明,,,都督升帐；在此伺候,都督升帐，在此伺候。,都督升帐，在此伺候。
pdf_01000000__01003002___acc415186d,群英会,pdf_01000000__01003002___acc415186d__line__000071,pdf_01000000__01003002___acc415186d__scene__001,01003002_群英会.pdf,D:\University_studies\Junior\data_visualization\experiment\final_self\opera_dataset\01000000\01003002_群英会.pdf,01000000/01003002_群英会.pdf,62507f36-aa22-4065-bb0f-f7de69f87e7c,1,【第一场】,71,stage_direction,stage_direction,,,四白龙套同上，周瑜上。,做,四白龙套同上，周瑜上。,上,四白龙套；周瑜；龙套,,（四白龙套同上，周瑜上。）
pdf_01000000__01003002___acc415186d,群英会,pdf_01000000__01003002___acc415186d__line__000075,pdf_01000000__01003002___acc415186d__scene__001,01003002_群英会.pdf,D:\University_studies\Junior\data_visualization\experiment\final_self\opera_dataset\01000000\01003002_群英会.pdf,01000000/01003002_群英会.pdf,62507f36-aa22-4065-bb0f-f7de69f87e7c,1,【第一场】,75,dialogue,dialogue,周瑜,pdf_01000000__01003002___acc415186d__char__95719ec611,白,白,白,杀；念白,周瑜,"孔明吓,我不杀你,誓不为人也。","周瑜（白）孔明吓,我不杀你,誓不为人也。"
pdf_01000000__01003002___acc415186d,群英会,pdf_01000000__01003002___acc415186d__line__000075,pdf_01000000__01003002___acc415186d__scene__001,01003002_群英会.pdf,D:\University_studies\Junior\data_visualization\experiment\final_self\opera_dataset\01000000\01003002_群英会.pdf,01000000/01003002_群英会.pdf,62507f36-aa22-4065-bb0f-f7de69f87e7c,1,【第一场】,75,dialogue,dialogue,鲁肃,pdf_01000000__01003002___acc415186d__char__d1e3ecb867,白,白,白,令；追；念白,鲁肃,将令追回。,鲁肃（白）将令追回。
pdf_01000000__01003002___acc415186d,群英会,pdf_01000000__01003002___acc415186d__line__000075,pdf_01000000__01003002___acc415186d__scene__001,01003002_群英会.pdf,D:\University_studies\Junior\data_visualization\experiment\final_self\opera_dataset\01000000\01003002_群英会.pdf,01000000/01003002_群英会.pdf,62507f36-aa22-4065-bb0f-f7de69f87e7c,1,【第一场】,75,dialogue,dialogue,周瑜,pdf_01000000__01003002___acc415186d__char__95719ec611,白,白,白,念白,周瑜,"大夫,但不知曹营水军头目,是谁掌管?","周瑜（白）大夫,但不知曹营水军头目,是谁掌管?"
pdf_01000000__01003002___acc415186d,群英会,pdf_01000000__01003002___acc415186d__line__000075,pdf_01000000__01003002___acc415186d__scene__001,01003002_群英会.pdf,D:\University_studies\Junior\data_visualization\experiment\final_self\opera_dataset\01000000\01003002_群英会.pdf,01000000/01003002_群英会.pdf,62507f36-aa22-4065-bb0f-f7de69f87e7c,1,【第一场】,75,dialogue,dialogue,鲁肃,pdf_01000000__01003002___acc415186d__char__d1e3ecb867,白,白,白,念白,鲁肃；蔡瑁；张允,"荆州降将,蔡瑁、张允二贼。","鲁肃（白）荆州降将,蔡瑁、张允二贼。"
pdf_01000000__01003002___acc415186d,群英会,pdf_01000000__01003002___acc415186d__line__000075,pdf_01000000__01003002___acc415186d__scene__001,01003002_群英会.pdf,D:\University_studies\Junior\data_visualization\experiment\final_self\opera_dataset\01000000\01003002_群英会.pdf,01000000/01003002_群英会.pdf,62507f36-aa22-4065-bb0f-f7de69f87e7c,1,【第一场】,75,dialogue,dialogue,周瑜,pdf_01000000__01003002___acc415186d__char__95719ec611,白,白,白,念白,周瑜,"吓,他二人惯习水战,本都督大功难成也。","周瑜（白）吓,他二人惯习水战,本都督大功难成也。"
pdf_01000000__01003002___acc415186d,群英会,pdf_01000000__01003002___acc415186d__line__000075,pdf_01000000__01003002___acc415186d__scene__001,01003002_群英会.pdf,D:\University_studies\Junior\data_visualization\experiment\final_self\opera_dataset\01000000\01003002_群英会.pdf,01000000/01003002_群英会.pdf,62507f36-aa22-4065-bb0f-f7de69f87e7c,1,【第一场】,75,dialogue,dialogue,甘宁,pdf_01000000__01003002___acc415186d__char__98ac70aa97,白,白,白,念白,甘宁；蒋干,蒋干过江。,甘宁（白）蒋干过江。
pdf_01000000__01003002___acc415186d,群英会,pdf_01000000__01003002___acc415186d__line__000075,pdf_01000000__01003002___acc415186d__scene__001,01003002_群英会.pdf,D:\University_studies\Junior\data_visualization\experiment\final_self\opera_dataset\01000000\01003002_群英会.pdf,01000000/01003002_群英会.pdf,62507f36-aa22-4065-bb0f-f7de69f87e7c,1,【第一场】,75,dialogue,dialogue,周瑜,pdf_01000000__01003002___acc415186d__char__95719ec611,白,白,白,念白,周瑜,再探。,周瑜（白）再探。
pdf_01000000__01003002___acc415186d,群英会,pdf_01000000__01003002___acc415186d__line__000075,pdf_01000000__01003002___acc415186d__scene__001,01003002_群英会.pdf,D:\University_studies\Junior\data_visualization\experiment\final_self\opera_dataset\01000000\01003002_群英会.pdf,01000000/01003002_群英会.pdf,62507f36-aa22-4065-bb0f-f7de69f87e7c,1,【第一场】,75,dialogue,dialogue,甘宁,pdf_01000000__01003002___acc415186d__char__98ac70aa97,白,白,白,令；念白,甘宁,得令。,甘宁（白）得令。
pdf_01000000__01003002___acc415186d,群英会,pdf_01000000__01003002___acc415186d__line__000075,pdf_01000000__01003002___acc415186d__scene__001,01003002_群英会.pdf,D:\University_studies\Junior\data_visualization\experiment\final_self\opera_dataset\01000000\01003002_群英会.pdf,01000000/01003002_群英会.pdf,62507f36-aa22-4065-bb0f-f7de69f87e7c,1,【第一场】,75,dialogue,dialogue,周瑜,pdf_01000000__01003002___acc415186d__char__95719ec611,笑,做,笑,笑,周瑜,哈哈......,周瑜（笑）哈哈......
pdf_01000000__01003002___acc415186d,群英会,pdf_01000000__01003002___acc415186d__line__000075,pdf_01000000__01003002___acc415186d__scene__001,01003002_群英会.pdf,D:\University_studies\Junior\data_visualization\experiment\final_self\opera_dataset\01000000\01003002_群英会.pdf,01000000/01003002_群英会.pdf,62507f36-aa22-4065-bb0f-f7de69f87e7c,1,【第一场】,75,dialogue,dialogue,鲁肃,pdf_01000000__01003002___acc415186d__char__d1e3ecb867,白,白,白,笑；念白,鲁肃；蒋干,"都督闻听蒋干过江,为何发笑?","鲁肃（白）都督闻听蒋干过江,为何发笑?"
pdf_01000000__01003002___acc415186d,群英会,pdf_01000000__01003002___acc415186d__line__000075,pdf_01000000__01003002___acc415186d__scene__001,01003002_群英会.pdf,D:\University_studies\Junior\data_visualization\experiment\final_self\opera_dataset\01000000\01003002_群英会.pdf,01000000/01003002_群英会.pdf,62507f36-aa22-4065-bb0f-f7de69f87e7c,1,【第一场】,75,dialogue,dialogue,周瑜,pdf_01000000__01003002___acc415186d__char__95719ec611,白,白,白,来；叫；念白,周瑜；曹操；蒋干,"大夫,蒋干过江,必与曹操做说客而来,待我略施小计,管叫曹操中计。来,客厅伺候。","周瑜（白）大夫,蒋干过江,必与曹操做说客而来,待我略施小计,管叫曹操中计。来,客厅伺候。"
pdf_01000000__01003002___acc415186d,群英会,pdf_01000000__01003002___acc415186d__line__000075,pdf_01000000__01003002___acc415186d__scene__001,01003002_群英会.pdf,D:\University_studies\Junior\data_visualization\experiment\final_self\opera_dataset\01000000\01003002_群英会.pdf,01000000/01003002_群英会.pdf,62507f36-aa22-4065-bb0f-f7de69f87e7c,1,【第一场】,75,dialogue,dialogue,周瑜,pdf_01000000__01003002___acc415186d__char__95719ec611,白,白,白,念白,周瑜,大夫!,周瑜（白）大夫!
pdf_01000000__01003002___acc415186d,群英会,pdf_01000000__01003002___acc415186d__line__000075,pdf_01000000__01003002___acc415186d__scene__001,01003002_群英会.pdf,D:\University_studies\Junior\data_visualization\experiment\final_self\opera_dataset\01000000\01003002_群英会.pdf,01000000/01003002_群英会.pdf,62507f36-aa22-4065-bb0f-f7de69f87e7c,1,【第一场】,75,dialogue,dialogue,鲁肃,pdf_01000000__01003002___acc415186d__char__d1e3ecb867,白,白,白,念白,鲁肃,在。,鲁肃（白）在。
pdf_01000000__01003002___acc415186d,群英会,pdf_01000000__01003002___acc415186d__line__000075,pdf_01000000__01003002___acc415186d__scene__001,01003002_群英会.pdf,D:\University_studies\Junior\data_visualization\experiment\final_self\opera_dataset\01000000\01003002_群英会.pdf,01000000/01003002_群英会.pdf,62507f36-aa22-4065-bb0f-f7de69f87e7c,1,【第一场】,75,dialogue,dialogue,周瑜,pdf_01000000__01003002___acc415186d__char__95719ec611,白,白,白,上；来；念白,周瑜,"将此书放在后帐,战策之内,附耳上来,如此如此。","周瑜（白）将此书放在后帐,战策之内,附耳上来,如此如此。"
pdf_01000000__01003002___acc415186d,群英会,pdf_01000000__01003002___acc415186d__line__000075,pdf_01000000__01003002___acc415186d__scene__001,01003002_群英会.pdf,D:\University_studies\Junior\data_visualization\experiment\final_self\opera_dataset\01000000\01003002_群英会.pdf,01000000/01003002_群英会.pdf,62507f36-aa22-4065-bb0f-f7de69f87e7c,1,【第一场】,75,dialogue,dialogue,鲁肃,pdf_01000000__01003002___acc415186d__char__d1e3ecb867,白,白,白,令；念白,鲁肃,得令。,鲁肃（白）得令。
pdf_01000000__01003002___acc415186d,群英会,pdf_01000000__01003002___acc415186d__line__000075,pdf_01000000__01003002___acc415186d__scene__001,01003002_群英会.pdf,D:\University_studies\Junior\data_visualization\experiment\final_self\opera_dataset\01000000\01003002_群英会.pdf,01000000/01003002_群英会.pdf,62507f36-aa22-4065-bb0f-f7de69f87e7c,1,【第一场】,75,dialogue,dialogue,周瑜,pdf_01000000__01003002___acc415186d__char__95719ec611,白,白,白,来；念白,周瑜,来!,周瑜（白）来!
pdf_01000000__01003002___acc415186d,群英会,pdf_01000000__01003002___acc415186d__line__000075,pdf_01000000__01003002___acc415186d__scene__001,01003002_群英会.pdf,D:\University_studies\Junior\data_visualization\experiment\final_self\opera_dataset\01000000\01003002_群英会.pdf,01000000/01003002_群英会.pdf,62507f36-aa22-4065-bb0f-f7de69f87e7c,1,【第一场】,75,dialogue,dialogue,周瑜,pdf_01000000__01003002___acc415186d__char__95719ec611,白,白,白,请；念白,周瑜,有请蒋先生。,周瑜（白）有请蒋先生。
pdf_01000000__01003002___acc415186d,群英会,pdf_01000000__01003002___acc415186d__line__000075,pdf_01000000__01003002___acc415186d__scene__001,01003002_群英会.pdf,D:\University_studies\Junior\data_visualization\experiment\final_self\opera_dataset\01000000\01003002_群英会.pdf,01000000/01003002_群英会.pdf,62507f36-aa22-4065-bb0f-f7de69f87e7c,1,【第一场】,75,dialogue,dialogue,龙套,pdf_01000000__01003002___acc415186d__char__e630fefd4a,同白,白,同白,请；念白,四白龙套；龙套,有请蒋先生。,四白龙套（同白）有请蒋先生。
pdf_01000000__01003002___acc415186d,群英会,pdf_01000000__01003002___acc415186d__line__000075,pdf_01000000__01003002___acc415186d__scene__001,01003002_群英会.pdf,D:\University_studies\Junior\data_visualization\experiment\final_self\opera_dataset\01000000\01003002_群英会.pdf,01000000/01003002_群英会.pdf,62507f36-aa22-4065-bb0f-f7de69f87e7c,1,【第一场】,75,dialogue,dialogue,蒋干,pdf_01000000__01003002___acc415186d__char__d7ced696d8,白,白,白,念白,蒋干,贤弟。,蒋干（白）贤弟。
pdf_01000000__01003002___acc415186d,群英会,pdf_01000000__01003002___acc415186d__line__000075,pdf_01000000__01003002___acc415186d__scene__001,01003002_群英会.pdf,D:\University_studies\Junior\data_visualization\experiment\final_self\opera_dataset\01000000\01003002_群英会.pdf,01000000/01003002_群英会.pdf,62507f36-aa22-4065-bb0f-f7de69f87e7c,1,【第一场】,75,dialogue,dialogue,周瑜,pdf_01000000__01003002___acc415186d__char__95719ec611,白,白,白,请；坐；念白,周瑜,仁兄请坐。,周瑜（白）仁兄请坐。
pdf_01000000__01003002___acc415186d,群英会,pdf_01000000__01003002___acc415186d__line__000075,pdf_01000000__01003002___acc415186d__scene__001,01003002_群英会.pdf,D:\University_studies\Junior\data_visualization\experiment\final_self\opera_dataset\01000000\01003002_群英会.pdf,01000000/01003002_群英会.pdf,62507f36-aa22-4065-bb0f-f7de69f87e7c,1,【第一场】,75,dialogue,dialogue,蒋干,pdf_01000000__01003002___acc415186d__char__d7ced696d8,白,白,白,坐；念白,蒋干,有坐。,蒋干（白）有坐。
pdf_01000000__01003002___acc415186d,群英会,pdf_01000000__01003002___acc415186d__line__000075,pdf_01000000__01003002___acc415186d__scene__001,01003002_群英会.pdf,D:\University_studies\Junior\data_visualization\experiment\final_self\opera_dataset\01000000\01003002_群英会.pdf,01000000/01003002_群英会.pdf,62507f36-aa22-4065-bb0f-f7de69f87e7c,1,【第一场】,75,dialogue,dialogue,周瑜,pdf_01000000__01003002___acc415186d__char__95719ec611,白,白,白,念白,周瑜,"不知仁兄驾到,瑜未得远迎,望乞恕罪。","周瑜（白）不知仁兄驾到,瑜未得远迎,望乞恕罪。"
pdf_01000000__01003002___acc415186d,群英会,pdf_01000000__01003002___acc415186d__line__000075,pdf_01000000__01003002___acc415186d__scene__001,01003002_群英会.pdf,D:\University_studies\Junior\data_visualization\experiment\final_self\opera_dataset\01000000\01003002_群英会.pdf,01000000/01003002_群英会.pdf,62507f36-aa22-4065-bb0f-f7de69f87e7c,1,【第一场】,75,dialogue,dialogue,蒋干,pdf_01000000__01003002___acc415186d__char__d7ced696d8,白,白,白,念白,蒋干,"好说,轻造宝帐,贤弟海涵。","蒋干（白）好说,轻造宝帐,贤弟海涵。"
pdf_01000000__01003002___acc415186d,群英会,pdf_01000000__01003002___acc415186d__line__000075,pdf_01000000__01003002___acc415186d__scene__001,01003002_群英会.pdf,D:\University_studies\Junior\data_visualization\experiment\final_self\opera_dataset\01000000\01003002_群英会.pdf,01000000/01003002_群英会.pdf,62507f36-aa22-4065-bb0f-f7de69f87e7c,1,【第一场】,75,dialogue,dialogue,周瑜,pdf_01000000__01003002___acc415186d__char__95719ec611,白,白,白,来；念白,周瑜,"岂敢,仁兄跋涉江湖,从江北而来,大抵为曹氏作说客耳。","周瑜（白）岂敢,仁兄跋涉江湖,从江北而来,大抵为曹氏作说客耳。"
pdf_01000000__01003002___acc415186d,群英会,pdf_01000000__01003002___acc415186d__line__000075,pdf_01000000__01003002___acc415186d__scene__001,01003002_群英会.pdf,D:\University_studies\Junior\data_visualization\experiment\final_self\opera_dataset\01000000\01003002_群英会.pdf,01000000/01003002_群英会.pdf,62507f36-aa22-4065-bb0f-f7de69f87e7c,1,【第一场】,75,dialogue,dialogue,蒋干,pdf_01000000__01003002___acc415186d__char__d7ced696d8,白,白,白,下；来；念白,蒋干,"这个......久别足下,特来与贤弟作贺,怎说作说客耳?","蒋干（白）这个......久别足下,特来与贤弟作贺,怎说作说客耳?"
pdf_01000000__01003002___acc415186d,群英会,pdf_01000000__01003002___acc415186d__line__000075,pdf_01000000__01003002___acc415186d__scene__001,01003002_群英会.pdf,D:\University_studies\Junior\data_visualization\experiment\final_self\opera_dataset\01000000\01003002_群英会.pdf,01000000/01003002_群英会.pdf,62507f36-aa22-4065-bb0f-f7de69f87e7c,1,【第一场】,75,dialogue,dialogue,周瑜,pdf_01000000__01003002___acc415186d__char__95719ec611,白,白,白,念白,周瑜,"弟虽不及师旷之聪,略闻弦歌之雅意。","周瑜（白）弟虽不及师旷之聪,略闻弦歌之雅意。"
pdf_01000000__01003002___acc415186d,群英会,pdf_01000000__01003002___acc415186d__line__000075,pdf_01000000__01003002___acc415186d__scene__001,01003002_群英会.pdf,D:\University_studies\Junior\data_visualization\experiment\final_self\opera_dataset\01000000\01003002_群英会.pdf,01000000/01003002_群英会.pdf,62507f36-aa22-4065-bb0f-f7de69f87e7c,1,【第一场】,75,dialogue,dialogue,蒋干,pdf_01000000__01003002___acc415186d__char__d7ced696d8,白,白,白,念白,蒋干,"贤弟待故人如此,告辞。","蒋干（白）贤弟待故人如此,告辞。"
pdf_01000000__01003002___acc415186d,群英会,pdf_01000000__01003002___acc415186d__line__000075,pdf_01000000__01003002___acc415186d__scene__001,01003002_群英会.pdf,D:\University_studies\Junior\data_visualization\experiment\final_self\opera_dataset\01000000\01003002_群英会.pdf,01000000/01003002_群英会.pdf,62507f36-aa22-4065-bb0f-f7de69f87e7c,1,【第一场】,75,dialogue,dialogue,周瑜,pdf_01000000__01003002___acc415186d__char__95719ec611,白,白,白,去；念白,周瑜,子翼兄因何去心太急?,周瑜（白）子翼兄因何去心太急?
pdf_01000000__01003002___acc415186d,群英会,pdf_01000000__01003002___acc415186d__line__000075,pdf_01000000__01003002___acc415186d__scene__001,01003002_群英会.pdf,D:\University_studies\Junior\data_visualization\experiment\final_self\opera_dataset\01000000\01003002_群英会.pdf,01000000/01003002_群英会.pdf,62507f36-aa22-4065-bb0f-f7de69f87e7c,1,【第一场】,75,dialogue,dialogue,蒋干,pdf_01000000__01003002___acc415186d__char__d7ced696d8,白,白,白,念白,蒋干,贤弟的疑心太重。,蒋干（白）贤弟的疑心太重。
pdf_01000000__01003002___acc415186d,群英会,pdf_01000000__01003002___acc415186d__line__000075,pdf_01000000__01003002___acc415186d__scene__001,01003002_群英会.pdf,D:\University_studies\Junior\data_visualization\experiment\final_self\opera_dataset\01000000\01003002_群英会.pdf,01000000/01003002_群英会.pdf,62507f36-aa22-4065-bb0f-f7de69f87e7c,1,【第一场】,75,dialogue,dialogue,周瑜,pdf_01000000__01003002___acc415186d__char__95719ec611,白,白,白,念白,周瑜,弟乃戏言。,周瑜（白）弟乃戏言。
pdf_01000000__01003002___acc415186d,群英会,pdf_01000000__01003002___acc415186d__line__000075,pdf_01000000__01003002___acc415186d__scene__001,01003002_群英会.pdf,D:\University_studies\Junior\data_visualization\experiment\final_self\opera_dataset\01000000\01003002_群英会.pdf,01000000/01003002_群英会.pdf,62507f36-aa22-4065-bb0f-f7de69f87e7c,1,【第一场】,75,dialogue,dialogue,蒋干,pdf_01000000__01003002___acc415186d__char__d7ced696d8,白,白,白,上；念白,蒋干,"虽是戏言,兄却脸上无光。","蒋干（白）虽是戏言,兄却脸上无光。"
pdf_01000000__01003002___acc415186d,群英会,pdf_01000000__01003002___acc415186d__line__000075,pdf_01000000__01003002___acc415186d__scene__001,01003002_群英会.pdf,D:\University_studies\Junior\data_visualization\experiment\final_self\opera_dataset\01000000\01003002_群英会.pdf,01000000/01003002_群英会.pdf,62507f36-aa22-4065-bb0f-f7de69f87e7c,1,【第一场】,75,dialogue,dialogue,周瑜,pdf_01000000__01003002___acc415186d__char__95719ec611,白,白,白,请；念白,周瑜,请入帐。,周瑜（白）请入帐。
pdf_01000000__01003002___acc415186d,群英会,pdf_01000000__01003002___acc415186d__line__000075,pdf_01000000__01003002___acc415186d__scene__001,01003002_群英会.pdf,D:\University_studies\Junior\data_visualization\experiment\final_self\opera_dataset\01000000\01003002_群英会.pdf,01000000/01003002_群英会.pdf,62507f36-aa22-4065-bb0f-f7de69f87e7c,1,【第一场】,75,dialogue,dialogue,蒋干,pdf_01000000__01003002___acc415186d__char__d7ced696d8,白,白,白,请；念白,蒋干,请。,蒋干（白）请。
pdf_01000000__01003002___acc415186d,群英会,pdf_01000000__01003002___acc415186d__line__000075,pdf_01000000__01003002___acc415186d__scene__001,01003002_群英会.pdf,D:\University_studies\Junior\data_visualization\experiment\final_self\opera_dataset\01000000\01003002_群英会.pdf,01000000/01003002_群英会.pdf,62507f36-aa22-4065-bb0f-f7de69f87e7c,1,【第一场】,75,dialogue,dialogue,周瑜,pdf_01000000__01003002___acc415186d__char__95719ec611,念,念,念,上,周瑜,"江上思良友,","周瑜（念）江上思良友,"
pdf_01000000__01003002___acc415186d,群英会,pdf_01000000__01003002___acc415186d__line__000075,pdf_01000000__01003002___acc415186d__scene__001,01003002_群英会.pdf,D:\University_studies\Junior\data_visualization\experiment\final_self\opera_dataset\01000000\01003002_群英会.pdf,01000000/01003002_群英会.pdf,62507f36-aa22-4065-bb0f-f7de69f87e7c,1,【第一场】,75,dialogue,dialogue,蒋干,pdf_01000000__01003002___acc415186d__char__d7ced696d8,念,念,念,,蒋干,特地会故交。,蒋干（念）特地会故交。
pdf_01000000__01003002___acc415186d,群英会,pdf_01000000__01003002___acc415186d__line__000075,pdf_01000000__01003002___acc415186d__scene__001,01003002_群英会.pdf,D:\University_studies\Junior\data_visualization\experiment\final_self\opera_dataset\01000000\01003002_群英会.pdf,01000000/01003002_群英会.pdf,62507f36-aa22-4065-bb0f-f7de69f87e7c,1,【第一场】,75,dialogue,dialogue,周瑜,pdf_01000000__01003002___acc415186d__char__95719ec611,白,白,白,请；坐；念白,周瑜,请坐。,周瑜（白）请坐。
pdf_01000000__01003002___acc415186d,群英会,pdf_01000000__01003002___acc415186d__line__000075,pdf_01000000__01003002___acc415186d__scene__001,01003002_群英会.pdf,D:\University_studies\Junior\data_visualization\experiment\final_self\opera_dataset\01000000\01003002_群英会.pdf,01000000/01003002_群英会.pdf,62507f36-aa22-4065-bb0f-f7de69f87e7c,1,【第一场】,75,dialogue,dialogue,龙套,pdf_01000000__01003002___acc415186d__char__e630fefd4a,同白,白,同白,进；传；念白,四白龙套；龙套,传众将进帐。,四白龙套（同白）传众将进帐。
pdf_01000000__01003002___acc415186d,群英会,pdf_01000000__01003002___acc415186d__line__000075,pdf_01000000__01003002___acc415186d__scene__001,01003002_群英会.pdf,D:\University_studies\Junior\data_visualization\experiment\final_self\opera_dataset\01000000\01003002_群英会.pdf,01000000/01003002_群英会.pdf,62507f36-aa22-4065-bb0f-f7de69f87e7c,1,【第一场】,75,dialogue,dialogue,众将,pdf_01000000__01003002___acc415186d__char__c3c0feadda,同白,白,同白,念白,众将,参见都督。,众将（同白）参见都督。
pdf_01000000__01003002___acc415186d,群英会,pdf_01000000__01003002___acc415186d__line__000075,pdf_01000000__01003002___acc415186d__scene__001,01003002_群英会.pdf,D:\University_studies\Junior\data_visualization\experiment\final_self\opera_dataset\01000000\01003002_群英会.pdf,01000000/01003002_群英会.pdf,62507f36-aa22-4065-bb0f-f7de69f87e7c,1,【第一场】,75,dialogue,dialogue,周瑜,pdf_01000000__01003002___acc415186d__char__95719ec611,白,白,白,念白,周瑜,见过蒋先生。,周瑜（白）见过蒋先生。
pdf_01000000__01003002___acc415186d,群英会,pdf_01000000__01003002___acc415186d__line__000075,pdf_01000000__01003002___acc415186d__scene__001,01003002_群英会.pdf,D:\University_studies\Junior\data_visualization\experiment\final_self\opera_dataset\01000000\01003002_群英会.pdf,01000000/01003002_群英会.pdf,62507f36-aa22-4065-bb0f-f7de69f87e7c,1,【第一场】,75,dialogue,dialogue,众将,pdf_01000000__01003002___acc415186d__char__c3c0feadda,同白,白,同白,来；念白,曹操；众将,吓!敢你是与曹操操作说客而来?,众将（同白）吓!敢你是与曹操操作说客而来?
pdf_01000000__01003002___acc415186d,群英会,pdf_01000000__01003002___acc415186d__line__000075,pdf_01000000__01003002___acc415186d__scene__001,01003002_群英会.pdf,D:\University_studies\Junior\data_visualization\experiment\final_self\opera_dataset\01000000\01003002_群英会.pdf,01000000/01003002_群英会.pdf,62507f36-aa22-4065-bb0f-f7de69f87e7c,1,【第一场】,75,dialogue,dialogue,蒋干,pdf_01000000__01003002___acc415186d__char__d7ced696d8,白,白,白,念白,蒋干,"吓,贤弟。","蒋干（白）吓,贤弟。"
pdf_01000000__01003002___acc415186d,群英会,pdf_01000000__01003002___acc415186d__line__000075,pdf_01000000__01003002___acc415186d__scene__001,01003002_群英会.pdf,D:\University_studies\Junior\data_visualization\experiment\final_self\opera_dataset\01000000\01003002_群英会.pdf,01000000/01003002_群英会.pdf,62507f36-aa22-4065-bb0f-f7de69f87e7c,1,【第一场】,75,dialogue,dialogue,周瑜,pdf_01000000__01003002___acc415186d__char__95719ec611,白,白,白,来；看；念白,周瑜,"众位将军,此乃本都督昔日之同窗好友,虽从江北而来,非是曹氏之说客,公等不必疑虑。看酒来,待我与子翼把盏。","周瑜（白）众位将军,此乃本都督昔日之同窗好友,虽从江北而来,非是曹氏之说客,公等不必疑虑。看酒来,待我与子翼把盏。"
pdf_01000000__01003002___acc415186d,群英会,pdf_01000000__01003002___acc415186d__line__000075,pdf_01000000__01003002___acc415186d__scene__001,01003002_群英会.pdf,D:\University_studies\Junior\data_visualization\experiment\final_self\opera_dataset\01000000\01003002_群英会.pdf,01000000/01003002_群英会.pdf,62507f36-aa22-4065-bb0f-f7de69f87e7c,1,【第一场】,75,dialogue,dialogue,蒋干,pdf_01000000__01003002___acc415186d__char__d7ced696d8,白,白,白,下；念白,蒋干,摆下就是。,蒋干（白）摆下就是。
pdf_01000000__01003002___acc415186d,群英会,pdf_01000000__01003002___acc415186d__line__000075,pdf_01000000__01003002___acc415186d__scene__001,01003002_群英会.pdf,D:\University_studies\Junior\data_visualization\experiment\final_self\opera_dataset\01000000\01003002_群英会.pdf,01000000/01003002_群英会.pdf,62507f36-aa22-4065-bb0f-f7de69f87e7c,1,【第一场】,75,dialogue,dialogue,周瑜,pdf_01000000__01003002___acc415186d__char__95719ec611,白,白,白,令；念白,太史慈；周瑜,太史慈听令。,周瑜（白）太史慈听令。
pdf_01000000__01003002___acc415186d,群英会,pdf_01000000__01003002___acc415186d__line__000075,pdf_01000000__01003002___acc415186d__scene__001,01003002_群英会.pdf,D:\University_studies\Junior\data_visualization\experiment\final_self\opera_dataset\01000000\01003002_群英会.pdf,01000000/01003002_群英会.pdf,62507f36-aa22-4065-bb0f-f7de69f87e7c,1,【第一场】,75,dialogue,dialogue,太史慈,pdf_01000000__01003002___acc415186d__char__2ec399a6fa,白,白,白,念白,太史慈,在。,太史慈（白）在。
pdf_01000000__01003002___acc415186d,群英会,pdf_01000000__01003002___acc415186d__line__000075,pdf_01000000__01003002___acc415186d__scene__001,01003002_群英会.pdf,D:\University_studies\Junior\data_visualization\experiment\final_self\opera_dataset\01000000\01003002_群英会.pdf,01000000/01003002_群英会.pdf,62507f36-aa22-4065-bb0f-f7de69f87e7c,1,【第一场】,75,dialogue,dialogue,周瑜,pdf_01000000__01003002___acc415186d__char__95719ec611,白,白,白,命；令；念白,周瑜,"这有宝剑一口,命你与我为监酒令官:今日酒席筵前,只叙朋友之交;有人提起“孙、曹”二字,即便斩之!","周瑜（白）这有宝剑一口,命你与我为监酒令官:今日酒席筵前,只叙朋友之交;有人提起“孙、曹”二字,即便斩之!"
pdf_01000000__01003002___acc415186d,群英会,pdf_01000000__01003002___acc415186d__line__000075,pdf_01000000__01003002___acc415186d__scene__001,01003002_群英会.pdf,D:\University_studies\Junior\data_visualization\experiment\final_self\opera_dataset\01000000\01003002_群英会.pdf,01000000/01003002_群英会.pdf,62507f36-aa22-4065-bb0f-f7de69f87e7c,1,【第一场】,75,dialogue,dialogue,太史慈,pdf_01000000__01003002___acc415186d__char__2ec399a6fa,白,白,白,令；念白,太史慈,得令!,太史慈（白）得令!
pdf_01000000__01003002___acc415186d,群英会,pdf_01000000__01003002___acc415186d__line__000075,pdf_01000000__01003002___acc415186d__scene__001,01003002_群英会.pdf,D:\University_studies\Junior\data_visualization\experiment\final_self\opera_dataset\01000000\01003002_群英会.pdf,01000000/01003002_群英会.pdf,62507f36-aa22-4065-bb0f-f7de69f87e7c,1,【第一场】,75,dialogue,dialogue,周瑜,pdf_01000000__01003002___acc415186d__char__95719ec611,白,白,白,请；念白,周瑜,子翼兄请!仁兄请!,周瑜（白）子翼兄请!仁兄请!
pdf_01000000__01003002___acc415186d,群英会,pdf_01000000__01003002___acc415186d__line__000075,pdf_01000000__01003002___acc415186d__scene__001,01003002_群英会.pdf,D:\University_studies\Junior\data_visualization\experiment\final_self\opera_dataset\01000000\01003002_群英会.pdf,01000000/01003002_群英会.pdf,62507f36-aa22-4065-bb0f-f7de69f87e7c,1,【第一场】,75,dialogue,dialogue,蒋干,pdf_01000000__01003002___acc415186d__char__d7ced696d8,白,白,白,请；念白,蒋干,"吓,贤弟请。","蒋干（白）吓,贤弟请。"
pdf_01000000__01003002___acc415186d,群英会,pdf_01000000__01003002___acc415186d__line__000075,pdf_01000000__01003002___acc415186d__scene__001,01003002_群英会.pdf,D:\University_studies\Junior\data_visualization\experiment\final_self\opera_dataset\01000000\01003002_群英会.pdf,01000000/01003002_群英会.pdf,62507f36-aa22-4065-bb0f-f7de69f87e7c,1,【第一场】,75,dialogue,dialogue,周瑜,pdf_01000000__01003002___acc415186d__char__95719ec611,白,白,白,来；看；念白,周瑜,"仁兄这里来,看我满营中的将士可雄壮否?","周瑜（白）仁兄这里来,看我满营中的将士可雄壮否?"
pdf_01000000__01003002___acc415186d,群英会,pdf_01000000__01003002___acc415186d__line__000075,pdf_01000000__01003002___acc415186d__scene__001,01003002_群英会.pdf,D:\University_studies\Junior\data_visualization\experiment\final_self\opera_dataset\01000000\01003002_群英会.pdf,01000000/01003002_群英会.pdf,62507f36-aa22-4065-bb0f-f7de69f87e7c,1,【第一场】,75,dialogue,dialogue,蒋干,pdf_01000000__01003002___acc415186d__char__d7ced696d8,白,白,白,念白,蒋干,一个个如狼似虎。,蒋干（白）一个个如狼似虎。
pdf_01000000__01003002___acc415186d,群英会,pdf_01000000__01003002___acc415186d__line__000075,pdf_01000000__01003002___acc415186d__scene__001,01003002_群英会.pdf,D:\University_studies\Junior\data_visualization\experiment\final_self\opera_dataset\01000000\01003002_群英会.pdf,01000000/01003002_群英会.pdf,62507f36-aa22-4065-bb0f-f7de69f87e7c,1,【第一场】,75,dialogue,dialogue,周瑜,pdf_01000000__01003002___acc415186d__char__95719ec611,白,白,白,看；念白,周瑜,你看这后营中的粮草可充足否?,周瑜（白）你看这后营中的粮草可充足否?
pdf_01000000__01003002___acc415186d,群英会,pdf_01000000__01003002___acc415186d__line__000075,pdf_01000000__01003002___acc415186d__scene__001,01003002_群英会.pdf,D:\University_studies\Junior\data_visualization\experiment\final_self\opera_dataset\01000000\01003002_群英会.pdf,01000000/01003002_群英会.pdf,62507f36-aa22-4065-bb0f-f7de69f87e7c,1,【第一场】,75,dialogue,dialogue,蒋干,pdf_01000000__01003002___acc415186d__char__d7ced696d8,白,白,白,念白,蒋干,真乃是兵精粮足。,蒋干（白）真乃是兵精粮足。
pdf_01000000__01003002___acc415186d,群英会,pdf_01000000__01003002___acc415186d__line__000075,pdf_01000000__01003002___acc415186d__scene__001,01003002_群英会.pdf,D:\University_studies\Junior\data_visualization\experiment\final_self\opera_dataset\01000000\01003002_群英会.pdf,01000000/01003002_群英会.pdf,62507f36-aa22-4065-bb0f-f7de69f87e7c,1,【第一场】,75,dialogue,dialogue,周瑜,pdf_01000000__01003002___acc415186d__char__95719ec611,白,白,白,念白,周瑜,"子翼兄,想小弟自幼与兄同窗学艺之时,未曾望有今日耳。","周瑜（白）子翼兄,想小弟自幼与兄同窗学艺之时,未曾望有今日耳。"
pdf_01000000__01003002___acc415186d,群英会,pdf_01000000__01003002___acc415186d__line__000075,pdf_01000000__01003002___acc415186d__scene__001,01003002_群英会.pdf,D:\University_studies\Junior\data_visualization\experiment\final_self\opera_dataset\01000000\01003002_群英会.pdf,01000000/01003002_群英会.pdf,62507f36-aa22-4065-bb0f-f7de69f87e7c,1,【第一场】,75,dialogue,dialogue,蒋干,pdf_01000000__01003002___acc415186d__char__d7ced696d8,白,白,白,念白,蒋干,贤弟大才必有大用。,蒋干（白）贤弟大才必有大用。
pdf_01000000__01003002___acc415186d,群英会,pdf_01000000__01003002___acc415186d__line__000075,pdf_01000000__01003002___acc415186d__scene__001,01003002_群英会.pdf,D:\University_studies\Junior\data_visualization\experiment\final_self\opera_dataset\01000000\01003002_群英会.pdf,01000000/01003002_群英会.pdf,62507f36-aa22-4065-bb0f-f7de69f87e7c,1,【第一场】,75,dialogue,dialogue,周瑜,pdf_01000000__01003002___acc415186d__char__95719ec611,白,白,白,念白,周瑜,"哈哈吓,仁兄,想大丈夫出世要遇知己之际,外托君臣之义,内结骨肉之情,言听计从,祸福共之。假如苏秦、张仪、陆贾、郦生,口如悬河,舌似利刃,岂能同我此心哉?子翼兄,今日此宴,可称得群英会也!","周瑜（白）哈哈吓,仁兄,想大丈夫出世要遇知己之际,外托君臣之义,内结骨肉之情,言听计从,祸福共之。假如苏秦、张仪、陆贾、郦生,口如悬河,舌似利刃,岂能同我此心哉?子翼兄,今日此宴,可称得群英会也!"
pdf_01000000__01003002___acc415186d,群英会,pdf_01000000__01003002___acc415186d__line__000075,pdf_01000000__01003002___acc415186d__scene__001,01003002_群英会.pdf,D:\University_studies\Junior\data_visualization\experiment\final_self\opera_dataset\01000000\01003002_群英会.pdf,01000000/01003002_群英会.pdf,62507f36-aa22-4065-bb0f-f7de69f87e7c,1,【第一场】,75,dialogue,dialogue,蒋干,pdf_01000000__01003002___acc415186d__char__d7ced696d8,白,白,白,念白,蒋干,"群英会,妙得紧!","蒋干（白）群英会,妙得紧!"
pdf_01000000__01003002___acc415186d,群英会,pdf_01000000__01003002___acc415186d__line__000075,pdf_01000000__01003002___acc415186d__scene__001,01003002_群英会.pdf,D:\University_studies\Junior\data_visualization\experiment\final_self\opera_dataset\01000000\01003002_群英会.pdf,01000000/01003002_群英会.pdf,62507f36-aa22-4065-bb0f-f7de69f87e7c,1,【第一场】,75,dialogue,dialogue,蒋干,pdf_01000000__01003002___acc415186d__char__d7ced696d8,同笑,对白,同笑,笑,蒋干,哈哈......,蒋干（同笑）哈哈......
pdf_01000000__01003002___acc415186d,群英会,pdf_01000000__01003002___acc415186d__line__000075,pdf_01000000__01003002___acc415186d__scene__001,01003002_群英会.pdf,D:\University_studies\Junior\data_visualization\experiment\final_self\opera_dataset\01000000\01003002_群英会.pdf,01000000/01003002_群英会.pdf,62507f36-aa22-4065-bb0f-f7de69f87e7c,1,【第一场】,75,lyric,lyric,周瑜,pdf_01000000__01003002___acc415186d__char__95719ec611,西皮原板,唱,西皮原板,上；唱段,周瑜,"人生聚散实难料,今日相逢会故交。群英会上当酒饱,畅饮高歌在今宵。","周瑜（西皮原板）人生聚散实难料,今日相逢会故交。群英会上当酒饱,畅饮高歌在今宵。"
pdf_01000000__01003002___acc415186d,群英会,pdf_01000000__01003002___acc415186d__line__000075,pdf_01000000__01003002___acc415186d__scene__001,01003002_群英会.pdf,D:\University_studies\Junior\data_visualization\experiment\final_self\opera_dataset\01000000\01003002_群英会.pdf,01000000/01003002_群英会.pdf,62507f36-aa22-4065-bb0f-f7de69f87e7c,1,【第一场】,75,dialogue,dialogue,蒋干,pdf_01000000__01003002___acc415186d__char__d7ced696d8,白,白,白,念白,蒋干,"愚兄乃瓦沟之水,难比弟量如沧海,不能奉陪。","蒋干（白）愚兄乃瓦沟之水,难比弟量如沧海,不能奉陪。"
pdf_01000000__01003002___acc415186d,群英会,pdf_01000000__01003002___acc415186d__line__000075,pdf_01000000__01003002___acc415186d__scene__001,01003002_群英会.pdf,D:\University_studies\Junior\data_visualization\experiment\final_self\opera_dataset\01000000\01003002_群英会.pdf,01000000/01003002_群英会.pdf,62507f36-aa22-4065-bb0f-f7de69f87e7c,1,【第一场】,75,dialogue,dialogue,周瑜,pdf_01000000__01003002___acc415186d__char__95719ec611,白,白,白,念白,周瑜,"故友数载未会,哪有不醉之理。","周瑜（白）故友数载未会,哪有不醉之理。"
pdf_01000000__01003002___acc415186d,群英会,pdf_01000000__01003002___acc415186d__line__000075,pdf_01000000__01003002___acc415186d__scene__001,01003002_群英会.pdf,D:\University_studies\Junior\data_visualization\experiment\final_self\opera_dataset\01000000\01003002_群英会.pdf,01000000/01003002_群英会.pdf,62507f36-aa22-4065-bb0f-f7de69f87e7c,1,【第一场】,75,dialogue,dialogue,蒋干,pdf_01000000__01003002___acc415186d__char__d7ced696d8,白,白,白,念白,蒋干,如此三舷罢。,蒋干（白）如此三舷罢。
pdf_01000000__01003002___acc415186d,群英会,pdf_01000000__01003002___acc415186d__line__000075,pdf_01000000__01003002___acc415186d__scene__001,01003002_群英会.pdf,D:\University_studies\Junior\data_visualization\experiment\final_self\opera_dataset\01000000\01003002_群英会.pdf,01000000/01003002_群英会.pdf,62507f36-aa22-4065-bb0f-f7de69f87e7c,1,【第一场】,75,dialogue,dialogue,周瑜,pdf_01000000__01003002___acc415186d__char__95719ec611,白,白,白,念白,周瑜,"兄言三舷,小弟奉陪。","周瑜（白）兄言三舷,小弟奉陪。"
pdf_01000000__01003002___acc415186d,群英会,pdf_01000000__01003002___acc415186d__line__000075,pdf_01000000__01003002___acc415186d__scene__001,01003002_群英会.pdf,D:\University_studies\Junior\data_visualization\experiment\final_self\opera_dataset\01000000\01003002_群英会.pdf,01000000/01003002_群英会.pdf,62507f36-aa22-4065-bb0f-f7de69f87e7c,1,【第一场】,75,dialogue,dialogue,蒋干,pdf_01000000__01003002___acc415186d__char__d7ced696d8,白,白,白,念白,蒋干,白酒有些性暴。,蒋干（白）白酒有些性暴。
pdf_01000000__01003002___acc415186d,群英会,pdf_01000000__01003002___acc415186d__line__000075,pdf_01000000__01003002___acc415186d__scene__001,01003002_群英会.pdf,D:\University_studies\Junior\data_visualization\experiment\final_self\opera_dataset\01000000\01003002_群英会.pdf,01000000/01003002_群英会.pdf,62507f36-aa22-4065-bb0f-f7de69f87e7c,1,【第一场】,75,lyric,lyric,周瑜,pdf_01000000__01003002___acc415186d__char__95719ec611,西皮摇板,唱,西皮摇板,唱段,周瑜,"暴酒难逃三江口,","周瑜（西皮摇板）暴酒难逃三江口,"
pdf_01000000__01003002___acc415186d,群英会,pdf_01000000__01003002___acc415186d__line__000075,pdf_01000000__01003002___acc415186d__scene__001,01003002_群英会.pdf,D:\University_studies\Junior\data_visualization\experiment\final_self\opera_dataset\01000000\01003002_群英会.pdf,01000000/01003002_群英会.pdf,62507f36-aa22-4065-bb0f-f7de69f87e7c,1,【第一场】,75,dialogue,dialogue,蒋干,pdf_01000000__01003002___acc415186d__char__d7ced696d8,白,白,白,下；念白,蒋干,"顺流而下醉得快,吓。","蒋干（白）顺流而下醉得快,吓。"
pdf_01000000__01003002___acc415186d,群英会,pdf_01000000__01003002___acc415186d__line__000075,pdf_01000000__01003002___acc415186d__scene__001,01003002_群英会.pdf,D:\University_studies\Junior\data_visualization\experiment\final_self\opera_dataset\01000000\01003002_群英会.pdf,01000000/01003002_群英会.pdf,62507f36-aa22-4065-bb0f-f7de69f87e7c,1,【第一场】,75,lyric,lyric,周瑜,pdf_01000000__01003002___acc415186d__char__95719ec611,西皮摇板,唱,西皮摇板,下；唱段,周瑜,顺流而下东海飘。,周瑜（西皮摇板）顺流而下东海飘。
pdf_01000000__01003002___acc415186d,群英会,pdf_01000000__01003002___acc415186d__line__000075,pdf_01000000__01003002___acc415186d__scene__001,01003002_群英会.pdf,D:\University_studies\Junior\data_visualization\experiment\final_self\opera_dataset\01000000\01003002_群英会.pdf,01000000/01003002_群英会.pdf,62507f36-aa22-4065-bb0f-f7de69f87e7c,1,【第一场】,75,dialogue,dialogue,蒋干,pdf_01000000__01003002___acc415186d__char__d7ced696d8,白,白,白,念白,蒋干,贤弟怎么样了?,蒋干（白）贤弟怎么样了?
pdf_01000000__01003002___acc415186d,群英会,pdf_01000000__01003002___acc415186d__line__000075,pdf_01000000__01003002___acc415186d__scene__001,01003002_群英会.pdf,D:\University_studies\Junior\data_visualization\experiment\final_self\opera_dataset\01000000\01003002_群英会.pdf,01000000/01003002_群英会.pdf,62507f36-aa22-4065-bb0f-f7de69f87e7c,1,【第一场】,75,dialogue,dialogue,周瑜,pdf_01000000__01003002___acc415186d__char__95719ec611,白,白,白,念白,周瑜,小弟醉了。,周瑜（白）小弟醉了。
pdf_01000000__01003002___acc415186d,群英会,pdf_01000000__01003002___acc415186d__line__000075,pdf_01000000__01003002___acc415186d__scene__001,01003002_群英会.pdf,D:\University_studies\Junior\data_visualization\experiment\final_self\opera_dataset\01000000\01003002_群英会.pdf,01000000/01003002_群英会.pdf,62507f36-aa22-4065-bb0f-f7de69f87e7c,1,【第一场】,75,dialogue,dialogue,蒋干,pdf_01000000__01003002___acc415186d__char__d7ced696d8,白,白,白,念白,蒋干,兄亦醉了。,蒋干（白）兄亦醉了。
pdf_01000000__01003002___acc415186d,群英会,pdf_01000000__01003002___acc415186d__line__000075,pdf_01000000__01003002___acc415186d__scene__001,01003002_群英会.pdf,D:\University_studies\Junior\data_visualization\experiment\final_self\opera_dataset\01000000\01003002_群英会.pdf,01000000/01003002_群英会.pdf,62507f36-aa22-4065-bb0f-f7de69f87e7c,1,【第一场】,75,dialogue,dialogue,周瑜,pdf_01000000__01003002___acc415186d__char__95719ec611,白,白,白,念白,周瑜,"久未与仁兄同榻,今日必须抵足而眠。","周瑜（白）久未与仁兄同榻,今日必须抵足而眠。"
pdf_01000000__01003002___acc415186d,群英会,pdf_01000000__01003002___acc415186d__line__000077,pdf_01000000__01003002___acc415186d__scene__001,01003002_群英会.pdf,D:\University_studies\Junior\data_visualization\experiment\final_self\opera_dataset\01000000\01003002_群英会.pdf,01000000/01003002_群英会.pdf,62507f36-aa22-4065-bb0f-f7de69f87e7c,1,【第一场】,77,stage_direction,stage_direction,,,白龙套甲扶蒋干同下。,做,白龙套甲扶蒋干同下。,下；扶,龙套；蒋干,,（白龙套甲扶蒋干同下。）
pdf_01000000__01003002___acc415186d,群英会,pdf_01000000__01003002___acc415186d__line__000079,pdf_01000000__01003002___acc415186d__scene__001,01003002_群英会.pdf,D:\University_studies\Junior\data_visualization\experiment\final_self\opera_dataset\01000000\01003002_群英会.pdf,01000000/01003002_群英会.pdf,62507f36-aa22-4065-bb0f-f7de69f87e7c,1,【第一场】,79,dialogue,dialogue,太史慈,pdf_01000000__01003002___acc415186d__char__2ec399a6fa,白,白,白,令；念白,太史慈,交令。,太史慈（白）交令。
pdf_01000000__01003002___acc415186d,群英会,pdf_01000000__01003002___acc415186d__line__000079,pdf_01000000__01003002___acc415186d__scene__001,01003002_群英会.pdf,D:\University_studies\Junior\data_visualization\experiment\final_self\opera_dataset\01000000\01003002_群英会.pdf,01000000/01003002_群英会.pdf,62507f36-aa22-4065-bb0f-f7de69f87e7c,1,【第一场】,79,dialogue,dialogue,周瑜,pdf_01000000__01003002___acc415186d__char__95719ec611,白,白,白,令；念白,周瑜；黄盖,黄盖听令。,周瑜（白）黄盖听令。
pdf_01000000__01003002___acc415186d,群英会,pdf_01000000__01003002___acc415186d__line__000079,pdf_01000000__01003002___acc415186d__scene__001,01003002_群英会.pdf,D:\University_studies\Junior\data_visualization\experiment\final_self\opera_dataset\01000000\01003002_群英会.pdf,01000000/01003002_群英会.pdf,62507f36-aa22-4065-bb0f-f7de69f87e7c,1,【第一场】,79,dialogue,dialogue,黄盖,pdf_01000000__01003002___acc415186d__char__31774bed7f,白,白,白,念白,黄盖,在。,黄盖（白）在。
pdf_01000000__01003002___acc415186d,群英会,pdf_01000000__01003002___acc415186d__line__000079,pdf_01000000__01003002___acc415186d__scene__001,01003002_群英会.pdf,D:\University_studies\Junior\data_visualization\experiment\final_self\opera_dataset\01000000\01003002_群英会.pdf,01000000/01003002_群英会.pdf,62507f36-aa22-4065-bb0f-f7de69f87e7c,1,【第一场】,79,dialogue,dialogue,周瑜,pdf_01000000__01003002___acc415186d__char__95719ec611,白,白,白,报；命；念白,周瑜,"命你三更时分,即报军情。","周瑜（白）命你三更时分,即报军情。"
pdf_01000000__01003002___acc415186d,群英会,pdf_01000000__01003002___acc415186d__line__000079,pdf_01000000__01003002___acc415186d__scene__001,01003002_群英会.pdf,D:\University_studies\Junior\data_visualization\experiment\final_self\opera_dataset\01000000\01003002_群英会.pdf,01000000/01003002_群英会.pdf,62507f36-aa22-4065-bb0f-f7de69f87e7c,1,【第一场】,79,dialogue,dialogue,黄盖,pdf_01000000__01003002___acc415186d__char__31774bed7f,白,白,白,报；念白,黄盖,报什么?,黄盖（白）报什么?
pdf_01000000__01003002___acc415186d,群英会,pdf_01000000__01003002___acc415186d__line__000079,pdf_01000000__01003002___acc415186d__scene__001,01003002_群英会.pdf,D:\University_studies\Junior\data_visualization\experiment\final_self\opera_dataset\01000000\01003002_群英会.pdf,01000000/01003002_群英会.pdf,62507f36-aa22-4065-bb0f-f7de69f87e7c,1,【第一场】,79,dialogue,dialogue,周瑜,pdf_01000000__01003002___acc415186d__char__95719ec611,白,白,白,上；来；念白,周瑜,附耳上来。,周瑜（白）附耳上来。
pdf_01000000__01003002___acc415186d,群英会,pdf_01000000__01003002___acc415186d__line__000079,pdf_01000000__01003002___acc415186d__scene__001,01003002_群英会.pdf,D:\University_studies\Junior\data_visualization\experiment\final_self\opera_dataset\01000000\01003002_群英会.pdf,01000000/01003002_群英会.pdf,62507f36-aa22-4065-bb0f-f7de69f87e7c,1,【第一场】,79,dialogue,dialogue,黄盖,pdf_01000000__01003002___acc415186d__char__31774bed7f,白,白,白,令；念白,黄盖,得令。,黄盖（白）得令。
pdf_01000000__01003002___acc415186d,群英会,pdf_01000000__01003002___acc415186d__line__000079,pdf_01000000__01003002___acc415186d__scene__001,01003002_群英会.pdf,D:\University_studies\Junior\data_visualization\experiment\final_self\opera_dataset\01000000\01003002_群英会.pdf,01000000/01003002_群英会.pdf,62507f36-aa22-4065-bb0f-f7de69f87e7c,1,【第一场】,79,dialogue,dialogue,周瑜,pdf_01000000__01003002___acc415186d__char__95719ec611,白,白,白,令；念白,周瑜；甘宁,甘宁听令。,周瑜（白）甘宁听令。
pdf_01000000__01003002___acc415186d,群英会,pdf_01000000__01003002___acc415186d__line__000079,pdf_01000000__01003002___acc415186d__scene__001,01003002_群英会.pdf,D:\University_studies\Junior\data_visualization\experiment\final_self\opera_dataset\01000000\01003002_群英会.pdf,01000000/01003002_群英会.pdf,62507f36-aa22-4065-bb0f-f7de69f87e7c,1,【第一场】,79,dialogue,dialogue,甘宁,pdf_01000000__01003002___acc415186d__char__98ac70aa97,白,白,白,念白,甘宁,在。,甘宁（白）在。
pdf_01000000__01003002___acc415186d,群英会,pdf_01000000__01003002___acc415186d__line__000079,pdf_01000000__01003002___acc415186d__scene__001,01003002_群英会.pdf,D:\University_studies\Junior\data_visualization\experiment\final_self\opera_dataset\01000000\01003002_群英会.pdf,01000000/01003002_群英会.pdf,62507f36-aa22-4065-bb0f-f7de69f87e7c,1,【第一场】,79,dialogue,dialogue,周瑜,pdf_01000000__01003002___acc415186d__char__95719ec611,白,白,白,命；念白,周瑜,"今晚命你巡营,各营不许落锁。","周瑜（白）今晚命你巡营,各营不许落锁。"
pdf_01000000__01003002___acc415186d,群英会,pdf_01000000__01003002___acc415186d__line__000079,pdf_01000000__01003002___acc415186d__scene__001,01003002_群英会.pdf,D:\University_studies\Junior\data_visualization\experiment\final_self\opera_dataset\01000000\01003002_群英会.pdf,01000000/01003002_群英会.pdf,62507f36-aa22-4065-bb0f-f7de69f87e7c,1,【第一场】,79,dialogue,dialogue,甘宁,pdf_01000000__01003002___acc415186d__char__98ac70aa97,白,白,白,令；念白,甘宁,得令。,甘宁（白）得令。
pdf_01000000__01003002___acc415186d,群英会,pdf_01000000__01003002___acc415186d__line__000079,pdf_01000000__01003002___acc415186d__scene__001,01003002_群英会.pdf,D:\University_studies\Junior\data_visualization\experiment\final_self\opera_dataset\01000000\01003002_群英会.pdf,01000000/01003002_群英会.pdf,62507f36-aa22-4065-bb0f-f7de69f87e7c,1,【第一场】,79,dialogue,dialogue,周瑜,pdf_01000000__01003002___acc415186d__char__95719ec611,白,白,白,走；拦；念白,周瑜；蒋干,"众将官,蒋干若是逃走,尔等不许阻拦。","周瑜（白）众将官,蒋干若是逃走,尔等不许阻拦。"
pdf_01000000__01003002___acc415186d,群英会,pdf_01000000__01003002___acc415186d__line__000079,pdf_01000000__01003002___acc415186d__scene__001,01003002_群英会.pdf,D:\University_studies\Junior\data_visualization\experiment\final_self\opera_dataset\01000000\01003002_群英会.pdf,01000000/01003002_群英会.pdf,62507f36-aa22-4065-bb0f-f7de69f87e7c,1,【第一场】,79,dialogue,dialogue,众人,pdf_01000000__01003002___acc415186d__char__017dbd0630,同白,白,同白,令；念白,众人,得令。,众人（同白）得令。
pdf_01000000__01003002___acc415186d,群英会,pdf_01000000__01003002___acc415186d__line__000079,pdf_01000000__01003002___acc415186d__scene__001,01003002_群英会.pdf,D:\University_studies\Junior\data_visualization\experiment\final_self\opera_dataset\01000000\01003002_群英会.pdf,01000000/01003002_群英会.pdf,62507f36-aa22-4065-bb0f-f7de69f87e7c,1,【第一场】,79,dialogue,dialogue,周瑜,pdf_01000000__01003002___acc415186d__char__95719ec611,白,白,白,念白,周瑜,掩门。,周瑜（白）掩门。
pdf_01000000__01003002___acc415186d,群英会,pdf_01000000__01003002___acc415186d__line__000085,pdf_01000000__01003002___acc415186d__scene__002,01003002_群英会.pdf,D:\University_studies\Junior\data_visualization\experiment\final_self\opera_dataset\01000000\01003002_群英会.pdf,01000000/01003002_群英会.pdf,62507f36-aa22-4065-bb0f-f7de69f87e7c,2,【第二场】,85,dialogue,dialogue,周瑜,pdf_01000000__01003002___acc415186d__char__95719ec611,白,白,白,念白,周瑜,何事?,周瑜（白）何事?
pdf_01000000__01003002___acc415186d,群英会,pdf_01000000__01003002___acc415186d__line__000085,pdf_01000000__01003002___acc415186d__scene__002,01003002_群英会.pdf,D:\University_studies\Junior\data_visualization\experiment\final_self\opera_dataset\01000000\01003002_群英会.pdf,01000000/01003002_群英会.pdf,62507f36-aa22-4065-bb0f-f7de69f87e7c,2,【第二场】,85,dialogue,dialogue,黄盖,pdf_01000000__01003002___acc415186d__char__31774bed7f,白,白,白,念白,黄盖,今有蔡......,黄盖（白）今有蔡......
pdf_01000000__01003002___acc415186d,群英会,pdf_01000000__01003002___acc415186d__line__000085,pdf_01000000__01003002___acc415186d__scene__002,01003002_群英会.pdf,D:\University_studies\Junior\data_visualization\experiment\final_self\opera_dataset\01000000\01003002_群英会.pdf,01000000/01003002_群英会.pdf,62507f36-aa22-4065-bb0f-f7de69f87e7c,2,【第二场】,85,dialogue,dialogue,周瑜,pdf_01000000__01003002___acc415186d__char__95719ec611,白,白,白,念白,周瑜,"噤声!子翼,仁兄。睡着了。“蔡”什么?","周瑜（白）噤声!子翼,仁兄。睡着了。“蔡”什么?"
pdf_01000000__01003002___acc415186d,群英会,pdf_01000000__01003002___acc415186d__line__000085,pdf_01000000__01003002___acc415186d__scene__002,01003002_群英会.pdf,D:\University_studies\Junior\data_visualization\experiment\final_self\opera_dataset\01000000\01003002_群英会.pdf,01000000/01003002_群英会.pdf,62507f36-aa22-4065-bb0f-f7de69f87e7c,2,【第二场】,85,dialogue,dialogue,黄盖,pdf_01000000__01003002___acc415186d__char__31774bed7f,白,白,白,来；念白,蔡瑁；张允；黄盖；曹操,"今有蔡瑁、张允,有书到来,不用七日只用三天,定取曹操首级来见。","黄盖（白）今有蔡瑁、张允,有书到来,不用七日只用三天,定取曹操首级来见。"
pdf_01000000__01003002___acc415186d,群英会,pdf_01000000__01003002___acc415186d__line__000085,pdf_01000000__01003002___acc415186d__scene__002,01003002_群英会.pdf,D:\University_studies\Junior\data_visualization\experiment\final_self\opera_dataset\01000000\01003002_群英会.pdf,01000000/01003002_群英会.pdf,62507f36-aa22-4065-bb0f-f7de69f87e7c,2,【第二场】,85,dialogue,dialogue,周瑜,pdf_01000000__01003002___acc415186d__char__95719ec611,白,白,白,下；退；念白,周瑜,"哇!幸喜蒋先生睡着,若是听见,本都督大事难成。你行军多年,还是这等粗鲁,与我退下。","周瑜（白）哇!幸喜蒋先生睡着,若是听见,本都督大事难成。你行军多年,还是这等粗鲁,与我退下。"
pdf_01000000__01003002___acc415186d,群英会,pdf_01000000__01003002___acc415186d__line__000085,pdf_01000000__01003002___acc415186d__scene__002,01003002_群英会.pdf,D:\University_studies\Junior\data_visualization\experiment\final_self\opera_dataset\01000000\01003002_群英会.pdf,01000000/01003002_群英会.pdf,62507f36-aa22-4065-bb0f-f7de69f87e7c,2,【第二场】,85,dialogue,dialogue,周瑜,pdf_01000000__01003002___acc415186d__char__95719ec611,白,白,白,来；看；念白,周瑜；曹操,"仁兄,你看我七日之内,定取曹操首级来见。","周瑜（白）仁兄,你看我七日之内,定取曹操首级来见。"
pdf_01000000__01003002___acc415186d,群英会,pdf_01000000__01003002___acc415186d__line__000085,pdf_01000000__01003002___acc415186d__scene__002,01003002_群英会.pdf,D:\University_studies\Junior\data_visualization\experiment\final_self\opera_dataset\01000000\01003002_群英会.pdf,01000000/01003002_群英会.pdf,62507f36-aa22-4065-bb0f-f7de69f87e7c,2,【第二场】,85,dialogue,dialogue,蒋干,pdf_01000000__01003002___acc415186d__char__d7ced696d8,白,白,白,念白,蒋干,怎样的取法?,蒋干（白）怎样的取法?
pdf_01000000__01003002___acc415186d,群英会,pdf_01000000__01003002___acc415186d__line__000085,pdf_01000000__01003002___acc415186d__scene__002,01003002_群英会.pdf,D:\University_studies\Junior\data_visualization\experiment\final_self\opera_dataset\01000000\01003002_群英会.pdf,01000000/01003002_群英会.pdf,62507f36-aa22-4065-bb0f-f7de69f87e7c,2,【第二场】,85,dialogue,dialogue,周瑜,pdf_01000000__01003002___acc415186d__char__95719ec611,白,白,白,念白,周瑜,我自有妙计。,周瑜（白）我自有妙计。
pdf_01000000__01003002___acc415186d,群英会,pdf_01000000__01003002___acc415186d__line__000085,pdf_01000000__01003002___acc415186d__scene__002,01003002_群英会.pdf,D:\University_studies\Junior\data_visualization\experiment\final_self\opera_dataset\01000000\01003002_群英会.pdf,01000000/01003002_群英会.pdf,62507f36-aa22-4065-bb0f-f7de69f87e7c,2,【第二场】,85,dialogue,dialogue,蒋干,pdf_01000000__01003002___acc415186d__char__d7ced696d8,白,白,白,念白,蒋干,难吓!,蒋干（白）难吓!
pdf_01000000__01003002___acc415186d,群英会,pdf_01000000__01003002___acc415186d__line__000085,pdf_01000000__01003002___acc415186d__scene__002,01003002_群英会.pdf,D:\University_studies\Junior\data_visualization\experiment\final_self\opera_dataset\01000000\01003002_群英会.pdf,01000000/01003002_群英会.pdf,62507f36-aa22-4065-bb0f-f7de69f87e7c,2,【第二场】,85,dialogue,dialogue,周瑜,pdf_01000000__01003002___acc415186d__char__95719ec611,白,白,白,念白,周瑜,不难!,周瑜（白）不难!
pdf_01000000__01003002___acc415186d,群英会,pdf_01000000__01003002___acc415186d__line__000085,pdf_01000000__01003002___acc415186d__scene__002,01003002_群英会.pdf,D:\University_studies\Junior\data_visualization\experiment\final_self\opera_dataset\01000000\01003002_群英会.pdf,01000000/01003002_群英会.pdf,62507f36-aa22-4065-bb0f-f7de69f87e7c,2,【第二场】,85,dialogue,dialogue,蒋干,pdf_01000000__01003002___acc415186d__char__d7ced696d8,白,白,白,打；念白,蒋干,"哎吓!谯楼鼓打四更,倘五更天明,不当稳便。趁此机会,逃过江东罢。","蒋干（白）哎吓!谯楼鼓打四更,倘五更天明,不当稳便。趁此机会,逃过江东罢。"
pdf_01000000__01003002___acc415186d,群英会,pdf_01000000__01003002___acc415186d__line__000085,pdf_01000000__01003002___acc415186d__scene__002,01003002_群英会.pdf,D:\University_studies\Junior\data_visualization\experiment\final_self\opera_dataset\01000000\01003002_群英会.pdf,01000000/01003002_群英会.pdf,62507f36-aa22-4065-bb0f-f7de69f87e7c,2,【第二场】,85,lyric,lyric,蒋干,pdf_01000000__01003002___acc415186d__char__d7ced696d8,西皮摇板,唱,西皮摇板,道；唱段,蒋干,倘若是他知道岂肯放我?恨不得插双翅飞过江河。,蒋干（西皮摇板）倘若是他知道岂肯放我?恨不得插双翅飞过江河。
pdf_01000000__01003002___acc415186d,群英会,pdf_01000000__01003002___acc415186d__line__000085,pdf_01000000__01003002___acc415186d__scene__002,01003002_群英会.pdf,D:\University_studies\Junior\data_visualization\experiment\final_self\opera_dataset\01000000\01003002_群英会.pdf,01000000/01003002_群英会.pdf,62507f36-aa22-4065-bb0f-f7de69f87e7c,2,【第二场】,85,dialogue,dialogue,鲁肃,pdf_01000000__01003002___acc415186d__char__d1e3ecb867,白,白,白,请；念白,鲁肃,蒋先生请了。,鲁肃（白）蒋先生请了。
pdf_01000000__01003002___acc415186d,群英会,pdf_01000000__01003002___acc415186d__line__000085,pdf_01000000__01003002___acc415186d__scene__002,01003002_群英会.pdf,D:\University_studies\Junior\data_visualization\experiment\final_self\opera_dataset\01000000\01003002_群英会.pdf,01000000/01003002_群英会.pdf,62507f36-aa22-4065-bb0f-f7de69f87e7c,2,【第二场】,85,dialogue,dialogue,蒋干,pdf_01000000__01003002___acc415186d__char__d7ced696d8,白,白,白,请；念白,蒋干,大夫请了。,蒋干（白）大夫请了。
pdf_01000000__01003002___acc415186d,群英会,pdf_01000000__01003002___acc415186d__line__000085,pdf_01000000__01003002___acc415186d__scene__002,01003002_群英会.pdf,D:\University_studies\Junior\data_visualization\experiment\final_self\opera_dataset\01000000\01003002_群英会.pdf,01000000/01003002_群英会.pdf,62507f36-aa22-4065-bb0f-f7de69f87e7c,2,【第二场】,85,dialogue,dialogue,鲁肃,pdf_01000000__01003002___acc415186d__char__d1e3ecb867,白,白,白,来；念白,鲁肃,"吓,都督醒来。","鲁肃（白）吓,都督醒来。"
pdf_01000000__01003002___acc415186d,群英会,pdf_01000000__01003002___acc415186d__line__000085,pdf_01000000__01003002___acc415186d__scene__002,01003002_群英会.pdf,D:\University_studies\Junior\data_visualization\experiment\final_self\opera_dataset\01000000\01003002_群英会.pdf,01000000/01003002_群英会.pdf,62507f36-aa22-4065-bb0f-f7de69f87e7c,2,【第二场】,85,dialogue,dialogue,周瑜,pdf_01000000__01003002___acc415186d__char__95719ec611,白,白,白,念白,周瑜,何事?,周瑜（白）何事?
pdf_01000000__01003002___acc415186d,群英会,pdf_01000000__01003002___acc415186d__line__000085,pdf_01000000__01003002___acc415186d__scene__002,01003002_群英会.pdf,D:\University_studies\Junior\data_visualization\experiment\final_self\opera_dataset\01000000\01003002_群英会.pdf,01000000/01003002_群英会.pdf,62507f36-aa22-4065-bb0f-f7de69f87e7c,2,【第二场】,85,dialogue,dialogue,鲁肃,pdf_01000000__01003002___acc415186d__char__d1e3ecb867,白,白,白,走；念白,鲁肃；蒋干,蒋干逃走了。,鲁肃（白）蒋干逃走了。
pdf_01000000__01003002___acc415186d,群英会,pdf_01000000__01003002___acc415186d__line__000085,pdf_01000000__01003002___acc415186d__scene__002,01003002_群英会.pdf,D:\University_studies\Junior\data_visualization\experiment\final_self\opera_dataset\01000000\01003002_群英会.pdf,01000000/01003002_群英会.pdf,62507f36-aa22-4065-bb0f-f7de69f87e7c,2,【第二场】,85,dialogue,dialogue,周瑜,pdf_01000000__01003002___acc415186d__char__95719ec611,白,白,白,念白,周瑜,书信呢?,周瑜（白）书信呢?
pdf_01000000__01003002___acc415186d,群英会,pdf_01000000__01003002___acc415186d__line__000085,pdf_01000000__01003002___acc415186d__scene__002,01003002_群英会.pdf,D:\University_studies\Junior\data_visualization\experiment\final_self\opera_dataset\01000000\01003002_群英会.pdf,01000000/01003002_群英会.pdf,62507f36-aa22-4065-bb0f-f7de69f87e7c,2,【第二场】,85,dialogue,dialogue,鲁肃,pdf_01000000__01003002___acc415186d__char__d1e3ecb867,白,白,白,去；念白,鲁肃,他盗去了。,鲁肃（白）他盗去了。
pdf_01000000__01003002___acc415186d,群英会,pdf_01000000__01003002___acc415186d__line__000085,pdf_01000000__01003002___acc415186d__scene__002,01003002_群英会.pdf,D:\University_studies\Junior\data_visualization\experiment\final_self\opera_dataset\01000000\01003002_群英会.pdf,01000000/01003002_群英会.pdf,62507f36-aa22-4065-bb0f-f7de69f87e7c,2,【第二场】,85,dialogue,dialogue,周瑜,pdf_01000000__01003002___acc415186d__char__95719ec611,白,白,白,念白,周瑜,"吓,哈哈......","周瑜（白）吓,哈哈......"
pdf_01000000__01003002___acc415186d,群英会,pdf_01000000__01003002___acc415186d__line__000085,pdf_01000000__01003002___acc415186d__scene__002,01003002_群英会.pdf,D:\University_studies\Junior\data_visualization\experiment\final_self\opera_dataset\01000000\01003002_群英会.pdf,01000000/01003002_群英会.pdf,62507f36-aa22-4065-bb0f-f7de69f87e7c,2,【第二场】,85,lyric,lyric,鲁肃,pdf_01000000__01003002___acc415186d__char__d1e3ecb867,西皮摇板,唱,西皮摇板,唱段,鲁肃,周都督用计谋神鬼不觉。,鲁肃（西皮摇板）周都督用计谋神鬼不觉。
pdf_01000000__01003002___acc415186d,群英会,pdf_01000000__01003002___acc415186d__line__000085,pdf_01000000__01003002___acc415186d__scene__002,01003002_群英会.pdf,D:\University_studies\Junior\data_visualization\experiment\final_self\opera_dataset\01000000\01003002_群英会.pdf,01000000/01003002_群英会.pdf,62507f36-aa22-4065-bb0f-f7de69f87e7c,2,【第二场】,85,lyric,lyric,周瑜,pdf_01000000__01003002___acc415186d__char__95719ec611,西皮摇板,唱,西皮摇板,下；唱段,周瑜,"这件事天下人我都瞒过,","周瑜（西皮摇板）这件事天下人我都瞒过,"
pdf_01000000__01003002___acc415186d,群英会,pdf_01000000__01003002___acc415186d__line__000085,pdf_01000000__01003002___acc415186d__scene__002,01003002_群英会.pdf,D:\University_studies\Junior\data_visualization\experiment\final_self\opera_dataset\01000000\01003002_群英会.pdf,01000000/01003002_群英会.pdf,62507f36-aa22-4065-bb0f-f7de69f87e7c,2,【第二场】,85,lyric,lyric,鲁肃,pdf_01000000__01003002___acc415186d__char__d1e3ecb867,西皮摇板,唱,西皮摇板,唱段,鲁肃,怕只怕瞒不过南阳诸葛。,鲁肃（西皮摇板）怕只怕瞒不过南阳诸葛。
pdf_01000000__01003002___acc415186d,群英会,pdf_01000000__01003002___acc415186d__line__000089,pdf_01000000__01003002___acc415186d__scene__003,01003002_群英会.pdf,D:\University_studies\Junior\data_visualization\experiment\final_self\opera_dataset\01000000\01003002_群英会.pdf,01000000/01003002_群英会.pdf,62507f36-aa22-4065-bb0f-f7de69f87e7c,3,【第三场】,89,lyric,lyric,曹操,pdf_01000000__01003002___acc415186d__char__80042e74d8,西皮摇板,唱,西皮摇板,杀；唱段,曹操,"每日里饮琼浆醺醺大醉,我心中想不起一条计策。自造起铜雀台缺少二美,扫东吴杀刘备天意不遂。","曹操（西皮摇板）每日里饮琼浆醺醺大醉,我心中想不起一条计策。自造起铜雀台缺少二美,扫东吴杀刘备天意不遂。"
pdf_01000000__01003002___acc415186d,群英会,pdf_01000000__01003002___acc415186d__line__000089,pdf_01000000__01003002___acc415186d__scene__003,01003002_群英会.pdf,D:\University_studies\Junior\data_visualization\experiment\final_self\opera_dataset\01000000\01003002_群英会.pdf,01000000/01003002_群英会.pdf,62507f36-aa22-4065-bb0f-f7de69f87e7c,3,【第三场】,89,lyric,lyric,蒋干,pdf_01000000__01003002___acc415186d__char__d7ced696d8,西皮摇板,唱,西皮摇板,进；去；唱段,蒋干,"在东吴得书信喜之不美,进帐去见丞相独占高魁。","蒋干（西皮摇板）在东吴得书信喜之不美,进帐去见丞相独占高魁。"
pdf_01000000__01003002___acc415186d,群英会,pdf_01000000__01003002___acc415186d__line__000089,pdf_01000000__01003002___acc415186d__scene__003,01003002_群英会.pdf,D:\University_studies\Junior\data_visualization\experiment\final_self\opera_dataset\01000000\01003002_群英会.pdf,01000000/01003002_群英会.pdf,62507f36-aa22-4065-bb0f-f7de69f87e7c,3,【第三场】,89,dialogue,dialogue,曹操,pdf_01000000__01003002___acc415186d__char__80042e74d8,白,白,白,来；念白,曹操,子翼回来了。,曹操（白）子翼回来了。
pdf_01000000__01003002___acc415186d,群英会,pdf_01000000__01003002___acc415186d__line__000089,pdf_01000000__01003002___acc415186d__scene__003,01003002_群英会.pdf,D:\University_studies\Junior\data_visualization\experiment\final_self\opera_dataset\01000000\01003002_群英会.pdf,01000000/01003002_群英会.pdf,62507f36-aa22-4065-bb0f-f7de69f87e7c,3,【第三场】,89,dialogue,dialogue,蒋干,pdf_01000000__01003002___acc415186d__char__d7ced696d8,白,白,白,来；念白,蒋干,回来了。,蒋干（白）回来了。
pdf_01000000__01003002___acc415186d,群英会,pdf_01000000__01003002___acc415186d__line__000089,pdf_01000000__01003002___acc415186d__scene__003,01003002_群英会.pdf,D:\University_studies\Junior\data_visualization\experiment\final_self\opera_dataset\01000000\01003002_群英会.pdf,01000000/01003002_群英会.pdf,62507f36-aa22-4065-bb0f-f7de69f87e7c,3,【第三场】,89,dialogue,dialogue,曹操,pdf_01000000__01003002___acc415186d__char__80042e74d8,白,白,白,念白,曹操,周郎降意如何?,曹操（白）周郎降意如何?
pdf_01000000__01003002___acc415186d,群英会,pdf_01000000__01003002___acc415186d__line__000089,pdf_01000000__01003002___acc415186d__scene__003,01003002_群英会.pdf,D:\University_studies\Junior\data_visualization\experiment\final_self\opera_dataset\01000000\01003002_群英会.pdf,01000000/01003002_群英会.pdf,62507f36-aa22-4065-bb0f-f7de69f87e7c,3,【第三场】,89,dialogue,dialogue,蒋干,pdf_01000000__01003002___acc415186d__char__d7ced696d8,白,白,白,来；念白,蒋干,"周郎执意不降,得来一桩机密大事。","蒋干（白）周郎执意不降,得来一桩机密大事。"
pdf_01000000__01003002___acc415186d,群英会,pdf_01000000__01003002___acc415186d__line__000091,pdf_01000000__01003002___acc415186d__scene__003,01003002_群英会.pdf,D:\University_studies\Junior\data_visualization\experiment\final_self\opera_dataset\01000000\01003002_群英会.pdf,01000000/01003002_群英会.pdf,62507f36-aa22-4065-bb0f-f7de69f87e7c,3,【第三场】,91,narration,narration,,,,说明,,上；下,众人；蔡瑁；张允；龙套；曹操；蒋干,"<table><tr><td>曹操(白)蒋干(白)曹操(白)(四红龙套同下。)蒋干(白)曹操(白)(众手下同上,同喝。)曹操(白)众人(同白)(蔡瑁、张允同上。)蔡瑁、张允(同白)曹操(白)蔡瑁、张允(同白)曹操(白)蔡瑁、张允(同白)曹操(白)蔡瑁、张允(同白)曹操(白)蔡瑁、张允(同白)曹操(白)蔡瑁、张允(同白)曹操(白)蔡瑁、张允(同白)曹操(白)蔡瑁、张允(同白)曹操(白)蔡瑁、张允(同自救救救救救救救救救救救救救救救救救救救救救救救救救救救救救救救救救救救救救救救救救救救救救救救救救救救救救救救救救救救救救救救救救救救救救救救救救救救救救救救救救救救救救救救救救救救救救救救救救救救救</td><td></td></tr></table>","<table><tr><td>曹操(白)蒋干(白)曹操(白)(四红龙套同下。)蒋干(白)曹操(白)(众手下同上,同喝。)曹操(白)众人(同白)(蔡瑁、张允同上。)蔡瑁、张允(同白)曹操(白)蔡瑁、张允(同白)曹操(白)蔡瑁、张允(同白)曹操(白)蔡瑁、张允(同白)曹操(白)蔡瑁、张允(同白)曹操(白)蔡瑁、张允(同白)曹操(白)蔡瑁、张允(同白)曹操(白)蔡瑁、张允(同白)曹操(白)蔡瑁、张允(同自救救救救救救救救救救救救救救救救救救救救救救救救救救救救救救救救救救救救救救救救救救救救救救救救救救救救救救救救救救救救救救救救救救救救救救救救救救救救救救救救救救救救救救救救救救救救救救救救救救救救</td><td></td></tr></table>"
pdf_01000000__01003002___acc415186d,群英会,pdf_01000000__01003002___acc415186d__line__000093,pdf_01000000__01003002___acc415186d__scene__003,01003002_群英会.pdf,D:\University_studies\Junior\data_visualization\experiment\final_self\opera_dataset\01000000\01003002_群英会.pdf,01000000/01003002_群英会.pdf,62507f36-aa22-4065-bb0f-f7de69f87e7c,3,【第三场】,93,lyric,lyric,蒋干,pdf_01000000__01003002___acc415186d__char__d7ced696d8,西皮摇板,唱,西皮摇板,唱段,蒋干,"这一场大功劳不加升赏,为什么对众将羞辱一场?","蒋干（西皮摇板）这一场大功劳不加升赏,为什么对众将羞辱一场?"
pdf_01000000__01003002___acc415186d,群英会,pdf_01000000__01003002___acc415186d__line__000093,pdf_01000000__01003002___acc415186d__scene__003,01003002_群英会.pdf,D:\University_studies\Junior\data_visualization\experiment\final_self\opera_dataset\01000000\01003002_群英会.pdf,01000000/01003002_群英会.pdf,62507f36-aa22-4065-bb0f-f7de69f87e7c,3,【第三场】,93,lyric,lyric,周瑜,pdf_01000000__01003002___acc415186d__char__95719ec611,西皮摇板,唱,西皮摇板,命；坐；唱段,周瑜,"奉君命破曹兵胜负未定,日操兵夜观策坐卧不宁。","周瑜（西皮摇板）奉君命破曹兵胜负未定,日操兵夜观策坐卧不宁。"
pdf_01000000__01003002___acc415186d,群英会,pdf_01000000__01003002___acc415186d__line__000093,pdf_01000000__01003002___acc415186d__scene__003,01003002_群英会.pdf,D:\University_studies\Junior\data_visualization\experiment\final_self\opera_dataset\01000000\01003002_群英会.pdf,01000000/01003002_群英会.pdf,62507f36-aa22-4065-bb0f-f7de69f87e7c,3,【第三场】,93,lyric,lyric,鲁肃,pdf_01000000__01003002___acc415186d__char__d1e3ecb867,西皮摇板,唱,西皮摇板,下；杀；唱段,鲁肃；蔡瑁；张允,"曹孟德果杀了蔡瑁、张允,周都督他算得天下能人。","鲁肃（西皮摇板）曹孟德果杀了蔡瑁、张允,周都督他算得天下能人。"
pdf_01000000__01003002___acc415186d,群英会,pdf_01000000__01003002___acc415186d__line__000093,pdf_01000000__01003002___acc415186d__scene__003,01003002_群英会.pdf,D:\University_studies\Junior\data_visualization\experiment\final_self\opera_dataset\01000000\01003002_群英会.pdf,01000000/01003002_群英会.pdf,62507f36-aa22-4065-bb0f-f7de69f87e7c,3,【第三场】,93,dialogue,dialogue,周瑜,pdf_01000000__01003002___acc415186d__char__95719ec611,白,白,白,笑；念白,周瑜,大夫为何这等大笑?,周瑜（白）大夫为何这等大笑?
pdf_01000000__01003002___acc415186d,群英会,pdf_01000000__01003002___acc415186d__line__000093,pdf_01000000__01003002___acc415186d__scene__003,01003002_群英会.pdf,D:\University_studies\Junior\data_visualization\experiment\final_self\opera_dataset\01000000\01003002_群英会.pdf,01000000/01003002_群英会.pdf,62507f36-aa22-4065-bb0f-f7de69f87e7c,3,【第三场】,93,dialogue,dialogue,鲁肃,pdf_01000000__01003002___acc415186d__char__d1e3ecb867,白,白,白,杀；念白,鲁肃；蔡瑁；张允；曹操,"启都督:那曹操,果中了都督借刀之计,杀了蔡瑁、张允,水军头目,换了毛 珍、于禁,岂不是一喜?","鲁肃（白）启都督:那曹操,果中了都督借刀之计,杀了蔡瑁、张允,水军头目,换了毛 珍、于禁,岂不是一喜?"
pdf_01000000__01003002___acc415186d,群英会,pdf_01000000__01003002___acc415186d__line__000093,pdf_01000000__01003002___acc415186d__scene__003,01003002_群英会.pdf,D:\University_studies\Junior\data_visualization\experiment\final_self\opera_dataset\01000000\01003002_群英会.pdf,01000000/01003002_群英会.pdf,62507f36-aa22-4065-bb0f-f7de69f87e7c,3,【第三场】,93,dialogue,dialogue,周瑜,pdf_01000000__01003002___acc415186d__char__95719ec611,白,白,白,念白,周瑜,此事当真?,周瑜（白）此事当真?
pdf_01000000__01003002___acc415186d,群英会,pdf_01000000__01003002___acc415186d__line__000093,pdf_01000000__01003002___acc415186d__scene__003,01003002_群英会.pdf,D:\University_studies\Junior\data_visualization\experiment\final_self\opera_dataset\01000000\01003002_群英会.pdf,01000000/01003002_群英会.pdf,62507f36-aa22-4065-bb0f-f7de69f87e7c,3,【第三场】,93,dialogue,dialogue,鲁肃,pdf_01000000__01003002___acc415186d__char__d1e3ecb867,白,白,白,念白,鲁肃,当真。,鲁肃（白）当真。
pdf_01000000__01003002___acc415186d,群英会,pdf_01000000__01003002___acc415186d__line__000093,pdf_01000000__01003002___acc415186d__scene__003,01003002_群英会.pdf,D:\University_studies\Junior\data_visualization\experiment\final_self\opera_dataset\01000000\01003002_群英会.pdf,01000000/01003002_群英会.pdf,62507f36-aa22-4065-bb0f-f7de69f87e7c,3,【第三场】,93,dialogue,dialogue,周瑜,pdf_01000000__01003002___acc415186d__char__95719ec611,白,白,白,念白,周瑜,那孔明可知?,周瑜（白）那孔明可知?
pdf_01000000__01003002___acc415186d,群英会,pdf_01000000__01003002___acc415186d__line__000093,pdf_01000000__01003002___acc415186d__scene__003,01003002_群英会.pdf,D:\University_studies\Junior\data_visualization\experiment\final_self\opera_dataset\01000000\01003002_群英会.pdf,01000000/01003002_群英会.pdf,62507f36-aa22-4065-bb0f-f7de69f87e7c,3,【第三场】,93,dialogue,dialogue,鲁肃,pdf_01000000__01003002___acc415186d__char__d1e3ecb867,白,白,白,念白,鲁肃,他未必。,鲁肃（白）他未必。
pdf_01000000__01003002___acc415186d,群英会,pdf_01000000__01003002___acc415186d__line__000093,pdf_01000000__01003002___acc415186d__scene__003,01003002_群英会.pdf,D:\University_studies\Junior\data_visualization\experiment\final_self\opera_dataset\01000000\01003002_群英会.pdf,01000000/01003002_群英会.pdf,62507f36-aa22-4065-bb0f-f7de69f87e7c,3,【第三场】,93,dialogue,dialogue,周瑜,pdf_01000000__01003002___acc415186d__char__95719ec611,白,白,白,请；念白,周瑜,"量他不知,有请诸葛先生。","周瑜（白）量他不知,有请诸葛先生。"
pdf_01000000__01003002___acc415186d,群英会,pdf_01000000__01003002___acc415186d__line__000093,pdf_01000000__01003002___acc415186d__scene__003,01003002_群英会.pdf,D:\University_studies\Junior\data_visualization\experiment\final_self\opera_dataset\01000000\01003002_群英会.pdf,01000000/01003002_群英会.pdf,62507f36-aa22-4065-bb0f-f7de69f87e7c,3,【第三场】,93,dialogue,dialogue,鲁肃,pdf_01000000__01003002___acc415186d__char__d1e3ecb867,白,白,白,请；念白,鲁肃,有请诸葛先生。,鲁肃（白）有请诸葛先生。
pdf_01000000__01003002___acc415186d,群英会,pdf_01000000__01003002___acc415186d__line__000093,pdf_01000000__01003002___acc415186d__scene__003,01003002_群英会.pdf,D:\University_studies\Junior\data_visualization\experiment\final_self\opera_dataset\01000000\01003002_群英会.pdf,01000000/01003002_群英会.pdf,62507f36-aa22-4065-bb0f-f7de69f87e7c,3,【第三场】,93,lyric,lyric,诸葛亮,pdf_01000000__01003002___acc415186d__char__f94edb22f8,西皮摇板,唱,西皮摇板,杀；唱段,诸葛亮,"昨夜晚观天象早已算定,曹孟德中巧计自杀水军。","诸葛亮（西皮摇板）昨夜晚观天象早已算定,曹孟德中巧计自杀水军。"
pdf_01000000__01003002___acc415186d,群英会,pdf_01000000__01003002___acc415186d__line__000093,pdf_01000000__01003002___acc415186d__scene__003,01003002_群英会.pdf,D:\University_studies\Junior\data_visualization\experiment\final_self\opera_dataset\01000000\01003002_群英会.pdf,01000000/01003002_群英会.pdf,62507f36-aa22-4065-bb0f-f7de69f87e7c,3,【第三场】,93,dialogue,dialogue,周瑜,pdf_01000000__01003002___acc415186d__char__95719ec611,白,白,白,来；念白,周瑜,喜从何来?,周瑜（白）喜从何来?
pdf_01000000__01003002___acc415186d,群英会,pdf_01000000__01003002___acc415186d__line__000093,pdf_01000000__01003002___acc415186d__scene__003,01003002_群英会.pdf,D:\University_studies\Junior\data_visualization\experiment\final_self\opera_dataset\01000000\01003002_群英会.pdf,01000000/01003002_群英会.pdf,62507f36-aa22-4065-bb0f-f7de69f87e7c,3,【第三场】,93,dialogue,dialogue,诸葛亮,pdf_01000000__01003002___acc415186d__char__f94edb22f8,白,白,白,杀；念白,诸葛亮；蔡瑁；张允；曹操,"那曹操,中了都督借刀杀人之计,杀了蔡瑁、张允,水军头目,换了毛玠、于 禁,此二人不识水性,岂不是大大的一喜?","诸葛亮（白）那曹操,中了都督借刀杀人之计,杀了蔡瑁、张允,水军头目,换了毛玠、于 禁,此二人不识水性,岂不是大大的一喜?"
pdf_01000000__01003002___acc415186d,群英会,pdf_01000000__01003002___acc415186d__line__000093,pdf_01000000__01003002___acc415186d__scene__003,01003002_群英会.pdf,D:\University_studies\Junior\data_visualization\experiment\final_self\opera_dataset\01000000\01003002_群英会.pdf,01000000/01003002_群英会.pdf,62507f36-aa22-4065-bb0f-f7de69f87e7c,3,【第三场】,93,dialogue,dialogue,周瑜,pdf_01000000__01003002___acc415186d__char__95719ec611,白,白,白,念白,周瑜,"先生真乃神人也。吾观曹营水寨,十分齐整,故略施小计,何足挂齿。","周瑜（白）先生真乃神人也。吾观曹营水寨,十分齐整,故略施小计,何足挂齿。"
pdf_01000000__01003002___acc415186d,群英会,pdf_01000000__01003002___acc415186d__line__000093,pdf_01000000__01003002___acc415186d__scene__003,01003002_群英会.pdf,D:\University_studies\Junior\data_visualization\experiment\final_self\opera_dataset\01000000\01003002_群英会.pdf,01000000/01003002_群英会.pdf,62507f36-aa22-4065-bb0f-f7de69f87e7c,3,【第三场】,93,dialogue,dialogue,诸葛亮,pdf_01000000__01003002___acc415186d__char__f94edb22f8,白,白,白,念白,诸葛亮,都督的高才。,诸葛亮（白）都督的高才。
pdf_01000000__01003002___acc415186d,群英会,pdf_01000000__01003002___acc415186d__line__000093,pdf_01000000__01003002___acc415186d__scene__003,01003002_群英会.pdf,D:\University_studies\Junior\data_visualization\experiment\final_self\opera_dataset\01000000\01003002_群英会.pdf,01000000/01003002_群英会.pdf,62507f36-aa22-4065-bb0f-f7de69f87e7c,3,【第三场】,93,dialogue,dialogue,周瑜,pdf_01000000__01003002___acc415186d__char__95719ec611,白,白,白,念白,周瑜,"瑜朝暮思得一计破曹,但是犹豫未决,欲烦先生决一良谋。","周瑜（白）瑜朝暮思得一计破曹,但是犹豫未决,欲烦先生决一良谋。"
pdf_01000000__01003002___acc415186d,群英会,pdf_01000000__01003002___acc415186d__line__000093,pdf_01000000__01003002___acc415186d__scene__003,01003002_群英会.pdf,D:\University_studies\Junior\data_visualization\experiment\final_self\opera_dataset\01000000\01003002_群英会.pdf,01000000/01003002_群英会.pdf,62507f36-aa22-4065-bb0f-f7de69f87e7c,3,【第三场】,93,dialogue,dialogue,诸葛亮,pdf_01000000__01003002___acc415186d__char__f94edb22f8,白,白,白,看；念白,诸葛亮,"不必说破,各写一字在手,看看心事对与不对?","诸葛亮（白）不必说破,各写一字在手,看看心事对与不对?"
pdf_01000000__01003002___acc415186d,群英会,pdf_01000000__01003002___acc415186d__line__000093,pdf_01000000__01003002___acc415186d__scene__003,01003002_群英会.pdf,D:\University_studies\Junior\data_visualization\experiment\final_self\opera_dataset\01000000\01003002_群英会.pdf,01000000/01003002_群英会.pdf,62507f36-aa22-4065-bb0f-f7de69f87e7c,3,【第三场】,93,dialogue,dialogue,周瑜,pdf_01000000__01003002___acc415186d__char__95719ec611,白,白,白,请；念白,周瑜,"如此,先生请写。","周瑜（白）如此,先生请写。"
pdf_01000000__01003002___acc415186d,群英会,pdf_01000000__01003002___acc415186d__line__000093,pdf_01000000__01003002___acc415186d__scene__003,01003002_群英会.pdf,D:\University_studies\Junior\data_visualization\experiment\final_self\opera_dataset\01000000\01003002_群英会.pdf,01000000/01003002_群英会.pdf,62507f36-aa22-4065-bb0f-f7de69f87e7c,3,【第三场】,93,dialogue,dialogue,诸葛亮,pdf_01000000__01003002___acc415186d__char__f94edb22f8,白,白,白,看；请；念白,诸葛亮,大夫请看。,诸葛亮（白）大夫请看。
pdf_01000000__01003002___acc415186d,群英会,pdf_01000000__01003002___acc415186d__line__000093,pdf_01000000__01003002___acc415186d__scene__003,01003002_群英会.pdf,D:\University_studies\Junior\data_visualization\experiment\final_self\opera_dataset\01000000\01003002_群英会.pdf,01000000/01003002_群英会.pdf,62507f36-aa22-4065-bb0f-f7de69f87e7c,3,【第三场】,93,dialogue,dialogue,鲁肃,pdf_01000000__01003002___acc415186d__char__d1e3ecb867,白,白,白,念白,鲁肃,你二人俱是一个“火”字!,鲁肃（白）你二人俱是一个“火”字!
pdf_01000000__01003002___acc415186d,群英会,pdf_01000000__01003002___acc415186d__line__000093,pdf_01000000__01003002___acc415186d__scene__003,01003002_群英会.pdf,D:\University_studies\Junior\data_visualization\experiment\final_self\opera_dataset\01000000\01003002_群英会.pdf,01000000/01003002_群英会.pdf,62507f36-aa22-4065-bb0f-f7de69f87e7c,3,【第三场】,93,dialogue,dialogue,周瑜,pdf_01000000__01003002___acc415186d__char__95719ec611,白,白,白,念白,周瑜,只恐未必。,周瑜（白）只恐未必。
pdf_01000000__01003002___acc415186d,群英会,pdf_01000000__01003002___acc415186d__line__000093,pdf_01000000__01003002___acc415186d__scene__003,01003002_群英会.pdf,D:\University_studies\Junior\data_visualization\experiment\final_self\opera_dataset\01000000\01003002_群英会.pdf,01000000/01003002_群英会.pdf,62507f36-aa22-4065-bb0f-f7de69f87e7c,3,【第三场】,93,dialogue,dialogue,诸葛亮,pdf_01000000__01003002___acc415186d__char__f94edb22f8,白,白,白,下；来；念白,诸葛亮,如此两下对来。,诸葛亮（白）如此两下对来。
pdf_01000000__01003002___acc415186d,群英会,pdf_01000000__01003002___acc415186d__line__000093,pdf_01000000__01003002___acc415186d__scene__003,01003002_群英会.pdf,D:\University_studies\Junior\data_visualization\experiment\final_self\opera_dataset\01000000\01003002_群英会.pdf,01000000/01003002_群英会.pdf,62507f36-aa22-4065-bb0f-f7de69f87e7c,3,【第三场】,93,dialogue,dialogue,诸葛亮,pdf_01000000__01003002___acc415186d__char__f94edb22f8,同白,白,同白,念白,诸葛亮,“火”!,诸葛亮（同白）“火”!
pdf_01000000__01003002___acc415186d,群英会,pdf_01000000__01003002___acc415186d__line__000093,pdf_01000000__01003002___acc415186d__scene__003,01003002_群英会.pdf,D:\University_studies\Junior\data_visualization\experiment\final_self\opera_dataset\01000000\01003002_群英会.pdf,01000000/01003002_群英会.pdf,62507f36-aa22-4065-bb0f-f7de69f87e7c,3,【第三场】,93,dialogue,dialogue,鲁肃,pdf_01000000__01003002___acc415186d__char__d1e3ecb867,同笑,对白,同笑,笑,鲁肃,哈哈......,鲁肃（同笑）哈哈......
pdf_01000000__01003002___acc415186d,群英会,pdf_01000000__01003002___acc415186d__line__000093,pdf_01000000__01003002___acc415186d__scene__003,01003002_群英会.pdf,D:\University_studies\Junior\data_visualization\experiment\final_self\opera_dataset\01000000\01003002_群英会.pdf,01000000/01003002_群英会.pdf,62507f36-aa22-4065-bb0f-f7de69f87e7c,3,【第三场】,93,dialogue,dialogue,周瑜,pdf_01000000__01003002___acc415186d__char__95719ec611,白,白,白,问；请；坐；念白,周瑜,"请坐,请问先生,这水面交锋,何物当先?","周瑜（白）请坐,请问先生,这水面交锋,何物当先?"
pdf_01000000__01003002___acc415186d,群英会,pdf_01000000__01003002___acc415186d__line__000093,pdf_01000000__01003002___acc415186d__scene__003,01003002_群英会.pdf,D:\University_studies\Junior\data_visualization\experiment\final_self\opera_dataset\01000000\01003002_群英会.pdf,01000000/01003002_群英会.pdf,62507f36-aa22-4065-bb0f-f7de69f87e7c,3,【第三场】,93,dialogue,dialogue,诸葛亮,pdf_01000000__01003002___acc415186d__char__f94edb22f8,白,白,白,念白,诸葛亮,弓箭当先。,诸葛亮（白）弓箭当先。
pdf_01000000__01003002___acc415186d,群英会,pdf_01000000__01003002___acc415186d__line__000093,pdf_01000000__01003002___acc415186d__scene__003,01003002_群英会.pdf,D:\University_studies\Junior\data_visualization\experiment\final_self\opera_dataset\01000000\01003002_群英会.pdf,01000000/01003002_群英会.pdf,62507f36-aa22-4065-bb0f-f7de69f87e7c,3,【第三场】,93,dialogue,dialogue,周瑜,pdf_01000000__01003002___acc415186d__char__95719ec611,白,白,白,请；念白,周瑜,"吓,弓箭当先,怎奈我营缺少狼牙。瑜有请先生监造十万狼牙,谅无推辞了。","周瑜（白）吓,弓箭当先,怎奈我营缺少狼牙。瑜有请先生监造十万狼牙,谅无推辞了。"
pdf_01000000__01003002___acc415186d,群英会,pdf_01000000__01003002___acc415186d__line__000093,pdf_01000000__01003002___acc415186d__scene__003,01003002_群英会.pdf,D:\University_studies\Junior\data_visualization\experiment\final_self\opera_dataset\01000000\01003002_群英会.pdf,01000000/01003002_群英会.pdf,62507f36-aa22-4065-bb0f-f7de69f87e7c,3,【第三场】,93,dialogue,dialogue,诸葛亮,pdf_01000000__01003002___acc415186d__char__f94edb22f8,白,白,白,念白,诸葛亮,"当得效劳,但不知限山人多少日期?","诸葛亮（白）当得效劳,但不知限山人多少日期?"
pdf_01000000__01003002___acc415186d,群英会,pdf_01000000__01003002___acc415186d__line__000093,pdf_01000000__01003002___acc415186d__scene__003,01003002_群英会.pdf,D:\University_studies\Junior\data_visualization\experiment\final_self\opera_dataset\01000000\01003002_群英会.pdf,01000000/01003002_群英会.pdf,62507f36-aa22-4065-bb0f-f7de69f87e7c,3,【第三场】,93,dialogue,dialogue,周瑜,pdf_01000000__01003002___acc415186d__char__95719ec611,白,白,白,念白,周瑜,限一月之期。,周瑜（白）限一月之期。
pdf_01000000__01003002___acc415186d,群英会,pdf_01000000__01003002___acc415186d__line__000093,pdf_01000000__01003002___acc415186d__scene__003,01003002_群英会.pdf,D:\University_studies\Junior\data_visualization\experiment\final_self\opera_dataset\01000000\01003002_群英会.pdf,01000000/01003002_群英会.pdf,62507f36-aa22-4065-bb0f-f7de69f87e7c,3,【第三场】,93,dialogue,dialogue,诸葛亮,pdf_01000000__01003002___acc415186d__char__f94edb22f8,白,白,白,念白,诸葛亮,多了。,诸葛亮（白）多了。
pdf_01000000__01003002___acc415186d,群英会,pdf_01000000__01003002___acc415186d__line__000093,pdf_01000000__01003002___acc415186d__scene__003,01003002_群英会.pdf,D:\University_studies\Junior\data_visualization\experiment\final_self\opera_dataset\01000000\01003002_群英会.pdf,01000000/01003002_群英会.pdf,62507f36-aa22-4065-bb0f-f7de69f87e7c,3,【第三场】,93,dialogue,dialogue,周瑜,pdf_01000000__01003002___acc415186d__char__95719ec611,白,白,白,念白,周瑜,十日如何?,周瑜（白）十日如何?
pdf_01000000__01003002___acc415186d,群英会,pdf_01000000__01003002___acc415186d__line__000093,pdf_01000000__01003002___acc415186d__scene__003,01003002_群英会.pdf,D:\University_studies\Junior\data_visualization\experiment\final_self\opera_dataset\01000000\01003002_群英会.pdf,01000000/01003002_群英会.pdf,62507f36-aa22-4065-bb0f-f7de69f87e7c,3,【第三场】,93,dialogue,dialogue,诸葛亮,pdf_01000000__01003002___acc415186d__char__f94edb22f8,白,白,白,来；杀；念白,诸葛亮,"倘曹兵杀来,岂不误了国家大事?","诸葛亮（白）倘曹兵杀来,岂不误了国家大事?"
pdf_01000000__01003002___acc415186d,群英会,pdf_01000000__01003002___acc415186d__line__000093,pdf_01000000__01003002___acc415186d__scene__003,01003002_群英会.pdf,D:\University_studies\Junior\data_visualization\experiment\final_self\opera_dataset\01000000\01003002_群英会.pdf,01000000/01003002_群英会.pdf,62507f36-aa22-4065-bb0f-f7de69f87e7c,3,【第三场】,93,dialogue,dialogue,周瑜,pdf_01000000__01003002___acc415186d__char__95719ec611,白,白,白,念白,周瑜,七日如何?,周瑜（白）七日如何?
pdf_01000000__01003002___acc415186d,群英会,pdf_01000000__01003002___acc415186d__line__000093,pdf_01000000__01003002___acc415186d__scene__003,01003002_群英会.pdf,D:\University_studies\Junior\data_visualization\experiment\final_self\opera_dataset\01000000\01003002_群英会.pdf,01000000/01003002_群英会.pdf,62507f36-aa22-4065-bb0f-f7de69f87e7c,3,【第三场】,93,dialogue,dialogue,诸葛亮,pdf_01000000__01003002___acc415186d__char__f94edb22f8,白,白,白,念白,诸葛亮,"七日么,还多。","诸葛亮（白）七日么,还多。"
pdf_01000000__01003002___acc415186d,群英会,pdf_01000000__01003002___acc415186d__line__000093,pdf_01000000__01003002___acc415186d__scene__003,01003002_群英会.pdf,D:\University_studies\Junior\data_visualization\experiment\final_self\opera_dataset\01000000\01003002_群英会.pdf,01000000/01003002_群英会.pdf,62507f36-aa22-4065-bb0f-f7de69f87e7c,3,【第三场】,93,dialogue,dialogue,鲁肃,pdf_01000000__01003002___acc415186d__char__d1e3ecb867,白,白,白,念白,鲁肃,太少了。,鲁肃（白）太少了。
pdf_01000000__01003002___acc415186d,群英会,pdf_01000000__01003002___acc415186d__line__000093,pdf_01000000__01003002___acc415186d__scene__003,01003002_群英会.pdf,D:\University_studies\Junior\data_visualization\experiment\final_self\opera_dataset\01000000\01003002_群英会.pdf,01000000/01003002_群英会.pdf,62507f36-aa22-4065-bb0f-f7de69f87e7c,3,【第三场】,93,dialogue,dialogue,周瑜,pdf_01000000__01003002___acc415186d__char__95719ec611,白,白,白,请；念白,周瑜,"住口!如此,请先生自限日期。","周瑜（白）住口!如此,请先生自限日期。"
pdf_01000000__01003002___acc415186d,群英会,pdf_01000000__01003002___acc415186d__line__000093,pdf_01000000__01003002___acc415186d__scene__003,01003002_群英会.pdf,D:\University_studies\Junior\data_visualization\experiment\final_self\opera_dataset\01000000\01003002_群英会.pdf,01000000/01003002_群英会.pdf,62507f36-aa22-4065-bb0f-f7de69f87e7c,3,【第三场】,93,dialogue,dialogue,诸葛亮,pdf_01000000__01003002___acc415186d__char__f94edb22f8,白,白,白,念白,诸葛亮,三日交箭。,诸葛亮（白）三日交箭。
pdf_01000000__01003002___acc415186d,群英会,pdf_01000000__01003002___acc415186d__line__000093,pdf_01000000__01003002___acc415186d__scene__003,01003002_群英会.pdf,D:\University_studies\Junior\data_visualization\experiment\final_self\opera_dataset\01000000\01003002_群英会.pdf,01000000/01003002_群英会.pdf,62507f36-aa22-4065-bb0f-f7de69f87e7c,3,【第三场】,93,dialogue,dialogue,周瑜,pdf_01000000__01003002___acc415186d__char__95719ec611,白,白,白,念白,周瑜,三日无箭?,周瑜（白）三日无箭?
pdf_01000000__01003002___acc415186d,群英会,pdf_01000000__01003002___acc415186d__line__000093,pdf_01000000__01003002___acc415186d__scene__003,01003002_群英会.pdf,D:\University_studies\Junior\data_visualization\experiment\final_self\opera_dataset\01000000\01003002_群英会.pdf,01000000/01003002_群英会.pdf,62507f36-aa22-4065-bb0f-f7de69f87e7c,3,【第三场】,93,dialogue,dialogue,诸葛亮,pdf_01000000__01003002___acc415186d__char__f94edb22f8,白,白,白,念白,诸葛亮,依军法从事。,诸葛亮（白）依军法从事。
pdf_01000000__01003002___acc415186d,群英会,pdf_01000000__01003002___acc415186d__line__000093,pdf_01000000__01003002___acc415186d__scene__003,01003002_群英会.pdf,D:\University_studies\Junior\data_visualization\experiment\final_self\opera_dataset\01000000\01003002_群英会.pdf,01000000/01003002_群英会.pdf,62507f36-aa22-4065-bb0f-f7de69f87e7c,3,【第三场】,93,dialogue,dialogue,周瑜,pdf_01000000__01003002___acc415186d__char__95719ec611,白,白,白,念白,周瑜,军中不可戏言。,周瑜（白）军中不可戏言。
pdf_01000000__01003002___acc415186d,群英会,pdf_01000000__01003002___acc415186d__line__000093,pdf_01000000__01003002___acc415186d__scene__003,01003002_群英会.pdf,D:\University_studies\Junior\data_visualization\experiment\final_self\opera_dataset\01000000\01003002_群英会.pdf,01000000/01003002_群英会.pdf,62507f36-aa22-4065-bb0f-f7de69f87e7c,3,【第三场】,93,dialogue,dialogue,诸葛亮,pdf_01000000__01003002___acc415186d__char__f94edb22f8,白,白,白,令；立；念白,诸葛亮,愿立军令状。,诸葛亮（白）愿立军令状。
pdf_01000000__01003002___acc415186d,群英会,pdf_01000000__01003002___acc415186d__line__000093,pdf_01000000__01003002___acc415186d__scene__003,01003002_群英会.pdf,D:\University_studies\Junior\data_visualization\experiment\final_self\opera_dataset\01000000\01003002_群英会.pdf,01000000/01003002_群英会.pdf,62507f36-aa22-4065-bb0f-f7de69f87e7c,3,【第三场】,93,dialogue,dialogue,周瑜,pdf_01000000__01003002___acc415186d__char__95719ec611,白,白,白,请；念白,周瑜,先生请。,周瑜（白）先生请。
pdf_01000000__01003002___acc415186d,群英会,pdf_01000000__01003002___acc415186d__line__000093,pdf_01000000__01003002___acc415186d__scene__003,01003002_群英会.pdf,D:\University_studies\Junior\data_visualization\experiment\final_self\opera_dataset\01000000\01003002_群英会.pdf,01000000/01003002_群英会.pdf,62507f36-aa22-4065-bb0f-f7de69f87e7c,3,【第三场】,93,dialogue,dialogue,鲁肃,pdf_01000000__01003002___acc415186d__char__d1e3ecb867,白,白,白,立；念白,鲁肃,先生立不得吓!,鲁肃（白）先生立不得吓!
pdf_01000000__01003002___acc415186d,群英会,pdf_01000000__01003002___acc415186d__line__000093,pdf_01000000__01003002___acc415186d__scene__003,01003002_群英会.pdf,D:\University_studies\Junior\data_visualization\experiment\final_self\opera_dataset\01000000\01003002_群英会.pdf,01000000/01003002_群英会.pdf,62507f36-aa22-4065-bb0f-f7de69f87e7c,3,【第三场】,93,dialogue,dialogue,周瑜,pdf_01000000__01003002___acc415186d__char__95719ec611,白,白,白,念白,周瑜,多口。,周瑜（白）多口。
pdf_01000000__01003002___acc415186d,群英会,pdf_01000000__01003002___acc415186d__line__000093,pdf_01000000__01003002___acc415186d__scene__003,01003002_群英会.pdf,D:\University_studies\Junior\data_visualization\experiment\final_self\opera_dataset\01000000\01003002_群英会.pdf,01000000/01003002_群英会.pdf,62507f36-aa22-4065-bb0f-f7de69f87e7c,3,【第三场】,93,dialogue,dialogue,诸葛亮,pdf_01000000__01003002___acc415186d__char__f94edb22f8,白,白,白,去；命；令；收；念白,诸葛亮；军士,"吓,大夫,这是军令状,还有你的保人,三日后,命五百军士,去到江边搬箭,大夫收好了。","诸葛亮（白）吓,大夫,这是军令状,还有你的保人,三日后,命五百军士,去到江边搬箭,大夫收好了。"
pdf_01000000__01003002___acc415186d,群英会,pdf_01000000__01003002___acc415186d__line__000093,pdf_01000000__01003002___acc415186d__scene__003,01003002_群英会.pdf,D:\University_studies\Junior\data_visualization\experiment\final_self\opera_dataset\01000000\01003002_群英会.pdf,01000000/01003002_群英会.pdf,62507f36-aa22-4065-bb0f-f7de69f87e7c,3,【第三场】,93,dialogue,dialogue,鲁肃,pdf_01000000__01003002___acc415186d__char__d1e3ecb867,白,白,白,看；念白,鲁肃,我看你怎么好。,鲁肃（白）我看你怎么好。
pdf_01000000__01003002___acc415186d,群英会,pdf_01000000__01003002___acc415186d__line__000093,pdf_01000000__01003002___acc415186d__scene__003,01003002_群英会.pdf,D:\University_studies\Junior\data_visualization\experiment\final_self\opera_dataset\01000000\01003002_群英会.pdf,01000000/01003002_群英会.pdf,62507f36-aa22-4065-bb0f-f7de69f87e7c,3,【第三场】,93,dialogue,dialogue,诸葛亮,pdf_01000000__01003002___acc415186d__char__f94edb22f8,白,白,白,念白,诸葛亮,告辞了。,诸葛亮（白）告辞了。
pdf_01000000__01003002___acc415186d,群英会,pdf_01000000__01003002___acc415186d__line__000093,pdf_01000000__01003002___acc415186d__scene__003,01003002_群英会.pdf,D:\University_studies\Junior\data_visualization\experiment\final_self\opera_dataset\01000000\01003002_群英会.pdf,01000000/01003002_群英会.pdf,62507f36-aa22-4065-bb0f-f7de69f87e7c,3,【第三场】,93,dialogue,dialogue,周瑜,pdf_01000000__01003002___acc415186d__char__95719ec611,白,白,白,念白,周瑜,子敬代送。,周瑜（白）子敬代送。
pdf_01000000__01003002___acc415186d,群英会,pdf_01000000__01003002___acc415186d__line__000093,pdf_01000000__01003002___acc415186d__scene__003,01003002_群英会.pdf,D:\University_studies\Junior\data_visualization\experiment\final_self\opera_dataset\01000000\01003002_群英会.pdf,01000000/01003002_群英会.pdf,62507f36-aa22-4065-bb0f-f7de69f87e7c,3,【第三场】,93,lyric,lyric,诸葛亮,pdf_01000000__01003002___acc415186d__char__f94edb22f8,西皮原板,唱,西皮原板,去；收；唱段,诸葛亮,"在帐中辞别了子敬、公瑾,三日后到江边去收雕翎。","诸葛亮（西皮原板）在帐中辞别了子敬、公瑾,三日后到江边去收雕翎。"
pdf_01000000__01003002___acc415186d,群英会,pdf_01000000__01003002___acc415186d__line__000093,pdf_01000000__01003002___acc415186d__scene__003,01003002_群英会.pdf,D:\University_studies\Junior\data_visualization\experiment\final_self\opera_dataset\01000000\01003002_群英会.pdf,01000000/01003002_群英会.pdf,62507f36-aa22-4065-bb0f-f7de69f87e7c,3,【第三场】,93,dialogue,dialogue,鲁肃,pdf_01000000__01003002___acc415186d__char__d1e3ecb867,白,白,白,念白,鲁肃,"吓,都督,孔明止限三日交箭,莫非有诈?","鲁肃（白）吓,都督,孔明止限三日交箭,莫非有诈?"
pdf_01000000__01003002___acc415186d,群英会,pdf_01000000__01003002___acc415186d__line__000093,pdf_01000000__01003002___acc415186d__scene__003,01003002_群英会.pdf,D:\University_studies\Junior\data_visualization\experiment\final_self\opera_dataset\01000000\01003002_群英会.pdf,01000000/01003002_群英会.pdf,62507f36-aa22-4065-bb0f-f7de69f87e7c,3,【第三场】,93,dialogue,dialogue,周瑜,pdf_01000000__01003002___acc415186d__char__95719ec611,白,白,白,念白,周瑜,"你不用管他,吩咐我国匠人,故意迟挨。三日后江边搬箭,误了日期,按军法施行,斩他无亏。","周瑜（白）你不用管他,吩咐我国匠人,故意迟挨。三日后江边搬箭,误了日期,按军法施行,斩他无亏。"
pdf_01000000__01003002___acc415186d,群英会,pdf_01000000__01003002___acc415186d__line__000093,pdf_01000000__01003002___acc415186d__scene__003,01003002_群英会.pdf,D:\University_studies\Junior\data_visualization\experiment\final_self\opera_dataset\01000000\01003002_群英会.pdf,01000000/01003002_群英会.pdf,62507f36-aa22-4065-bb0f-f7de69f87e7c,3,【第三场】,93,dialogue,dialogue,黄盖,pdf_01000000__01003002___acc415186d__char__31774bed7f,白,白,白,念白,蔡中；黄盖；蔡和,启都督:今有蔡中、蔡和辕门投降。,黄盖（白）启都督:今有蔡中、蔡和辕门投降。
pdf_01000000__01003002___acc415186d,群英会,pdf_01000000__01003002___acc415186d__line__000093,pdf_01000000__01003002___acc415186d__scene__003,01003002_群英会.pdf,D:\University_studies\Junior\data_visualization\experiment\final_self\opera_dataset\01000000\01003002_群英会.pdf,01000000/01003002_群英会.pdf,62507f36-aa22-4065-bb0f-f7de69f87e7c,3,【第三场】,93,dialogue,dialogue,周瑜,pdf_01000000__01003002___acc415186d__char__95719ec611,白,白,白,进；命；念白,周瑜,命他进帐。,周瑜（白）命他进帐。
pdf_01000000__01003002___acc415186d,群英会,pdf_01000000__01003002___acc415186d__line__000093,pdf_01000000__01003002___acc415186d__scene__003,01003002_群英会.pdf,D:\University_studies\Junior\data_visualization\experiment\final_self\opera_dataset\01000000\01003002_群英会.pdf,01000000/01003002_群英会.pdf,62507f36-aa22-4065-bb0f-f7de69f87e7c,3,【第三场】,93,dialogue,dialogue,黄盖,pdf_01000000__01003002___acc415186d__char__31774bed7f,白,白,白,来；念白,黄盖,二位将军这里来。,黄盖（白）二位将军这里来。
pdf_01000000__01003002___acc415186d,群英会,pdf_01000000__01003002___acc415186d__line__000093,pdf_01000000__01003002___acc415186d__scene__003,01003002_群英会.pdf,D:\University_studies\Junior\data_visualization\experiment\final_self\opera_dataset\01000000\01003002_群英会.pdf,01000000/01003002_群英会.pdf,62507f36-aa22-4065-bb0f-f7de69f87e7c,3,【第三场】,93,dialogue,dialogue,蔡中、蔡和,pdf_01000000__01003002___acc415186d__char__864bbc0154,同念,对白,同念,来,蔡中、蔡和；蔡中；蔡和,"离了曹营地,来此是东吴。","蔡中、蔡和（同念）离了曹营地,来此是东吴。"
pdf_01000000__01003002___acc415186d,群英会,pdf_01000000__01003002___acc415186d__line__000093,pdf_01000000__01003002___acc415186d__scene__003,01003002_群英会.pdf,D:\University_studies\Junior\data_visualization\experiment\final_self\opera_dataset\01000000\01003002_群英会.pdf,01000000/01003002_群英会.pdf,62507f36-aa22-4065-bb0f-f7de69f87e7c,3,【第三场】,93,dialogue,dialogue,周瑜,pdf_01000000__01003002___acc415186d__char__95719ec611,白,白,白,念白,周瑜,"你二人既以降曹,为何又背主投降?","周瑜（白）你二人既以降曹,为何又背主投降?"
pdf_01000000__01003002___acc415186d,群英会,pdf_01000000__01003002___acc415186d__line__000093,pdf_01000000__01003002___acc415186d__scene__003,01003002_群英会.pdf,D:\University_studies\Junior\data_visualization\experiment\final_self\opera_dataset\01000000\01003002_群英会.pdf,01000000/01003002_群英会.pdf,62507f36-aa22-4065-bb0f-f7de69f87e7c,3,【第三场】,93,dialogue,dialogue,蔡中、蔡和,pdf_01000000__01003002___acc415186d__char__864bbc0154,同白,白,同白,下；报；杀；念白,蔡中、蔡和；蔡中；曹操；蔡和,"曹操无故杀我二人兄长,现投在都督麾下,日后好借兵报仇。","蔡中、蔡和（同白）曹操无故杀我二人兄长,现投在都督麾下,日后好借兵报仇。"
pdf_01000000__01003002___acc415186d,群英会,pdf_01000000__01003002___acc415186d__line__000093,pdf_01000000__01003002___acc415186d__scene__003,01003002_群英会.pdf,D:\University_studies\Junior\data_visualization\experiment\final_self\opera_dataset\01000000\01003002_群英会.pdf,01000000/01003002_群英会.pdf,62507f36-aa22-4065-bb0f-f7de69f87e7c,3,【第三场】,93,dialogue,dialogue,周瑜,pdf_01000000__01003002___acc415186d__char__95719ec611,白,白,白,念白,周瑜,"好,二位将军,弃暗投明,果称英豪也。","周瑜（白）好,二位将军,弃暗投明,果称英豪也。"
pdf_01000000__01003002___acc415186d,群英会,pdf_01000000__01003002___acc415186d__line__000093,pdf_01000000__01003002___acc415186d__scene__003,01003002_群英会.pdf,D:\University_studies\Junior\data_visualization\experiment\final_self\opera_dataset\01000000\01003002_群英会.pdf,01000000/01003002_群英会.pdf,62507f36-aa22-4065-bb0f-f7de69f87e7c,3,【第三场】,93,dialogue,dialogue,蔡中、蔡和,pdf_01000000__01003002___acc415186d__char__864bbc0154,同白,白,同白,念白,蔡中、蔡和；蔡中；蔡和,都督夸奖。,蔡中、蔡和（同白）都督夸奖。
pdf_01000000__01003002___acc415186d,群英会,pdf_01000000__01003002___acc415186d__line__000093,pdf_01000000__01003002___acc415186d__scene__003,01003002_群英会.pdf,D:\University_studies\Junior\data_visualization\experiment\final_self\opera_dataset\01000000\01003002_群英会.pdf,01000000/01003002_群英会.pdf,62507f36-aa22-4065-bb0f-f7de69f87e7c,3,【第三场】,93,dialogue,dialogue,周瑜,pdf_01000000__01003002___acc415186d__char__95719ec611,白,白,白,进；传；念白,周瑜；甘宁,传甘宁进帐。,周瑜（白）传甘宁进帐。
pdf_01000000__01003002___acc415186d,群英会,pdf_01000000__01003002___acc415186d__line__000093,pdf_01000000__01003002___acc415186d__scene__003,01003002_群英会.pdf,D:\University_studies\Junior\data_visualization\experiment\final_self\opera_dataset\01000000\01003002_群英会.pdf,01000000/01003002_群英会.pdf,62507f36-aa22-4065-bb0f-f7de69f87e7c,3,【第三场】,93,dialogue,dialogue,众人,pdf_01000000__01003002___acc415186d__char__017dbd0630,同白,白,同白,进；念白,众人；甘宁,甘宁进帐。,众人（同白）甘宁进帐。
pdf_01000000__01003002___acc415186d,群英会,pdf_01000000__01003002___acc415186d__line__000093,pdf_01000000__01003002___acc415186d__scene__003,01003002_群英会.pdf,D:\University_studies\Junior\data_visualization\experiment\final_self\opera_dataset\01000000\01003002_群英会.pdf,01000000/01003002_群英会.pdf,62507f36-aa22-4065-bb0f-f7de69f87e7c,3,【第三场】,93,dialogue,dialogue,甘宁,pdf_01000000__01003002___acc415186d__char__98ac70aa97,念,念,念,,甘宁,"东吴将甘宁,威风谁敢当。","甘宁（念）东吴将甘宁,威风谁敢当。"
pdf_01000000__01003002___acc415186d,群英会,pdf_01000000__01003002___acc415186d__line__000093,pdf_01000000__01003002___acc415186d__scene__003,01003002_群英会.pdf,D:\University_studies\Junior\data_visualization\experiment\final_self\opera_dataset\01000000\01003002_群英会.pdf,01000000/01003002_群英会.pdf,62507f36-aa22-4065-bb0f-f7de69f87e7c,3,【第三场】,93,dialogue,dialogue,周瑜,pdf_01000000__01003002___acc415186d__char__95719ec611,白,白,白,下；念白,周瑜,"将二位将军,拨在你的帐下,日后自有用处。","周瑜（白）将二位将军,拨在你的帐下,日后自有用处。"
pdf_01000000__01003002___acc415186d,群英会,pdf_01000000__01003002___acc415186d__line__000097,pdf_01000000__01003002___acc415186d__scene__003,01003002_群英会.pdf,D:\University_studies\Junior\data_visualization\experiment\final_self\opera_dataset\01000000\01003002_群英会.pdf,01000000/01003002_群英会.pdf,62507f36-aa22-4065-bb0f-f7de69f87e7c,3,【第三场】,97,dialogue,dialogue,诸葛亮,pdf_01000000__01003002___acc415186d__char__f94edb22f8,白,白,白,念白,诸葛亮,"不是大夫提起,亮倒把此事忘怀了。","诸葛亮（白）不是大夫提起,亮倒把此事忘怀了。"
pdf_01000000__01003002___acc415186d,群英会,pdf_01000000__01003002___acc415186d__line__000097,pdf_01000000__01003002___acc415186d__scene__003,01003002_群英会.pdf,D:\University_studies\Junior\data_visualization\experiment\final_self\opera_dataset\01000000\01003002_群英会.pdf,01000000/01003002_群英会.pdf,62507f36-aa22-4065-bb0f-f7de69f87e7c,3,【第三场】,97,dialogue,dialogue,鲁肃,pdf_01000000__01003002___acc415186d__char__d1e3ecb867,白,白,白,看；念白,鲁肃,"你看这样大事,他就忘了!","鲁肃（白）你看这样大事,他就忘了!"
pdf_01000000__01003002___acc415186d,群英会,pdf_01000000__01003002___acc415186d__line__000097,pdf_01000000__01003002___acc415186d__scene__003,01003002_群英会.pdf,D:\University_studies\Junior\data_visualization\experiment\final_self\opera_dataset\01000000\01003002_群英会.pdf,01000000/01003002_群英会.pdf,62507f36-aa22-4065-bb0f-f7de69f87e7c,3,【第三场】,97,dialogue,dialogue,鲁肃,pdf_01000000__01003002___acc415186d__char__d1e3ecb867,白,白,白,来；念白,鲁肃,我们来算算日期。,鲁肃（白）我们来算算日期。
pdf_01000000__01003002___acc415186d,群英会,pdf_01000000__01003002___acc415186d__line__000097,pdf_01000000__01003002___acc415186d__scene__003,01003002_群英会.pdf,D:\University_studies\Junior\data_visualization\experiment\final_self\opera_dataset\01000000\01003002_群英会.pdf,01000000/01003002_群英会.pdf,62507f36-aa22-4065-bb0f-f7de69f87e7c,3,【第三场】,97,dialogue,dialogue,鲁肃,pdf_01000000__01003002___acc415186d__char__d1e3ecb867,白,白,白,看；念白,鲁肃,算算看。,鲁肃（白）算算看。
pdf_01000000__01003002___acc415186d,群英会,pdf_01000000__01003002___acc415186d__line__000097,pdf_01000000__01003002___acc415186d__scene__003,01003002_群英会.pdf,D:\University_studies\Junior\data_visualization\experiment\final_self\opera_dataset\01000000\01003002_群英会.pdf,01000000/01003002_群英会.pdf,62507f36-aa22-4065-bb0f-f7de69f87e7c,3,【第三场】,97,dialogue,dialogue,诸葛亮,pdf_01000000__01003002___acc415186d__char__f94edb22f8,白,白,白,念白,诸葛亮,昨日?,诸葛亮（白）昨日?
pdf_01000000__01003002___acc415186d,群英会,pdf_01000000__01003002___acc415186d__line__000097,pdf_01000000__01003002___acc415186d__scene__003,01003002_群英会.pdf,D:\University_studies\Junior\data_visualization\experiment\final_self\opera_dataset\01000000\01003002_群英会.pdf,01000000/01003002_群英会.pdf,62507f36-aa22-4065-bb0f-f7de69f87e7c,3,【第三场】,97,dialogue,dialogue,鲁肃,pdf_01000000__01003002___acc415186d__char__d1e3ecb867,白,白,白,念白,鲁肃,一天。,鲁肃（白）一天。
pdf_01000000__01003002___acc415186d,群英会,pdf_01000000__01003002___acc415186d__line__000097,pdf_01000000__01003002___acc415186d__scene__003,01003002_群英会.pdf,D:\University_studies\Junior\data_visualization\experiment\final_self\opera_dataset\01000000\01003002_群英会.pdf,01000000/01003002_群英会.pdf,62507f36-aa22-4065-bb0f-f7de69f87e7c,3,【第三场】,97,dialogue,dialogue,诸葛亮,pdf_01000000__01003002___acc415186d__char__f94edb22f8,白,白,白,念白,诸葛亮,今日?,诸葛亮（白）今日?
pdf_01000000__01003002___acc415186d,群英会,pdf_01000000__01003002___acc415186d__line__000097,pdf_01000000__01003002___acc415186d__scene__003,01003002_群英会.pdf,D:\University_studies\Junior\data_visualization\experiment\final_self\opera_dataset\01000000\01003002_群英会.pdf,01000000/01003002_群英会.pdf,62507f36-aa22-4065-bb0f-f7de69f87e7c,3,【第三场】,97,dialogue,dialogue,鲁肃,pdf_01000000__01003002___acc415186d__char__d1e3ecb867,白,白,白,念白,鲁肃,两天。,鲁肃（白）两天。
pdf_01000000__01003002___acc415186d,群英会,pdf_01000000__01003002___acc415186d__line__000097,pdf_01000000__01003002___acc415186d__scene__003,01003002_群英会.pdf,D:\University_studies\Junior\data_visualization\experiment\final_self\opera_dataset\01000000\01003002_群英会.pdf,01000000/01003002_群英会.pdf,62507f36-aa22-4065-bb0f-f7de69f87e7c,3,【第三场】,97,dialogue,dialogue,诸葛亮,pdf_01000000__01003002___acc415186d__char__f94edb22f8,白,白,白,念白,诸葛亮,明日?,诸葛亮（白）明日?
pdf_01000000__01003002___acc415186d,群英会,pdf_01000000__01003002___acc415186d__line__000097,pdf_01000000__01003002___acc415186d__scene__003,01003002_群英会.pdf,D:\University_studies\Junior\data_visualization\experiment\final_self\opera_dataset\01000000\01003002_群英会.pdf,01000000/01003002_群英会.pdf,62507f36-aa22-4065-bb0f-f7de69f87e7c,3,【第三场】,97,dialogue,dialogue,鲁肃,pdf_01000000__01003002___acc415186d__char__d1e3ecb867,白,白,白,来；拿；念白,鲁肃,拿来!,鲁肃（白）拿来!
pdf_01000000__01003002___acc415186d,群英会,pdf_01000000__01003002___acc415186d__line__000097,pdf_01000000__01003002___acc415186d__scene__003,01003002_群英会.pdf,D:\University_studies\Junior\data_visualization\experiment\final_self\opera_dataset\01000000\01003002_群英会.pdf,01000000/01003002_群英会.pdf,62507f36-aa22-4065-bb0f-f7de69f87e7c,3,【第三场】,97,dialogue,dialogue,诸葛亮,pdf_01000000__01003002___acc415186d__char__f94edb22f8,白,白,白,来；拿；念白,诸葛亮,拿什么来?,诸葛亮（白）拿什么来?
pdf_01000000__01003002___acc415186d,群英会,pdf_01000000__01003002___acc415186d__line__000097,pdf_01000000__01003002___acc415186d__scene__003,01003002_群英会.pdf,D:\University_studies\Junior\data_visualization\experiment\final_self\opera_dataset\01000000\01003002_群英会.pdf,01000000/01003002_群英会.pdf,62507f36-aa22-4065-bb0f-f7de69f87e7c,3,【第三场】,97,dialogue,dialogue,鲁肃,pdf_01000000__01003002___acc415186d__char__d1e3ecb867,白,白,白,来；拿；念白,鲁肃,拿箭来!,鲁肃（白）拿箭来!
pdf_01000000__01003002___acc415186d,群英会,pdf_01000000__01003002___acc415186d__line__000097,pdf_01000000__01003002___acc415186d__scene__003,01003002_群英会.pdf,D:\University_studies\Junior\data_visualization\experiment\final_self\opera_dataset\01000000\01003002_群英会.pdf,01000000/01003002_群英会.pdf,62507f36-aa22-4065-bb0f-f7de69f87e7c,3,【第三场】,97,dialogue,dialogue,诸葛亮,pdf_01000000__01003002___acc415186d__char__f94edb22f8,白,白,白,念白,诸葛亮,大夫你要救我一救!,诸葛亮（白）大夫你要救我一救!
pdf_01000000__01003002___acc415186d,群英会,pdf_01000000__01003002___acc415186d__line__000097,pdf_01000000__01003002___acc415186d__scene__003,01003002_群英会.pdf,D:\University_studies\Junior\data_visualization\experiment\final_self\opera_dataset\01000000\01003002_群英会.pdf,01000000/01003002_群英会.pdf,62507f36-aa22-4065-bb0f-f7de69f87e7c,3,【第三场】,97,dialogue,dialogue,鲁肃,pdf_01000000__01003002___acc415186d__char__d1e3ecb867,白,白,白,下；来；请；念白,鲁肃,"先生请起,大家想来......吓,先生,下官倒有一计。","鲁肃（白）先生请起,大家想来......吓,先生,下官倒有一计。"
pdf_01000000__01003002___acc415186d,群英会,pdf_01000000__01003002___acc415186d__line__000097,pdf_01000000__01003002___acc415186d__scene__003,01003002_群英会.pdf,D:\University_studies\Junior\data_visualization\experiment\final_self\opera_dataset\01000000\01003002_群英会.pdf,01000000/01003002_群英会.pdf,62507f36-aa22-4065-bb0f-f7de69f87e7c,3,【第三场】,97,dialogue,dialogue,诸葛亮,pdf_01000000__01003002___acc415186d__char__f94edb22f8,白,白,白,念白,诸葛亮,有何妙计?,诸葛亮（白）有何妙计?
pdf_01000000__01003002___acc415186d,群英会,pdf_01000000__01003002___acc415186d__line__000097,pdf_01000000__01003002___acc415186d__scene__003,01003002_群英会.pdf,D:\University_studies\Junior\data_visualization\experiment\final_self\opera_dataset\01000000\01003002_群英会.pdf,01000000/01003002_群英会.pdf,62507f36-aa22-4065-bb0f-f7de69f87e7c,3,【第三场】,97,dialogue,dialogue,鲁肃,pdf_01000000__01003002___acc415186d__char__d1e3ecb867,白,白,白,去；念白,鲁肃,"不如驾一小舟,逃过江去罢。","鲁肃（白）不如驾一小舟,逃过江去罢。"
pdf_01000000__01003002___acc415186d,群英会,pdf_01000000__01003002___acc415186d__line__000097,pdf_01000000__01003002___acc415186d__scene__003,01003002_群英会.pdf,D:\University_studies\Junior\data_visualization\experiment\final_self\opera_dataset\01000000\01003002_群英会.pdf,01000000/01003002_群英会.pdf,62507f36-aa22-4065-bb0f-f7de69f87e7c,3,【第三场】,97,dialogue,dialogue,诸葛亮,pdf_01000000__01003002___acc415186d__char__f94edb22f8,白,白,白,去；命；念白,诸葛亮,"大夫,亮奉主之命,过江同心破曹。如今大功未成,逃了回去,怎么回复吾主?此计使不得。","诸葛亮（白）大夫,亮奉主之命,过江同心破曹。如今大功未成,逃了回去,怎么回复吾主?此计使不得。"
pdf_01000000__01003002___acc415186d,群英会,pdf_01000000__01003002___acc415186d__line__000097,pdf_01000000__01003002___acc415186d__scene__003,01003002_群英会.pdf,D:\University_studies\Junior\data_visualization\experiment\final_self\opera_dataset\01000000\01003002_群英会.pdf,01000000/01003002_群英会.pdf,62507f36-aa22-4065-bb0f-f7de69f87e7c,3,【第三场】,97,dialogue,dialogue,鲁肃,pdf_01000000__01003002___acc415186d__char__d1e3ecb867,白,白,白,念白,鲁肃,"这、这,也罢,你莫若投江一死,落个全尸罢!","鲁肃（白）这、这,也罢,你莫若投江一死,落个全尸罢!"
pdf_01000000__01003002___acc415186d,群英会,pdf_01000000__01003002___acc415186d__line__000097,pdf_01000000__01003002___acc415186d__scene__003,01003002_群英会.pdf,D:\University_studies\Junior\data_visualization\experiment\final_self\opera_dataset\01000000\01003002_群英会.pdf,01000000/01003002_群英会.pdf,62507f36-aa22-4065-bb0f-f7de69f87e7c,3,【第三场】,97,dialogue,dialogue,诸葛亮,pdf_01000000__01003002___acc415186d__char__f94edb22f8,白,白,白,命；念白,诸葛亮,"蝼蚁尚且贪生,为人岂不惜命乎,大夫,这一法更使不得。","诸葛亮（白）蝼蚁尚且贪生,为人岂不惜命乎,大夫,这一法更使不得。"
pdf_01000000__01003002___acc415186d,群英会,pdf_01000000__01003002___acc415186d__line__000097,pdf_01000000__01003002___acc415186d__scene__003,01003002_群英会.pdf,D:\University_studies\Junior\data_visualization\experiment\final_self\opera_dataset\01000000\01003002_群英会.pdf,01000000/01003002_群英会.pdf,62507f36-aa22-4065-bb0f-f7de69f87e7c,3,【第三场】,97,dialogue,dialogue,鲁肃,pdf_01000000__01003002___acc415186d__char__d1e3ecb867,白,白,白,走；叫；念白,鲁肃,"叫你走,你又不走;叫你死,又死不得。真真叫我作难吓!","鲁肃（白）叫你走,你又不走;叫你死,又死不得。真真叫我作难吓!"
pdf_01000000__01003002___acc415186d,群英会,pdf_01000000__01003002___acc415186d__line__000097,pdf_01000000__01003002___acc415186d__scene__003,01003002_群英会.pdf,D:\University_studies\Junior\data_visualization\experiment\final_self\opera_dataset\01000000\01003002_群英会.pdf,01000000/01003002_群英会.pdf,62507f36-aa22-4065-bb0f-f7de69f87e7c,3,【第三场】,97,dialogue,dialogue,诸葛亮,pdf_01000000__01003002___acc415186d__char__f94edb22f8,白,白,白,念白,诸葛亮,大夫吓!,诸葛亮（白）大夫吓!
pdf_01000000__01003002___acc415186d,群英会,pdf_01000000__01003002___acc415186d__line__000097,pdf_01000000__01003002___acc415186d__scene__003,01003002_群英会.pdf,D:\University_studies\Junior\data_visualization\experiment\final_self\opera_dataset\01000000\01003002_群英会.pdf,01000000/01003002_群英会.pdf,62507f36-aa22-4065-bb0f-f7de69f87e7c,3,【第三场】,97,dialogue,dialogue,鲁肃,pdf_01000000__01003002___acc415186d__char__d1e3ecb867,白,白,白,下；念白,鲁肃,大夫不会下药!,鲁肃（白）大夫不会下药!
pdf_01000000__01003002___acc415186d,群英会,pdf_01000000__01003002___acc415186d__line__000097,pdf_01000000__01003002___acc415186d__scene__003,01003002_群英会.pdf,D:\University_studies\Junior\data_visualization\experiment\final_self\opera_dataset\01000000\01003002_群英会.pdf,01000000/01003002_群英会.pdf,62507f36-aa22-4065-bb0f-f7de69f87e7c,3,【第三场】,97,lyric,lyric,诸葛亮,pdf_01000000__01003002___acc415186d__char__f94edb22f8,西皮摇板,唱,西皮摇板,来；看；杀；唱段,诸葛亮,"鲁大夫你平常待我恩厚,你保我过江来无挂无忧。周公瑾要杀我你不相救,看起来算不得什么好朋友!","诸葛亮（西皮摇板）鲁大夫你平常待我恩厚,你保我过江来无挂无忧。周公瑾要杀我你不相救,看起来算不得什么好朋友!"
pdf_01000000__01003002___acc415186d,群英会,pdf_01000000__01003002___acc415186d__line__000097,pdf_01000000__01003002___acc415186d__scene__003,01003002_群英会.pdf,D:\University_studies\Junior\data_visualization\experiment\final_self\opera_dataset\01000000\01003002_群英会.pdf,01000000/01003002_群英会.pdf,62507f36-aa22-4065-bb0f-f7de69f87e7c,3,【第三场】,97,lyric,lyric,鲁肃,pdf_01000000__01003002___acc415186d__char__d1e3ecb867,西皮快板,唱,西皮快板,来；唱段,鲁肃,"这件事本是你自作自受,为什么把我来埋怨不休?","鲁肃（西皮快板）这件事本是你自作自受,为什么把我来埋怨不休?"
pdf_01000000__01003002___acc415186d,群英会,pdf_01000000__01003002___acc415186d__line__000097,pdf_01000000__01003002___acc415186d__scene__003,01003002_群英会.pdf,D:\University_studies\Junior\data_visualization\experiment\final_self\opera_dataset\01000000\01003002_群英会.pdf,01000000/01003002_群英会.pdf,62507f36-aa22-4065-bb0f-f7de69f87e7c,3,【第三场】,97,dialogue,dialogue,诸葛亮,pdf_01000000__01003002___acc415186d__char__f94edb22f8,白,白,白,问；念白,诸葛亮,"大夫,你不能救亮,问你借几样东西,可有吓?","诸葛亮（白）大夫,你不能救亮,问你借几样东西,可有吓?"
pdf_01000000__01003002___acc415186d,群英会,pdf_01000000__01003002___acc415186d__line__000097,pdf_01000000__01003002___acc415186d__scene__003,01003002_群英会.pdf,D:\University_studies\Junior\data_visualization\experiment\final_self\opera_dataset\01000000\01003002_群英会.pdf,01000000/01003002_群英会.pdf,62507f36-aa22-4065-bb0f-f7de69f87e7c,3,【第三场】,97,dialogue,dialogue,鲁肃,pdf_01000000__01003002___acc415186d__char__d1e3ecb867,白,白,白,念白,鲁肃,"你所要的东西,我早以办好了!这寿衣、寿帽、寿鞋,大大的一口棺材!","鲁肃（白）你所要的东西,我早以办好了!这寿衣、寿帽、寿鞋,大大的一口棺材!"
pdf_01000000__01003002___acc415186d,群英会,pdf_01000000__01003002___acc415186d__line__000097,pdf_01000000__01003002___acc415186d__scene__003,01003002_群英会.pdf,D:\University_studies\Junior\data_visualization\experiment\final_self\opera_dataset\01000000\01003002_群英会.pdf,01000000/01003002_群英会.pdf,62507f36-aa22-4065-bb0f-f7de69f87e7c,3,【第三场】,97,dialogue,dialogue,诸葛亮,pdf_01000000__01003002___acc415186d__char__f94edb22f8,白,白,白,念白,诸葛亮,什么话?,诸葛亮（白）什么话?
pdf_01000000__01003002___acc415186d,群英会,pdf_01000000__01003002___acc415186d__line__000097,pdf_01000000__01003002___acc415186d__scene__003,01003002_群英会.pdf,D:\University_studies\Junior\data_visualization\experiment\final_self\opera_dataset\01000000\01003002_群英会.pdf,01000000/01003002_群英会.pdf,62507f36-aa22-4065-bb0f-f7de69f87e7c,3,【第三场】,97,dialogue,dialogue,鲁肃,pdf_01000000__01003002___acc415186d__char__d1e3ecb867,白,白,白,念白,鲁肃,要什么东西?,鲁肃（白）要什么东西?
pdf_01000000__01003002___acc415186d,群英会,pdf_01000000__01003002___acc415186d__line__000097,pdf_01000000__01003002___acc415186d__scene__003,01003002_群英会.pdf,D:\University_studies\Junior\data_visualization\experiment\final_self\opera_dataset\01000000\01003002_群英会.pdf,01000000/01003002_群英会.pdf,62507f36-aa22-4065-bb0f-f7de69f87e7c,3,【第三场】,97,dialogue,dialogue,诸葛亮,pdf_01000000__01003002___acc415186d__char__f94edb22f8,白,白,白,念白,诸葛亮,战船二十支?,诸葛亮（白）战船二十支?
pdf_01000000__01003002___acc415186d,群英会,pdf_01000000__01003002___acc415186d__line__000097,pdf_01000000__01003002___acc415186d__scene__003,01003002_群英会.pdf,D:\University_studies\Junior\data_visualization\experiment\final_self\opera_dataset\01000000\01003002_群英会.pdf,01000000/01003002_群英会.pdf,62507f36-aa22-4065-bb0f-f7de69f87e7c,3,【第三场】,97,dialogue,dialogue,鲁肃,pdf_01000000__01003002___acc415186d__char__d1e3ecb867,白,白,白,念白,鲁肃,有的。,鲁肃（白）有的。
pdf_01000000__01003002___acc415186d,群英会,pdf_01000000__01003002___acc415186d__line__000097,pdf_01000000__01003002___acc415186d__scene__003,01003002_群英会.pdf,D:\University_studies\Junior\data_visualization\experiment\final_self\opera_dataset\01000000\01003002_群英会.pdf,01000000/01003002_群英会.pdf,62507f36-aa22-4065-bb0f-f7de69f87e7c,3,【第三场】,97,dialogue,dialogue,诸葛亮,pdf_01000000__01003002___acc415186d__char__f94edb22f8,白,白,白,念白,诸葛亮；军士,军士五百名?,诸葛亮（白）军士五百名?
pdf_01000000__01003002___acc415186d,群英会,pdf_01000000__01003002___acc415186d__line__000097,pdf_01000000__01003002___acc415186d__scene__003,01003002_群英会.pdf,D:\University_studies\Junior\data_visualization\experiment\final_self\opera_dataset\01000000\01003002_群英会.pdf,01000000/01003002_群英会.pdf,62507f36-aa22-4065-bb0f-f7de69f87e7c,3,【第三场】,97,dialogue,dialogue,鲁肃,pdf_01000000__01003002___acc415186d__char__d1e3ecb867,白,白,白,念白,鲁肃,有的。,鲁肃（白）有的。
pdf_01000000__01003002___acc415186d,群英会,pdf_01000000__01003002___acc415186d__line__000097,pdf_01000000__01003002___acc415186d__scene__003,01003002_群英会.pdf,D:\University_studies\Junior\data_visualization\experiment\final_self\opera_dataset\01000000\01003002_群英会.pdf,01000000/01003002_群英会.pdf,62507f36-aa22-4065-bb0f-f7de69f87e7c,3,【第三场】,97,dialogue,dialogue,诸葛亮,pdf_01000000__01003002___acc415186d__char__f94edb22f8,白,白,白,念白,诸葛亮,茅草千担?,诸葛亮（白）茅草千担?
pdf_01000000__01003002___acc415186d,群英会,pdf_01000000__01003002___acc415186d__line__000097,pdf_01000000__01003002___acc415186d__scene__003,01003002_群英会.pdf,D:\University_studies\Junior\data_visualization\experiment\final_self\opera_dataset\01000000\01003002_群英会.pdf,01000000/01003002_群英会.pdf,62507f36-aa22-4065-bb0f-f7de69f87e7c,3,【第三场】,97,dialogue,dialogue,鲁肃,pdf_01000000__01003002___acc415186d__char__d1e3ecb867,白,白,白,念白,鲁肃,有的。,鲁肃（白）有的。
pdf_01000000__01003002___acc415186d,群英会,pdf_01000000__01003002___acc415186d__line__000097,pdf_01000000__01003002___acc415186d__scene__003,01003002_群英会.pdf,D:\University_studies\Junior\data_visualization\experiment\final_self\opera_dataset\01000000\01003002_群英会.pdf,01000000/01003002_群英会.pdf,62507f36-aa22-4065-bb0f-f7de69f87e7c,3,【第三场】,97,dialogue,dialogue,诸葛亮,pdf_01000000__01003002___acc415186d__char__f94edb22f8,白,白,白,念白,诸葛亮,"青布幔帐,锣鼓全套?","诸葛亮（白）青布幔帐,锣鼓全套?"
pdf_01000000__01003002___acc415186d,群英会,pdf_01000000__01003002___acc415186d__line__000097,pdf_01000000__01003002___acc415186d__scene__003,01003002_群英会.pdf,D:\University_studies\Junior\data_visualization\experiment\final_self\opera_dataset\01000000\01003002_群英会.pdf,01000000/01003002_群英会.pdf,62507f36-aa22-4065-bb0f-f7de69f87e7c,3,【第三场】,97,dialogue,dialogue,鲁肃,pdf_01000000__01003002___acc415186d__char__d1e3ecb867,白,白,白,念白,鲁肃,有的。,鲁肃（白）有的。
pdf_01000000__01003002___acc415186d,群英会,pdf_01000000__01003002___acc415186d__line__000097,pdf_01000000__01003002___acc415186d__scene__003,01003002_群英会.pdf,D:\University_studies\Junior\data_visualization\experiment\final_self\opera_dataset\01000000\01003002_群英会.pdf,01000000/01003002_群英会.pdf,62507f36-aa22-4065-bb0f-f7de69f87e7c,3,【第三场】,97,dialogue,dialogue,诸葛亮,pdf_01000000__01003002___acc415186d__char__f94edb22f8,白,白,白,念白,诸葛亮,还要备酒一席。,诸葛亮（白）还要备酒一席。
pdf_01000000__01003002___acc415186d,群英会,pdf_01000000__01003002___acc415186d__line__000097,pdf_01000000__01003002___acc415186d__scene__003,01003002_群英会.pdf,D:\University_studies\Junior\data_visualization\experiment\final_self\opera_dataset\01000000\01003002_群英会.pdf,01000000/01003002_群英会.pdf,62507f36-aa22-4065-bb0f-f7de69f87e7c,3,【第三场】,97,dialogue,dialogue,鲁肃,pdf_01000000__01003002___acc415186d__char__d1e3ecb867,白,白,白,念白,鲁肃,"这些东西军中所用,这酒席何用?","鲁肃（白）这些东西军中所用,这酒席何用?"
pdf_01000000__01003002___acc415186d,群英会,pdf_01000000__01003002___acc415186d__line__000097,pdf_01000000__01003002___acc415186d__scene__003,01003002_群英会.pdf,D:\University_studies\Junior\data_visualization\experiment\final_self\opera_dataset\01000000\01003002_群英会.pdf,01000000/01003002_群英会.pdf,62507f36-aa22-4065-bb0f-f7de69f87e7c,3,【第三场】,97,dialogue,dialogue,诸葛亮,pdf_01000000__01003002___acc415186d__char__f94edb22f8,白,白,白,念白,诸葛亮,"我与大夫,舟中饮酒取乐吓。","诸葛亮（白）我与大夫,舟中饮酒取乐吓。"
pdf_01000000__01003002___acc415186d,群英会,pdf_01000000__01003002___acc415186d__line__000097,pdf_01000000__01003002___acc415186d__scene__003,01003002_群英会.pdf,D:\University_studies\Junior\data_visualization\experiment\final_self\opera_dataset\01000000\01003002_群英会.pdf,01000000/01003002_群英会.pdf,62507f36-aa22-4065-bb0f-f7de69f87e7c,3,【第三场】,97,dialogue,dialogue,鲁肃,pdf_01000000__01003002___acc415186d__char__d1e3ecb867,白,白,白,进；看；念白,鲁肃,"明日进帐,没有箭交,我看你还是饮酒,还之取乐吓!","鲁肃（白）明日进帐,没有箭交,我看你还是饮酒,还之取乐吓!"
pdf_01000000__01003002___acc415186d,群英会,pdf_01000000__01003002___acc415186d__line__000097,pdf_01000000__01003002___acc415186d__scene__003,01003002_群英会.pdf,D:\University_studies\Junior\data_visualization\experiment\final_self\opera_dataset\01000000\01003002_群英会.pdf,01000000/01003002_群英会.pdf,62507f36-aa22-4065-bb0f-f7de69f87e7c,3,【第三场】,97,dialogue,dialogue,诸葛亮,pdf_01000000__01003002___acc415186d__char__f94edb22f8,白,白,白,来；去；念白,诸葛亮,你去办来。,诸葛亮（白）你去办来。
pdf_01000000__01003002___acc415186d,群英会,pdf_01000000__01003002___acc415186d__line__000097,pdf_01000000__01003002___acc415186d__scene__003,01003002_群英会.pdf,D:\University_studies\Junior\data_visualization\experiment\final_self\opera_dataset\01000000\01003002_群英会.pdf,01000000/01003002_群英会.pdf,62507f36-aa22-4065-bb0f-f7de69f87e7c,3,【第三场】,97,lyric,lyric,鲁肃,pdf_01000000__01003002___acc415186d__char__d1e3ecb867,西皮快板,唱,西皮快板,走；唱段,鲁肃,"十万箭今夜晚怎生造就?怕只怕见都督难保人头。倒不如我这里放你逃走,鲁子敬为朋友顺水推舟。","鲁肃（西皮快板）十万箭今夜晚怎生造就?怕只怕见都督难保人头。倒不如我这里放你逃走,鲁子敬为朋友顺水推舟。"
pdf_01000000__01003002___acc415186d,群英会,pdf_01000000__01003002___acc415186d__line__000097,pdf_01000000__01003002___acc415186d__scene__003,01003002_群英会.pdf,D:\University_studies\Junior\data_visualization\experiment\final_self\opera_dataset\01000000\01003002_群英会.pdf,01000000/01003002_群英会.pdf,62507f36-aa22-4065-bb0f-f7de69f87e7c,3,【第三场】,97,lyric,lyric,诸葛亮,pdf_01000000__01003002___acc415186d__char__f94edb22f8,西皮摇板,唱,西皮摇板,唱段,诸葛亮；鲁肃,"这件事量鲁肃猜疑不透,他哪知我腹内另有机谋。","诸葛亮（西皮摇板）这件事量鲁肃猜疑不透,他哪知我腹内另有机谋。"
pdf_01000000__01003002___acc415186d,群英会,pdf_01000000__01003002___acc415186d__line__000099,pdf_01000000__01003002___acc415186d__scene__003,01003002_群英会.pdf,D:\University_studies\Junior\data_visualization\experiment\final_self\opera_dataset\01000000\01003002_群英会.pdf,01000000/01003002_群英会.pdf,62507f36-aa22-4065-bb0f-f7de69f87e7c,3,【第三场】,99,lyric,lyric,鲁肃,pdf_01000000__01003002___acc415186d__char__d1e3ecb867,西皮摇板,唱,西皮摇板,请；唱段,鲁肃,"一桩桩一件件俱已办就,请先生到江边速速登舟。","鲁肃（西皮摇板）一桩桩一件件俱已办就,请先生到江边速速登舟。"
pdf_01000000__01003002___acc415186d,群英会,pdf_01000000__01003002___acc415186d__line__000099,pdf_01000000__01003002___acc415186d__scene__003,01003002_群英会.pdf,D:\University_studies\Junior\data_visualization\experiment\final_self\opera_dataset\01000000\01003002_群英会.pdf,01000000/01003002_群英会.pdf,62507f36-aa22-4065-bb0f-f7de69f87e7c,3,【第三场】,99,dialogue,dialogue,诸葛亮,pdf_01000000__01003002___acc415186d__char__f94edb22f8,白,白,白,来；念白,诸葛亮,"大夫来了,可曾齐备?","诸葛亮（白）大夫来了,可曾齐备?"
pdf_01000000__01003002___acc415186d,群英会,pdf_01000000__01003002___acc415186d__line__000099,pdf_01000000__01003002___acc415186d__scene__003,01003002_群英会.pdf,D:\University_studies\Junior\data_visualization\experiment\final_self\opera_dataset\01000000\01003002_群英会.pdf,01000000/01003002_群英会.pdf,62507f36-aa22-4065-bb0f-f7de69f87e7c,3,【第三场】,99,dialogue,dialogue,鲁肃,pdf_01000000__01003002___acc415186d__char__d1e3ecb867,白,白,白,念白,鲁肃,俱以齐备。,鲁肃（白）俱以齐备。
pdf_01000000__01003002___acc415186d,群英会,pdf_01000000__01003002___acc415186d__line__000099,pdf_01000000__01003002___acc415186d__scene__003,01003002_群英会.pdf,D:\University_studies\Junior\data_visualization\experiment\final_self\opera_dataset\01000000\01003002_群英会.pdf,01000000/01003002_群英会.pdf,62507f36-aa22-4065-bb0f-f7de69f87e7c,3,【第三场】,99,dialogue,dialogue,诸葛亮,pdf_01000000__01003002___acc415186d__char__f94edb22f8,白,白,白,请；念白,诸葛亮,请。,诸葛亮（白）请。
pdf_01000000__01003002___acc415186d,群英会,pdf_01000000__01003002___acc415186d__line__000099,pdf_01000000__01003002___acc415186d__scene__003,01003002_群英会.pdf,D:\University_studies\Junior\data_visualization\experiment\final_self\opera_dataset\01000000\01003002_群英会.pdf,01000000/01003002_群英会.pdf,62507f36-aa22-4065-bb0f-f7de69f87e7c,3,【第三场】,99,dialogue,dialogue,鲁肃,pdf_01000000__01003002___acc415186d__char__d1e3ecb867,白,白,白,去；念白,鲁肃,哪里去?,鲁肃（白）哪里去?
pdf_01000000__01003002___acc415186d,群英会,pdf_01000000__01003002___acc415186d__line__000099,pdf_01000000__01003002___acc415186d__scene__003,01003002_群英会.pdf,D:\University_studies\Junior\data_visualization\experiment\final_self\opera_dataset\01000000\01003002_群英会.pdf,01000000/01003002_群英会.pdf,62507f36-aa22-4065-bb0f-f7de69f87e7c,3,【第三场】,99,dialogue,dialogue,诸葛亮,pdf_01000000__01003002___acc415186d__char__f94edb22f8,白,白,白,念白,诸葛亮,同往舟中饮酒。,诸葛亮（白）同往舟中饮酒。
pdf_01000000__01003002___acc415186d,群英会,pdf_01000000__01003002___acc415186d__line__000099,pdf_01000000__01003002___acc415186d__scene__003,01003002_群英会.pdf,D:\University_studies\Junior\data_visualization\experiment\final_self\opera_dataset\01000000\01003002_群英会.pdf,01000000/01003002_群英会.pdf,62507f36-aa22-4065-bb0f-f7de69f87e7c,3,【第三场】,99,dialogue,dialogue,鲁肃,pdf_01000000__01003002___acc415186d__char__d1e3ecb867,白,白,白,下；念白,鲁肃,"下官营中有事,不能奉陪。","鲁肃（白）下官营中有事,不能奉陪。"
pdf_01000000__01003002___acc415186d,群英会,pdf_01000000__01003002___acc415186d__line__000099,pdf_01000000__01003002___acc415186d__scene__003,01003002_群英会.pdf,D:\University_studies\Junior\data_visualization\experiment\final_self\opera_dataset\01000000\01003002_群英会.pdf,01000000/01003002_群英会.pdf,62507f36-aa22-4065-bb0f-f7de69f87e7c,3,【第三场】,99,dialogue,dialogue,诸葛亮,pdf_01000000__01003002___acc415186d__char__f94edb22f8,白,白,白,走；念白,诸葛亮,走走走。,诸葛亮（白）走走走。
pdf_01000000__01003002___acc415186d,群英会,pdf_01000000__01003002___acc415186d__line__000103,pdf_01000000__01003002___acc415186d__scene__004,01003002_群英会.pdf,D:\University_studies\Junior\data_visualization\experiment\final_self\opera_dataset\01000000\01003002_群英会.pdf,01000000/01003002_群英会.pdf,62507f36-aa22-4065-bb0f-f7de69f87e7c,4,【第六场】,103,stage_direction,stage_direction,,,二水手同上，诸葛亮拉鲁肃同上。,做,二水手同上，诸葛亮拉鲁肃同上。,上,诸葛亮；鲁肃,,（二水手同上，诸葛亮拉鲁肃同上。）
pdf_01000000__01003002___acc415186d,群英会,pdf_01000000__01003002___acc415186d__line__000105,pdf_01000000__01003002___acc415186d__scene__004,01003002_群英会.pdf,D:\University_studies\Junior\data_visualization\experiment\final_self\opera_dataset\01000000\01003002_群英会.pdf,01000000/01003002_群英会.pdf,62507f36-aa22-4065-bb0f-f7de69f87e7c,4,【第六场】,105,dialogue,dialogue,二水手,pdf_01000000__01003002___acc415186d__char__1fd1e9cf74,同白,白,同白,念白,二水手,"启爷:满江大雾,观不见水景。","二水手（同白）启爷:满江大雾,观不见水景。"
pdf_01000000__01003002___acc415186d,群英会,pdf_01000000__01003002___acc415186d__line__000105,pdf_01000000__01003002___acc415186d__scene__004,01003002_群英会.pdf,D:\University_studies\Junior\data_visualization\experiment\final_self\opera_dataset\01000000\01003002_群英会.pdf,01000000/01003002_群英会.pdf,62507f36-aa22-4065-bb0f-f7de69f87e7c,4,【第六场】,105,dialogue,dialogue,诸葛亮,pdf_01000000__01003002___acc415186d__char__f94edb22f8,白,白,白,进；念白,诸葛亮,将船往北而进。,诸葛亮（白）将船往北而进。
pdf_01000000__01003002___acc415186d,群英会,pdf_01000000__01003002___acc415186d__line__000105,pdf_01000000__01003002___acc415186d__scene__004,01003002_群英会.pdf,D:\University_studies\Junior\data_visualization\experiment\final_self\opera_dataset\01000000\01003002_群英会.pdf,01000000/01003002_群英会.pdf,62507f36-aa22-4065-bb0f-f7de69f87e7c,4,【第六场】,105,dialogue,dialogue,鲁肃,pdf_01000000__01003002___acc415186d__char__d1e3ecb867,白,白,白,下；去；念白,鲁肃,"曹营在北,去不得的,我要下去了。","鲁肃（白）曹营在北,去不得的,我要下去了。"
pdf_01000000__01003002___acc415186d,群英会,pdf_01000000__01003002___acc415186d__line__000105,pdf_01000000__01003002___acc415186d__scene__004,01003002_群英会.pdf,D:\University_studies\Junior\data_visualization\experiment\final_self\opera_dataset\01000000\01003002_群英会.pdf,01000000/01003002_群英会.pdf,62507f36-aa22-4065-bb0f-f7de69f87e7c,4,【第六场】,105,dialogue,dialogue,诸葛亮,pdf_01000000__01003002___acc415186d__char__f94edb22f8,白,白,白,请；念白,诸葛亮,"船离了岸,不能拢岸。大夫请。","诸葛亮（白）船离了岸,不能拢岸。大夫请。"
pdf_01000000__01003002___acc415186d,群英会,pdf_01000000__01003002___acc415186d__line__000105,pdf_01000000__01003002___acc415186d__scene__004,01003002_群英会.pdf,D:\University_studies\Junior\data_visualization\experiment\final_self\opera_dataset\01000000\01003002_群英会.pdf,01000000/01003002_群英会.pdf,62507f36-aa22-4065-bb0f-f7de69f87e7c,4,【第六场】,105,lyric,lyric,鲁肃,pdf_01000000__01003002___acc415186d__char__d1e3ecb867,西皮原板,唱,西皮原板,来；去；命；唱段,鲁肃,"鲁子敬在舟中浑身战抖,把性命当儿戏全不担忧。这时候哪还有心肠饮酒?此一去到曹营把命来丢!","鲁肃（西皮原板）鲁子敬在舟中浑身战抖,把性命当儿戏全不担忧。这时候哪还有心肠饮酒?此一去到曹营把命来丢!"
pdf_01000000__01003002___acc415186d,群英会,pdf_01000000__01003002___acc415186d__line__000105,pdf_01000000__01003002___acc415186d__scene__004,01003002_群英会.pdf,D:\University_studies\Junior\data_visualization\experiment\final_self\opera_dataset\01000000\01003002_群英会.pdf,01000000/01003002_群英会.pdf,62507f36-aa22-4065-bb0f-f7de69f87e7c,4,【第六场】,105,dialogue,dialogue,二水手,pdf_01000000__01003002___acc415186d__char__1fd1e9cf74,同白,白,同白,念白,二水手,启爷:离曹营只有四十余里。,二水手（同白）启爷:离曹营只有四十余里。
pdf_01000000__01003002___acc415186d,群英会,pdf_01000000__01003002___acc415186d__line__000105,pdf_01000000__01003002___acc415186d__scene__004,01003002_群英会.pdf,D:\University_studies\Junior\data_visualization\experiment\final_self\opera_dataset\01000000\01003002_群英会.pdf,01000000/01003002_群英会.pdf,62507f36-aa22-4065-bb0f-f7de69f87e7c,4,【第六场】,105,dialogue,dialogue,诸葛亮,pdf_01000000__01003002___acc415186d__char__f94edb22f8,白,白,白,念白,诸葛亮,将船直放曹营。,诸葛亮（白）将船直放曹营。
pdf_01000000__01003002___acc415186d,群英会,pdf_01000000__01003002___acc415186d__line__000105,pdf_01000000__01003002___acc415186d__scene__004,01003002_群英会.pdf,D:\University_studies\Junior\data_visualization\experiment\final_self\opera_dataset\01000000\01003002_群英会.pdf,01000000/01003002_群英会.pdf,62507f36-aa22-4065-bb0f-f7de69f87e7c,4,【第六场】,105,dialogue,dialogue,鲁肃,pdf_01000000__01003002___acc415186d__char__d1e3ecb867,白,白,白,上；去；念白,鲁肃,"水手,去不得的!我要上岸了。","鲁肃（白）水手,去不得的!我要上岸了。"
pdf_01000000__01003002___acc415186d,群英会,pdf_01000000__01003002___acc415186d__line__000105,pdf_01000000__01003002___acc415186d__scene__004,01003002_群英会.pdf,D:\University_studies\Junior\data_visualization\experiment\final_self\opera_dataset\01000000\01003002_群英会.pdf,01000000/01003002_群英会.pdf,62507f36-aa22-4065-bb0f-f7de69f87e7c,4,【第六场】,105,dialogue,dialogue,诸葛亮,pdf_01000000__01003002___acc415186d__char__f94edb22f8,白,白,白,去；念白,诸葛亮,"船行半江,越发不能去了,只好饮酒取乐。","诸葛亮（白）船行半江,越发不能去了,只好饮酒取乐。"
pdf_01000000__01003002___acc415186d,群英会,pdf_01000000__01003002___acc415186d__line__000105,pdf_01000000__01003002___acc415186d__scene__004,01003002_群英会.pdf,D:\University_studies\Junior\data_visualization\experiment\final_self\opera_dataset\01000000\01003002_群英会.pdf,01000000/01003002_群英会.pdf,62507f36-aa22-4065-bb0f-f7de69f87e7c,4,【第六场】,105,dialogue,dialogue,鲁肃,pdf_01000000__01003002___acc415186d__char__d1e3ecb867,白,白,白,请；命；念白,鲁肃,"好,拼着性命不要,相遇你这朋友,先生请酒。","鲁肃（白）好,拼着性命不要,相遇你这朋友,先生请酒。"
pdf_01000000__01003002___acc415186d,群英会,pdf_01000000__01003002___acc415186d__line__000105,pdf_01000000__01003002___acc415186d__scene__004,01003002_群英会.pdf,D:\University_studies\Junior\data_visualization\experiment\final_self\opera_dataset\01000000\01003002_群英会.pdf,01000000/01003002_群英会.pdf,62507f36-aa22-4065-bb0f-f7de69f87e7c,4,【第六场】,105,lyric,lyric,诸葛亮,pdf_01000000__01003002___acc415186d__char__f94edb22f8,西皮摇板,唱,西皮摇板,唱段,诸葛亮,"劝大夫放开怀宽心饮酒,些须小事何要你这等的忧愁。","诸葛亮（西皮摇板）劝大夫放开怀宽心饮酒,些须小事何要你这等的忧愁。"
pdf_01000000__01003002___acc415186d,群英会,pdf_01000000__01003002___acc415186d__line__000105,pdf_01000000__01003002___acc415186d__scene__004,01003002_群英会.pdf,D:\University_studies\Junior\data_visualization\experiment\final_self\opera_dataset\01000000\01003002_群英会.pdf,01000000/01003002_群英会.pdf,62507f36-aa22-4065-bb0f-f7de69f87e7c,4,【第六场】,105,dialogue,dialogue,二水手,pdf_01000000__01003002___acc415186d__char__1fd1e9cf74,同白,白,同白,念白,二水手,离曹营只有一箭之地。,二水手（同白）离曹营只有一箭之地。
pdf_01000000__01003002___acc415186d,群英会,pdf_01000000__01003002___acc415186d__line__000105,pdf_01000000__01003002___acc415186d__scene__004,01003002_群英会.pdf,D:\University_studies\Junior\data_visualization\experiment\final_self\opera_dataset\01000000\01003002_群英会.pdf,01000000/01003002_群英会.pdf,62507f36-aa22-4065-bb0f-f7de69f87e7c,4,【第六场】,105,dialogue,dialogue,诸葛亮,pdf_01000000__01003002___acc415186d__char__f94edb22f8,白,白,白,念白,诸葛亮,"吩咐鸣锣,擂鼓呐喊。","诸葛亮（白）吩咐鸣锣,擂鼓呐喊。"
pdf_01000000__01003002___acc415186d,群英会,pdf_01000000__01003002___acc415186d__line__000105,pdf_01000000__01003002___acc415186d__scene__004,01003002_群英会.pdf,D:\University_studies\Junior\data_visualization\experiment\final_self\opera_dataset\01000000\01003002_群英会.pdf,01000000/01003002_群英会.pdf,62507f36-aa22-4065-bb0f-f7de69f87e7c,4,【第六场】,105,dialogue,dialogue,蒋干,pdf_01000000__01003002___acc415186d__char__d7ced696d8,白,白,白,禀；念白,蒋干,启禀丞相:外面人声呐喊。,蒋干（白）启禀丞相:外面人声呐喊。
pdf_01000000__01003002___acc415186d,群英会,pdf_01000000__01003002___acc415186d__line__000105,pdf_01000000__01003002___acc415186d__scene__004,01003002_群英会.pdf,D:\University_studies\Junior\data_visualization\experiment\final_self\opera_dataset\01000000\01003002_群英会.pdf,01000000/01003002_群英会.pdf,62507f36-aa22-4065-bb0f-f7de69f87e7c,4,【第六场】,105,dialogue,dialogue,曹操,pdf_01000000__01003002___acc415186d__char__80042e74d8,内白,白,内白,念白,曹操,"人声呐喊,想是周郎偷营,吩咐放箭!","曹操（内白）人声呐喊,想是周郎偷营,吩咐放箭!"
pdf_01000000__01003002___acc415186d,群英会,pdf_01000000__01003002___acc415186d__line__000105,pdf_01000000__01003002___acc415186d__scene__004,01003002_群英会.pdf,D:\University_studies\Junior\data_visualization\experiment\final_self\opera_dataset\01000000\01003002_群英会.pdf,01000000/01003002_群英会.pdf,62507f36-aa22-4065-bb0f-f7de69f87e7c,4,【第六场】,105,dialogue,dialogue,蒋干,pdf_01000000__01003002___acc415186d__char__d7ced696d8,白,白,白,念白,蒋干,放箭!,蒋干（白）放箭!
pdf_01000000__01003002___acc415186d,群英会,pdf_01000000__01003002___acc415186d__line__000105,pdf_01000000__01003002___acc415186d__scene__004,01003002_群英会.pdf,D:\University_studies\Junior\data_visualization\experiment\final_self\opera_dataset\01000000\01003002_群英会.pdf,01000000/01003002_群英会.pdf,62507f36-aa22-4065-bb0f-f7de69f87e7c,4,【第六场】,105,dialogue,dialogue,二水手,pdf_01000000__01003002___acc415186d__char__1fd1e9cf74,同白,白,同白,念白,二水手,启爷:小舟沉载不起。,二水手（同白）启爷:小舟沉载不起。
pdf_01000000__01003002___acc415186d,群英会,pdf_01000000__01003002___acc415186d__line__000105,pdf_01000000__01003002___acc415186d__scene__004,01003002_群英会.pdf,D:\University_studies\Junior\data_visualization\experiment\final_self\opera_dataset\01000000\01003002_群英会.pdf,01000000/01003002_群英会.pdf,62507f36-aa22-4065-bb0f-f7de69f87e7c,4,【第六场】,105,dialogue,dialogue,诸葛亮,pdf_01000000__01003002___acc415186d__char__f94edb22f8,白,白,白,去；念白,诸葛亮,"前去大喊三声:“南阳诸葛借箭,谢丞相赠十万雕翎。”","诸葛亮（白）前去大喊三声:“南阳诸葛借箭,谢丞相赠十万雕翎。”"
pdf_01000000__01003002___acc415186d,群英会,pdf_01000000__01003002___acc415186d__line__000105,pdf_01000000__01003002___acc415186d__scene__004,01003002_群英会.pdf,D:\University_studies\Junior\data_visualization\experiment\final_self\opera_dataset\01000000\01003002_群英会.pdf,01000000/01003002_群英会.pdf,62507f36-aa22-4065-bb0f-f7de69f87e7c,4,【第六场】,105,dialogue,dialogue,二水手,pdf_01000000__01003002___acc415186d__char__1fd1e9cf74,同白,白,同白,念白,二水手,"南阳诸葛借箭,谢丞相赠十万雕翎!","二水手（同白）南阳诸葛借箭,谢丞相赠十万雕翎!"
pdf_01000000__01003002___acc415186d,群英会,pdf_01000000__01003002___acc415186d__line__000105,pdf_01000000__01003002___acc415186d__scene__004,01003002_群英会.pdf,D:\University_studies\Junior\data_visualization\experiment\final_self\opera_dataset\01000000\01003002_群英会.pdf,01000000/01003002_群英会.pdf,62507f36-aa22-4065-bb0f-f7de69f87e7c,4,【第六场】,105,dialogue,dialogue,鲁肃,pdf_01000000__01003002___acc415186d__char__d1e3ecb867,白,白,白,念白,鲁肃,我这才明白了。,鲁肃（白）我这才明白了。
pdf_01000000__01003002___acc415186d,群英会,pdf_01000000__01003002___acc415186d__line__000105,pdf_01000000__01003002___acc415186d__scene__004,01003002_群英会.pdf,D:\University_studies\Junior\data_visualization\experiment\final_self\opera_dataset\01000000\01003002_群英会.pdf,01000000/01003002_群英会.pdf,62507f36-aa22-4065-bb0f-f7de69f87e7c,4,【第六场】,105,dialogue,dialogue,曹操,pdf_01000000__01003002___acc415186d__char__80042e74d8,白,白,白,来；道；追；念白,曹操,"我道周郎偷营,原来孔明借箭,吩咐众舟追赶!","曹操（白）我道周郎偷营,原来孔明借箭,吩咐众舟追赶!"
pdf_01000000__01003002___acc415186d,群英会,pdf_01000000__01003002___acc415186d__line__000105,pdf_01000000__01003002___acc415186d__scene__004,01003002_群英会.pdf,D:\University_studies\Junior\data_visualization\experiment\final_self\opera_dataset\01000000\01003002_群英会.pdf,01000000/01003002_群英会.pdf,62507f36-aa22-4065-bb0f-f7de69f87e7c,4,【第六场】,105,dialogue,dialogue,蒋干,pdf_01000000__01003002___acc415186d__char__d7ced696d8,白,白,白,上；追；念白,蒋干,"顺风顺水,追之不上。","蒋干（白）顺风顺水,追之不上。"
pdf_01000000__01003002___acc415186d,群英会,pdf_01000000__01003002___acc415186d__line__000105,pdf_01000000__01003002___acc415186d__scene__004,01003002_群英会.pdf,D:\University_studies\Junior\data_visualization\experiment\final_self\opera_dataset\01000000\01003002_群英会.pdf,01000000/01003002_群英会.pdf,62507f36-aa22-4065-bb0f-f7de69f87e7c,4,【第六场】,105,dialogue,dialogue,曹操,pdf_01000000__01003002___acc415186d__char__80042e74d8,念,念,念,,曹操,"时时防计巧,","曹操（念）时时防计巧,"
pdf_01000000__01003002___acc415186d,群英会,pdf_01000000__01003002___acc415186d__line__000105,pdf_01000000__01003002___acc415186d__scene__004,01003002_群英会.pdf,D:\University_studies\Junior\data_visualization\experiment\final_self\opera_dataset\01000000\01003002_群英会.pdf,01000000/01003002_群英会.pdf,62507f36-aa22-4065-bb0f-f7de69f87e7c,4,【第六场】,105,dialogue,dialogue,蒋干,pdf_01000000__01003002___acc415186d__char__d7ced696d8,念,念,念,,蒋干,着着让人高。,蒋干（念）着着让人高。
pdf_01000000__01003002___acc415186d,群英会,pdf_01000000__01003002___acc415186d__line__000105,pdf_01000000__01003002___acc415186d__scene__004,01003002_群英会.pdf,D:\University_studies\Junior\data_visualization\experiment\final_self\opera_dataset\01000000\01003002_群英会.pdf,01000000/01003002_群英会.pdf,62507f36-aa22-4065-bb0f-f7de69f87e7c,4,【第六场】,105,dialogue,dialogue,曹操,pdf_01000000__01003002___acc415186d__char__80042e74d8,念,念,念,去,曹操,"去了十万箭,","曹操（念）去了十万箭,"
pdf_01000000__01003002___acc415186d,群英会,pdf_01000000__01003002___acc415186d__line__000107,pdf_01000000__01003002___acc415186d__scene__004,01003002_群英会.pdf,D:\University_studies\Junior\data_visualization\experiment\final_self\opera_dataset\01000000\01003002_群英会.pdf,01000000/01003002_群英会.pdf,62507f36-aa22-4065-bb0f-f7de69f87e7c,4,【第六场】,107,dialogue,dialogue,蒋干,pdf_01000000__01003002___acc415186d__char__d7ced696d8,念,念,念,来,蒋干,明日再来造。,蒋干（念）明日再来造。
pdf_01000000__01003002___acc415186d,群英会,pdf_01000000__01003002___acc415186d__line__000107,pdf_01000000__01003002___acc415186d__scene__004,01003002_群英会.pdf,D:\University_studies\Junior\data_visualization\experiment\final_self\opera_dataset\01000000\01003002_群英会.pdf,01000000/01003002_群英会.pdf,62507f36-aa22-4065-bb0f-f7de69f87e7c,4,【第六场】,107,dialogue,dialogue,曹操,pdf_01000000__01003002___acc415186d__char__80042e74d8,白,白,白,念白,曹操,又中他人之计了!,曹操（白）又中他人之计了!
pdf_01000000__01003002___acc415186d,群英会,pdf_01000000__01003002___acc415186d__line__000107,pdf_01000000__01003002___acc415186d__scene__004,01003002_群英会.pdf,D:\University_studies\Junior\data_visualization\experiment\final_self\opera_dataset\01000000\01003002_群英会.pdf,01000000/01003002_群英会.pdf,62507f36-aa22-4065-bb0f-f7de69f87e7c,4,【第六场】,107,dialogue,dialogue,蒋干,pdf_01000000__01003002___acc415186d__char__d7ced696d8,白,白,白,下；念白,蒋干,下次不中就是。,蒋干（白）下次不中就是。
pdf_01000000__01003002___acc415186d,群英会,pdf_01000000__01003002___acc415186d__line__000107,pdf_01000000__01003002___acc415186d__scene__004,01003002_群英会.pdf,D:\University_studies\Junior\data_visualization\experiment\final_self\opera_dataset\01000000\01003002_群英会.pdf,01000000/01003002_群英会.pdf,62507f36-aa22-4065-bb0f-f7de69f87e7c,4,【第六场】,107,dialogue,dialogue,曹操,pdf_01000000__01003002___acc415186d__char__80042e74d8,白,白,白,念白,曹操,又坏了你手!,曹操（白）又坏了你手!
pdf_01000000__01003002___acc415186d,群英会,pdf_01000000__01003002___acc415186d__line__000107,pdf_01000000__01003002___acc415186d__scene__004,01003002_群英会.pdf,D:\University_studies\Junior\data_visualization\experiment\final_self\opera_dataset\01000000\01003002_群英会.pdf,01000000/01003002_群英会.pdf,62507f36-aa22-4065-bb0f-f7de69f87e7c,4,【第六场】,107,dialogue,dialogue,蒋干,pdf_01000000__01003002___acc415186d__char__d7ced696d8,白,白,白,念白,蒋干,"又是我的不好,真真难办事吓。","蒋干（白）又是我的不好,真真难办事吓。"
pdf_01000000__01003002___acc415186d,群英会,pdf_01000000__01003002___acc415186d__line__000109,pdf_01000000__01003002___acc415186d__scene__004,01003002_群英会.pdf,D:\University_studies\Junior\data_visualization\experiment\final_self\opera_dataset\01000000\01003002_群英会.pdf,01000000/01003002_群英会.pdf,62507f36-aa22-4065-bb0f-f7de69f87e7c,4,【第六场】,109,stage_direction,stage_direction,,,曹操、蒋干同下。,做,曹操、蒋干同下。,下,曹操；蒋干,,（曹操、蒋干同下。）
pdf_01000000__01003002___acc415186d,群英会,pdf_01000000__01003002___acc415186d__line__000113,pdf_01000000__01003002___acc415186d__scene__005,01003002_群英会.pdf,D:\University_studies\Junior\data_visualization\experiment\final_self\opera_dataset\01000000\01003002_群英会.pdf,01000000/01003002_群英会.pdf,62507f36-aa22-4065-bb0f-f7de69f87e7c,5,【第七场】,113,stage_direction,stage_direction,,,诸葛亮冷笑上，鲁肃上。,做,诸葛亮冷笑上，鲁肃上。,上；笑,诸葛亮；鲁肃,,（诸葛亮冷笑上，鲁肃上。）
pdf_01000000__01003002___acc415186d,群英会,pdf_01000000__01003002___acc415186d__line__000115,pdf_01000000__01003002___acc415186d__scene__005,01003002_群英会.pdf,D:\University_studies\Junior\data_visualization\experiment\final_self\opera_dataset\01000000\01003002_群英会.pdf,01000000/01003002_群英会.pdf,62507f36-aa22-4065-bb0f-f7de69f87e7c,5,【第七场】,115,dialogue,dialogue,鲁肃,pdf_01000000__01003002___acc415186d__char__d1e3ecb867,白,白,白,念白,鲁肃,"先生,我真服了你了!","鲁肃（白）先生,我真服了你了!"
pdf_01000000__01003002___acc415186d,群英会,pdf_01000000__01003002___acc415186d__line__000115,pdf_01000000__01003002___acc415186d__scene__005,01003002_群英会.pdf,D:\University_studies\Junior\data_visualization\experiment\final_self\opera_dataset\01000000\01003002_群英会.pdf,01000000/01003002_群英会.pdf,62507f36-aa22-4065-bb0f-f7de69f87e7c,5,【第七场】,115,dialogue,dialogue,诸葛亮,pdf_01000000__01003002___acc415186d__char__f94edb22f8,白,白,白,来；念白,诸葛亮,服我何来?,诸葛亮（白）服我何来?
pdf_01000000__01003002___acc415186d,群英会,pdf_01000000__01003002___acc415186d__line__000115,pdf_01000000__01003002___acc415186d__scene__005,01003002_群英会.pdf,D:\University_studies\Junior\data_visualization\experiment\final_self\opera_dataset\01000000\01003002_群英会.pdf,01000000/01003002_群英会.pdf,62507f36-aa22-4065-bb0f-f7de69f87e7c,5,【第七场】,115,dialogue,dialogue,鲁肃,pdf_01000000__01003002___acc415186d__char__d1e3ecb867,白,白,白,道；念白,鲁肃,"服你好阴阳,好八卦,怎么知道今夜有此大雾?","鲁肃（白）服你好阴阳,好八卦,怎么知道今夜有此大雾?"
pdf_01000000__01003002___acc415186d,群英会,pdf_01000000__01003002___acc415186d__line__000115,pdf_01000000__01003002___acc415186d__scene__005,01003002_群英会.pdf,D:\University_studies\Junior\data_visualization\experiment\final_self\opera_dataset\01000000\01003002_群英会.pdf,01000000/01003002_群英会.pdf,62507f36-aa22-4065-bb0f-f7de69f87e7c,5,【第七场】,115,dialogue,dialogue,诸葛亮,pdf_01000000__01003002___acc415186d__char__f94edb22f8,白,白,白,道；念白,诸葛亮,"为谋士者,焉有不识天文的道理?","诸葛亮（白）为谋士者,焉有不识天文的道理?"
pdf_01000000__01003002___acc415186d,群英会,pdf_01000000__01003002___acc415186d__line__000115,pdf_01000000__01003002___acc415186d__scene__005,01003002_群英会.pdf,D:\University_studies\Junior\data_visualization\experiment\final_self\opera_dataset\01000000\01003002_群英会.pdf,01000000/01003002_群英会.pdf,62507f36-aa22-4065-bb0f-f7de69f87e7c,5,【第七场】,115,dialogue,dialogue,鲁肃,pdf_01000000__01003002___acc415186d__char__d1e3ecb867,白,白,白,念白,鲁肃,先生真乃神人也。,鲁肃（白）先生真乃神人也。
pdf_01000000__01003002___acc415186d,群英会,pdf_01000000__01003002___acc415186d__line__000115,pdf_01000000__01003002___acc415186d__scene__005,01003002_群英会.pdf,D:\University_studies\Junior\data_visualization\experiment\final_self\opera_dataset\01000000\01003002_群英会.pdf,01000000/01003002_群英会.pdf,62507f36-aa22-4065-bb0f-f7de69f87e7c,5,【第七场】,115,dialogue,dialogue,诸葛亮,pdf_01000000__01003002___acc415186d__char__f94edb22f8,白,白,白,看；念白,诸葛亮,查看多少雕翎?,诸葛亮（白）查看多少雕翎?
pdf_01000000__01003002___acc415186d,群英会,pdf_01000000__01003002___acc415186d__line__000115,pdf_01000000__01003002___acc415186d__scene__005,01003002_群英会.pdf,D:\University_studies\Junior\data_visualization\experiment\final_self\opera_dataset\01000000\01003002_群英会.pdf,01000000/01003002_群英会.pdf,62507f36-aa22-4065-bb0f-f7de69f87e7c,5,【第七场】,115,dialogue,dialogue,龙套,pdf_01000000__01003002___acc415186d__char__e630fefd4a,同白,白,同白,去；念白,四龙套；龙套,"除去破坏,还有十万有余。","四龙套（同白）除去破坏,还有十万有余。"
pdf_01000000__01003002___acc415186d,群英会,pdf_01000000__01003002___acc415186d__line__000115,pdf_01000000__01003002___acc415186d__scene__005,01003002_群英会.pdf,D:\University_studies\Junior\data_visualization\experiment\final_self\opera_dataset\01000000\01003002_群英会.pdf,01000000/01003002_群英会.pdf,62507f36-aa22-4065-bb0f-f7de69f87e7c,5,【第七场】,115,dialogue,dialogue,诸葛亮,pdf_01000000__01003002___acc415186d__char__f94edb22f8,白,白,白,令；念白,诸葛亮,"大夫,可以交得令么?","诸葛亮（白）大夫,可以交得令么?"
pdf_01000000__01003002___acc415186d,群英会,pdf_01000000__01003002___acc415186d__line__000115,pdf_01000000__01003002___acc415186d__scene__005,01003002_群英会.pdf,D:\University_studies\Junior\data_visualization\experiment\final_self\opera_dataset\01000000\01003002_群英会.pdf,01000000/01003002_群英会.pdf,62507f36-aa22-4065-bb0f-f7de69f87e7c,5,【第七场】,115,dialogue,dialogue,鲁肃,pdf_01000000__01003002___acc415186d__char__d1e3ecb867,白,白,白,令；念白,鲁肃,交令有我。,鲁肃（白）交令有我。
pdf_01000000__01003002___acc415186d,群英会,pdf_01000000__01003002___acc415186d__line__000115,pdf_01000000__01003002___acc415186d__scene__005,01003002_群英会.pdf,D:\University_studies\Junior\data_visualization\experiment\final_self\opera_dataset\01000000\01003002_群英会.pdf,01000000/01003002_群英会.pdf,62507f36-aa22-4065-bb0f-f7de69f87e7c,5,【第七场】,115,dialogue,dialogue,诸葛亮,pdf_01000000__01003002___acc415186d__char__f94edb22f8,白,白,白,进；念白,诸葛亮,一同进帐。,诸葛亮（白）一同进帐。
pdf_01000000__01003002___acc415186d,群英会,pdf_01000000__01003002___acc415186d__line__000115,pdf_01000000__01003002___acc415186d__scene__005,01003002_群英会.pdf,D:\University_studies\Junior\data_visualization\experiment\final_self\opera_dataset\01000000\01003002_群英会.pdf,01000000/01003002_群英会.pdf,62507f36-aa22-4065-bb0f-f7de69f87e7c,5,【第七场】,115,dialogue,dialogue,鲁肃,pdf_01000000__01003002___acc415186d__char__d1e3ecb867,白,白,白,请；念白,鲁肃,先生请转。,鲁肃（白）先生请转。
pdf_01000000__01003002___acc415186d,群英会,pdf_01000000__01003002___acc415186d__line__000115,pdf_01000000__01003002___acc415186d__scene__005,01003002_群英会.pdf,D:\University_studies\Junior\data_visualization\experiment\final_self\opera_dataset\01000000\01003002_群英会.pdf,01000000/01003002_群英会.pdf,62507f36-aa22-4065-bb0f-f7de69f87e7c,5,【第七场】,115,dialogue,dialogue,诸葛亮,pdf_01000000__01003002___acc415186d__char__f94edb22f8,白,白,白,念白,诸葛亮,作什么?,诸葛亮（白）作什么?
pdf_01000000__01003002___acc415186d,群英会,pdf_01000000__01003002___acc415186d__line__000115,pdf_01000000__01003002___acc415186d__scene__005,01003002_群英会.pdf,D:\University_studies\Junior\data_visualization\experiment\final_self\opera_dataset\01000000\01003002_群英会.pdf,01000000/01003002_群英会.pdf,62507f36-aa22-4065-bb0f-f7de69f87e7c,5,【第七场】,115,dialogue,dialogue,鲁肃,pdf_01000000__01003002___acc415186d__char__d1e3ecb867,白,白,白,念白,鲁肃,我真真服你。,鲁肃（白）我真真服你。
pdf_01000000__01003002___acc415186d,群英会,pdf_01000000__01003002___acc415186d__line__000115,pdf_01000000__01003002___acc415186d__scene__005,01003002_群英会.pdf,D:\University_studies\Junior\data_visualization\experiment\final_self\opera_dataset\01000000\01003002_群英会.pdf,01000000/01003002_群英会.pdf,62507f36-aa22-4065-bb0f-f7de69f87e7c,5,【第七场】,115,dialogue,dialogue,诸葛亮,pdf_01000000__01003002___acc415186d__char__f94edb22f8,白,白,白,来；念白,诸葛亮,服我何来?,诸葛亮（白）服我何来?
pdf_01000000__01003002___acc415186d,群英会,pdf_01000000__01003002___acc415186d__line__000115,pdf_01000000__01003002___acc415186d__scene__005,01003002_群英会.pdf,D:\University_studies\Junior\data_visualization\experiment\final_self\opera_dataset\01000000\01003002_群英会.pdf,01000000/01003002_群英会.pdf,62507f36-aa22-4065-bb0f-f7de69f87e7c,5,【第七场】,115,dialogue,dialogue,鲁肃,pdf_01000000__01003002___acc415186d__char__d1e3ecb867,白,白,白,念白,鲁肃,服你好妙算!,鲁肃（白）服你好妙算!
pdf_01000000__01003002___acc415186d,群英会,pdf_01000000__01003002___acc415186d__line__000115,pdf_01000000__01003002___acc415186d__scene__005,01003002_群英会.pdf,D:\University_studies\Junior\data_visualization\experiment\final_self\opera_dataset\01000000\01003002_群英会.pdf,01000000/01003002_群英会.pdf,62507f36-aa22-4065-bb0f-f7de69f87e7c,5,【第七场】,115,dialogue,dialogue,诸葛亮,pdf_01000000__01003002___acc415186d__char__f94edb22f8,白,白,白,念白,诸葛亮,山人也服你吓!,诸葛亮（白）山人也服你吓!
pdf_01000000__01003002___acc415186d,群英会,pdf_01000000__01003002___acc415186d__line__000115,pdf_01000000__01003002___acc415186d__scene__005,01003002_群英会.pdf,D:\University_studies\Junior\data_visualization\experiment\final_self\opera_dataset\01000000\01003002_群英会.pdf,01000000/01003002_群英会.pdf,62507f36-aa22-4065-bb0f-f7de69f87e7c,5,【第七场】,115,dialogue,dialogue,鲁肃,pdf_01000000__01003002___acc415186d__char__d1e3ecb867,白,白,白,来；念白,鲁肃,服我何来?,鲁肃（白）服我何来?
pdf_01000000__01003002___acc415186d,群英会,pdf_01000000__01003002___acc415186d__line__000115,pdf_01000000__01003002___acc415186d__scene__005,01003002_群英会.pdf,D:\University_studies\Junior\data_visualization\experiment\final_self\opera_dataset\01000000\01003002_群英会.pdf,01000000/01003002_群英会.pdf,62507f36-aa22-4065-bb0f-f7de69f87e7c,5,【第七场】,115,dialogue,dialogue,诸葛亮,pdf_01000000__01003002___acc415186d__char__f94edb22f8,白,白,白,念白,诸葛亮,"我服你在舟中饮酒,浑身哪哪哪战抖。","诸葛亮（白）我服你在舟中饮酒,浑身哪哪哪战抖。"
pdf_01000000__01003002___acc415186d,群英会,pdf_01000000__01003002___acc415186d__line__000115,pdf_01000000__01003002___acc415186d__scene__005,01003002_群英会.pdf,D:\University_studies\Junior\data_visualization\experiment\final_self\opera_dataset\01000000\01003002_群英会.pdf,01000000/01003002_群英会.pdf,62507f36-aa22-4065-bb0f-f7de69f87e7c,5,【第七场】,115,dialogue,dialogue,鲁肃,pdf_01000000__01003002___acc415186d__char__d1e3ecb867,白,白,白,念白,鲁肃,我的胆险些被你唬破了!,鲁肃（白）我的胆险些被你唬破了!
pdf_01000000__01003002___acc415186d,群英会,pdf_01000000__01003002___acc415186d__line__000115,pdf_01000000__01003002___acc415186d__scene__005,01003002_群英会.pdf,D:\University_studies\Junior\data_visualization\experiment\final_self\opera_dataset\01000000\01003002_群英会.pdf,01000000/01003002_群英会.pdf,62507f36-aa22-4065-bb0f-f7de69f87e7c,5,【第七场】,115,dialogue,dialogue,诸葛亮,pdf_01000000__01003002___acc415186d__char__f94edb22f8,白,白,白,笑；念白,诸葛亮,笑话。,诸葛亮（白）笑话。
pdf_01000000__01003002___acc415186d,群英会,pdf_01000000__01003002___acc415186d__line__000117,pdf_01000000__01003002___acc415186d__scene__005,01003002_群英会.pdf,D:\University_studies\Junior\data_visualization\experiment\final_self\opera_dataset\01000000\01003002_群英会.pdf,01000000/01003002_群英会.pdf,62507f36-aa22-4065-bb0f-f7de69f87e7c,5,【第七场】,117,stage_direction,stage_direction,,,诸葛亮、鲁肃同下。,做,诸葛亮、鲁肃同下。,下,诸葛亮；鲁肃,,（诸葛亮、鲁肃同下。）
pdf_01000000__01003002___acc415186d,群英会,pdf_01000000__01003002___acc415186d__line__000121,pdf_01000000__01003002___acc415186d__scene__006,01003002_群英会.pdf,D:\University_studies\Junior\data_visualization\experiment\final_self\opera_dataset\01000000\01003002_群英会.pdf,01000000/01003002_群英会.pdf,62507f36-aa22-4065-bb0f-f7de69f87e7c,6,【第八场】,121,dialogue,dialogue,周瑜,pdf_01000000__01003002___acc415186d__char__95719ec611,念,念,念,,周瑜,"辕门鼓角声高,两旁排列枪刀。","周瑜（念）辕门鼓角声高,两旁排列枪刀。"
pdf_01000000__01003002___acc415186d,群英会,pdf_01000000__01003002___acc415186d__line__000121,pdf_01000000__01003002___acc415186d__scene__006,01003002_群英会.pdf,D:\University_studies\Junior\data_visualization\experiment\final_self\opera_dataset\01000000\01003002_群英会.pdf,01000000/01003002_群英会.pdf,62507f36-aa22-4065-bb0f-f7de69f87e7c,6,【第八场】,121,dialogue,dialogue,鲁肃,pdf_01000000__01003002___acc415186d__char__d1e3ecb867,念,念,念,报,鲁肃,"忙将稀奇事,报与智谋人。","鲁肃（念）忙将稀奇事,报与智谋人。"
pdf_01000000__01003002___acc415186d,群英会,pdf_01000000__01003002___acc415186d__line__000121,pdf_01000000__01003002___acc415186d__scene__006,01003002_群英会.pdf,D:\University_studies\Junior\data_visualization\experiment\final_self\opera_dataset\01000000\01003002_群英会.pdf,01000000/01003002_群英会.pdf,62507f36-aa22-4065-bb0f-f7de69f87e7c,6,【第八场】,121,dialogue,dialogue,周瑜,pdf_01000000__01003002___acc415186d__char__95719ec611,白,白,白,念白,周瑜,"大夫,那孔明造箭可造齐了?","周瑜（白）大夫,那孔明造箭可造齐了?"
pdf_01000000__01003002___acc415186d,群英会,pdf_01000000__01003002___acc415186d__line__000121,pdf_01000000__01003002___acc415186d__scene__006,01003002_群英会.pdf,D:\University_studies\Junior\data_visualization\experiment\final_self\opera_dataset\01000000\01003002_群英会.pdf,01000000/01003002_群英会.pdf,62507f36-aa22-4065-bb0f-f7de69f87e7c,6,【第八场】,121,dialogue,dialogue,鲁肃,pdf_01000000__01003002___acc415186d__char__d1e3ecb867,白,白,白,念白,鲁肃,他造齐了。,鲁肃（白）他造齐了。
pdf_01000000__01003002___acc415186d,群英会,pdf_01000000__01003002___acc415186d__line__000121,pdf_01000000__01003002___acc415186d__scene__006,01003002_群英会.pdf,D:\University_studies\Junior\data_visualization\experiment\final_self\opera_dataset\01000000\01003002_群英会.pdf,01000000/01003002_群英会.pdf,62507f36-aa22-4065-bb0f-f7de69f87e7c,6,【第八场】,121,dialogue,dialogue,周瑜,pdf_01000000__01003002___acc415186d__char__95719ec611,白,白,白,念白,周瑜,他是怎样的造法?,周瑜（白）他是怎样的造法?
pdf_01000000__01003002___acc415186d,群英会,pdf_01000000__01003002___acc415186d__line__000121,pdf_01000000__01003002___acc415186d__scene__006,01003002_群英会.pdf,D:\University_studies\Junior\data_visualization\experiment\final_self\opera_dataset\01000000\01003002_群英会.pdf,01000000/01003002_群英会.pdf,62507f36-aa22-4065-bb0f-f7de69f87e7c,6,【第八场】,121,dialogue,dialogue,鲁肃,pdf_01000000__01003002___acc415186d__char__d1e3ecb867,白,白,白,来；去；禀；令；念白,鲁肃；军士,"都督容禀:那孔明出得帐去,一天也不忙,两天也不慌,到了三日,他并不用我国工匠人等,只用战船二十支,茅草千担,军士五百名,青布帐幔,锣鼓全套,四更时分,去往曹营擂鼓呐喊,借来十万狼牙,特地前来交令。","鲁肃（白）都督容禀:那孔明出得帐去,一天也不忙,两天也不慌,到了三日,他并不用我国工匠人等,只用战船二十支,茅草千担,军士五百名,青布帐幔,锣鼓全套,四更时分,去往曹营擂鼓呐喊,借来十万狼牙,特地前来交令。"
pdf_01000000__01003002___acc415186d,群英会,pdf_01000000__01003002___acc415186d__line__000121,pdf_01000000__01003002___acc415186d__scene__006,01003002_群英会.pdf,D:\University_studies\Junior\data_visualization\experiment\final_self\opera_dataset\01000000\01003002_群英会.pdf,01000000/01003002_群英会.pdf,62507f36-aa22-4065-bb0f-f7de69f87e7c,6,【第八场】,121,dialogue,dialogue,周瑜,pdf_01000000__01003002___acc415186d__char__95719ec611,白,白,白,念白,周瑜,"哎呀,孔明真乃神人也!","周瑜（白）哎呀,孔明真乃神人也!"
pdf_01000000__01003002___acc415186d,群英会,pdf_01000000__01003002___acc415186d__line__000121,pdf_01000000__01003002___acc415186d__scene__006,01003002_群英会.pdf,D:\University_studies\Junior\data_visualization\experiment\final_self\opera_dataset\01000000\01003002_群英会.pdf,01000000/01003002_群英会.pdf,62507f36-aa22-4065-bb0f-f7de69f87e7c,6,【第八场】,121,dialogue,dialogue,鲁肃,pdf_01000000__01003002___acc415186d__char__d1e3ecb867,白,白,白,念白,鲁肃,"哼,算得个活神仙!","鲁肃（白）哼,算得个活神仙!"
pdf_01000000__01003002___acc415186d,群英会,pdf_01000000__01003002___acc415186d__line__000121,pdf_01000000__01003002___acc415186d__scene__006,01003002_群英会.pdf,D:\University_studies\Junior\data_visualization\experiment\final_self\opera_dataset\01000000\01003002_群英会.pdf,01000000/01003002_群英会.pdf,62507f36-aa22-4065-bb0f-f7de69f87e7c,6,【第八场】,121,dialogue,dialogue,周瑜,pdf_01000000__01003002___acc415186d__char__95719ec611,白,白,白,请；念白,周瑜,有请。,周瑜（白）有请。
pdf_01000000__01003002___acc415186d,群英会,pdf_01000000__01003002___acc415186d__line__000121,pdf_01000000__01003002___acc415186d__scene__006,01003002_群英会.pdf,D:\University_studies\Junior\data_visualization\experiment\final_self\opera_dataset\01000000\01003002_群英会.pdf,01000000/01003002_群英会.pdf,62507f36-aa22-4065-bb0f-f7de69f87e7c,6,【第八场】,121,dialogue,dialogue,鲁肃,pdf_01000000__01003002___acc415186d__char__d1e3ecb867,白,白,白,请；念白,鲁肃,有请活神仙。,鲁肃（白）有请活神仙。
pdf_01000000__01003002___acc415186d,群英会,pdf_01000000__01003002___acc415186d__line__000125,pdf_01000000__01003002___acc415186d__scene__006,01003002_群英会.pdf,D:\University_studies\Junior\data_visualization\experiment\final_self\opera_dataset\01000000\01003002_群英会.pdf,01000000/01003002_群英会.pdf,62507f36-aa22-4065-bb0f-f7de69f87e7c,6,【第八场】,125,stage_direction,stage_direction,,,诸葛亮下。,做,诸葛亮下。,下,诸葛亮,,（诸葛亮下。）
pdf_01000000__01003002___acc415186d,群英会,pdf_01000000__01003002___acc415186d__line__000127,pdf_01000000__01003002___acc415186d__scene__006,01003002_群英会.pdf,D:\University_studies\Junior\data_visualization\experiment\final_self\opera_dataset\01000000\01003002_群英会.pdf,01000000/01003002_群英会.pdf,62507f36-aa22-4065-bb0f-f7de69f87e7c,6,【第八场】,127,lyric,lyric,鲁肃,pdf_01000000__01003002___acc415186d__char__d1e3ecb867,西皮摇板,唱,西皮摇板,唱段,鲁肃,,鲁肃 （西皮摇板）
pdf_01000000__01003002___acc415186d,群英会,pdf_01000000__01003002___acc415186d__line__000129,pdf_01000000__01003002___acc415186d__scene__006,01003002_群英会.pdf,D:\University_studies\Junior\data_visualization\experiment\final_self\opera_dataset\01000000\01003002_群英会.pdf,01000000/01003002_群英会.pdf,62507f36-aa22-4065-bb0f-f7de69f87e7c,6,【第八场】,129,narration,narration,,,,说明,,进；去,进帐去切莫说孔明先知,进帐去切莫说孔明先知。,进帐去切莫说孔明先知。
pdf_01000000__01003002___acc415186d,群英会,pdf_01000000__01003002___acc415186d__line__000131,pdf_01000000__01003002___acc415186d__scene__006,01003002_群英会.pdf,D:\University_studies\Junior\data_visualization\experiment\final_self\opera_dataset\01000000\01003002_群英会.pdf,01000000/01003002_群英会.pdf,62507f36-aa22-4065-bb0f-f7de69f87e7c,6,【第八场】,131,narration,narration,,,,说明,,,是这等巧机关难解其意,是这等巧机关难解其意，,是这等巧机关难解其意，
pdf_01000000__01003002___acc415186d,群英会,pdf_01000000__01003002___acc415186d__line__000133,pdf_01000000__01003002___acc415186d__scene__006,01003002_群英会.pdf,D:\University_studies\Junior\data_visualization\experiment\final_self\opera_dataset\01000000\01003002_群英会.pdf,01000000/01003002_群英会.pdf,62507f36-aa22-4065-bb0f-f7de69f87e7c,6,【第八场】,133,narration,narration,,,,说明,,,我实在服孔明妙算神机,我实在服孔明妙算神机。,我实在服孔明妙算神机。
pdf_01000000__01003002___acc415186d,群英会,pdf_01000000__01003002___acc415186d__line__000135,pdf_01000000__01003002___acc415186d__scene__006,01003002_群英会.pdf,D:\University_studies\Junior\data_visualization\experiment\final_self\opera_dataset\01000000\01003002_群英会.pdf,01000000/01003002_群英会.pdf,62507f36-aa22-4065-bb0f-f7de69f87e7c,6,【第八场】,135,stage_direction,stage_direction,,,鲁肃下。,做,鲁肃下。,下,鲁肃,,（鲁肃下。）
pdf_01000000__01003002___acc415186d,群英会,pdf_01000000__01003002___acc415186d__line__000137,pdf_01000000__01003002___acc415186d__scene__006,01003002_群英会.pdf,D:\University_studies\Junior\data_visualization\experiment\final_self\opera_dataset\01000000\01003002_群英会.pdf,01000000/01003002_群英会.pdf,62507f36-aa22-4065-bb0f-f7de69f87e7c,6,【第八场】,137,stage_direction,stage_direction,,,完,做,完,,完,,（完）
