doc_id,doc_title,line_id,scene_id,source_file,source_path,relative_path,batch_id,scene_index,scene,line_no,row_type,line_category,speaker,speaker_char_id,cue,perform_type,perform_subtype,action_tags,participants,text,raw_line
pdf_01000000__01004014___d6eca0fe85,遗翠花,pdf_01000000__01004014___d6eca0fe85__line__000001,pdf_01000000__01004014___d6eca0fe85__scene__000,01004014_遗翠花.pdf,D:\University_studies\Junior\data_visualization\experiment\final_self\opera_dataset\01000000\01004014_遗翠花.pdf,01000000/01004014_遗翠花.pdf,49bfac8f-ad5c-4639-829d-be1bd24f8504,0,序幕/前置内容,1,narration,narration,,,,说明,,,《遗翠花》,# 《遗翠花》,# 《遗翠花》
pdf_01000000__01004014___d6eca0fe85,遗翠花,pdf_01000000__01004014___d6eca0fe85__line__000003,pdf_01000000__01004014___d6eca0fe85__scene__000,01004014_遗翠花.pdf,D:\University_studies\Junior\data_visualization\experiment\final_self\opera_dataset\01000000\01004014_遗翠花.pdf,01000000/01004014_遗翠花.pdf,49bfac8f-ad5c-4639-829d-be1bd24f8504,0,序幕/前置内容,3,narration,narration,,,,说明,,,（一名：《翠春寄柬》,# （一名：《翠春寄柬》）,# （一名：《翠春寄柬》）
pdf_01000000__01004014___d6eca0fe85,遗翠花,pdf_01000000__01004014___d6eca0fe85__line__000027,pdf_01000000__01004014___d6eca0fe85__scene__001,01004014_遗翠花.pdf,D:\University_studies\Junior\data_visualization\experiment\final_self\opera_dataset\01000000\01004014_遗翠花.pdf,01000000/01004014_遗翠花.pdf,49bfac8f-ad5c-4639-829d-be1bd24f8504,1,【第一场】,27,dialogue,dialogue,相公,pdf_01000000__01004014___d6eca0fe85__char__8a2a62d872,内喊,对白,内喊,,相公,吓吓吓!,相公（内喊）吓吓吓!
pdf_01000000__01004014___d6eca0fe85,遗翠花,pdf_01000000__01004014___d6eca0fe85__line__000027,pdf_01000000__01004014___d6eca0fe85__scene__001,01004014_遗翠花.pdf,D:\University_studies\Junior\data_visualization\experiment\final_self\opera_dataset\01000000\01004014_遗翠花.pdf,01000000/01004014_遗翠花.pdf,49bfac8f-ad5c-4639-829d-be1bd24f8504,1,【第一场】,27,lyric,lyric,相公,pdf_01000000__01004014___d6eca0fe85__char__8a2a62d872,西皮慢板,唱,西皮慢板,上；去；坐；唱段,相公,"自那日大会场前去游玩,在大街遇见了美貌婵娟。时时的刻刻的挂在心上,因此上相思病把我害伤。将身儿闷坐在书房里面,但不知是何人解开愁肠?","相公（西皮慢板）自那日大会场前去游玩,在大街遇见了美貌婵娟。时时的刻刻的挂在心上,因此上相思病把我害伤。将身儿闷坐在书房里面,但不知是何人解开愁肠?"
pdf_01000000__01004014___d6eca0fe85,遗翠花,pdf_01000000__01004014___d6eca0fe85__line__000027,pdf_01000000__01004014___d6eca0fe85__scene__001,01004014_遗翠花.pdf,D:\University_studies\Junior\data_visualization\experiment\final_self\opera_dataset\01000000\01004014_遗翠花.pdf,01000000/01004014_遗翠花.pdf,49bfac8f-ad5c-4639-829d-be1bd24f8504,1,【第一场】,27,dialogue,dialogue,翠香,pdf_01000000__01004014___d6eca0fe85__char__98e42ad287,内白,白,内白,走；念白,翠香,走吓!,翠香（内白）走吓!
pdf_01000000__01004014___d6eca0fe85,遗翠花,pdf_01000000__01004014___d6eca0fe85__line__000027,pdf_01000000__01004014___d6eca0fe85__scene__001,01004014_遗翠花.pdf,D:\University_studies\Junior\data_visualization\experiment\final_self\opera_dataset\01000000\01004014_遗翠花.pdf,01000000/01004014_遗翠花.pdf,49bfac8f-ad5c-4639-829d-be1bd24f8504,1,【第一场】,27,lyric,lyric,翠香,pdf_01000000__01004014___d6eca0fe85__char__98e42ad287,西皮原板,唱,西皮原板,下；来；命；唱段,翠香；相公,"在闺阁奉了姑娘命,她命我书馆下书来。将身儿来至在书馆外,尊一声相公开门来。","翠香（西皮原板）在闺阁奉了姑娘命,她命我书馆下书来。将身儿来至在书馆外,尊一声相公开门来。"
pdf_01000000__01004014___d6eca0fe85,遗翠花,pdf_01000000__01004014___d6eca0fe85__line__000027,pdf_01000000__01004014___d6eca0fe85__scene__001,01004014_遗翠花.pdf,D:\University_studies\Junior\data_visualization\experiment\final_self\opera_dataset\01000000\01004014_遗翠花.pdf,01000000/01004014_遗翠花.pdf,49bfac8f-ad5c-4639-829d-be1bd24f8504,1,【第一场】,27,lyric,lyric,相公,pdf_01000000__01004014___d6eca0fe85__char__8a2a62d872,西皮原板,唱,西皮原板,来；叫；打；唱段,相公,"猛然间睁开了昏花眼,忽听门外有人言。强打精神开门望,是哪一个前来叫门,是哪一个前来叫门?","相公（西皮原板）猛然间睁开了昏花眼,忽听门外有人言。强打精神开门望,是哪一个前来叫门,是哪一个前来叫门?"
pdf_01000000__01004014___d6eca0fe85,遗翠花,pdf_01000000__01004014___d6eca0fe85__line__000027,pdf_01000000__01004014___d6eca0fe85__scene__001,01004014_遗翠花.pdf,D:\University_studies\Junior\data_visualization\experiment\final_self\opera_dataset\01000000\01004014_遗翠花.pdf,01000000/01004014_遗翠花.pdf,49bfac8f-ad5c-4639-829d-be1bd24f8504,1,【第一场】,27,dialogue,dialogue,翠香相公,pdf_01000000__01004014___d6eca0fe85__char__1ccf7b99c7,白)(白)(白)(西皮原板,对白,白)(白)(白)(西皮原板,来；请；坐,翠香相公；翠香；相公,"相公吓,好了。好了。那边厢来了个女天仙。小姑娘你请到书馆坐定,回过头来把门关。","翠香相公（白)(白)(白)(西皮原板）相公吓,好了。好了。那边厢来了个女天仙。小姑娘你请到书馆坐定,回过头来把门关。"
pdf_01000000__01004014___d6eca0fe85,遗翠花,pdf_01000000__01004014___d6eca0fe85__line__000027,pdf_01000000__01004014___d6eca0fe85__scene__001,01004014_遗翠花.pdf,D:\University_studies\Junior\data_visualization\experiment\final_self\opera_dataset\01000000\01004014_遗翠花.pdf,01000000/01004014_遗翠花.pdf,49bfac8f-ad5c-4639-829d-be1bd24f8504,1,【第一场】,27,lyric,lyric,翠香,pdf_01000000__01004014___d6eca0fe85__char__98e42ad287,西皮原板,唱,西皮原板,问；答；叫；唱段,翠香；相公,"一见相公把门关,倒叫翠香着了慌。不言不语一旁站,问我一言答一番。","翠香（西皮原板）一见相公把门关,倒叫翠香着了慌。不言不语一旁站,问我一言答一番。"
pdf_01000000__01004014___d6eca0fe85,遗翠花,pdf_01000000__01004014___d6eca0fe85__line__000029,pdf_01000000__01004014___d6eca0fe85__scene__001,01004014_遗翠花.pdf,D:\University_studies\Junior\data_visualization\experiment\final_self\opera_dataset\01000000\01004014_遗翠花.pdf,01000000/01004014_遗翠花.pdf,49bfac8f-ad5c-4639-829d-be1bd24f8504,1,【第一场】,29,dialogue,dialogue,相公,pdf_01000000__01004014___d6eca0fe85__char__8a2a62d872,白,白,白,请；坐；念白,相公,请坐请坐。,相公（白）请坐请坐。
pdf_01000000__01004014___d6eca0fe85,遗翠花,pdf_01000000__01004014___d6eca0fe85__line__000029,pdf_01000000__01004014___d6eca0fe85__scene__001,01004014_遗翠花.pdf,D:\University_studies\Junior\data_visualization\experiment\final_self\opera_dataset\01000000\01004014_遗翠花.pdf,01000000/01004014_遗翠花.pdf,49bfac8f-ad5c-4639-829d-be1bd24f8504,1,【第一场】,29,dialogue,dialogue,翠香,pdf_01000000__01004014___d6eca0fe85__char__98e42ad287,白,白,白,看；坐；念白,翠香,"有坐有坐。咳,你左看右看,你可认识我?","翠香（白）有坐有坐。咳,你左看右看,你可认识我?"
pdf_01000000__01004014___d6eca0fe85,遗翠花,pdf_01000000__01004014___d6eca0fe85__line__000029,pdf_01000000__01004014___d6eca0fe85__scene__001,01004014_遗翠花.pdf,D:\University_studies\Junior\data_visualization\experiment\final_self\opera_dataset\01000000\01004014_遗翠花.pdf,01000000/01004014_遗翠花.pdf,49bfac8f-ad5c-4639-829d-be1bd24f8504,1,【第一场】,29,dialogue,dialogue,相公,pdf_01000000__01004014___d6eca0fe85__char__8a2a62d872,白,白,白,念白,相公,"我认倒认识你,一时想他不起。","相公（白）我认倒认识你,一时想他不起。"
pdf_01000000__01004014___d6eca0fe85,遗翠花,pdf_01000000__01004014___d6eca0fe85__line__000029,pdf_01000000__01004014___d6eca0fe85__scene__001,01004014_遗翠花.pdf,D:\University_studies\Junior\data_visualization\experiment\final_self\opera_dataset\01000000\01004014_遗翠花.pdf,01000000/01004014_遗翠花.pdf,49bfac8f-ad5c-4639-829d-be1bd24f8504,1,【第一场】,29,dialogue,dialogue,翠香,pdf_01000000__01004014___d6eca0fe85__char__98e42ad287,白,白,白,念白,翠香,"你在大会场中,见过什么人?","翠香（白）你在大会场中,见过什么人?"
pdf_01000000__01004014___d6eca0fe85,遗翠花,pdf_01000000__01004014___d6eca0fe85__line__000029,pdf_01000000__01004014___d6eca0fe85__scene__001,01004014_遗翠花.pdf,D:\University_studies\Junior\data_visualization\experiment\final_self\opera_dataset\01000000\01004014_遗翠花.pdf,01000000/01004014_遗翠花.pdf,49bfac8f-ad5c-4639-829d-be1bd24f8504,1,【第一场】,29,dialogue,dialogue,相公,pdf_01000000__01004014___d6eca0fe85__char__8a2a62d872,白,白,白,念白,相公；小姐,"哦,在大会场中,见过一位千金的小姐。","相公（白）哦,在大会场中,见过一位千金的小姐。"
pdf_01000000__01004014___d6eca0fe85,遗翠花,pdf_01000000__01004014___d6eca0fe85__line__000029,pdf_01000000__01004014___d6eca0fe85__scene__001,01004014_遗翠花.pdf,D:\University_studies\Junior\data_visualization\experiment\final_self\opera_dataset\01000000\01004014_遗翠花.pdf,01000000/01004014_遗翠花.pdf,49bfac8f-ad5c-4639-829d-be1bd24f8504,1,【第一场】,29,dialogue,dialogue,翠香,pdf_01000000__01004014___d6eca0fe85__char__98e42ad287,白,白,白,念白,翠香；小姐,那小姐身后?,翠香（白）那小姐身后?
pdf_01000000__01004014___d6eca0fe85,遗翠花,pdf_01000000__01004014___d6eca0fe85__line__000029,pdf_01000000__01004014___d6eca0fe85__scene__001,01004014_遗翠花.pdf,D:\University_studies\Junior\data_visualization\experiment\final_self\opera_dataset\01000000\01004014_遗翠花.pdf,01000000/01004014_遗翠花.pdf,49bfac8f-ad5c-4639-829d-be1bd24f8504,1,【第一场】,29,dialogue,dialogue,相公,pdf_01000000__01004014___d6eca0fe85__char__8a2a62d872,白,白,白,念白,相公,有你这么高一个丫头。,相公（白）有你这么高一个丫头。
pdf_01000000__01004014___d6eca0fe85,遗翠花,pdf_01000000__01004014___d6eca0fe85__line__000029,pdf_01000000__01004014___d6eca0fe85__scene__001,01004014_遗翠花.pdf,D:\University_studies\Junior\data_visualization\experiment\final_self\opera_dataset\01000000\01004014_遗翠花.pdf,01000000/01004014_遗翠花.pdf,49bfac8f-ad5c-4639-829d-be1bd24f8504,1,【第一场】,29,dialogue,dialogue,翠香,pdf_01000000__01004014___d6eca0fe85__char__98e42ad287,白,白,白,念白,翠香,那不是丫鬟。,翠香（白）那不是丫鬟。
pdf_01000000__01004014___d6eca0fe85,遗翠花,pdf_01000000__01004014___d6eca0fe85__line__000029,pdf_01000000__01004014___d6eca0fe85__scene__001,01004014_遗翠花.pdf,D:\University_studies\Junior\data_visualization\experiment\final_self\opera_dataset\01000000\01004014_遗翠花.pdf,01000000/01004014_遗翠花.pdf,49bfac8f-ad5c-4639-829d-be1bd24f8504,1,【第一场】,29,dialogue,dialogue,相公,pdf_01000000__01004014___d6eca0fe85__char__8a2a62d872,白,白,白,叫；念白,相公,她叫什么?,相公（白）她叫什么?
pdf_01000000__01004014___d6eca0fe85,遗翠花,pdf_01000000__01004014___d6eca0fe85__line__000029,pdf_01000000__01004014___d6eca0fe85__scene__001,01004014_遗翠花.pdf,D:\University_studies\Junior\data_visualization\experiment\final_self\opera_dataset\01000000\01004014_遗翠花.pdf,01000000/01004014_遗翠花.pdf,49bfac8f-ad5c-4639-829d-be1bd24f8504,1,【第一场】,29,dialogue,dialogue,翠香,pdf_01000000__01004014___d6eca0fe85__char__98e42ad287,白,白,白,念白,翠香,那是一个梅香。,翠香（白）那是一个梅香。
pdf_01000000__01004014___d6eca0fe85,遗翠花,pdf_01000000__01004014___d6eca0fe85__line__000029,pdf_01000000__01004014___d6eca0fe85__scene__001,01004014_遗翠花.pdf,D:\University_studies\Junior\data_visualization\experiment\final_self\opera_dataset\01000000\01004014_遗翠花.pdf,01000000/01004014_遗翠花.pdf,49bfac8f-ad5c-4639-829d-be1bd24f8504,1,【第一场】,29,dialogue,dialogue,相公,pdf_01000000__01004014___d6eca0fe85__char__8a2a62d872,白,白,白,叫；念白,相公,"吓,梅香,就是丫鬟,丫鬟就是梅香。你叫什么名字?","相公（白）吓,梅香,就是丫鬟,丫鬟就是梅香。你叫什么名字?"
pdf_01000000__01004014___d6eca0fe85,遗翠花,pdf_01000000__01004014___d6eca0fe85__line__000029,pdf_01000000__01004014___d6eca0fe85__scene__001,01004014_遗翠花.pdf,D:\University_studies\Junior\data_visualization\experiment\final_self\opera_dataset\01000000\01004014_遗翠花.pdf,01000000/01004014_遗翠花.pdf,49bfac8f-ad5c-4639-829d-be1bd24f8504,1,【第一场】,29,dialogue,dialogue,翠香,pdf_01000000__01004014___d6eca0fe85__char__98e42ad287,白,白,白,叫；念白,翠香,"我叫翠香,可就不对你说。","翠香（白）我叫翠香,可就不对你说。"
pdf_01000000__01004014___d6eca0fe85,遗翠花,pdf_01000000__01004014___d6eca0fe85__line__000029,pdf_01000000__01004014___d6eca0fe85__scene__001,01004014_遗翠花.pdf,D:\University_studies\Junior\data_visualization\experiment\final_self\opera_dataset\01000000\01004014_遗翠花.pdf,01000000/01004014_遗翠花.pdf,49bfac8f-ad5c-4639-829d-be1bd24f8504,1,【第一场】,29,dialogue,dialogue,相公,pdf_01000000__01004014___d6eca0fe85__char__8a2a62d872,白,白,白,叫；念白,翠香；相公,"哦,她叫翠香,就是不对我说。","相公（白）哦,她叫翠香,就是不对我说。"
pdf_01000000__01004014___d6eca0fe85,遗翠花,pdf_01000000__01004014___d6eca0fe85__line__000029,pdf_01000000__01004014___d6eca0fe85__scene__001,01004014_遗翠花.pdf,D:\University_studies\Junior\data_visualization\experiment\final_self\opera_dataset\01000000\01004014_遗翠花.pdf,01000000/01004014_遗翠花.pdf,49bfac8f-ad5c-4639-829d-be1bd24f8504,1,【第一场】,29,dialogue,dialogue,翠香,pdf_01000000__01004014___d6eca0fe85__char__98e42ad287,白,白,白,念白,翠香,"我这个“香”,是五味之“香”。","翠香（白）我这个“香”,是五味之“香”。"
pdf_01000000__01004014___d6eca0fe85,遗翠花,pdf_01000000__01004014___d6eca0fe85__line__000029,pdf_01000000__01004014___d6eca0fe85__scene__001,01004014_遗翠花.pdf,D:\University_studies\Junior\data_visualization\experiment\final_self\opera_dataset\01000000\01004014_遗翠花.pdf,01000000/01004014_遗翠花.pdf,49bfac8f-ad5c-4639-829d-be1bd24f8504,1,【第一场】,29,dialogue,dialogue,相公,pdf_01000000__01004014___d6eca0fe85__char__8a2a62d872,白,白,白,来；念白,相公,"哦,五味之“香”。待我与你写来。是与不是?","相公（白）哦,五味之“香”。待我与你写来。是与不是?"
pdf_01000000__01004014___d6eca0fe85,遗翠花,pdf_01000000__01004014___d6eca0fe85__line__000029,pdf_01000000__01004014___d6eca0fe85__scene__001,01004014_遗翠花.pdf,D:\University_studies\Junior\data_visualization\experiment\final_self\opera_dataset\01000000\01004014_遗翠花.pdf,01000000/01004014_遗翠花.pdf,49bfac8f-ad5c-4639-829d-be1bd24f8504,1,【第一场】,29,dialogue,dialogue,翠香,pdf_01000000__01004014___d6eca0fe85__char__98e42ad287,白,白,白,念白,翠香,正是。,翠香（白）正是。
pdf_01000000__01004014___d6eca0fe85,遗翠花,pdf_01000000__01004014___d6eca0fe85__line__000029,pdf_01000000__01004014___d6eca0fe85__scene__001,01004014_遗翠花.pdf,D:\University_studies\Junior\data_visualization\experiment\final_self\opera_dataset\01000000\01004014_遗翠花.pdf,01000000/01004014_遗翠花.pdf,49bfac8f-ad5c-4639-829d-be1bd24f8504,1,【第一场】,29,dialogue,dialogue,相公,pdf_01000000__01004014___d6eca0fe85__char__8a2a62d872,白,白,白,念白,翠香；相公,"哎吓,翠香吓,翠香吓,你倒占了一个好响亮的名儿吓。","相公（白）哎吓,翠香吓,翠香吓,你倒占了一个好响亮的名儿吓。"
pdf_01000000__01004014___d6eca0fe85,遗翠花,pdf_01000000__01004014___d6eca0fe85__line__000029,pdf_01000000__01004014___d6eca0fe85__scene__001,01004014_遗翠花.pdf,D:\University_studies\Junior\data_visualization\experiment\final_self\opera_dataset\01000000\01004014_遗翠花.pdf,01000000/01004014_遗翠花.pdf,49bfac8f-ad5c-4639-829d-be1bd24f8504,1,【第一场】,29,dialogue,dialogue,翠香,pdf_01000000__01004014___d6eca0fe85__char__98e42ad287,白,白,白,下；来；命；念白,翠香,"奉了姑娘之命,前来与你下书来了。","翠香（白）奉了姑娘之命,前来与你下书来了。"
pdf_01000000__01004014___d6eca0fe85,遗翠花,pdf_01000000__01004014___d6eca0fe85__line__000029,pdf_01000000__01004014___d6eca0fe85__scene__001,01004014_遗翠花.pdf,D:\University_studies\Junior\data_visualization\experiment\final_self\opera_dataset\01000000\01004014_遗翠花.pdf,01000000/01004014_遗翠花.pdf,49bfac8f-ad5c-4639-829d-be1bd24f8504,1,【第一场】,29,dialogue,dialogue,相公,pdf_01000000__01004014___d6eca0fe85__char__8a2a62d872,白,白,白,下；来；命；念白,相公；小姐,"哦,你家小姐,命你下书来了?","相公（白）哦,你家小姐,命你下书来了?"
pdf_01000000__01004014___d6eca0fe85,遗翠花,pdf_01000000__01004014___d6eca0fe85__line__000029,pdf_01000000__01004014___d6eca0fe85__scene__001,01004014_遗翠花.pdf,D:\University_studies\Junior\data_visualization\experiment\final_self\opera_dataset\01000000\01004014_遗翠花.pdf,01000000/01004014_遗翠花.pdf,49bfac8f-ad5c-4639-829d-be1bd24f8504,1,【第一场】,29,dialogue,dialogue,翠香,pdf_01000000__01004014___d6eca0fe85__char__98e42ad287,白,白,白,念白,翠香,正是。,翠香（白）正是。
pdf_01000000__01004014___d6eca0fe85,遗翠花,pdf_01000000__01004014___d6eca0fe85__line__000029,pdf_01000000__01004014___d6eca0fe85__scene__001,01004014_遗翠花.pdf,D:\University_studies\Junior\data_visualization\experiment\final_self\opera_dataset\01000000\01004014_遗翠花.pdf,01000000/01004014_遗翠花.pdf,49bfac8f-ad5c-4639-829d-be1bd24f8504,1,【第一场】,29,dialogue,dialogue,相公,pdf_01000000__01004014___d6eca0fe85__char__8a2a62d872,白,白,白,来；看；拿；念白,相公,拿来我看。,相公（白）拿来我看。
pdf_01000000__01004014___d6eca0fe85,遗翠花,pdf_01000000__01004014___d6eca0fe85__line__000029,pdf_01000000__01004014___d6eca0fe85__scene__001,01004014_遗翠花.pdf,D:\University_studies\Junior\data_visualization\experiment\final_self\opera_dataset\01000000\01004014_遗翠花.pdf,01000000/01004014_遗翠花.pdf,49bfac8f-ad5c-4639-829d-be1bd24f8504,1,【第一场】,29,dialogue,dialogue,翠香,pdf_01000000__01004014___d6eca0fe85__char__98e42ad287,白,白,白,念白,翠香,你等着。,翠香（白）你等着。
pdf_01000000__01004014___d6eca0fe85,遗翠花,pdf_01000000__01004014___d6eca0fe85__line__000029,pdf_01000000__01004014___d6eca0fe85__scene__001,01004014_遗翠花.pdf,D:\University_studies\Junior\data_visualization\experiment\final_self\opera_dataset\01000000\01004014_遗翠花.pdf,01000000/01004014_遗翠花.pdf,49bfac8f-ad5c-4639-829d-be1bd24f8504,1,【第一场】,29,dialogue,dialogue,相公,pdf_01000000__01004014___d6eca0fe85__char__8a2a62d872,白,白,白,下；来；看；命；拿；念白,相公；小姐,"拿来我看。哎吓,她家小姐命她下书来了。待我谢天谢地。","相公（白）拿来我看。哎吓,她家小姐命她下书来了。待我谢天谢地。"
pdf_01000000__01004014___d6eca0fe85,遗翠花,pdf_01000000__01004014___d6eca0fe85__line__000029,pdf_01000000__01004014___d6eca0fe85__scene__001,01004014_遗翠花.pdf,D:\University_studies\Junior\data_visualization\experiment\final_self\opera_dataset\01000000\01004014_遗翠花.pdf,01000000/01004014_遗翠花.pdf,49bfac8f-ad5c-4639-829d-be1bd24f8504,1,【第一场】,29,dialogue,dialogue,翠香,pdf_01000000__01004014___d6eca0fe85__char__98e42ad287,白,白,白,念白,翠香,"你不要谢天谢地,我把你书信失掉了。","翠香（白）你不要谢天谢地,我把你书信失掉了。"
pdf_01000000__01004014___d6eca0fe85,遗翠花,pdf_01000000__01004014___d6eca0fe85__line__000029,pdf_01000000__01004014___d6eca0fe85__scene__001,01004014_遗翠花.pdf,D:\University_studies\Junior\data_visualization\experiment\final_self\opera_dataset\01000000\01004014_遗翠花.pdf,01000000/01004014_遗翠花.pdf,49bfac8f-ad5c-4639-829d-be1bd24f8504,1,【第一场】,29,dialogue,dialogue,相公,pdf_01000000__01004014___d6eca0fe85__char__8a2a62d872,白,白,白,下；来；命；念白,相公；小姐,"你岂有此理。你家小姐,命你下书来了。你把书信失掉了?真真岂有此理。","相公（白）你岂有此理。你家小姐,命你下书来了。你把书信失掉了?真真岂有此理。"
pdf_01000000__01004014___d6eca0fe85,遗翠花,pdf_01000000__01004014___d6eca0fe85__line__000029,pdf_01000000__01004014___d6eca0fe85__scene__001,01004014_遗翠花.pdf,D:\University_studies\Junior\data_visualization\experiment\final_self\opera_dataset\01000000\01004014_遗翠花.pdf,01000000/01004014_遗翠花.pdf,49bfac8f-ad5c-4639-829d-be1bd24f8504,1,【第一场】,29,dialogue,dialogue,翠香,pdf_01000000__01004014___d6eca0fe85__char__98e42ad287,白,白,白,惊；念白,翠香；相公,"相公不必惊慌,书信还在。","翠香（白）相公不必惊慌,书信还在。"
pdf_01000000__01004014___d6eca0fe85,遗翠花,pdf_01000000__01004014___d6eca0fe85__line__000029,pdf_01000000__01004014___d6eca0fe85__scene__001,01004014_遗翠花.pdf,D:\University_studies\Junior\data_visualization\experiment\final_self\opera_dataset\01000000\01004014_遗翠花.pdf,01000000/01004014_遗翠花.pdf,49bfac8f-ad5c-4639-829d-be1bd24f8504,1,【第一场】,29,dialogue,dialogue,相公,pdf_01000000__01004014___d6eca0fe85__char__8a2a62d872,白,白,白,念白,相公,怎么说书信还在。,相公（白）怎么说书信还在。
pdf_01000000__01004014___d6eca0fe85,遗翠花,pdf_01000000__01004014___d6eca0fe85__line__000029,pdf_01000000__01004014___d6eca0fe85__scene__001,01004014_遗翠花.pdf,D:\University_studies\Junior\data_visualization\experiment\final_self\opera_dataset\01000000\01004014_遗翠花.pdf,01000000/01004014_遗翠花.pdf,49bfac8f-ad5c-4639-829d-be1bd24f8504,1,【第一场】,29,dialogue,dialogue,翠香,pdf_01000000__01004014___d6eca0fe85__char__98e42ad287,白,白,白,念白,翠香,"哎呀,在我这里。","翠香（白）哎呀,在我这里。"
pdf_01000000__01004014___d6eca0fe85,遗翠花,pdf_01000000__01004014___d6eca0fe85__line__000029,pdf_01000000__01004014___d6eca0fe85__scene__001,01004014_遗翠花.pdf,D:\University_studies\Junior\data_visualization\experiment\final_self\opera_dataset\01000000\01004014_遗翠花.pdf,01000000/01004014_遗翠花.pdf,49bfac8f-ad5c-4639-829d-be1bd24f8504,1,【第一场】,29,dialogue,dialogue,相公,pdf_01000000__01004014___d6eca0fe85__char__8a2a62d872,白,白,白,来；看；拿；念白,相公,拿来我看。,相公（白）拿来我看。
pdf_01000000__01004014___d6eca0fe85,遗翠花,pdf_01000000__01004014___d6eca0fe85__line__000029,pdf_01000000__01004014___d6eca0fe85__scene__001,01004014_遗翠花.pdf,D:\University_studies\Junior\data_visualization\experiment\final_self\opera_dataset\01000000\01004014_遗翠花.pdf,01000000/01004014_遗翠花.pdf,49bfac8f-ad5c-4639-829d-be1bd24f8504,1,【第一场】,29,dialogue,dialogue,翠香,pdf_01000000__01004014___d6eca0fe85__char__98e42ad287,白,白,白,念白,翠香,我在这里。,翠香（白）我在这里。
pdf_01000000__01004014___d6eca0fe85,遗翠花,pdf_01000000__01004014___d6eca0fe85__line__000029,pdf_01000000__01004014___d6eca0fe85__scene__001,01004014_遗翠花.pdf,D:\University_studies\Junior\data_visualization\experiment\final_self\opera_dataset\01000000\01004014_遗翠花.pdf,01000000/01004014_遗翠花.pdf,49bfac8f-ad5c-4639-829d-be1bd24f8504,1,【第一场】,29,lyric,lyric,相公,pdf_01000000__01004014___d6eca0fe85__char__8a2a62d872,西皮慢板,唱,西皮慢板,叫；唱段,翠香；相公,再叫翠香听我言。,相公（西皮慢板）再叫翠香听我言。
pdf_01000000__01004014___d6eca0fe85,遗翠花,pdf_01000000__01004014___d6eca0fe85__line__000029,pdf_01000000__01004014___d6eca0fe85__scene__001,01004014_遗翠花.pdf,D:\University_studies\Junior\data_visualization\experiment\final_self\opera_dataset\01000000\01004014_遗翠花.pdf,01000000/01004014_遗翠花.pdf,49bfac8f-ad5c-4639-829d-be1bd24f8504,1,【第一场】,29,dialogue,dialogue,翠香,pdf_01000000__01004014___d6eca0fe85__char__98e42ad287,白,白,白,念白,翠香,这封书信可好?,翠香（白）这封书信可好?
pdf_01000000__01004014___d6eca0fe85,遗翠花,pdf_01000000__01004014___d6eca0fe85__line__000029,pdf_01000000__01004014___d6eca0fe85__scene__001,01004014_遗翠花.pdf,D:\University_studies\Junior\data_visualization\experiment\final_self\opera_dataset\01000000\01004014_遗翠花.pdf,01000000/01004014_遗翠花.pdf,49bfac8f-ad5c-4639-829d-be1bd24f8504,1,【第一场】,29,dialogue,dialogue,相公,pdf_01000000__01004014___d6eca0fe85__char__8a2a62d872,白,白,白,念白,相公,"好好好,见书不见人,也是枉然。","相公（白）好好好,见书不见人,也是枉然。"
pdf_01000000__01004014___d6eca0fe85,遗翠花,pdf_01000000__01004014___d6eca0fe85__line__000029,pdf_01000000__01004014___d6eca0fe85__scene__001,01004014_遗翠花.pdf,D:\University_studies\Junior\data_visualization\experiment\final_self\opera_dataset\01000000\01004014_遗翠花.pdf,01000000/01004014_遗翠花.pdf,49bfac8f-ad5c-4639-829d-be1bd24f8504,1,【第一场】,29,dialogue,dialogue,翠香,pdf_01000000__01004014___d6eca0fe85__char__98e42ad287,白,白,白,念白,翠香,你就该写回书。,翠香（白）你就该写回书。
pdf_01000000__01004014___d6eca0fe85,遗翠花,pdf_01000000__01004014___d6eca0fe85__line__000029,pdf_01000000__01004014___d6eca0fe85__scene__001,01004014_遗翠花.pdf,D:\University_studies\Junior\data_visualization\experiment\final_self\opera_dataset\01000000\01004014_遗翠花.pdf,01000000/01004014_遗翠花.pdf,49bfac8f-ad5c-4639-829d-be1bd24f8504,1,【第一场】,29,dialogue,dialogue,相公,pdf_01000000__01004014___d6eca0fe85__char__8a2a62d872,白,白,白,下；念白,相公,"我倒愿写,无人与我下书。","相公（白）我倒愿写,无人与我下书。"
pdf_01000000__01004014___d6eca0fe85,遗翠花,pdf_01000000__01004014___d6eca0fe85__line__000029,pdf_01000000__01004014___d6eca0fe85__scene__001,01004014_遗翠花.pdf,D:\University_studies\Junior\data_visualization\experiment\final_self\opera_dataset\01000000\01004014_遗翠花.pdf,01000000/01004014_遗翠花.pdf,49bfac8f-ad5c-4639-829d-be1bd24f8504,1,【第一场】,29,dialogue,dialogue,翠香,pdf_01000000__01004014___d6eca0fe85__char__98e42ad287,白,白,白,下；念白,翠香,我与你下书。,翠香（白）我与你下书。
pdf_01000000__01004014___d6eca0fe85,遗翠花,pdf_01000000__01004014___d6eca0fe85__line__000029,pdf_01000000__01004014___d6eca0fe85__scene__001,01004014_遗翠花.pdf,D:\University_studies\Junior\data_visualization\experiment\final_self\opera_dataset\01000000\01004014_遗翠花.pdf,01000000/01004014_遗翠花.pdf,49bfac8f-ad5c-4639-829d-be1bd24f8504,1,【第一场】,29,dialogue,dialogue,相公,pdf_01000000__01004014___d6eca0fe85__char__8a2a62d872,白,白,白,念白,相公,我这里谢。,相公（白）我这里谢。
pdf_01000000__01004014___d6eca0fe85,遗翠花,pdf_01000000__01004014___d6eca0fe85__line__000029,pdf_01000000__01004014___d6eca0fe85__scene__001,01004014_遗翠花.pdf,D:\University_studies\Junior\data_visualization\experiment\final_self\opera_dataset\01000000\01004014_遗翠花.pdf,01000000/01004014_遗翠花.pdf,49bfac8f-ad5c-4639-829d-be1bd24f8504,1,【第一场】,29,dialogue,dialogue,翠香,pdf_01000000__01004014___d6eca0fe85__char__98e42ad287,白,白,白,来；念白,翠香,我来与你溶墨。,翠香（白）我来与你溶墨。
pdf_01000000__01004014___d6eca0fe85,遗翠花,pdf_01000000__01004014___d6eca0fe85__line__000029,pdf_01000000__01004014___d6eca0fe85__scene__001,01004014_遗翠花.pdf,D:\University_studies\Junior\data_visualization\experiment\final_self\opera_dataset\01000000\01004014_遗翠花.pdf,01000000/01004014_遗翠花.pdf,49bfac8f-ad5c-4639-829d-be1bd24f8504,1,【第一场】,29,dialogue,dialogue,相公,pdf_01000000__01004014___d6eca0fe85__char__8a2a62d872,白,白,白,念白,相公,这倒不劳。,相公（白）这倒不劳。
pdf_01000000__01004014___d6eca0fe85,遗翠花,pdf_01000000__01004014___d6eca0fe85__line__000029,pdf_01000000__01004014___d6eca0fe85__scene__001,01004014_遗翠花.pdf,D:\University_studies\Junior\data_visualization\experiment\final_self\opera_dataset\01000000\01004014_遗翠花.pdf,01000000/01004014_遗翠花.pdf,49bfac8f-ad5c-4639-829d-be1bd24f8504,1,【第一场】,29,dialogue,dialogue,翠香,pdf_01000000__01004014___d6eca0fe85__char__98e42ad287,白,白,白,念白,翠香,不劳就跑着。,翠香（白）不劳就跑着。
pdf_01000000__01004014___d6eca0fe85,遗翠花,pdf_01000000__01004014___d6eca0fe85__line__000029,pdf_01000000__01004014___d6eca0fe85__scene__001,01004014_遗翠花.pdf,D:\University_studies\Junior\data_visualization\experiment\final_self\opera_dataset\01000000\01004014_遗翠花.pdf,01000000/01004014_遗翠花.pdf,49bfac8f-ad5c-4639-829d-be1bd24f8504,1,【第一场】,29,dialogue,dialogue,相公,pdf_01000000__01004014___d6eca0fe85__char__8a2a62d872,白,白,白,念白,相公,哦。,相公（白）哦。
pdf_01000000__01004014___d6eca0fe85,遗翠花,pdf_01000000__01004014___d6eca0fe85__line__000031,pdf_01000000__01004014___d6eca0fe85__scene__001,01004014_遗翠花.pdf,D:\University_studies\Junior\data_visualization\experiment\final_self\opera_dataset\01000000\01004014_遗翠花.pdf,01000000/01004014_遗翠花.pdf,49bfac8f-ad5c-4639-829d-be1bd24f8504,1,【第一场】,31,lyric,lyric,翠香,pdf_01000000__01004014___d6eca0fe85__char__98e42ad287,西皮摇板,唱,西皮摇板,来；传；叫；唱段,翠香；相公,"相公不必礼太谦,翠香有话对你言:二月二来三月三,那王母娘娘过寿诞。我翠香好比南来雁,来来往往把信传。辞别相公出书馆,再叫相公听我言:倘若你二人见了面,那时节你把我翠香......","翠香（西皮摇板）相公不必礼太谦,翠香有话对你言:二月二来三月三,那王母娘娘过寿诞。我翠香好比南来雁,来来往往把信传。辞别相公出书馆,再叫相公听我言:倘若你二人见了面,那时节你把我翠香......"
pdf_01000000__01004014___d6eca0fe85,遗翠花,pdf_01000000__01004014___d6eca0fe85__line__000031,pdf_01000000__01004014___d6eca0fe85__scene__001,01004014_遗翠花.pdf,D:\University_studies\Junior\data_visualization\experiment\final_self\opera_dataset\01000000\01004014_遗翠花.pdf,01000000/01004014_遗翠花.pdf,49bfac8f-ad5c-4639-829d-be1bd24f8504,1,【第一场】,31,dialogue,dialogue,翠香,pdf_01000000__01004014___d6eca0fe85__char__98e42ad287,白,白,白,念白,翠香,我把你怎么样?,翠香（白）我把你怎么样?
pdf_01000000__01004014___d6eca0fe85,遗翠花,pdf_01000000__01004014___d6eca0fe85__line__000031,pdf_01000000__01004014___d6eca0fe85__scene__001,01004014_遗翠花.pdf,D:\University_studies\Junior\data_visualization\experiment\final_self\opera_dataset\01000000\01004014_遗翠花.pdf,01000000/01004014_遗翠花.pdf,49bfac8f-ad5c-4639-829d-be1bd24f8504,1,【第一场】,31,dialogue,dialogue,翠香,pdf_01000000__01004014___d6eca0fe85__char__98e42ad287,白,白,白,念白,翠香,哎哎。,翠香（白）哎哎。
pdf_01000000__01004014___d6eca0fe85,遗翠花,pdf_01000000__01004014___d6eca0fe85__line__000031,pdf_01000000__01004014___d6eca0fe85__scene__001,01004014_遗翠花.pdf,D:\University_studies\Junior\data_visualization\experiment\final_self\opera_dataset\01000000\01004014_遗翠花.pdf,01000000/01004014_遗翠花.pdf,49bfac8f-ad5c-4639-829d-be1bd24f8504,1,【第一场】,31,dialogue,dialogue,相公,pdf_01000000__01004014___d6eca0fe85__char__8a2a62d872,白,白,白,念白,相公,我把你怎么样?,相公（白）我把你怎么样?
pdf_01000000__01004014___d6eca0fe85,遗翠花,pdf_01000000__01004014___d6eca0fe85__line__000031,pdf_01000000__01004014___d6eca0fe85__scene__001,01004014_遗翠花.pdf,D:\University_studies\Junior\data_visualization\experiment\final_self\opera_dataset\01000000\01004014_遗翠花.pdf,01000000/01004014_遗翠花.pdf,49bfac8f-ad5c-4639-829d-be1bd24f8504,1,【第一场】,31,dialogue,dialogue,翠香,pdf_01000000__01004014___d6eca0fe85__char__98e42ad287,白,白,白,念白,翠香,哎哎。,翠香（白）哎哎。
pdf_01000000__01004014___d6eca0fe85,遗翠花,pdf_01000000__01004014___d6eca0fe85__line__000031,pdf_01000000__01004014___d6eca0fe85__scene__001,01004014_遗翠花.pdf,D:\University_studies\Junior\data_visualization\experiment\final_self\opera_dataset\01000000\01004014_遗翠花.pdf,01000000/01004014_遗翠花.pdf,49bfac8f-ad5c-4639-829d-be1bd24f8504,1,【第一场】,31,dialogue,dialogue,相公,pdf_01000000__01004014___d6eca0fe85__char__8a2a62d872,白,白,白,念白,相公,我把你怎么样吓?,相公（白）我把你怎么样吓?
pdf_01000000__01004014___d6eca0fe85,遗翠花,pdf_01000000__01004014___d6eca0fe85__line__000031,pdf_01000000__01004014___d6eca0fe85__scene__001,01004014_遗翠花.pdf,D:\University_studies\Junior\data_visualization\experiment\final_self\opera_dataset\01000000\01004014_遗翠花.pdf,01000000/01004014_遗翠花.pdf,49bfac8f-ad5c-4639-829d-be1bd24f8504,1,【第一场】,31,lyric,lyric,翠香,pdf_01000000__01004014___d6eca0fe85__char__98e42ad287,西皮摇板,唱,西皮摇板,看；唱段,翠香,把我另眼看承。,翠香（西皮摇板）把我另眼看承。
pdf_01000000__01004014___d6eca0fe85,遗翠花,pdf_01000000__01004014___d6eca0fe85__line__000031,pdf_01000000__01004014___d6eca0fe85__scene__001,01004014_遗翠花.pdf,D:\University_studies\Junior\data_visualization\experiment\final_self\opera_dataset\01000000\01004014_遗翠花.pdf,01000000/01004014_遗翠花.pdf,49bfac8f-ad5c-4639-829d-be1bd24f8504,1,【第一场】,31,lyric,lyric,相公,pdf_01000000__01004014___d6eca0fe85__char__8a2a62d872,西皮摇板,唱,西皮摇板,进；去；唱段,翠香；相公,"一见翠香她去了,我又进书馆把门关。","相公（西皮摇板）一见翠香她去了,我又进书馆把门关。"
pdf_01000000__01004014___d6eca0fe85,遗翠花,pdf_01000000__01004014___d6eca0fe85__line__000035,pdf_01000000__01004014___d6eca0fe85__scene__002,01004014_遗翠花.pdf,D:\University_studies\Junior\data_visualization\experiment\final_self\opera_dataset\01000000\01004014_遗翠花.pdf,01000000/01004014_遗翠花.pdf,49bfac8f-ad5c-4639-829d-be1bd24f8504,2,【第二场】,35,stage_direction,stage_direction,,,小姐上。,做,小姐上。,上,小姐,,（小姐上。）
pdf_01000000__01004014___d6eca0fe85,遗翠花,pdf_01000000__01004014___d6eca0fe85__line__000037,pdf_01000000__01004014___d6eca0fe85__scene__002,01004014_遗翠花.pdf,D:\University_studies\Junior\data_visualization\experiment\final_self\opera_dataset\01000000\01004014_遗翠花.pdf,01000000/01004014_遗翠花.pdf,49bfac8f-ad5c-4639-829d-be1bd24f8504,2,【第二场】,37,lyric,lyric,小姐,pdf_01000000__01004014___d6eca0fe85__char__4dbc7fe4f9,西皮慢板,唱,西皮慢板,上；来；问；坐；唱段,翠香；相公；小姐,"大会场与相公相见一面,掉翠花引得我好不惨然。将身儿坐至在二堂以上,等翠香她到来细问端详。","小姐（西皮慢板）大会场与相公相见一面,掉翠花引得我好不惨然。将身儿坐至在二堂以上,等翠香她到来细问端详。"
pdf_01000000__01004014___d6eca0fe85,遗翠花,pdf_01000000__01004014___d6eca0fe85__line__000039,pdf_01000000__01004014___d6eca0fe85__scene__002,01004014_遗翠花.pdf,D:\University_studies\Junior\data_visualization\experiment\final_self\opera_dataset\01000000\01004014_遗翠花.pdf,01000000/01004014_遗翠花.pdf,49bfac8f-ad5c-4639-829d-be1bd24f8504,2,【第二场】,39,stage_direction,stage_direction,,,翠香上。,做,翠香上。,上,翠香,,（翠香上。）
pdf_01000000__01004014___d6eca0fe85,遗翠花,pdf_01000000__01004014___d6eca0fe85__line__000041,pdf_01000000__01004014___d6eca0fe85__scene__002,01004014_遗翠花.pdf,D:\University_studies\Junior\data_visualization\experiment\final_self\opera_dataset\01000000\01004014_遗翠花.pdf,01000000/01004014_遗翠花.pdf,49bfac8f-ad5c-4639-829d-be1bd24f8504,2,【第二场】,41,dialogue,dialogue,翠香,pdf_01000000__01004014___d6eca0fe85__char__98e42ad287,白,白,白,走；念白,翠香,走吓。,翠香（白）走吓。
pdf_01000000__01004014___d6eca0fe85,遗翠花,pdf_01000000__01004014___d6eca0fe85__line__000043,pdf_01000000__01004014___d6eca0fe85__scene__002,01004014_遗翠花.pdf,D:\University_studies\Junior\data_visualization\experiment\final_self\opera_dataset\01000000\01004014_遗翠花.pdf,01000000/01004014_遗翠花.pdf,49bfac8f-ad5c-4639-829d-be1bd24f8504,2,【第二场】,43,dialogue,dialogue,小姐,pdf_01000000__01004014___d6eca0fe85__char__4dbc7fe4f9,白,白,白,来；念白,小姐,吓，回来了。,小姐 （白） 吓，回来了。
pdf_01000000__01004014___d6eca0fe85,遗翠花,pdf_01000000__01004014___d6eca0fe85__line__000045,pdf_01000000__01004014___d6eca0fe85__scene__002,01004014_遗翠花.pdf,D:\University_studies\Junior\data_visualization\experiment\final_self\opera_dataset\01000000\01004014_遗翠花.pdf,01000000/01004014_遗翠花.pdf,49bfac8f-ad5c-4639-829d-be1bd24f8504,2,【第二场】,45,dialogue,dialogue,翠香,pdf_01000000__01004014___d6eca0fe85__char__98e42ad287,白,白,白,来；念白,翠香,回来呢。,翠香 （白） 回来呢。
pdf_01000000__01004014___d6eca0fe85,遗翠花,pdf_01000000__01004014___d6eca0fe85__line__000047,pdf_01000000__01004014___d6eca0fe85__scene__002,01004014_遗翠花.pdf,D:\University_studies\Junior\data_visualization\experiment\final_self\opera_dataset\01000000\01004014_遗翠花.pdf,01000000/01004014_遗翠花.pdf,49bfac8f-ad5c-4639-829d-be1bd24f8504,2,【第二场】,47,dialogue,dialogue,小姐,pdf_01000000__01004014___d6eca0fe85__char__4dbc7fe4f9,白,白,白,念白,相公；小姐,那相公见了我的书信，还是喜吓，还是恼吓？,小姐 （白） 那相公见了我的书信，还是喜吓，还是恼吓？
pdf_01000000__01004014___d6eca0fe85,遗翠花,pdf_01000000__01004014___d6eca0fe85__line__000049,pdf_01000000__01004014___d6eca0fe85__scene__002,01004014_遗翠花.pdf,D:\University_studies\Junior\data_visualization\experiment\final_self\opera_dataset\01000000\01004014_遗翠花.pdf,01000000/01004014_遗翠花.pdf,49bfac8f-ad5c-4639-829d-be1bd24f8504,2,【第二场】,49,dialogue,dialogue,翠香,pdf_01000000__01004014___d6eca0fe85__char__98e42ad287,白,白,白,看；打；坐；念白,翠香；相公；小姐,相公见了你那书信，欢喜不停，还有回书一封。小姐观看。 小姐 （白） 翠香打坐。,翠香 （白） 相公见了你那书信，欢喜不停，还有回书一封。小姐观看。 小姐 （白） 翠香打坐。
pdf_01000000__01004014___d6eca0fe85,遗翠花,pdf_01000000__01004014___d6eca0fe85__line__000051,pdf_01000000__01004014___d6eca0fe85__scene__002,01004014_遗翠花.pdf,D:\University_studies\Junior\data_visualization\experiment\final_self\opera_dataset\01000000\01004014_遗翠花.pdf,01000000/01004014_遗翠花.pdf,49bfac8f-ad5c-4639-829d-be1bd24f8504,2,【第二场】,51,dialogue,dialogue,翠香,pdf_01000000__01004014___d6eca0fe85__char__98e42ad287,白,白,白,念白,翠香；小姐,"小姐,这封书信,好是不好?","翠香（白）小姐,这封书信,好是不好?"
pdf_01000000__01004014___d6eca0fe85,遗翠花,pdf_01000000__01004014___d6eca0fe85__line__000051,pdf_01000000__01004014___d6eca0fe85__scene__002,01004014_遗翠花.pdf,D:\University_studies\Junior\data_visualization\experiment\final_self\opera_dataset\01000000\01004014_遗翠花.pdf,01000000/01004014_遗翠花.pdf,49bfac8f-ad5c-4639-829d-be1bd24f8504,2,【第二场】,51,dialogue,dialogue,小姐,pdf_01000000__01004014___d6eca0fe85__char__4dbc7fe4f9,白,白,白,念白,小姐,"好倒是好。见书不见人,也是枉然。","小姐（白）好倒是好。见书不见人,也是枉然。"
pdf_01000000__01004014___d6eca0fe85,遗翠花,pdf_01000000__01004014___d6eca0fe85__line__000051,pdf_01000000__01004014___d6eca0fe85__scene__002,01004014_遗翠花.pdf,D:\University_studies\Junior\data_visualization\experiment\final_self\opera_dataset\01000000\01004014_遗翠花.pdf,01000000/01004014_遗翠花.pdf,49bfac8f-ad5c-4639-829d-be1bd24f8504,2,【第二场】,51,dialogue,dialogue,翠香,pdf_01000000__01004014___d6eca0fe85__char__98e42ad287,白,白,白,去；请；命；念白,翠香,就该命人去请。,翠香（白）就该命人去请。
pdf_01000000__01004014___d6eca0fe85,遗翠花,pdf_01000000__01004014___d6eca0fe85__line__000051,pdf_01000000__01004014___d6eca0fe85__scene__002,01004014_遗翠花.pdf,D:\University_studies\Junior\data_visualization\experiment\final_self\opera_dataset\01000000\01004014_遗翠花.pdf,01000000/01004014_遗翠花.pdf,49bfac8f-ad5c-4639-829d-be1bd24f8504,2,【第二场】,51,dialogue,dialogue,小姐,pdf_01000000__01004014___d6eca0fe85__char__4dbc7fe4f9,白,白,白,去；请；命；念白,小姐,就是。命你去请。,小姐（白）就是。命你去请。
pdf_01000000__01004014___d6eca0fe85,遗翠花,pdf_01000000__01004014___d6eca0fe85__line__000051,pdf_01000000__01004014___d6eca0fe85__scene__002,01004014_遗翠花.pdf,D:\University_studies\Junior\data_visualization\experiment\final_self\opera_dataset\01000000\01004014_遗翠花.pdf,01000000/01004014_遗翠花.pdf,49bfac8f-ad5c-4639-829d-be1bd24f8504,2,【第二场】,51,dialogue,dialogue,翠香,pdf_01000000__01004014___d6eca0fe85__char__98e42ad287,白,白,白,去；念白,翠香,"晓得了,晓得了。哎呀哎呀,不去了,不去了。","翠香（白）晓得了,晓得了。哎呀哎呀,不去了,不去了。"
pdf_01000000__01004014___d6eca0fe85,遗翠花,pdf_01000000__01004014___d6eca0fe85__line__000051,pdf_01000000__01004014___d6eca0fe85__scene__002,01004014_遗翠花.pdf,D:\University_studies\Junior\data_visualization\experiment\final_self\opera_dataset\01000000\01004014_遗翠花.pdf,01000000/01004014_遗翠花.pdf,49bfac8f-ad5c-4639-829d-be1bd24f8504,2,【第二场】,51,dialogue,dialogue,小姐,pdf_01000000__01004014___d6eca0fe85__char__4dbc7fe4f9,白,白,白,去；念白,翠香；小姐,"翠香,为何去而复转?","小姐（白）翠香,为何去而复转?"
pdf_01000000__01004014___d6eca0fe85,遗翠花,pdf_01000000__01004014___d6eca0fe85__line__000051,pdf_01000000__01004014___d6eca0fe85__scene__002,01004014_遗翠花.pdf,D:\University_studies\Junior\data_visualization\experiment\final_self\opera_dataset\01000000\01004014_遗翠花.pdf,01000000/01004014_遗翠花.pdf,49bfac8f-ad5c-4639-829d-be1bd24f8504,2,【第二场】,51,dialogue,dialogue,翠香,pdf_01000000__01004014___d6eca0fe85__char__98e42ad287,白,白,白,去；念白,老夫人；翠香,"非是我去而复返,老夫人知晓,与我大大的不便。","翠香（白）非是我去而复返,老夫人知晓,与我大大的不便。"
pdf_01000000__01004014___d6eca0fe85,遗翠花,pdf_01000000__01004014___d6eca0fe85__line__000051,pdf_01000000__01004014___d6eca0fe85__scene__002,01004014_遗翠花.pdf,D:\University_studies\Junior\data_visualization\experiment\final_self\opera_dataset\01000000\01004014_遗翠花.pdf,01000000/01004014_遗翠花.pdf,49bfac8f-ad5c-4639-829d-be1bd24f8504,2,【第二场】,51,dialogue,dialogue,小姐,pdf_01000000__01004014___d6eca0fe85__char__4dbc7fe4f9,白,白,白,去；念白,小姐,你当真不去?,小姐（白）你当真不去?
pdf_01000000__01004014___d6eca0fe85,遗翠花,pdf_01000000__01004014___d6eca0fe85__line__000051,pdf_01000000__01004014___d6eca0fe85__scene__002,01004014_遗翠花.pdf,D:\University_studies\Junior\data_visualization\experiment\final_self\opera_dataset\01000000\01004014_遗翠花.pdf,01000000/01004014_遗翠花.pdf,49bfac8f-ad5c-4639-829d-be1bd24f8504,2,【第二场】,51,dialogue,dialogue,翠香,pdf_01000000__01004014___d6eca0fe85__char__98e42ad287,白,白,白,去；念白,翠香,我不去了。,翠香（白）我不去了。
pdf_01000000__01004014___d6eca0fe85,遗翠花,pdf_01000000__01004014___d6eca0fe85__line__000051,pdf_01000000__01004014___d6eca0fe85__scene__002,01004014_遗翠花.pdf,D:\University_studies\Junior\data_visualization\experiment\final_self\opera_dataset\01000000\01004014_遗翠花.pdf,01000000/01004014_遗翠花.pdf,49bfac8f-ad5c-4639-829d-be1bd24f8504,2,【第二场】,51,dialogue,dialogue,小姐,pdf_01000000__01004014___d6eca0fe85__char__4dbc7fe4f9,白,白,白,去；念白,翠香；小姐,"翠香你去了吧。哎呀呀,翠香姐!","小姐（白）翠香你去了吧。哎呀呀,翠香姐!"
pdf_01000000__01004014___d6eca0fe85,遗翠花,pdf_01000000__01004014___d6eca0fe85__line__000051,pdf_01000000__01004014___d6eca0fe85__scene__002,01004014_遗翠花.pdf,D:\University_studies\Junior\data_visualization\experiment\final_self\opera_dataset\01000000\01004014_遗翠花.pdf,01000000/01004014_遗翠花.pdf,49bfac8f-ad5c-4639-829d-be1bd24f8504,2,【第二场】,51,lyric,lyric,翠香,pdf_01000000__01004014___d6eca0fe85__char__98e42ad287,西皮原板,唱,西皮原板,来；请；唱段,翠香；小姐,"小姐不必说此话,翠香言来听分明:姑娘请回绣阁内,","翠香（西皮原板）小姐不必说此话,翠香言来听分明:姑娘请回绣阁内,"
pdf_01000000__01004014___d6eca0fe85,遗翠花,pdf_01000000__01004014___d6eca0fe85__line__000051,pdf_01000000__01004014___d6eca0fe85__scene__002,01004014_遗翠花.pdf,D:\University_studies\Junior\data_visualization\experiment\final_self\opera_dataset\01000000\01004014_遗翠花.pdf,01000000/01004014_遗翠花.pdf,49bfac8f-ad5c-4639-829d-be1bd24f8504,2,【第二场】,51,lyric,lyric,翠香,pdf_01000000__01004014___d6eca0fe85__char__98e42ad287,西皮原板,唱,西皮原板,走；来；叫；唱段,翠香；相公,"我第二次书馆走一番。行走来在书房外,叫声相公开门来。","翠香（西皮原板）我第二次书馆走一番。行走来在书房外,叫声相公开门来。"
pdf_01000000__01004014___d6eca0fe85,遗翠花,pdf_01000000__01004014___d6eca0fe85__line__000051,pdf_01000000__01004014___d6eca0fe85__scene__002,01004014_遗翠花.pdf,D:\University_studies\Junior\data_visualization\experiment\final_self\opera_dataset\01000000\01004014_遗翠花.pdf,01000000/01004014_遗翠花.pdf,49bfac8f-ad5c-4639-829d-be1bd24f8504,2,【第二场】,51,lyric,lyric,相公,pdf_01000000__01004014___d6eca0fe85__char__8a2a62d872,西皮原板,唱,西皮原板,上；去；唱段,相公,用手儿上前去把门开放。,相公（西皮原板）用手儿上前去把门开放。
pdf_01000000__01004014___d6eca0fe85,遗翠花,pdf_01000000__01004014___d6eca0fe85__line__000051,pdf_01000000__01004014___d6eca0fe85__scene__002,01004014_遗翠花.pdf,D:\University_studies\Junior\data_visualization\experiment\final_self\opera_dataset\01000000\01004014_遗翠花.pdf,01000000/01004014_遗翠花.pdf,49bfac8f-ad5c-4639-829d-be1bd24f8504,2,【第二场】,51,dialogue,dialogue,翠香,pdf_01000000__01004014___d6eca0fe85__char__98e42ad287,白,白,白,坐；念白,翠香,有坐有坐。,翠香（白）有坐有坐。
pdf_01000000__01004014___d6eca0fe85,遗翠花,pdf_01000000__01004014___d6eca0fe85__line__000051,pdf_01000000__01004014___d6eca0fe85__scene__002,01004014_遗翠花.pdf,D:\University_studies\Junior\data_visualization\experiment\final_self\opera_dataset\01000000\01004014_遗翠花.pdf,01000000/01004014_遗翠花.pdf,49bfac8f-ad5c-4639-829d-be1bd24f8504,2,【第二场】,51,dialogue,dialogue,相公,pdf_01000000__01004014___d6eca0fe85__char__8a2a62d872,白,白,白,念白,翠香；相公；小姐,"啊,翠香,你家小姐见了我的书信,还是喜,还是恼?啊,翠香,你家小姐见了我的书信,还是喜吓,还是恼吓?","相公（白）啊,翠香,你家小姐见了我的书信,还是喜,还是恼?啊,翠香,你家小姐见了我的书信,还是喜吓,还是恼吓?"
pdf_01000000__01004014___d6eca0fe85,遗翠花,pdf_01000000__01004014___d6eca0fe85__line__000051,pdf_01000000__01004014___d6eca0fe85__scene__002,01004014_遗翠花.pdf,D:\University_studies\Junior\data_visualization\experiment\final_self\opera_dataset\01000000\01004014_遗翠花.pdf,01000000/01004014_遗翠花.pdf,49bfac8f-ad5c-4639-829d-be1bd24f8504,2,【第二场】,51,dialogue,dialogue,翠香,pdf_01000000__01004014___d6eca0fe85__char__98e42ad287,白,白,白,问；念白,翠香,"你住了吧。我为你那封书信,书馆跑到绣阁,绣阁跑到书馆。你又不问我吃的,也不问我喝的,就问那封书信,那封书信还在,你该把它怎的?","翠香（白）你住了吧。我为你那封书信,书馆跑到绣阁,绣阁跑到书馆。你又不问我吃的,也不问我喝的,就问那封书信,那封书信还在,你该把它怎的?"
pdf_01000000__01004014___d6eca0fe85,遗翠花,pdf_01000000__01004014___d6eca0fe85__line__000051,pdf_01000000__01004014___d6eca0fe85__scene__002,01004014_遗翠花.pdf,D:\University_studies\Junior\data_visualization\experiment\final_self\opera_dataset\01000000\01004014_遗翠花.pdf,01000000/01004014_遗翠花.pdf,49bfac8f-ad5c-4639-829d-be1bd24f8504,2,【第二场】,51,dialogue,dialogue,相公,pdf_01000000__01004014___d6eca0fe85__char__8a2a62d872,白,白,白,问；念白,相公,"哎吓,是吓。她绣阁跑到书馆,书馆跑到绣阁。我不问她吃的,不问她喝的,单问那封书信,那封书信在,我该把她怎么样吓?哦,是了。想是我这话,问得太紧了。","相公（白）哎吓,是吓。她绣阁跑到书馆,书馆跑到绣阁。我不问她吃的,不问她喝的,单问那封书信,那封书信在,我该把她怎么样吓?哦,是了。想是我这话,问得太紧了。"
pdf_01000000__01004014___d6eca0fe85,遗翠花,pdf_01000000__01004014___d6eca0fe85__line__000051,pdf_01000000__01004014___d6eca0fe85__scene__002,01004014_遗翠花.pdf,D:\University_studies\Junior\data_visualization\experiment\final_self\opera_dataset\01000000\01004014_遗翠花.pdf,01000000/01004014_遗翠花.pdf,49bfac8f-ad5c-4639-829d-be1bd24f8504,2,【第二场】,51,dialogue,dialogue,翠香,pdf_01000000__01004014___d6eca0fe85__char__98e42ad287,白,白,白,念白,翠香,"哽,要慢着些。","翠香（白）哽,要慢着些。"
pdf_01000000__01004014___d6eca0fe85,遗翠花,pdf_01000000__01004014___d6eca0fe85__line__000051,pdf_01000000__01004014___d6eca0fe85__scene__002,01004014_遗翠花.pdf,D:\University_studies\Junior\data_visualization\experiment\final_self\opera_dataset\01000000\01004014_遗翠花.pdf,01000000/01004014_遗翠花.pdf,49bfac8f-ad5c-4639-829d-be1bd24f8504,2,【第二场】,51,dialogue,dialogue,相公,pdf_01000000__01004014___d6eca0fe85__char__8a2a62d872,白,白,白,念白,翠香；相公,"待我慢着点。吓,翠香,你家姑娘......","相公（白）待我慢着点。吓,翠香,你家姑娘......"
pdf_01000000__01004014___d6eca0fe85,遗翠花,pdf_01000000__01004014___d6eca0fe85__line__000051,pdf_01000000__01004014___d6eca0fe85__scene__002,01004014_遗翠花.pdf,D:\University_studies\Junior\data_visualization\experiment\final_self\opera_dataset\01000000\01004014_遗翠花.pdf,01000000/01004014_遗翠花.pdf,49bfac8f-ad5c-4639-829d-be1bd24f8504,2,【第二场】,51,dialogue,dialogue,翠香,pdf_01000000__01004014___d6eca0fe85__char__98e42ad287,白,白,白,念白,翠香,你太慢了。,翠香（白）你太慢了。
pdf_01000000__01004014___d6eca0fe85,遗翠花,pdf_01000000__01004014___d6eca0fe85__line__000051,pdf_01000000__01004014___d6eca0fe85__scene__002,01004014_遗翠花.pdf,D:\University_studies\Junior\data_visualization\experiment\final_self\opera_dataset\01000000\01004014_遗翠花.pdf,01000000/01004014_遗翠花.pdf,49bfac8f-ad5c-4639-829d-be1bd24f8504,2,【第二场】,51,dialogue,dialogue,相公,pdf_01000000__01004014___d6eca0fe85__char__8a2a62d872,白,白,白,问；念白,相公,我该怎么问法?,相公（白）我该怎么问法?
pdf_01000000__01004014___d6eca0fe85,遗翠花,pdf_01000000__01004014___d6eca0fe85__line__000051,pdf_01000000__01004014___d6eca0fe85__scene__002,01004014_遗翠花.pdf,D:\University_studies\Junior\data_visualization\experiment\final_self\opera_dataset\01000000\01004014_遗翠花.pdf,01000000/01004014_遗翠花.pdf,49bfac8f-ad5c-4639-829d-be1bd24f8504,2,【第二场】,51,dialogue,dialogue,翠香,pdf_01000000__01004014___d6eca0fe85__char__98e42ad287,白,白,白,念白,翠香,要不紧不慢的。,翠香（白）要不紧不慢的。
pdf_01000000__01004014___d6eca0fe85,遗翠花,pdf_01000000__01004014___d6eca0fe85__line__000051,pdf_01000000__01004014___d6eca0fe85__scene__002,01004014_遗翠花.pdf,D:\University_studies\Junior\data_visualization\experiment\final_self\opera_dataset\01000000\01004014_遗翠花.pdf,01000000/01004014_遗翠花.pdf,49bfac8f-ad5c-4639-829d-be1bd24f8504,2,【第二场】,51,dialogue,dialogue,相公,pdf_01000000__01004014___d6eca0fe85__char__8a2a62d872,白,白,白,念白,相公,"你早说不紧不慢,就好了。","相公（白）你早说不紧不慢,就好了。"
pdf_01000000__01004014___d6eca0fe85,遗翠花,pdf_01000000__01004014___d6eca0fe85__line__000051,pdf_01000000__01004014___d6eca0fe85__scene__002,01004014_遗翠花.pdf,D:\University_studies\Junior\data_visualization\experiment\final_self\opera_dataset\01000000\01004014_遗翠花.pdf,01000000/01004014_遗翠花.pdf,49bfac8f-ad5c-4639-829d-be1bd24f8504,2,【第二场】,51,dialogue,dialogue,翠香,pdf_01000000__01004014___d6eca0fe85__char__98e42ad287,白,白,白,来；请；命；念白,翠香,"我家姑娘,见了你那封书信,欢喜不停,命我请你来了。","翠香（白）我家姑娘,见了你那封书信,欢喜不停,命我请你来了。"
pdf_01000000__01004014___d6eca0fe85,遗翠花,pdf_01000000__01004014___d6eca0fe85__line__000051,pdf_01000000__01004014___d6eca0fe85__scene__002,01004014_遗翠花.pdf,D:\University_studies\Junior\data_visualization\experiment\final_self\opera_dataset\01000000\01004014_遗翠花.pdf,01000000/01004014_遗翠花.pdf,49bfac8f-ad5c-4639-829d-be1bd24f8504,2,【第二场】,51,dialogue,dialogue,相公,pdf_01000000__01004014___d6eca0fe85__char__8a2a62d872,白,白,白,来；请；命；念白,相公,"怎么说,命你请我来了?","相公（白）怎么说,命你请我来了?"
pdf_01000000__01004014___d6eca0fe85,遗翠花,pdf_01000000__01004014___d6eca0fe85__line__000051,pdf_01000000__01004014___d6eca0fe85__scene__002,01004014_遗翠花.pdf,D:\University_studies\Junior\data_visualization\experiment\final_self\opera_dataset\01000000\01004014_遗翠花.pdf,01000000/01004014_遗翠花.pdf,49bfac8f-ad5c-4639-829d-be1bd24f8504,2,【第二场】,51,dialogue,dialogue,翠香,pdf_01000000__01004014___d6eca0fe85__char__98e42ad287,白,白,白,念白,翠香,正是。,翠香（白）正是。
pdf_01000000__01004014___d6eca0fe85,遗翠花,pdf_01000000__01004014___d6eca0fe85__line__000051,pdf_01000000__01004014___d6eca0fe85__scene__002,01004014_遗翠花.pdf,D:\University_studies\Junior\data_visualization\experiment\final_self\opera_dataset\01000000\01004014_遗翠花.pdf,01000000/01004014_遗翠花.pdf,49bfac8f-ad5c-4639-829d-be1bd24f8504,2,【第二场】,51,dialogue,dialogue,相公,pdf_01000000__01004014___d6eca0fe85__char__8a2a62d872,白,白,白,走；念白,相公,待我走吓。,相公（白）待我走吓。
pdf_01000000__01004014___d6eca0fe85,遗翠花,pdf_01000000__01004014___d6eca0fe85__line__000051,pdf_01000000__01004014___d6eca0fe85__scene__002,01004014_遗翠花.pdf,D:\University_studies\Junior\data_visualization\experiment\final_self\opera_dataset\01000000\01004014_遗翠花.pdf,01000000/01004014_遗翠花.pdf,49bfac8f-ad5c-4639-829d-be1bd24f8504,2,【第二场】,51,dialogue,dialogue,翠香,pdf_01000000__01004014___d6eca0fe85__char__98e42ad287,白,白,白,念白,翠香,你住了吧。,翠香（白）你住了吧。
pdf_01000000__01004014___d6eca0fe85,遗翠花,pdf_01000000__01004014___d6eca0fe85__line__000051,pdf_01000000__01004014___d6eca0fe85__scene__002,01004014_遗翠花.pdf,D:\University_studies\Junior\data_visualization\experiment\final_self\opera_dataset\01000000\01004014_遗翠花.pdf,01000000/01004014_遗翠花.pdf,49bfac8f-ad5c-4639-829d-be1bd24f8504,2,【第二场】,51,dialogue,dialogue,相公,pdf_01000000__01004014___d6eca0fe85__char__8a2a62d872,白,白,白,走；念白,相公,待我走吓。,相公（白）待我走吓。
pdf_01000000__01004014___d6eca0fe85,遗翠花,pdf_01000000__01004014___d6eca0fe85__line__000051,pdf_01000000__01004014___d6eca0fe85__scene__002,01004014_遗翠花.pdf,D:\University_studies\Junior\data_visualization\experiment\final_self\opera_dataset\01000000\01004014_遗翠花.pdf,01000000/01004014_遗翠花.pdf,49bfac8f-ad5c-4639-829d-be1bd24f8504,2,【第二场】,51,dialogue,dialogue,翠香,pdf_01000000__01004014___d6eca0fe85__char__98e42ad287,白,白,白,念白,翠香,你慢着。,翠香（白）你慢着。
pdf_01000000__01004014___d6eca0fe85,遗翠花,pdf_01000000__01004014___d6eca0fe85__line__000051,pdf_01000000__01004014___d6eca0fe85__scene__002,01004014_遗翠花.pdf,D:\University_studies\Junior\data_visualization\experiment\final_self\opera_dataset\01000000\01004014_遗翠花.pdf,01000000/01004014_遗翠花.pdf,49bfac8f-ad5c-4639-829d-be1bd24f8504,2,【第二场】,51,dialogue,dialogue,相公,pdf_01000000__01004014___d6eca0fe85__char__8a2a62d872,白,白,白,来；看；问；请；命；道；坐；念白,相公；小姐,"呀哇哇!你看这个丫头。她家小姐命她请我来了,她搬张椅儿,坐在一旁,要言不言,要语不语,是何道理?内中有话,我总要问个明白。","相公（白）呀哇哇!你看这个丫头。她家小姐命她请我来了,她搬张椅儿,坐在一旁,要言不言,要语不语,是何道理?内中有话,我总要问个明白。"
pdf_01000000__01004014___d6eca0fe85,遗翠花,pdf_01000000__01004014___d6eca0fe85__line__000051,pdf_01000000__01004014___d6eca0fe85__scene__002,01004014_遗翠花.pdf,D:\University_studies\Junior\data_visualization\experiment\final_self\opera_dataset\01000000\01004014_遗翠花.pdf,01000000/01004014_遗翠花.pdf,49bfac8f-ad5c-4639-829d-be1bd24f8504,2,【第二场】,51,dialogue,dialogue,翠香,pdf_01000000__01004014___d6eca0fe85__char__98e42ad287,白,白,白,念白,翠香,"我说你们读书人,不懂交情礼义。","翠香（白）我说你们读书人,不懂交情礼义。"
pdf_01000000__01004014___d6eca0fe85,遗翠花,pdf_01000000__01004014___d6eca0fe85__line__000051,pdf_01000000__01004014___d6eca0fe85__scene__002,01004014_遗翠花.pdf,D:\University_studies\Junior\data_visualization\experiment\final_self\opera_dataset\01000000\01004014_遗翠花.pdf,01000000/01004014_遗翠花.pdf,49bfac8f-ad5c-4639-829d-be1bd24f8504,2,【第二场】,51,dialogue,dialogue,相公,pdf_01000000__01004014___d6eca0fe85__char__8a2a62d872,白,白,白,念白,相公,我们读书人最讲交情礼义。,相公（白）我们读书人最讲交情礼义。
pdf_01000000__01004014___d6eca0fe85,遗翠花,pdf_01000000__01004014___d6eca0fe85__line__000051,pdf_01000000__01004014___d6eca0fe85__scene__002,01004014_遗翠花.pdf,D:\University_studies\Junior\data_visualization\experiment\final_self\opera_dataset\01000000\01004014_遗翠花.pdf,01000000/01004014_遗翠花.pdf,49bfac8f-ad5c-4639-829d-be1bd24f8504,2,【第二场】,51,dialogue,dialogue,翠香,pdf_01000000__01004014___d6eca0fe85__char__98e42ad287,白,白,白,问；念白,翠香,"我且问你,为嘴——","翠香（白）我且问你,为嘴——"
pdf_01000000__01004014___d6eca0fe85,遗翠花,pdf_01000000__01004014___d6eca0fe85__line__000051,pdf_01000000__01004014___d6eca0fe85__scene__002,01004014_遗翠花.pdf,D:\University_studies\Junior\data_visualization\experiment\final_self\opera_dataset\01000000\01004014_遗翠花.pdf,01000000/01004014_遗翠花.pdf,49bfac8f-ad5c-4639-829d-be1bd24f8504,2,【第二场】,51,dialogue,dialogue,相公,pdf_01000000__01004014___d6eca0fe85__char__8a2a62d872,白,白,白,念白,相公,伤身。,相公（白）伤身。
pdf_01000000__01004014___d6eca0fe85,遗翠花,pdf_01000000__01004014___d6eca0fe85__line__000051,pdf_01000000__01004014___d6eca0fe85__scene__002,01004014_遗翠花.pdf,D:\University_studies\Junior\data_visualization\experiment\final_self\opera_dataset\01000000\01004014_遗翠花.pdf,01000000/01004014_遗翠花.pdf,49bfac8f-ad5c-4639-829d-be1bd24f8504,2,【第二场】,51,dialogue,dialogue,翠香,pdf_01000000__01004014___d6eca0fe85__char__98e42ad287,白,白,白,念白,翠香,为媳妇——,翠香（白）为媳妇——
pdf_01000000__01004014___d6eca0fe85,遗翠花,pdf_01000000__01004014___d6eca0fe85__line__000051,pdf_01000000__01004014___d6eca0fe85__scene__002,01004014_遗翠花.pdf,D:\University_studies\Junior\data_visualization\experiment\final_self\opera_dataset\01000000\01004014_遗翠花.pdf,01000000/01004014_遗翠花.pdf,49bfac8f-ad5c-4639-829d-be1bd24f8504,2,【第二场】,51,dialogue,dialogue,相公,pdf_01000000__01004014___d6eca0fe85__char__8a2a62d872,白,白,白,拜；念白,相公,先要拜过月老媒人。,相公（白）先要拜过月老媒人。
pdf_01000000__01004014___d6eca0fe85,遗翠花,pdf_01000000__01004014___d6eca0fe85__line__000051,pdf_01000000__01004014___d6eca0fe85__scene__002,01004014_遗翠花.pdf,D:\University_studies\Junior\data_visualization\experiment\final_self\opera_dataset\01000000\01004014_遗翠花.pdf,01000000/01004014_遗翠花.pdf,49bfac8f-ad5c-4639-829d-be1bd24f8504,2,【第二场】,51,dialogue,dialogue,翠香,pdf_01000000__01004014___d6eca0fe85__char__98e42ad287,白,白,白,拜；念白,翠香,"你既知为嘴伤身,为媳妇先要拜过月老媒人,你想成亲?","翠香（白）你既知为嘴伤身,为媳妇先要拜过月老媒人,你想成亲?"
pdf_01000000__01004014___d6eca0fe85,遗翠花,pdf_01000000__01004014___d6eca0fe85__line__000051,pdf_01000000__01004014___d6eca0fe85__scene__002,01004014_遗翠花.pdf,D:\University_studies\Junior\data_visualization\experiment\final_self\opera_dataset\01000000\01004014_遗翠花.pdf,01000000/01004014_遗翠花.pdf,49bfac8f-ad5c-4639-829d-be1bd24f8504,2,【第二场】,51,dialogue,dialogue,相公,pdf_01000000__01004014___d6eca0fe85__char__8a2a62d872,白,白,白,念白,相公,想成亲。,相公（白）想成亲。
pdf_01000000__01004014___d6eca0fe85,遗翠花,pdf_01000000__01004014___d6eca0fe85__line__000051,pdf_01000000__01004014___d6eca0fe85__scene__002,01004014_遗翠花.pdf,D:\University_studies\Junior\data_visualization\experiment\final_self\opera_dataset\01000000\01004014_遗翠花.pdf,01000000/01004014_遗翠花.pdf,49bfac8f-ad5c-4639-829d-be1bd24f8504,2,【第二场】,51,dialogue,dialogue,翠香,pdf_01000000__01004014___d6eca0fe85__char__98e42ad287,白,白,白,念白,翠香,爱成亲?,翠香（白）爱成亲?
pdf_01000000__01004014___d6eca0fe85,遗翠花,pdf_01000000__01004014___d6eca0fe85__line__000051,pdf_01000000__01004014___d6eca0fe85__scene__002,01004014_遗翠花.pdf,D:\University_studies\Junior\data_visualization\experiment\final_self\opera_dataset\01000000\01004014_遗翠花.pdf,01000000/01004014_遗翠花.pdf,49bfac8f-ad5c-4639-829d-be1bd24f8504,2,【第二场】,51,dialogue,dialogue,相公,pdf_01000000__01004014___d6eca0fe85__char__8a2a62d872,白,白,白,念白,相公,爱成亲。,相公（白）爱成亲。
pdf_01000000__01004014___d6eca0fe85,遗翠花,pdf_01000000__01004014___d6eca0fe85__line__000051,pdf_01000000__01004014___d6eca0fe85__scene__002,01004014_遗翠花.pdf,D:\University_studies\Junior\data_visualization\experiment\final_self\opera_dataset\01000000\01004014_遗翠花.pdf,01000000/01004014_遗翠花.pdf,49bfac8f-ad5c-4639-829d-be1bd24f8504,2,【第二场】,51,dialogue,dialogue,翠香,pdf_01000000__01004014___d6eca0fe85__char__98e42ad287,白,白,白,去；念白,翠香,"你想成亲爱成亲,我不带你前去,你二人一辈子见不了面。引得你那脖根子生疼。","翠香（白）你想成亲爱成亲,我不带你前去,你二人一辈子见不了面。引得你那脖根子生疼。"
pdf_01000000__01004014___d6eca0fe85,遗翠花,pdf_01000000__01004014___d6eca0fe85__line__000051,pdf_01000000__01004014___d6eca0fe85__scene__002,01004014_遗翠花.pdf,D:\University_studies\Junior\data_visualization\experiment\final_self\opera_dataset\01000000\01004014_遗翠花.pdf,01000000/01004014_遗翠花.pdf,49bfac8f-ad5c-4639-829d-be1bd24f8504,2,【第二场】,51,dialogue,dialogue,相公,pdf_01000000__01004014___d6eca0fe85__char__8a2a62d872,白,白,白,来；拜；念白,相公,"哎吓,是吓,想成亲,爱成亲,先要拜过月老媒人。我这月老媒人未曾拜过,我倒想成亲起来了。哦,是了,想必是我许她那根押鬓簪。","相公（白）哎吓,是吓,想成亲,爱成亲,先要拜过月老媒人。我这月老媒人未曾拜过,我倒想成亲起来了。哦,是了,想必是我许她那根押鬓簪。"
pdf_01000000__01004014___d6eca0fe85,遗翠花,pdf_01000000__01004014___d6eca0fe85__line__000051,pdf_01000000__01004014___d6eca0fe85__scene__002,01004014_遗翠花.pdf,D:\University_studies\Junior\data_visualization\experiment\final_self\opera_dataset\01000000\01004014_遗翠花.pdf,01000000/01004014_遗翠花.pdf,49bfac8f-ad5c-4639-829d-be1bd24f8504,2,【第二场】,51,dialogue,dialogue,翠香,pdf_01000000__01004014___d6eca0fe85__char__98e42ad287,白,白,白,上；来；念白,翠香,"回来。押鬓簪,我头上有,不要。","翠香（白）回来。押鬓簪,我头上有,不要。"
pdf_01000000__01004014___d6eca0fe85,遗翠花,pdf_01000000__01004014___d6eca0fe85__line__000051,pdf_01000000__01004014___d6eca0fe85__scene__002,01004014_遗翠花.pdf,D:\University_studies\Junior\data_visualization\experiment\final_self\opera_dataset\01000000\01004014_遗翠花.pdf,01000000/01004014_遗翠花.pdf,49bfac8f-ad5c-4639-829d-be1bd24f8504,2,【第二场】,51,dialogue,dialogue,相公,pdf_01000000__01004014___d6eca0fe85__char__8a2a62d872,白,白,白,去；拿；念白,相公,"哦,许你那件好衣裳,待我去拿去。","相公（白）哦,许你那件好衣裳,待我去拿去。"
pdf_01000000__01004014___d6eca0fe85,遗翠花,pdf_01000000__01004014___d6eca0fe85__line__000051,pdf_01000000__01004014___d6eca0fe85__scene__002,01004014_遗翠花.pdf,D:\University_studies\Junior\data_visualization\experiment\final_self\opera_dataset\01000000\01004014_遗翠花.pdf,01000000/01004014_遗翠花.pdf,49bfac8f-ad5c-4639-829d-be1bd24f8504,2,【第二场】,51,dialogue,dialogue,翠香,pdf_01000000__01004014___d6eca0fe85__char__98e42ad287,白,白,白,念白,翠香,"衣裳我有,不要。","翠香（白）衣裳我有,不要。"
pdf_01000000__01004014___d6eca0fe85,遗翠花,pdf_01000000__01004014___d6eca0fe85__line__000051,pdf_01000000__01004014___d6eca0fe85__scene__002,01004014_遗翠花.pdf,D:\University_studies\Junior\data_visualization\experiment\final_self\opera_dataset\01000000\01004014_遗翠花.pdf,01000000/01004014_遗翠花.pdf,49bfac8f-ad5c-4639-829d-be1bd24f8504,2,【第二场】,51,dialogue,dialogue,相公,pdf_01000000__01004014___d6eca0fe85__char__8a2a62d872,白,白,白,念白,翠香；相公,"吓,翠香你要什么东西,你只管讲吓。","相公（白）吓,翠香你要什么东西,你只管讲吓。"
pdf_01000000__01004014___d6eca0fe85,遗翠花,pdf_01000000__01004014___d6eca0fe85__line__000051,pdf_01000000__01004014___d6eca0fe85__scene__002,01004014_遗翠花.pdf,D:\University_studies\Junior\data_visualization\experiment\final_self\opera_dataset\01000000\01004014_遗翠花.pdf,01000000/01004014_遗翠花.pdf,49bfac8f-ad5c-4639-829d-be1bd24f8504,2,【第二场】,51,dialogue,dialogue,翠香,pdf_01000000__01004014___d6eca0fe85__char__98e42ad287,白,白,白,念白,翠香,"我要这个东西,在你书馆里面。","翠香（白）我要这个东西,在你书馆里面。"
pdf_01000000__01004014___d6eca0fe85,遗翠花,pdf_01000000__01004014___d6eca0fe85__line__000051,pdf_01000000__01004014___d6eca0fe85__scene__002,01004014_遗翠花.pdf,D:\University_studies\Junior\data_visualization\experiment\final_self\opera_dataset\01000000\01004014_遗翠花.pdf,01000000/01004014_遗翠花.pdf,49bfac8f-ad5c-4639-829d-be1bd24f8504,2,【第二场】,51,dialogue,dialogue,相公,pdf_01000000__01004014___d6eca0fe85__char__8a2a62d872,白,白,白,下；来；念白,相公,"哦,你要琴棋书画,待我与你摘下来。","相公（白）哦,你要琴棋书画,待我与你摘下来。"
pdf_01000000__01004014___d6eca0fe85,遗翠花,pdf_01000000__01004014___d6eca0fe85__line__000051,pdf_01000000__01004014___d6eca0fe85__scene__002,01004014_遗翠花.pdf,D:\University_studies\Junior\data_visualization\experiment\final_self\opera_dataset\01000000\01004014_遗翠花.pdf,01000000/01004014_遗翠花.pdf,49bfac8f-ad5c-4639-829d-be1bd24f8504,2,【第二场】,51,dialogue,dialogue,翠香,pdf_01000000__01004014___d6eca0fe85__char__98e42ad287,白,白,白,来；念白,翠香,"回来,我们女孩家,要这琴棋书画做甚?不要。","翠香（白）回来,我们女孩家,要这琴棋书画做甚?不要。"
pdf_01000000__01004014___d6eca0fe85,遗翠花,pdf_01000000__01004014___d6eca0fe85__line__000051,pdf_01000000__01004014___d6eca0fe85__scene__002,01004014_遗翠花.pdf,D:\University_studies\Junior\data_visualization\experiment\final_self\opera_dataset\01000000\01004014_遗翠花.pdf,01000000/01004014_遗翠花.pdf,49bfac8f-ad5c-4639-829d-be1bd24f8504,2,【第二场】,51,dialogue,dialogue,相公,pdf_01000000__01004014___d6eca0fe85__char__8a2a62d872,白,白,白,念白,相公,你要什么东西吓?,相公（白）你要什么东西吓?
pdf_01000000__01004014___d6eca0fe85,遗翠花,pdf_01000000__01004014___d6eca0fe85__line__000051,pdf_01000000__01004014___d6eca0fe85__scene__002,01004014_遗翠花.pdf,D:\University_studies\Junior\data_visualization\experiment\final_self\opera_dataset\01000000\01004014_遗翠花.pdf,01000000/01004014_遗翠花.pdf,49bfac8f-ad5c-4639-829d-be1bd24f8504,2,【第二场】,51,dialogue,dialogue,翠香,pdf_01000000__01004014___d6eca0fe85__char__98e42ad287,白,白,白,念白,翠香,"我要这个东西,在你随身带着的。","翠香（白）我要这个东西,在你随身带着的。"
pdf_01000000__01004014___d6eca0fe85,遗翠花,pdf_01000000__01004014___d6eca0fe85__line__000051,pdf_01000000__01004014___d6eca0fe85__scene__002,01004014_遗翠花.pdf,D:\University_studies\Junior\data_visualization\experiment\final_self\opera_dataset\01000000\01004014_遗翠花.pdf,01000000/01004014_遗翠花.pdf,49bfac8f-ad5c-4639-829d-be1bd24f8504,2,【第二场】,51,dialogue,dialogue,相公,pdf_01000000__01004014___d6eca0fe85__char__8a2a62d872,白,白,白,念白,相公,"这把扇子,奉送奉送。","相公（白）这把扇子,奉送奉送。"
pdf_01000000__01004014___d6eca0fe85,遗翠花,pdf_01000000__01004014___d6eca0fe85__line__000051,pdf_01000000__01004014___d6eca0fe85__scene__002,01004014_遗翠花.pdf,D:\University_studies\Junior\data_visualization\experiment\final_self\opera_dataset\01000000\01004014_遗翠花.pdf,01000000/01004014_遗翠花.pdf,49bfac8f-ad5c-4639-829d-be1bd24f8504,2,【第二场】,51,dialogue,dialogue,翠香,pdf_01000000__01004014___d6eca0fe85__char__98e42ad287,白,白,白,念白,翠香,"这扇子,我有不要。","翠香（白）这扇子,我有不要。"
pdf_01000000__01004014___d6eca0fe85,遗翠花,pdf_01000000__01004014___d6eca0fe85__line__000051,pdf_01000000__01004014___d6eca0fe85__scene__002,01004014_遗翠花.pdf,D:\University_studies\Junior\data_visualization\experiment\final_self\opera_dataset\01000000\01004014_遗翠花.pdf,01000000/01004014_遗翠花.pdf,49bfac8f-ad5c-4639-829d-be1bd24f8504,2,【第二场】,51,dialogue,dialogue,相公,pdf_01000000__01004014___d6eca0fe85__char__8a2a62d872,白,白,白,下；来；道；念白,相公,"哦,在我随身带着的,这件道袍,待我脱下来。","相公（白）哦,在我随身带着的,这件道袍,待我脱下来。"
pdf_01000000__01004014___d6eca0fe85,遗翠花,pdf_01000000__01004014___d6eca0fe85__line__000051,pdf_01000000__01004014___d6eca0fe85__scene__002,01004014_遗翠花.pdf,D:\University_studies\Junior\data_visualization\experiment\final_self\opera_dataset\01000000\01004014_遗翠花.pdf,01000000/01004014_遗翠花.pdf,49bfac8f-ad5c-4639-829d-be1bd24f8504,2,【第二场】,51,dialogue,dialogue,翠香,pdf_01000000__01004014___d6eca0fe85__char__98e42ad287,白,白,白,道；念白,翠香,在这道袍儿盖着的。,翠香（白）在这道袍儿盖着的。
pdf_01000000__01004014___d6eca0fe85,遗翠花,pdf_01000000__01004014___d6eca0fe85__line__000051,pdf_01000000__01004014___d6eca0fe85__scene__002,01004014_遗翠花.pdf,D:\University_studies\Junior\data_visualization\experiment\final_self\opera_dataset\01000000\01004014_遗翠花.pdf,01000000/01004014_遗翠花.pdf,49bfac8f-ad5c-4639-829d-be1bd24f8504,2,【第二场】,51,dialogue,dialogue,相公,pdf_01000000__01004014___d6eca0fe85__char__8a2a62d872,白,白,白,下；来；念白,相公,"哦,你要这双靴子,待我脱下来。","相公（白）哦,你要这双靴子,待我脱下来。"
pdf_01000000__01004014___d6eca0fe85,遗翠花,pdf_01000000__01004014___d6eca0fe85__line__000051,pdf_01000000__01004014___d6eca0fe85__scene__002,01004014_遗翠花.pdf,D:\University_studies\Junior\data_visualization\experiment\final_self\opera_dataset\01000000\01004014_遗翠花.pdf,01000000/01004014_遗翠花.pdf,49bfac8f-ad5c-4639-829d-be1bd24f8504,2,【第二场】,51,dialogue,dialogue,翠香,pdf_01000000__01004014___d6eca0fe85__char__98e42ad287,白,白,白,上；念白,翠香,"女孩家,要靴子何用?在你靴子上面。","翠香（白）女孩家,要靴子何用?在你靴子上面。"
pdf_01000000__01004014___d6eca0fe85,遗翠花,pdf_01000000__01004014___d6eca0fe85__line__000051,pdf_01000000__01004014___d6eca0fe85__scene__002,01004014_遗翠花.pdf,D:\University_studies\Junior\data_visualization\experiment\final_self\opera_dataset\01000000\01004014_遗翠花.pdf,01000000/01004014_遗翠花.pdf,49bfac8f-ad5c-4639-829d-be1bd24f8504,2,【第二场】,51,dialogue,dialogue,相公,pdf_01000000__01004014___d6eca0fe85__char__8a2a62d872,白,白,白,上；去；念白,相公,"哦,不是的。在这靴子上头。这双套裤?脱了去。","相公（白）哦,不是的。在这靴子上头。这双套裤?脱了去。"
pdf_01000000__01004014___d6eca0fe85,遗翠花,pdf_01000000__01004014___d6eca0fe85__line__000051,pdf_01000000__01004014___d6eca0fe85__scene__002,01004014_遗翠花.pdf,D:\University_studies\Junior\data_visualization\experiment\final_self\opera_dataset\01000000\01004014_遗翠花.pdf,01000000/01004014_遗翠花.pdf,49bfac8f-ad5c-4639-829d-be1bd24f8504,2,【第二场】,51,dialogue,dialogue,翠香,pdf_01000000__01004014___d6eca0fe85__char__98e42ad287,白,白,白,上；念白,翠香,还在套裤上头。,翠香（白）还在套裤上头。
pdf_01000000__01004014___d6eca0fe85,遗翠花,pdf_01000000__01004014___d6eca0fe85__line__000051,pdf_01000000__01004014___d6eca0fe85__scene__002,01004014_遗翠花.pdf,D:\University_studies\Junior\data_visualization\experiment\final_self\opera_dataset\01000000\01004014_遗翠花.pdf,01000000/01004014_遗翠花.pdf,49bfac8f-ad5c-4639-829d-be1bd24f8504,2,【第二场】,51,dialogue,dialogue,相公,pdf_01000000__01004014___d6eca0fe85__char__8a2a62d872,白,白,白,上；去；拿；念白,相公,"哦,还在套裤上头?这根裤腰带,拿去。","相公（白）哦,还在套裤上头?这根裤腰带,拿去。"
pdf_01000000__01004014___d6eca0fe85,遗翠花,pdf_01000000__01004014___d6eca0fe85__line__000051,pdf_01000000__01004014___d6eca0fe85__scene__002,01004014_遗翠花.pdf,D:\University_studies\Junior\data_visualization\experiment\final_self\opera_dataset\01000000\01004014_遗翠花.pdf,01000000/01004014_遗翠花.pdf,49bfac8f-ad5c-4639-829d-be1bd24f8504,2,【第二场】,51,dialogue,dialogue,翠香,pdf_01000000__01004014___d6eca0fe85__char__98e42ad287,白,白,白,念白,翠香,"离那裤腰带,就不远了。","翠香（白）离那裤腰带,就不远了。"
pdf_01000000__01004014___d6eca0fe85,遗翠花,pdf_01000000__01004014___d6eca0fe85__line__000051,pdf_01000000__01004014___d6eca0fe85__scene__002,01004014_遗翠花.pdf,D:\University_studies\Junior\data_visualization\experiment\final_self\opera_dataset\01000000\01004014_遗翠花.pdf,01000000/01004014_遗翠花.pdf,49bfac8f-ad5c-4639-829d-be1bd24f8504,2,【第二场】,51,dialogue,dialogue,相公,pdf_01000000__01004014___d6eca0fe85__char__8a2a62d872,白,白,白,上；下；去；念白,相公,"哦,离这裤腰带,就不远了。我浑身上下,没有什么东西了。你要什么东西,我与你去买。","相公（白）哦,离这裤腰带,就不远了。我浑身上下,没有什么东西了。你要什么东西,我与你去买。"
pdf_01000000__01004014___d6eca0fe85,遗翠花,pdf_01000000__01004014___d6eca0fe85__line__000051,pdf_01000000__01004014___d6eca0fe85__scene__002,01004014_遗翠花.pdf,D:\University_studies\Junior\data_visualization\experiment\final_self\opera_dataset\01000000\01004014_遗翠花.pdf,01000000/01004014_遗翠花.pdf,49bfac8f-ad5c-4639-829d-be1bd24f8504,2,【第二场】,51,dialogue,dialogue,翠香,pdf_01000000__01004014___d6eca0fe85__char__98e42ad287,白,白,白,念白,翠香,我要外。,翠香（白）我要外。
pdf_01000000__01004014___d6eca0fe85,遗翠花,pdf_01000000__01004014___d6eca0fe85__line__000051,pdf_01000000__01004014___d6eca0fe85__scene__002,01004014_遗翠花.pdf,D:\University_studies\Junior\data_visualization\experiment\final_self\opera_dataset\01000000\01004014_遗翠花.pdf,01000000/01004014_遗翠花.pdf,49bfac8f-ad5c-4639-829d-be1bd24f8504,2,【第二场】,51,dialogue,dialogue,相公,pdf_01000000__01004014___d6eca0fe85__char__8a2a62d872,白,白,白,叫；念白,相公,什么叫作一个“外”?一外就把我外住了。,相公（白）什么叫作一个“外”?一外就把我外住了。
pdf_01000000__01004014___d6eca0fe85,遗翠花,pdf_01000000__01004014___d6eca0fe85__line__000051,pdf_01000000__01004014___d6eca0fe85__scene__002,01004014_遗翠花.pdf,D:\University_studies\Junior\data_visualization\experiment\final_self\opera_dataset\01000000\01004014_遗翠花.pdf,01000000/01004014_遗翠花.pdf,49bfac8f-ad5c-4639-829d-be1bd24f8504,2,【第二场】,51,dialogue,dialogue,翠香,pdf_01000000__01004014___d6eca0fe85__char__98e42ad287,白,白,白,念白,翠香,我要外外外。,翠香（白）我要外外外。
pdf_01000000__01004014___d6eca0fe85,遗翠花,pdf_01000000__01004014___d6eca0fe85__line__000051,pdf_01000000__01004014___d6eca0fe85__scene__002,01004014_遗翠花.pdf,D:\University_studies\Junior\data_visualization\experiment\final_self\opera_dataset\01000000\01004014_遗翠花.pdf,01000000/01004014_遗翠花.pdf,49bfac8f-ad5c-4639-829d-be1bd24f8504,2,【第二场】,51,dialogue,dialogue,相公,pdf_01000000__01004014___d6eca0fe85__char__8a2a62d872,白,白,白,下；来；念白,相公,"什么说你要外外外。一个外都弄不清楚,哪有许多的外?这是什么东西?哦,这顶头巾。你要摘下来。","相公（白）什么说你要外外外。一个外都弄不清楚,哪有许多的外?这是什么东西?哦,这顶头巾。你要摘下来。"
pdf_01000000__01004014___d6eca0fe85,遗翠花,pdf_01000000__01004014___d6eca0fe85__line__000051,pdf_01000000__01004014___d6eca0fe85__scene__002,01004014_遗翠花.pdf,D:\University_studies\Junior\data_visualization\experiment\final_self\opera_dataset\01000000\01004014_遗翠花.pdf,01000000/01004014_遗翠花.pdf,49bfac8f-ad5c-4639-829d-be1bd24f8504,2,【第二场】,51,dialogue,dialogue,翠香,pdf_01000000__01004014___d6eca0fe85__char__98e42ad287,白,白,白,念白,翠香,比这个头巾小的多呢多。,翠香（白）比这个头巾小的多呢多。
pdf_01000000__01004014___d6eca0fe85,遗翠花,pdf_01000000__01004014___d6eca0fe85__line__000051,pdf_01000000__01004014___d6eca0fe85__scene__002,01004014_遗翠花.pdf,D:\University_studies\Junior\data_visualization\experiment\final_self\opera_dataset\01000000\01004014_遗翠花.pdf,01000000/01004014_遗翠花.pdf,49bfac8f-ad5c-4639-829d-be1bd24f8504,2,【第二场】,51,dialogue,dialogue,相公,pdf_01000000__01004014___d6eca0fe85__char__8a2a62d872,白,白,白,念白,相公,"哦,比这个头巾,还小的多的多。哎,到底要什么东西?","相公（白）哦,比这个头巾,还小的多的多。哎,到底要什么东西?"
pdf_01000000__01004014___d6eca0fe85,遗翠花,pdf_01000000__01004014___d6eca0fe85__line__000051,pdf_01000000__01004014___d6eca0fe85__scene__002,01004014_遗翠花.pdf,D:\University_studies\Junior\data_visualization\experiment\final_self\opera_dataset\01000000\01004014_遗翠花.pdf,01000000/01004014_遗翠花.pdf,49bfac8f-ad5c-4639-829d-be1bd24f8504,2,【第二场】,51,dialogue,dialogue,翠香,pdf_01000000__01004014___d6eca0fe85__char__98e42ad287,白,白,白,念白,翠香；相公,相公你这有人没人?,翠香（白）相公你这有人没人?
pdf_01000000__01004014___d6eca0fe85,遗翠花,pdf_01000000__01004014___d6eca0fe85__line__000051,pdf_01000000__01004014___d6eca0fe85__scene__002,01004014_遗翠花.pdf,D:\University_studies\Junior\data_visualization\experiment\final_self\opera_dataset\01000000\01004014_遗翠花.pdf,01000000/01004014_遗翠花.pdf,49bfac8f-ad5c-4639-829d-be1bd24f8504,2,【第二场】,51,dialogue,dialogue,相公,pdf_01000000__01004014___d6eca0fe85__char__8a2a62d872,白,白,白,来；念白,相公,书馆之内只有你我二人。你只管讲来。,相公（白）书馆之内只有你我二人。你只管讲来。
pdf_01000000__01004014___d6eca0fe85,遗翠花,pdf_01000000__01004014___d6eca0fe85__line__000051,pdf_01000000__01004014___d6eca0fe85__scene__002,01004014_遗翠花.pdf,D:\University_studies\Junior\data_visualization\experiment\final_self\opera_dataset\01000000\01004014_遗翠花.pdf,01000000/01004014_遗翠花.pdf,49bfac8f-ad5c-4639-829d-be1bd24f8504,2,【第二场】,51,dialogue,dialogue,翠香,pdf_01000000__01004014___d6eca0fe85__char__98e42ad287,白,白,白,念白,翠香,你当真不晓得?,翠香（白）你当真不晓得?
pdf_01000000__01004014___d6eca0fe85,遗翠花,pdf_01000000__01004014___d6eca0fe85__line__000051,pdf_01000000__01004014___d6eca0fe85__scene__002,01004014_遗翠花.pdf,D:\University_studies\Junior\data_visualization\experiment\final_self\opera_dataset\01000000\01004014_遗翠花.pdf,01000000/01004014_遗翠花.pdf,49bfac8f-ad5c-4639-829d-be1bd24f8504,2,【第二场】,51,dialogue,dialogue,相公,pdf_01000000__01004014___d6eca0fe85__char__8a2a62d872,白,白,白,念白,相公,当真不懂。,相公（白）当真不懂。
pdf_01000000__01004014___d6eca0fe85,遗翠花,pdf_01000000__01004014___d6eca0fe85__line__000051,pdf_01000000__01004014___d6eca0fe85__scene__002,01004014_遗翠花.pdf,D:\University_studies\Junior\data_visualization\experiment\final_self\opera_dataset\01000000\01004014_遗翠花.pdf,01000000/01004014_遗翠花.pdf,49bfac8f-ad5c-4639-829d-be1bd24f8504,2,【第二场】,51,dialogue,dialogue,翠香,pdf_01000000__01004014___d6eca0fe85__char__98e42ad287,白,白,白,念白,翠香,果然不晓得?,翠香（白）果然不晓得?
pdf_01000000__01004014___d6eca0fe85,遗翠花,pdf_01000000__01004014___d6eca0fe85__line__000051,pdf_01000000__01004014___d6eca0fe85__scene__002,01004014_遗翠花.pdf,D:\University_studies\Junior\data_visualization\experiment\final_self\opera_dataset\01000000\01004014_遗翠花.pdf,01000000/01004014_遗翠花.pdf,49bfac8f-ad5c-4639-829d-be1bd24f8504,2,【第二场】,51,dialogue,dialogue,相公,pdf_01000000__01004014___d6eca0fe85__char__8a2a62d872,白,白,白,念白,相公,果然不懂。,相公（白）果然不懂。
pdf_01000000__01004014___d6eca0fe85,遗翠花,pdf_01000000__01004014___d6eca0fe85__line__000051,pdf_01000000__01004014___d6eca0fe85__scene__002,01004014_遗翠花.pdf,D:\University_studies\Junior\data_visualization\experiment\final_self\opera_dataset\01000000\01004014_遗翠花.pdf,01000000/01004014_遗翠花.pdf,49bfac8f-ad5c-4639-829d-be1bd24f8504,2,【第二场】,51,dialogue,dialogue,翠香,pdf_01000000__01004014___d6eca0fe85__char__98e42ad287,白,白,白,上；来；念白,翠香；相公,相公你附耳上来。,翠香（白）相公你附耳上来。
pdf_01000000__01004014___d6eca0fe85,遗翠花,pdf_01000000__01004014___d6eca0fe85__line__000051,pdf_01000000__01004014___d6eca0fe85__scene__002,01004014_遗翠花.pdf,D:\University_studies\Junior\data_visualization\experiment\final_self\opera_dataset\01000000\01004014_遗翠花.pdf,01000000/01004014_遗翠花.pdf,49bfac8f-ad5c-4639-829d-be1bd24f8504,2,【第二场】,51,dialogue,dialogue,相公,pdf_01000000__01004014___d6eca0fe85__char__8a2a62d872,白,白,白,来；叫；念白,翠香；相公,"呀哇哇哇。哈哈哈!这个丫头,她不说爱我,她说外。这个买卖,就叫作“外”。哈哈哈,翠香,你那里捨了裤腰带。你那里稍等,我奉陪来了。哈哈哈!","相公（白）呀哇哇哇。哈哈哈!这个丫头,她不说爱我,她说外。这个买卖,就叫作“外”。哈哈哈,翠香,你那里捨了裤腰带。你那里稍等,我奉陪来了。哈哈哈!"
pdf_01000000__01004014___d6eca0fe85,遗翠花,pdf_01000000__01004014___d6eca0fe85__line__000055,pdf_01000000__01004014___d6eca0fe85__scene__003,01004014_遗翠花.pdf,D:\University_studies\Junior\data_visualization\experiment\final_self\opera_dataset\01000000\01004014_遗翠花.pdf,01000000/01004014_遗翠花.pdf,49bfac8f-ad5c-4639-829d-be1bd24f8504,3,【第三场】,55,dialogue,dialogue,翠香,pdf_01000000__01004014___d6eca0fe85__char__98e42ad287,哭板,对白,哭板,哭,翠香,"我说是姑娘姑娘,你害了我了。","翠香（哭板）我说是姑娘姑娘,你害了我了。"
pdf_01000000__01004014___d6eca0fe85,遗翠花,pdf_01000000__01004014___d6eca0fe85__line__000055,pdf_01000000__01004014___d6eca0fe85__scene__003,01004014_遗翠花.pdf,D:\University_studies\Junior\data_visualization\experiment\final_self\opera_dataset\01000000\01004014_遗翠花.pdf,01000000/01004014_遗翠花.pdf,49bfac8f-ad5c-4639-829d-be1bd24f8504,3,【第三场】,55,lyric,lyric,相公,pdf_01000000__01004014___d6eca0fe85__char__8a2a62d872,西皮摇板,唱,西皮摇板,唱段,相公；小姐,"争前小姐未见面,倒被这丫头占了先。","相公（西皮摇板）争前小姐未见面,倒被这丫头占了先。"
pdf_01000000__01004014___d6eca0fe85,遗翠花,pdf_01000000__01004014___d6eca0fe85__line__000055,pdf_01000000__01004014___d6eca0fe85__scene__003,01004014_遗翠花.pdf,D:\University_studies\Junior\data_visualization\experiment\final_self\opera_dataset\01000000\01004014_遗翠花.pdf,01000000/01004014_遗翠花.pdf,49bfac8f-ad5c-4639-829d-be1bd24f8504,3,【第三场】,55,lyric,lyric,翠香,pdf_01000000__01004014___d6eca0fe85__char__98e42ad287,西皮摇板,唱,西皮摇板,走；唱段,翠香,"说什么占先不占先,我带你绣阁走一番。","翠香（西皮摇板）说什么占先不占先,我带你绣阁走一番。"
pdf_01000000__01004014___d6eca0fe85,遗翠花,pdf_01000000__01004014___d6eca0fe85__line__000055,pdf_01000000__01004014___d6eca0fe85__scene__003,01004014_遗翠花.pdf,D:\University_studies\Junior\data_visualization\experiment\final_self\opera_dataset\01000000\01004014_遗翠花.pdf,01000000/01004014_遗翠花.pdf,49bfac8f-ad5c-4639-829d-be1bd24f8504,3,【第三场】,55,lyric,lyric,相公,pdf_01000000__01004014___d6eca0fe85__char__8a2a62d872,西皮摇板,唱,西皮摇板,走；看；唱段,翠香；相公,"带翠花,揣书信,绣阁会会女钗裙。正行走间用目看,翠香不走为何因?","相公（西皮摇板）带翠花,揣书信,绣阁会会女钗裙。正行走间用目看,翠香不走为何因?"
pdf_01000000__01004014___d6eca0fe85,遗翠花,pdf_01000000__01004014___d6eca0fe85__line__000055,pdf_01000000__01004014___d6eca0fe85__scene__003,01004014_遗翠花.pdf,D:\University_studies\Junior\data_visualization\experiment\final_self\opera_dataset\01000000\01004014_遗翠花.pdf,01000000/01004014_遗翠花.pdf,49bfac8f-ad5c-4639-829d-be1bd24f8504,3,【第三场】,55,dialogue,dialogue,翠香,pdf_01000000__01004014___d6eca0fe85__char__98e42ad287,白,白,白,念白,翠香,到了。,翠香（白）到了。
pdf_01000000__01004014___d6eca0fe85,遗翠花,pdf_01000000__01004014___d6eca0fe85__line__000055,pdf_01000000__01004014___d6eca0fe85__scene__003,01004014_遗翠花.pdf,D:\University_studies\Junior\data_visualization\experiment\final_self\opera_dataset\01000000\01004014_遗翠花.pdf,01000000/01004014_遗翠花.pdf,49bfac8f-ad5c-4639-829d-be1bd24f8504,3,【第三场】,55,dialogue,dialogue,相公,pdf_01000000__01004014___d6eca0fe85__char__8a2a62d872,白,白,白,进；去；念白,相公,待我进去。,相公（白）待我进去。
pdf_01000000__01004014___d6eca0fe85,遗翠花,pdf_01000000__01004014___d6eca0fe85__line__000055,pdf_01000000__01004014___d6eca0fe85__scene__003,01004014_遗翠花.pdf,D:\University_studies\Junior\data_visualization\experiment\final_self\opera_dataset\01000000\01004014_遗翠花.pdf,01000000/01004014_遗翠花.pdf,49bfac8f-ad5c-4639-829d-be1bd24f8504,3,【第三场】,55,dialogue,dialogue,翠香,pdf_01000000__01004014___d6eca0fe85__char__98e42ad287,白,白,白,看；念白,老夫人；翠香,"慢着,待我看看老夫人在与不在。","翠香（白）慢着,待我看看老夫人在与不在。"
pdf_01000000__01004014___d6eca0fe85,遗翠花,pdf_01000000__01004014___d6eca0fe85__line__000055,pdf_01000000__01004014___d6eca0fe85__scene__003,01004014_遗翠花.pdf,D:\University_studies\Junior\data_visualization\experiment\final_self\opera_dataset\01000000\01004014_遗翠花.pdf,01000000/01004014_遗翠花.pdf,49bfac8f-ad5c-4639-829d-be1bd24f8504,3,【第三场】,55,dialogue,dialogue,相公,pdf_01000000__01004014___d6eca0fe85__char__8a2a62d872,白,白,白,念白,老夫人；相公,老夫人要在怎么样?,相公（白）老夫人要在怎么样?
pdf_01000000__01004014___d6eca0fe85,遗翠花,pdf_01000000__01004014___d6eca0fe85__line__000055,pdf_01000000__01004014___d6eca0fe85__scene__003,01004014_遗翠花.pdf,D:\University_studies\Junior\data_visualization\experiment\final_self\opera_dataset\01000000\01004014_遗翠花.pdf,01000000/01004014_遗翠花.pdf,49bfac8f-ad5c-4639-829d-be1bd24f8504,3,【第三场】,55,dialogue,dialogue,翠香,pdf_01000000__01004014___d6eca0fe85__char__98e42ad287,白,白,白,念白,老夫人；翠香,"老夫人要在,我这里咳嗽,你就溜。","翠香（白）老夫人要在,我这里咳嗽,你就溜。"
pdf_01000000__01004014___d6eca0fe85,遗翠花,pdf_01000000__01004014___d6eca0fe85__line__000055,pdf_01000000__01004014___d6eca0fe85__scene__003,01004014_遗翠花.pdf,D:\University_studies\Junior\data_visualization\experiment\final_self\opera_dataset\01000000\01004014_遗翠花.pdf,01000000/01004014_遗翠花.pdf,49bfac8f-ad5c-4639-829d-be1bd24f8504,3,【第三场】,55,dialogue,dialogue,相公,pdf_01000000__01004014___d6eca0fe85__char__8a2a62d872,白,白,白,念白,相公,要是不在呢?,相公（白）要是不在呢?
pdf_01000000__01004014___d6eca0fe85,遗翠花,pdf_01000000__01004014___d6eca0fe85__line__000055,pdf_01000000__01004014___d6eca0fe85__scene__003,01004014_遗翠花.pdf,D:\University_studies\Junior\data_visualization\experiment\final_self\opera_dataset\01000000\01004014_遗翠花.pdf,01000000/01004014_遗翠花.pdf,49bfac8f-ad5c-4639-829d-be1bd24f8504,3,【第三场】,55,dialogue,dialogue,翠香,pdf_01000000__01004014___d6eca0fe85__char__98e42ad287,白,白,白,进；来；念白,老夫人；翠香,"若是老夫人不在,我就把你拉进来。","翠香（白）若是老夫人不在,我就把你拉进来。"
pdf_01000000__01004014___d6eca0fe85,遗翠花,pdf_01000000__01004014___d6eca0fe85__line__000055,pdf_01000000__01004014___d6eca0fe85__scene__003,01004014_遗翠花.pdf,D:\University_studies\Junior\data_visualization\experiment\final_self\opera_dataset\01000000\01004014_遗翠花.pdf,01000000/01004014_遗翠花.pdf,49bfac8f-ad5c-4639-829d-be1bd24f8504,3,【第三场】,55,dialogue,dialogue,相公,pdf_01000000__01004014___d6eca0fe85__char__8a2a62d872,白,白,白,进；去；请；念白,相公,把我请进去。,相公（白）把我请进去。
pdf_01000000__01004014___d6eca0fe85,遗翠花,pdf_01000000__01004014___d6eca0fe85__line__000055,pdf_01000000__01004014___d6eca0fe85__scene__003,01004014_遗翠花.pdf,D:\University_studies\Junior\data_visualization\experiment\final_self\opera_dataset\01000000\01004014_遗翠花.pdf,01000000/01004014_遗翠花.pdf,49bfac8f-ad5c-4639-829d-be1bd24f8504,3,【第三场】,55,dialogue,dialogue,翠香,pdf_01000000__01004014___d6eca0fe85__char__98e42ad287,白,白,白,进；去；请；念白,翠香,"不错,把你请进去。","翠香（白）不错,把你请进去。"
pdf_01000000__01004014___d6eca0fe85,遗翠花,pdf_01000000__01004014___d6eca0fe85__line__000055,pdf_01000000__01004014___d6eca0fe85__scene__003,01004014_遗翠花.pdf,D:\University_studies\Junior\data_visualization\experiment\final_self\opera_dataset\01000000\01004014_遗翠花.pdf,01000000/01004014_遗翠花.pdf,49bfac8f-ad5c-4639-829d-be1bd24f8504,3,【第三场】,55,dialogue,dialogue,相公,pdf_01000000__01004014___d6eca0fe85__char__8a2a62d872,白,白,白,念白,相公,你顾着咳嗽。,相公（白）你顾着咳嗽。
pdf_01000000__01004014___d6eca0fe85,遗翠花,pdf_01000000__01004014___d6eca0fe85__line__000055,pdf_01000000__01004014___d6eca0fe85__scene__003,01004014_遗翠花.pdf,D:\University_studies\Junior\data_visualization\experiment\final_self\opera_dataset\01000000\01004014_遗翠花.pdf,01000000/01004014_遗翠花.pdf,49bfac8f-ad5c-4639-829d-be1bd24f8504,3,【第三场】,55,dialogue,dialogue,翠香,pdf_01000000__01004014___d6eca0fe85__char__98e42ad287,白,白,白,来；念白,翠香,来了来了。,翠香（白）来了来了。
pdf_01000000__01004014___d6eca0fe85,遗翠花,pdf_01000000__01004014___d6eca0fe85__line__000055,pdf_01000000__01004014___d6eca0fe85__scene__003,01004014_遗翠花.pdf,D:\University_studies\Junior\data_visualization\experiment\final_self\opera_dataset\01000000\01004014_遗翠花.pdf,01000000/01004014_遗翠花.pdf,49bfac8f-ad5c-4639-829d-be1bd24f8504,3,【第三场】,55,dialogue,dialogue,小姐,pdf_01000000__01004014___d6eca0fe85__char__4dbc7fe4f9,白,白,白,来；念白,小姐,哪个来了?,小姐（白）哪个来了?
pdf_01000000__01004014___d6eca0fe85,遗翠花,pdf_01000000__01004014___d6eca0fe85__line__000055,pdf_01000000__01004014___d6eca0fe85__scene__003,01004014_遗翠花.pdf,D:\University_studies\Junior\data_visualization\experiment\final_self\opera_dataset\01000000\01004014_遗翠花.pdf,01000000/01004014_遗翠花.pdf,49bfac8f-ad5c-4639-829d-be1bd24f8504,3,【第三场】,55,dialogue,dialogue,翠香,pdf_01000000__01004014___d6eca0fe85__char__98e42ad287,白,白,白,进；来；叫；念白,翠香；相公,那位相公来了。快快叫他进来么?,翠香（白）那位相公来了。快快叫他进来么?
pdf_01000000__01004014___d6eca0fe85,遗翠花,pdf_01000000__01004014___d6eca0fe85__line__000055,pdf_01000000__01004014___d6eca0fe85__scene__003,01004014_遗翠花.pdf,D:\University_studies\Junior\data_visualization\experiment\final_self\opera_dataset\01000000\01004014_遗翠花.pdf,01000000/01004014_遗翠花.pdf,49bfac8f-ad5c-4639-829d-be1bd24f8504,3,【第三场】,55,dialogue,dialogue,小姐,pdf_01000000__01004014___d6eca0fe85__char__4dbc7fe4f9,白,白,白,去；叫；念白,小姐,快快叫他出去。,小姐（白）快快叫他出去。
pdf_01000000__01004014___d6eca0fe85,遗翠花,pdf_01000000__01004014___d6eca0fe85__line__000055,pdf_01000000__01004014___d6eca0fe85__scene__003,01004014_遗翠花.pdf,D:\University_studies\Junior\data_visualization\experiment\final_self\opera_dataset\01000000\01004014_遗翠花.pdf,01000000/01004014_遗翠花.pdf,49bfac8f-ad5c-4639-829d-be1bd24f8504,3,【第三场】,55,dialogue,dialogue,翠香,pdf_01000000__01004014___d6eca0fe85__char__98e42ad287,白,白,白,进；来；去；请；念白,老夫人；翠香,"人家好容易把人请得来了。我说进来,她说出去。老夫人不在,待我来呼唬呼唬他。","翠香（白）人家好容易把人请得来了。我说进来,她说出去。老夫人不在,待我来呼唬呼唬他。"
pdf_01000000__01004014___d6eca0fe85,遗翠花,pdf_01000000__01004014___d6eca0fe85__line__000055,pdf_01000000__01004014___d6eca0fe85__scene__003,01004014_遗翠花.pdf,D:\University_studies\Junior\data_visualization\experiment\final_self\opera_dataset\01000000\01004014_遗翠花.pdf,01000000/01004014_遗翠花.pdf,49bfac8f-ad5c-4639-829d-be1bd24f8504,3,【第三场】,55,dialogue,dialogue,相公,pdf_01000000__01004014___d6eca0fe85__char__8a2a62d872,白,白,白,念白,相公,"哦,呀呀呀。","相公（白）哦,呀呀呀。"
pdf_01000000__01004014___d6eca0fe85,遗翠花,pdf_01000000__01004014___d6eca0fe85__line__000055,pdf_01000000__01004014___d6eca0fe85__scene__003,01004014_遗翠花.pdf,D:\University_studies\Junior\data_visualization\experiment\final_self\opera_dataset\01000000\01004014_遗翠花.pdf,01000000/01004014_遗翠花.pdf,49bfac8f-ad5c-4639-829d-be1bd24f8504,3,【第三场】,55,dialogue,dialogue,翠香,pdf_01000000__01004014___d6eca0fe85__char__98e42ad287,白,白,白,来；念白,翠香,回来。你怎么溜吓。,翠香（白）回来。你怎么溜吓。
pdf_01000000__01004014___d6eca0fe85,遗翠花,pdf_01000000__01004014___d6eca0fe85__line__000055,pdf_01000000__01004014___d6eca0fe85__scene__003,01004014_遗翠花.pdf,D:\University_studies\Junior\data_visualization\experiment\final_self\opera_dataset\01000000\01004014_遗翠花.pdf,01000000/01004014_遗翠花.pdf,49bfac8f-ad5c-4639-829d-be1bd24f8504,3,【第三场】,55,dialogue,dialogue,相公,pdf_01000000__01004014___d6eca0fe85__char__8a2a62d872,白,白,白,念白,老夫人；相公,不是老夫人在么?,相公（白）不是老夫人在么?
pdf_01000000__01004014___d6eca0fe85,遗翠花,pdf_01000000__01004014___d6eca0fe85__line__000055,pdf_01000000__01004014___d6eca0fe85__scene__003,01004014_遗翠花.pdf,D:\University_studies\Junior\data_visualization\experiment\final_self\opera_dataset\01000000\01004014_遗翠花.pdf,01000000/01004014_遗翠花.pdf,49bfac8f-ad5c-4639-829d-be1bd24f8504,3,【第三场】,55,dialogue,dialogue,翠香,pdf_01000000__01004014___d6eca0fe85__char__98e42ad287,白,白,白,念白,老夫人；翠香,老夫人不在。,翠香（白）老夫人不在。
pdf_01000000__01004014___d6eca0fe85,遗翠花,pdf_01000000__01004014___d6eca0fe85__line__000055,pdf_01000000__01004014___d6eca0fe85__scene__003,01004014_遗翠花.pdf,D:\University_studies\Junior\data_visualization\experiment\final_self\opera_dataset\01000000\01004014_遗翠花.pdf,01000000/01004014_遗翠花.pdf,49bfac8f-ad5c-4639-829d-be1bd24f8504,3,【第三场】,55,dialogue,dialogue,相公,pdf_01000000__01004014___d6eca0fe85__char__8a2a62d872,白,白,白,念白,老夫人；相公,"老夫人不在,你怎么咳嗽?","相公（白）老夫人不在,你怎么咳嗽?"
pdf_01000000__01004014___d6eca0fe85,遗翠花,pdf_01000000__01004014___d6eca0fe85__line__000055,pdf_01000000__01004014___d6eca0fe85__scene__003,01004014_遗翠花.pdf,D:\University_studies\Junior\data_visualization\experiment\final_self\opera_dataset\01000000\01004014_遗翠花.pdf,01000000/01004014_遗翠花.pdf,49bfac8f-ad5c-4639-829d-be1bd24f8504,3,【第三场】,55,dialogue,dialogue,翠香,pdf_01000000__01004014___d6eca0fe85__char__98e42ad287,白,白,白,念白,翠香,我的嗓子痒呢。,翠香（白）我的嗓子痒呢。
pdf_01000000__01004014___d6eca0fe85,遗翠花,pdf_01000000__01004014___d6eca0fe85__line__000055,pdf_01000000__01004014___d6eca0fe85__scene__003,01004014_遗翠花.pdf,D:\University_studies\Junior\data_visualization\experiment\final_self\opera_dataset\01000000\01004014_遗翠花.pdf,01000000/01004014_遗翠花.pdf,49bfac8f-ad5c-4639-829d-be1bd24f8504,3,【第三场】,55,dialogue,dialogue,相公,pdf_01000000__01004014___d6eca0fe85__char__8a2a62d872,白,白,白,来；念白,相公,"你早也不痒,晚也不痒,到这个时候,你又痒起来了。","相公（白）你早也不痒,晚也不痒,到这个时候,你又痒起来了。"
pdf_01000000__01004014___d6eca0fe85,遗翠花,pdf_01000000__01004014___d6eca0fe85__line__000055,pdf_01000000__01004014___d6eca0fe85__scene__003,01004014_遗翠花.pdf,D:\University_studies\Junior\data_visualization\experiment\final_self\opera_dataset\01000000\01004014_遗翠花.pdf,01000000/01004014_遗翠花.pdf,49bfac8f-ad5c-4639-829d-be1bd24f8504,3,【第三场】,55,dialogue,dialogue,翠香,pdf_01000000__01004014___d6eca0fe85__char__98e42ad287,白,白,白,念白,翠香,什么?,翠香（白）什么?
pdf_01000000__01004014___d6eca0fe85,遗翠花,pdf_01000000__01004014___d6eca0fe85__line__000055,pdf_01000000__01004014___d6eca0fe85__scene__003,01004014_遗翠花.pdf,D:\University_studies\Junior\data_visualization\experiment\final_self\opera_dataset\01000000\01004014_遗翠花.pdf,01000000/01004014_遗翠花.pdf,49bfac8f-ad5c-4639-829d-be1bd24f8504,3,【第三场】,55,dialogue,dialogue,相公,pdf_01000000__01004014___d6eca0fe85__char__8a2a62d872,白,白,白,念白,相公,"嗓子。哦,呀呀呀。","相公（白）嗓子。哦,呀呀呀。"
pdf_01000000__01004014___d6eca0fe85,遗翠花,pdf_01000000__01004014___d6eca0fe85__line__000055,pdf_01000000__01004014___d6eca0fe85__scene__003,01004014_遗翠花.pdf,D:\University_studies\Junior\data_visualization\experiment\final_self\opera_dataset\01000000\01004014_遗翠花.pdf,01000000/01004014_遗翠花.pdf,49bfac8f-ad5c-4639-829d-be1bd24f8504,3,【第三场】,55,dialogue,dialogue,翠香,pdf_01000000__01004014___d6eca0fe85__char__98e42ad287,白,白,白,念白,翠香,你怎么样吓?,翠香（白）你怎么样吓?
pdf_01000000__01004014___d6eca0fe85,遗翠花,pdf_01000000__01004014___d6eca0fe85__line__000055,pdf_01000000__01004014___d6eca0fe85__scene__003,01004014_遗翠花.pdf,D:\University_studies\Junior\data_visualization\experiment\final_self\opera_dataset\01000000\01004014_遗翠花.pdf,01000000/01004014_遗翠花.pdf,49bfac8f-ad5c-4639-829d-be1bd24f8504,3,【第三场】,55,dialogue,dialogue,相公,pdf_01000000__01004014___d6eca0fe85__char__8a2a62d872,白,白,白,来；去；念白,相公；小姐,"想你们小姐绣阁,也是我们念书之人摇来摆去的么?","相公（白）想你们小姐绣阁,也是我们念书之人摇来摆去的么?"
pdf_01000000__01004014___d6eca0fe85,遗翠花,pdf_01000000__01004014___d6eca0fe85__line__000055,pdf_01000000__01004014___d6eca0fe85__scene__003,01004014_遗翠花.pdf,D:\University_studies\Junior\data_visualization\experiment\final_self\opera_dataset\01000000\01004014_遗翠花.pdf,01000000/01004014_遗翠花.pdf,49bfac8f-ad5c-4639-829d-be1bd24f8504,3,【第三场】,55,dialogue,dialogue,翠香,pdf_01000000__01004014___d6eca0fe85__char__98e42ad287,白,白,白,进；来；念白,翠香,"你与我进来吧,进来吧。","翠香（白）你与我进来吧,进来吧。"
pdf_01000000__01004014___d6eca0fe85,遗翠花,pdf_01000000__01004014___d6eca0fe85__line__000055,pdf_01000000__01004014___d6eca0fe85__scene__003,01004014_遗翠花.pdf,D:\University_studies\Junior\data_visualization\experiment\final_self\opera_dataset\01000000\01004014_遗翠花.pdf,01000000/01004014_遗翠花.pdf,49bfac8f-ad5c-4639-829d-be1bd24f8504,3,【第三场】,55,dialogue,dialogue,相公,pdf_01000000__01004014___d6eca0fe85__char__8a2a62d872,白,白,白,念白,相公,拉着人吓。,相公（白）拉着人吓。
pdf_01000000__01004014___d6eca0fe85,遗翠花,pdf_01000000__01004014___d6eca0fe85__line__000055,pdf_01000000__01004014___d6eca0fe85__scene__003,01004014_遗翠花.pdf,D:\University_studies\Junior\data_visualization\experiment\final_self\opera_dataset\01000000\01004014_遗翠花.pdf,01000000/01004014_遗翠花.pdf,49bfac8f-ad5c-4639-829d-be1bd24f8504,3,【第三场】,55,dialogue,dialogue,小姐,pdf_01000000__01004014___d6eca0fe85__char__4dbc7fe4f9,白,白,白,念白,小姐,岂有吓。,小姐（白）岂有吓。
pdf_01000000__01004014___d6eca0fe85,遗翠花,pdf_01000000__01004014___d6eca0fe85__line__000055,pdf_01000000__01004014___d6eca0fe85__scene__003,01004014_遗翠花.pdf,D:\University_studies\Junior\data_visualization\experiment\final_self\opera_dataset\01000000\01004014_遗翠花.pdf,01000000/01004014_遗翠花.pdf,49bfac8f-ad5c-4639-829d-be1bd24f8504,3,【第三场】,55,dialogue,dialogue,相公,pdf_01000000__01004014___d6eca0fe85__char__8a2a62d872,白,白,白,念白,相公；小姐,小姐有礼了。,相公（白）小姐有礼了。
pdf_01000000__01004014___d6eca0fe85,遗翠花,pdf_01000000__01004014___d6eca0fe85__line__000055,pdf_01000000__01004014___d6eca0fe85__scene__003,01004014_遗翠花.pdf,D:\University_studies\Junior\data_visualization\experiment\final_self\opera_dataset\01000000\01004014_遗翠花.pdf,01000000/01004014_遗翠花.pdf,49bfac8f-ad5c-4639-829d-be1bd24f8504,3,【第三场】,55,lyric,lyric,小姐,pdf_01000000__01004014___d6eca0fe85__char__4dbc7fe4f9,西皮慢板,唱,西皮慢板,进；来；唱段,小姐,"你是个哪家一秀才,你大胆闯进我的绣阁来。","小姐（西皮慢板）你是个哪家一秀才,你大胆闯进我的绣阁来。"
pdf_01000000__01004014___d6eca0fe85,遗翠花,pdf_01000000__01004014___d6eca0fe85__line__000055,pdf_01000000__01004014___d6eca0fe85__scene__003,01004014_遗翠花.pdf,D:\University_studies\Junior\data_visualization\experiment\final_self\opera_dataset\01000000\01004014_遗翠花.pdf,01000000/01004014_遗翠花.pdf,49bfac8f-ad5c-4639-829d-be1bd24f8504,3,【第三场】,55,lyric,lyric,相公,pdf_01000000__01004014___d6eca0fe85__char__8a2a62d872,西皮原板,唱,西皮原板,唱段,相公,"岂有此理什么话,你不该大会场遗失那一朵翠花。","相公（西皮原板）岂有此理什么话,你不该大会场遗失那一朵翠花。"
pdf_01000000__01004014___d6eca0fe85,遗翠花,pdf_01000000__01004014___d6eca0fe85__line__000055,pdf_01000000__01004014___d6eca0fe85__scene__003,01004014_遗翠花.pdf,D:\University_studies\Junior\data_visualization\experiment\final_self\opera_dataset\01000000\01004014_遗翠花.pdf,01000000/01004014_遗翠花.pdf,49bfac8f-ad5c-4639-829d-be1bd24f8504,3,【第三场】,55,dialogue,dialogue,翠香,pdf_01000000__01004014___d6eca0fe85__char__98e42ad287,白,白,白,念白,翠香,晓得了。,翠香（白）晓得了。
pdf_01000000__01004014___d6eca0fe85,遗翠花,pdf_01000000__01004014___d6eca0fe85__line__000055,pdf_01000000__01004014___d6eca0fe85__scene__003,01004014_遗翠花.pdf,D:\University_studies\Junior\data_visualization\experiment\final_self\opera_dataset\01000000\01004014_遗翠花.pdf,01000000/01004014_遗翠花.pdf,49bfac8f-ad5c-4639-829d-be1bd24f8504,3,【第三场】,55,dialogue,dialogue,小姐,pdf_01000000__01004014___d6eca0fe85__char__4dbc7fe4f9,白,白,白,念白,小姐,淘气。,小姐（白）淘气。
pdf_01000000__01004014___d6eca0fe85,遗翠花,pdf_01000000__01004014___d6eca0fe85__line__000055,pdf_01000000__01004014___d6eca0fe85__scene__003,01004014_遗翠花.pdf,D:\University_studies\Junior\data_visualization\experiment\final_self\opera_dataset\01000000\01004014_遗翠花.pdf,01000000/01004014_遗翠花.pdf,49bfac8f-ad5c-4639-829d-be1bd24f8504,3,【第三场】,55,dialogue,dialogue,相公,pdf_01000000__01004014___d6eca0fe85__char__8a2a62d872,白,白,白,念白,相公,岂有......,相公（白）岂有......
pdf_01000000__01004014___d6eca0fe85,遗翠花,pdf_01000000__01004014___d6eca0fe85__line__000055,pdf_01000000__01004014___d6eca0fe85__scene__003,01004014_遗翠花.pdf,D:\University_studies\Junior\data_visualization\experiment\final_self\opera_dataset\01000000\01004014_遗翠花.pdf,01000000/01004014_遗翠花.pdf,49bfac8f-ad5c-4639-829d-be1bd24f8504,3,【第三场】,55,dialogue,dialogue,翠香,pdf_01000000__01004014___d6eca0fe85__char__98e42ad287,白,白,白,下；看；念白,翠香,"这封书信,可是你写的,可是我下的,他看的,是与不是?","翠香（白）这封书信,可是你写的,可是我下的,他看的,是与不是?"
pdf_01000000__01004014___d6eca0fe85,遗翠花,pdf_01000000__01004014___d6eca0fe85__line__000055,pdf_01000000__01004014___d6eca0fe85__scene__003,01004014_遗翠花.pdf,D:\University_studies\Junior\data_visualization\experiment\final_self\opera_dataset\01000000\01004014_遗翠花.pdf,01000000/01004014_遗翠花.pdf,49bfac8f-ad5c-4639-829d-be1bd24f8504,3,【第三场】,55,dialogue,dialogue,小姐,pdf_01000000__01004014___d6eca0fe85__char__4dbc7fe4f9,白,白,白,念白,小姐,吓。,小姐（白）吓。
pdf_01000000__01004014___d6eca0fe85,遗翠花,pdf_01000000__01004014___d6eca0fe85__line__000055,pdf_01000000__01004014___d6eca0fe85__scene__003,01004014_遗翠花.pdf,D:\University_studies\Junior\data_visualization\experiment\final_self\opera_dataset\01000000\01004014_遗翠花.pdf,01000000/01004014_遗翠花.pdf,49bfac8f-ad5c-4639-829d-be1bd24f8504,3,【第三场】,55,lyric,lyric,翠香,pdf_01000000__01004014___d6eca0fe85__char__98e42ad287,西皮摇板,唱,西皮摇板,看；唱段,翠香；相公；小姐,"翠香绣阁用目看,相公、小姐为了难。","翠香（西皮摇板）翠香绣阁用目看,相公、小姐为了难。"
pdf_01000000__01004014___d6eca0fe85,遗翠花,pdf_01000000__01004014___d6eca0fe85__line__000055,pdf_01000000__01004014___d6eca0fe85__scene__003,01004014_遗翠花.pdf,D:\University_studies\Junior\data_visualization\experiment\final_self\opera_dataset\01000000\01004014_遗翠花.pdf,01000000/01004014_遗翠花.pdf,49bfac8f-ad5c-4639-829d-be1bd24f8504,3,【第三场】,55,dialogue,dialogue,相公,pdf_01000000__01004014___d6eca0fe85__char__8a2a62d872,白,白,白,念白,翠香；相公,翠香脱靴子。,相公（白）翠香脱靴子。
pdf_01000000__01004014___d6eca0fe85,遗翠花,pdf_01000000__01004014___d6eca0fe85__line__000055,pdf_01000000__01004014___d6eca0fe85__scene__003,01004014_遗翠花.pdf,D:\University_studies\Junior\data_visualization\experiment\final_self\opera_dataset\01000000\01004014_遗翠花.pdf,01000000/01004014_遗翠花.pdf,49bfac8f-ad5c-4639-829d-be1bd24f8504,3,【第三场】,55,lyric,lyric,老夫人,pdf_01000000__01004014___d6eca0fe85__char__75dcd83458,西皮快板,唱,西皮快板,来；叫；唱段,老夫人；翠香,"将身来在绣阁内,叫声翠香开门来。","老夫人（西皮快板）将身来在绣阁内,叫声翠香开门来。"
pdf_01000000__01004014___d6eca0fe85,遗翠花,pdf_01000000__01004014___d6eca0fe85__line__000055,pdf_01000000__01004014___d6eca0fe85__scene__003,01004014_遗翠花.pdf,D:\University_studies\Junior\data_visualization\experiment\final_self\opera_dataset\01000000\01004014_遗翠花.pdf,01000000/01004014_遗翠花.pdf,49bfac8f-ad5c-4639-829d-be1bd24f8504,3,【第三场】,55,dialogue,dialogue,翠香,pdf_01000000__01004014___d6eca0fe85__char__98e42ad287,白,白,白,叫；念白,翠香,是哪个王八蛋叫门?,翠香（白）是哪个王八蛋叫门?
pdf_01000000__01004014___d6eca0fe85,遗翠花,pdf_01000000__01004014___d6eca0fe85__line__000055,pdf_01000000__01004014___d6eca0fe85__scene__003,01004014_遗翠花.pdf,D:\University_studies\Junior\data_visualization\experiment\final_self\opera_dataset\01000000\01004014_遗翠花.pdf,01000000/01004014_遗翠花.pdf,49bfac8f-ad5c-4639-829d-be1bd24f8504,3,【第三场】,55,dialogue,dialogue,老夫人,pdf_01000000__01004014___d6eca0fe85__char__75dcd83458,白,白,白,来；叫；念白,老夫人,"开门来。老夫人叫门,为何这样慢腾腾的!","老夫人（白）开门来。老夫人叫门,为何这样慢腾腾的!"
pdf_01000000__01004014___d6eca0fe85,遗翠花,pdf_01000000__01004014___d6eca0fe85__line__000055,pdf_01000000__01004014___d6eca0fe85__scene__003,01004014_遗翠花.pdf,D:\University_studies\Junior\data_visualization\experiment\final_self\opera_dataset\01000000\01004014_遗翠花.pdf,01000000/01004014_遗翠花.pdf,49bfac8f-ad5c-4639-829d-be1bd24f8504,3,【第三场】,55,dialogue,dialogue,翠香,pdf_01000000__01004014___d6eca0fe85__char__98e42ad287,白,白,白,来；念白,老夫人；翠香,老夫人来了。,翠香（白）老夫人来了。
pdf_01000000__01004014___d6eca0fe85,遗翠花,pdf_01000000__01004014___d6eca0fe85__line__000055,pdf_01000000__01004014___d6eca0fe85__scene__003,01004014_遗翠花.pdf,D:\University_studies\Junior\data_visualization\experiment\final_self\opera_dataset\01000000\01004014_遗翠花.pdf,01000000/01004014_遗翠花.pdf,49bfac8f-ad5c-4639-829d-be1bd24f8504,3,【第三场】,55,dialogue,dialogue,翠香,pdf_01000000__01004014___d6eca0fe85__char__98e42ad287,白,白,白,念白,老夫人；翠香,参见老夫人。,翠香（白）参见老夫人。
pdf_01000000__01004014___d6eca0fe85,遗翠花,pdf_01000000__01004014___d6eca0fe85__line__000055,pdf_01000000__01004014___d6eca0fe85__scene__003,01004014_遗翠花.pdf,D:\University_studies\Junior\data_visualization\experiment\final_self\opera_dataset\01000000\01004014_遗翠花.pdf,01000000/01004014_遗翠花.pdf,49bfac8f-ad5c-4639-829d-be1bd24f8504,3,【第三场】,55,dialogue,dialogue,老夫人,pdf_01000000__01004014___d6eca0fe85__char__75dcd83458,白,白,白,念白,老夫人；小姐,你家小姐病体如何?,老夫人（白）你家小姐病体如何?
pdf_01000000__01004014___d6eca0fe85,遗翠花,pdf_01000000__01004014___d6eca0fe85__line__000055,pdf_01000000__01004014___d6eca0fe85__scene__003,01004014_遗翠花.pdf,D:\University_studies\Junior\data_visualization\experiment\final_self\opera_dataset\01000000\01004014_遗翠花.pdf,01000000/01004014_遗翠花.pdf,49bfac8f-ad5c-4639-829d-be1bd24f8504,3,【第三场】,55,dialogue,dialogue,翠香,pdf_01000000__01004014___d6eca0fe85__char__98e42ad287,白,白,白,念白,翠香,差不多了。,翠香（白）差不多了。
pdf_01000000__01004014___d6eca0fe85,遗翠花,pdf_01000000__01004014___d6eca0fe85__line__000055,pdf_01000000__01004014___d6eca0fe85__scene__003,01004014_遗翠花.pdf,D:\University_studies\Junior\data_visualization\experiment\final_self\opera_dataset\01000000\01004014_遗翠花.pdf,01000000/01004014_遗翠花.pdf,49bfac8f-ad5c-4639-829d-be1bd24f8504,3,【第三场】,55,dialogue,dialogue,老夫人,pdf_01000000__01004014___d6eca0fe85__char__75dcd83458,哭,做,哭,哭,老夫人,儿吓!,老夫人（哭）儿吓!
pdf_01000000__01004014___d6eca0fe85,遗翠花,pdf_01000000__01004014___d6eca0fe85__line__000055,pdf_01000000__01004014___d6eca0fe85__scene__003,01004014_遗翠花.pdf,D:\University_studies\Junior\data_visualization\experiment\final_self\opera_dataset\01000000\01004014_遗翠花.pdf,01000000/01004014_遗翠花.pdf,49bfac8f-ad5c-4639-829d-be1bd24f8504,3,【第三场】,55,dialogue,dialogue,翠香,pdf_01000000__01004014___d6eca0fe85__char__98e42ad287,白,白,白,哭；念白,老夫人；翠香,老夫人你哭什么?。,翠香（白）老夫人你哭什么?。
pdf_01000000__01004014___d6eca0fe85,遗翠花,pdf_01000000__01004014___d6eca0fe85__line__000055,pdf_01000000__01004014___d6eca0fe85__scene__003,01004014_遗翠花.pdf,D:\University_studies\Junior\data_visualization\experiment\final_self\opera_dataset\01000000\01004014_遗翠花.pdf,01000000/01004014_遗翠花.pdf,49bfac8f-ad5c-4639-829d-be1bd24f8504,3,【第三场】,55,dialogue,dialogue,老夫人,pdf_01000000__01004014___d6eca0fe85__char__75dcd83458,白,白,白,念白,老夫人,你不是说差不多了。,老夫人（白）你不是说差不多了。
pdf_01000000__01004014___d6eca0fe85,遗翠花,pdf_01000000__01004014___d6eca0fe85__line__000055,pdf_01000000__01004014___d6eca0fe85__scene__003,01004014_遗翠花.pdf,D:\University_studies\Junior\data_visualization\experiment\final_self\opera_dataset\01000000\01004014_遗翠花.pdf,01000000/01004014_遗翠花.pdf,49bfac8f-ad5c-4639-829d-be1bd24f8504,3,【第三场】,55,dialogue,dialogue,翠香,pdf_01000000__01004014___d6eca0fe85__char__98e42ad287,白,白,白,念白,翠香,差不多快好了。,翠香（白）差不多快好了。
pdf_01000000__01004014___d6eca0fe85,遗翠花,pdf_01000000__01004014___d6eca0fe85__line__000055,pdf_01000000__01004014___d6eca0fe85__scene__003,01004014_遗翠花.pdf,D:\University_studies\Junior\data_visualization\experiment\final_self\opera_dataset\01000000\01004014_遗翠花.pdf,01000000/01004014_遗翠花.pdf,49bfac8f-ad5c-4639-829d-be1bd24f8504,3,【第三场】,55,dialogue,dialogue,老夫人,pdf_01000000__01004014___d6eca0fe85__char__75dcd83458,白,白,白,进；去；念白,老夫人,"臭丫头,待我进去。","老夫人（白）臭丫头,待我进去。"
pdf_01000000__01004014___d6eca0fe85,遗翠花,pdf_01000000__01004014___d6eca0fe85__line__000055,pdf_01000000__01004014___d6eca0fe85__scene__003,01004014_遗翠花.pdf,D:\University_studies\Junior\data_visualization\experiment\final_self\opera_dataset\01000000\01004014_遗翠花.pdf,01000000/01004014_遗翠花.pdf,49bfac8f-ad5c-4639-829d-be1bd24f8504,3,【第三场】,55,dialogue,dialogue,翠香,pdf_01000000__01004014___d6eca0fe85__char__98e42ad287,白,白,白,念白,翠香,"慢着,我家姑娘她怕风。","翠香（白）慢着,我家姑娘她怕风。"
pdf_01000000__01004014___d6eca0fe85,遗翠花,pdf_01000000__01004014___d6eca0fe85__line__000055,pdf_01000000__01004014___d6eca0fe85__scene__003,01004014_遗翠花.pdf,D:\University_studies\Junior\data_visualization\experiment\final_self\opera_dataset\01000000\01004014_遗翠花.pdf,01000000/01004014_遗翠花.pdf,49bfac8f-ad5c-4639-829d-be1bd24f8504,3,【第三场】,55,dialogue,dialogue,老夫人,pdf_01000000__01004014___d6eca0fe85__char__75dcd83458,白,白,白,道；念白,老夫人,怕风?难道我母女不能相见么?,老夫人（白）怕风?难道我母女不能相见么?
pdf_01000000__01004014___d6eca0fe85,遗翠花,pdf_01000000__01004014___d6eca0fe85__line__000055,pdf_01000000__01004014___d6eca0fe85__scene__003,01004014_遗翠花.pdf,D:\University_studies\Junior\data_visualization\experiment\final_self\opera_dataset\01000000\01004014_遗翠花.pdf,01000000/01004014_遗翠花.pdf,49bfac8f-ad5c-4639-829d-be1bd24f8504,3,【第三场】,55,dialogue,dialogue,翠香,pdf_01000000__01004014___d6eca0fe85__char__98e42ad287,白,白,白,来；道；念白,老夫人；翠香,"是吓,她怕风。难道她母女不能相见么?老夫人,你等着,我把她背出来。","翠香（白）是吓,她怕风。难道她母女不能相见么?老夫人,你等着,我把她背出来。"
pdf_01000000__01004014___d6eca0fe85,遗翠花,pdf_01000000__01004014___d6eca0fe85__line__000055,pdf_01000000__01004014___d6eca0fe85__scene__003,01004014_遗翠花.pdf,D:\University_studies\Junior\data_visualization\experiment\final_self\opera_dataset\01000000\01004014_遗翠花.pdf,01000000/01004014_遗翠花.pdf,49bfac8f-ad5c-4639-829d-be1bd24f8504,3,【第三场】,55,dialogue,dialogue,老夫人,pdf_01000000__01004014___d6eca0fe85__char__75dcd83458,白,白,白,来；道；念白,老夫人,"哽,背出来,难道不怕风么?","老夫人（白）哽,背出来,难道不怕风么?"
pdf_01000000__01004014___d6eca0fe85,遗翠花,pdf_01000000__01004014___d6eca0fe85__line__000055,pdf_01000000__01004014___d6eca0fe85__scene__003,01004014_遗翠花.pdf,D:\University_studies\Junior\data_visualization\experiment\final_self\opera_dataset\01000000\01004014_遗翠花.pdf,01000000/01004014_遗翠花.pdf,49bfac8f-ad5c-4639-829d-be1bd24f8504,3,【第三场】,55,dialogue,dialogue,翠香,pdf_01000000__01004014___d6eca0fe85__char__98e42ad287,白,白,白,念白,老夫人；翠香,"她不怕大风,也不怕小风,自怕老夫人自溜这一点风。","翠香（白）她不怕大风,也不怕小风,自怕老夫人自溜这一点风。"
pdf_01000000__01004014___d6eca0fe85,遗翠花,pdf_01000000__01004014___d6eca0fe85__line__000055,pdf_01000000__01004014___d6eca0fe85__scene__003,01004014_遗翠花.pdf,D:\University_studies\Junior\data_visualization\experiment\final_self\opera_dataset\01000000\01004014_遗翠花.pdf,01000000/01004014_遗翠花.pdf,49bfac8f-ad5c-4639-829d-be1bd24f8504,3,【第三场】,55,dialogue,dialogue,老夫人,pdf_01000000__01004014___d6eca0fe85__char__75dcd83458,白,白,白,念白,老夫人,臭丫头。,老夫人（白）臭丫头。
pdf_01000000__01004014___d6eca0fe85,遗翠花,pdf_01000000__01004014___d6eca0fe85__line__000055,pdf_01000000__01004014___d6eca0fe85__scene__003,01004014_遗翠花.pdf,D:\University_studies\Junior\data_visualization\experiment\final_self\opera_dataset\01000000\01004014_遗翠花.pdf,01000000/01004014_遗翠花.pdf,49bfac8f-ad5c-4639-829d-be1bd24f8504,3,【第三场】,55,dialogue,dialogue,翠香,pdf_01000000__01004014___d6eca0fe85__char__98e42ad287,白,白,白,下；进；来；坐；念白,老夫人；翠香,"老夫人进来了,老夫人进来了。老夫人坐下。","翠香（白）老夫人进来了,老夫人进来了。老夫人坐下。"
pdf_01000000__01004014___d6eca0fe85,遗翠花,pdf_01000000__01004014___d6eca0fe85__line__000055,pdf_01000000__01004014___d6eca0fe85__scene__003,01004014_遗翠花.pdf,D:\University_studies\Junior\data_visualization\experiment\final_self\opera_dataset\01000000\01004014_遗翠花.pdf,01000000/01004014_遗翠花.pdf,49bfac8f-ad5c-4639-829d-be1bd24f8504,3,【第三场】,55,dialogue,dialogue,老夫人,pdf_01000000__01004014___d6eca0fe85__char__75dcd83458,白,白,白,念白,老夫人,这作什么?,老夫人（白）这作什么?
pdf_01000000__01004014___d6eca0fe85,遗翠花,pdf_01000000__01004014___d6eca0fe85__line__000055,pdf_01000000__01004014___d6eca0fe85__scene__003,01004014_遗翠花.pdf,D:\University_studies\Junior\data_visualization\experiment\final_self\opera_dataset\01000000\01004014_遗翠花.pdf,01000000/01004014_遗翠花.pdf,49bfac8f-ad5c-4639-829d-be1bd24f8504,3,【第三场】,55,dialogue,dialogue,翠香,pdf_01000000__01004014___d6eca0fe85__char__98e42ad287,白,白,白,念白,老夫人；翠香,是老夫人的虎威。,翠香（白）是老夫人的虎威。
pdf_01000000__01004014___d6eca0fe85,遗翠花,pdf_01000000__01004014___d6eca0fe85__line__000055,pdf_01000000__01004014___d6eca0fe85__scene__003,01004014_遗翠花.pdf,D:\University_studies\Junior\data_visualization\experiment\final_self\opera_dataset\01000000\01004014_遗翠花.pdf,01000000/01004014_遗翠花.pdf,49bfac8f-ad5c-4639-829d-be1bd24f8504,3,【第三场】,55,dialogue,dialogue,老夫人,pdf_01000000__01004014___d6eca0fe85__char__75dcd83458,白,白,白,念白,老夫人,不用。,老夫人（白）不用。
pdf_01000000__01004014___d6eca0fe85,遗翠花,pdf_01000000__01004014___d6eca0fe85__line__000055,pdf_01000000__01004014___d6eca0fe85__scene__003,01004014_遗翠花.pdf,D:\University_studies\Junior\data_visualization\experiment\final_self\opera_dataset\01000000\01004014_遗翠花.pdf,01000000/01004014_遗翠花.pdf,49bfac8f-ad5c-4639-829d-be1bd24f8504,3,【第三场】,55,dialogue,dialogue,翠香,pdf_01000000__01004014___d6eca0fe85__char__98e42ad287,白,白,白,念白,翠香,不用就不用。,翠香（白）不用就不用。
pdf_01000000__01004014___d6eca0fe85,遗翠花,pdf_01000000__01004014___d6eca0fe85__line__000055,pdf_01000000__01004014___d6eca0fe85__scene__003,01004014_遗翠花.pdf,D:\University_studies\Junior\data_visualization\experiment\final_self\opera_dataset\01000000\01004014_遗翠花.pdf,01000000/01004014_遗翠花.pdf,49bfac8f-ad5c-4639-829d-be1bd24f8504,3,【第三场】,55,dialogue,dialogue,小姐,pdf_01000000__01004014___d6eca0fe85__char__4dbc7fe4f9,白,白,白,念白,小姐,参见母亲。,小姐（白）参见母亲。
pdf_01000000__01004014___d6eca0fe85,遗翠花,pdf_01000000__01004014___d6eca0fe85__line__000055,pdf_01000000__01004014___d6eca0fe85__scene__003,01004014_遗翠花.pdf,D:\University_studies\Junior\data_visualization\experiment\final_self\opera_dataset\01000000\01004014_遗翠花.pdf,01000000/01004014_遗翠花.pdf,49bfac8f-ad5c-4639-829d-be1bd24f8504,3,【第三场】,55,dialogue,dialogue,老夫人,pdf_01000000__01004014___d6eca0fe85__char__75dcd83458,白,白,白,下；坐；念白,老夫人,"罢了,坐下。儿的病体如何?","老夫人（白）罢了,坐下。儿的病体如何?"
pdf_01000000__01004014___d6eca0fe85,遗翠花,pdf_01000000__01004014___d6eca0fe85__line__000055,pdf_01000000__01004014___d6eca0fe85__scene__003,01004014_遗翠花.pdf,D:\University_studies\Junior\data_visualization\experiment\final_self\opera_dataset\01000000\01004014_遗翠花.pdf,01000000/01004014_遗翠花.pdf,49bfac8f-ad5c-4639-829d-be1bd24f8504,3,【第三场】,55,dialogue,dialogue,小姐,pdf_01000000__01004014___d6eca0fe85__char__4dbc7fe4f9,白,白,白,念白,小姐,越发沉重了。,小姐（白）越发沉重了。
pdf_01000000__01004014___d6eca0fe85,遗翠花,pdf_01000000__01004014___d6eca0fe85__line__000055,pdf_01000000__01004014___d6eca0fe85__scene__003,01004014_遗翠花.pdf,D:\University_studies\Junior\data_visualization\experiment\final_self\opera_dataset\01000000\01004014_遗翠花.pdf,01000000/01004014_遗翠花.pdf,49bfac8f-ad5c-4639-829d-be1bd24f8504,3,【第三场】,55,dialogue,dialogue,老夫人,pdf_01000000__01004014___d6eca0fe85__char__75dcd83458,白,白,白,上；去；念白,老夫人；翠香,"儿吓,好好养息病症。翠香,好好服侍你家姑娘。我要归上房去了。","老夫人（白）儿吓,好好养息病症。翠香,好好服侍你家姑娘。我要归上房去了。"
pdf_01000000__01004014___d6eca0fe85,遗翠花,pdf_01000000__01004014___d6eca0fe85__line__000055,pdf_01000000__01004014___d6eca0fe85__scene__003,01004014_遗翠花.pdf,D:\University_studies\Junior\data_visualization\experiment\final_self\opera_dataset\01000000\01004014_遗翠花.pdf,01000000/01004014_遗翠花.pdf,49bfac8f-ad5c-4639-829d-be1bd24f8504,3,【第三场】,55,dialogue,dialogue,翠香,pdf_01000000__01004014___d6eca0fe85__char__98e42ad287,白,白,白,念白,翠香,晓得了。,翠香（白）晓得了。
pdf_01000000__01004014___d6eca0fe85,遗翠花,pdf_01000000__01004014___d6eca0fe85__line__000055,pdf_01000000__01004014___d6eca0fe85__scene__003,01004014_遗翠花.pdf,D:\University_studies\Junior\data_visualization\experiment\final_self\opera_dataset\01000000\01004014_遗翠花.pdf,01000000/01004014_遗翠花.pdf,49bfac8f-ad5c-4639-829d-be1bd24f8504,3,【第三场】,55,dialogue,dialogue,相公,pdf_01000000__01004014___d6eca0fe85__char__8a2a62d872,白,白,白,走；念白,老夫人；翠香；相公,"翠香,老夫人走了没有?","相公（白）翠香,老夫人走了没有?"
pdf_01000000__01004014___d6eca0fe85,遗翠花,pdf_01000000__01004014___d6eca0fe85__line__000055,pdf_01000000__01004014___d6eca0fe85__scene__003,01004014_遗翠花.pdf,D:\University_studies\Junior\data_visualization\experiment\final_self\opera_dataset\01000000\01004014_遗翠花.pdf,01000000/01004014_遗翠花.pdf,49bfac8f-ad5c-4639-829d-be1bd24f8504,3,【第三场】,55,dialogue,dialogue,老夫人,pdf_01000000__01004014___d6eca0fe85__char__75dcd83458,白,白,白,念白,老夫人,姑娘房中有人?,老夫人（白）姑娘房中有人?
pdf_01000000__01004014___d6eca0fe85,遗翠花,pdf_01000000__01004014___d6eca0fe85__line__000055,pdf_01000000__01004014___d6eca0fe85__scene__003,01004014_遗翠花.pdf,D:\University_studies\Junior\data_visualization\experiment\final_self\opera_dataset\01000000\01004014_遗翠花.pdf,01000000/01004014_遗翠花.pdf,49bfac8f-ad5c-4639-829d-be1bd24f8504,3,【第三场】,55,dialogue,dialogue,翠香,pdf_01000000__01004014___d6eca0fe85__char__98e42ad287,白,白,白,念白,翠香,"无有人,无有人。","翠香（白）无有人,无有人。"
pdf_01000000__01004014___d6eca0fe85,遗翠花,pdf_01000000__01004014___d6eca0fe85__line__000055,pdf_01000000__01004014___d6eca0fe85__scene__003,01004014_遗翠花.pdf,D:\University_studies\Junior\data_visualization\experiment\final_self\opera_dataset\01000000\01004014_遗翠花.pdf,01000000/01004014_遗翠花.pdf,49bfac8f-ad5c-4639-829d-be1bd24f8504,3,【第三场】,55,dialogue,dialogue,相公,pdf_01000000__01004014___d6eca0fe85__char__8a2a62d872,白,白,白,走；念白,老夫人；翠香；相公,"翠香,老夫人走了没有?憋死我了。","相公（白）翠香,老夫人走了没有?憋死我了。"
pdf_01000000__01004014___d6eca0fe85,遗翠花,pdf_01000000__01004014___d6eca0fe85__line__000055,pdf_01000000__01004014___d6eca0fe85__scene__003,01004014_遗翠花.pdf,D:\University_studies\Junior\data_visualization\experiment\final_self\opera_dataset\01000000\01004014_遗翠花.pdf,01000000/01004014_遗翠花.pdf,49bfac8f-ad5c-4639-829d-be1bd24f8504,3,【第三场】,55,dialogue,dialogue,老夫人,pdf_01000000__01004014___d6eca0fe85__char__75dcd83458,白,白,白,走；道；念白,老夫人,是哪个言道“老夫人走了没有?”,老夫人（白）是哪个言道“老夫人走了没有?”
pdf_01000000__01004014___d6eca0fe85,遗翠花,pdf_01000000__01004014___d6eca0fe85__line__000055,pdf_01000000__01004014___d6eca0fe85__scene__003,01004014_遗翠花.pdf,D:\University_studies\Junior\data_visualization\experiment\final_self\opera_dataset\01000000\01004014_遗翠花.pdf,01000000/01004014_遗翠花.pdf,49bfac8f-ad5c-4639-829d-be1bd24f8504,3,【第三场】,55,dialogue,dialogue,翠香,pdf_01000000__01004014___d6eca0fe85__char__98e42ad287,白,白,白,走；念白,老夫人；翠香,"老夫人非知我家姑娘吃药,把嗓子吃大了。言说:“翠香,老夫人走了没有。”","翠香（白）老夫人非知我家姑娘吃药,把嗓子吃大了。言说:“翠香,老夫人走了没有。”"
pdf_01000000__01004014___d6eca0fe85,遗翠花,pdf_01000000__01004014___d6eca0fe85__line__000055,pdf_01000000__01004014___d6eca0fe85__scene__003,01004014_遗翠花.pdf,D:\University_studies\Junior\data_visualization\experiment\final_self\opera_dataset\01000000\01004014_遗翠花.pdf,01000000/01004014_遗翠花.pdf,49bfac8f-ad5c-4639-829d-be1bd24f8504,3,【第三场】,55,dialogue,dialogue,老夫人,pdf_01000000__01004014___d6eca0fe85__char__75dcd83458,白,白,白,念白,老夫人,姑娘房中一定有人。,老夫人（白）姑娘房中一定有人。
pdf_01000000__01004014___d6eca0fe85,遗翠花,pdf_01000000__01004014___d6eca0fe85__line__000055,pdf_01000000__01004014___d6eca0fe85__scene__003,01004014_遗翠花.pdf,D:\University_studies\Junior\data_visualization\experiment\final_self\opera_dataset\01000000\01004014_遗翠花.pdf,01000000/01004014_遗翠花.pdf,49bfac8f-ad5c-4639-829d-be1bd24f8504,3,【第三场】,55,dialogue,dialogue,翠香,pdf_01000000__01004014___d6eca0fe85__char__98e42ad287,白,白,白,念白,翠香,无有人。,翠香（白）无有人。
pdf_01000000__01004014___d6eca0fe85,遗翠花,pdf_01000000__01004014___d6eca0fe85__line__000055,pdf_01000000__01004014___d6eca0fe85__scene__003,01004014_遗翠花.pdf,D:\University_studies\Junior\data_visualization\experiment\final_self\opera_dataset\01000000\01004014_遗翠花.pdf,01000000/01004014_遗翠花.pdf,49bfac8f-ad5c-4639-829d-be1bd24f8504,3,【第三场】,55,dialogue,dialogue,老夫人,pdf_01000000__01004014___d6eca0fe85__char__75dcd83458,白,白,白,念白,老夫人,你与我闪开了。,老夫人（白）你与我闪开了。
pdf_01000000__01004014___d6eca0fe85,遗翠花,pdf_01000000__01004014___d6eca0fe85__line__000055,pdf_01000000__01004014___d6eca0fe85__scene__003,01004014_遗翠花.pdf,D:\University_studies\Junior\data_visualization\experiment\final_self\opera_dataset\01000000\01004014_遗翠花.pdf,01000000/01004014_遗翠花.pdf,49bfac8f-ad5c-4639-829d-be1bd24f8504,3,【第三场】,55,dialogue,dialogue,翠香,pdf_01000000__01004014___d6eca0fe85__char__98e42ad287,白,白,白,打；念白,翠香,"这是你家门不正,闺门不严,自己人不打,打外乡人好苦吓。","翠香（白）这是你家门不正,闺门不严,自己人不打,打外乡人好苦吓。"
pdf_01000000__01004014___d6eca0fe85,遗翠花,pdf_01000000__01004014___d6eca0fe85__line__000055,pdf_01000000__01004014___d6eca0fe85__scene__003,01004014_遗翠花.pdf,D:\University_studies\Junior\data_visualization\experiment\final_self\opera_dataset\01000000\01004014_遗翠花.pdf,01000000/01004014_遗翠花.pdf,49bfac8f-ad5c-4639-829d-be1bd24f8504,3,【第三场】,55,dialogue,dialogue,老夫人,pdf_01000000__01004014___d6eca0fe85__char__75dcd83458,白,白,白,哭；念白,老夫人；翠香,"吓,翠香,你不要哭了。","老夫人（白）吓,翠香,你不要哭了。"
pdf_01000000__01004014___d6eca0fe85,遗翠花,pdf_01000000__01004014___d6eca0fe85__line__000055,pdf_01000000__01004014___d6eca0fe85__scene__003,01004014_遗翠花.pdf,D:\University_studies\Junior\data_visualization\experiment\final_self\opera_dataset\01000000\01004014_遗翠花.pdf,01000000/01004014_遗翠花.pdf,49bfac8f-ad5c-4639-829d-be1bd24f8504,3,【第三场】,55,dialogue,dialogue,翠香,pdf_01000000__01004014___d6eca0fe85__char__98e42ad287,白,白,白,哭；念白,翠香,"我一定要哭,我一定要哭。","翠香（白）我一定要哭,我一定要哭。"
pdf_01000000__01004014___d6eca0fe85,遗翠花,pdf_01000000__01004014___d6eca0fe85__line__000055,pdf_01000000__01004014___d6eca0fe85__scene__003,01004014_遗翠花.pdf,D:\University_studies\Junior\data_visualization\experiment\final_self\opera_dataset\01000000\01004014_遗翠花.pdf,01000000/01004014_遗翠花.pdf,49bfac8f-ad5c-4639-829d-be1bd24f8504,3,【第三场】,55,dialogue,dialogue,老夫人,pdf_01000000__01004014___d6eca0fe85__char__75dcd83458,白,白,白,去；哭；念白,老夫人,让你去哭。,老夫人（白）让你去哭。
pdf_01000000__01004014___d6eca0fe85,遗翠花,pdf_01000000__01004014___d6eca0fe85__line__000055,pdf_01000000__01004014___d6eca0fe85__scene__003,01004014_遗翠花.pdf,D:\University_studies\Junior\data_visualization\experiment\final_self\opera_dataset\01000000\01004014_遗翠花.pdf,01000000/01004014_遗翠花.pdf,49bfac8f-ad5c-4639-829d-be1bd24f8504,3,【第三场】,55,dialogue,dialogue,翠香,pdf_01000000__01004014___d6eca0fe85__char__98e42ad287,白,白,白,哭；念白,翠香,我至今也未哭。,翠香（白）我至今也未哭。
pdf_01000000__01004014___d6eca0fe85,遗翠花,pdf_01000000__01004014___d6eca0fe85__line__000055,pdf_01000000__01004014___d6eca0fe85__scene__003,01004014_遗翠花.pdf,D:\University_studies\Junior\data_visualization\experiment\final_self\opera_dataset\01000000\01004014_遗翠花.pdf,01000000/01004014_遗翠花.pdf,49bfac8f-ad5c-4639-829d-be1bd24f8504,3,【第三场】,55,dialogue,dialogue,老夫人,pdf_01000000__01004014___d6eca0fe85__char__75dcd83458,白,白,白,念白,老夫人,臭丫头。,老夫人（白）臭丫头。
pdf_01000000__01004014___d6eca0fe85,遗翠花,pdf_01000000__01004014___d6eca0fe85__line__000055,pdf_01000000__01004014___d6eca0fe85__scene__003,01004014_遗翠花.pdf,D:\University_studies\Junior\data_visualization\experiment\final_self\opera_dataset\01000000\01004014_遗翠花.pdf,01000000/01004014_遗翠花.pdf,49bfac8f-ad5c-4639-829d-be1bd24f8504,3,【第三场】,55,dialogue,dialogue,相公,pdf_01000000__01004014___d6eca0fe85__char__8a2a62d872,白,白,白,念白,相公,我不是秋山。成了她妈的丢山。,相公（白）我不是秋山。成了她妈的丢山。
pdf_01000000__01004014___d6eca0fe85,遗翠花,pdf_01000000__01004014___d6eca0fe85__line__000055,pdf_01000000__01004014___d6eca0fe85__scene__003,01004014_遗翠花.pdf,D:\University_studies\Junior\data_visualization\experiment\final_self\opera_dataset\01000000\01004014_遗翠花.pdf,01000000/01004014_遗翠花.pdf,49bfac8f-ad5c-4639-829d-be1bd24f8504,3,【第三场】,55,dialogue,dialogue,老夫人,pdf_01000000__01004014___d6eca0fe85__char__75dcd83458,白,白,白,念白,老夫人,老身待你如何?,老夫人（白）老身待你如何?
pdf_01000000__01004014___d6eca0fe85,遗翠花,pdf_01000000__01004014___d6eca0fe85__line__000055,pdf_01000000__01004014___d6eca0fe85__scene__003,01004014_遗翠花.pdf,D:\University_studies\Junior\data_visualization\experiment\final_self\opera_dataset\01000000\01004014_遗翠花.pdf,01000000/01004014_遗翠花.pdf,49bfac8f-ad5c-4639-829d-be1bd24f8504,3,【第三场】,55,dialogue,dialogue,相公,pdf_01000000__01004014___d6eca0fe85__char__8a2a62d872,白,白,白,念白,相公,待我甚好不过。,相公（白）待我甚好不过。
pdf_01000000__01004014___d6eca0fe85,遗翠花,pdf_01000000__01004014___d6eca0fe85__line__000055,pdf_01000000__01004014___d6eca0fe85__scene__003,01004014_遗翠花.pdf,D:\University_studies\Junior\data_visualization\experiment\final_self\opera_dataset\01000000\01004014_遗翠花.pdf,01000000/01004014_遗翠花.pdf,49bfac8f-ad5c-4639-829d-be1bd24f8504,3,【第三场】,55,dialogue,dialogue,老夫人,pdf_01000000__01004014___d6eca0fe85__char__75dcd83458,白,白,白,念白,老夫人,"既然甚好,作错此事,真真岂有......","老夫人（白）既然甚好,作错此事,真真岂有......"
pdf_01000000__01004014___d6eca0fe85,遗翠花,pdf_01000000__01004014___d6eca0fe85__line__000055,pdf_01000000__01004014___d6eca0fe85__scene__003,01004014_遗翠花.pdf,D:\University_studies\Junior\data_visualization\experiment\final_self\opera_dataset\01000000\01004014_遗翠花.pdf,01000000/01004014_遗翠花.pdf,49bfac8f-ad5c-4639-829d-be1bd24f8504,3,【第三场】,55,dialogue,dialogue,翠香,pdf_01000000__01004014___d6eca0fe85__char__98e42ad287,白,白,白,念白,翠香,此理。,翠香（白）此理。
pdf_01000000__01004014___d6eca0fe85,遗翠花,pdf_01000000__01004014___d6eca0fe85__line__000055,pdf_01000000__01004014___d6eca0fe85__scene__003,01004014_遗翠花.pdf,D:\University_studies\Junior\data_visualization\experiment\final_self\opera_dataset\01000000\01004014_遗翠花.pdf,01000000/01004014_遗翠花.pdf,49bfac8f-ad5c-4639-829d-be1bd24f8504,3,【第三场】,55,dialogue,dialogue,老夫人,pdf_01000000__01004014___d6eca0fe85__char__75dcd83458,白,白,白,叫；念白,老夫人,什么叫“此理”?,老夫人（白）什么叫“此理”?
pdf_01000000__01004014___d6eca0fe85,遗翠花,pdf_01000000__01004014___d6eca0fe85__line__000055,pdf_01000000__01004014___d6eca0fe85__scene__003,01004014_遗翠花.pdf,D:\University_studies\Junior\data_visualization\experiment\final_self\opera_dataset\01000000\01004014_遗翠花.pdf,01000000/01004014_遗翠花.pdf,49bfac8f-ad5c-4639-829d-be1bd24f8504,3,【第三场】,55,dialogue,dialogue,翠香,pdf_01000000__01004014___d6eca0fe85__char__98e42ad287,白,白,白,念白,翠香,"岂有此理,不是一句话?","翠香（白）岂有此理,不是一句话?"
pdf_01000000__01004014___d6eca0fe85,遗翠花,pdf_01000000__01004014___d6eca0fe85__line__000055,pdf_01000000__01004014___d6eca0fe85__scene__003,01004014_遗翠花.pdf,D:\University_studies\Junior\data_visualization\experiment\final_self\opera_dataset\01000000\01004014_遗翠花.pdf,01000000/01004014_遗翠花.pdf,49bfac8f-ad5c-4639-829d-be1bd24f8504,3,【第三场】,55,dialogue,dialogue,老夫人,pdf_01000000__01004014___d6eca0fe85__char__75dcd83458,白,白,白,念白,老夫人,不用。,老夫人（白）不用。
pdf_01000000__01004014___d6eca0fe85,遗翠花,pdf_01000000__01004014___d6eca0fe85__line__000055,pdf_01000000__01004014___d6eca0fe85__scene__003,01004014_遗翠花.pdf,D:\University_studies\Junior\data_visualization\experiment\final_self\opera_dataset\01000000\01004014_遗翠花.pdf,01000000/01004014_遗翠花.pdf,49bfac8f-ad5c-4639-829d-be1bd24f8504,3,【第三场】,55,dialogue,dialogue,翠香,pdf_01000000__01004014___d6eca0fe85__char__98e42ad287,白,白,白,念白,翠香,不用就不用。,翠香（白）不用就不用。
pdf_01000000__01004014___d6eca0fe85,遗翠花,pdf_01000000__01004014___d6eca0fe85__line__000055,pdf_01000000__01004014___d6eca0fe85__scene__003,01004014_遗翠花.pdf,D:\University_studies\Junior\data_visualization\experiment\final_self\opera_dataset\01000000\01004014_遗翠花.pdf,01000000/01004014_遗翠花.pdf,49bfac8f-ad5c-4639-829d-be1bd24f8504,3,【第三场】,55,dialogue,dialogue,相公,pdf_01000000__01004014___d6eca0fe85__char__8a2a62d872,白,白,白,念白,相公,我说这个料......,相公（白）我说这个料......
pdf_01000000__01004014___d6eca0fe85,遗翠花,pdf_01000000__01004014___d6eca0fe85__line__000055,pdf_01000000__01004014___d6eca0fe85__scene__003,01004014_遗翠花.pdf,D:\University_studies\Junior\data_visualization\experiment\final_self\opera_dataset\01000000\01004014_遗翠花.pdf,01000000/01004014_遗翠花.pdf,49bfac8f-ad5c-4639-829d-be1bd24f8504,3,【第三场】,55,dialogue,dialogue,翠香,pdf_01000000__01004014___d6eca0fe85__char__98e42ad287,白,白,白,念白,老夫人；翠香,老夫人。,翠香（白）老夫人。
pdf_01000000__01004014___d6eca0fe85,遗翠花,pdf_01000000__01004014___d6eca0fe85__line__000055,pdf_01000000__01004014___d6eca0fe85__scene__003,01004014_遗翠花.pdf,D:\University_studies\Junior\data_visualization\experiment\final_self\opera_dataset\01000000\01004014_遗翠花.pdf,01000000/01004014_遗翠花.pdf,49bfac8f-ad5c-4639-829d-be1bd24f8504,3,【第三场】,55,dialogue,dialogue,相公,pdf_01000000__01004014___d6eca0fe85__char__8a2a62d872,白,白,白,走；来；道；念白,老夫人；相公；小姐,"哦,老夫人哪老夫人,想我秋山在书房里念书,走错了道了,走在小姐裤裆里来了。","相公（白）哦,老夫人哪老夫人,想我秋山在书房里念书,走错了道了,走在小姐裤裆里来了。"
pdf_01000000__01004014___d6eca0fe85,遗翠花,pdf_01000000__01004014___d6eca0fe85__line__000055,pdf_01000000__01004014___d6eca0fe85__scene__003,01004014_遗翠花.pdf,D:\University_studies\Junior\data_visualization\experiment\final_self\opera_dataset\01000000\01004014_遗翠花.pdf,01000000/01004014_遗翠花.pdf,49bfac8f-ad5c-4639-829d-be1bd24f8504,3,【第三场】,55,dialogue,dialogue,翠香,pdf_01000000__01004014___d6eca0fe85__char__98e42ad287,白,白,白,念白,翠香,绣阁。,翠香（白）绣阁。
pdf_01000000__01004014___d6eca0fe85,遗翠花,pdf_01000000__01004014___d6eca0fe85__line__000055,pdf_01000000__01004014___d6eca0fe85__scene__003,01004014_遗翠花.pdf,D:\University_studies\Junior\data_visualization\experiment\final_self\opera_dataset\01000000\01004014_遗翠花.pdf,01000000/01004014_遗翠花.pdf,49bfac8f-ad5c-4639-829d-be1bd24f8504,3,【第三场】,55,dialogue,dialogue,相公,pdf_01000000__01004014___d6eca0fe85__char__8a2a62d872,白,白,白,下；来；念白,相公,绣阁里来了。这是头一遭。下次我不敢来了。,相公（白）绣阁里来了。这是头一遭。下次我不敢来了。
pdf_01000000__01004014___d6eca0fe85,遗翠花,pdf_01000000__01004014___d6eca0fe85__line__000055,pdf_01000000__01004014___d6eca0fe85__scene__003,01004014_遗翠花.pdf,D:\University_studies\Junior\data_visualization\experiment\final_self\opera_dataset\01000000\01004014_遗翠花.pdf,01000000/01004014_遗翠花.pdf,49bfac8f-ad5c-4639-829d-be1bd24f8504,3,【第三场】,55,dialogue,dialogue,老夫人,pdf_01000000__01004014___d6eca0fe85__char__75dcd83458,白,白,白,念白,老夫人；翠香,"翠香,取银子。","老夫人（白）翠香,取银子。"
pdf_01000000__01004014___d6eca0fe85,遗翠花,pdf_01000000__01004014___d6eca0fe85__line__000055,pdf_01000000__01004014___d6eca0fe85__scene__003,01004014_遗翠花.pdf,D:\University_studies\Junior\data_visualization\experiment\final_self\opera_dataset\01000000\01004014_遗翠花.pdf,01000000/01004014_遗翠花.pdf,49bfac8f-ad5c-4639-829d-be1bd24f8504,3,【第三场】,55,dialogue,dialogue,翠香,pdf_01000000__01004014___d6eca0fe85__char__98e42ad287,白,白,白,念白,翠香,取几锭?,翠香（白）取几锭?
pdf_01000000__01004014___d6eca0fe85,遗翠花,pdf_01000000__01004014___d6eca0fe85__line__000055,pdf_01000000__01004014___d6eca0fe85__scene__003,01004014_遗翠花.pdf,D:\University_studies\Junior\data_visualization\experiment\final_self\opera_dataset\01000000\01004014_遗翠花.pdf,01000000/01004014_遗翠花.pdf,49bfac8f-ad5c-4639-829d-be1bd24f8504,3,【第三场】,55,dialogue,dialogue,老夫人,pdf_01000000__01004014___d6eca0fe85__char__75dcd83458,白,白,白,念白,老夫人,两锭。,老夫人（白）两锭。
pdf_01000000__01004014___d6eca0fe85,遗翠花,pdf_01000000__01004014___d6eca0fe85__line__000055,pdf_01000000__01004014___d6eca0fe85__scene__003,01004014_遗翠花.pdf,D:\University_studies\Junior\data_visualization\experiment\final_self\opera_dataset\01000000\01004014_遗翠花.pdf,01000000/01004014_遗翠花.pdf,49bfac8f-ad5c-4639-829d-be1bd24f8504,3,【第三场】,55,dialogue,dialogue,翠香,pdf_01000000__01004014___d6eca0fe85__char__98e42ad287,白,白,白,来；念白,老夫人；翠香,"吓,取两锭。嗳,你们来瞧,老夫人说取两锭,我家姑娘与我三大指,吓,是三锭。越多越好。我们二人交情比她还在先了。老夫人,银子来了。嚇掌兜。","翠香（白）吓,取两锭。嗳,你们来瞧,老夫人说取两锭,我家姑娘与我三大指,吓,是三锭。越多越好。我们二人交情比她还在先了。老夫人,银子来了。嚇掌兜。"
pdf_01000000__01004014___d6eca0fe85,遗翠花,pdf_01000000__01004014___d6eca0fe85__line__000055,pdf_01000000__01004014___d6eca0fe85__scene__003,01004014_遗翠花.pdf,D:\University_studies\Junior\data_visualization\experiment\final_self\opera_dataset\01000000\01004014_遗翠花.pdf,01000000/01004014_遗翠花.pdf,49bfac8f-ad5c-4639-829d-be1bd24f8504,3,【第三场】,55,dialogue,dialogue,相公,pdf_01000000__01004014___d6eca0fe85__char__8a2a62d872,白,白,白,念白,相公,作什么?,相公（白）作什么?
pdf_01000000__01004014___d6eca0fe85,遗翠花,pdf_01000000__01004014___d6eca0fe85__line__000055,pdf_01000000__01004014___d6eca0fe85__scene__003,01004014_遗翠花.pdf,D:\University_studies\Junior\data_visualization\experiment\final_self\opera_dataset\01000000\01004014_遗翠花.pdf,01000000/01004014_遗翠花.pdf,49bfac8f-ad5c-4639-829d-be1bd24f8504,3,【第三场】,55,dialogue,dialogue,翠香,pdf_01000000__01004014___d6eca0fe85__char__98e42ad287,白,白,白,念白,翠香,与你银子。,翠香（白）与你银子。
pdf_01000000__01004014___d6eca0fe85,遗翠花,pdf_01000000__01004014___d6eca0fe85__line__000055,pdf_01000000__01004014___d6eca0fe85__scene__003,01004014_遗翠花.pdf,D:\University_studies\Junior\data_visualization\experiment\final_self\opera_dataset\01000000\01004014_遗翠花.pdf,01000000/01004014_遗翠花.pdf,49bfac8f-ad5c-4639-829d-be1bd24f8504,3,【第三场】,55,dialogue,dialogue,相公,pdf_01000000__01004014___d6eca0fe85__char__8a2a62d872,白,白,白,下；来；念白,相公,"哦,作这个事情,还有银子。下次我还要多来几来。","相公（白）哦,作这个事情,还有银子。下次我还要多来几来。"
pdf_01000000__01004014___d6eca0fe85,遗翠花,pdf_01000000__01004014___d6eca0fe85__line__000055,pdf_01000000__01004014___d6eca0fe85__scene__003,01004014_遗翠花.pdf,D:\University_studies\Junior\data_visualization\experiment\final_self\opera_dataset\01000000\01004014_遗翠花.pdf,01000000/01004014_遗翠花.pdf,49bfac8f-ad5c-4639-829d-be1bd24f8504,3,【第三场】,55,dialogue,dialogue,翠香,pdf_01000000__01004014___d6eca0fe85__char__98e42ad287,白,白,白,念白,老夫人；翠香,老夫人验银子一二两。,翠香（白）老夫人验银子一二两。
pdf_01000000__01004014___d6eca0fe85,遗翠花,pdf_01000000__01004014___d6eca0fe85__line__000055,pdf_01000000__01004014___d6eca0fe85__scene__003,01004014_遗翠花.pdf,D:\University_studies\Junior\data_visualization\experiment\final_self\opera_dataset\01000000\01004014_遗翠花.pdf,01000000/01004014_遗翠花.pdf,49bfac8f-ad5c-4639-829d-be1bd24f8504,3,【第三场】,55,dialogue,dialogue,老夫人,pdf_01000000__01004014___d6eca0fe85__char__75dcd83458,白,白,白,念白,老夫人；翠香,"吓,翠香三锭。","老夫人（白）吓,翠香三锭。"
pdf_01000000__01004014___d6eca0fe85,遗翠花,pdf_01000000__01004014___d6eca0fe85__line__000055,pdf_01000000__01004014___d6eca0fe85__scene__003,01004014_遗翠花.pdf,D:\University_studies\Junior\data_visualization\experiment\final_self\opera_dataset\01000000\01004014_遗翠花.pdf,01000000/01004014_遗翠花.pdf,49bfac8f-ad5c-4639-829d-be1bd24f8504,3,【第三场】,55,dialogue,dialogue,翠香,pdf_01000000__01004014___d6eca0fe85__char__98e42ad287,白,白,白,念白,翠香,两锭。,翠香（白）两锭。
pdf_01000000__01004014___d6eca0fe85,遗翠花,pdf_01000000__01004014___d6eca0fe85__line__000055,pdf_01000000__01004014___d6eca0fe85__scene__003,01004014_遗翠花.pdf,D:\University_studies\Junior\data_visualization\experiment\final_self\opera_dataset\01000000\01004014_遗翠花.pdf,01000000/01004014_遗翠花.pdf,49bfac8f-ad5c-4639-829d-be1bd24f8504,3,【第三场】,55,dialogue,dialogue,老夫人,pdf_01000000__01004014___d6eca0fe85__char__75dcd83458,白,白,白,念白,老夫人,是三锭。,老夫人（白）是三锭。
pdf_01000000__01004014___d6eca0fe85,遗翠花,pdf_01000000__01004014___d6eca0fe85__line__000055,pdf_01000000__01004014___d6eca0fe85__scene__003,01004014_遗翠花.pdf,D:\University_studies\Junior\data_visualization\experiment\final_self\opera_dataset\01000000\01004014_遗翠花.pdf,01000000/01004014_遗翠花.pdf,49bfac8f-ad5c-4639-829d-be1bd24f8504,3,【第三场】,55,dialogue,dialogue,翠香,pdf_01000000__01004014___d6eca0fe85__char__98e42ad287,白,白,白,念白,翠香,"是两锭,是两锭。","翠香（白）是两锭,是两锭。"
pdf_01000000__01004014___d6eca0fe85,遗翠花,pdf_01000000__01004014___d6eca0fe85__line__000055,pdf_01000000__01004014___d6eca0fe85__scene__003,01004014_遗翠花.pdf,D:\University_studies\Junior\data_visualization\experiment\final_self\opera_dataset\01000000\01004014_遗翠花.pdf,01000000/01004014_遗翠花.pdf,49bfac8f-ad5c-4639-829d-be1bd24f8504,3,【第三场】,55,dialogue,dialogue,相公,pdf_01000000__01004014___d6eca0fe85__char__8a2a62d872,白,白,白,来；看；念白,老夫人；相公,"老夫人不要嚷嚷,待我来看看。几锭算几锭。晓得了一锭,晓得了二锭,晓得 了三锭。明明是三锭,这个丫头,连数儿也不识了。","相公（白）老夫人不要嚷嚷,待我来看看。几锭算几锭。晓得了一锭,晓得了二锭,晓得 了三锭。明明是三锭,这个丫头,连数儿也不识了。"
pdf_01000000__01004014___d6eca0fe85,遗翠花,pdf_01000000__01004014___d6eca0fe85__line__000055,pdf_01000000__01004014___d6eca0fe85__scene__003,01004014_遗翠花.pdf,D:\University_studies\Junior\data_visualization\experiment\final_self\opera_dataset\01000000\01004014_遗翠花.pdf,01000000/01004014_遗翠花.pdf,49bfac8f-ad5c-4639-829d-be1bd24f8504,3,【第三场】,55,dialogue,dialogue,老夫人,pdf_01000000__01004014___d6eca0fe85__char__75dcd83458,白,白,白,念白,老夫人,"三锭也罢,两锭也罢,怕你忘了我母女的好意。","老夫人（白）三锭也罢,两锭也罢,怕你忘了我母女的好意。"
pdf_01000000__01004014___d6eca0fe85,遗翠花,pdf_01000000__01004014___d6eca0fe85__line__000055,pdf_01000000__01004014___d6eca0fe85__scene__003,01004014_遗翠花.pdf,D:\University_studies\Junior\data_visualization\experiment\final_self\opera_dataset\01000000\01004014_遗翠花.pdf,01000000/01004014_遗翠花.pdf,49bfac8f-ad5c-4639-829d-be1bd24f8504,3,【第三场】,55,dialogue,dialogue,相公,pdf_01000000__01004014___d6eca0fe85__char__8a2a62d872,白,白,白,上；叫；念白,老夫人；相公；小姐,"苦吓。料......哦,老夫人哪,老夫人,想我秋山上京赶考,若是得了一官半职, 忘了老夫人小姐,还有一个他叫我八辈子......","相公（白）苦吓。料......哦,老夫人哪,老夫人,想我秋山上京赶考,若是得了一官半职, 忘了老夫人小姐,还有一个他叫我八辈子......"
pdf_01000000__01004014___d6eca0fe85,遗翠花,pdf_01000000__01004014___d6eca0fe85__line__000055,pdf_01000000__01004014___d6eca0fe85__scene__003,01004014_遗翠花.pdf,D:\University_studies\Junior\data_visualization\experiment\final_self\opera_dataset\01000000\01004014_遗翠花.pdf,01000000/01004014_遗翠花.pdf,49bfac8f-ad5c-4639-829d-be1bd24f8504,3,【第三场】,55,dialogue,dialogue,翠香,pdf_01000000__01004014___d6eca0fe85__char__98e42ad287,白,白,白,念白,翠香,八辈子怎么样?,翠香（白）八辈子怎么样?
pdf_01000000__01004014___d6eca0fe85,遗翠花,pdf_01000000__01004014___d6eca0fe85__line__000055,pdf_01000000__01004014___d6eca0fe85__scene__003,01004014_遗翠花.pdf,D:\University_studies\Junior\data_visualization\experiment\final_self\opera_dataset\01000000\01004014_遗翠花.pdf,01000000/01004014_遗翠花.pdf,49bfac8f-ad5c-4639-829d-be1bd24f8504,3,【第三场】,55,dialogue,dialogue,相公,pdf_01000000__01004014___d6eca0fe85__char__8a2a62d872,白,白,白,念白,相公,八辈子......,相公（白）八辈子......
pdf_01000000__01004014___d6eca0fe85,遗翠花,pdf_01000000__01004014___d6eca0fe85__line__000055,pdf_01000000__01004014___d6eca0fe85__scene__003,01004014_遗翠花.pdf,D:\University_studies\Junior\data_visualization\experiment\final_self\opera_dataset\01000000\01004014_遗翠花.pdf,01000000/01004014_遗翠花.pdf,49bfac8f-ad5c-4639-829d-be1bd24f8504,3,【第三场】,55,dialogue,dialogue,翠香,pdf_01000000__01004014___d6eca0fe85__char__98e42ad287,白,白,白,念白,翠香,八辈子怎么样?,翠香（白）八辈子怎么样?
pdf_01000000__01004014___d6eca0fe85,遗翠花,pdf_01000000__01004014___d6eca0fe85__line__000055,pdf_01000000__01004014___d6eca0fe85__scene__003,01004014_遗翠花.pdf,D:\University_studies\Junior\data_visualization\experiment\final_self\opera_dataset\01000000\01004014_遗翠花.pdf,01000000/01004014_遗翠花.pdf,49bfac8f-ad5c-4639-829d-be1bd24f8504,3,【第三场】,55,dialogue,dialogue,相公,pdf_01000000__01004014___d6eca0fe85__char__8a2a62d872,白,白,白,念白,相公,辈子八。,相公（白）辈子八。
pdf_01000000__01004014___d6eca0fe85,遗翠花,pdf_01000000__01004014___d6eca0fe85__line__000055,pdf_01000000__01004014___d6eca0fe85__scene__003,01004014_遗翠花.pdf,D:\University_studies\Junior\data_visualization\experiment\final_self\opera_dataset\01000000\01004014_遗翠花.pdf,01000000/01004014_遗翠花.pdf,49bfac8f-ad5c-4639-829d-be1bd24f8504,3,【第三场】,55,dialogue,dialogue,翠香,pdf_01000000__01004014___d6eca0fe85__char__98e42ad287,白,白,白,念白,翠香,怎么样?,翠香（白）怎么样?
pdf_01000000__01004014___d6eca0fe85,遗翠花,pdf_01000000__01004014___d6eca0fe85__line__000055,pdf_01000000__01004014___d6eca0fe85__scene__003,01004014_遗翠花.pdf,D:\University_studies\Junior\data_visualization\experiment\final_self\opera_dataset\01000000\01004014_遗翠花.pdf,01000000/01004014_遗翠花.pdf,49bfac8f-ad5c-4639-829d-be1bd24f8504,3,【第三场】,55,dialogue,dialogue,相公,pdf_01000000__01004014___d6eca0fe85__char__8a2a62d872,白,白,白,念白,相公,不转人世。,相公（白）不转人世。
pdf_01000000__01004014___d6eca0fe85,遗翠花,pdf_01000000__01004014___d6eca0fe85__line__000055,pdf_01000000__01004014___d6eca0fe85__scene__003,01004014_遗翠花.pdf,D:\University_studies\Junior\data_visualization\experiment\final_self\opera_dataset\01000000\01004014_遗翠花.pdf,01000000/01004014_遗翠花.pdf,49bfac8f-ad5c-4639-829d-be1bd24f8504,3,【第三场】,55,dialogue,dialogue,老夫人,pdf_01000000__01004014___d6eca0fe85__char__75dcd83458,白,白,白,走；去；叫；念白,老夫人；翠香,"翠香,叫他走了出去。","老夫人（白）翠香,叫他走了出去。"
pdf_01000000__01004014___d6eca0fe85,遗翠花,pdf_01000000__01004014___d6eca0fe85__line__000055,pdf_01000000__01004014___d6eca0fe85__scene__003,01004014_遗翠花.pdf,D:\University_studies\Junior\data_visualization\experiment\final_self\opera_dataset\01000000\01004014_遗翠花.pdf,01000000/01004014_遗翠花.pdf,49bfac8f-ad5c-4639-829d-be1bd24f8504,3,【第三场】,55,dialogue,dialogue,相公,pdf_01000000__01004014___d6eca0fe85__char__8a2a62d872,白,白,白,走；念白,相公,走在哪里?,相公（白）走在哪里?
pdf_01000000__01004014___d6eca0fe85,遗翠花,pdf_01000000__01004014___d6eca0fe85__line__000055,pdf_01000000__01004014___d6eca0fe85__scene__003,01004014_遗翠花.pdf,D:\University_studies\Junior\data_visualization\experiment\final_self\opera_dataset\01000000\01004014_遗翠花.pdf,01000000/01004014_遗翠花.pdf,49bfac8f-ad5c-4639-829d-be1bd24f8504,3,【第三场】,55,dialogue,dialogue,翠香,pdf_01000000__01004014___d6eca0fe85__char__98e42ad287,白,白,白,走；去；念白,翠香,走了出去。,翠香（白）走了出去。
pdf_01000000__01004014___d6eca0fe85,遗翠花,pdf_01000000__01004014___d6eca0fe85__line__000055,pdf_01000000__01004014___d6eca0fe85__scene__003,01004014_遗翠花.pdf,D:\University_studies\Junior\data_visualization\experiment\final_self\opera_dataset\01000000\01004014_遗翠花.pdf,01000000/01004014_遗翠花.pdf,49bfac8f-ad5c-4639-829d-be1bd24f8504,3,【第三场】,55,dialogue,dialogue,相公,pdf_01000000__01004014___d6eca0fe85__char__8a2a62d872,白,白,白,念白,相公,门在哪里?,相公（白）门在哪里?
pdf_01000000__01004014___d6eca0fe85,遗翠花,pdf_01000000__01004014___d6eca0fe85__line__000055,pdf_01000000__01004014___d6eca0fe85__scene__003,01004014_遗翠花.pdf,D:\University_studies\Junior\data_visualization\experiment\final_self\opera_dataset\01000000\01004014_遗翠花.pdf,01000000/01004014_遗翠花.pdf,49bfac8f-ad5c-4639-829d-be1bd24f8504,3,【第三场】,55,dialogue,dialogue,翠香,pdf_01000000__01004014___d6eca0fe85__char__98e42ad287,白,白,白,上；念白,翠香,门在墙上。,翠香（白）门在墙上。
pdf_01000000__01004014___d6eca0fe85,遗翠花,pdf_01000000__01004014___d6eca0fe85__line__000055,pdf_01000000__01004014___d6eca0fe85__scene__003,01004014_遗翠花.pdf,D:\University_studies\Junior\data_visualization\experiment\final_self\opera_dataset\01000000\01004014_遗翠花.pdf,01000000/01004014_遗翠花.pdf,49bfac8f-ad5c-4639-829d-be1bd24f8504,3,【第三场】,55,dialogue,dialogue,相公,pdf_01000000__01004014___d6eca0fe85__char__8a2a62d872,白,白,白,念白,相公,墙在哪里?,相公（白）墙在哪里?
pdf_01000000__01004014___d6eca0fe85,遗翠花,pdf_01000000__01004014___d6eca0fe85__line__000055,pdf_01000000__01004014___d6eca0fe85__scene__003,01004014_遗翠花.pdf,D:\University_studies\Junior\data_visualization\experiment\final_self\opera_dataset\01000000\01004014_遗翠花.pdf,01000000/01004014_遗翠花.pdf,49bfac8f-ad5c-4639-829d-be1bd24f8504,3,【第三场】,55,dialogue,dialogue,翠香,pdf_01000000__01004014___d6eca0fe85__char__98e42ad287,白,白,白,上；念白,翠香,墙在门上。,翠香（白）墙在门上。
pdf_01000000__01004014___d6eca0fe85,遗翠花,pdf_01000000__01004014___d6eca0fe85__line__000055,pdf_01000000__01004014___d6eca0fe85__scene__003,01004014_遗翠花.pdf,D:\University_studies\Junior\data_visualization\experiment\final_self\opera_dataset\01000000\01004014_遗翠花.pdf,01000000/01004014_遗翠花.pdf,49bfac8f-ad5c-4639-829d-be1bd24f8504,3,【第三场】,55,dialogue,dialogue,老夫人,pdf_01000000__01004014___d6eca0fe85__char__75dcd83458,白,白,白,去；念白,老夫人,将他赶了出去。,老夫人（白）将他赶了出去。
pdf_01000000__01004014___d6eca0fe85,遗翠花,pdf_01000000__01004014___d6eca0fe85__line__000055,pdf_01000000__01004014___d6eca0fe85__scene__003,01004014_遗翠花.pdf,D:\University_studies\Junior\data_visualization\experiment\final_self\opera_dataset\01000000\01004014_遗翠花.pdf,01000000/01004014_遗翠花.pdf,49bfac8f-ad5c-4639-829d-be1bd24f8504,3,【第三场】,55,dialogue,dialogue,翠香,pdf_01000000__01004014___d6eca0fe85__char__98e42ad287,白,白,白,去；念白,翠香,你与我滚出去吧。,翠香（白）你与我滚出去吧。
pdf_01000000__01004014___d6eca0fe85,遗翠花,pdf_01000000__01004014___d6eca0fe85__line__000055,pdf_01000000__01004014___d6eca0fe85__scene__003,01004014_遗翠花.pdf,D:\University_studies\Junior\data_visualization\experiment\final_self\opera_dataset\01000000\01004014_遗翠花.pdf,01000000/01004014_遗翠花.pdf,49bfac8f-ad5c-4639-829d-be1bd24f8504,3,【第三场】,55,dialogue,dialogue,相公,pdf_01000000__01004014___d6eca0fe85__char__8a2a62d872,白,白,白,上；来；看；请；叫；拿；念白,翠香；相公；小姐,"你看这个丫头,我在书房好好的念书,被这丫头左一封书,右一封信,拿我请 的来,弄得这个歹相。她家小姐生得这么好看。我将翠香哨将起来,叫她拿小 姐背将出来,让我饱饱的看上几眼,我还要高兴高兴。","相公（白）你看这个丫头,我在书房好好的念书,被这丫头左一封书,右一封信,拿我请 的来,弄得这个歹相。她家小姐生得这么好看。我将翠香哨将起来,叫她拿小 姐背将出来,让我饱饱的看上几眼,我还要高兴高兴。"
pdf_01000000__01004014___d6eca0fe85,遗翠花,pdf_01000000__01004014___d6eca0fe85__line__000055,pdf_01000000__01004014___d6eca0fe85__scene__003,01004014_遗翠花.pdf,D:\University_studies\Junior\data_visualization\experiment\final_self\opera_dataset\01000000\01004014_遗翠花.pdf,01000000/01004014_遗翠花.pdf,49bfac8f-ad5c-4639-829d-be1bd24f8504,3,【第三场】,55,dialogue,dialogue,翠香,pdf_01000000__01004014___d6eca0fe85__char__98e42ad287,白,白,白,念白,翠香,你作什么?,翠香（白）你作什么?
pdf_01000000__01004014___d6eca0fe85,遗翠花,pdf_01000000__01004014___d6eca0fe85__line__000055,pdf_01000000__01004014___d6eca0fe85__scene__003,01004014_遗翠花.pdf,D:\University_studies\Junior\data_visualization\experiment\final_self\opera_dataset\01000000\01004014_遗翠花.pdf,01000000/01004014_遗翠花.pdf,49bfac8f-ad5c-4639-829d-be1bd24f8504,3,【第三场】,55,dialogue,dialogue,相公,pdf_01000000__01004014___d6eca0fe85__char__8a2a62d872,白,白,白,念白,翠香；相公,"呵,翠香,我在书房里面,好好的念书,被你这个丫头,左一封书,右一封信, 把我弄得这个歹相。","相公（白）呵,翠香,我在书房里面,好好的念书,被你这个丫头,左一封书,右一封信, 把我弄得这个歹相。"
pdf_01000000__01004014___d6eca0fe85,遗翠花,pdf_01000000__01004014___d6eca0fe85__line__000055,pdf_01000000__01004014___d6eca0fe85__scene__003,01004014_遗翠花.pdf,D:\University_studies\Junior\data_visualization\experiment\final_self\opera_dataset\01000000\01004014_遗翠花.pdf,01000000/01004014_遗翠花.pdf,49bfac8f-ad5c-4639-829d-be1bd24f8504,3,【第三场】,55,dialogue,dialogue,翠香,pdf_01000000__01004014___d6eca0fe85__char__98e42ad287,白,白,白,念白,翠香,"我不说你,你倒说我了。","翠香（白）我不说你,你倒说我了。"
pdf_01000000__01004014___d6eca0fe85,遗翠花,pdf_01000000__01004014___d6eca0fe85__line__000055,pdf_01000000__01004014___d6eca0fe85__scene__003,01004014_遗翠花.pdf,D:\University_studies\Junior\data_visualization\experiment\final_self\opera_dataset\01000000\01004014_遗翠花.pdf,01000000/01004014_遗翠花.pdf,49bfac8f-ad5c-4639-829d-be1bd24f8504,3,【第三场】,55,dialogue,dialogue,相公,pdf_01000000__01004014___d6eca0fe85__char__8a2a62d872,白,白,白,念白,相公,你说我什么?,相公（白）你说我什么?
pdf_01000000__01004014___d6eca0fe85,遗翠花,pdf_01000000__01004014___d6eca0fe85__line__000055,pdf_01000000__01004014___d6eca0fe85__scene__003,01004014_遗翠花.pdf,D:\University_studies\Junior\data_visualization\experiment\final_self\opera_dataset\01000000\01004014_遗翠花.pdf,01000000/01004014_遗翠花.pdf,49bfac8f-ad5c-4639-829d-be1bd24f8504,3,【第三场】,55,dialogue,dialogue,翠香,pdf_01000000__01004014___d6eca0fe85__char__98e42ad287,白,白,白,念白,翠香,"记得我在书馆,你把我......","翠香（白）记得我在书馆,你把我......"
pdf_01000000__01004014___d6eca0fe85,遗翠花,pdf_01000000__01004014___d6eca0fe85__line__000055,pdf_01000000__01004014___d6eca0fe85__scene__003,01004014_遗翠花.pdf,D:\University_studies\Junior\data_visualization\experiment\final_self\opera_dataset\01000000\01004014_遗翠花.pdf,01000000/01004014_遗翠花.pdf,49bfac8f-ad5c-4639-829d-be1bd24f8504,3,【第三场】,55,dialogue,dialogue,相公,pdf_01000000__01004014___d6eca0fe85__char__8a2a62d872,白,白,白,上；来；看；念白,相公；小姐,"慢来慢来,你也不要讲了,我也明白了,你将你家小姐背将出来,让我饱饱看 上几眼。","相公（白）慢来慢来,你也不要讲了,我也明白了,你将你家小姐背将出来,让我饱饱看 上几眼。"
pdf_01000000__01004014___d6eca0fe85,遗翠花,pdf_01000000__01004014___d6eca0fe85__line__000055,pdf_01000000__01004014___d6eca0fe85__scene__003,01004014_遗翠花.pdf,D:\University_studies\Junior\data_visualization\experiment\final_self\opera_dataset\01000000\01004014_遗翠花.pdf,01000000/01004014_遗翠花.pdf,49bfac8f-ad5c-4639-829d-be1bd24f8504,3,【第三场】,55,dialogue,dialogue,翠香,pdf_01000000__01004014___d6eca0fe85__char__98e42ad287,白,白,白,走；念白,翠香,"你不要说了,你走吧。","翠香（白）你不要说了,你走吧。"
pdf_01000000__01004014___d6eca0fe85,遗翠花,pdf_01000000__01004014___d6eca0fe85__line__000055,pdf_01000000__01004014___d6eca0fe85__scene__003,01004014_遗翠花.pdf,D:\University_studies\Junior\data_visualization\experiment\final_self\opera_dataset\01000000\01004014_遗翠花.pdf,01000000/01004014_遗翠花.pdf,49bfac8f-ad5c-4639-829d-be1bd24f8504,3,【第三场】,55,dialogue,dialogue,相公,pdf_01000000__01004014___d6eca0fe85__char__8a2a62d872,白,白,白,念白,相公,我偏要高兴高兴。,相公（白）我偏要高兴高兴。
pdf_01000000__01004014___d6eca0fe85,遗翠花,pdf_01000000__01004014___d6eca0fe85__line__000055,pdf_01000000__01004014___d6eca0fe85__scene__003,01004014_遗翠花.pdf,D:\University_studies\Junior\data_visualization\experiment\final_self\opera_dataset\01000000\01004014_遗翠花.pdf,01000000/01004014_遗翠花.pdf,49bfac8f-ad5c-4639-829d-be1bd24f8504,3,【第三场】,55,dialogue,dialogue,翠香,pdf_01000000__01004014___d6eca0fe85__char__98e42ad287,白,白,白,念白,翠香,"你不要高兴,早晚也是你的。","翠香（白）你不要高兴,早晚也是你的。"
pdf_01000000__01004014___d6eca0fe85,遗翠花,pdf_01000000__01004014___d6eca0fe85__line__000055,pdf_01000000__01004014___d6eca0fe85__scene__003,01004014_遗翠花.pdf,D:\University_studies\Junior\data_visualization\experiment\final_self\opera_dataset\01000000\01004014_遗翠花.pdf,01000000/01004014_遗翠花.pdf,49bfac8f-ad5c-4639-829d-be1bd24f8504,3,【第三场】,55,dialogue,dialogue,相公,pdf_01000000__01004014___d6eca0fe85__char__8a2a62d872,白,白,白,念白,相公,我偏要高兴高兴。,相公（白）我偏要高兴高兴。
pdf_01000000__01004014___d6eca0fe85,遗翠花,pdf_01000000__01004014___d6eca0fe85__line__000055,pdf_01000000__01004014___d6eca0fe85__scene__003,01004014_遗翠花.pdf,D:\University_studies\Junior\data_visualization\experiment\final_self\opera_dataset\01000000\01004014_遗翠花.pdf,01000000/01004014_遗翠花.pdf,49bfac8f-ad5c-4639-829d-be1bd24f8504,3,【第三场】,55,dialogue,dialogue,老夫人,pdf_01000000__01004014___d6eca0fe85__char__75dcd83458,白,白,白,去；叫；念白,老夫人,叫他滚了出去。,老夫人（白）叫他滚了出去。
pdf_01000000__01004014___d6eca0fe85,遗翠花,pdf_01000000__01004014___d6eca0fe85__line__000055,pdf_01000000__01004014___d6eca0fe85__scene__003,01004014_遗翠花.pdf,D:\University_studies\Junior\data_visualization\experiment\final_self\opera_dataset\01000000\01004014_遗翠花.pdf,01000000/01004014_遗翠花.pdf,49bfac8f-ad5c-4639-829d-be1bd24f8504,3,【第三场】,55,dialogue,dialogue,翠香,pdf_01000000__01004014___d6eca0fe85__char__98e42ad287,白,白,白,去；念白,翠香,你与我滚出去吧。,翠香（白）你与我滚出去吧。
pdf_01000000__01004014___d6eca0fe85,遗翠花,pdf_01000000__01004014___d6eca0fe85__line__000055,pdf_01000000__01004014___d6eca0fe85__scene__003,01004014_遗翠花.pdf,D:\University_studies\Junior\data_visualization\experiment\final_self\opera_dataset\01000000\01004014_遗翠花.pdf,01000000/01004014_遗翠花.pdf,49bfac8f-ad5c-4639-829d-be1bd24f8504,3,【第三场】,55,dialogue,dialogue,相公,pdf_01000000__01004014___d6eca0fe85__char__8a2a62d872,白,白,白,走；念白,相公,"哦,不要我高兴,我就不高兴。我就走走的吧。","相公（白）哦,不要我高兴,我就不高兴。我就走走的吧。"
pdf_01000000__01004014___d6eca0fe85,遗翠花,pdf_01000000__01004014___d6eca0fe85__line__000055,pdf_01000000__01004014___d6eca0fe85__scene__003,01004014_遗翠花.pdf,D:\University_studies\Junior\data_visualization\experiment\final_self\opera_dataset\01000000\01004014_遗翠花.pdf,01000000/01004014_遗翠花.pdf,49bfac8f-ad5c-4639-829d-be1bd24f8504,3,【第三场】,55,dialogue,dialogue,老夫人,pdf_01000000__01004014___d6eca0fe85__char__75dcd83458,白,白,白,上；去；念白,老夫人；翠香,"翠香,好好服侍你家姑娘,我要归上房去了。","老夫人（白）翠香,好好服侍你家姑娘,我要归上房去了。"
pdf_01000000__01004014___d6eca0fe85,遗翠花,pdf_01000000__01004014___d6eca0fe85__line__000055,pdf_01000000__01004014___d6eca0fe85__scene__003,01004014_遗翠花.pdf,D:\University_studies\Junior\data_visualization\experiment\final_self\opera_dataset\01000000\01004014_遗翠花.pdf,01000000/01004014_遗翠花.pdf,49bfac8f-ad5c-4639-829d-be1bd24f8504,3,【第三场】,55,dialogue,dialogue,翠香,pdf_01000000__01004014___d6eca0fe85__char__98e42ad287,白,白,白,念白,翠香,晓得了。,翠香（白）晓得了。
pdf_01000000__01004014___d6eca0fe85,遗翠花,pdf_01000000__01004014___d6eca0fe85__line__000055,pdf_01000000__01004014___d6eca0fe85__scene__003,01004014_遗翠花.pdf,D:\University_studies\Junior\data_visualization\experiment\final_self\opera_dataset\01000000\01004014_遗翠花.pdf,01000000/01004014_遗翠花.pdf,49bfac8f-ad5c-4639-829d-be1bd24f8504,3,【第三场】,55,dialogue,dialogue,老夫人,pdf_01000000__01004014___d6eca0fe85__char__75dcd83458,白,白,白,念白,老夫人,这作什么?,老夫人（白）这作什么?
pdf_01000000__01004014___d6eca0fe85,遗翠花,pdf_01000000__01004014___d6eca0fe85__line__000055,pdf_01000000__01004014___d6eca0fe85__scene__003,01004014_遗翠花.pdf,D:\University_studies\Junior\data_visualization\experiment\final_self\opera_dataset\01000000\01004014_遗翠花.pdf,01000000/01004014_遗翠花.pdf,49bfac8f-ad5c-4639-829d-be1bd24f8504,3,【第三场】,55,dialogue,dialogue,翠香,pdf_01000000__01004014___d6eca0fe85__char__98e42ad287,白,白,白,念白,老夫人；翠香,与老夫人指路。,翠香（白）与老夫人指路。
pdf_01000000__01004014___d6eca0fe85,遗翠花,pdf_01000000__01004014___d6eca0fe85__line__000057,pdf_01000000__01004014___d6eca0fe85__scene__003,01004014_遗翠花.pdf,D:\University_studies\Junior\data_visualization\experiment\final_self\opera_dataset\01000000\01004014_遗翠花.pdf,01000000/01004014_遗翠花.pdf,49bfac8f-ad5c-4639-829d-be1bd24f8504,3,【第三场】,57,dialogue,dialogue,老夫人,pdf_01000000__01004014___d6eca0fe85__char__75dcd83458,白,白,白,念白,老夫人,又作什么?,老夫人（白）又作什么?
pdf_01000000__01004014___d6eca0fe85,遗翠花,pdf_01000000__01004014___d6eca0fe85__line__000057,pdf_01000000__01004014___d6eca0fe85__scene__003,01004014_遗翠花.pdf,D:\University_studies\Junior\data_visualization\experiment\final_self\opera_dataset\01000000\01004014_遗翠花.pdf,01000000/01004014_遗翠花.pdf,49bfac8f-ad5c-4639-829d-be1bd24f8504,3,【第三场】,57,dialogue,dialogue,翠香,pdf_01000000__01004014___d6eca0fe85__char__98e42ad287,白,白,白,念白,老夫人；翠香,"老夫人,我发了鸡爪风。","翠香（白）老夫人,我发了鸡爪风。"
pdf_01000000__01004014___d6eca0fe85,遗翠花,pdf_01000000__01004014___d6eca0fe85__line__000057,pdf_01000000__01004014___d6eca0fe85__scene__003,01004014_遗翠花.pdf,D:\University_studies\Junior\data_visualization\experiment\final_self\opera_dataset\01000000\01004014_遗翠花.pdf,01000000/01004014_遗翠花.pdf,49bfac8f-ad5c-4639-829d-be1bd24f8504,3,【第三场】,57,dialogue,dialogue,老夫人,pdf_01000000__01004014___d6eca0fe85__char__75dcd83458,白,白,白,念白,老夫人,臭丫头。,老夫人（白）臭丫头。
pdf_01000000__01004014___d6eca0fe85,遗翠花,pdf_01000000__01004014___d6eca0fe85__line__000057,pdf_01000000__01004014___d6eca0fe85__scene__003,01004014_遗翠花.pdf,D:\University_studies\Junior\data_visualization\experiment\final_self\opera_dataset\01000000\01004014_遗翠花.pdf,01000000/01004014_遗翠花.pdf,49bfac8f-ad5c-4639-829d-be1bd24f8504,3,【第三场】,57,dialogue,dialogue,翠香,pdf_01000000__01004014___d6eca0fe85__char__98e42ad287,白,白,白,念白,老夫人；翠香,老夫人哪。,翠香（白）老夫人哪。
pdf_01000000__01004014___d6eca0fe85,遗翠花,pdf_01000000__01004014___d6eca0fe85__line__000059,pdf_01000000__01004014___d6eca0fe85__scene__003,01004014_遗翠花.pdf,D:\University_studies\Junior\data_visualization\experiment\final_self\opera_dataset\01000000\01004014_遗翠花.pdf,01000000/01004014_遗翠花.pdf,49bfac8f-ad5c-4639-829d-be1bd24f8504,3,【第三场】,59,stage_direction,stage_direction,,,老夫人、翠香同下。,做,老夫人、翠香同下。,下,老夫人；翠香,,（老夫人、翠香同下。）
pdf_01000000__01004014___d6eca0fe85,遗翠花,pdf_01000000__01004014___d6eca0fe85__line__000061,pdf_01000000__01004014___d6eca0fe85__scene__003,01004014_遗翠花.pdf,D:\University_studies\Junior\data_visualization\experiment\final_self\opera_dataset\01000000\01004014_遗翠花.pdf,01000000/01004014_遗翠花.pdf,49bfac8f-ad5c-4639-829d-be1bd24f8504,3,【第三场】,61,stage_direction,stage_direction,,,完,做,完,,完,,（完）
