doc_id,doc_title,line_id,scene_id,source_file,source_path,relative_path,batch_id,scene_index,scene,line_no,row_type,line_category,speaker,speaker_char_id,cue,perform_type,perform_subtype,action_tags,participants,text,raw_line
pdf_01000000__01001020___4ed03adea1,宋江闹院,pdf_01000000__01001020___4ed03adea1__line__000001,pdf_01000000__01001020___4ed03adea1__scene__000,01001020_宋江闹院.pdf,D:\University_studies\Junior\data_visualization\experiment\final_self\opera_dataset\01000000\01001020_宋江闹院.pdf,01000000/01001020_宋江闹院.pdf,62507f36-aa22-4065-bb0f-f7de69f87e7c,0,序幕/前置内容,1,narration,narration,,,,说明,,,宋江,# 《宋江闹院》,# 《宋江闹院》
pdf_01000000__01001020___4ed03adea1,宋江闹院,pdf_01000000__01001020___4ed03adea1__line__000020,pdf_01000000__01001020___4ed03adea1__scene__001,01001020_宋江闹院.pdf,D:\University_studies\Junior\data_visualization\experiment\final_self\opera_dataset\01000000\01001020_宋江闹院.pdf,01000000/01001020_宋江闹院.pdf,62507f36-aa22-4065-bb0f-f7de69f87e7c,1,【第一场】,20,dialogue,dialogue,张文远,pdf_01000000__01001020___4ed03adea1__char__b75d48c051,念,念,念,,张文远,"惜的的,爱的的,私通阎婆惜。","张文远（念）惜的的,爱的的,私通阎婆惜。"
pdf_01000000__01001020___4ed03adea1,宋江闹院,pdf_01000000__01001020___4ed03adea1__line__000020,pdf_01000000__01001020___4ed03adea1__scene__001,01001020_宋江闹院.pdf,D:\University_studies\Junior\data_visualization\experiment\final_self\opera_dataset\01000000\01001020_宋江闹院.pdf,01000000/01001020_宋江闹院.pdf,62507f36-aa22-4065-bb0f-f7de69f87e7c,1,【第一场】,20,dialogue,dialogue,阎惜姣,pdf_01000000__01001020___4ed03adea1__char__897332419a,内白,白,内白,来；念白,阎惜姣,来了。,阎惜姣（内白）来了。
pdf_01000000__01001020___4ed03adea1,宋江闹院,pdf_01000000__01001020___4ed03adea1__line__000020,pdf_01000000__01001020___4ed03adea1__scene__001,01001020_宋江闹院.pdf,D:\University_studies\Junior\data_visualization\experiment\final_self\opera_dataset\01000000\01001020_宋江闹院.pdf,01000000/01001020_宋江闹院.pdf,62507f36-aa22-4065-bb0f-f7de69f87e7c,1,【第一场】,20,dialogue,dialogue,阎惜姣,pdf_01000000__01001020___4ed03adea1__char__897332419a,二黄平板,唱,二黄平板,来,阎惜姣,"忽听得双环响一声,不知来的是何人。用手儿开开了门两扇,","阎惜姣（二黄平板）忽听得双环响一声,不知来的是何人。用手儿开开了门两扇,"
pdf_01000000__01001020___4ed03adea1,宋江闹院,pdf_01000000__01001020___4ed03adea1__line__000020,pdf_01000000__01001020___4ed03adea1__scene__001,01001020_宋江闹院.pdf,D:\University_studies\Junior\data_visualization\experiment\final_self\opera_dataset\01000000\01001020_宋江闹院.pdf,01000000/01001020_宋江闹院.pdf,62507f36-aa22-4065-bb0f-f7de69f87e7c,1,【第一场】,20,dialogue,dialogue,张文远,pdf_01000000__01001020___4ed03adea1__char__b75d48c051,白,白,白,念白,张文远,"妙啊,妙啊!","张文远（白）妙啊,妙啊!"
pdf_01000000__01001020___4ed03adea1,宋江闹院,pdf_01000000__01001020___4ed03adea1__line__000020,pdf_01000000__01001020___4ed03adea1__scene__001,01001020_宋江闹院.pdf,D:\University_studies\Junior\data_visualization\experiment\final_self\opera_dataset\01000000\01001020_宋江闹院.pdf,01000000/01001020_宋江闹院.pdf,62507f36-aa22-4065-bb0f-f7de69f87e7c,1,【第一场】,20,dialogue,dialogue,阎惜姣,pdf_01000000__01001020___4ed03adea1__char__897332419a,二黄平板,唱,二黄平板,坐,阎惜姣,"搬一把椅儿三郎坐,","阎惜姣（二黄平板）搬一把椅儿三郎坐,"
pdf_01000000__01001020___4ed03adea1,宋江闹院,pdf_01000000__01001020___4ed03adea1__line__000020,pdf_01000000__01001020___4ed03adea1__scene__001,01001020_宋江闹院.pdf,D:\University_studies\Junior\data_visualization\experiment\final_self\opera_dataset\01000000\01001020_宋江闹院.pdf,01000000/01001020_宋江闹院.pdf,62507f36-aa22-4065-bb0f-f7de69f87e7c,1,【第一场】,20,dialogue,dialogue,张文远,pdf_01000000__01001020___4ed03adea1__char__b75d48c051,二黄平板,唱,二黄平板,,张文远,大姐几日可安宁?,张文远（二黄平板）大姐几日可安宁?
pdf_01000000__01001020___4ed03adea1,宋江闹院,pdf_01000000__01001020___4ed03adea1__line__000020,pdf_01000000__01001020___4ed03adea1__scene__001,01001020_宋江闹院.pdf,D:\University_studies\Junior\data_visualization\experiment\final_self\opera_dataset\01000000\01001020_宋江闹院.pdf,01000000/01001020_宋江闹院.pdf,62507f36-aa22-4065-bb0f-f7de69f87e7c,1,【第一场】,20,dialogue,dialogue,阎惜姣,pdf_01000000__01001020___4ed03adea1__char__897332419a,二黄平板,唱,二黄平板,问,阎惜姣,问三郎为何不到乌龙院?,阎惜姣（二黄平板）问三郎为何不到乌龙院?
pdf_01000000__01001020___4ed03adea1,宋江闹院,pdf_01000000__01001020___4ed03adea1__line__000020,pdf_01000000__01001020___4ed03adea1__scene__001,01001020_宋江闹院.pdf,D:\University_studies\Junior\data_visualization\experiment\final_self\opera_dataset\01000000\01001020_宋江闹院.pdf,01000000/01001020_宋江闹院.pdf,62507f36-aa22-4065-bb0f-f7de69f87e7c,1,【第一场】,20,dialogue,dialogue,张文远,pdf_01000000__01001020___4ed03adea1__char__b75d48c051,二黄平板,唱,二黄平板,,张文远,衙前惧怕一个人。,张文远（二黄平板）衙前惧怕一个人。
pdf_01000000__01001020___4ed03adea1,宋江闹院,pdf_01000000__01001020___4ed03adea1__line__000020,pdf_01000000__01001020___4ed03adea1__scene__001,01001020_宋江闹院.pdf,D:\University_studies\Junior\data_visualization\experiment\final_self\opera_dataset\01000000\01001020_宋江闹院.pdf,01000000/01001020_宋江闹院.pdf,62507f36-aa22-4065-bb0f-f7de69f87e7c,1,【第一场】,20,dialogue,dialogue,阎惜姣,pdf_01000000__01001020___4ed03adea1__char__897332419a,二黄平板,唱,二黄平板,问,阎惜姣,问三郎怕的哪一个?,阎惜姣（二黄平板）问三郎怕的哪一个?
pdf_01000000__01001020___4ed03adea1,宋江闹院,pdf_01000000__01001020___4ed03adea1__line__000020,pdf_01000000__01001020___4ed03adea1__scene__001,01001020_宋江闹院.pdf,D:\University_studies\Junior\data_visualization\experiment\final_self\opera_dataset\01000000\01001020_宋江闹院.pdf,01000000/01001020_宋江闹院.pdf,62507f36-aa22-4065-bb0f-f7de69f87e7c,1,【第一场】,20,dialogue,dialogue,张文远,pdf_01000000__01001020___4ed03adea1__char__b75d48c051,二黄平板,唱,二黄平板,,张文远,怕的师傅宋公明。,张文远（二黄平板）怕的师傅宋公明。
pdf_01000000__01001020___4ed03adea1,宋江闹院,pdf_01000000__01001020___4ed03adea1__line__000020,pdf_01000000__01001020___4ed03adea1__scene__001,01001020_宋江闹院.pdf,D:\University_studies\Junior\data_visualization\experiment\final_self\opera_dataset\01000000\01001020_宋江闹院.pdf,01000000/01001020_宋江闹院.pdf,62507f36-aa22-4065-bb0f-f7de69f87e7c,1,【第一场】,20,dialogue,dialogue,阎惜姣,pdf_01000000__01001020___4ed03adea1__char__897332419a,二黄平板,唱,二黄平板,来,阎惜姣；宋江,那宋江他是狼来他是虎?,阎惜姣（二黄平板）那宋江他是狼来他是虎?
pdf_01000000__01001020___4ed03adea1,宋江闹院,pdf_01000000__01001020___4ed03adea1__line__000020,pdf_01000000__01001020___4ed03adea1__scene__001,01001020_宋江闹院.pdf,D:\University_studies\Junior\data_visualization\experiment\final_self\opera_dataset\01000000\01001020_宋江闹院.pdf,01000000/01001020_宋江闹院.pdf,62507f36-aa22-4065-bb0f-f7de69f87e7c,1,【第一场】,20,dialogue,dialogue,张文远,pdf_01000000__01001020___4ed03adea1__char__b75d48c051,二黄平板,唱,二黄平板,,张文远,"非狼非虎,惧怕他三分。","张文远（二黄平板）非狼非虎,惧怕他三分。"
pdf_01000000__01001020___4ed03adea1,宋江闹院,pdf_01000000__01001020___4ed03adea1__line__000020,pdf_01000000__01001020___4ed03adea1__scene__001,01001020_宋江闹院.pdf,D:\University_studies\Junior\data_visualization\experiment\final_self\opera_dataset\01000000\01001020_宋江闹院.pdf,01000000/01001020_宋江闹院.pdf,62507f36-aa22-4065-bb0f-f7de69f87e7c,1,【第一场】,20,dialogue,dialogue,阎惜姣,pdf_01000000__01001020___4ed03adea1__char__897332419a,白,白,白,念白,阎惜姣,三郎你可好?,阎惜姣（白）三郎你可好?
pdf_01000000__01001020___4ed03adea1,宋江闹院,pdf_01000000__01001020___4ed03adea1__line__000020,pdf_01000000__01001020___4ed03adea1__scene__001,01001020_宋江闹院.pdf,D:\University_studies\Junior\data_visualization\experiment\final_self\opera_dataset\01000000\01001020_宋江闹院.pdf,01000000/01001020_宋江闹院.pdf,62507f36-aa22-4065-bb0f-f7de69f87e7c,1,【第一场】,20,dialogue,dialogue,张文远,pdf_01000000__01001020___4ed03adea1__char__b75d48c051,白,白,白,念白,张文远,"我好,大姐你可好?","张文远（白）我好,大姐你可好?"
pdf_01000000__01001020___4ed03adea1,宋江闹院,pdf_01000000__01001020___4ed03adea1__line__000020,pdf_01000000__01001020___4ed03adea1__scene__001,01001020_宋江闹院.pdf,D:\University_studies\Junior\data_visualization\experiment\final_self\opera_dataset\01000000\01001020_宋江闹院.pdf,01000000/01001020_宋江闹院.pdf,62507f36-aa22-4065-bb0f-f7de69f87e7c,1,【第一场】,20,dialogue,dialogue,阎惜姣,pdf_01000000__01001020___4ed03adea1__char__897332419a,白,白,白,走；念白,阎惜姣,"我也好。三郎这几日,为何不到乌龙院中走走?","阎惜姣（白）我也好。三郎这几日,为何不到乌龙院中走走?"
pdf_01000000__01001020___4ed03adea1,宋江闹院,pdf_01000000__01001020___4ed03adea1__line__000020,pdf_01000000__01001020___4ed03adea1__scene__001,01001020_宋江闹院.pdf,D:\University_studies\Junior\data_visualization\experiment\final_self\opera_dataset\01000000\01001020_宋江闹院.pdf,01000000/01001020_宋江闹院.pdf,62507f36-aa22-4065-bb0f-f7de69f87e7c,1,【第一场】,20,dialogue,dialogue,张文远,pdf_01000000__01001020___4ed03adea1__char__b75d48c051,白,白,白,来；拜；念白,张文远,"衙前有事,少来拜望。","张文远（白）衙前有事,少来拜望。"
pdf_01000000__01001020___4ed03adea1,宋江闹院,pdf_01000000__01001020___4ed03adea1__line__000020,pdf_01000000__01001020___4ed03adea1__scene__001,01001020_宋江闹院.pdf,D:\University_studies\Junior\data_visualization\experiment\final_self\opera_dataset\01000000\01001020_宋江闹院.pdf,01000000/01001020_宋江闹院.pdf,62507f36-aa22-4065-bb0f-f7de69f87e7c,1,【第一场】,20,dialogue,dialogue,阎惜姣,pdf_01000000__01001020___4ed03adea1__char__897332419a,白,白,白,念白,阎惜姣,这也难怪,阎惜姣（白）这也难怪
pdf_01000000__01001020___4ed03adea1,宋江闹院,pdf_01000000__01001020___4ed03adea1__line__000020,pdf_01000000__01001020___4ed03adea1__scene__001,01001020_宋江闹院.pdf,D:\University_studies\Junior\data_visualization\experiment\final_self\opera_dataset\01000000\01001020_宋江闹院.pdf,01000000/01001020_宋江闹院.pdf,62507f36-aa22-4065-bb0f-f7de69f87e7c,1,【第一场】,20,dialogue,dialogue,张文远,pdf_01000000__01001020___4ed03adea1__char__b75d48c051,白,白,白,拿；念白,张文远,"啊,大姐,手中拿的是什么?","张文远（白）啊,大姐,手中拿的是什么?"
pdf_01000000__01001020___4ed03adea1,宋江闹院,pdf_01000000__01001020___4ed03adea1__line__000020,pdf_01000000__01001020___4ed03adea1__scene__001,01001020_宋江闹院.pdf,D:\University_studies\Junior\data_visualization\experiment\final_self\opera_dataset\01000000\01001020_宋江闹院.pdf,01000000/01001020_宋江闹院.pdf,62507f36-aa22-4065-bb0f-f7de69f87e7c,1,【第一场】,20,dialogue,dialogue,阎惜姣,pdf_01000000__01001020___4ed03adea1__char__897332419a,白,白,白,念白,阎惜姣,红绣花鞋。,阎惜姣（白）红绣花鞋。
pdf_01000000__01001020___4ed03adea1,宋江闹院,pdf_01000000__01001020___4ed03adea1__line__000020,pdf_01000000__01001020___4ed03adea1__scene__001,01001020_宋江闹院.pdf,D:\University_studies\Junior\data_visualization\experiment\final_self\opera_dataset\01000000\01001020_宋江闹院.pdf,01000000/01001020_宋江闹院.pdf,62507f36-aa22-4065-bb0f-f7de69f87e7c,1,【第一场】,20,dialogue,dialogue,张文远,pdf_01000000__01001020___4ed03adea1__char__b75d48c051,白,白,白,念白,张文远,是哪个穿的?,张文远（白）是哪个穿的?
pdf_01000000__01001020___4ed03adea1,宋江闹院,pdf_01000000__01001020___4ed03adea1__line__000020,pdf_01000000__01001020___4ed03adea1__scene__001,01001020_宋江闹院.pdf,D:\University_studies\Junior\data_visualization\experiment\final_self\opera_dataset\01000000\01001020_宋江闹院.pdf,01000000/01001020_宋江闹院.pdf,62507f36-aa22-4065-bb0f-f7de69f87e7c,1,【第一场】,20,dialogue,dialogue,阎惜姣,pdf_01000000__01001020___4ed03adea1__char__897332419a,白,白,白,念白,阎惜姣,我妈穿的。,阎惜姣（白）我妈穿的。
pdf_01000000__01001020___4ed03adea1,宋江闹院,pdf_01000000__01001020___4ed03adea1__line__000020,pdf_01000000__01001020___4ed03adea1__scene__001,01001020_宋江闹院.pdf,D:\University_studies\Junior\data_visualization\experiment\final_self\opera_dataset\01000000\01001020_宋江闹院.pdf,01000000/01001020_宋江闹院.pdf,62507f36-aa22-4065-bb0f-f7de69f87e7c,1,【第一场】,20,dialogue,dialogue,张文远,pdf_01000000__01001020___4ed03adea1__char__b75d48c051,白,白,白,念白,张文远,"妈儿娘老大年纪,怎么穿红绣花鞋?","张文远（白）妈儿娘老大年纪,怎么穿红绣花鞋?"
pdf_01000000__01001020___4ed03adea1,宋江闹院,pdf_01000000__01001020___4ed03adea1__line__000020,pdf_01000000__01001020___4ed03adea1__scene__001,01001020_宋江闹院.pdf,D:\University_studies\Junior\data_visualization\experiment\final_self\opera_dataset\01000000\01001020_宋江闹院.pdf,01000000/01001020_宋江闹院.pdf,62507f36-aa22-4065-bb0f-f7de69f87e7c,1,【第一场】,20,dialogue,dialogue,阎惜姣,pdf_01000000__01001020___4ed03adea1__char__897332419a,白,白,白,上；来；念白,阎惜姣,"今天十四,明天十五,是我妈的生日。做双花鞋,与她老人家上寿的不是大姐提起,我倒忘怀了。如此说来,我明日礼到人不到。","阎惜姣（白）今天十四,明天十五,是我妈的生日。做双花鞋,与她老人家上寿的不是大姐提起,我倒忘怀了。如此说来,我明日礼到人不到。"
pdf_01000000__01001020___4ed03adea1,宋江闹院,pdf_01000000__01001020___4ed03adea1__line__000020,pdf_01000000__01001020___4ed03adea1__scene__001,01001020_宋江闹院.pdf,D:\University_studies\Junior\data_visualization\experiment\final_self\opera_dataset\01000000\01001020_宋江闹院.pdf,01000000/01001020_宋江闹院.pdf,62507f36-aa22-4065-bb0f-f7de69f87e7c,1,【第一场】,20,dialogue,dialogue,阎惜姣,pdf_01000000__01001020___4ed03adea1__char__897332419a,白,白,白,来；念白,阎惜姣,"是要你的人来。礼不来,不要紧的","阎惜姣（白）是要你的人来。礼不来,不要紧的"
pdf_01000000__01001020___4ed03adea1,宋江闹院,pdf_01000000__01001020___4ed03adea1__line__000020,pdf_01000000__01001020___4ed03adea1__scene__001,01001020_宋江闹院.pdf,D:\University_studies\Junior\data_visualization\experiment\final_self\opera_dataset\01000000\01001020_宋江闹院.pdf,01000000/01001020_宋江闹院.pdf,62507f36-aa22-4065-bb0f-f7de69f87e7c,1,【第一场】,20,dialogue,dialogue,张文远,pdf_01000000__01001020___4ed03adea1__char__b75d48c051,白,白,白,来；念白,张文远,"如此说来,我礼到人又来。","张文远（白）如此说来,我礼到人又来。"
pdf_01000000__01001020___4ed03adea1,宋江闹院,pdf_01000000__01001020___4ed03adea1__line__000020,pdf_01000000__01001020___4ed03adea1__scene__001,01001020_宋江闹院.pdf,D:\University_studies\Junior\data_visualization\experiment\final_self\opera_dataset\01000000\01001020_宋江闹院.pdf,01000000/01001020_宋江闹院.pdf,62507f36-aa22-4065-bb0f-f7de69f87e7c,1,【第一场】,20,dialogue,dialogue,阎惜姣,pdf_01000000__01001020___4ed03adea1__char__897332419a,白,白,白,念白,阎惜姣,这不结了吗!,阎惜姣（白）这不结了吗!
pdf_01000000__01001020___4ed03adea1,宋江闹院,pdf_01000000__01001020___4ed03adea1__line__000020,pdf_01000000__01001020___4ed03adea1__scene__001,01001020_宋江闹院.pdf,D:\University_studies\Junior\data_visualization\experiment\final_self\opera_dataset\01000000\01001020_宋江闹院.pdf,01000000/01001020_宋江闹院.pdf,62507f36-aa22-4065-bb0f-f7de69f87e7c,1,【第一场】,20,dialogue,dialogue,张文远,pdf_01000000__01001020___4ed03adea1__char__b75d48c051,白,白,白,来；念白,张文远,"啊,大姐,你可晓得我的来意?","张文远（白）啊,大姐,你可晓得我的来意?"
pdf_01000000__01001020___4ed03adea1,宋江闹院,pdf_01000000__01001020___4ed03adea1__line__000020,pdf_01000000__01001020___4ed03adea1__scene__001,01001020_宋江闹院.pdf,D:\University_studies\Junior\data_visualization\experiment\final_self\opera_dataset\01000000\01001020_宋江闹院.pdf,01000000/01001020_宋江闹院.pdf,62507f36-aa22-4065-bb0f-f7de69f87e7c,1,【第一场】,20,dialogue,dialogue,阎惜姣,pdf_01000000__01001020___4ed03adea1__char__897332419a,白,白,白,念白,阎惜姣,你要怎么样?,阎惜姣（白）你要怎么样?
pdf_01000000__01001020___4ed03adea1,宋江闹院,pdf_01000000__01001020___4ed03adea1__line__000020,pdf_01000000__01001020___4ed03adea1__scene__001,01001020_宋江闹院.pdf,D:\University_studies\Junior\data_visualization\experiment\final_self\opera_dataset\01000000\01001020_宋江闹院.pdf,01000000/01001020_宋江闹院.pdf,62507f36-aa22-4065-bb0f-f7de69f87e7c,1,【第一场】,20,dialogue,dialogue,张文远,pdf_01000000__01001020___4ed03adea1__char__b75d48c051,白,白,白,念白,张文远,我要与你高兴高兴。,张文远（白）我要与你高兴高兴。
pdf_01000000__01001020___4ed03adea1,宋江闹院,pdf_01000000__01001020___4ed03adea1__line__000020,pdf_01000000__01001020___4ed03adea1__scene__001,01001020_宋江闹院.pdf,D:\University_studies\Junior\data_visualization\experiment\final_self\opera_dataset\01000000\01001020_宋江闹院.pdf,01000000/01001020_宋江闹院.pdf,62507f36-aa22-4065-bb0f-f7de69f87e7c,1,【第一场】,20,dialogue,dialogue,阎惜姣,pdf_01000000__01001020___4ed03adea1__char__897332419a,白,白,白,念白,阎惜姣,你猜我呢?,阎惜姣（白）你猜我呢?
pdf_01000000__01001020___4ed03adea1,宋江闹院,pdf_01000000__01001020___4ed03adea1__line__000020,pdf_01000000__01001020___4ed03adea1__scene__001,01001020_宋江闹院.pdf,D:\University_studies\Junior\data_visualization\experiment\final_self\opera_dataset\01000000\01001020_宋江闹院.pdf,01000000/01001020_宋江闹院.pdf,62507f36-aa22-4065-bb0f-f7de69f87e7c,1,【第一场】,20,dialogue,dialogue,张文远,pdf_01000000__01001020___4ed03adea1__char__b75d48c051,白,白,白,念白,张文远,大姐越发的要高兴高兴。,张文远（白）大姐越发的要高兴高兴。
pdf_01000000__01001020___4ed03adea1,宋江闹院,pdf_01000000__01001020___4ed03adea1__line__000020,pdf_01000000__01001020___4ed03adea1__scene__001,01001020_宋江闹院.pdf,D:\University_studies\Junior\data_visualization\experiment\final_self\opera_dataset\01000000\01001020_宋江闹院.pdf,01000000/01001020_宋江闹院.pdf,62507f36-aa22-4065-bb0f-f7de69f87e7c,1,【第一场】,20,dialogue,dialogue,阎惜姣,pdf_01000000__01001020___4ed03adea1__char__897332419a,白,白,白,念白,阎惜姣,我今天有点不高兴。,阎惜姣（白）我今天有点不高兴。
pdf_01000000__01001020___4ed03adea1,宋江闹院,pdf_01000000__01001020___4ed03adea1__line__000020,pdf_01000000__01001020___4ed03adea1__scene__001,01001020_宋江闹院.pdf,D:\University_studies\Junior\data_visualization\experiment\final_self\opera_dataset\01000000\01001020_宋江闹院.pdf,01000000/01001020_宋江闹院.pdf,62507f36-aa22-4065-bb0f-f7de69f87e7c,1,【第一场】,20,dialogue,dialogue,张文远,pdf_01000000__01001020___4ed03adea1__char__b75d48c051,白,白,白,念白,张文远,告辞。,张文远（白）告辞。
pdf_01000000__01001020___4ed03adea1,宋江闹院,pdf_01000000__01001020___4ed03adea1__line__000020,pdf_01000000__01001020___4ed03adea1__scene__001,01001020_宋江闹院.pdf,D:\University_studies\Junior\data_visualization\experiment\final_self\opera_dataset\01000000\01001020_宋江闹院.pdf,01000000/01001020_宋江闹院.pdf,62507f36-aa22-4065-bb0f-f7de69f87e7c,1,【第一场】,20,dialogue,dialogue,阎惜姣,pdf_01000000__01001020___4ed03adea1__char__897332419a,白,白,白,上；来；去；念白,阎惜姣,三郎你回来。你上哪里去?,阎惜姣（白）三郎你回来。你上哪里去?
pdf_01000000__01001020___4ed03adea1,宋江闹院,pdf_01000000__01001020___4ed03adea1__line__000020,pdf_01000000__01001020___4ed03adea1__scene__001,01001020_宋江闹院.pdf,D:\University_studies\Junior\data_visualization\experiment\final_self\opera_dataset\01000000\01001020_宋江闹院.pdf,01000000/01001020_宋江闹院.pdf,62507f36-aa22-4065-bb0f-f7de69f87e7c,1,【第一场】,20,dialogue,dialogue,张文远,pdf_01000000__01001020___4ed03adea1__char__b75d48c051,白,白,白,来；念白,张文远,"大姐今天不高兴,我等你高兴,我再来呀。","张文远（白）大姐今天不高兴,我等你高兴,我再来呀。"
pdf_01000000__01001020___4ed03adea1,宋江闹院,pdf_01000000__01001020___4ed03adea1__line__000020,pdf_01000000__01001020___4ed03adea1__scene__001,01001020_宋江闹院.pdf,D:\University_studies\Junior\data_visualization\experiment\final_self\opera_dataset\01000000\01001020_宋江闹院.pdf,01000000/01001020_宋江闹院.pdf,62507f36-aa22-4065-bb0f-f7de69f87e7c,1,【第一场】,20,dialogue,dialogue,阎惜姣,pdf_01000000__01001020___4ed03adea1__char__897332419a,白,白,白,念白,阎惜姣,我跟你闹着顽的,阎惜姣（白）我跟你闹着顽的
pdf_01000000__01001020___4ed03adea1,宋江闹院,pdf_01000000__01001020___4ed03adea1__line__000020,pdf_01000000__01001020___4ed03adea1__scene__001,01001020_宋江闹院.pdf,D:\University_studies\Junior\data_visualization\experiment\final_self\opera_dataset\01000000\01001020_宋江闹院.pdf,01000000/01001020_宋江闹院.pdf,62507f36-aa22-4065-bb0f-f7de69f87e7c,1,【第一场】,20,dialogue,dialogue,张文远,pdf_01000000__01001020___4ed03adea1__char__b75d48c051,白,白,白,念白,张文远,"你跟我闹着顽,唬了我一身的冷汗。正是:","张文远（白）你跟我闹着顽,唬了我一身的冷汗。正是:"
pdf_01000000__01001020___4ed03adea1,宋江闹院,pdf_01000000__01001020___4ed03adea1__line__000020,pdf_01000000__01001020___4ed03adea1__scene__001,01001020_宋江闹院.pdf,D:\University_studies\Junior\data_visualization\experiment\final_self\opera_dataset\01000000\01001020_宋江闹院.pdf,01000000/01001020_宋江闹院.pdf,62507f36-aa22-4065-bb0f-f7de69f87e7c,1,【第一场】,20,dialogue,dialogue,阎惜姣,pdf_01000000__01001020___4ed03adea1__char__897332419a,念,念,念,,阎惜姣,"东边日出西边雨,","阎惜姣（念）东边日出西边雨,"
pdf_01000000__01001020___4ed03adea1,宋江闹院,pdf_01000000__01001020___4ed03adea1__line__000020,pdf_01000000__01001020___4ed03adea1__scene__001,01001020_宋江闹院.pdf,D:\University_studies\Junior\data_visualization\experiment\final_self\opera_dataset\01000000\01001020_宋江闹院.pdf,01000000/01001020_宋江闹院.pdf,62507f36-aa22-4065-bb0f-f7de69f87e7c,1,【第一场】,20,dialogue,dialogue,张文远,pdf_01000000__01001020___4ed03adea1__char__b75d48c051,念,念,念,来,张文远,大姐说我情来越有情。,张文远（念）大姐说我情来越有情。
pdf_01000000__01001020___4ed03adea1,宋江闹院,pdf_01000000__01001020___4ed03adea1__line__000020,pdf_01000000__01001020___4ed03adea1__scene__001,01001020_宋江闹院.pdf,D:\University_studies\Junior\data_visualization\experiment\final_self\opera_dataset\01000000\01001020_宋江闹院.pdf,01000000/01001020_宋江闹院.pdf,62507f36-aa22-4065-bb0f-f7de69f87e7c,1,【第一场】,20,dialogue,dialogue,阎惜姣,pdf_01000000__01001020___4ed03adea1__char__897332419a,白,白,白,来；念白,阎惜姣,三郎随我来。,阎惜姣（白）三郎随我来。
pdf_01000000__01001020___4ed03adea1,宋江闹院,pdf_01000000__01001020___4ed03adea1__line__000020,pdf_01000000__01001020___4ed03adea1__scene__001,01001020_宋江闹院.pdf,D:\University_studies\Junior\data_visualization\experiment\final_self\opera_dataset\01000000\01001020_宋江闹院.pdf,01000000/01001020_宋江闹院.pdf,62507f36-aa22-4065-bb0f-f7de69f87e7c,1,【第一场】,20,dialogue,dialogue,张文远,pdf_01000000__01001020___4ed03adea1__char__b75d48c051,白,白,白,来；念白,张文远,来了。,张文远（白）来了。
pdf_01000000__01001020___4ed03adea1,宋江闹院,pdf_01000000__01001020___4ed03adea1__line__000024,pdf_01000000__01001020___4ed03adea1__scene__002,01001020_宋江闹院.pdf,D:\University_studies\Junior\data_visualization\experiment\final_self\opera_dataset\01000000\01001020_宋江闹院.pdf,01000000/01001020_宋江闹院.pdf,62507f36-aa22-4065-bb0f-f7de69f87e7c,2,【第二场】,24,dialogue,dialogue,众人,pdf_01000000__01001020___4ed03adea1__char__fd98c75ebe,内同白,对白,内同白,退,众人,退堂呢!,众人（内同白）退堂呢!
pdf_01000000__01001020___4ed03adea1,宋江闹院,pdf_01000000__01001020___4ed03adea1__line__000024,pdf_01000000__01001020___4ed03adea1__scene__002,01001020_宋江闹院.pdf,D:\University_studies\Junior\data_visualization\experiment\final_self\opera_dataset\01000000\01001020_宋江闹院.pdf,01000000/01001020_宋江闹院.pdf,62507f36-aa22-4065-bb0f-f7de69f87e7c,2,【第二场】,24,dialogue,dialogue,宋江,pdf_01000000__01001020___4ed03adea1__char__6d76ac7bcd,内白,白,内白,念白,宋江,列位少陪了。,宋江（内白）列位少陪了。
pdf_01000000__01001020___4ed03adea1,宋江闹院,pdf_01000000__01001020___4ed03adea1__line__000024,pdf_01000000__01001020___4ed03adea1__scene__002,01001020_宋江闹院.pdf,D:\University_studies\Junior\data_visualization\experiment\final_self\opera_dataset\01000000\01001020_宋江闹院.pdf,01000000/01001020_宋江闹院.pdf,62507f36-aa22-4065-bb0f-f7de69f87e7c,2,【第二场】,24,dialogue,dialogue,宋江,pdf_01000000__01001020___4ed03adea1__char__6d76ac7bcd,二黄平板,唱,二黄平板,退；来；打,宋江,"大老爷打罢了退堂鼓,衙前来了宋公明。","宋江（二黄平板）大老爷打罢了退堂鼓,衙前来了宋公明。"
pdf_01000000__01001020___4ed03adea1,宋江闹院,pdf_01000000__01001020___4ed03adea1__line__000024,pdf_01000000__01001020___4ed03adea1__scene__002,01001020_宋江闹院.pdf,D:\University_studies\Junior\data_visualization\experiment\final_self\opera_dataset\01000000\01001020_宋江闹院.pdf,01000000/01001020_宋江闹院.pdf,62507f36-aa22-4065-bb0f-f7de69f87e7c,2,【第二场】,24,dialogue,dialogue,众人,pdf_01000000__01001020___4ed03adea1__char__fd98c75ebe,内同白,对白,内同白,走；来；看；令；道；笑,张文远；众人,"啊,列位,你们来看前面走的张文远,后面跟的宋公明。师徒二人,同走一条道,令人好笑,哈哈哈!","众人（内同白）啊,列位,你们来看前面走的张文远,后面跟的宋公明。师徒二人,同走一条道,令人好笑,哈哈哈!"
pdf_01000000__01001020___4ed03adea1,宋江闹院,pdf_01000000__01001020___4ed03adea1__line__000024,pdf_01000000__01001020___4ed03adea1__scene__002,01001020_宋江闹院.pdf,D:\University_studies\Junior\data_visualization\experiment\final_self\opera_dataset\01000000\01001020_宋江闹院.pdf,01000000/01001020_宋江闹院.pdf,62507f36-aa22-4065-bb0f-f7de69f87e7c,2,【第二场】,24,dialogue,dialogue,宋江,pdf_01000000__01001020___4ed03adea1__char__6d76ac7bcd,二黄平板,唱,二黄平板,道,宋江,又听得那邻舍说短道长。,宋江（二黄平板）又听得那邻舍说短道长。
pdf_01000000__01001020___4ed03adea1,宋江闹院,pdf_01000000__01001020___4ed03adea1__line__000026,pdf_01000000__01001020___4ed03adea1__scene__002,01001020_宋江闹院.pdf,D:\University_studies\Junior\data_visualization\experiment\final_self\opera_dataset\01000000\01001020_宋江闹院.pdf,01000000/01001020_宋江闹院.pdf,62507f36-aa22-4065-bb0f-f7de69f87e7c,2,【第二场】,26,stage_direction,stage_direction,,,阎惜姣上。,做,阎惜姣上。,上,阎惜姣,,（阎惜姣上。）
pdf_01000000__01001020___4ed03adea1,宋江闹院,pdf_01000000__01001020___4ed03adea1__line__000028,pdf_01000000__01001020___4ed03adea1__scene__002,01001020_宋江闹院.pdf,D:\University_studies\Junior\data_visualization\experiment\final_self\opera_dataset\01000000\01001020_宋江闹院.pdf,01000000/01001020_宋江闹院.pdf,62507f36-aa22-4065-bb0f-f7de69f87e7c,2,【第二场】,28,dialogue,dialogue,阎惜姣,pdf_01000000__01001020___4ed03adea1__char__897332419a,白,白,白,念白,阎惜姣,什么人?,阎惜姣（白）什么人?
pdf_01000000__01001020___4ed03adea1,宋江闹院,pdf_01000000__01001020___4ed03adea1__line__000028,pdf_01000000__01001020___4ed03adea1__scene__002,01001020_宋江闹院.pdf,D:\University_studies\Junior\data_visualization\experiment\final_self\opera_dataset\01000000\01001020_宋江闹院.pdf,01000000/01001020_宋江闹院.pdf,62507f36-aa22-4065-bb0f-f7de69f87e7c,2,【第二场】,28,dialogue,dialogue,宋江,pdf_01000000__01001020___4ed03adea1__char__6d76ac7bcd,白,白,白,来；道；念白,宋江,"啊?宋大爷声音,难道听不出来了?","宋江（白）啊?宋大爷声音,难道听不出来了?"
pdf_01000000__01001020___4ed03adea1,宋江闹院,pdf_01000000__01001020___4ed03adea1__line__000028,pdf_01000000__01001020___4ed03adea1__scene__002,01001020_宋江闹院.pdf,D:\University_studies\Junior\data_visualization\experiment\final_self\opera_dataset\01000000\01001020_宋江闹院.pdf,01000000/01001020_宋江闹院.pdf,62507f36-aa22-4065-bb0f-f7de69f87e7c,2,【第二场】,28,dialogue,dialogue,阎惜姣,pdf_01000000__01001020___4ed03adea1__char__897332419a,白,白,白,来；念白,阎惜姣,"哎,宋大爷来呢。你今天来得不凑巧。","阎惜姣（白）哎,宋大爷来呢。你今天来得不凑巧。"
pdf_01000000__01001020___4ed03adea1,宋江闹院,pdf_01000000__01001020___4ed03adea1__line__000028,pdf_01000000__01001020___4ed03adea1__scene__002,01001020_宋江闹院.pdf,D:\University_studies\Junior\data_visualization\experiment\final_self\opera_dataset\01000000\01001020_宋江闹院.pdf,01000000/01001020_宋江闹院.pdf,62507f36-aa22-4065-bb0f-f7de69f87e7c,2,【第二场】,28,dialogue,dialogue,宋江,pdf_01000000__01001020___4ed03adea1__char__6d76ac7bcd,白,白,白,来；念白,宋江,怎么来得不凑巧?,宋江（白）怎么来得不凑巧?
pdf_01000000__01001020___4ed03adea1,宋江闹院,pdf_01000000__01001020___4ed03adea1__line__000028,pdf_01000000__01001020___4ed03adea1__scene__002,01001020_宋江闹院.pdf,D:\University_studies\Junior\data_visualization\experiment\final_self\opera_dataset\01000000\01001020_宋江闹院.pdf,01000000/01001020_宋江闹院.pdf,62507f36-aa22-4065-bb0f-f7de69f87e7c,2,【第二场】,28,dialogue,dialogue,阎惜姣,pdf_01000000__01001020___4ed03adea1__char__897332419a,白,白,白,上；念白,阎惜姣,钥匙不在我身上。,阎惜姣（白）钥匙不在我身上。
pdf_01000000__01001020___4ed03adea1,宋江闹院,pdf_01000000__01001020___4ed03adea1__line__000028,pdf_01000000__01001020___4ed03adea1__scene__002,01001020_宋江闹院.pdf,D:\University_studies\Junior\data_visualization\experiment\final_self\opera_dataset\01000000\01001020_宋江闹院.pdf,01000000/01001020_宋江闹院.pdf,62507f36-aa22-4065-bb0f-f7de69f87e7c,2,【第二场】,28,dialogue,dialogue,宋江,pdf_01000000__01001020___4ed03adea1__char__6d76ac7bcd,白,白,白,上；念白,宋江,在哪一个身上?,宋江（白）在哪一个身上?
pdf_01000000__01001020___4ed03adea1,宋江闹院,pdf_01000000__01001020___4ed03adea1__line__000028,pdf_01000000__01001020___4ed03adea1__scene__002,01001020_宋江闹院.pdf,D:\University_studies\Junior\data_visualization\experiment\final_self\opera_dataset\01000000\01001020_宋江闹院.pdf,01000000/01001020_宋江闹院.pdf,62507f36-aa22-4065-bb0f-f7de69f87e7c,2,【第二场】,28,dialogue,dialogue,阎惜姣,pdf_01000000__01001020___4ed03adea1__char__897332419a,白,白,白,上；来；念白,阎惜姣,在我妈身上。你改日再来吧!,阎惜姣（白）在我妈身上。你改日再来吧!
pdf_01000000__01001020___4ed03adea1,宋江闹院,pdf_01000000__01001020___4ed03adea1__line__000028,pdf_01000000__01001020___4ed03adea1__scene__002,01001020_宋江闹院.pdf,D:\University_studies\Junior\data_visualization\experiment\final_self\opera_dataset\01000000\01001020_宋江闹院.pdf,01000000/01001020_宋江闹院.pdf,62507f36-aa22-4065-bb0f-f7de69f87e7c,2,【第二场】,28,dialogue,dialogue,宋江,pdf_01000000__01001020___4ed03adea1__char__6d76ac7bcd,白,白,白,来；去；念白,宋江,"呀呸!快快到妈儿娘房中,将钥匙取来开门。快去!","宋江（白）呀呸!快快到妈儿娘房中,将钥匙取来开门。快去!"
pdf_01000000__01001020___4ed03adea1,宋江闹院,pdf_01000000__01001020___4ed03adea1__line__000028,pdf_01000000__01001020___4ed03adea1__scene__002,01001020_宋江闹院.pdf,D:\University_studies\Junior\data_visualization\experiment\final_self\opera_dataset\01000000\01001020_宋江闹院.pdf,01000000/01001020_宋江闹院.pdf,62507f36-aa22-4065-bb0f-f7de69f87e7c,2,【第二场】,28,dialogue,dialogue,阎惜姣,pdf_01000000__01001020___4ed03adea1__char__897332419a,白,白,白,来；念白,阎惜姣,"晓得了,你等一会儿。三郎快来!","阎惜姣（白）晓得了,你等一会儿。三郎快来!"
pdf_01000000__01001020___4ed03adea1,宋江闹院,pdf_01000000__01001020___4ed03adea1__line__000028,pdf_01000000__01001020___4ed03adea1__scene__002,01001020_宋江闹院.pdf,D:\University_studies\Junior\data_visualization\experiment\final_self\opera_dataset\01000000\01001020_宋江闹院.pdf,01000000/01001020_宋江闹院.pdf,62507f36-aa22-4065-bb0f-f7de69f87e7c,2,【第二场】,28,dialogue,dialogue,张文远,pdf_01000000__01001020___4ed03adea1__char__b75d48c051,白,白,白,念白,张文远,"哎,大姐什么事?","张文远（白）哎,大姐什么事?"
pdf_01000000__01001020___4ed03adea1,宋江闹院,pdf_01000000__01001020___4ed03adea1__line__000028,pdf_01000000__01001020___4ed03adea1__scene__002,01001020_宋江闹院.pdf,D:\University_studies\Junior\data_visualization\experiment\final_self\opera_dataset\01000000\01001020_宋江闹院.pdf,01000000/01001020_宋江闹院.pdf,62507f36-aa22-4065-bb0f-f7de69f87e7c,2,【第二场】,28,dialogue,dialogue,阎惜姣,pdf_01000000__01001020___4ed03adea1__char__897332419a,白,白,白,来；念白,阎惜姣,"不好呢,你师父来了!","阎惜姣（白）不好呢,你师父来了!"
pdf_01000000__01001020___4ed03adea1,宋江闹院,pdf_01000000__01001020___4ed03adea1__line__000028,pdf_01000000__01001020___4ed03adea1__scene__002,01001020_宋江闹院.pdf,D:\University_studies\Junior\data_visualization\experiment\final_self\opera_dataset\01000000\01001020_宋江闹院.pdf,01000000/01001020_宋江闹院.pdf,62507f36-aa22-4065-bb0f-f7de69f87e7c,2,【第二场】,28,dialogue,dialogue,张文远,pdf_01000000__01001020___4ed03adea1__char__b75d48c051,白,白,白,念白,张文远,"咳呀,这便怎么处?","张文远（白）咳呀,这便怎么处?"
pdf_01000000__01001020___4ed03adea1,宋江闹院,pdf_01000000__01001020___4ed03adea1__line__000028,pdf_01000000__01001020___4ed03adea1__scene__002,01001020_宋江闹院.pdf,D:\University_studies\Junior\data_visualization\experiment\final_self\opera_dataset\01000000\01001020_宋江闹院.pdf,01000000/01001020_宋江闹院.pdf,62507f36-aa22-4065-bb0f-f7de69f87e7c,2,【第二场】,28,dialogue,dialogue,阎惜姣,pdf_01000000__01001020___4ed03adea1__char__897332419a,白,白,白,念白,阎惜姣,"不要紧,你在我妈房里躲一会儿。","阎惜姣（白）不要紧,你在我妈房里躲一会儿。"
pdf_01000000__01001020___4ed03adea1,宋江闹院,pdf_01000000__01001020___4ed03adea1__line__000028,pdf_01000000__01001020___4ed03adea1__scene__002,01001020_宋江闹院.pdf,D:\University_studies\Junior\data_visualization\experiment\final_self\opera_dataset\01000000\01001020_宋江闹院.pdf,01000000/01001020_宋江闹院.pdf,62507f36-aa22-4065-bb0f-f7de69f87e7c,2,【第二场】,28,dialogue,dialogue,张文远,pdf_01000000__01001020___4ed03adea1__char__b75d48c051,白,白,白,走；打；念白,张文远,快些打发他走啊!,张文远（白）快些打发他走啊!
pdf_01000000__01001020___4ed03adea1,宋江闹院,pdf_01000000__01001020___4ed03adea1__line__000028,pdf_01000000__01001020___4ed03adea1__scene__002,01001020_宋江闹院.pdf,D:\University_studies\Junior\data_visualization\experiment\final_self\opera_dataset\01000000\01001020_宋江闹院.pdf,01000000/01001020_宋江闹院.pdf,62507f36-aa22-4065-bb0f-f7de69f87e7c,2,【第二场】,28,dialogue,dialogue,宋江,pdf_01000000__01001020___4ed03adea1__char__6d76ac7bcd,白,白,白,念白,宋江,快些!,宋江（白）快些!
pdf_01000000__01001020___4ed03adea1,宋江闹院,pdf_01000000__01001020___4ed03adea1__line__000028,pdf_01000000__01001020___4ed03adea1__scene__002,01001020_宋江闹院.pdf,D:\University_studies\Junior\data_visualization\experiment\final_self\opera_dataset\01000000\01001020_宋江闹院.pdf,01000000/01001020_宋江闹院.pdf,62507f36-aa22-4065-bb0f-f7de69f87e7c,2,【第二场】,28,dialogue,dialogue,阎惜姣,pdf_01000000__01001020___4ed03adea1__char__897332419a,白,白,白,来；念白,阎惜姣,来了!,阎惜姣（白）来了!
pdf_01000000__01001020___4ed03adea1,宋江闹院,pdf_01000000__01001020___4ed03adea1__line__000028,pdf_01000000__01001020___4ed03adea1__scene__002,01001020_宋江闹院.pdf,D:\University_studies\Junior\data_visualization\experiment\final_self\opera_dataset\01000000\01001020_宋江闹院.pdf,01000000/01001020_宋江闹院.pdf,62507f36-aa22-4065-bb0f-f7de69f87e7c,2,【第二场】,28,dialogue,dialogue,宋江,pdf_01000000__01001020___4ed03adea1__char__6d76ac7bcd,白,白,白,进；去；打；念白,宋江,"为何这样慢腾腾的,待我打进去!","宋江（白）为何这样慢腾腾的,待我打进去!"
pdf_01000000__01001020___4ed03adea1,宋江闹院,pdf_01000000__01001020___4ed03adea1__line__000028,pdf_01000000__01001020___4ed03adea1__scene__002,01001020_宋江闹院.pdf,D:\University_studies\Junior\data_visualization\experiment\final_self\opera_dataset\01000000\01001020_宋江闹院.pdf,01000000/01001020_宋江闹院.pdf,62507f36-aa22-4065-bb0f-f7de69f87e7c,2,【第二场】,28,dialogue,dialogue,阎惜姣,pdf_01000000__01001020___4ed03adea1__char__897332419a,白,白,白,进；道；念白,阎惜姣,"哎哎哎,宋大爷,你进得院中,东照西望,难道我这院中,有什么歹人不成?","阎惜姣（白）哎哎哎,宋大爷,你进得院中,东照西望,难道我这院中,有什么歹人不成?"
pdf_01000000__01001020___4ed03adea1,宋江闹院,pdf_01000000__01001020___4ed03adea1__line__000028,pdf_01000000__01001020___4ed03adea1__scene__002,01001020_宋江闹院.pdf,D:\University_studies\Junior\data_visualization\experiment\final_self\opera_dataset\01000000\01001020_宋江闹院.pdf,01000000/01001020_宋江闹院.pdf,62507f36-aa22-4065-bb0f-f7de69f87e7c,2,【第二场】,28,dialogue,dialogue,宋江,pdf_01000000__01001020___4ed03adea1__char__6d76ac7bcd,白,白,白,进；来；念白,宋江,"不是啊。宋大爷往日进得院来,扫地挂画。今日进得院来,地也不扫,画也不挂。来个朋友,像个什么样儿?","宋江（白）不是啊。宋大爷往日进得院来,扫地挂画。今日进得院来,地也不扫,画也不挂。来个朋友,像个什么样儿?"
pdf_01000000__01001020___4ed03adea1,宋江闹院,pdf_01000000__01001020___4ed03adea1__line__000028,pdf_01000000__01001020___4ed03adea1__scene__002,01001020_宋江闹院.pdf,D:\University_studies\Junior\data_visualization\experiment\final_self\opera_dataset\01000000\01001020_宋江闹院.pdf,01000000/01001020_宋江闹院.pdf,62507f36-aa22-4065-bb0f-f7de69f87e7c,2,【第二场】,28,dialogue,dialogue,阎惜姣,pdf_01000000__01001020___4ed03adea1__char__897332419a,白,白,白,来；道；打；念白,阎惜姣,"宋大爷,我啊不知道你今天要来。我知道你要来呀,地也扫了,画也挂了。我没打算你来。","阎惜姣（白）宋大爷,我啊不知道你今天要来。我知道你要来呀,地也扫了,画也挂了。我没打算你来。"
pdf_01000000__01001020___4ed03adea1,宋江闹院,pdf_01000000__01001020___4ed03adea1__line__000028,pdf_01000000__01001020___4ed03adea1__scene__002,01001020_宋江闹院.pdf,D:\University_studies\Junior\data_visualization\experiment\final_self\opera_dataset\01000000\01001020_宋江闹院.pdf,01000000/01001020_宋江闹院.pdf,62507f36-aa22-4065-bb0f-f7de69f87e7c,2,【第二场】,28,dialogue,dialogue,宋江,pdf_01000000__01001020___4ed03adea1__char__6d76ac7bcd,白,白,白,来；打；念白,宋江,"哦,大姐不打算我来,我倒偏偏地来了。","宋江（白）哦,大姐不打算我来,我倒偏偏地来了。"
pdf_01000000__01001020___4ed03adea1,宋江闹院,pdf_01000000__01001020___4ed03adea1__line__000028,pdf_01000000__01001020___4ed03adea1__scene__002,01001020_宋江闹院.pdf,D:\University_studies\Junior\data_visualization\experiment\final_self\opera_dataset\01000000\01001020_宋江闹院.pdf,01000000/01001020_宋江闹院.pdf,62507f36-aa22-4065-bb0f-f7de69f87e7c,2,【第二场】,28,dialogue,dialogue,宋江,pdf_01000000__01001020___4ed03adea1__char__6d76ac7bcd,白,白,白,下；进；来；道；坐；念白,宋江,"哎,大姐,这就是你的不是了。宋大爷进得院来,你就该搬个椅儿过来,让你宋大爷坐下,才是你的道理。怎么你自己倒先坐下了。轻慢你宋大爷,怠慢你宋大爷,真是岂有此理!","宋江（白）哎,大姐,这就是你的不是了。宋大爷进得院来,你就该搬个椅儿过来,让你宋大爷坐下,才是你的道理。怎么你自己倒先坐下了。轻慢你宋大爷,怠慢你宋大爷,真是岂有此理!"
pdf_01000000__01001020___4ed03adea1,宋江闹院,pdf_01000000__01001020___4ed03adea1__line__000028,pdf_01000000__01001020___4ed03adea1__scene__002,01001020_宋江闹院.pdf,D:\University_studies\Junior\data_visualization\experiment\final_self\opera_dataset\01000000\01001020_宋江闹院.pdf,01000000/01001020_宋江闹院.pdf,62507f36-aa22-4065-bb0f-f7de69f87e7c,2,【第二场】,28,dialogue,dialogue,阎惜姣,pdf_01000000__01001020___4ed03adea1__char__897332419a,白,白,白,下；来；叫；道；坐；念白,阎惜姣,"宋大爷,这边有的是凳子,那边有的是椅子,自己不会坐下,难道叫我搂住你,抱住你?来来来吃点奶奶吧?","阎惜姣（白）宋大爷,这边有的是凳子,那边有的是椅子,自己不会坐下,难道叫我搂住你,抱住你?来来来吃点奶奶吧?"
pdf_01000000__01001020___4ed03adea1,宋江闹院,pdf_01000000__01001020___4ed03adea1__line__000028,pdf_01000000__01001020___4ed03adea1__scene__002,01001020_宋江闹院.pdf,D:\University_studies\Junior\data_visualization\experiment\final_self\opera_dataset\01000000\01001020_宋江闹院.pdf,01000000/01001020_宋江闹院.pdf,62507f36-aa22-4065-bb0f-f7de69f87e7c,2,【第二场】,28,dialogue,dialogue,宋江,pdf_01000000__01001020___4ed03adea1__char__6d76ac7bcd,白,白,白,下；叫；道；坐；念白,宋江,"哎呀呀,这倒不消了。哎呀,是啊。这边有的是凳子,那边有的是椅子,我自己不会坐下,难道叫她搂住我,抱住我,自讨无趣?待我自己坐下。","宋江（白）哎呀呀,这倒不消了。哎呀,是啊。这边有的是凳子,那边有的是椅子,我自己不会坐下,难道叫她搂住我,抱住我,自讨无趣?待我自己坐下。"
pdf_01000000__01001020___4ed03adea1,宋江闹院,pdf_01000000__01001020___4ed03adea1__line__000028,pdf_01000000__01001020___4ed03adea1__scene__002,01001020_宋江闹院.pdf,D:\University_studies\Junior\data_visualization\experiment\final_self\opera_dataset\01000000\01001020_宋江闹院.pdf,01000000/01001020_宋江闹院.pdf,62507f36-aa22-4065-bb0f-f7de69f87e7c,2,【第二场】,28,dialogue,dialogue,阎惜姣,pdf_01000000__01001020___4ed03adea1__char__897332419a,白,白,白,念白,阎惜姣,宋大爷你这怎么呢?,阎惜姣（白）宋大爷你这怎么呢?
pdf_01000000__01001020___4ed03adea1,宋江闹院,pdf_01000000__01001020___4ed03adea1__line__000028,pdf_01000000__01001020___4ed03adea1__scene__002,01001020_宋江闹院.pdf,D:\University_studies\Junior\data_visualization\experiment\final_self\opera_dataset\01000000\01001020_宋江闹院.pdf,01000000/01001020_宋江闹院.pdf,62507f36-aa22-4065-bb0f-f7de69f87e7c,2,【第二场】,28,dialogue,dialogue,宋江,pdf_01000000__01001020___4ed03adea1__char__6d76ac7bcd,白,白,白,念白,宋江,花钱的老爷们儿就欢喜这个调调儿。,宋江（白）花钱的老爷们儿就欢喜这个调调儿。
pdf_01000000__01001020___4ed03adea1,宋江闹院,pdf_01000000__01001020___4ed03adea1__line__000028,pdf_01000000__01001020___4ed03adea1__scene__002,01001020_宋江闹院.pdf,D:\University_studies\Junior\data_visualization\experiment\final_self\opera_dataset\01000000\01001020_宋江闹院.pdf,01000000/01001020_宋江闹院.pdf,62507f36-aa22-4065-bb0f-f7de69f87e7c,2,【第二场】,28,dialogue,dialogue,阎惜姣,pdf_01000000__01001020___4ed03adea1__char__897332419a,白,白,白,念白,阎惜姣,你猜我呢?,阎惜姣（白）你猜我呢?
pdf_01000000__01001020___4ed03adea1,宋江闹院,pdf_01000000__01001020___4ed03adea1__line__000028,pdf_01000000__01001020___4ed03adea1__scene__002,01001020_宋江闹院.pdf,D:\University_studies\Junior\data_visualization\experiment\final_self\opera_dataset\01000000\01001020_宋江闹院.pdf,01000000/01001020_宋江闹院.pdf,62507f36-aa22-4065-bb0f-f7de69f87e7c,2,【第二场】,28,dialogue,dialogue,宋江,pdf_01000000__01001020___4ed03adea1__char__6d76ac7bcd,白,白,白,念白,宋江,"大姐么,你也喜欢?","宋江（白）大姐么,你也喜欢?"
pdf_01000000__01001020___4ed03adea1,宋江闹院,pdf_01000000__01001020___4ed03adea1__line__000028,pdf_01000000__01001020___4ed03adea1__scene__002,01001020_宋江闹院.pdf,D:\University_studies\Junior\data_visualization\experiment\final_self\opera_dataset\01000000\01001020_宋江闹院.pdf,01000000/01001020_宋江闹院.pdf,62507f36-aa22-4065-bb0f-f7de69f87e7c,2,【第二场】,28,dialogue,dialogue,阎惜姣,pdf_01000000__01001020___4ed03adea1__char__897332419a,白,白,白,念白,阎惜姣,我就恼得这个调调儿。,阎惜姣（白）我就恼得这个调调儿。
pdf_01000000__01001020___4ed03adea1,宋江闹院,pdf_01000000__01001020___4ed03adea1__line__000028,pdf_01000000__01001020___4ed03adea1__scene__002,01001020_宋江闹院.pdf,D:\University_studies\Junior\data_visualization\experiment\final_self\opera_dataset\01000000\01001020_宋江闹院.pdf,01000000/01001020_宋江闹院.pdf,62507f36-aa22-4065-bb0f-f7de69f87e7c,2,【第二场】,28,dialogue,dialogue,宋江,pdf_01000000__01001020___4ed03adea1__char__6d76ac7bcd,白,白,白,念白,宋江,"大姐不欢喜这个调调儿,我就免了这个调调儿。大姐你可好?","宋江（白）大姐不欢喜这个调调儿,我就免了这个调调儿。大姐你可好?"
pdf_01000000__01001020___4ed03adea1,宋江闹院,pdf_01000000__01001020___4ed03adea1__line__000028,pdf_01000000__01001020___4ed03adea1__scene__002,01001020_宋江闹院.pdf,D:\University_studies\Junior\data_visualization\experiment\final_self\opera_dataset\01000000\01001020_宋江闹院.pdf,01000000/01001020_宋江闹院.pdf,62507f36-aa22-4065-bb0f-f7de69f87e7c,2,【第二场】,28,dialogue,dialogue,阎惜姣,pdf_01000000__01001020___4ed03adea1__char__897332419a,白,白,白,念白,阎惜姣,"我没有病,怎么不好?","阎惜姣（白）我没有病,怎么不好?"
pdf_01000000__01001020___4ed03adea1,宋江闹院,pdf_01000000__01001020___4ed03adea1__line__000028,pdf_01000000__01001020___4ed03adea1__scene__002,01001020_宋江闹院.pdf,D:\University_studies\Junior\data_visualization\experiment\final_self\opera_dataset\01000000\01001020_宋江闹院.pdf,01000000/01001020_宋江闹院.pdf,62507f36-aa22-4065-bb0f-f7de69f87e7c,2,【第二场】,28,dialogue,dialogue,宋江,pdf_01000000__01001020___4ed03adea1__char__6d76ac7bcd,白,白,白,念白,宋江,我也好。,宋江（白）我也好。
pdf_01000000__01001020___4ed03adea1,宋江闹院,pdf_01000000__01001020___4ed03adea1__line__000028,pdf_01000000__01001020___4ed03adea1__scene__002,01001020_宋江闹院.pdf,D:\University_studies\Junior\data_visualization\experiment\final_self\opera_dataset\01000000\01001020_宋江闹院.pdf,01000000/01001020_宋江闹院.pdf,62507f36-aa22-4065-bb0f-f7de69f87e7c,2,【第二场】,28,dialogue,dialogue,阎惜姣,pdf_01000000__01001020___4ed03adea1__char__897332419a,白,白,白,问；念白,阎惜姣,谁问你呢?,阎惜姣（白）谁问你呢?
pdf_01000000__01001020___4ed03adea1,宋江闹院,pdf_01000000__01001020___4ed03adea1__line__000028,pdf_01000000__01001020___4ed03adea1__scene__002,01001020_宋江闹院.pdf,D:\University_studies\Junior\data_visualization\experiment\final_self\opera_dataset\01000000\01001020_宋江闹院.pdf,01000000/01001020_宋江闹院.pdf,62507f36-aa22-4065-bb0f-f7de69f87e7c,2,【第二场】,28,dialogue,dialogue,宋江,pdf_01000000__01001020___4ed03adea1__char__6d76ac7bcd,白,白,白,问；念白,宋江,"我问过大姐,大姐必要问我。我替大姐说了,省得大姐你劳神。","宋江（白）我问过大姐,大姐必要问我。我替大姐说了,省得大姐你劳神。"
pdf_01000000__01001020___4ed03adea1,宋江闹院,pdf_01000000__01001020___4ed03adea1__line__000028,pdf_01000000__01001020___4ed03adea1__scene__002,01001020_宋江闹院.pdf,D:\University_studies\Junior\data_visualization\experiment\final_self\opera_dataset\01000000\01001020_宋江闹院.pdf,01000000/01001020_宋江闹院.pdf,62507f36-aa22-4065-bb0f-f7de69f87e7c,2,【第二场】,28,dialogue,dialogue,阎惜姣,pdf_01000000__01001020___4ed03adea1__char__897332419a,白,白,白,念白,阎惜姣,哪里这么些谈话?,阎惜姣（白）哪里这么些谈话?
pdf_01000000__01001020___4ed03adea1,宋江闹院,pdf_01000000__01001020___4ed03adea1__line__000028,pdf_01000000__01001020___4ed03adea1__scene__002,01001020_宋江闹院.pdf,D:\University_studies\Junior\data_visualization\experiment\final_self\opera_dataset\01000000\01001020_宋江闹院.pdf,01000000/01001020_宋江闹院.pdf,62507f36-aa22-4065-bb0f-f7de69f87e7c,2,【第二场】,28,dialogue,dialogue,宋江,pdf_01000000__01001020___4ed03adea1__char__6d76ac7bcd,白,白,白,拿；念白,宋江,大姐手里拿的什么?,宋江（白）大姐手里拿的什么?
pdf_01000000__01001020___4ed03adea1,宋江闹院,pdf_01000000__01001020___4ed03adea1__line__000028,pdf_01000000__01001020___4ed03adea1__scene__002,01001020_宋江闹院.pdf,D:\University_studies\Junior\data_visualization\experiment\final_self\opera_dataset\01000000\01001020_宋江闹院.pdf,01000000/01001020_宋江闹院.pdf,62507f36-aa22-4065-bb0f-f7de69f87e7c,2,【第二场】,28,dialogue,dialogue,阎惜姣,pdf_01000000__01001020___4ed03adea1__char__897332419a,白,白,白,念白,阎惜姣,你的帽子。,阎惜姣（白）你的帽子。
pdf_01000000__01001020___4ed03adea1,宋江闹院,pdf_01000000__01001020___4ed03adea1__line__000028,pdf_01000000__01001020___4ed03adea1__scene__002,01001020_宋江闹院.pdf,D:\University_studies\Junior\data_visualization\experiment\final_self\opera_dataset\01000000\01001020_宋江闹院.pdf,01000000/01001020_宋江闹院.pdf,62507f36-aa22-4065-bb0f-f7de69f87e7c,2,【第二场】,28,dialogue,dialogue,宋江,pdf_01000000__01001020___4ed03adea1__char__6d76ac7bcd,白,白,白,念白,宋江,"分明是鞋子,怎么是帽子?","宋江（白）分明是鞋子,怎么是帽子?"
pdf_01000000__01001020___4ed03adea1,宋江闹院,pdf_01000000__01001020___4ed03adea1__line__000028,pdf_01000000__01001020___4ed03adea1__scene__002,01001020_宋江闹院.pdf,D:\University_studies\Junior\data_visualization\experiment\final_self\opera_dataset\01000000\01001020_宋江闹院.pdf,01000000/01001020_宋江闹院.pdf,62507f36-aa22-4065-bb0f-f7de69f87e7c,2,【第二场】,28,dialogue,dialogue,阎惜姣,pdf_01000000__01001020___4ed03adea1__char__897332419a,白,白,白,问；道；念白,阎惜姣,你知道么你问?,阎惜姣（白）你知道么你问?
pdf_01000000__01001020___4ed03adea1,宋江闹院,pdf_01000000__01001020___4ed03adea1__line__000028,pdf_01000000__01001020___4ed03adea1__scene__002,01001020_宋江闹院.pdf,D:\University_studies\Junior\data_visualization\experiment\final_self\opera_dataset\01000000\01001020_宋江闹院.pdf,01000000/01001020_宋江闹院.pdf,62507f36-aa22-4065-bb0f-f7de69f87e7c,2,【第二场】,28,dialogue,dialogue,宋江,pdf_01000000__01001020___4ed03adea1__char__6d76ac7bcd,白,白,白,念白,宋江,哪一个穿的?,宋江（白）哪一个穿的?
pdf_01000000__01001020___4ed03adea1,宋江闹院,pdf_01000000__01001020___4ed03adea1__line__000028,pdf_01000000__01001020___4ed03adea1__scene__002,01001020_宋江闹院.pdf,D:\University_studies\Junior\data_visualization\experiment\final_self\opera_dataset\01000000\01001020_宋江闹院.pdf,01000000/01001020_宋江闹院.pdf,62507f36-aa22-4065-bb0f-f7de69f87e7c,2,【第二场】,28,dialogue,dialogue,阎惜姣,pdf_01000000__01001020___4ed03adea1__char__897332419a,白,白,白,念白,阎惜姣,我妈穿的。,阎惜姣（白）我妈穿的。
pdf_01000000__01001020___4ed03adea1,宋江闹院,pdf_01000000__01001020___4ed03adea1__line__000028,pdf_01000000__01001020___4ed03adea1__scene__002,01001020_宋江闹院.pdf,D:\University_studies\Junior\data_visualization\experiment\final_self\opera_dataset\01000000\01001020_宋江闹院.pdf,01000000/01001020_宋江闹院.pdf,62507f36-aa22-4065-bb0f-f7de69f87e7c,2,【第二场】,28,dialogue,dialogue,宋江,pdf_01000000__01001020___4ed03adea1__char__6d76ac7bcd,白,白,白,念白,宋江,"妈儿娘偌大年纪,穿什么红绣花鞋?","宋江（白）妈儿娘偌大年纪,穿什么红绣花鞋?"
pdf_01000000__01001020___4ed03adea1,宋江闹院,pdf_01000000__01001020___4ed03adea1__line__000028,pdf_01000000__01001020___4ed03adea1__scene__002,01001020_宋江闹院.pdf,D:\University_studies\Junior\data_visualization\experiment\final_self\opera_dataset\01000000\01001020_宋江闹院.pdf,01000000/01001020_宋江闹院.pdf,62507f36-aa22-4065-bb0f-f7de69f87e7c,2,【第二场】,28,dialogue,dialogue,阎惜姣,pdf_01000000__01001020___4ed03adea1__char__897332419a,白,白,白,上；念白,阎惜姣,"今天十四,明天十五,我妈生日,做双花鞋与我妈上寿的。","阎惜姣（白）今天十四,明天十五,我妈生日,做双花鞋与我妈上寿的。"
pdf_01000000__01001020___4ed03adea1,宋江闹院,pdf_01000000__01001020___4ed03adea1__line__000028,pdf_01000000__01001020___4ed03adea1__scene__002,01001020_宋江闹院.pdf,D:\University_studies\Junior\data_visualization\experiment\final_self\opera_dataset\01000000\01001020_宋江闹院.pdf,01000000/01001020_宋江闹院.pdf,62507f36-aa22-4065-bb0f-f7de69f87e7c,2,【第二场】,28,dialogue,dialogue,宋江,pdf_01000000__01001020___4ed03adea1__char__6d76ac7bcd,白,白,白,念白,宋江,"哦,不是大姐提起,我倒忘怀了。明日我礼到人不到。","宋江（白）哦,不是大姐提起,我倒忘怀了。明日我礼到人不到。"
pdf_01000000__01001020___4ed03adea1,宋江闹院,pdf_01000000__01001020___4ed03adea1__line__000028,pdf_01000000__01001020___4ed03adea1__scene__002,01001020_宋江闹院.pdf,D:\University_studies\Junior\data_visualization\experiment\final_self\opera_dataset\01000000\01001020_宋江闹院.pdf,01000000/01001020_宋江闹院.pdf,62507f36-aa22-4065-bb0f-f7de69f87e7c,2,【第二场】,28,dialogue,dialogue,阎惜姣,pdf_01000000__01001020___4ed03adea1__char__897332419a,白,白,白,来；念白,阎惜姣,"是要礼到,人不来不要紧。","阎惜姣（白）是要礼到,人不来不要紧。"
pdf_01000000__01001020___4ed03adea1,宋江闹院,pdf_01000000__01001020___4ed03adea1__line__000028,pdf_01000000__01001020___4ed03adea1__scene__002,01001020_宋江闹院.pdf,D:\University_studies\Junior\data_visualization\experiment\final_self\opera_dataset\01000000\01001020_宋江闹院.pdf,01000000/01001020_宋江闹院.pdf,62507f36-aa22-4065-bb0f-f7de69f87e7c,2,【第二场】,28,dialogue,dialogue,宋江,pdf_01000000__01001020___4ed03adea1__char__6d76ac7bcd,白,白,白,来；念白,宋江,"如此,我礼到人不来。","宋江（白）如此,我礼到人不来。"
pdf_01000000__01001020___4ed03adea1,宋江闹院,pdf_01000000__01001020___4ed03adea1__line__000028,pdf_01000000__01001020___4ed03adea1__scene__002,01001020_宋江闹院.pdf,D:\University_studies\Junior\data_visualization\experiment\final_self\opera_dataset\01000000\01001020_宋江闹院.pdf,01000000/01001020_宋江闹院.pdf,62507f36-aa22-4065-bb0f-f7de69f87e7c,2,【第二场】,28,dialogue,dialogue,阎惜姣,pdf_01000000__01001020___4ed03adea1__char__897332419a,白,白,白,来；念白,阎惜姣,你来不来不要紧。,阎惜姣（白）你来不来不要紧。
pdf_01000000__01001020___4ed03adea1,宋江闹院,pdf_01000000__01001020___4ed03adea1__line__000028,pdf_01000000__01001020___4ed03adea1__scene__002,01001020_宋江闹院.pdf,D:\University_studies\Junior\data_visualization\experiment\final_self\opera_dataset\01000000\01001020_宋江闹院.pdf,01000000/01001020_宋江闹院.pdf,62507f36-aa22-4065-bb0f-f7de69f87e7c,2,【第二场】,28,dialogue,dialogue,宋江,pdf_01000000__01001020___4ed03adea1__char__6d76ac7bcd,白,白,白,念白,宋江,"大姐,闻得你一双巧手,今日要见识见识。","宋江（白）大姐,闻得你一双巧手,今日要见识见识。"
pdf_01000000__01001020___4ed03adea1,宋江闹院,pdf_01000000__01001020___4ed03adea1__line__000028,pdf_01000000__01001020___4ed03adea1__scene__002,01001020_宋江闹院.pdf,D:\University_studies\Junior\data_visualization\experiment\final_self\opera_dataset\01000000\01001020_宋江闹院.pdf,01000000/01001020_宋江闹院.pdf,62507f36-aa22-4065-bb0f-f7de69f87e7c,2,【第二场】,28,dialogue,dialogue,阎惜姣,pdf_01000000__01001020___4ed03adea1__char__897332419a,白,白,白,看；念白,阎惜姣,一双花鞋有什么好看?,阎惜姣（白）一双花鞋有什么好看?
pdf_01000000__01001020___4ed03adea1,宋江闹院,pdf_01000000__01001020___4ed03adea1__line__000028,pdf_01000000__01001020___4ed03adea1__scene__002,01001020_宋江闹院.pdf,D:\University_studies\Junior\data_visualization\experiment\final_self\opera_dataset\01000000\01001020_宋江闹院.pdf,01000000/01001020_宋江闹院.pdf,62507f36-aa22-4065-bb0f-f7de69f87e7c,2,【第二场】,28,dialogue,dialogue,宋江,pdf_01000000__01001020___4ed03adea1__char__6d76ac7bcd,白,白,白,看；念白,宋江,看看也不要紧。,宋江（白）看看也不要紧。
pdf_01000000__01001020___4ed03adea1,宋江闹院,pdf_01000000__01001020___4ed03adea1__line__000028,pdf_01000000__01001020___4ed03adea1__scene__002,01001020_宋江闹院.pdf,D:\University_studies\Junior\data_visualization\experiment\final_self\opera_dataset\01000000\01001020_宋江闹院.pdf,01000000/01001020_宋江闹院.pdf,62507f36-aa22-4065-bb0f-f7de69f87e7c,2,【第二场】,28,dialogue,dialogue,阎惜姣,pdf_01000000__01001020___4ed03adea1__char__897332419a,白,白,白,去；看；拿；念白,阎惜姣,你要看拿去。,阎惜姣（白）你要看拿去。
pdf_01000000__01001020___4ed03adea1,宋江闹院,pdf_01000000__01001020___4ed03adea1__line__000028,pdf_01000000__01001020___4ed03adea1__scene__002,01001020_宋江闹院.pdf,D:\University_studies\Junior\data_visualization\experiment\final_self\opera_dataset\01000000\01001020_宋江闹院.pdf,01000000/01001020_宋江闹院.pdf,62507f36-aa22-4065-bb0f-f7de69f87e7c,2,【第二场】,28,dialogue,dialogue,宋江,pdf_01000000__01001020___4ed03adea1__char__6d76ac7bcd,白,白,白,来；拿；念白,宋江,拿来。,宋江（白）拿来。
pdf_01000000__01001020___4ed03adea1,宋江闹院,pdf_01000000__01001020___4ed03adea1__line__000028,pdf_01000000__01001020___4ed03adea1__scene__002,01001020_宋江闹院.pdf,D:\University_studies\Junior\data_visualization\experiment\final_self\opera_dataset\01000000\01001020_宋江闹院.pdf,01000000/01001020_宋江闹院.pdf,62507f36-aa22-4065-bb0f-f7de69f87e7c,2,【第二场】,28,dialogue,dialogue,阎惜姣,pdf_01000000__01001020___4ed03adea1__char__897332419a,白,白,白,念白,阎惜姣,好脏的手!,阎惜姣（白）好脏的手!
pdf_01000000__01001020___4ed03adea1,宋江闹院,pdf_01000000__01001020___4ed03adea1__line__000028,pdf_01000000__01001020___4ed03adea1__scene__002,01001020_宋江闹院.pdf,D:\University_studies\Junior\data_visualization\experiment\final_self\opera_dataset\01000000\01001020_宋江闹院.pdf,01000000/01001020_宋江闹院.pdf,62507f36-aa22-4065-bb0f-f7de69f87e7c,2,【第二场】,28,dialogue,dialogue,宋江,pdf_01000000__01001020___4ed03adea1__char__6d76ac7bcd,白,白,白,念白,宋江,"哦,我的手脏了。时才在衙内,抄写墨卷,未曾洗手,待我洗洗干净。","宋江（白）哦,我的手脏了。时才在衙内,抄写墨卷,未曾洗手,待我洗洗干净。"
pdf_01000000__01001020___4ed03adea1,宋江闹院,pdf_01000000__01001020___4ed03adea1__line__000028,pdf_01000000__01001020___4ed03adea1__scene__002,01001020_宋江闹院.pdf,D:\University_studies\Junior\data_visualization\experiment\final_self\opera_dataset\01000000\01001020_宋江闹院.pdf,01000000/01001020_宋江闹院.pdf,62507f36-aa22-4065-bb0f-f7de69f87e7c,2,【第二场】,28,dialogue,dialogue,阎惜姣,pdf_01000000__01001020___4ed03adea1__char__897332419a,白,白,白,去；拿；念白,阎惜姣,拿去!,阎惜姣（白）拿去!
pdf_01000000__01001020___4ed03adea1,宋江闹院,pdf_01000000__01001020___4ed03adea1__line__000028,pdf_01000000__01001020___4ed03adea1__scene__002,01001020_宋江闹院.pdf,D:\University_studies\Junior\data_visualization\experiment\final_self\opera_dataset\01000000\01001020_宋江闹院.pdf,01000000/01001020_宋江闹院.pdf,62507f36-aa22-4065-bb0f-f7de69f87e7c,2,【第二场】,28,dialogue,dialogue,宋江,pdf_01000000__01001020___4ed03adea1__char__6d76ac7bcd,白,白,白,念白,宋江,"哎,大姐这就是你的不是了。","宋江（白）哎,大姐这就是你的不是了。"
pdf_01000000__01001020___4ed03adea1,宋江闹院,pdf_01000000__01001020___4ed03adea1__line__000028,pdf_01000000__01001020___4ed03adea1__scene__002,01001020_宋江闹院.pdf,D:\University_studies\Junior\data_visualization\experiment\final_self\opera_dataset\01000000\01001020_宋江闹院.pdf,01000000/01001020_宋江闹院.pdf,62507f36-aa22-4065-bb0f-f7de69f87e7c,2,【第二场】,28,dialogue,dialogue,阎惜姣,pdf_01000000__01001020___4ed03adea1__char__897332419a,白,白,白,念白,阎惜姣,你又挑眼了?,阎惜姣（白）你又挑眼了?
pdf_01000000__01001020___4ed03adea1,宋江闹院,pdf_01000000__01001020___4ed03adea1__line__000028,pdf_01000000__01001020___4ed03adea1__scene__002,01001020_宋江闹院.pdf,D:\University_studies\Junior\data_visualization\experiment\final_self\opera_dataset\01000000\01001020_宋江闹院.pdf,01000000/01001020_宋江闹院.pdf,62507f36-aa22-4065-bb0f-f7de69f87e7c,2,【第二场】,28,dialogue,dialogue,宋江,pdf_01000000__01001020___4ed03adea1__char__6d76ac7bcd,白,白,白,下；道；念白,宋江,"你方才嫌我的手脏,如今你把它丢在地下,难道他就不脏了么?","宋江（白）你方才嫌我的手脏,如今你把它丢在地下,难道他就不脏了么?"
pdf_01000000__01001020___4ed03adea1,宋江闹院,pdf_01000000__01001020___4ed03adea1__line__000028,pdf_01000000__01001020___4ed03adea1__scene__002,01001020_宋江闹院.pdf,D:\University_studies\Junior\data_visualization\experiment\final_self\opera_dataset\01000000\01001020_宋江闹院.pdf,01000000/01001020_宋江闹院.pdf,62507f36-aa22-4065-bb0f-f7de69f87e7c,2,【第二场】,28,dialogue,dialogue,阎惜姣,pdf_01000000__01001020___4ed03adea1__char__897332419a,白,白,白,道；念白,阎惜姣,"宋大爷你不要生气。常言道的好:洗手净指甲,作鞋泥里踏。终久它是要坏的。","阎惜姣（白）宋大爷你不要生气。常言道的好:洗手净指甲,作鞋泥里踏。终久它是要坏的。"
pdf_01000000__01001020___4ed03adea1,宋江闹院,pdf_01000000__01001020___4ed03adea1__line__000028,pdf_01000000__01001020___4ed03adea1__scene__002,01001020_宋江闹院.pdf,D:\University_studies\Junior\data_visualization\experiment\final_self\opera_dataset\01000000\01001020_宋江闹院.pdf,01000000/01001020_宋江闹院.pdf,62507f36-aa22-4065-bb0f-f7de69f87e7c,2,【第二场】,28,dialogue,dialogue,宋江,pdf_01000000__01001020___4ed03adea1__char__6d76ac7bcd,白,白,白,念白,宋江,"是啊,""洗手净指甲,作鞋泥里踏。""终久它是要坏的。","宋江（白）是啊,""洗手净指甲,作鞋泥里踏。""终久它是要坏的。"
pdf_01000000__01001020___4ed03adea1,宋江闹院,pdf_01000000__01001020___4ed03adea1__line__000028,pdf_01000000__01001020___4ed03adea1__scene__002,01001020_宋江闹院.pdf,D:\University_studies\Junior\data_visualization\experiment\final_self\opera_dataset\01000000\01001020_宋江闹院.pdf,01000000/01001020_宋江闹院.pdf,62507f36-aa22-4065-bb0f-f7de69f87e7c,2,【第二场】,28,dialogue,dialogue,阎惜姣,pdf_01000000__01001020___4ed03adea1__char__897332419a,白,白,白,念白,阎惜姣,你往哪里指?,阎惜姣（白）你往哪里指?
pdf_01000000__01001020___4ed03adea1,宋江闹院,pdf_01000000__01001020___4ed03adea1__line__000028,pdf_01000000__01001020___4ed03adea1__scene__002,01001020_宋江闹院.pdf,D:\University_studies\Junior\data_visualization\experiment\final_self\opera_dataset\01000000\01001020_宋江闹院.pdf,01000000/01001020_宋江闹院.pdf,62507f36-aa22-4065-bb0f-f7de69f87e7c,2,【第二场】,28,dialogue,dialogue,宋江,pdf_01000000__01001020___4ed03adea1__char__6d76ac7bcd,白,白,白,来；去；看；拿；念白,宋江,"我说这个鞋子。待我来看看。果然做的不错呀,好,拿去罢!","宋江（白）我说这个鞋子。待我来看看。果然做的不错呀,好,拿去罢!"
pdf_01000000__01001020___4ed03adea1,宋江闹院,pdf_01000000__01001020___4ed03adea1__line__000028,pdf_01000000__01001020___4ed03adea1__scene__002,01001020_宋江闹院.pdf,D:\University_studies\Junior\data_visualization\experiment\final_self\opera_dataset\01000000\01001020_宋江闹院.pdf,01000000/01001020_宋江闹院.pdf,62507f36-aa22-4065-bb0f-f7de69f87e7c,2,【第二场】,28,dialogue,dialogue,阎惜姣,pdf_01000000__01001020___4ed03adea1__char__897332419a,白,白,白,道；念白,阎惜姣,你还知道好歹吗?,阎惜姣（白）你还知道好歹吗?
pdf_01000000__01001020___4ed03adea1,宋江闹院,pdf_01000000__01001020___4ed03adea1__line__000028,pdf_01000000__01001020___4ed03adea1__scene__002,01001020_宋江闹院.pdf,D:\University_studies\Junior\data_visualization\experiment\final_self\opera_dataset\01000000\01001020_宋江闹院.pdf,01000000/01001020_宋江闹院.pdf,62507f36-aa22-4065-bb0f-f7de69f87e7c,2,【第二场】,28,dialogue,dialogue,宋江,pdf_01000000__01001020___4ed03adea1__char__6d76ac7bcd,白,白,白,道；念白,宋江,"为人在世,哪有不知道好歹的道理?","宋江（白）为人在世,哪有不知道好歹的道理?"
pdf_01000000__01001020___4ed03adea1,宋江闹院,pdf_01000000__01001020___4ed03adea1__line__000028,pdf_01000000__01001020___4ed03adea1__scene__002,01001020_宋江闹院.pdf,D:\University_studies\Junior\data_visualization\experiment\final_self\opera_dataset\01000000\01001020_宋江闹院.pdf,01000000/01001020_宋江闹院.pdf,62507f36-aa22-4065-bb0f-f7de69f87e7c,2,【第二场】,28,dialogue,dialogue,阎惜姣,pdf_01000000__01001020___4ed03adea1__char__897332419a,白,白,白,念白,阎惜姣,它是怎么好?,阎惜姣（白）它是怎么好?
pdf_01000000__01001020___4ed03adea1,宋江闹院,pdf_01000000__01001020___4ed03adea1__line__000028,pdf_01000000__01001020___4ed03adea1__scene__002,01001020_宋江闹院.pdf,D:\University_studies\Junior\data_visualization\experiment\final_self\opera_dataset\01000000\01001020_宋江闹院.pdf,01000000/01001020_宋江闹院.pdf,62507f36-aa22-4065-bb0f-f7de69f87e7c,2,【第二场】,28,dialogue,dialogue,宋江,pdf_01000000__01001020___4ed03adea1__char__6d76ac7bcd,白,白,白,叫；念白,宋江,"花儿也好,样儿也好,做的也好,这叫做好好好!","宋江（白）花儿也好,样儿也好,做的也好,这叫做好好好!"
pdf_01000000__01001020___4ed03adea1,宋江闹院,pdf_01000000__01001020___4ed03adea1__line__000028,pdf_01000000__01001020___4ed03adea1__scene__002,01001020_宋江闹院.pdf,D:\University_studies\Junior\data_visualization\experiment\final_self\opera_dataset\01000000\01001020_宋江闹院.pdf,01000000/01001020_宋江闹院.pdf,62507f36-aa22-4065-bb0f-f7de69f87e7c,2,【第二场】,28,dialogue,dialogue,阎惜姣,pdf_01000000__01001020___4ed03adea1__char__897332419a,白,白,白,念白,阎惜姣,一点不好没有么?,阎惜姣（白）一点不好没有么?
pdf_01000000__01001020___4ed03adea1,宋江闹院,pdf_01000000__01001020___4ed03adea1__line__000028,pdf_01000000__01001020___4ed03adea1__scene__002,01001020_宋江闹院.pdf,D:\University_studies\Junior\data_visualization\experiment\final_self\opera_dataset\01000000\01001020_宋江闹院.pdf,01000000/01001020_宋江闹院.pdf,62507f36-aa22-4065-bb0f-f7de69f87e7c,2,【第二场】,28,dialogue,dialogue,宋江,pdf_01000000__01001020___4ed03adea1__char__6d76ac7bcd,白,白,白,念白,宋江,就有一样。,宋江（白）就有一样。
pdf_01000000__01001020___4ed03adea1,宋江闹院,pdf_01000000__01001020___4ed03adea1__line__000028,pdf_01000000__01001020___4ed03adea1__scene__002,01001020_宋江闹院.pdf,D:\University_studies\Junior\data_visualization\experiment\final_self\opera_dataset\01000000\01001020_宋江闹院.pdf,01000000/01001020_宋江闹院.pdf,62507f36-aa22-4065-bb0f-f7de69f87e7c,2,【第二场】,28,dialogue,dialogue,阎惜姣,pdf_01000000__01001020___4ed03adea1__char__897332419a,白,白,白,念白,阎惜姣,哪一样?,阎惜姣（白）哪一样?
pdf_01000000__01001020___4ed03adea1,宋江闹院,pdf_01000000__01001020___4ed03adea1__line__000028,pdf_01000000__01001020___4ed03adea1__scene__002,01001020_宋江闹院.pdf,D:\University_studies\Junior\data_visualization\experiment\final_self\opera_dataset\01000000\01001020_宋江闹院.pdf,01000000/01001020_宋江闹院.pdf,62507f36-aa22-4065-bb0f-f7de69f87e7c,2,【第二场】,28,dialogue,dialogue,宋江,pdf_01000000__01001020___4ed03adea1__char__6d76ac7bcd,白,白,白,念白,宋江,颜色不对。,宋江（白）颜色不对。
pdf_01000000__01001020___4ed03adea1,宋江闹院,pdf_01000000__01001020___4ed03adea1__line__000028,pdf_01000000__01001020___4ed03adea1__scene__002,01001020_宋江闹院.pdf,D:\University_studies\Junior\data_visualization\experiment\final_self\opera_dataset\01000000\01001020_宋江闹院.pdf,01000000/01001020_宋江闹院.pdf,62507f36-aa22-4065-bb0f-f7de69f87e7c,2,【第二场】,28,dialogue,dialogue,阎惜姣,pdf_01000000__01001020___4ed03adea1__char__897332419a,白,白,白,来；拿；念白,阎惜姣,"颜色不对,你就不该来。你拿过来罢!","阎惜姣（白）颜色不对,你就不该来。你拿过来罢!"
pdf_01000000__01001020___4ed03adea1,宋江闹院,pdf_01000000__01001020___4ed03adea1__line__000028,pdf_01000000__01001020___4ed03adea1__scene__002,01001020_宋江闹院.pdf,D:\University_studies\Junior\data_visualization\experiment\final_self\opera_dataset\01000000\01001020_宋江闹院.pdf,01000000/01001020_宋江闹院.pdf,62507f36-aa22-4065-bb0f-f7de69f87e7c,2,【第二场】,28,dialogue,dialogue,宋江,pdf_01000000__01001020___4ed03adea1__char__6d76ac7bcd,白,白,白,进；来；念白,宋江,"宋大爷往日进得院来,你欢天喜地。今日进得院来,面带忧愁,莫非有什么心事不成?","宋江（白）宋大爷往日进得院来,你欢天喜地。今日进得院来,面带忧愁,莫非有什么心事不成?"
pdf_01000000__01001020___4ed03adea1,宋江闹院,pdf_01000000__01001020___4ed03adea1__line__000028,pdf_01000000__01001020___4ed03adea1__scene__002,01001020_宋江闹院.pdf,D:\University_studies\Junior\data_visualization\experiment\final_self\opera_dataset\01000000\01001020_宋江闹院.pdf,01000000/01001020_宋江闹院.pdf,62507f36-aa22-4065-bb0f-f7de69f87e7c,2,【第二场】,28,dialogue,dialogue,阎惜姣,pdf_01000000__01001020___4ed03adea1__char__897332419a,白,白,白,念白,阎惜姣,没有心事。,阎惜姣（白）没有心事。
pdf_01000000__01001020___4ed03adea1,宋江闹院,pdf_01000000__01001020___4ed03adea1__line__000028,pdf_01000000__01001020___4ed03adea1__scene__002,01001020_宋江闹院.pdf,D:\University_studies\Junior\data_visualization\experiment\final_self\opera_dataset\01000000\01001020_宋江闹院.pdf,01000000/01001020_宋江闹院.pdf,62507f36-aa22-4065-bb0f-f7de69f87e7c,2,【第二场】,28,dialogue,dialogue,宋江,pdf_01000000__01001020___4ed03adea1__char__6d76ac7bcd,白,白,白,念白,宋江,一定有心事。,宋江（白）一定有心事。
pdf_01000000__01001020___4ed03adea1,宋江闹院,pdf_01000000__01001020___4ed03adea1__line__000028,pdf_01000000__01001020___4ed03adea1__scene__002,01001020_宋江闹院.pdf,D:\University_studies\Junior\data_visualization\experiment\final_self\opera_dataset\01000000\01001020_宋江闹院.pdf,01000000/01001020_宋江闹院.pdf,62507f36-aa22-4065-bb0f-f7de69f87e7c,2,【第二场】,28,dialogue,dialogue,阎惜姣,pdf_01000000__01001020___4ed03adea1__char__897332419a,白,白,白,念白,阎惜姣,"慢说没有心事,纵有心事,你也猜不着。","阎惜姣（白）慢说没有心事,纵有心事,你也猜不着。"
pdf_01000000__01001020___4ed03adea1,宋江闹院,pdf_01000000__01001020___4ed03adea1__line__000028,pdf_01000000__01001020___4ed03adea1__scene__002,01001020_宋江闹院.pdf,D:\University_studies\Junior\data_visualization\experiment\final_self\opera_dataset\01000000\01001020_宋江闹院.pdf,01000000/01001020_宋江闹院.pdf,62507f36-aa22-4065-bb0f-f7de69f87e7c,2,【第二场】,28,dialogue,dialogue,宋江,pdf_01000000__01001020___4ed03adea1__char__6d76ac7bcd,白,白,白,念白,宋江,"慢说大姐心事,就是我父母太爷的心事,不猜便罢......","宋江（白）慢说大姐心事,就是我父母太爷的心事,不猜便罢......"
pdf_01000000__01001020___4ed03adea1,宋江闹院,pdf_01000000__01001020___4ed03adea1__line__000028,pdf_01000000__01001020___4ed03adea1__scene__002,01001020_宋江闹院.pdf,D:\University_studies\Junior\data_visualization\experiment\final_self\opera_dataset\01000000\01001020_宋江闹院.pdf,01000000/01001020_宋江闹院.pdf,62507f36-aa22-4065-bb0f-f7de69f87e7c,2,【第二场】,28,dialogue,dialogue,阎惜姣,pdf_01000000__01001020___4ed03adea1__char__897332419a,白,白,白,念白,阎惜姣,要猜呢?,阎惜姣（白）要猜呢?
pdf_01000000__01001020___4ed03adea1,宋江闹院,pdf_01000000__01001020___4ed03adea1__line__000028,pdf_01000000__01001020___4ed03adea1__scene__002,01001020_宋江闹院.pdf,D:\University_studies\Junior\data_visualization\experiment\final_self\opera_dataset\01000000\01001020_宋江闹院.pdf,01000000/01001020_宋江闹院.pdf,62507f36-aa22-4065-bb0f-f7de69f87e7c,2,【第二场】,28,dialogue,dialogue,宋江,pdf_01000000__01001020___4ed03adea1__char__6d76ac7bcd,白,白,白,念白,宋江,猜他个八九不离十。,宋江（白）猜他个八九不离十。
pdf_01000000__01001020___4ed03adea1,宋江闹院,pdf_01000000__01001020___4ed03adea1__line__000028,pdf_01000000__01001020___4ed03adea1__scene__002,01001020_宋江闹院.pdf,D:\University_studies\Junior\data_visualization\experiment\final_self\opera_dataset\01000000\01001020_宋江闹院.pdf,01000000/01001020_宋江闹院.pdf,62507f36-aa22-4065-bb0f-f7de69f87e7c,2,【第二场】,28,dialogue,dialogue,阎惜姣,pdf_01000000__01001020___4ed03adea1__char__897332419a,白,白,白,念白,阎惜姣,你不要猜。,阎惜姣（白）你不要猜。
pdf_01000000__01001020___4ed03adea1,宋江闹院,pdf_01000000__01001020___4ed03adea1__line__000028,pdf_01000000__01001020___4ed03adea1__scene__002,01001020_宋江闹院.pdf,D:\University_studies\Junior\data_visualization\experiment\final_self\opera_dataset\01000000\01001020_宋江闹院.pdf,01000000/01001020_宋江闹院.pdf,62507f36-aa22-4065-bb0f-f7de69f87e7c,2,【第二场】,28,dialogue,dialogue,宋江,pdf_01000000__01001020___4ed03adea1__char__6d76ac7bcd,白,白,白,念白,宋江,一定要猜。,宋江（白）一定要猜。
pdf_01000000__01001020___4ed03adea1,宋江闹院,pdf_01000000__01001020___4ed03adea1__line__000028,pdf_01000000__01001020___4ed03adea1__scene__002,01001020_宋江闹院.pdf,D:\University_studies\Junior\data_visualization\experiment\final_self\opera_dataset\01000000\01001020_宋江闹院.pdf,01000000/01001020_宋江闹院.pdf,62507f36-aa22-4065-bb0f-f7de69f87e7c,2,【第二场】,28,dialogue,dialogue,阎惜姣,pdf_01000000__01001020___4ed03adea1__char__897332419a,白,白,白,念白,阎惜姣,你就猜。,阎惜姣（白）你就猜。
pdf_01000000__01001020___4ed03adea1,宋江闹院,pdf_01000000__01001020___4ed03adea1__line__000028,pdf_01000000__01001020___4ed03adea1__scene__002,01001020_宋江闹院.pdf,D:\University_studies\Junior\data_visualization\experiment\final_self\opera_dataset\01000000\01001020_宋江闹院.pdf,01000000/01001020_宋江闹院.pdf,62507f36-aa22-4065-bb0f-f7de69f87e7c,2,【第二场】,28,dialogue,dialogue,宋江,pdf_01000000__01001020___4ed03adea1__char__6d76ac7bcd,白,白,白,念白,宋江,大姐听了:,宋江（白）大姐听了:
pdf_01000000__01001020___4ed03adea1,宋江闹院,pdf_01000000__01001020___4ed03adea1__line__000028,pdf_01000000__01001020___4ed03adea1__scene__002,01001020_宋江闹院.pdf,D:\University_studies\Junior\data_visualization\experiment\final_self\opera_dataset\01000000\01001020_宋江闹院.pdf,01000000/01001020_宋江闹院.pdf,62507f36-aa22-4065-bb0f-f7de69f87e7c,2,【第二场】,28,dialogue,dialogue,阎惜姣,pdf_01000000__01001020___4ed03adea1__char__897332419a,白,白,白,念白,阎惜姣,"宋大爷,你这头一猜......","阎惜姣（白）宋大爷,你这头一猜......"
pdf_01000000__01001020___4ed03adea1,宋江闹院,pdf_01000000__01001020___4ed03adea1__line__000028,pdf_01000000__01001020___4ed03adea1__scene__002,01001020_宋江闹院.pdf,D:\University_studies\Junior\data_visualization\experiment\final_self\opera_dataset\01000000\01001020_宋江闹院.pdf,01000000/01001020_宋江闹院.pdf,62507f36-aa22-4065-bb0f-f7de69f87e7c,2,【第二场】,28,dialogue,dialogue,宋江,pdf_01000000__01001020___4ed03adea1__char__6d76ac7bcd,白,白,白,念白,宋江,猜着了?,宋江（白）猜着了?
pdf_01000000__01001020___4ed03adea1,宋江闹院,pdf_01000000__01001020___4ed03adea1__line__000028,pdf_01000000__01001020___4ed03adea1__scene__002,01001020_宋江闹院.pdf,D:\University_studies\Junior\data_visualization\experiment\final_self\opera_dataset\01000000\01001020_宋江闹院.pdf,01000000/01001020_宋江闹院.pdf,62507f36-aa22-4065-bb0f-f7de69f87e7c,2,【第二场】,28,dialogue,dialogue,阎惜姣,pdf_01000000__01001020___4ed03adea1__char__897332419a,白,白,白,念白,阎惜姣,猜错了!,阎惜姣（白）猜错了!
pdf_01000000__01001020___4ed03adea1,宋江闹院,pdf_01000000__01001020___4ed03adea1__line__000028,pdf_01000000__01001020___4ed03adea1__scene__002,01001020_宋江闹院.pdf,D:\University_studies\Junior\data_visualization\experiment\final_self\opera_dataset\01000000\01001020_宋江闹院.pdf,01000000/01001020_宋江闹院.pdf,62507f36-aa22-4065-bb0f-f7de69f87e7c,2,【第二场】,28,dialogue,dialogue,宋江,pdf_01000000__01001020___4ed03adea1__char__6d76ac7bcd,白,白,白,念白,宋江,怎么猜错呢?,宋江（白）怎么猜错呢?
pdf_01000000__01001020___4ed03adea1,宋江闹院,pdf_01000000__01001020___4ed03adea1__line__000028,pdf_01000000__01001020___4ed03adea1__scene__002,01001020_宋江闹院.pdf,D:\University_studies\Junior\data_visualization\experiment\final_self\opera_dataset\01000000\01001020_宋江闹院.pdf,01000000/01001020_宋江闹院.pdf,62507f36-aa22-4065-bb0f-f7de69f87e7c,2,【第二场】,28,dialogue,dialogue,阎惜姣,pdf_01000000__01001020___4ed03adea1__char__897332419a,白,白,白,念白,阎惜姣,"想我们平等人家,吃的是鸡鸭鱼肉,还要吃什么龙肝凤目不成?不是的。","阎惜姣（白）想我们平等人家,吃的是鸡鸭鱼肉,还要吃什么龙肝凤目不成?不是的。"
pdf_01000000__01001020___4ed03adea1,宋江闹院,pdf_01000000__01001020___4ed03adea1__line__000028,pdf_01000000__01001020___4ed03adea1__scene__002,01001020_宋江闹院.pdf,D:\University_studies\Junior\data_visualization\experiment\final_self\opera_dataset\01000000\01001020_宋江闹院.pdf,01000000/01001020_宋江闹院.pdf,62507f36-aa22-4065-bb0f-f7de69f87e7c,2,【第二场】,28,dialogue,dialogue,宋江,pdf_01000000__01001020___4ed03adea1__char__6d76ac7bcd,白,白,白,念白,宋江,"哦,猜错了?","宋江（白）哦,猜错了?"
pdf_01000000__01001020___4ed03adea1,宋江闹院,pdf_01000000__01001020___4ed03adea1__line__000028,pdf_01000000__01001020___4ed03adea1__scene__002,01001020_宋江闹院.pdf,D:\University_studies\Junior\data_visualization\experiment\final_self\opera_dataset\01000000\01001020_宋江闹院.pdf,01000000/01001020_宋江闹院.pdf,62507f36-aa22-4065-bb0f-f7de69f87e7c,2,【第二场】,28,dialogue,dialogue,阎惜姣,pdf_01000000__01001020___4ed03adea1__char__897332419a,白,白,白,念白,阎惜姣,猜错了。,阎惜姣（白）猜错了。
pdf_01000000__01001020___4ed03adea1,宋江闹院,pdf_01000000__01001020___4ed03adea1__line__000028,pdf_01000000__01001020___4ed03adea1__scene__002,01001020_宋江闹院.pdf,D:\University_studies\Junior\data_visualization\experiment\final_self\opera_dataset\01000000\01001020_宋江闹院.pdf,01000000/01001020_宋江闹院.pdf,62507f36-aa22-4065-bb0f-f7de69f87e7c,2,【第二场】,28,dialogue,dialogue,宋江,pdf_01000000__01001020___4ed03adea1__char__6d76ac7bcd,白,白,白,念白,宋江,听了。,宋江（白）听了。
pdf_01000000__01001020___4ed03adea1,宋江闹院,pdf_01000000__01001020___4ed03adea1__line__000028,pdf_01000000__01001020___4ed03adea1__scene__002,01001020_宋江闹院.pdf,D:\University_studies\Junior\data_visualization\experiment\final_self\opera_dataset\01000000\01001020_宋江闹院.pdf,01000000/01001020_宋江闹院.pdf,62507f36-aa22-4065-bb0f-f7de69f87e7c,2,【第二场】,28,dialogue,dialogue,阎惜姣,pdf_01000000__01001020___4ed03adea1__char__897332419a,白,白,白,念白,阎惜姣,"宋大爷,你这第二猜......","阎惜姣（白）宋大爷,你这第二猜......"
pdf_01000000__01001020___4ed03adea1,宋江闹院,pdf_01000000__01001020___4ed03adea1__line__000028,pdf_01000000__01001020___4ed03adea1__scene__002,01001020_宋江闹院.pdf,D:\University_studies\Junior\data_visualization\experiment\final_self\opera_dataset\01000000\01001020_宋江闹院.pdf,01000000/01001020_宋江闹院.pdf,62507f36-aa22-4065-bb0f-f7de69f87e7c,2,【第二场】,28,dialogue,dialogue,宋江,pdf_01000000__01001020___4ed03adea1__char__6d76ac7bcd,白,白,白,念白,宋江,猜着了?,宋江（白）猜着了?
pdf_01000000__01001020___4ed03adea1,宋江闹院,pdf_01000000__01001020___4ed03adea1__line__000028,pdf_01000000__01001020___4ed03adea1__scene__002,01001020_宋江闹院.pdf,D:\University_studies\Junior\data_visualization\experiment\final_self\opera_dataset\01000000\01001020_宋江闹院.pdf,01000000/01001020_宋江闹院.pdf,62507f36-aa22-4065-bb0f-f7de69f87e7c,2,【第二场】,28,dialogue,dialogue,阎惜姣,pdf_01000000__01001020___4ed03adea1__char__897332419a,白,白,白,念白,阎惜姣,你又猜错了!,阎惜姣（白）你又猜错了!
pdf_01000000__01001020___4ed03adea1,宋江闹院,pdf_01000000__01001020___4ed03adea1__line__000028,pdf_01000000__01001020___4ed03adea1__scene__002,01001020_宋江闹院.pdf,D:\University_studies\Junior\data_visualization\experiment\final_self\opera_dataset\01000000\01001020_宋江闹院.pdf,01000000/01001020_宋江闹院.pdf,62507f36-aa22-4065-bb0f-f7de69f87e7c,2,【第二场】,28,dialogue,dialogue,宋江,pdf_01000000__01001020___4ed03adea1__char__6d76ac7bcd,白,白,白,念白,宋江,怎么又猜错呢?,宋江（白）怎么又猜错呢?
pdf_01000000__01001020___4ed03adea1,宋江闹院,pdf_01000000__01001020___4ed03adea1__line__000028,pdf_01000000__01001020___4ed03adea1__scene__002,01001020_宋江闹院.pdf,D:\University_studies\Junior\data_visualization\experiment\final_self\opera_dataset\01000000\01001020_宋江闹院.pdf,01000000/01001020_宋江闹院.pdf,62507f36-aa22-4065-bb0f-f7de69f87e7c,2,【第二场】,28,dialogue,dialogue,阎惜姣,pdf_01000000__01001020___4ed03adea1__char__897332419a,白,白,白,道；念白,阎惜姣,"想我们平等人家,穿的是绫罗绸缎。难道呀穿什么描龙绣凤不成?不是的。","阎惜姣（白）想我们平等人家,穿的是绫罗绸缎。难道呀穿什么描龙绣凤不成?不是的。"
pdf_01000000__01001020___4ed03adea1,宋江闹院,pdf_01000000__01001020___4ed03adea1__line__000028,pdf_01000000__01001020___4ed03adea1__scene__002,01001020_宋江闹院.pdf,D:\University_studies\Junior\data_visualization\experiment\final_self\opera_dataset\01000000\01001020_宋江闹院.pdf,01000000/01001020_宋江闹院.pdf,62507f36-aa22-4065-bb0f-f7de69f87e7c,2,【第二场】,28,dialogue,dialogue,宋江,pdf_01000000__01001020___4ed03adea1__char__6d76ac7bcd,白,白,白,念白,宋江,哦?不是的。再猜。,宋江（白）哦?不是的。再猜。
pdf_01000000__01001020___4ed03adea1,宋江闹院,pdf_01000000__01001020___4ed03adea1__line__000028,pdf_01000000__01001020___4ed03adea1__scene__002,01001020_宋江闹院.pdf,D:\University_studies\Junior\data_visualization\experiment\final_self\opera_dataset\01000000\01001020_宋江闹院.pdf,01000000/01001020_宋江闹院.pdf,62507f36-aa22-4065-bb0f-f7de69f87e7c,2,【第二场】,28,dialogue,dialogue,阎惜姣,pdf_01000000__01001020___4ed03adea1__char__897332419a,白,白,白,看；念白,阎惜姣,"想那街坊是好街坊,邻居是好邻居。慢说我得罪不着他们,就是得罪他们,还要看宋大爷三分金面。不是的。","阎惜姣（白）想那街坊是好街坊,邻居是好邻居。慢说我得罪不着他们,就是得罪他们,还要看宋大爷三分金面。不是的。"
pdf_01000000__01001020___4ed03adea1,宋江闹院,pdf_01000000__01001020___4ed03adea1__line__000028,pdf_01000000__01001020___4ed03adea1__scene__002,01001020_宋江闹院.pdf,D:\University_studies\Junior\data_visualization\experiment\final_self\opera_dataset\01000000\01001020_宋江闹院.pdf,01000000/01001020_宋江闹院.pdf,62507f36-aa22-4065-bb0f-f7de69f87e7c,2,【第二场】,28,dialogue,dialogue,宋江,pdf_01000000__01001020___4ed03adea1__char__6d76ac7bcd,白,白,白,来；念白,宋江,"哦,又不是的。我再来猜。","宋江（白）哦,又不是的。我再来猜。"
pdf_01000000__01001020___4ed03adea1,宋江闹院,pdf_01000000__01001020___4ed03adea1__line__000028,pdf_01000000__01001020___4ed03adea1__scene__002,01001020_宋江闹院.pdf,D:\University_studies\Junior\data_visualization\experiment\final_self\opera_dataset\01000000\01001020_宋江闹院.pdf,01000000/01001020_宋江闹院.pdf,62507f36-aa22-4065-bb0f-f7de69f87e7c,2,【第二场】,28,dialogue,dialogue,阎惜姣,pdf_01000000__01001020___4ed03adea1__char__897332419a,白,白,白,念白,阎惜姣,"宋大爷,你越猜越不对了!","阎惜姣（白）宋大爷,你越猜越不对了!"
pdf_01000000__01001020___4ed03adea1,宋江闹院,pdf_01000000__01001020___4ed03adea1__line__000028,pdf_01000000__01001020___4ed03adea1__scene__002,01001020_宋江闹院.pdf,D:\University_studies\Junior\data_visualization\experiment\final_self\opera_dataset\01000000\01001020_宋江闹院.pdf,01000000/01001020_宋江闹院.pdf,62507f36-aa22-4065-bb0f-f7de69f87e7c,2,【第二场】,28,dialogue,dialogue,宋江,pdf_01000000__01001020___4ed03adea1__char__6d76ac7bcd,白,白,白,念白,宋江,怎么越不对了?,宋江（白）怎么越不对了?
pdf_01000000__01001020___4ed03adea1,宋江闹院,pdf_01000000__01001020___4ed03adea1__line__000028,pdf_01000000__01001020___4ed03adea1__scene__002,01001020_宋江闹院.pdf,D:\University_studies\Junior\data_visualization\experiment\final_self\opera_dataset\01000000\01001020_宋江闹院.pdf,01000000/01001020_宋江闹院.pdf,62507f36-aa22-4065-bb0f-f7de69f87e7c,2,【第二场】,28,dialogue,dialogue,阎惜姣,pdf_01000000__01001020___4ed03adea1__char__897332419a,白,白,白,打；念白,阎惜姣,"想那妈儿娘,她是我的妈,打也打得,骂也骂得。不是的。","阎惜姣（白）想那妈儿娘,她是我的妈,打也打得,骂也骂得。不是的。"
pdf_01000000__01001020___4ed03adea1,宋江闹院,pdf_01000000__01001020___4ed03adea1__line__000028,pdf_01000000__01001020___4ed03adea1__scene__002,01001020_宋江闹院.pdf,D:\University_studies\Junior\data_visualization\experiment\final_self\opera_dataset\01000000\01001020_宋江闹院.pdf,01000000/01001020_宋江闹院.pdf,62507f36-aa22-4065-bb0f-f7de69f87e7c,2,【第二场】,28,dialogue,dialogue,宋江,pdf_01000000__01001020___4ed03adea1__char__6d76ac7bcd,白,白,白,念白,宋江,又不是的啊。,宋江（白）又不是的啊。
pdf_01000000__01001020___4ed03adea1,宋江闹院,pdf_01000000__01001020___4ed03adea1__line__000028,pdf_01000000__01001020___4ed03adea1__scene__002,01001020_宋江闹院.pdf,D:\University_studies\Junior\data_visualization\experiment\final_self\opera_dataset\01000000\01001020_宋江闹院.pdf,01000000/01001020_宋江闹院.pdf,62507f36-aa22-4065-bb0f-f7de69f87e7c,2,【第二场】,28,dialogue,dialogue,阎惜姣,pdf_01000000__01001020___4ed03adea1__char__897332419a,白,白,白,念白,阎惜姣,"你猜不着,不要猜了。","阎惜姣（白）你猜不着,不要猜了。"
pdf_01000000__01001020___4ed03adea1,宋江闹院,pdf_01000000__01001020___4ed03adea1__line__000028,pdf_01000000__01001020___4ed03adea1__scene__002,01001020_宋江闹院.pdf,D:\University_studies\Junior\data_visualization\experiment\final_self\opera_dataset\01000000\01001020_宋江闹院.pdf,01000000/01001020_宋江闹院.pdf,62507f36-aa22-4065-bb0f-f7de69f87e7c,2,【第二场】,28,dialogue,dialogue,宋江,pdf_01000000__01001020___4ed03adea1__char__6d76ac7bcd,白,白,白,念白,宋江,我一定要猜!,宋江（白）我一定要猜!
pdf_01000000__01001020___4ed03adea1,宋江闹院,pdf_01000000__01001020___4ed03adea1__line__000028,pdf_01000000__01001020___4ed03adea1__scene__002,01001020_宋江闹院.pdf,D:\University_studies\Junior\data_visualization\experiment\final_self\opera_dataset\01000000\01001020_宋江闹院.pdf,01000000/01001020_宋江闹院.pdf,62507f36-aa22-4065-bb0f-f7de69f87e7c,2,【第二场】,28,dialogue,dialogue,宋江,pdf_01000000__01001020___4ed03adea1__char__6d76ac7bcd,白,白,白,来；念白,宋江,"大姐,你过来。我这一猜,一定猜着了!","宋江（白）大姐,你过来。我这一猜,一定猜着了!"
pdf_01000000__01001020___4ed03adea1,宋江闹院,pdf_01000000__01001020___4ed03adea1__line__000028,pdf_01000000__01001020___4ed03adea1__scene__002,01001020_宋江闹院.pdf,D:\University_studies\Junior\data_visualization\experiment\final_self\opera_dataset\01000000\01001020_宋江闹院.pdf,01000000/01001020_宋江闹院.pdf,62507f36-aa22-4065-bb0f-f7de69f87e7c,2,【第二场】,28,dialogue,dialogue,阎惜姣,pdf_01000000__01001020___4ed03adea1__char__897332419a,白,白,白,念白,阎惜姣,真有你的!,阎惜姣（白）真有你的!
pdf_01000000__01001020___4ed03adea1,宋江闹院,pdf_01000000__01001020___4ed03adea1__line__000028,pdf_01000000__01001020___4ed03adea1__scene__002,01001020_宋江闹院.pdf,D:\University_studies\Junior\data_visualization\experiment\final_self\opera_dataset\01000000\01001020_宋江闹院.pdf,01000000/01001020_宋江闹院.pdf,62507f36-aa22-4065-bb0f-f7de69f87e7c,2,【第二场】,28,dialogue,dialogue,宋江,pdf_01000000__01001020___4ed03adea1__char__6d76ac7bcd,白,白,白,念白,宋江,"哦,猜着了?","宋江（白）哦,猜着了?"
pdf_01000000__01001020___4ed03adea1,宋江闹院,pdf_01000000__01001020___4ed03adea1__line__000028,pdf_01000000__01001020___4ed03adea1__scene__002,01001020_宋江闹院.pdf,D:\University_studies\Junior\data_visualization\experiment\final_self\opera_dataset\01000000\01001020_宋江闹院.pdf,01000000/01001020_宋江闹院.pdf,62507f36-aa22-4065-bb0f-f7de69f87e7c,2,【第二场】,28,dialogue,dialogue,阎惜姣,pdf_01000000__01001020___4ed03adea1__char__897332419a,白,白,白,念白,阎惜姣,可不是猜着呢!,阎惜姣（白）可不是猜着呢!
pdf_01000000__01001020___4ed03adea1,宋江闹院,pdf_01000000__01001020___4ed03adea1__line__000028,pdf_01000000__01001020___4ed03adea1__scene__002,01001020_宋江闹院.pdf,D:\University_studies\Junior\data_visualization\experiment\final_self\opera_dataset\01000000\01001020_宋江闹院.pdf,01000000/01001020_宋江闹院.pdf,62507f36-aa22-4065-bb0f-f7de69f87e7c,2,【第二场】,28,dialogue,dialogue,宋江,pdf_01000000__01001020___4ed03adea1__char__6d76ac7bcd,白,白,白,念白,宋江,你是想我?,宋江（白）你是想我?
pdf_01000000__01001020___4ed03adea1,宋江闹院,pdf_01000000__01001020___4ed03adea1__line__000028,pdf_01000000__01001020___4ed03adea1__scene__002,01001020_宋江闹院.pdf,D:\University_studies\Junior\data_visualization\experiment\final_self\opera_dataset\01000000\01001020_宋江闹院.pdf,01000000/01001020_宋江闹院.pdf,62507f36-aa22-4065-bb0f-f7de69f87e7c,2,【第二场】,28,dialogue,dialogue,阎惜姣,pdf_01000000__01001020___4ed03adea1__char__897332419a,白,白,白,念白,阎惜姣,可不是想你么!,阎惜姣（白）可不是想你么!
pdf_01000000__01001020___4ed03adea1,宋江闹院,pdf_01000000__01001020___4ed03adea1__line__000028,pdf_01000000__01001020___4ed03adea1__scene__002,01001020_宋江闹院.pdf,D:\University_studies\Junior\data_visualization\experiment\final_self\opera_dataset\01000000\01001020_宋江闹院.pdf,01000000/01001020_宋江闹院.pdf,62507f36-aa22-4065-bb0f-f7de69f87e7c,2,【第二场】,28,dialogue,dialogue,宋江,pdf_01000000__01001020___4ed03adea1__char__6d76ac7bcd,白,白,白,请；坐；念白,宋江,"哎呀,我说大姐的心事,果然被我猜着了。请坐请坐。大姐你几时想我?","宋江（白）哎呀,我说大姐的心事,果然被我猜着了。请坐请坐。大姐你几时想我?"
pdf_01000000__01001020___4ed03adea1,宋江闹院,pdf_01000000__01001020___4ed03adea1__line__000028,pdf_01000000__01001020___4ed03adea1__scene__002,01001020_宋江闹院.pdf,D:\University_studies\Junior\data_visualization\experiment\final_self\opera_dataset\01000000\01001020_宋江闹院.pdf,01000000/01001020_宋江闹院.pdf,62507f36-aa22-4065-bb0f-f7de69f87e7c,2,【第二场】,28,dialogue,dialogue,阎惜姣,pdf_01000000__01001020___4ed03adea1__char__897332419a,白,白,白,念白,阎惜姣,我前天就想你。,阎惜姣（白）我前天就想你。
pdf_01000000__01001020___4ed03adea1,宋江闹院,pdf_01000000__01001020___4ed03adea1__line__000028,pdf_01000000__01001020___4ed03adea1__scene__002,01001020_宋江闹院.pdf,D:\University_studies\Junior\data_visualization\experiment\final_self\opera_dataset\01000000\01001020_宋江闹院.pdf,01000000/01001020_宋江闹院.pdf,62507f36-aa22-4065-bb0f-f7de69f87e7c,2,【第二场】,28,dialogue,dialogue,宋江,pdf_01000000__01001020___4ed03adea1__char__6d76ac7bcd,白,白,白,念白,宋江,衙前有事。,宋江（白）衙前有事。
pdf_01000000__01001020___4ed03adea1,宋江闹院,pdf_01000000__01001020___4ed03adea1__line__000028,pdf_01000000__01001020___4ed03adea1__scene__002,01001020_宋江闹院.pdf,D:\University_studies\Junior\data_visualization\experiment\final_self\opera_dataset\01000000\01001020_宋江闹院.pdf,01000000/01001020_宋江闹院.pdf,62507f36-aa22-4065-bb0f-f7de69f87e7c,2,【第二场】,28,dialogue,dialogue,阎惜姣,pdf_01000000__01001020___4ed03adea1__char__897332419a,白,白,白,念白,阎惜姣,昨天想你。,阎惜姣（白）昨天想你。
pdf_01000000__01001020___4ed03adea1,宋江闹院,pdf_01000000__01001020___4ed03adea1__line__000028,pdf_01000000__01001020___4ed03adea1__scene__002,01001020_宋江闹院.pdf,D:\University_studies\Junior\data_visualization\experiment\final_self\opera_dataset\01000000\01001020_宋江闹院.pdf,01000000/01001020_宋江闹院.pdf,62507f36-aa22-4065-bb0f-f7de69f87e7c,2,【第二场】,28,dialogue,dialogue,宋江,pdf_01000000__01001020___4ed03adea1__char__6d76ac7bcd,白,白,白,念白,宋江,朋友吃酒。,宋江（白）朋友吃酒。
pdf_01000000__01001020___4ed03adea1,宋江闹院,pdf_01000000__01001020___4ed03adea1__line__000028,pdf_01000000__01001020___4ed03adea1__scene__002,01001020_宋江闹院.pdf,D:\University_studies\Junior\data_visualization\experiment\final_self\opera_dataset\01000000\01001020_宋江闹院.pdf,01000000/01001020_宋江闹院.pdf,62507f36-aa22-4065-bb0f-f7de69f87e7c,2,【第二场】,28,dialogue,dialogue,阎惜姣,pdf_01000000__01001020___4ed03adea1__char__897332419a,白,白,白,念白,阎惜姣,今天又想你。,阎惜姣（白）今天又想你。
pdf_01000000__01001020___4ed03adea1,宋江闹院,pdf_01000000__01001020___4ed03adea1__line__000028,pdf_01000000__01001020___4ed03adea1__scene__002,01001020_宋江闹院.pdf,D:\University_studies\Junior\data_visualization\experiment\final_self\opera_dataset\01000000\01001020_宋江闹院.pdf,01000000/01001020_宋江闹院.pdf,62507f36-aa22-4065-bb0f-f7de69f87e7c,2,【第二场】,28,dialogue,dialogue,宋江,pdf_01000000__01001020___4ed03adea1__char__6d76ac7bcd,白,白,白,来；念白,宋江,"今天想我,我倒偏偏地来了!","宋江（白）今天想我,我倒偏偏地来了!"
pdf_01000000__01001020___4ed03adea1,宋江闹院,pdf_01000000__01001020___4ed03adea1__line__000028,pdf_01000000__01001020___4ed03adea1__scene__002,01001020_宋江闹院.pdf,D:\University_studies\Junior\data_visualization\experiment\final_self\opera_dataset\01000000\01001020_宋江闹院.pdf,01000000/01001020_宋江闹院.pdf,62507f36-aa22-4065-bb0f-f7de69f87e7c,2,【第二场】,28,dialogue,dialogue,阎惜姣,pdf_01000000__01001020___4ed03adea1__char__897332419a,白,白,白,念白,阎惜姣,今天想得厉害。,阎惜姣（白）今天想得厉害。
pdf_01000000__01001020___4ed03adea1,宋江闹院,pdf_01000000__01001020___4ed03adea1__line__000028,pdf_01000000__01001020___4ed03adea1__scene__002,01001020_宋江闹院.pdf,D:\University_studies\Junior\data_visualization\experiment\final_self\opera_dataset\01000000\01001020_宋江闹院.pdf,01000000/01001020_宋江闹院.pdf,62507f36-aa22-4065-bb0f-f7de69f87e7c,2,【第二场】,28,dialogue,dialogue,宋江,pdf_01000000__01001020___4ed03adea1__char__6d76ac7bcd,白,白,白,念白,宋江,怎么样的厉害?,宋江（白）怎么样的厉害?
pdf_01000000__01001020___4ed03adea1,宋江闹院,pdf_01000000__01001020___4ed03adea1__line__000028,pdf_01000000__01001020___4ed03adea1__scene__002,01001020_宋江闹院.pdf,D:\University_studies\Junior\data_visualization\experiment\final_self\opera_dataset\01000000\01001020_宋江闹院.pdf,01000000/01001020_宋江闹院.pdf,62507f36-aa22-4065-bb0f-f7de69f87e7c,2,【第二场】,28,dialogue,dialogue,阎惜姣,pdf_01000000__01001020___4ed03adea1__char__897332419a,白,白,白,来；拿；念白,阎惜姣,"清早起来,头也不梳,脚也不裹。前厅跑到后院,后院跑到厨房。左手拿一盆凉水,右手拿住蒜瓣。喝口凉水,咬口蒜瓣......","阎惜姣（白）清早起来,头也不梳,脚也不裹。前厅跑到后院,后院跑到厨房。左手拿一盆凉水,右手拿住蒜瓣。喝口凉水,咬口蒜瓣......"
pdf_01000000__01001020___4ed03adea1,宋江闹院,pdf_01000000__01001020___4ed03adea1__line__000028,pdf_01000000__01001020___4ed03adea1__scene__002,01001020_宋江闹院.pdf,D:\University_studies\Junior\data_visualization\experiment\final_self\opera_dataset\01000000\01001020_宋江闹院.pdf,01000000/01001020_宋江闹院.pdf,62507f36-aa22-4065-bb0f-f7de69f87e7c,2,【第二场】,28,dialogue,dialogue,宋江,pdf_01000000__01001020___4ed03adea1__char__6d76ac7bcd,白,白,白,叫；念白,宋江,这叫怎么想法?,宋江（白）这叫怎么想法?
pdf_01000000__01001020___4ed03adea1,宋江闹院,pdf_01000000__01001020___4ed03adea1__line__000028,pdf_01000000__01001020___4ed03adea1__scene__002,01001020_宋江闹院.pdf,D:\University_studies\Junior\data_visualization\experiment\final_self\opera_dataset\01000000\01001020_宋江闹院.pdf,01000000/01001020_宋江闹院.pdf,62507f36-aa22-4065-bb0f-f7de69f87e7c,2,【第二场】,28,dialogue,dialogue,阎惜姣,pdf_01000000__01001020___4ed03adea1__char__897332419a,白,白,白,叫；念白,阎惜姣,这叫做淡想。淡想想断了肝肠!,阎惜姣（白）这叫做淡想。淡想想断了肝肠!
pdf_01000000__01001020___4ed03adea1,宋江闹院,pdf_01000000__01001020___4ed03adea1__line__000028,pdf_01000000__01001020___4ed03adea1__scene__002,01001020_宋江闹院.pdf,D:\University_studies\Junior\data_visualization\experiment\final_self\opera_dataset\01000000\01001020_宋江闹院.pdf,01000000/01001020_宋江闹院.pdf,62507f36-aa22-4065-bb0f-f7de69f87e7c,2,【第二场】,28,dialogue,dialogue,宋江,pdf_01000000__01001020___4ed03adea1__char__6d76ac7bcd,白,白,白,念白,宋江,"啊,大姐,只怕不是想我!","宋江（白）啊,大姐,只怕不是想我!"
pdf_01000000__01001020___4ed03adea1,宋江闹院,pdf_01000000__01001020___4ed03adea1__line__000028,pdf_01000000__01001020___4ed03adea1__scene__002,01001020_宋江闹院.pdf,D:\University_studies\Junior\data_visualization\experiment\final_self\opera_dataset\01000000\01001020_宋江闹院.pdf,01000000/01001020_宋江闹院.pdf,62507f36-aa22-4065-bb0f-f7de69f87e7c,2,【第二场】,28,dialogue,dialogue,阎惜姣,pdf_01000000__01001020___4ed03adea1__char__897332419a,白,白,白,念白,阎惜姣,我不想你谁想你?,阎惜姣（白）我不想你谁想你?
pdf_01000000__01001020___4ed03adea1,宋江闹院,pdf_01000000__01001020___4ed03adea1__line__000028,pdf_01000000__01001020___4ed03adea1__scene__002,01001020_宋江闹院.pdf,D:\University_studies\Junior\data_visualization\experiment\final_self\opera_dataset\01000000\01001020_宋江闹院.pdf,01000000/01001020_宋江闹院.pdf,62507f36-aa22-4065-bb0f-f7de69f87e7c,2,【第二场】,28,dialogue,dialogue,宋江,pdf_01000000__01001020___4ed03adea1__char__6d76ac7bcd,白,白,白,念白,宋江,大姐你想我?,宋江（白）大姐你想我?
pdf_01000000__01001020___4ed03adea1,宋江闹院,pdf_01000000__01001020___4ed03adea1__line__000028,pdf_01000000__01001020___4ed03adea1__scene__002,01001020_宋江闹院.pdf,D:\University_studies\Junior\data_visualization\experiment\final_self\opera_dataset\01000000\01001020_宋江闹院.pdf,01000000/01001020_宋江闹院.pdf,62507f36-aa22-4065-bb0f-f7de69f87e7c,2,【第二场】,28,dialogue,dialogue,阎惜姣,pdf_01000000__01001020___4ed03adea1__char__897332419a,白,白,白,念白,阎惜姣,你妹子想你!你姐姐想你!,阎惜姣（白）你妹子想你!你姐姐想你!
pdf_01000000__01001020___4ed03adea1,宋江闹院,pdf_01000000__01001020___4ed03adea1__line__000028,pdf_01000000__01001020___4ed03adea1__scene__002,01001020_宋江闹院.pdf,D:\University_studies\Junior\data_visualization\experiment\final_self\opera_dataset\01000000\01001020_宋江闹院.pdf,01000000/01001020_宋江闹院.pdf,62507f36-aa22-4065-bb0f-f7de69f87e7c,2,【第二场】,28,dialogue,dialogue,宋江,pdf_01000000__01001020___4ed03adea1__char__6d76ac7bcd,白,白,白,念白,宋江,呀呸!,宋江（白）呀呸!
pdf_01000000__01001020___4ed03adea1,宋江闹院,pdf_01000000__01001020___4ed03adea1__line__000028,pdf_01000000__01001020___4ed03adea1__scene__002,01001020_宋江闹院.pdf,D:\University_studies\Junior\data_visualization\experiment\final_self\opera_dataset\01000000\01001020_宋江闹院.pdf,01000000/01001020_宋江闹院.pdf,62507f36-aa22-4065-bb0f-f7de69f87e7c,2,【第二场】,28,dialogue,dialogue,阎惜姣,pdf_01000000__01001020___4ed03adea1__char__897332419a,白,白,白,走；道；念白,阎惜姣,"什么难为人?想我们妇道人家,一要走得正,二要走得端,三条大路走中间!","阎惜姣（白）什么难为人?想我们妇道人家,一要走得正,二要走得端,三条大路走中间!"
pdf_01000000__01001020___4ed03adea1,宋江闹院,pdf_01000000__01001020___4ed03adea1__line__000028,pdf_01000000__01001020___4ed03adea1__scene__002,01001020_宋江闹院.pdf,D:\University_studies\Junior\data_visualization\experiment\final_self\opera_dataset\01000000\01001020_宋江闹院.pdf,01000000/01001020_宋江闹院.pdf,62507f36-aa22-4065-bb0f-f7de69f87e7c,2,【第二场】,28,dialogue,dialogue,宋江,pdf_01000000__01001020___4ed03adea1__char__6d76ac7bcd,白,白,白,问；念白,宋江,我问你这一?,宋江（白）我问你这一?
pdf_01000000__01001020___4ed03adea1,宋江闹院,pdf_01000000__01001020___4ed03adea1__line__000028,pdf_01000000__01001020___4ed03adea1__scene__002,01001020_宋江闹院.pdf,D:\University_studies\Junior\data_visualization\experiment\final_self\opera_dataset\01000000\01001020_宋江闹院.pdf,01000000/01001020_宋江闹院.pdf,62507f36-aa22-4065-bb0f-f7de69f87e7c,2,【第二场】,28,dialogue,dialogue,阎惜姣,pdf_01000000__01001020___4ed03adea1__char__897332419a,白,白,白,念白,阎惜姣,我一不作贼!,阎惜姣（白）我一不作贼!
pdf_01000000__01001020___4ed03adea1,宋江闹院,pdf_01000000__01001020___4ed03adea1__line__000028,pdf_01000000__01001020___4ed03adea1__scene__002,01001020_宋江闹院.pdf,D:\University_studies\Junior\data_visualization\experiment\final_self\opera_dataset\01000000\01001020_宋江闹院.pdf,01000000/01001020_宋江闹院.pdf,62507f36-aa22-4065-bb0f-f7de69f87e7c,2,【第二场】,28,dialogue,dialogue,宋江,pdf_01000000__01001020___4ed03adea1__char__6d76ac7bcd,白,白,白,问；念白,宋江,我问你这二?,宋江（白）我问你这二?
pdf_01000000__01001020___4ed03adea1,宋江闹院,pdf_01000000__01001020___4ed03adea1__line__000028,pdf_01000000__01001020___4ed03adea1__scene__002,01001020_宋江闹院.pdf,D:\University_studies\Junior\data_visualization\experiment\final_self\opera_dataset\01000000\01001020_宋江闹院.pdf,01000000/01001020_宋江闹院.pdf,62507f36-aa22-4065-bb0f-f7de69f87e7c,2,【第二场】,28,dialogue,dialogue,阎惜姣,pdf_01000000__01001020___4ed03adea1__char__897332419a,白,白,白,念白,阎惜姣,不偷人家的!,阎惜姣（白）不偷人家的!
pdf_01000000__01001020___4ed03adea1,宋江闹院,pdf_01000000__01001020___4ed03adea1__line__000028,pdf_01000000__01001020___4ed03adea1__scene__002,01001020_宋江闹院.pdf,D:\University_studies\Junior\data_visualization\experiment\final_self\opera_dataset\01000000\01001020_宋江闹院.pdf,01000000/01001020_宋江闹院.pdf,62507f36-aa22-4065-bb0f-f7de69f87e7c,2,【第二场】,28,dialogue,dialogue,宋江,pdf_01000000__01001020___4ed03adea1__char__6d76ac7bcd,白,白,白,问；念白,宋江,我问你这三?,宋江（白）我问你这三?
pdf_01000000__01001020___4ed03adea1,宋江闹院,pdf_01000000__01001020___4ed03adea1__line__000028,pdf_01000000__01001020___4ed03adea1__scene__002,01001020_宋江闹院.pdf,D:\University_studies\Junior\data_visualization\experiment\final_self\opera_dataset\01000000\01001020_宋江闹院.pdf,01000000/01001020_宋江闹院.pdf,62507f36-aa22-4065-bb0f-f7de69f87e7c,2,【第二场】,28,dialogue,dialogue,阎惜姣,pdf_01000000__01001020___4ed03adea1__char__897332419a,白,白,白,念白,阎惜姣,三啊?还有他妈的四呢!,阎惜姣（白）三啊?还有他妈的四呢!
pdf_01000000__01001020___4ed03adea1,宋江闹院,pdf_01000000__01001020___4ed03adea1__line__000028,pdf_01000000__01001020___4ed03adea1__scene__002,01001020_宋江闹院.pdf,D:\University_studies\Junior\data_visualization\experiment\final_self\opera_dataset\01000000\01001020_宋江闹院.pdf,01000000/01001020_宋江闹院.pdf,62507f36-aa22-4065-bb0f-f7de69f87e7c,2,【第二场】,28,dialogue,dialogue,宋江,pdf_01000000__01001020___4ed03adea1__char__6d76ac7bcd,白,白,白,上；念白,宋江,哎!你就坏在这个三上了!,宋江（白）哎!你就坏在这个三上了!
pdf_01000000__01001020___4ed03adea1,宋江闹院,pdf_01000000__01001020___4ed03adea1__line__000028,pdf_01000000__01001020___4ed03adea1__scene__002,01001020_宋江闹院.pdf,D:\University_studies\Junior\data_visualization\experiment\final_self\opera_dataset\01000000\01001020_宋江闹院.pdf,01000000/01001020_宋江闹院.pdf,62507f36-aa22-4065-bb0f-f7de69f87e7c,2,【第二场】,28,dialogue,dialogue,阎惜姣,pdf_01000000__01001020___4ed03adea1__char__897332419a,白,白,白,念白,阎惜姣,张什么?张什么?张什么!,阎惜姣（白）张什么?张什么?张什么!
pdf_01000000__01001020___4ed03adea1,宋江闹院,pdf_01000000__01001020___4ed03adea1__line__000028,pdf_01000000__01001020___4ed03adea1__scene__002,01001020_宋江闹院.pdf,D:\University_studies\Junior\data_visualization\experiment\final_self\opera_dataset\01000000\01001020_宋江闹院.pdf,01000000/01001020_宋江闹院.pdf,62507f36-aa22-4065-bb0f-f7de69f87e7c,2,【第二场】,28,dialogue,dialogue,宋江,pdf_01000000__01001020___4ed03adea1__char__6d76ac7bcd,白,白,白,来；念白,宋江,"说不出口来,难为情。","宋江（白）说不出口来,难为情。"
pdf_01000000__01001020___4ed03adea1,宋江闹院,pdf_01000000__01001020___4ed03adea1__line__000028,pdf_01000000__01001020___4ed03adea1__scene__002,01001020_宋江闹院.pdf,D:\University_studies\Junior\data_visualization\experiment\final_self\opera_dataset\01000000\01001020_宋江闹院.pdf,01000000/01001020_宋江闹院.pdf,62507f36-aa22-4065-bb0f-f7de69f87e7c,2,【第二场】,28,dialogue,dialogue,阎惜姣,pdf_01000000__01001020___4ed03adea1__char__897332419a,白,白,白,念白,阎惜姣,"不要紧,我替你难为情。","阎惜姣（白）不要紧,我替你难为情。"
pdf_01000000__01001020___4ed03adea1,宋江闹院,pdf_01000000__01001020___4ed03adea1__line__000028,pdf_01000000__01001020___4ed03adea1__scene__002,01001020_宋江闹院.pdf,D:\University_studies\Junior\data_visualization\experiment\final_self\opera_dataset\01000000\01001020_宋江闹院.pdf,01000000/01001020_宋江闹院.pdf,62507f36-aa22-4065-bb0f-f7de69f87e7c,2,【第二场】,28,dialogue,dialogue,宋江,pdf_01000000__01001020___4ed03adea1__char__6d76ac7bcd,白,白,白,念白,宋江,哎!,宋江（白）哎!
pdf_01000000__01001020___4ed03adea1,宋江闹院,pdf_01000000__01001020___4ed03adea1__line__000028,pdf_01000000__01001020___4ed03adea1__scene__002,01001020_宋江闹院.pdf,D:\University_studies\Junior\data_visualization\experiment\final_self\opera_dataset\01000000\01001020_宋江闹院.pdf,01000000/01001020_宋江闹院.pdf,62507f36-aa22-4065-bb0f-f7de69f87e7c,2,【第二场】,28,dialogue,dialogue,阎惜姣,pdf_01000000__01001020___4ed03adea1__char__897332419a,白,白,白,念白,阎惜姣,呀!,阎惜姣（白）呀!
pdf_01000000__01001020___4ed03adea1,宋江闹院,pdf_01000000__01001020___4ed03adea1__line__000028,pdf_01000000__01001020___4ed03adea1__scene__002,01001020_宋江闹院.pdf,D:\University_studies\Junior\data_visualization\experiment\final_self\opera_dataset\01000000\01001020_宋江闹院.pdf,01000000/01001020_宋江闹院.pdf,62507f36-aa22-4065-bb0f-f7de69f87e7c,2,【第二场】,28,dialogue,dialogue,宋江,pdf_01000000__01001020___4ed03adea1__char__6d76ac7bcd,白,白,白,来；叫；念白,宋江,"呀呸!哪个不叫我宋大爷,要你来叫我宋大爷?宋大爷呀,还宋二爷呢!","宋江（白）呀呸!哪个不叫我宋大爷,要你来叫我宋大爷?宋大爷呀,还宋二爷呢!"
pdf_01000000__01001020___4ed03adea1,宋江闹院,pdf_01000000__01001020___4ed03adea1__line__000028,pdf_01000000__01001020___4ed03adea1__scene__002,01001020_宋江闹院.pdf,D:\University_studies\Junior\data_visualization\experiment\final_self\opera_dataset\01000000\01001020_宋江闹院.pdf,01000000/01001020_宋江闹院.pdf,62507f36-aa22-4065-bb0f-f7de69f87e7c,2,【第二场】,28,dialogue,dialogue,阎惜姣,pdf_01000000__01001020___4ed03adea1__char__897332419a,白,白,白,念白,阎惜姣,"宋大爷不好,宋先生......","阎惜姣（白）宋大爷不好,宋先生......"
pdf_01000000__01001020___4ed03adea1,宋江闹院,pdf_01000000__01001020___4ed03adea1__line__000028,pdf_01000000__01001020___4ed03adea1__scene__002,01001020_宋江闹院.pdf,D:\University_studies\Junior\data_visualization\experiment\final_self\opera_dataset\01000000\01001020_宋江闹院.pdf,01000000/01001020_宋江闹院.pdf,62507f36-aa22-4065-bb0f-f7de69f87e7c,2,【第二场】,28,dialogue,dialogue,宋江,pdf_01000000__01001020___4ed03adea1__char__6d76ac7bcd,白,白,白,来；叫；念白,宋江,"呀呸!哪个不叫我宋先生,要你来叫我宋先生?真真岂有此理!","宋江（白）呀呸!哪个不叫我宋先生,要你来叫我宋先生?真真岂有此理!"
pdf_01000000__01001020___4ed03adea1,宋江闹院,pdf_01000000__01001020___4ed03adea1__line__000028,pdf_01000000__01001020___4ed03adea1__scene__002,01001020_宋江闹院.pdf,D:\University_studies\Junior\data_visualization\experiment\final_self\opera_dataset\01000000\01001020_宋江闹院.pdf,01000000/01001020_宋江闹院.pdf,62507f36-aa22-4065-bb0f-f7de69f87e7c,2,【第二场】,28,dialogue,dialogue,阎惜姣,pdf_01000000__01001020___4ed03adea1__char__897332419a,白,白,白,来；念白,阎惜姣,"哎呀,宋先生......不好,还是宋大爷......,我说宋大爷,我不会吃酒,清早起来,吃了几杯早酒,酒言酒语,得罪你了。我跟你闹着玩的。谁晓得你不经玩,一玩就炸呢!哎呀,我说宋大爷啊!","阎惜姣（白）哎呀,宋先生......不好,还是宋大爷......,我说宋大爷,我不会吃酒,清早起来,吃了几杯早酒,酒言酒语,得罪你了。我跟你闹着玩的。谁晓得你不经玩,一玩就炸呢!哎呀,我说宋大爷啊!"
pdf_01000000__01001020___4ed03adea1,宋江闹院,pdf_01000000__01001020___4ed03adea1__line__000028,pdf_01000000__01001020___4ed03adea1__scene__002,01001020_宋江闹院.pdf,D:\University_studies\Junior\data_visualization\experiment\final_self\opera_dataset\01000000\01001020_宋江闹院.pdf,01000000/01001020_宋江闹院.pdf,62507f36-aa22-4065-bb0f-f7de69f87e7c,2,【第二场】,28,dialogue,dialogue,宋江,pdf_01000000__01001020___4ed03adea1__char__6d76ac7bcd,白,白,白,念白,宋江,哦?你是与我做耍的?,宋江（白）哦?你是与我做耍的?
pdf_01000000__01001020___4ed03adea1,宋江闹院,pdf_01000000__01001020___4ed03adea1__line__000028,pdf_01000000__01001020___4ed03adea1__scene__002,01001020_宋江闹院.pdf,D:\University_studies\Junior\data_visualization\experiment\final_self\opera_dataset\01000000\01001020_宋江闹院.pdf,01000000/01001020_宋江闹院.pdf,62507f36-aa22-4065-bb0f-f7de69f87e7c,2,【第二场】,28,dialogue,dialogue,阎惜姣,pdf_01000000__01001020___4ed03adea1__char__897332419a,白,白,白,念白,阎惜姣,可不是闹着玩的!,阎惜姣（白）可不是闹着玩的!
pdf_01000000__01001020___4ed03adea1,宋江闹院,pdf_01000000__01001020___4ed03adea1__line__000028,pdf_01000000__01001020___4ed03adea1__scene__002,01001020_宋江闹院.pdf,D:\University_studies\Junior\data_visualization\experiment\final_self\opera_dataset\01000000\01001020_宋江闹院.pdf,01000000/01001020_宋江闹院.pdf,62507f36-aa22-4065-bb0f-f7de69f87e7c,2,【第二场】,28,dialogue,dialogue,宋江,pdf_01000000__01001020___4ed03adea1__char__6d76ac7bcd,白,白,白,请；坐；念白,宋江,"哎呀,唬了我一头的冷汗呢!请坐。大姐,从今以后,酒要少饮。","宋江（白）哎呀,唬了我一头的冷汗呢!请坐。大姐,从今以后,酒要少饮。"
pdf_01000000__01001020___4ed03adea1,宋江闹院,pdf_01000000__01001020___4ed03adea1__line__000028,pdf_01000000__01001020___4ed03adea1__scene__002,01001020_宋江闹院.pdf,D:\University_studies\Junior\data_visualization\experiment\final_self\opera_dataset\01000000\01001020_宋江闹院.pdf,01000000/01001020_宋江闹院.pdf,62507f36-aa22-4065-bb0f-f7de69f87e7c,2,【第二场】,28,dialogue,dialogue,阎惜姣,pdf_01000000__01001020___4ed03adea1__char__897332419a,白,白,白,念白,阎惜姣,我戒酒了!,阎惜姣（白）我戒酒了!
pdf_01000000__01001020___4ed03adea1,宋江闹院,pdf_01000000__01001020___4ed03adea1__line__000028,pdf_01000000__01001020___4ed03adea1__scene__002,01001020_宋江闹院.pdf,D:\University_studies\Junior\data_visualization\experiment\final_self\opera_dataset\01000000\01001020_宋江闹院.pdf,01000000/01001020_宋江闹院.pdf,62507f36-aa22-4065-bb0f-f7de69f87e7c,2,【第二场】,28,dialogue,dialogue,宋江,pdf_01000000__01001020___4ed03adea1__char__6d76ac7bcd,白,白,白,念白,宋江,少吃些就是了。,宋江（白）少吃些就是了。
pdf_01000000__01001020___4ed03adea1,宋江闹院,pdf_01000000__01001020___4ed03adea1__line__000028,pdf_01000000__01001020___4ed03adea1__scene__002,01001020_宋江闹院.pdf,D:\University_studies\Junior\data_visualization\experiment\final_self\opera_dataset\01000000\01001020_宋江闹院.pdf,01000000/01001020_宋江闹院.pdf,62507f36-aa22-4065-bb0f-f7de69f87e7c,2,【第二场】,28,dialogue,dialogue,阎惜姣,pdf_01000000__01001020___4ed03adea1__char__897332419a,白,白,白,念白,阎惜姣,"我一点也不吃了。宋大爷,你方才说张......张什么?","阎惜姣（白）我一点也不吃了。宋大爷,你方才说张......张什么?"
pdf_01000000__01001020___4ed03adea1,宋江闹院,pdf_01000000__01001020___4ed03adea1__line__000028,pdf_01000000__01001020___4ed03adea1__scene__002,01001020_宋江闹院.pdf,D:\University_studies\Junior\data_visualization\experiment\final_self\opera_dataset\01000000\01001020_宋江闹院.pdf,01000000/01001020_宋江闹院.pdf,62507f36-aa22-4065-bb0f-f7de69f87e7c,2,【第二场】,28,dialogue,dialogue,宋江,pdf_01000000__01001020___4ed03adea1__char__6d76ac7bcd,白,白,白,念白,张文远；宋江,张文远。,宋江（白）张文远。
pdf_01000000__01001020___4ed03adea1,宋江闹院,pdf_01000000__01001020___4ed03adea1__line__000028,pdf_01000000__01001020___4ed03adea1__scene__002,01001020_宋江闹院.pdf,D:\University_studies\Junior\data_visualization\experiment\final_self\opera_dataset\01000000\01001020_宋江闹院.pdf,01000000/01001020_宋江闹院.pdf,62507f36-aa22-4065-bb0f-f7de69f87e7c,2,【第二场】,28,dialogue,dialogue,阎惜姣,pdf_01000000__01001020___4ed03adea1__char__897332419a,白,白,白,念白,阎惜姣；张文远,张文远是你什么人?,阎惜姣（白）张文远是你什么人?
pdf_01000000__01001020___4ed03adea1,宋江闹院,pdf_01000000__01001020___4ed03adea1__line__000028,pdf_01000000__01001020___4ed03adea1__scene__002,01001020_宋江闹院.pdf,D:\University_studies\Junior\data_visualization\experiment\final_self\opera_dataset\01000000\01001020_宋江闹院.pdf,01000000/01001020_宋江闹院.pdf,62507f36-aa22-4065-bb0f-f7de69f87e7c,2,【第二场】,28,dialogue,dialogue,宋江,pdf_01000000__01001020___4ed03adea1__char__6d76ac7bcd,白,白,白,念白,宋江,是我的小徒。,宋江（白）是我的小徒。
pdf_01000000__01001020___4ed03adea1,宋江闹院,pdf_01000000__01001020___4ed03adea1__line__000028,pdf_01000000__01001020___4ed03adea1__scene__002,01001020_宋江闹院.pdf,D:\University_studies\Junior\data_visualization\experiment\final_self\opera_dataset\01000000\01001020_宋江闹院.pdf,01000000/01001020_宋江闹院.pdf,62507f36-aa22-4065-bb0f-f7de69f87e7c,2,【第二场】,28,dialogue,dialogue,阎惜姣,pdf_01000000__01001020___4ed03adea1__char__897332419a,白,白,白,念白,阎惜姣,是你的小徒。白日在街内做什么?,阎惜姣（白）是你的小徒。白日在街内做什么?
pdf_01000000__01001020___4ed03adea1,宋江闹院,pdf_01000000__01001020___4ed03adea1__line__000028,pdf_01000000__01001020___4ed03adea1__scene__002,01001020_宋江闹院.pdf,D:\University_studies\Junior\data_visualization\experiment\final_self\opera_dataset\01000000\01001020_宋江闹院.pdf,01000000/01001020_宋江闹院.pdf,62507f36-aa22-4065-bb0f-f7de69f87e7c,2,【第二场】,28,dialogue,dialogue,宋江,pdf_01000000__01001020___4ed03adea1__char__6d76ac7bcd,白,白,白,念白,宋江,抄写墨卷。,宋江（白）抄写墨卷。
pdf_01000000__01001020___4ed03adea1,宋江闹院,pdf_01000000__01001020___4ed03adea1__line__000028,pdf_01000000__01001020___4ed03adea1__scene__002,01001020_宋江闹院.pdf,D:\University_studies\Junior\data_visualization\experiment\final_self\opera_dataset\01000000\01001020_宋江闹院.pdf,01000000/01001020_宋江闹院.pdf,62507f36-aa22-4065-bb0f-f7de69f87e7c,2,【第二场】,28,dialogue,dialogue,阎惜姣,pdf_01000000__01001020___4ed03adea1__char__897332419a,白,白,白,来；念白,阎惜姣,到晚来?,阎惜姣（白）到晚来?
pdf_01000000__01001020___4ed03adea1,宋江闹院,pdf_01000000__01001020___4ed03adea1__line__000028,pdf_01000000__01001020___4ed03adea1__scene__002,01001020_宋江闹院.pdf,D:\University_studies\Junior\data_visualization\experiment\final_self\opera_dataset\01000000\01001020_宋江闹院.pdf,01000000/01001020_宋江闹院.pdf,62507f36-aa22-4065-bb0f-f7de69f87e7c,2,【第二场】,28,dialogue,dialogue,宋江,pdf_01000000__01001020___4ed03adea1__char__6d76ac7bcd,白,白,白,念白,宋江,抵足而眠。,宋江（白）抵足而眠。
pdf_01000000__01001020___4ed03adea1,宋江闹院,pdf_01000000__01001020___4ed03adea1__line__000028,pdf_01000000__01001020___4ed03adea1__scene__002,01001020_宋江闹院.pdf,D:\University_studies\Junior\data_visualization\experiment\final_self\opera_dataset\01000000\01001020_宋江闹院.pdf,01000000/01001020_宋江闹院.pdf,62507f36-aa22-4065-bb0f-f7de69f87e7c,2,【第二场】,28,dialogue,dialogue,阎惜姣,pdf_01000000__01001020___4ed03adea1__char__897332419a,白,白,白,念白,阎惜姣,宋大爷你这话漏了。,阎惜姣（白）宋大爷你这话漏了。
pdf_01000000__01001020___4ed03adea1,宋江闹院,pdf_01000000__01001020___4ed03adea1__line__000028,pdf_01000000__01001020___4ed03adea1__scene__002,01001020_宋江闹院.pdf,D:\University_studies\Junior\data_visualization\experiment\final_self\opera_dataset\01000000\01001020_宋江闹院.pdf,01000000/01001020_宋江闹院.pdf,62507f36-aa22-4065-bb0f-f7de69f87e7c,2,【第二场】,28,dialogue,dialogue,宋江,pdf_01000000__01001020___4ed03adea1__char__6d76ac7bcd,白,白,白,念白,宋江,漏了我房东。,宋江（白）漏了我房东。
pdf_01000000__01001020___4ed03adea1,宋江闹院,pdf_01000000__01001020___4ed03adea1__line__000028,pdf_01000000__01001020___4ed03adea1__scene__002,01001020_宋江闹院.pdf,D:\University_studies\Junior\data_visualization\experiment\final_self\opera_dataset\01000000\01001020_宋江闹院.pdf,01000000/01001020_宋江闹院.pdf,62507f36-aa22-4065-bb0f-f7de69f87e7c,2,【第二场】,28,dialogue,dialogue,阎惜姣,pdf_01000000__01001020___4ed03adea1__char__897332419a,白,白,白,念白,阎惜姣,什么“我房东”?你的话头漏了。,阎惜姣（白）什么“我房东”?你的话头漏了。
pdf_01000000__01001020___4ed03adea1,宋江闹院,pdf_01000000__01001020___4ed03adea1__line__000028,pdf_01000000__01001020___4ed03adea1__scene__002,01001020_宋江闹院.pdf,D:\University_studies\Junior\data_visualization\experiment\final_self\opera_dataset\01000000\01001020_宋江闹院.pdf,01000000/01001020_宋江闹院.pdf,62507f36-aa22-4065-bb0f-f7de69f87e7c,2,【第二场】,28,dialogue,dialogue,宋江,pdf_01000000__01001020___4ed03adea1__char__6d76ac7bcd,白,白,白,念白,宋江,漏了什么?,宋江（白）漏了什么?
pdf_01000000__01001020___4ed03adea1,宋江闹院,pdf_01000000__01001020___4ed03adea1__line__000028,pdf_01000000__01001020___4ed03adea1__scene__002,01001020_宋江闹院.pdf,D:\University_studies\Junior\data_visualization\experiment\final_self\opera_dataset\01000000\01001020_宋江闹院.pdf,01000000/01001020_宋江闹院.pdf,62507f36-aa22-4065-bb0f-f7de69f87e7c,2,【第二场】,28,dialogue,dialogue,阎惜姣,pdf_01000000__01001020___4ed03adea1__char__897332419a,白,白,白,看；念白,阎惜姣；张文远,"我看别人没有私通张文远,我看你私通张文远了!","阎惜姣（白）我看别人没有私通张文远,我看你私通张文远了!"
pdf_01000000__01001020___4ed03adea1,宋江闹院,pdf_01000000__01001020___4ed03adea1__line__000028,pdf_01000000__01001020___4ed03adea1__scene__002,01001020_宋江闹院.pdf,D:\University_studies\Junior\data_visualization\experiment\final_self\opera_dataset\01000000\01001020_宋江闹院.pdf,01000000/01001020_宋江闹院.pdf,62507f36-aa22-4065-bb0f-f7de69f87e7c,2,【第二场】,28,dialogue,dialogue,宋江,pdf_01000000__01001020___4ed03adea1__char__6d76ac7bcd,白,白,白,上；道；念白,宋江,"世间之上,自有男子私通女子,哪有男子私通男子的道理?","宋江（白）世间之上,自有男子私通女子,哪有男子私通男子的道理?"
pdf_01000000__01001020___4ed03adea1,宋江闹院,pdf_01000000__01001020___4ed03adea1__line__000028,pdf_01000000__01001020___4ed03adea1__scene__002,01001020_宋江闹院.pdf,D:\University_studies\Junior\data_visualization\experiment\final_self\opera_dataset\01000000\01001020_宋江闹院.pdf,01000000/01001020_宋江闹院.pdf,62507f36-aa22-4065-bb0f-f7de69f87e7c,2,【第二场】,28,dialogue,dialogue,阎惜姣,pdf_01000000__01001020___4ed03adea1__char__897332419a,白,白,白,念白,阎惜姣；张文远,"你没有私通张文远,你猜我呢?","阎惜姣（白）你没有私通张文远,你猜我呢?"
pdf_01000000__01001020___4ed03adea1,宋江闹院,pdf_01000000__01001020___4ed03adea1__line__000028,pdf_01000000__01001020___4ed03adea1__scene__002,01001020_宋江闹院.pdf,D:\University_studies\Junior\data_visualization\experiment\final_self\opera_dataset\01000000\01001020_宋江闹院.pdf,01000000/01001020_宋江闹院.pdf,62507f36-aa22-4065-bb0f-f7de69f87e7c,2,【第二场】,28,dialogue,dialogue,宋江,pdf_01000000__01001020___4ed03adea1__char__6d76ac7bcd,白,白,白,念白,宋江,"大姐么,也不能够!","宋江（白）大姐么,也不能够!"
pdf_01000000__01001020___4ed03adea1,宋江闹院,pdf_01000000__01001020___4ed03adea1__line__000028,pdf_01000000__01001020___4ed03adea1__scene__002,01001020_宋江闹院.pdf,D:\University_studies\Junior\data_visualization\experiment\final_self\opera_dataset\01000000\01001020_宋江闹院.pdf,01000000/01001020_宋江闹院.pdf,62507f36-aa22-4065-bb0f-f7de69f87e7c,2,【第二场】,28,dialogue,dialogue,阎惜姣,pdf_01000000__01001020___4ed03adea1__char__897332419a,白,白,白,念白,阎惜姣；张文远,那么谁公通张文远?,阎惜姣（白）那么谁公通张文远?
pdf_01000000__01001020___4ed03adea1,宋江闹院,pdf_01000000__01001020___4ed03adea1__line__000028,pdf_01000000__01001020___4ed03adea1__scene__002,01001020_宋江闹院.pdf,D:\University_studies\Junior\data_visualization\experiment\final_self\opera_dataset\01000000\01001020_宋江闹院.pdf,01000000/01001020_宋江闹院.pdf,62507f36-aa22-4065-bb0f-f7de69f87e7c,2,【第二场】,28,dialogue,dialogue,宋江,pdf_01000000__01001020___4ed03adea1__char__6d76ac7bcd,白,白,白,念白,张文远；宋江,"是啊,哪一个私通张文远?","宋江（白）是啊,哪一个私通张文远?"
pdf_01000000__01001020___4ed03adea1,宋江闹院,pdf_01000000__01001020___4ed03adea1__line__000028,pdf_01000000__01001020___4ed03adea1__scene__002,01001020_宋江闹院.pdf,D:\University_studies\Junior\data_visualization\experiment\final_self\opera_dataset\01000000\01001020_宋江闹院.pdf,01000000/01001020_宋江闹院.pdf,62507f36-aa22-4065-bb0f-f7de69f87e7c,2,【第二场】,28,dialogue,dialogue,阎惜姣,pdf_01000000__01001020___4ed03adea1__char__897332419a,白,白,白,念白,阎惜姣；张文远,"眼前有一人,私通张文远,你不敢惹她!","阎惜姣（白）眼前有一人,私通张文远,你不敢惹她!"
pdf_01000000__01001020___4ed03adea1,宋江闹院,pdf_01000000__01001020___4ed03adea1__line__000028,pdf_01000000__01001020___4ed03adea1__scene__002,01001020_宋江闹院.pdf,D:\University_studies\Junior\data_visualization\experiment\final_self\opera_dataset\01000000\01001020_宋江闹院.pdf,01000000/01001020_宋江闹院.pdf,62507f36-aa22-4065-bb0f-f7de69f87e7c,2,【第二场】,28,dialogue,dialogue,宋江,pdf_01000000__01001020___4ed03adea1__char__6d76ac7bcd,白,白,白,念白,宋江,哪一个我宋江不敢惹她?,宋江（白）哪一个我宋江不敢惹她?
pdf_01000000__01001020___4ed03adea1,宋江闹院,pdf_01000000__01001020___4ed03adea1__line__000028,pdf_01000000__01001020___4ed03adea1__scene__002,01001020_宋江闹院.pdf,D:\University_studies\Junior\data_visualization\experiment\final_self\opera_dataset\01000000\01001020_宋江闹院.pdf,01000000/01001020_宋江闹院.pdf,62507f36-aa22-4065-bb0f-f7de69f87e7c,2,【第二场】,28,dialogue,dialogue,阎惜姣,pdf_01000000__01001020___4ed03adea1__char__897332419a,白,白,白,念白,阎惜姣；张文远,你的姐姐私通张文远!你的妹妹私通张文远!,阎惜姣（白）你的姐姐私通张文远!你的妹妹私通张文远!
pdf_01000000__01001020___4ed03adea1,宋江闹院,pdf_01000000__01001020___4ed03adea1__line__000028,pdf_01000000__01001020___4ed03adea1__scene__002,01001020_宋江闹院.pdf,D:\University_studies\Junior\data_visualization\experiment\final_self\opera_dataset\01000000\01001020_宋江闹院.pdf,01000000/01001020_宋江闹院.pdf,62507f36-aa22-4065-bb0f-f7de69f87e7c,2,【第二场】,28,dialogue,dialogue,宋江,pdf_01000000__01001020___4ed03adea1__char__6d76ac7bcd,白,白,白,念白,宋江,呀呸!,宋江（白）呀呸!
pdf_01000000__01001020___4ed03adea1,宋江闹院,pdf_01000000__01001020___4ed03adea1__line__000028,pdf_01000000__01001020___4ed03adea1__scene__002,01001020_宋江闹院.pdf,D:\University_studies\Junior\data_visualization\experiment\final_self\opera_dataset\01000000\01001020_宋江闹院.pdf,01000000/01001020_宋江闹院.pdf,62507f36-aa22-4065-bb0f-f7de69f87e7c,2,【第二场】,28,dialogue,dialogue,宋江,pdf_01000000__01001020___4ed03adea1__char__6d76ac7bcd,白,白,白,念白,宋江,阎大姐!,宋江（白）阎大姐!
pdf_01000000__01001020___4ed03adea1,宋江闹院,pdf_01000000__01001020___4ed03adea1__line__000028,pdf_01000000__01001020___4ed03adea1__scene__002,01001020_宋江闹院.pdf,D:\University_studies\Junior\data_visualization\experiment\final_self\opera_dataset\01000000\01001020_宋江闹院.pdf,01000000/01001020_宋江闹院.pdf,62507f36-aa22-4065-bb0f-f7de69f87e7c,2,【第二场】,28,dialogue,dialogue,阎惜姣,pdf_01000000__01001020___4ed03adea1__char__897332419a,白,白,白,念白,阎惜姣,宋大爷!,阎惜姣（白）宋大爷!
pdf_01000000__01001020___4ed03adea1,宋江闹院,pdf_01000000__01001020___4ed03adea1__line__000030,pdf_01000000__01001020___4ed03adea1__scene__002,01001020_宋江闹院.pdf,D:\University_studies\Junior\data_visualization\experiment\final_self\opera_dataset\01000000\01001020_宋江闹院.pdf,01000000/01001020_宋江闹院.pdf,62507f36-aa22-4065-bb0f-f7de69f87e7c,2,【第二场】,30,dialogue,dialogue,宋江,pdf_01000000__01001020___4ed03adea1__char__6d76ac7bcd,白,白,白,念白,阎惜姣；宋江,阎惜姣!,宋江（白）阎惜姣!
pdf_01000000__01001020___4ed03adea1,宋江闹院,pdf_01000000__01001020___4ed03adea1__line__000030,pdf_01000000__01001020___4ed03adea1__scene__002,01001020_宋江闹院.pdf,D:\University_studies\Junior\data_visualization\experiment\final_self\opera_dataset\01000000\01001020_宋江闹院.pdf,01000000/01001020_宋江闹院.pdf,62507f36-aa22-4065-bb0f-f7de69f87e7c,2,【第二场】,30,dialogue,dialogue,阎惜姣,pdf_01000000__01001020___4ed03adea1__char__897332419a,白,白,白,念白,阎惜姣,宋公明!,阎惜姣（白）宋公明!
pdf_01000000__01001020___4ed03adea1,宋江闹院,pdf_01000000__01001020___4ed03adea1__line__000030,pdf_01000000__01001020___4ed03adea1__scene__002,01001020_宋江闹院.pdf,D:\University_studies\Junior\data_visualization\experiment\final_self\opera_dataset\01000000\01001020_宋江闹院.pdf,01000000/01001020_宋江闹院.pdf,62507f36-aa22-4065-bb0f-f7de69f87e7c,2,【第二场】,30,dialogue,dialogue,宋江,pdf_01000000__01001020___4ed03adea1__char__6d76ac7bcd,白,白,白,念白,宋江,阎婆惜!,宋江（白）阎婆惜!
pdf_01000000__01001020___4ed03adea1,宋江闹院,pdf_01000000__01001020___4ed03adea1__line__000030,pdf_01000000__01001020___4ed03adea1__scene__002,01001020_宋江闹院.pdf,D:\University_studies\Junior\data_visualization\experiment\final_self\opera_dataset\01000000\01001020_宋江闹院.pdf,01000000/01001020_宋江闹院.pdf,62507f36-aa22-4065-bb0f-f7de69f87e7c,2,【第二场】,30,dialogue,dialogue,阎惜姣,pdf_01000000__01001020___4ed03adea1__char__897332419a,白,白,白,念白,阎惜姣；宋江,宋江!,阎惜姣（白）宋江!
pdf_01000000__01001020___4ed03adea1,宋江闹院,pdf_01000000__01001020___4ed03adea1__line__000030,pdf_01000000__01001020___4ed03adea1__scene__002,01001020_宋江闹院.pdf,D:\University_studies\Junior\data_visualization\experiment\final_self\opera_dataset\01000000\01001020_宋江闹院.pdf,01000000/01001020_宋江闹院.pdf,62507f36-aa22-4065-bb0f-f7de69f87e7c,2,【第二场】,30,dialogue,dialogue,宋江,pdf_01000000__01001020___4ed03adea1__char__6d76ac7bcd,白,白,白,来；叫；念白,宋江,"哈哈哈!我宋江的名字,你倒叫起来了。我把你这个狗淫妇!狗淫妇!","宋江（白）哈哈哈!我宋江的名字,你倒叫起来了。我把你这个狗淫妇!狗淫妇!"
pdf_01000000__01001020___4ed03adea1,宋江闹院,pdf_01000000__01001020___4ed03adea1__line__000030,pdf_01000000__01001020___4ed03adea1__scene__002,01001020_宋江闹院.pdf,D:\University_studies\Junior\data_visualization\experiment\final_self\opera_dataset\01000000\01001020_宋江闹院.pdf,01000000/01001020_宋江闹院.pdf,62507f36-aa22-4065-bb0f-f7de69f87e7c,2,【第二场】,30,dialogue,dialogue,阎惜姣,pdf_01000000__01001020___4ed03adea1__char__897332419a,白,白,白,看；念白,阎惜姣,"哎呀,我把你这死乌龟!你们看他像不像!","阎惜姣（白）哎呀,我把你这死乌龟!你们看他像不像!"
pdf_01000000__01001020___4ed03adea1,宋江闹院,pdf_01000000__01001020___4ed03adea1__line__000030,pdf_01000000__01001020___4ed03adea1__scene__002,01001020_宋江闹院.pdf,D:\University_studies\Junior\data_visualization\experiment\final_self\opera_dataset\01000000\01001020_宋江闹院.pdf,01000000/01001020_宋江闹院.pdf,62507f36-aa22-4065-bb0f-f7de69f87e7c,2,【第二场】,30,dialogue,dialogue,宋江,pdf_01000000__01001020___4ed03adea1__char__6d76ac7bcd,白,白,白,念白,宋江,"呵呵!我宋江花了许多银钱,落了个忘八二字!咳!","宋江（白）呵呵!我宋江花了许多银钱,落了个忘八二字!咳!"
pdf_01000000__01001020___4ed03adea1,宋江闹院,pdf_01000000__01001020___4ed03adea1__line__000030,pdf_01000000__01001020___4ed03adea1__scene__002,01001020_宋江闹院.pdf,D:\University_studies\Junior\data_visualization\experiment\final_self\opera_dataset\01000000\01001020_宋江闹院.pdf,01000000/01001020_宋江闹院.pdf,62507f36-aa22-4065-bb0f-f7de69f87e7c,2,【第二场】,30,dialogue,dialogue,阎惜姣,pdf_01000000__01001020___4ed03adea1__char__897332419a,白,白,白,打；念白,阎惜姣,你要打谁?,阎惜姣（白）你要打谁?
pdf_01000000__01001020___4ed03adea1,宋江闹院,pdf_01000000__01001020___4ed03adea1__line__000030,pdf_01000000__01001020___4ed03adea1__scene__002,01001020_宋江闹院.pdf,D:\University_studies\Junior\data_visualization\experiment\final_self\opera_dataset\01000000\01001020_宋江闹院.pdf,01000000/01001020_宋江闹院.pdf,62507f36-aa22-4065-bb0f-f7de69f87e7c,2,【第二场】,30,dialogue,dialogue,宋江,pdf_01000000__01001020___4ed03adea1__char__6d76ac7bcd,白,白,白,打；念白,宋江,我要打你!,宋江（白）我要打你!
pdf_01000000__01001020___4ed03adea1,宋江闹院,pdf_01000000__01001020___4ed03adea1__line__000030,pdf_01000000__01001020___4ed03adea1__scene__002,01001020_宋江闹院.pdf,D:\University_studies\Junior\data_visualization\experiment\final_self\opera_dataset\01000000\01001020_宋江闹院.pdf,01000000/01001020_宋江闹院.pdf,62507f36-aa22-4065-bb0f-f7de69f87e7c,2,【第二场】,30,dialogue,dialogue,阎惜姣,pdf_01000000__01001020___4ed03adea1__char__897332419a,白,白,白,看；打；念白,阎惜姣,"我告诉你,太太好吃好穿没见过,好打见过的!我打个样儿与你看看!定要打你!","阎惜姣（白）我告诉你,太太好吃好穿没见过,好打见过的!我打个样儿与你看看!定要打你!"
pdf_01000000__01001020___4ed03adea1,宋江闹院,pdf_01000000__01001020___4ed03adea1__line__000030,pdf_01000000__01001020___4ed03adea1__scene__002,01001020_宋江闹院.pdf,D:\University_studies\Junior\data_visualization\experiment\final_self\opera_dataset\01000000\01001020_宋江闹院.pdf,01000000/01001020_宋江闹院.pdf,62507f36-aa22-4065-bb0f-f7de69f87e7c,2,【第二场】,30,dialogue,dialogue,阎惜姣,pdf_01000000__01001020___4ed03adea1__char__897332419a,白,白,白,念白,阎惜姣,呀吓!踹了我的脚了!怎么样了?,阎惜姣（白）呀吓!踹了我的脚了!怎么样了?
pdf_01000000__01001020___4ed03adea1,宋江闹院,pdf_01000000__01001020___4ed03adea1__line__000030,pdf_01000000__01001020___4ed03adea1__scene__002,01001020_宋江闹院.pdf,D:\University_studies\Junior\data_visualization\experiment\final_self\opera_dataset\01000000\01001020_宋江闹院.pdf,01000000/01001020_宋江闹院.pdf,62507f36-aa22-4065-bb0f-f7de69f87e7c,2,【第二场】,30,dialogue,dialogue,阎惜姣,pdf_01000000__01001020___4ed03adea1__char__897332419a,白,白,白,走；去；念白,阎惜姣,你走开去吧!,阎惜姣（白）你走开去吧!
pdf_01000000__01001020___4ed03adea1,宋江闹院,pdf_01000000__01001020___4ed03adea1__line__000030,pdf_01000000__01001020___4ed03adea1__scene__002,01001020_宋江闹院.pdf,D:\University_studies\Junior\data_visualization\experiment\final_self\opera_dataset\01000000\01001020_宋江闹院.pdf,01000000/01001020_宋江闹院.pdf,62507f36-aa22-4065-bb0f-f7de69f87e7c,2,【第二场】,30,dialogue,dialogue,宋江,pdf_01000000__01001020___4ed03adea1__char__6d76ac7bcd,白,白,白,念白,宋江,哎!,宋江（白）哎!
pdf_01000000__01001020___4ed03adea1,宋江闹院,pdf_01000000__01001020___4ed03adea1__line__000030,pdf_01000000__01001020___4ed03adea1__scene__002,01001020_宋江闹院.pdf,D:\University_studies\Junior\data_visualization\experiment\final_self\opera_dataset\01000000\01001020_宋江闹院.pdf,01000000/01001020_宋江闹院.pdf,62507f36-aa22-4065-bb0f-f7de69f87e7c,2,【第二场】,30,dialogue,dialogue,阎惜姣,pdf_01000000__01001020___4ed03adea1__char__897332419a,白,白,白,走；念白,阎惜姣,我就走!,阎惜姣（白）我就走!
pdf_01000000__01001020___4ed03adea1,宋江闹院,pdf_01000000__01001020___4ed03adea1__line__000030,pdf_01000000__01001020___4ed03adea1__scene__002,01001020_宋江闹院.pdf,D:\University_studies\Junior\data_visualization\experiment\final_self\opera_dataset\01000000\01001020_宋江闹院.pdf,01000000/01001020_宋江闹院.pdf,62507f36-aa22-4065-bb0f-f7de69f87e7c,2,【第二场】,30,lyric,lyric,宋江,pdf_01000000__01001020___4ed03adea1__char__6d76ac7bcd,西皮快板,唱,西皮快板,唱段,宋江,"任你跑到天边远,难逃宋江掌握中!","宋江（西皮快板）任你跑到天边远,难逃宋江掌握中!"
pdf_01000000__01001020___4ed03adea1,宋江闹院,pdf_01000000__01001020___4ed03adea1__line__000030,pdf_01000000__01001020___4ed03adea1__scene__002,01001020_宋江闹院.pdf,D:\University_studies\Junior\data_visualization\experiment\final_self\opera_dataset\01000000\01001020_宋江闹院.pdf,01000000/01001020_宋江闹院.pdf,62507f36-aa22-4065-bb0f-f7de69f87e7c,2,【第二场】,30,dialogue,dialogue,阎惜姣,pdf_01000000__01001020___4ed03adea1__char__897332419a,白,白,白,念白,阎惜姣,谅不就!,阎惜姣（白）谅不就!
pdf_01000000__01001020___4ed03adea1,宋江闹院,pdf_01000000__01001020___4ed03adea1__line__000030,pdf_01000000__01001020___4ed03adea1__scene__002,01001020_宋江闹院.pdf,D:\University_studies\Junior\data_visualization\experiment\final_self\opera_dataset\01000000\01001020_宋江闹院.pdf,01000000/01001020_宋江闹院.pdf,62507f36-aa22-4065-bb0f-f7de69f87e7c,2,【第二场】,30,dialogue,dialogue,宋江,pdf_01000000__01001020___4ed03adea1__char__6d76ac7bcd,白,白,白,念白,宋江,谅的就?,宋江（白）谅的就?
pdf_01000000__01001020___4ed03adea1,宋江闹院,pdf_01000000__01001020___4ed03adea1__line__000030,pdf_01000000__01001020___4ed03adea1__scene__002,01001020_宋江闹院.pdf,D:\University_studies\Junior\data_visualization\experiment\final_self\opera_dataset\01000000\01001020_宋江闹院.pdf,01000000/01001020_宋江闹院.pdf,62507f36-aa22-4065-bb0f-f7de69f87e7c,2,【第二场】,30,dialogue,dialogue,阎惜姣,pdf_01000000__01001020___4ed03adea1__char__897332419a,白,白,白,念白,阎惜姣,哎呀!,阎惜姣（白）哎呀!
pdf_01000000__01001020___4ed03adea1,宋江闹院,pdf_01000000__01001020___4ed03adea1__line__000030,pdf_01000000__01001020___4ed03adea1__scene__002,01001020_宋江闹院.pdf,D:\University_studies\Junior\data_visualization\experiment\final_self\opera_dataset\01000000\01001020_宋江闹院.pdf,01000000/01001020_宋江闹院.pdf,62507f36-aa22-4065-bb0f-f7de69f87e7c,2,【第二场】,30,lyric,lyric,宋江,pdf_01000000__01001020___4ed03adea1__char__6d76ac7bcd,西皮快板,唱,西皮快板,进；唱段,宋江,从今后我不进乌龙院!,宋江（西皮快板）从今后我不进乌龙院!
pdf_01000000__01001020___4ed03adea1,宋江闹院,pdf_01000000__01001020___4ed03adea1__line__000030,pdf_01000000__01001020___4ed03adea1__scene__002,01001020_宋江闹院.pdf,D:\University_studies\Junior\data_visualization\experiment\final_self\opera_dataset\01000000\01001020_宋江闹院.pdf,01000000/01001020_宋江闹院.pdf,62507f36-aa22-4065-bb0f-f7de69f87e7c,2,【第二场】,30,dialogue,dialogue,阎惜姣,pdf_01000000__01001020___4ed03adea1__char__897332419a,白,白,白,来；念白,阎惜姣,再来呢?,阎惜姣（白）再来呢?
pdf_01000000__01001020___4ed03adea1,宋江闹院,pdf_01000000__01001020___4ed03adea1__line__000030,pdf_01000000__01001020___4ed03adea1__scene__002,01001020_宋江闹院.pdf,D:\University_studies\Junior\data_visualization\experiment\final_self\opera_dataset\01000000\01001020_宋江闹院.pdf,01000000/01001020_宋江闹院.pdf,62507f36-aa22-4065-bb0f-f7de69f87e7c,2,【第二场】,30,lyric,lyric,宋江,pdf_01000000__01001020___4ed03adea1__char__6d76ac7bcd,西皮快板,唱,西皮快板,唱段,宋江,情愿对天把誓盟!,宋江（西皮快板）情愿对天把誓盟!
pdf_01000000__01001020___4ed03adea1,宋江闹院,pdf_01000000__01001020___4ed03adea1__line__000030,pdf_01000000__01001020___4ed03adea1__scene__002,01001020_宋江闹院.pdf,D:\University_studies\Junior\data_visualization\experiment\final_self\opera_dataset\01000000\01001020_宋江闹院.pdf,01000000/01001020_宋江闹院.pdf,62507f36-aa22-4065-bb0f-f7de69f87e7c,2,【第二场】,30,dialogue,dialogue,阎惜姣,pdf_01000000__01001020___4ed03adea1__char__897332419a,白,白,白,念白,阎惜姣,我不信!,阎惜姣（白）我不信!
pdf_01000000__01001020___4ed03adea1,宋江闹院,pdf_01000000__01001020___4ed03adea1__line__000030,pdf_01000000__01001020___4ed03adea1__scene__002,01001020_宋江闹院.pdf,D:\University_studies\Junior\data_visualization\experiment\final_self\opera_dataset\01000000\01001020_宋江闹院.pdf,01000000/01001020_宋江闹院.pdf,62507f36-aa22-4065-bb0f-f7de69f87e7c,2,【第二场】,30,dialogue,dialogue,宋江,pdf_01000000__01001020___4ed03adea1__char__6d76ac7bcd,白,白,白,念白,宋江,我就对......,宋江（白）我就对......
pdf_01000000__01001020___4ed03adea1,宋江闹院,pdf_01000000__01001020___4ed03adea1__line__000030,pdf_01000000__01001020___4ed03adea1__scene__002,01001020_宋江闹院.pdf,D:\University_studies\Junior\data_visualization\experiment\final_self\opera_dataset\01000000\01001020_宋江闹院.pdf,01000000/01001020_宋江闹院.pdf,62507f36-aa22-4065-bb0f-f7de69f87e7c,2,【第二场】,30,dialogue,dialogue,阎惜姣,pdf_01000000__01001020___4ed03adea1__char__897332419a,白,白,白,跪；念白,阎惜姣,我就跪......,阎惜姣（白）我就跪......
pdf_01000000__01001020___4ed03adea1,宋江闹院,pdf_01000000__01001020___4ed03adea1__line__000032,pdf_01000000__01001020___4ed03adea1__scene__002,01001020_宋江闹院.pdf,D:\University_studies\Junior\data_visualization\experiment\final_self\opera_dataset\01000000\01001020_宋江闹院.pdf,01000000/01001020_宋江闹院.pdf,62507f36-aa22-4065-bb0f-f7de69f87e7c,2,【第二场】,32,dialogue,dialogue,宋江,pdf_01000000__01001020___4ed03adea1__char__6d76ac7bcd,白,白,白,下；来；看；跪；念白,宋江,"哎,大姐我是与你做耍的。你怎么跪下了?来个朋友,看见像什么样儿?你起来吧!","宋江（白）哎,大姐我是与你做耍的。你怎么跪下了?来个朋友,看见像什么样儿?你起来吧!"
pdf_01000000__01001020___4ed03adea1,宋江闹院,pdf_01000000__01001020___4ed03adea1__line__000032,pdf_01000000__01001020___4ed03adea1__scene__002,01001020_宋江闹院.pdf,D:\University_studies\Junior\data_visualization\experiment\final_self\opera_dataset\01000000\01001020_宋江闹院.pdf,01000000/01001020_宋江闹院.pdf,62507f36-aa22-4065-bb0f-f7de69f87e7c,2,【第二场】,32,dialogue,dialogue,阎惜姣,pdf_01000000__01001020___4ed03adea1__char__897332419a,白,白,白,下；打；跪；哭；念白,阎惜姣,"我也不是三岁两岁小孩,让你打哭呢,哄乐呢!你与我跪下罢!","阎惜姣（白）我也不是三岁两岁小孩,让你打哭呢,哄乐呢!你与我跪下罢!"
pdf_01000000__01001020___4ed03adea1,宋江闹院,pdf_01000000__01001020___4ed03adea1__line__000032,pdf_01000000__01001020___4ed03adea1__scene__002,01001020_宋江闹院.pdf,D:\University_studies\Junior\data_visualization\experiment\final_self\opera_dataset\01000000\01001020_宋江闹院.pdf,01000000/01001020_宋江闹院.pdf,62507f36-aa22-4065-bb0f-f7de69f87e7c,2,【第二场】,32,dialogue,dialogue,宋江,pdf_01000000__01001020___4ed03adea1__char__6d76ac7bcd,白,白,白,念白,宋江,哎!,宋江（白）哎!
pdf_01000000__01001020___4ed03adea1,宋江闹院,pdf_01000000__01001020___4ed03adea1__line__000032,pdf_01000000__01001020___4ed03adea1__scene__002,01001020_宋江闹院.pdf,D:\University_studies\Junior\data_visualization\experiment\final_self\opera_dataset\01000000\01001020_宋江闹院.pdf,01000000/01001020_宋江闹院.pdf,62507f36-aa22-4065-bb0f-f7de69f87e7c,2,【第二场】,32,dialogue,dialogue,阎惜姣,pdf_01000000__01001020___4ed03adea1__char__897332419a,白,白,白,念白,阎惜姣,药酒毒死我宋公明!,阎惜姣（白）药酒毒死我宋公明!
pdf_01000000__01001020___4ed03adea1,宋江闹院,pdf_01000000__01001020___4ed03adea1__line__000032,pdf_01000000__01001020___4ed03adea1__scene__002,01001020_宋江闹院.pdf,D:\University_studies\Junior\data_visualization\experiment\final_self\opera_dataset\01000000\01001020_宋江闹院.pdf,01000000/01001020_宋江闹院.pdf,62507f36-aa22-4065-bb0f-f7de69f87e7c,2,【第二场】,32,lyric,lyric,宋江,pdf_01000000__01001020___4ed03adea1__char__6d76ac7bcd,西皮摇板,唱,西皮摇板,走；去；唱段,宋江,你走出去!,宋江（西皮摇板）你走出去!
pdf_01000000__01001020___4ed03adea1,宋江闹院,pdf_01000000__01001020___4ed03adea1__line__000032,pdf_01000000__01001020___4ed03adea1__scene__002,01001020_宋江闹院.pdf,D:\University_studies\Junior\data_visualization\experiment\final_self\opera_dataset\01000000\01001020_宋江闹院.pdf,01000000/01001020_宋江闹院.pdf,62507f36-aa22-4065-bb0f-f7de69f87e7c,2,【第二场】,32,dialogue,dialogue,阎惜姣,pdf_01000000__01001020___4ed03adea1__char__897332419a,白,白,白,上；下；来；去；命；念白,阎惜姣；宋江,"嗳,我与她恩爱夫妻,争吵几句,说什么不来?待我转去......啊?这贱人已经将门紧闭。哎!大丈夫做事,提得起,放得下。这烟花之地,来不来,有什么要紧?说不来我就不来了。嗳?说什么不来?想这乌龙院,乃是我银钱所造,阎惜姣是我银钱所买,我宋江不来,是哪个敢来?从今以后,无有风吹草动便罢,若有风吹草动,我就是这一刀结束尔的狗命!正是:当初不听朋友劝,失足上了无底船。","阎惜姣（白）嗳,我与她恩爱夫妻,争吵几句,说什么不来?待我转去......啊?这贱人已经将门紧闭。哎!大丈夫做事,提得起,放得下。这烟花之地,来不来,有什么要紧?说不来我就不来了。嗳?说什么不来?想这乌龙院,乃是我银钱所造,阎惜姣是我银钱所买,我宋江不来,是哪个敢来?从今以后,无有风吹草动便罢,若有风吹草动,我就是这一刀结束尔的狗命!正是:当初不听朋友劝,失足上了无底船。"
pdf_01000000__01001020___4ed03adea1,宋江闹院,pdf_01000000__01001020___4ed03adea1__line__000032,pdf_01000000__01001020___4ed03adea1__scene__002,01001020_宋江闹院.pdf,D:\University_studies\Junior\data_visualization\experiment\final_self\opera_dataset\01000000\01001020_宋江闹院.pdf,01000000/01001020_宋江闹院.pdf,62507f36-aa22-4065-bb0f-f7de69f87e7c,2,【第二场】,32,dialogue,dialogue,阎惜姣,pdf_01000000__01001020___4ed03adea1__char__897332419a,白,白,白,走；来；看；念白,阎惜姣；宋江,"宋大爷!宋江!哎呀,真走了!待我开开门,看看走呢!三郎快来!","阎惜姣（白）宋大爷!宋江!哎呀,真走了!待我开开门,看看走呢!三郎快来!"
pdf_01000000__01001020___4ed03adea1,宋江闹院,pdf_01000000__01001020___4ed03adea1__line__000032,pdf_01000000__01001020___4ed03adea1__scene__002,01001020_宋江闹院.pdf,D:\University_studies\Junior\data_visualization\experiment\final_self\opera_dataset\01000000\01001020_宋江闹院.pdf,01000000/01001020_宋江闹院.pdf,62507f36-aa22-4065-bb0f-f7de69f87e7c,2,【第二场】,32,dialogue,dialogue,张文远,pdf_01000000__01001020___4ed03adea1__char__b75d48c051,白,白,白,走；念白,张文远,我师父可曾走了?,张文远（白）我师父可曾走了?
pdf_01000000__01001020___4ed03adea1,宋江闹院,pdf_01000000__01001020___4ed03adea1__line__000032,pdf_01000000__01001020___4ed03adea1__scene__002,01001020_宋江闹院.pdf,D:\University_studies\Junior\data_visualization\experiment\final_self\opera_dataset\01000000\01001020_宋江闹院.pdf,01000000/01001020_宋江闹院.pdf,62507f36-aa22-4065-bb0f-f7de69f87e7c,2,【第二场】,32,dialogue,dialogue,阎惜姣,pdf_01000000__01001020___4ed03adea1__char__897332419a,白,白,白,走；念白,阎惜姣,你师父走了。,阎惜姣（白）你师父走了。
pdf_01000000__01001020___4ed03adea1,宋江闹院,pdf_01000000__01001020___4ed03adea1__line__000032,pdf_01000000__01001020___4ed03adea1__scene__002,01001020_宋江闹院.pdf,D:\University_studies\Junior\data_visualization\experiment\final_self\opera_dataset\01000000\01001020_宋江闹院.pdf,01000000/01001020_宋江闹院.pdf,62507f36-aa22-4065-bb0f-f7de69f87e7c,2,【第二场】,32,dialogue,dialogue,张文远,pdf_01000000__01001020___4ed03adea1__char__b75d48c051,白,白,白,去；念白,张文远,我也要去了。,张文远（白）我也要去了。
pdf_01000000__01001020___4ed03adea1,宋江闹院,pdf_01000000__01001020___4ed03adea1__line__000032,pdf_01000000__01001020___4ed03adea1__scene__002,01001020_宋江闹院.pdf,D:\University_studies\Junior\data_visualization\experiment\final_self\opera_dataset\01000000\01001020_宋江闹院.pdf,01000000/01001020_宋江闹院.pdf,62507f36-aa22-4065-bb0f-f7de69f87e7c,2,【第二场】,32,dialogue,dialogue,阎惜姣,pdf_01000000__01001020___4ed03adea1__char__897332419a,白,白,白,来；念白,阎惜姣,你回来!,阎惜姣（白）你回来!
pdf_01000000__01001020___4ed03adea1,宋江闹院,pdf_01000000__01001020___4ed03adea1__line__000032,pdf_01000000__01001020___4ed03adea1__scene__002,01001020_宋江闹院.pdf,D:\University_studies\Junior\data_visualization\experiment\final_self\opera_dataset\01000000\01001020_宋江闹院.pdf,01000000/01001020_宋江闹院.pdf,62507f36-aa22-4065-bb0f-f7de69f87e7c,2,【第二场】,32,dialogue,dialogue,张文远,pdf_01000000__01001020___4ed03adea1__char__b75d48c051,白,白,白,念白,张文远,作什么?,张文远（白）作什么?
pdf_01000000__01001020___4ed03adea1,宋江闹院,pdf_01000000__01001020___4ed03adea1__line__000032,pdf_01000000__01001020___4ed03adea1__scene__002,01001020_宋江闹院.pdf,D:\University_studies\Junior\data_visualization\experiment\final_self\opera_dataset\01000000\01001020_宋江闹院.pdf,01000000/01001020_宋江闹院.pdf,62507f36-aa22-4065-bb0f-f7de69f87e7c,2,【第二场】,32,dialogue,dialogue,阎惜姣,pdf_01000000__01001020___4ed03adea1__char__897332419a,白,白,白,念白,阎惜姣,"你还愿意作长久夫妻,还是愿意作短头夫妻?","阎惜姣（白）你还愿意作长久夫妻,还是愿意作短头夫妻?"
pdf_01000000__01001020___4ed03adea1,宋江闹院,pdf_01000000__01001020___4ed03adea1__line__000032,pdf_01000000__01001020___4ed03adea1__scene__002,01001020_宋江闹院.pdf,D:\University_studies\Junior\data_visualization\experiment\final_self\opera_dataset\01000000\01001020_宋江闹院.pdf,01000000/01001020_宋江闹院.pdf,62507f36-aa22-4065-bb0f-f7de69f87e7c,2,【第二场】,32,dialogue,dialogue,张文远,pdf_01000000__01001020___4ed03adea1__char__b75d48c051,白,白,白,念白,张文远,长头夫妻怎说?短头夫妻怎讲?,张文远（白）长头夫妻怎说?短头夫妻怎讲?
pdf_01000000__01001020___4ed03adea1,宋江闹院,pdf_01000000__01001020___4ed03adea1__line__000032,pdf_01000000__01001020___4ed03adea1__scene__002,01001020_宋江闹院.pdf,D:\University_studies\Junior\data_visualization\experiment\final_self\opera_dataset\01000000\01001020_宋江闹院.pdf,01000000/01001020_宋江闹院.pdf,62507f36-aa22-4065-bb0f-f7de69f87e7c,2,【第二场】,32,dialogue,dialogue,阎惜姣,pdf_01000000__01001020___4ed03adea1__char__897332419a,白,白,白,来；去；念白,阎惜姣,"短头夫妻,你今个去了,不要来了。","阎惜姣（白）短头夫妻,你今个去了,不要来了。"
pdf_01000000__01001020___4ed03adea1,宋江闹院,pdf_01000000__01001020___4ed03adea1__line__000032,pdf_01000000__01001020___4ed03adea1__scene__002,01001020_宋江闹院.pdf,D:\University_studies\Junior\data_visualization\experiment\final_self\opera_dataset\01000000\01001020_宋江闹院.pdf,01000000/01001020_宋江闹院.pdf,62507f36-aa22-4065-bb0f-f7de69f87e7c,2,【第二场】,32,dialogue,dialogue,张文远,pdf_01000000__01001020___4ed03adea1__char__b75d48c051,白,白,白,念白,张文远,我舍不得大姐。,张文远（白）我舍不得大姐。
pdf_01000000__01001020___4ed03adea1,宋江闹院,pdf_01000000__01001020___4ed03adea1__line__000032,pdf_01000000__01001020___4ed03adea1__scene__002,01001020_宋江闹院.pdf,D:\University_studies\Junior\data_visualization\experiment\final_self\opera_dataset\01000000\01001020_宋江闹院.pdf,01000000/01001020_宋江闹院.pdf,62507f36-aa22-4065-bb0f-f7de69f87e7c,2,【第二场】,32,dialogue,dialogue,阎惜姣,pdf_01000000__01001020___4ed03adea1__char__897332419a,白,白,白,念白,阎惜姣；宋江,"你舍不得我,我也舍不得你。闻听人说宋江私通梁山,你在外头访,我在家里访。访出此事,将他送入当官,你我就是长久夫妻了!好,我告辞了。","阎惜姣（白）你舍不得我,我也舍不得你。闻听人说宋江私通梁山,你在外头访,我在家里访。访出此事,将他送入当官,你我就是长久夫妻了!好,我告辞了。"
pdf_01000000__01001020___4ed03adea1,宋江闹院,pdf_01000000__01001020___4ed03adea1__line__000032,pdf_01000000__01001020___4ed03adea1__scene__002,01001020_宋江闹院.pdf,D:\University_studies\Junior\data_visualization\experiment\final_self\opera_dataset\01000000\01001020_宋江闹院.pdf,01000000/01001020_宋江闹院.pdf,62507f36-aa22-4065-bb0f-f7de69f87e7c,2,【第二场】,32,dialogue,dialogue,阎惜姣,pdf_01000000__01001020___4ed03adea1__char__897332419a,白,白,白,来；看；念白,阎惜姣,回来。我看看有人没人。,阎惜姣（白）回来。我看看有人没人。
pdf_01000000__01001020___4ed03adea1,宋江闹院,pdf_01000000__01001020___4ed03adea1__line__000032,pdf_01000000__01001020___4ed03adea1__scene__002,01001020_宋江闹院.pdf,D:\University_studies\Junior\data_visualization\experiment\final_self\opera_dataset\01000000\01001020_宋江闹院.pdf,01000000/01001020_宋江闹院.pdf,62507f36-aa22-4065-bb0f-f7de69f87e7c,2,【第二场】,32,dialogue,dialogue,阎惜姣,pdf_01000000__01001020___4ed03adea1__char__897332419a,白,白,白,念白,阎惜姣,"没有人。正是:二人定计二人知,","阎惜姣（白）没有人。正是:二人定计二人知,"
pdf_01000000__01001020___4ed03adea1,宋江闹院,pdf_01000000__01001020___4ed03adea1__line__000032,pdf_01000000__01001020___4ed03adea1__scene__002,01001020_宋江闹院.pdf,D:\University_studies\Junior\data_visualization\experiment\final_self\opera_dataset\01000000\01001020_宋江闹院.pdf,01000000/01001020_宋江闹院.pdf,62507f36-aa22-4065-bb0f-f7de69f87e7c,2,【第二场】,32,dialogue,dialogue,张文远,pdf_01000000__01001020___4ed03adea1__char__b75d48c051,念,念,念,走,张文远,休要走漏这消息。,张文远（念）休要走漏这消息。
pdf_01000000__01001020___4ed03adea1,宋江闹院,pdf_01000000__01001020___4ed03adea1__line__000032,pdf_01000000__01001020___4ed03adea1__scene__002,01001020_宋江闹院.pdf,D:\University_studies\Junior\data_visualization\experiment\final_self\opera_dataset\01000000\01001020_宋江闹院.pdf,01000000/01001020_宋江闹院.pdf,62507f36-aa22-4065-bb0f-f7de69f87e7c,2,【第二场】,32,dialogue,dialogue,阎惜姣,pdf_01000000__01001020___4ed03adea1__char__897332419a,念,念,念,,阎惜姣；宋江,"但愿害得宋江死,","阎惜姣（念）但愿害得宋江死,"
pdf_01000000__01001020___4ed03adea1,宋江闹院,pdf_01000000__01001020___4ed03adea1__line__000032,pdf_01000000__01001020___4ed03adea1__scene__002,01001020_宋江闹院.pdf,D:\University_studies\Junior\data_visualization\experiment\final_self\opera_dataset\01000000\01001020_宋江闹院.pdf,01000000/01001020_宋江闹院.pdf,62507f36-aa22-4065-bb0f-f7de69f87e7c,2,【第二场】,32,dialogue,dialogue,张文远,pdf_01000000__01001020___4ed03adea1__char__b75d48c051,念,念,念,,张文远,你我夫妻顷刻离。,张文远（念）你我夫妻顷刻离。
pdf_01000000__01001020___4ed03adea1,宋江闹院,pdf_01000000__01001020___4ed03adea1__line__000032,pdf_01000000__01001020___4ed03adea1__scene__002,01001020_宋江闹院.pdf,D:\University_studies\Junior\data_visualization\experiment\final_self\opera_dataset\01000000\01001020_宋江闹院.pdf,01000000/01001020_宋江闹院.pdf,62507f36-aa22-4065-bb0f-f7de69f87e7c,2,【第二场】,32,dialogue,dialogue,阎惜姣,pdf_01000000__01001020___4ed03adea1__char__897332419a,白,白,白,念白,阎惜姣,"哎呀,永不离!","阎惜姣（白）哎呀,永不离!"
pdf_01000000__01001020___4ed03adea1,宋江闹院,pdf_01000000__01001020___4ed03adea1__line__000032,pdf_01000000__01001020___4ed03adea1__scene__002,01001020_宋江闹院.pdf,D:\University_studies\Junior\data_visualization\experiment\final_self\opera_dataset\01000000\01001020_宋江闹院.pdf,01000000/01001020_宋江闹院.pdf,62507f36-aa22-4065-bb0f-f7de69f87e7c,2,【第二场】,32,dialogue,dialogue,张文远,pdf_01000000__01001020___4ed03adea1__char__b75d48c051,白,白,白,请；念白,张文远,"不错,永不离。请吓,请吓!","张文远（白）不错,永不离。请吓,请吓!"
pdf_01000000__01001020___4ed03adea1,宋江闹院,pdf_01000000__01001020___4ed03adea1__line__000032,pdf_01000000__01001020___4ed03adea1__scene__002,01001020_宋江闹院.pdf,D:\University_studies\Junior\data_visualization\experiment\final_self\opera_dataset\01000000\01001020_宋江闹院.pdf,01000000/01001020_宋江闹院.pdf,62507f36-aa22-4065-bb0f-f7de69f87e7c,2,【第二场】,32,dialogue,dialogue,阎惜姣,pdf_01000000__01001020___4ed03adea1__char__897332419a,白,白,白,叫；念白,阎惜姣；宋江,"正是:宋江啊,宋江,管叫你:","阎惜姣（白）正是:宋江啊,宋江,管叫你:"
