doc_id,doc_title,collection_dir,collection_code,collection_name,collection_label,work_code,work_title_hint,char_id,role_name,alias_names,role_type_raw,role_type_inferred,gender_inferred,age_inferred,status_identity,personality_tags,behavior_tags,speech_style,narrative_function,line_count,scene_coverage,scene_count_present,centrality_hint,evidence,source_line,raw,confidence,llm_error,role_note
pdf_01000000__01001001___b0ac065467,空城计,01000000,1000000,《戏考》,《戏考》（1000000）,01001001,空城计,pdf_01000000__01001001___b0ac065467__char__5edf330a7c,诸葛亮,孔明；诸葛；诸葛孔明,老生,老生,男,中年,蜀汉丞相,足智多谋；沉着冷静；谨慎；临危不惧,设空城计；抚琴；调兵遣将；镇定指挥,文雅；从容；有威严；多用文言,主角,16,1；4,2,0.931,"（二童儿同上，诸葛亮上。）诸葛亮（念）兵扎祁山地,要擒司马懿。诸葛亮（白）传。诸葛亮（白）罢了。诸葛亮（白）你奉何人所差?诸葛亮（白）手捧何物?诸葛亮（白）展开。诸葛亮（白）转来。诸葛亮（白）快快去到列柳城,调赵老将诸葛亮（白）嗳,好一个胆大的马谡呀。",5,诸葛亮：老生,0.95,,
pdf_01000000__01001001___b0ac065467,空城计,01000000,1000000,《戏考》,《戏考》（1000000）,01001001,空城计,pdf_01000000__01001001___b0ac065467__char__e9c71dfd96,司马懿,司马；司马仲达,净,净,男,中年,魏国大都督,多疑；谨慎；用兵如神；老谋深算,带兵攻城；观察敌情；下令撤退；与诸葛亮对峙,豪迈；果断；略带自负；口语化,主角,11,4；5；6,3,1.0,"诸葛亮（念）兵扎祁山地,要擒司马懿。司马懿带兵复夺西城。司马懿大兵离西城还有四十余里。嗳，司马懿的大兵，他来得好快呀！哽，他来得好快呀！人道司马用兵如神，今日一见，是令人可服，令人可敬。哎呀，且住。说什么令人可服，令人可敬？想这西城的兵将，俱被山人调遣在外，司马懿大兵到此，难道叫我军束手就擒，这束手就擒！你等将西城四门大开，打扫街道。司马懿大兵到此，不要害怕，违令者斩。（四白龙套同上，司马懿、司马师、司马昭同上，急急风过场，同下。）司马懿（西皮原板）坐在马上来观定,城楼上坐的是诸葛孔明。左右琴童来捧酒,打扫街道老弱残兵。我本当传将令杀进城,司马懿（白）且慢。司马懿（西皮摇板）左思右想心不定,城内必有埋伏兵。司马懿（白）哽。那孔明平生谨慎,从不弄险,不要中了他人之计。将前队改为后队,人马倒退四十余里。司马懿（白）待我说破于他。诸葛亮呀,诸葛孔明,你实城也罢,空城也罢,你司马老爷是不进城了。请呀请呀!二老军（同白）启禀丞相:司马懿人马倒退四十余里。（四龙套、司马懿、司马师、司马昭同上。报子上。）",7,司马懿：净,0.95,,
pdf_01000000__01001001___b0ac065467,空城计,01000000,1000000,《戏考》,《戏考》（1000000）,01001001,空城计,pdf_01000000__01001001___b0ac065467__char__07d1623981,司马师,,净,净,男,青年,司马懿长子,勇猛；忠诚；急躁,随父出征；参与军事行动,简洁；直接,配角,0,,0,0.3276,（四白龙套同上，司马懿、司马师、司马昭同上，急急风过场，同下。）（四龙套、司马懿、司马师、司马昭同上。报子上。）司马师、（四龙套、司马懿、司马师、司马昭同下。四上手、赵云同下。）（四龙套、司马懿、司马师、司马昭同上。）,9,司马师：净,0.85,,
pdf_01000000__01001001___b0ac065467,空城计,01000000,1000000,《戏考》,《戏考》（1000000）,01001001,空城计,pdf_01000000__01001001___b0ac065467__char__a14a4026de,司马昭,,小生,小生,男,青年,司马懿次子,敏锐；有主见；敢于进言,随父出征；分析敌情；建议进攻,直率；有逻辑,配角,3,4；5；6,3,0.5,"（四白龙套同上，司马懿、司马师、司马昭同上，急急风过场，同下。）司马昭（白）听他琴内慌迫,一定是空城。乘此机会,杀进城去......（四龙套、司马懿、司马师、司马昭同上。报子上。）司马昭（同白）如何？（四龙套、司马懿、司马师、司马昭同下。四上手、赵云同下。）（四龙套、司马懿、司马师、司马昭同上。）司马昭（白）我等哪里知道。",11,司马昭：小生,0.85,,
pdf_01000000__01001001___b0ac065467,空城计,01000000,1000000,《戏考》,《戏考》（1000000）,01001001,空城计,pdf_01000000__01001001___b0ac065467__char__44d28f079c,赵云,子龙；赵子龙,老生,老生,男,老年,蜀汉大将,勇猛；忠诚；老当益壮,领兵救援；与司马懿军交战,简洁；有力,配角,3,4；5,2,0.3103,（四上手引赵云急急风过场，同下。）（四上手、赵云同上。）赵云（白）参见丞相。赵云（白）得令。（赵云引四上手下。）（众人同允。四上手引赵云同上，两下会阵。）赵云（白）常山赵云。（四龙套、司马懿、司马师、司马昭同下。四上手、赵云同下。）司马懿（白）呸呸！我说是实城，你们说是空城。那赵云从天上掉下来的不成？,13,赵云：老生,0.85,,
pdf_01000000__01001001___b0ac065467,空城计,01000000,1000000,《戏考》,《戏考》（1000000）,01001001,空城计,pdf_01000000__01001001___b0ac065467__char__07c2687c9b,老军甲,,丑,丑,男,老年,西城守城老兵,幽默；胆小；朴实,打扫街道；执行命令,口语化；诙谐,功能性角色,0,,0,0.0,老军甲（念）老军甲（念）,15,老军甲：丑,0.7,,
pdf_01000000__01001001___b0ac065467,空城计,01000000,1000000,《戏考》,《戏考》（1000000）,01001001,空城计,pdf_01000000__01001001___b0ac065467__char__57d1dcd13f,老军乙,,丑,丑,男,老年,西城守城老兵,幽默；胆小；朴实,打扫街道；执行命令,口语化；诙谐,功能性角色,0,,0,0.0,老军乙（念）老军乙（念）,17,老军乙：丑,0.7,,
pdf_01000000__01001002___575bd35247,洪羊洞,01000000,1000000,《戏考》,《戏考》（1000000）,01001002,洪羊洞,pdf_01000000__01001002___575bd35247__char__1de21143a8,杨延昭,,老生,老生,男,中年,宋军元帅，杨继业之子,忠君爱国；孝义为先；忧思成疾,梦中见父；下令盗骨；病中托孤,文雅庄重；多用典故；情感深沉,主角,39,2；8；10,3,1.0,为国家哪何曾半日闲空；猛抬头又只见去世爹尊；我有意命贤弟，二下番营盗骨,7,杨延昭：老生,0.95,,
pdf_01000000__01001002___575bd35247,洪羊洞,01000000,1000000,《戏考》,《戏考》（1000000）,01001002,洪羊洞,pdf_01000000__01001002___575bd35247__char__5975f5da58,孟良,,净,净,男,壮年,杨延昭部将，焦赞结义兄弟,勇猛忠诚；粗中有细；重义轻生,奉命盗骨；误杀焦赞；自刎谢罪,直率豪爽；多用比喻；语气坚定,配角,16,2；6；7,3,0.4536,不听皇王诏宣，单听杨家令传；未将好比元帅跨下之骑；盗回尸骨立头功,9,孟良：净,0.9,,
pdf_01000000__01001002___575bd35247,洪羊洞,01000000,1000000,《戏考》,《戏考》（1000000）,01001002,洪羊洞,pdf_01000000__01001002___575bd35247__char__d3044dc191,焦赞,,净,净,男,壮年,杨延昭部将，孟良结义兄弟,急躁好胜；重情重义；粗鲁直率,私自追孟良；被误杀,直白冲动；多用反问；语气激烈,配角,6,3；6,2,0.1959,元帅做事差又差，差了孟良不差咱；焦不离孟，孟不离焦；这场功劳岂让他,11,焦赞：净,0.9,,
pdf_01000000__01001002___575bd35247,洪羊洞,01000000,1000000,《戏考》,《戏考》（1000000）,01001002,洪羊洞,pdf_01000000__01001002___575bd35247__char__476397dea5,程宣,,丑,丑,男,老年,北国更夫，原南朝人,胆小机灵；善良朴实；知恩图报,为孟良带路；报信；掩埋尸骨,口语化；带方言；语气慌张,功能性角色,24,6；7；8,3,0.5773,爷爷饶命，我不是奸细；本不是此地人氏，乃南朝人氏；待我从小道而去，与孟二爷送信,13,程宣：丑,0.85,,
pdf_01000000__01001002___575bd35247,洪羊洞,01000000,1000000,《戏考》,《戏考》（1000000）,01001002,洪羊洞,pdf_01000000__01001002___575bd35247__char__5103c2b42c,赵德芳,,老生,老生,男,中年,八贤王，宋室宗亲,仁厚宽和；重情重义；有担当,探病杨延昭；安慰佘太君；承诺担责,文雅温和；多用劝慰语；语气关切,配角,10,10,1,0.2165,御妹夫休得要珠泪淋淋；这一付千斤担有我担承；叫宗保随定孤去见当今,15,赵德芳：老生,0.9,,
pdf_01000000__01001002___575bd35247,洪羊洞,01000000,1000000,《戏考》,《戏考》（1000000）,01001002,洪羊洞,pdf_01000000__01001002___575bd35247__char__3da10fe899,杨继业,,外,外,男,老年（鬼魂）,已故宋将，杨延昭之父,忠魂不灭；慈爱牵挂；刚正不阿,托梦示警；告知真骸骨所在,阴森庄重；多用叮嘱语；语气急切,功能性角色,3,1；2,2,0.0619,在生为大将，死后作忠魂；驾阴风宋营来进；父尸骸在北国洪羊洞,17,杨继业：外,0.9,,
pdf_01000000__01001002___575bd35247,洪羊洞,01000000,1000000,《戏考》,《戏考》（1000000）,01001002,洪羊洞,pdf_01000000__01001002___575bd35247__char__106654b9cc,杨宗保,,小生,小生,男,青年,杨延昭之子,孝顺恭敬；年轻稳重,搀扶父亲；迎接千岁；请祖母娘亲,简短恭敬；多用敬语,配角,7,10,1,0.1753,迎接千岁；现在病房；有请祖母、娘亲,19,杨宗保：小生,0.85,,
pdf_01000000__01001002___575bd35247,洪羊洞,01000000,1000000,《戏考》,《戏考》（1000000）,01001002,洪羊洞,pdf_01000000__01001002___575bd35247__char__885012435f,佘太君,,老旦,老旦,女,老年,杨延昭之母，杨门女将之首,慈祥坚强；深明大义；悲痛隐忍,闻报探子；安慰儿子；哭丧,悲切深情；多用感叹；语气哀婉,配角,4,10,1,0.0928,听说宗保一声请；我儿醒来；保重了；一见我儿丧了命,21,佘太君：老旦,0.85,,
pdf_01000000__01001002___575bd35247,洪羊洞,01000000,1000000,《戏考》,《戏考》（1000000）,01001002,洪羊洞,pdf_01000000__01001002___575bd35247__char__8127ff05c7,柴夫人,,正旦,正旦,女,中年,杨延昭之妻，杨门女将之一,贤惠；孝顺；重情,侍奉婆母；照料病夫；悲痛哭泣,二黄摇板；情感外露；口语化,配角,3,10,1,0.1031,"柴夫人（二黄摇板）急忙上前问分明。 柴夫人（哭）哎呀! 杨延昭（二黄摇板）柴夫人近前来夫有话论,必须要早晚间侍奉娘亲。 杨延昭（二黄摇板）宗保儿跪床前听父教训:必须要秉忠心扶保乾坤。柴夫人,宗保儿,将我搀定,杨延昭离病床叩谢龙恩。再不能与我主把狼烟扫尽,再不能与我主在那万马军营。叩罢头抽身起站立不稳, 柴夫人（二黄摇板）怎不叫人痛在心。",23,柴夫人：正旦,0.85,,
pdf_01000000__01001003___c7b0d12542,三娘教子,01000000,1000000,《戏考》,《戏考》（1000000）,01001003,三娘教子,pdf_01000000__01001003___c7b0d12542__char__222fbb7f68,王春娥,,旦,旦,女,中年,三娘，薛家妾室，后为节妇,贤惠；坚贞；慈爱；刚毅,教子；持家；守节；忍辱负重,温婉中带刚；教诲语气；情感真挚,主角,0,,0,0.0,# 《三娘教子》（《双官诰》【前本】）,5,王春娥：旦,0.95,,
pdf_01000000__01001003___c7b0d12542,三娘教子,01000000,1000000,《戏考》,《戏考》（1000000）,01001003,三娘教子,pdf_01000000__01001003___c7b0d12542__char__965042f127,薛保,,外,外,男,老年,薛家老仆,忠诚；善良；正直；勤恳,辅助主母；照料家务；劝解矛盾,朴实；恳切；略带沧桑,配角,0,,0,0.0,# 《三娘教子》（《双官诰》【前本】）,7,薛保：外,0.9,,
pdf_01000000__01001003___c7b0d12542,三娘教子,01000000,1000000,《戏考》,《戏考》（1000000）,01001003,三娘教子,pdf_01000000__01001003___c7b0d12542__char__c17fa8c819,薛倚哥,,小生,小生,男,少年,薛家之子，王春娥继子,顽皮；叛逆；后知孝顺；可塑,逃学；顶撞母亲；最终悔悟,稚气；倔强；后期转为恭敬,配角,0,,0,0.0,# 《三娘教子》（《双官诰》【前本】）,9,薛倚哥：小生,0.9,,
pdf_01000000__01001004___c0c4e6569b,乌盆计,01000000,1000000,《戏考》,《戏考》（1000000）,01001004,乌盆计【后本】,pdf_01000000__01001004___c0c4e6569b__char__3d58ac8562,刘世昌,,老生,老生,男,中年,富商，南阳城外的绸缎商人,冤屈；执着；有礼,诉冤；哀求；摇摆树枝,文雅；悲切；叙述清晰,主角,32,1；2,2,0.5448,"刘世昌（反二黄慢板）未曾开言泪满腮,尊一声老丈细听开怀:家住在南阳城关外,离城十里太平街。刘世昌祖居有数代,务农为本颇有家财。奉母命上京去做买卖,贩卖绸缎倒也生财。主仆离家有一载,归清账目转回家来。行至在定远县关外,忽然间大雨就洒下来。路过了赵大窑门外,借宿谁知惹祸灾。蒙赵大夫妻好款待,顷刻间备出酒饭来。酒内下毒我不解,害死主仆命丧阳台。烧成了乌盆窑中摆,幸喜得老丈讨帐来。可怜我含冤有三载,有三载,老丈吓,",5,刘世昌：老生,0.95,,
pdf_01000000__01001004___c0c4e6569b,乌盆计,01000000,1000000,《戏考》,《戏考》（1000000）,01001004,乌盆计【后本】,pdf_01000000__01001004___c0c4e6569b__char__5424b307bc,张别古,,丑,丑,男,老年,贫穷老翁，赵大的债主,胆小；善良；朴实,讨债；被吓；带乌盆见官,口语化；直白；略带滑稽,配角,63,1；2,2,1.0,张别古（白）赵大，赵大……张别古（白）吓，他哪里抢得来的钱，穿得这么好。张别古（白）我找你有两句话讲。张别古（白）不在这里讲，在哪里讲？张别古（白）有了钱，就有了会客厅了。我不认识，你头里走。,7,张别古：丑,0.9,,
pdf_01000000__01001004___c0c4e6569b,乌盆计,01000000,1000000,《戏考》,《戏考》（1000000）,01001004,乌盆计【后本】,pdf_01000000__01001004___c0c4e6569b__char__e8bcce398f,赵大,,丑,丑,男,中年,窑主，谋财害命者,贪婪；狡猾；心虚,杀人；掩饰；炫耀财富,油滑；故作镇定；市侩,反派配角,18,1,1,0.2759,赵大（念）忽听叫赵大，胆战又如麻。纵然将事发，我有钱也不怕。赵大（白）原来是老小子。赵大（白）你做什么来的？赵大（白）有话在这里讲么？赵大（白）这里风大，吹了我的舌头。在我会客厅里讲去。,9,赵大：丑,0.9,,
pdf_01000000__01001004___c0c4e6569b,乌盆计,01000000,1000000,《戏考》,《戏考》（1000000）,01001004,乌盆计【后本】,pdf_01000000__01001004___c0c4e6569b__char__ebe18b18cb,包拯,,净,净,男,中年,定远县县令,公正；威严；明察秋毫,审案；问话；下令,官腔；简洁；果断,功能性角色,16,2,1,0.2414,"包拯（引子）官居县令,与黎民,判断冤情。包拯（白）带上来。包拯（白）那一老头儿,家住哪里,姓甚名谁,有何冤枉,朝上诉来。包拯（白）怎么乌盆会讲话?包拯（白）好,左右听了。乌盆,乌盆。包拯（白）乌盆。包拯（白）哽。赶了下去。包拯（白）好,叫他进来。包拯（白）他讲些什么?包拯（白）赏他纸钱一份。包拯（白）左右听真。包拯（白）乌盆。包拯（白）乌盆。",11,包拯：净,0.95,,
pdf_01000000__01001005___9cd2b8992a,打鼓骂曹,01000000,1000000,《戏考》,《戏考》（1000000）,01001005,打鼓骂曹,pdf_01000000__01001005___9cd2b8992a__char__2e5c496bad,祢衡,,老生,老生,男,中年,名士、孔融门客,恃才傲物；刚直不阿；愤世嫉俗；狂放不羁,当面讥讽；拒不行礼；大笑嘲弄；列举文武无能,引经据典；犀利刻薄；慷慨激昂；多用反问,主角,47,1；2；3,3,1.0,"祢衡（引子）天宽地阔海无边,成败兴亡梦里眠。 祢衡（白）我乃天下奇士,岂肯与奸贼低首吓。 祢衡（白）我笑这天地虽阔,却无一人也。 祢衡（白）你道你帐下,文能安邦,武能定国,俱是英雄豪杰,但不知文有谁高,武有谁能?祢某愿闻一二。",5,祢衡：老生,0.95,,
pdf_01000000__01001005___9cd2b8992a,打鼓骂曹,01000000,1000000,《戏考》,《戏考》（1000000）,01001005,打鼓骂曹,pdf_01000000__01001005___9cd2b8992a__char__84a1b18ff1,曹操,孟德,净,净,男,老年,丞相、权臣,傲慢专横；多疑善妒；自视甚高；喜怒无常,端坐不动；厉声质问；列举功绩；威胁顺逆,威严自负；咄咄逼人；多用排比；强调权威,配角,46,2；3,2,0.9389,"曹操（白）怕老夫不知他叫祢衡?见了老夫,这等大模大样,只行常礼,其实可恼! 曹操（白）老夫帐下,文能安邦,武能定国,何言无人? 曹操（白）顺我者生,逆我者死,何言无人?",7,曹操：净,0.95,,
pdf_01000000__01001006___06011d42c6,捉放曹,01000000,1000000,《戏考》,《戏考》（1000000）,01001006,捉放曹,pdf_01000000__01001006___06011d42c6__char__a596384b04,陈宫,,老生,老生,男,中年,中牟县县令,正直；谨慎；有同情心；优柔寡断,审案；释放曹操；弃官随行,文雅；官腔；引经据典,主角,80,1；2；3,3,0.8894,"陈宫（引子）身受皇恩,与黎民,判断冤情。陈宫（白）自要尔等拿得不差，解进京去，俱有千金重赏。陈宫（西皮摇板）曹孟德进衙来齐声威喝。陈宫（白）见了本县,为何不跪?",7,陈宫：老生,0.95,,
pdf_01000000__01001006___06011d42c6,捉放曹,01000000,1000000,《戏考》,《戏考》（1000000）,01001006,捉放曹,pdf_01000000__01001006___06011d42c6__char__9353441b83,曹操,孟德,净,净,男,壮年,逃犯（原为朝廷官员）,豪迈；机智；傲慢；有野心,行刺董卓；被捕不跪；说服陈宫；逃亡,直率；激昂；多用快板；威胁与劝诱并用,主角,78,1；2；3,3,1.0,"曹操（西皮流水板）跳龙潭出虎穴逃灾避祸。曹操（白）我这双金膝,上跪天子,下跪父母,岂肯跪你这小小县令?曹操（西皮快板）你将我解进京献与董卓,那时节见太师自有话说:刺董卓是陈宫修书与我,管叫你遍体排牙难以分说!",9,曹操：净,0.95,,
pdf_01000000__01001006___06011d42c6,捉放曹,01000000,1000000,《戏考》,《戏考》（1000000）,01001006,捉放曹,pdf_01000000__01001006___06011d42c6__char__576ef3218a,吕伯奢,,末,末,男,老年,乡绅（曹操父亲结拜兄弟）,热情；好客；忠厚；念旧,认出曹操；邀请留宿；热情招待,亲切；谦恭；口语化,配角,27,2；3,2,0.3467,"吕伯奢（白）吓,贤侄,不要害怕,老夫吕伯奢,你父与我有八拜之交,难道就不认得了么?吕伯奢（西皮流水板）怪不得昨晚灯花放,今日喜鹊叫门前。只说大祸从天降,贵客临门到我庄。",11,吕伯奢：末,0.9,,
pdf_01000000__01001006___06011d42c6,捉放曹,01000000,1000000,《戏考》,《戏考》（1000000）,01001006,捉放曹,pdf_01000000__01001006___06011d42c6__char__4c2497874f,班头甲,,丑,丑,男,中年,县衙班头,机灵；谄媚；尽职,报信；押解犯人；推辞赏赐,简洁；恭敬；口语化,功能性角色,7,1,1,0.0854,班头甲（念）捉拿曹操事，报与太爷知。班头甲（白）恭喜太爷，贺喜太爷！班头甲（白）小人们不愿领赏，愿太爷禄依高升。,13,班头甲：丑,0.85,,
pdf_01000000__01001006___06011d42c6,捉放曹,01000000,1000000,《戏考》,《戏考》（1000000）,01001006,捉放曹,pdf_01000000__01001006___06011d42c6__char__ab3d966417,班头乙,,丑,丑,男,中年,县衙班头,服从；沉默,押解犯人,极少说话；仅应声,功能性角色,1,1,1,0.0151,班头乙（内白）哦。 （班头乙上。曹操上。）,15,班头乙：丑,0.7,,
pdf_01000000__01001006___06011d42c6,捉放曹,01000000,1000000,《戏考》,《戏考》（1000000）,01001006,捉放曹,pdf_01000000__01001006___06011d42c6__char__e82f0f124a,店家,,丑,丑,男,中年,旅店老板,殷勤；市侩,招呼客人；准备酒菜,简短；服务性用语,功能性角色,5,3,1,0.0452,"店家（白）来了!店家（白）是了。店家（白）二位,用些什么?店家（白）是,伙计们,烫酒一壶,酒到灯到。",17,店家：丑,0.8,,
pdf_01000000__01001007___1b262d262b,桑园寄子,01000000,1000000,《戏考》,《戏考》（1000000）,01001007,桑园寄子,pdf_01000000__01001007___1b262d262b__char__bed496359a,邓伯道,,老生,老生,男,老年,兄长、父亲、家长,重情重义；悲伤哀痛；有责任感,祭奠兄弟；带领子侄；安排家事,文雅；感叹；呼唤,主角,66,1；2；4；5,4,1.0,（邓伯道上。）邓伯道（引子）兄弟丧了命，倒叫我，好不伤心。（念）人生在世几度秋，好似杨花水上浮。有朝一日狂风起，大限来时一笔勾。邓伯道（白）老汉邓伯道。兄弟伯俭，中年丧命，撇下邓方孩儿，无人教训。今当周年之期，备定祭礼，带领两个孩儿，去到坟前一祭，以表手足之情。,5,邓伯道：老生,0.95,,
pdf_01000000__01001007___1b262d262b,桑园寄子,01000000,1000000,《戏考》,《戏考》（1000000）,01001007,桑园寄子,pdf_01000000__01001007___1b262d262b__char__c2b1d812f9,金氏,,旦,旦,女,中年,寡妇、弟媳,哀伤；柔弱；依赖,独守孤灯；随家人逃难；哭泣,哀怨；感叹；叙述,配角,15,2；4；5,3,0.3382,（金氏上。）金氏（二黄摇板）遭不幸我官人一旦丧命，撇下奴每日里独守孤灯。金氏（二黄原板）走得我两腿痛珠泪满腮。金氏（二黄原板）何日里到潼关才放心怀。,7,金氏：旦,0.9,,
pdf_01000000__01001008___4e2bf00560,取成都,01000000,1000000,《戏考》,《戏考》（1000000）,01001008,取成都,pdf_01000000__01001008___4e2bf00560__char__4e09592d11,刘璋,,老生,老生,男,中年,西川之主，蜀主,优柔寡断；仁义软弱；缺乏主见,坐视不理；让城求和；依赖臣子,引子开场；多用感叹词；语气犹豫,主角,44,1；3；4；5,4,1.0,"刘璋（引子）驾坐西川,恨张松,归顺桃园。 刘璋（白）非是孤坐视不理,我想成都,兵微将寡,将这西川让与刘备就是。",7,刘璋：老生,0.95,,
pdf_01000000__01001008___4e2bf00560,取成都,01000000,1000000,《戏考》,《戏考》（1000000）,01001008,取成都,pdf_01000000__01001008___4e2bf00560__char__ec3794f24a,刘玉,,小生,小生,男,青年,刘璋之子，王子,急躁；忠诚；有主见,上殿奏本；请命守城；质问父王,多用快板；语气急切；直抒胸臆,配角,15,1,1,0.2741,"刘玉（西皮快板）父王说话不必惊,细听儿臣奏分明:刘备纵有千员将,不让西川又怎生? 刘玉（白）儿臣敌楼答话。",9,刘玉：小生,0.9,,
pdf_01000000__01001008___4e2bf00560,取成都,01000000,1000000,《戏考》,《戏考》（1000000）,01001008,取成都,pdf_01000000__01001008___4e2bf00560__char__594ba1fde9,王累,,老丑,老丑,男,老年,西川老臣，保驾官,忠直；刚烈；固执,启奏主君；保驾随行；阻止开城,多用摇板；语气激昂；直言不讳,配角,15,1；3,2,0.2519,"王累（西皮摇板）西川人马乱纷纷,忙上银安奏主君。 王累（白）开城不要紧,我主江山有失。",11,王累：老丑,0.9,,
pdf_01000000__01001008___4e2bf00560,取成都,01000000,1000000,《戏考》,《戏考》（1000000）,01001008,取成都,pdf_01000000__01001008___4e2bf00560__char__fd35540fd1,刘备,玄德；皇叔,老生,老生,男,中年,汉室宗亲，蜀汉之主,仁义；沉稳；善于用人,进城受降；与刘璋对话；依赖诸葛亮,语气谦和；称呼宗兄；简短有力,主角,18,4；5,2,0.4593,"刘备（白）吓,宗兄! 刘备（白）不敢，宗兄请。 刘备（白）此乃是卧龙先生。",13,刘备：老生,0.95,,
pdf_01000000__01001008___4e2bf00560,取成都,01000000,1000000,《戏考》,《戏考》（1000000）,01001008,取成都,pdf_01000000__01001008___4e2bf00560__char__9dffb49a33,诸葛亮,孔明；诸葛；诸葛孔明,老生,老生,男,中年,蜀汉军师，卧龙先生,足智多谋；沉稳；善于安抚,随军进城；安抚刘璋；调兵遣将,多用快板；语气从容；言辞得体,配角,8,5,1,0.2074,"诸葛亮（快西皮摇板）蜀主不必怒气生,山人言来听分明:主公暂把心拿定,提兵调将由山人。 诸葛亮（白）四将听令:大排队伍送蜀主出城,一路之上,须要小心。",15,诸葛亮：老生,0.95,,
pdf_01000000__01001009___abd1be1808,硃砂痣,01000000,1000000,《戏考》,《戏考》（1000000）,01001009,硃砂痣,pdf_01000000__01001009___abd1be1808__char__b93c80f8b9,韩廷凤,,外,外,男,中年,员外（富户）,善良；仗义；正直；慈悲,赠银；烧婚书；送还妻子；守空房,慷慨；果断；文雅,主角,64,1；3；6,3,1.0,"韩廷凤（白）你可将这女子送回,聘礼不要,再取银子一百两,送她到家,全她夫妻恩情,以完这女子贞节之名。",5,韩廷凤：外,0.95,,
pdf_01000000__01001009___abd1be1808,硃砂痣,01000000,1000000,《戏考》,《戏考》（1000000）,01001009,硃砂痣,pdf_01000000__01001009___abd1be1808__char__b4e53a2881,吴惠泉,,老生,老生,男,中年,贫病书生,忠厚；感恩；病弱,卧病；感激；欲叩谢,虚弱；激动；朴实,配角,57,2；3；5；6,4,0.8212,"吴惠泉（白）世界之上,哪有这样好人?谢天谢地!",7,吴惠泉：老生,0.9,,
pdf_01000000__01001009___abd1be1808,硃砂痣,01000000,1000000,《戏考》,《戏考》（1000000）,01001009,硃砂痣,pdf_01000000__01001009___abd1be1808__char__a0a381e6a8,江氏,,旦,旦,女,青年,贫妇（吴惠泉之妻）,贞烈；感恩；柔弱,哭诉；叩谢；归家,哀婉；恭敬；简洁,配角,22,1；2；3,3,0.3709,"江氏（二黄摇板）救命银是我夫重生父样,全贞节是难妇再世爹娘。",9,江氏：旦,0.9,,
pdf_01000000__01001009___abd1be1808,硃砂痣,01000000,1000000,《戏考》,《戏考》（1000000）,01001009,硃砂痣,pdf_01000000__01001009___abd1be1808__char__73bf017916,金氏,,老旦,老旦,女,老年,贫苦老妇（养母）,现实；无奈；慈爱中带狠心,卖子；诉说身世；分离,直白；悲叹；训斥,配角,19,4；5,2,0.3311,金氏（白）我对你讲了吧：你不是我亲生之子，自因那年金兵造反，四月初八日在青州路上拾来的。,11,金氏：老旦,0.9,,
pdf_01000000__01001009___abd1be1808,硃砂痣,01000000,1000000,《戏考》,《戏考》（1000000）,01001009,硃砂痣,pdf_01000000__01001009___abd1be1808__char__8879b74b6c,媒婆,,丑旦,丑旦,女,中年,媒婆,市侩；谄媚；机灵,引轿；讨赏；撮合,油滑；奉承；简短,功能性角色,5,1,1,0.0397,媒婆（念）新人过门厅，媒钱自然增。,13,媒婆：丑旦,0.85,,
pdf_01000000__01001009___abd1be1808,硃砂痣,01000000,1000000,《戏考》,《戏考》（1000000）,01001009,硃砂痣,pdf_01000000__01001009___abd1be1808__char__c1f921796e,韩遇运,,小生,小生,男,少年,书生（韩廷凤失散之子）,有志气；孝顺；倔强,拒卖；寻亲；行礼,文雅；激昂；恭敬,配角,28,4；6,2,0.5364,"韩遇运（白)(二黄原板）母亲吓,休道我在书房不耕不艺,你孩儿志气高满腹经奇。且等到羽毛干鹏程万里,那时节戴乌纱身挂紫衣。",15,韩遇运：小生,0.9,,
pdf_01000000__01001010___86bc12e35b,黄金台,01000000,1000000,《戏考》,《戏考》（1000000）,01001010,黄金台,pdf_01000000__01001010___86bc12e35b__char__fe7c70a614,田单,,老生,老生,男,中年,齐国大夫,忠义；机智；果断,掌灯夜行；掩护太子；设计改扮,沉稳；急切；恭敬,主角,63,1；2,2,1.0,为国家哪顾得昼夜奔忙；叫人来掌红灯大街来上；与千岁改扮起来,7,田单：老生,0.95,,
pdf_01000000__01001010___86bc12e35b,黄金台,01000000,1000000,《戏考》,《戏考》（1000000）,01001010,黄金台,pdf_01000000__01001010___86bc12e35b__char__94bd019a29,伊立,,净,净,男,中年,齐国奸臣/太监,奸诈；凶狠；跋扈,带兵搜府；下马盘问；冷笑,傲慢；威逼；假客气,反派配角,44,2,1,0.7244,伊立与我结仇恨；御史衙前下了马；有劳大人相迎咱,9,伊立：净,0.9,,
pdf_01000000__01001010___86bc12e35b,黄金台,01000000,1000000,《戏考》,《戏考》（1000000）,01001010,黄金台,pdf_01000000__01001010___86bc12e35b__char__984a448e54,田法章,,小生,小生,男,青年,东宫世子（太子）,懦弱；惊慌；依赖,昏迷；求救；学妇人行走,哭诉；哀求；犹豫,主角（被保护者）,13,2,1,0.315,伊立与我结仇恨；卿家你要救我一救；金枝玉叶扮妇人,11,田法章：小生,0.95,,
pdf_01000000__01001010___86bc12e35b,黄金台,01000000,1000000,《戏考》,《戏考》（1000000）,01001010,黄金台,pdf_01000000__01001010___86bc12e35b__char__22dd1b86ee,乳娘,,老旦,老旦,女,老年,太子乳母,忠诚；顺从；慈祥,搀扶太子；教导行走；接受赏银,简短；恭敬；教导式,配角,4,2,1,0.1496,乳娘允；是；妇人行走，必须要这样走；遵命,13,乳娘：老旦,0.9,,
pdf_01000000__01001010___86bc12e35b,黄金台,01000000,1000000,《戏考》,《戏考》（1000000）,01001010,黄金台,pdf_01000000__01001010___86bc12e35b__char__79ec311ca9,衙役甲,,丑,丑,男,中年,衙门差役,贪财；机灵；滑稽,看守犯人；讨赏,口语化；市井,功能性角色,1,1,1,0.0236,伙计你看住他，我去讨赏,15,衙役甲：丑,0.85,,
pdf_01000000__01001010___86bc12e35b,黄金台,01000000,1000000,《戏考》,《戏考》（1000000）,01001010,黄金台,pdf_01000000__01001010___86bc12e35b__char__e08c12ae46,衙役乙,,丑,丑,男,中年,衙门差役,顺从；配合,看守犯人；听从同伴,简短；口语化,功能性角色,1,1,1,0.0157,好，我来看住他，你去,17,衙役乙：丑,0.85,,
pdf_01000000__01001011___b32a64375f,文昭关,01000000,1000000,《戏考》,《戏考》（1000000）,01001011,文昭关,pdf_01000000__01001011___b32a64375f__char__5835435b22,伍员,,老生,老生,男,中年,楚国逃亡将领,刚烈；急躁；忠孝；谨慎,怒斥；下马问路；隐瞒身份；悲伤；谦逊,直白；急促；感叹多；礼貌,主角,41,1；2；3；5,4,0.6522,"伍员（西皮摇板）伍员马上怒气冲,逃出龙潭虎穴中!；伍员（白）哦,呵呀!看那旁有一老丈,待我下马问来。；伍员（白）住口!俺不是伍子胥,老丈不要认差了!；伍员（白）哎呀,不好了!；伍员（白）萍水相逢,怎好打搅。",5,伍员：老生,0.95,,
pdf_01000000__01001011___b32a64375f,文昭关,01000000,1000000,《戏考》,《戏考》（1000000）,01001011,文昭关,pdf_01000000__01001011___b32a64375f__char__73b4f3469d,东皋公,,外,外,男,老年,山中隐士,睿智；仁厚；热心；沉稳,隐居；识人；邀请留宿；设计救难,文雅；从容；关切；谦和,配角,54,1；2；3；6,4,1.0,"东皋公（引子）庄外青山绿水,黄花百草风吹。；东皋公（白）我乃山中隐士,你但讲何妨?；东皋公（白）将军不必悲伤,请到老汉家下,暂住几日。慢慢定计,就你出关。；东皋公（白）忠臣孝子,这有何妨?",7,东皋公：外,0.95,,
pdf_01000000__01001011___b32a64375f,文昭关,01000000,1000000,《戏考》,《戏考》（1000000）,01001011,文昭关,pdf_01000000__01001011___b32a64375f__char__f030df69b8,皇甫讷,,末,末,男,中年,东皋公好友,仗义；豪爽；忠诚；勇敢,应邀前来；设计冒充；甘受责罚,直率；恭敬；果断,配角,21,3；4；6,3,0.4638,"皇甫讷（白）皋公兄。；皇甫讷（白）仁兄之言,小弟无有不遵。伍员今在何处?；皇甫讷（白）受惊是小事,难免一场受责。；皇甫讷（白）你须要早来!",9,皇甫讷：末,0.9,,
pdf_01000000__01001011___b32a64375f,文昭关,01000000,1000000,《戏考》,《戏考》（1000000）,01001011,文昭关,pdf_01000000__01001011___b32a64375f__char__768b0d2c53,米南适,,净,净,男,中年,昭关守将,威严；暴躁；粗鲁；多疑,坐守昭关；审问犯人；下令鞭打；听信东皋公,命令式；呵斥；简短有力,功能性角色,17,4；6,2,0.3116,"米南适（引子）坐守昭关,威镇名传。；米南适（白）呔，胆大伍子胥！你乃反叛之臣，见了本帅，为何立而不跪？；米南适（白）明明伍子胥，还敢强辩！来，吊在西廊，重打一百皮鞭！；米南适（白）既是先生好友，将他放下。",11,米南适：净,0.9,,
pdf_01000000__01001012___3dcca783f4,黄鹤楼,01000000,1000000,《戏考》,《戏考》（1000000）,01001012,黄鹤楼,pdf_01000000__01001012___3dcca783f4__char__5b525fe809,刘备,玄德；皇叔,老生,老生,男,中年,蜀汉君主,谨慎；多疑；重情义,犹豫不决；依赖诸葛亮；关心兄弟,文雅；犹豫；感叹,主角,45,1；2；3；4,4,1.0,刘备（白）既是奸计，孤就不去了。；刘备（白）要去你去，孤是不去的了！,7,刘备：老生,0.95,,
pdf_01000000__01001012___3dcca783f4,黄鹤楼,01000000,1000000,《戏考》,《戏考》（1000000）,01001012,黄鹤楼,pdf_01000000__01001012___3dcca783f4__char__b442522959,赵云,子龙；赵子龙,小生,小生,男,青年,蜀汉将领,勇猛；忠诚；谨慎,护卫主公；服从命令；观察局势,简洁；有力；恭敬,配角,22,1；2；4,3,0.5076,赵云（念）忆昔长坂建奇功，冲锋对垒气概雄。；赵云（白）遵命。,9,赵云：小生,0.9,,
pdf_01000000__01001012___3dcca783f4,黄鹤楼,01000000,1000000,《戏考》,《戏考》（1000000）,01001012,黄鹤楼,pdf_01000000__01001012___3dcca783f4__char__2149bd761d,周瑜,,小生,小生,男,青年,东吴都督,智谋；骄傲；好胜,设局诱敌；指挥军队；试探对手,自信；挑衅；命令式,配角,43,1；2；3；4,4,0.9318,周瑜（西皮摇板）刘备中计命必丧，讨回荆州取襄阳。；周瑜（白）准备战船，江口伺候。,11,周瑜：小生,0.95,,
pdf_01000000__01001012___3dcca783f4,黄鹤楼,01000000,1000000,《戏考》,《戏考》（1000000）,01001012,黄鹤楼,pdf_01000000__01001012___3dcca783f4__char__b788173f9c,诸葛亮,孔明；诸葛；诸葛孔明,老生,老生,男,中年,蜀汉军师,足智多谋；沉着冷静；运筹帷幄,分析局势；安排计策；安抚主公,从容；哲理；劝诫,主角,31,1,1,0.5076,诸葛亮（念）东吴摆下杀人场，狸猫焉能胜虎狼。；诸葛亮（白）山人自有道理。,13,诸葛亮：老生,0.95,,
pdf_01000000__01001012___3dcca783f4,黄鹤楼,01000000,1000000,《戏考》,《戏考》（1000000）,01001012,黄鹤楼,pdf_01000000__01001012___3dcca783f4__char__4968ffc02e,张飞,翼德,净,净,男,中年,蜀汉将领,暴躁；直率；忠诚,冲动质问；担忧兄长；威胁他人,粗犷；愤怒；直白,配角,9,1,1,0.1439,张飞（西皮摇板）心中恼恨诸葛亮，做事不与某商量。；张飞（白）诸葛亮吓，诸葛孔明！你好狠毒也！,15,张飞：净,0.9,,
pdf_01000000__01001012___3dcca783f4,黄鹤楼,01000000,1000000,《戏考》,《戏考》（1000000）,01001012,黄鹤楼,pdf_01000000__01001012___3dcca783f4__char__e9a3da3728,鲁肃,,老生,老生,男,中年,东吴谋士,忠厚；谨慎；调和,安排宴席；传递信息；调解矛盾,恭敬；委婉；解释,功能性角色,14,4,1,0.2348,鲁肃（白）摆宴。有请都督。；鲁肃（白）是都督放他走的。,17,鲁肃：老生,0.85,,
pdf_01000000__01001013___2ec29dd171,天水关,01000000,1000000,《戏考》,《戏考》（1000000）,01001013,天水关,pdf_01000000__01001013___2ec29dd171__char__3c415c8253,诸葛亮,孔明；诸葛；诸葛孔明,老生,老生,男,中年,蜀汉丞相，托孤重臣,忠君爱国；谨慎周密；谦恭有礼；运筹帷幄,上表出征；辞别君主；安排朝政；发兵启程,文雅庄重；多用典故；语气恭敬；条理清晰,主角,29,1；2；5；7,4,1.0,"诸葛亮（引子）代理山河,掌丝纶,运筹帷幄。 诸葛亮（二黄原板）食君禄报皇恩当把忠尽,臣敢劳我主爷长亭饯行。 诸葛亮（二黄原板）臣去后诸国事与他们议论,宫中事朝中事臣不欺君,君不瞒臣,以礼而行。",7,诸葛亮：老生,0.95,,
pdf_01000000__01001013___2ec29dd171,天水关,01000000,1000000,《戏考》,《戏考》（1000000）,01001013,天水关,pdf_01000000__01001013___2ec29dd171__char__c6acf119f7,姜维,,净,净,男,青年,魏国将领，后归蜀汉,勇猛善战；自信豪迈；有谋略；忠诚,请战；点兵派将；分析敌情；指挥军队,慷慨激昂；多用排比；语气坚定；引用典故,配角,23,3；4；6；7,4,0.9315,"姜维（念）一颗明珠土内藏,几载未曾放毫光。 姜维（西皮导板）众将官站两厢听我令下, 姜维（西皮快板）捉孔明擒赵云只在今朝。",9,姜维：净,0.9,,
pdf_01000000__01001013___2ec29dd171,天水关,01000000,1000000,《戏考》,《戏考》（1000000）,01001013,天水关,pdf_01000000__01001013___2ec29dd171__char__ace5cdd341,刘禅,,小生,小生,男,青年,蜀汉后主,仁厚软弱；依赖诸葛亮；优柔寡断；重感情,设朝议事；批准奏章；长亭饯行；赐酒送别,语气温和；多用感叹；表达不舍；言语简单,配角,15,1；2,2,0.3836,"刘禅（白）哦,呵呀!才得干戈宁静,又要出兵。叫孤心中难舍。 刘禅（二黄原板）手挽手与相父长亭来进,众将官一个个杀气腾腾。 刘禅（二黄原板）四皇叔孤赐你皇封御酒,但愿你此一去奏凯回程。",11,刘禅：小生,0.9,,
pdf_01000000__01001014___552f523069,七星灯,01000000,1000000,《戏考》,《戏考》（1000000）,01001014,七星灯,pdf_01000000__01001014___552f523069__char__b3429857e0,诸葛亮,孔明；诸葛；诸葛孔明,老生,老生,男,老年,蜀汉丞相，托孤重臣,忠诚；睿智；坚韧；忧国忧民,拜斗祈寿；执剑登台；托付后事；书写表章,文雅庄重；多用典故；语气沉郁,主角,40,2,1,1.0,"为国家把我的心血用尽,都只为先帝爷托孤之恩。执宝剑上玄台难以扎挣,险些儿把老夫跌倒埃尘。诸葛亮不敢扭天行,为的是吾主锦乾坤。",5,诸葛亮：老生,0.95,,
pdf_01000000__01001014___552f523069,七星灯,01000000,1000000,《戏考》,《戏考》（1000000）,01001014,七星灯,pdf_01000000__01001014___552f523069__char__4f10f1f0c4,姜维,,末,末,男,中年,蜀汉大将，诸葛亮弟子,忠诚；勇猛；急躁；尊师,搀扶丞相；请李大人；执剑欲砍魏延；听令行事,直率；语气急切；多用问句,配角,12,2,1,0.4239,"我师父拜斗六天整,看看拜起本命星。为何将灯来打熄?想是贼子起反心!手执宝剑将你砍,丞相为何发雷霆?",7,姜维：末,0.9,,
pdf_01000000__01001014___552f523069,七星灯,01000000,1000000,《戏考》,《戏考》（1000000）,01001014,七星灯,pdf_01000000__01001014___552f523069__char__068a1b5735,司马懿,司马；司马仲达,净,净,男,老年,魏国大都督,多疑；精明；善于观察；沉稳,观星察阵；部署战事；登山窥探；识破计谋,威严；多用军事术语；语气果断,配角,4,2,1,0.1522,虎目圆睁看分明：观东方甲乙木，木旺生火，观南方丙丁火，火能克金。正西方亢金龙昂然坐定，观北方壬癸水，水见壬庚。在北斗口内仔细看，见北斗主星黑暗不明。,9,司马懿：净,0.9,,
pdf_01000000__01001015___f8b1d2d500,战北原,01000000,1000000,《戏考》,《戏考》（1000000）,01001015,战北原,pdf_01000000__01001015___f8b1d2d500__char__bb57056acf,诸葛亮,孔明；诸葛；诸葛孔明,老生,老生,男,中年,蜀汉丞相,足智多谋；沉稳老练；忠贞不渝,运筹帷幄；识破计谋；斩将立威,文雅从容；逻辑严密；威严中带诙谐,主角,0,,0,0.0,# 《战北原》 （一名：《斩郑文》）,5,诸葛亮：老生,0.95,,
pdf_01000000__01001015___f8b1d2d500,战北原,01000000,1000000,《戏考》,《戏考》（1000000）,01001015,战北原,pdf_01000000__01001015___f8b1d2d500__char__b2c951bff5,郑文,,净,净,男,中年,魏国将领（后诈降蜀汉）,狡诈；勇猛；反复无常,诈降；被识破；被斩,粗犷；虚张声势；狡辩,配角,0,,0,0.0,# 《战北原》 （一名：《斩郑文》）,7,郑文：净,0.9,,
pdf_01000000__01001016___c79fb0e7e0,牧羊卷,01000000,1000000,《戏考》,《戏考》（1000000）,01001016,牧羊卷,pdf_01000000__01001016___c79fb0e7e0__char__1ee2604a41,朱春登,,老生,老生,男,中年,武将/官员,忠孝；刚毅；重情,征战；寻亲；施恩,慷慨；沉稳,主角,0,,0,0.0,老生行当，剧名《牧羊卷》又名《席棚会妻》，朱春登为剧中核心人物，经历征战、封官、寻妻母等情节。,7,朱春登：老生,0.9,,
pdf_01000000__01001016___c79fb0e7e0,牧羊卷,01000000,1000000,《戏考》,《戏考》（1000000）,01001016,牧羊卷,pdf_01000000__01001016___c79fb0e7e0__char__c3c5c7a9b2,赵锦堂,,正旦,正旦,女,中年,贤妻/贫妇,坚贞；贤惠；隐忍,牧羊；乞讨；认夫,哀婉；恳切,主角,0,,0,0.0,正旦行当，剧名《牧羊卷》暗示其牧羊情节，赵锦堂为朱春登之妻，历经苦难。,9,赵锦堂：正旦,0.9,,
pdf_01000000__01001016___c79fb0e7e0,牧羊卷,01000000,1000000,《戏考》,《戏考》（1000000）,01001016,牧羊卷,pdf_01000000__01001016___c79fb0e7e0__char__2b617891a1,朱母,,老旦,老旦,女,老年,母亲/贫婆,慈祥；坚韧；爱子,乞讨；盼子；认亲,苍老；悲切,配角,0,,0,0.0,老旦行当，朱春登之母，与赵锦堂一同流落，最终与子团圆。,11,朱母：老旦,0.9,,
pdf_01000000__01001016___c79fb0e7e0,牧羊卷,01000000,1000000,《戏考》,《戏考》（1000000）,01001016,牧羊卷,pdf_01000000__01001016___c79fb0e7e0__char__16431aaa6d,朱春科,,小生,小生,男,青年,朱春登之弟/书生,善良；正直；孝顺,照顾母亲；寻兄；相助,文雅；温和,配角,0,,0,0.0,小生行当，朱春登之弟，剧中协助家庭团聚。,13,朱春科：小生,0.8,,
pdf_01000000__01001016___c79fb0e7e0,牧羊卷,01000000,1000000,《戏考》,《戏考》（1000000）,01001016,牧羊卷,pdf_01000000__01001016___c79fb0e7e0__char__b0c9bb3823,宋氏,,丑旦,丑旦,女,中年,恶妇/继母,刻薄；自私；狠毒,虐待；霸占家产；说谎,尖酸；泼辣,反派配角,0,,0,0.0,丑旦行当，剧中反面角色，迫害朱母与赵锦堂。,15,宋氏：丑旦,0.8,,
pdf_01000000__01001016___c79fb0e7e0,牧羊卷,01000000,1000000,《戏考》,《戏考》（1000000）,01001016,牧羊卷,pdf_01000000__01001016___c79fb0e7e0__char__c8b6f307c9,中军,,净,净,男,中年,武将/副将,威严；忠诚；勇猛,传令；护卫；执行军务,洪亮；简洁,功能性角色,0,,0,0.0,净行当，剧中为朱春登下属，辅助剧情推进。,17,中军：净,0.7,,
pdf_01000000__01001016___c79fb0e7e0,牧羊卷,01000000,1000000,《戏考》,《戏考》（1000000）,01001016,牧羊卷,pdf_01000000__01001016___c79fb0e7e0__char__32de7a1cfb,衙役甲,,丑,丑,男,中年,衙役/差人,滑稽；势利；机灵,传唤；站班；插科打诨,油滑；夸张,功能性角色,0,,0,0.0,丑行当，剧中为底层差役，调节气氛。,19,衙役甲：丑,0.7,,
pdf_01000000__01001016___c79fb0e7e0,牧羊卷,01000000,1000000,《戏考》,《戏考》（1000000）,01001016,牧羊卷,pdf_01000000__01001016___c79fb0e7e0__char__6f4a2a091e,衙役乙,,丑,丑,男,中年,衙役/差人,滑稽；胆小；随和,传唤；站班；配合甲,油滑；夸张,功能性角色,0,,0,0.0,丑行当，与衙役甲搭档，共同完成差事。,21,衙役乙：丑,0.7,,
pdf_01000000__01001017___e46f29227d,清官册,01000000,1000000,《戏考》,《戏考》（1000000）,01001017,清官册,pdf_01000000__01001017___e46f29227d__char__37f8688742,寇准,,老生,老生,男,中年,霞榖县正堂，后升御史，清官,正直；清廉；机智；有胆识,审案公正；不畏权贵；忠于职守；谨慎行事,文雅；威严；引经据典；逻辑清晰,主角,41,1；2；3；4,4,1.0,（四青袍同上，寇准上。）寇准（引子）做清官民之父母，积阴功留与儿孙。（念）读诗书智广才高，中状元青史名表。三杯御酒加封号，被谗臣一本参掉。（白）下官寇准，蒙圣恩得中一甲一名，又被权相参掉。是我在吏部效力三载，除授霞榖县正堂。到任以来，黎民倒也好训。今当三、六、九日，放告之期。左右将放告牌抬出。,7,寇准：老生,0.95,,
pdf_01000000__01001017___e46f29227d,清官册,01000000,1000000,《戏考》,《戏考》（1000000）,01001017,清官册,pdf_01000000__01001017___e46f29227d__char__6a2c5e6f52,潘洪,,净,净,男,老年,当朝太师，原边关元帅，犯官,奸诈；傲慢；狡猾；阴险,谋害忠良；私通外敌；倚老卖老；拒不认罪,嚣张；狡辩；自称太师；威胁性,反派主角,24,4,1,0.6947,"潘洪（白）从前做事差,如今后悔迟。潘洪（白）小小御史衙门,倒有些威风杀气!潘洪（白）与老夫报名而进。潘洪（白）要叫“太师”!潘洪（白）“太师”!潘洪（白）还是“太师”!潘洪（白）吾道是谁,原来是小寇儿。请了!",9,潘洪：净,0.95,,
pdf_01000000__01001017___e46f29227d,清官册,01000000,1000000,《戏考》,《戏考》（1000000）,01001017,清官册,pdf_01000000__01001017___e46f29227d__char__14b947b4fe,赵德芳,,小生,小生,男,青年,南清宫王爷，皇亲,正直；威严；支持正义；有权威,保护忠臣；监督审案；使用金锏；提供支持,正式；命令式；关切；果断,重要配角,5,2；3,2,0.1474,"赵德芳（白）寇卿回京来了?我叔皇调卿进京所为何事?赵德芳（白）卿可知前任御史之事?赵德芳（白）只因他审问潘、杨二家官事,不明不白,被小王金锏打死!赵德芳（白）且慢!卿家只管问。倘有不明之处,到我南清宫领教。",11,赵德芳：小生,0.9,,
pdf_01000000__01001017___e46f29227d,清官册,01000000,1000000,《戏考》,《戏考》（1000000）,01001017,清官册,pdf_01000000__01001017___e46f29227d__char__485fafb227,马牌子,,丑,丑,男,中年,马牌子（低级衙役）,幽默；机灵；胆小；忠诚,传话报门；与驿丞官周旋；执行命令,口语化；诙谐；直白；带方言味,功能性角色,19,2；4,2,0.4737,"马牌子（白）咳,这里有人么?马牌子（白）我们跟寇老爷来的,安排什么地方?马牌子（白）我里里外外、上上下下一个马牌子!马牌子（白）就是太师。报:太师犯官告进!马牌子（白）大刑到!",13,马牌子：丑,0.85,,
pdf_01000000__01001017___e46f29227d,清官册,01000000,1000000,《戏考》,《戏考》（1000000）,01001017,清官册,pdf_01000000__01001017___e46f29227d__char__fc2e01dd94,夫人,,正旦,正旦,女,中年,寇准之妻，官家夫人,贤惠；体贴；端庄；支持丈夫,为丈夫饯行；关心家事；遵守礼节,温柔；礼貌；简洁；关切,配角,5,1,1,0.1579,夫人（念）夫受皇家禄，妻沾雨露恩。夫人（白）适才金牌到此，不知为了何事？夫人（白）想是老爷为官清正，加官受爵，也未可知。夫人（白）不知老爷几时起程？夫人（白）妾身备得有酒与老爷饯行。,15,夫人：正旦,0.9,,
pdf_01000000__01001018___8d863edec0,双狮图,01000000,1000000,《戏考》,《戏考》（1000000）,01001018,双狮图,pdf_01000000__01001018___8d863edec0__char__688d9ae495,徐策,,老生,老生,男,中年至老年,官员或长者,稳重；忠义；有谋略,观画；举鼎；调兵,沉稳；有威严；唱腔苍劲,主角,0,,0,0.0,角色类型为老生，通常扮演中年以上男性，身份多为官员或长者；剧名《双狮图》又名《举鼎观画》《薛蛟颁兵》，徐策为关键人物，主导剧情发展。,7,徐策：老生,0.9,,
pdf_01000000__01001018___8d863edec0,双狮图,01000000,1000000,《戏考》,《戏考》（1000000）,01001018,双狮图,pdf_01000000__01001018___8d863edec0__char__a82015cf2b,薛蛟,,小生,小生,男,青年,武将或贵族子弟,英勇；冲动；忠诚,举鼎；观画；领兵,激昂；直率；唱腔高亢,主角,0,,0,0.0,角色类型为小生，通常扮演青年男性，身份多为武将或贵族；剧名《薛蛟颁兵》表明其领兵行动，是剧情推动者。,9,薛蛟：小生,0.9,,
pdf_01000000__01001018___8d863edec0,双狮图,01000000,1000000,《戏考》,《戏考》（1000000）,01001018,双狮图,pdf_01000000__01001018___8d863edec0__char__07801b2bb1,书童,,丑,丑,男,少年,仆人,机灵；滑稽；忠诚,侍奉；插科打诨；传递信息,诙谐；口语化；京白,功能性角色,0,,0,0.0,角色类型为丑，通常扮演滑稽或仆从角色；书童身份为仆人，负责调节气氛或辅助剧情。,11,书童：丑,0.85,,
pdf_01000000__01001019___9ae2e889df,柴桑口,01000000,1000000,《戏考》,《戏考》（1000000）,01001019,柴桑口,pdf_01000000__01001019___9ae2e889df__char__3e24ab56aa,诸葛亮,孔明；诸葛；诸葛孔明,老生,老生,男,中年,蜀汉丞相，军师,重情重义；智谋深沉；善于言辞；情感丰富,吊祭哭灵；念祭文；与鲁肃交谈；告辞离去,文雅庄重；情感充沛；引经据典；礼貌谦逊,主角,28,1；2；3,3,1.0,诸葛亮过江吊祭周瑜，哭诉英雄事迹，念祭文，与鲁肃交谈后告辞。,5,诸葛亮：老生,0.95,,
pdf_01000000__01001019___9ae2e889df,柴桑口,01000000,1000000,《戏考》,《戏考》（1000000）,01001019,柴桑口,pdf_01000000__01001019___9ae2e889df__char__c9e08c542c,鲁肃,,老生,老生,男,中年,东吴都督，将领,忠厚老实；谨慎多虑；重情义；有谋略,迎接诸葛亮；安排吊祭；观察周循动向；表达钦佩,恭敬有礼；直率坦诚；略带忧虑,配角,17,1；2,2,0.7119,鲁肃迎接诸葛亮，安排吊祭，并提醒周循注意，最后表达对破曹的依赖。,7,鲁肃：老生,0.9,,
pdf_01000000__01001019___9ae2e889df,柴桑口,01000000,1000000,《戏考》,《戏考》（1000000）,01001019,柴桑口,pdf_01000000__01001019___9ae2e889df__char__86d5bc44d0,周循,,小生,小生,男,青年,周瑜之子，东吴将领,冲动易怒；孝心强烈；缺乏谋略；情绪化,质问吊祭者；下令追杀；追赶诸葛亮；设伏袭击,直接激烈；充满敌意；命令式,功能性角色,10,2；3,2,0.4407,周循得知诸葛亮吊祭后，欲为父报仇，下令追杀，并设伏袭击。,9,周循：小生,0.85,,
pdf_01000000__01001020___4ed03adea1,宋江闹院,01000000,1000000,《戏考》,《戏考》（1000000）,01001020,宋江闹院,pdf_01000000__01001020___4ed03adea1__char__6d76ac7bcd,宋江,,老生,老生,男,中年,县衙押司，地方小吏,急躁；好面子；重规矩；易怒,催促开门；威胁打进去；指责怠慢；强调身份,直白命令式；反问指责；自我标榜,主角,102,2,1,0.7706,"宋江（白）快快到妈儿娘房中,将钥匙取来开门。快去！ 宋江（白）为何这样慢腾腾的,待我打进去！ 宋江（白）怎么你自己倒先坐下了。轻慢你宋大爷,怠慢你宋大爷,真是岂有此理！",5,宋江：老生,0.95,,
pdf_01000000__01001020___4ed03adea1,宋江闹院,01000000,1000000,《戏考》,《戏考》（1000000）,01001020,宋江闹院,pdf_01000000__01001020___4ed03adea1__char__897332419a,阎惜姣,,花旦,花旦,女,青年,乌龙院妓女，宋江外室,轻浮；狡黠；善于周旋；不忠,开门迎接；搬椅让座；询问情郎；编造借口,娇柔询问；故作关心；推诿敷衍,主角,133,1；2,2,1.0,"阎惜姣（二黄平板）忽听得双环响一声,不知来的是何人。 阎惜姣（白）今天十四,明天十五,是我妈的生日。做双花鞋,与她老人家上寿的不是大姐提起,我倒忘怀了。",7,阎惜姣：花旦,0.95,,
pdf_01000000__01001020___4ed03adea1,宋江闹院,01000000,1000000,《戏考》,《戏考》（1000000）,01001020,宋江闹院,pdf_01000000__01001020___4ed03adea1__char__b75d48c051,张文远,,丑,丑,男,青年,宋江徒弟，县衙书吏,轻佻；好色；胆怯；油滑,调情；打听私事；讨好阎惜姣；惧怕宋江,俏皮念白；试探询问；直白挑逗,配角,31,1；2,2,0.2796,"张文远（念）惜的的,爱的的,私通阎婆惜。 张文远（白）我要与你高兴高兴。 张文远（二黄平板）怕的师傅宋公明。",9,张文远：丑,0.95,,
pdf_01000000__01002001___d30790f7a7,李陵碑,01000000,1000000,《戏考》,《戏考》（1000000）,01002001,李陵碑,pdf_01000000__01002001___d30790f7a7__char__34724330da,杨继业,,老生,老生,男,老年,北宋名将，老令公,忠勇；慈爱；悲壮；刚烈,梦兆；射雁；悲愤；托孤,唱腔悲凉；多用二黄、反二黄；语言沉痛,主角,6,2,1,1.0,唱词中多次出现黄昏、梦兆、悲愤等情绪，如“金乌坠玉免升黄昏时候”、“悲悲切切大营进”，体现其老年悲壮形象。,5,杨继业：老生,0.95,,
pdf_01000000__01002001___d30790f7a7,李陵碑,01000000,1000000,《戏考》,《戏考》（1000000）,01002001,李陵碑,pdf_01000000__01002001___d30790f7a7__char__359f37dcab,杨延昭,,末,末,男,中年,杨继业之子，六郎,孝顺；谨慎；勇敢；重情义,巡营；辞父颁兵；与敌交战,唱腔平稳；多用二黄摇板；语言恭敬,配角,5,2；3,2,0.7407,"唱词“听谯楼打罢了二更时分,杨延昭倒做了巡营之人”体现其谨慎；与父亲对话中“孩儿不去”到“孩儿去就是了”显示孝顺与服从。",7,杨延昭：末,0.9,,
pdf_01000000__01002001___d30790f7a7,李陵碑,01000000,1000000,《戏考》,《戏考》（1000000）,01002001,李陵碑,pdf_01000000__01002001___d30790f7a7__char__179bfbd753,杨延嗣,,净,净,男,青年,杨继业之子，七郎,忠烈；冤屈；孝顺；悲愤,托梦；诉冤；嘱托,唱腔激昂；多用二黄原板；语言凄厉,配角,2,1；2,2,0.2963,"唱词“老爹爹休贪睡细听分明:金沙滩打一仗父子被困”及“潘洪贼想起了打子仇恨,他将我绑芭蕉乱箭穿身”体现其冤死与忠烈。",9,杨延嗣：净,0.9,,
pdf_01000000__01002003___ad1a817c3c,祭长江,01000000,1000000,《戏考》,《戏考》（1000000）,01002003,祭长江,pdf_01000000__01002003___ad1a817c3c__char__d02d5340ae,孙尚香,,正旦,正旦,女,中年,东吴郡主、刘备夫人、枭姬娘娘,忠贞；刚烈；深情；悲戚,设祭；哭诉；投江；尽节,典雅悲切；多用叹词；长段抒情唱词；引用历史典故,主角,3,1,1,1.0,"孙尚香（内白)(二黄慢板）曾记得当年来辞君,棒打鸳鸯两离分。叹皇叔遭不幸龙归海境,不由奴日夜里珠泪淋淋。内侍臣摆驾江边来进,清风一去未亡人。 孙尚香（念)(叫头)(念)(二黄导板)(三叫头)(回龙)(反二黄慢板）设祭长江岸,举目望西川。梦魂何日见,夫君,先主!空自珠泪涟。孙尚香在江边心中酸疼,夫君,先主!啊呀!尊一声汉皇叔细听分明:好夫妻恶姻缘悲哀告禀,凭空中便见听一点心诚。可叹你大英雄出身被困,可叹你结桃园义共死生;可叹你破黄巾声名未重,可叹你虎牢关方显成名;可叹你舍徐庶卧龙三请,可叹你水镜庄得一贤伦;可叹你当阳道夏口夜奔,可叹你全仗着诸葛先生;可叹你跳檀溪险些丧命,我的夫吓! 孙尚香（反二黄慢板）可叹你入虎穴东吴招亲。为报仇在猇亭遇见陆逊,又谁知那小贼果有才能。你不该七百里连营扎定,烧死了众儿郎百万雄兵。人报道你在白帝城丧命,那时节得凶信魂魄离身。实指望破奸曹狼烟扫尽, （孙尚香上，四水旗引龙王同上。） 孙尚香（白） 孙尚香（白） （龙王下。孙尚香换衣。） 孙尚香（白） （孙尚香、四水旗同下。） 听宣读。诏曰：孙尚香为夫投江，尽节一死，玉帝垂怜，封为枭姬娘娘。旨意读罢，望诏谢恩。",7,孙尚香：正旦,0.95,,
pdf_01000000__01002004___832d202725,探寒窑,01000000,1000000,《戏考》,《戏考》（1000000）,01002004,探寒窑,pdf_01000000__01002004___832d202725__char__ca15be1d26,陈氏,,老旦,老旦,女,老年,王宝钏之母，相国夫人,慈爱；关切；传统,探视女儿；表达母爱；劝解,温和；关切；略带说教,配角,0,,0,0.0,# 《探寒窑》（一名：《母女会》）,5,陈氏：老旦,0.9,,
pdf_01000000__01002004___832d202725,探寒窑,01000000,1000000,《戏考》,《戏考》（1000000）,01002004,探寒窑,pdf_01000000__01002004___832d202725__char__12ab79be3e,王宝钏,,正旦,正旦,女,青年至中年,薛平贵之妻，相府千金（已与家庭决裂）,坚贞；刚烈；执着,苦守寒窑；拒绝母亲劝归；坚守婚姻,坚定；悲愤；决绝,主角,0,,0,0.0,# 《探寒窑》（一名：《母女会》）,7,王宝钏：正旦,0.9,,
pdf_01000000__01002005___3f3e3fbcf3,落花园,01000000,1000000,《戏考》,《戏考》（1000000）,01002005,落花园,pdf_01000000__01002005___3f3e3fbcf3__char__44f0d72a68,陈杏元,,正旦,正旦,女,青年,官宦之女，和番公主,坚贞不屈；悲情；刚烈,被迫和番；投崖自尽；被救,哀婉；决绝；文雅,主角,0,,0,0.0,正旦行当，剧名《杏元和番》暗示其为主角，经历被迫和番、投崖等情节,7,陈杏元：正旦,0.9,,
pdf_01000000__01002005___3f3e3fbcf3,落花园,01000000,1000000,《戏考》,《戏考》（1000000）,01002005,落花园,pdf_01000000__01002005___3f3e3fbcf3__char__2aa686666d,邹云英,,旦,旦,女,青年,官宦之女,善良；热心；温柔,救助陈杏元；收留,温和；关切,配角,0,,0,0.0,旦行，与邹母共同救助陈杏元，是推动剧情发展的关键配角,9,邹云英：旦,0.8,,
pdf_01000000__01002005___3f3e3fbcf3,落花园,01000000,1000000,《戏考》,《戏考》（1000000）,01002005,落花园,pdf_01000000__01002005___3f3e3fbcf3__char__56ad2d9979,邹母,,老旦,老旦,女,老年,官宦夫人,慈祥；仁厚；有主见,收留陈杏元；主持家务,慈爱；稳重,配角,0,,0,0.0,老旦行当，作为邹云英之母，在剧中起辅助和庇护作用,11,邹母：老旦,0.8,,
pdf_01000000__01002006___78213d9d3b,探阴山,01000000,1000000,《戏考》,《戏考》（1000000）,01002006,探阴山,pdf_01000000__01002006___78213d9d3b__char__241d0f2798,包拯,,净,净,男,中年,开封府尹，龙图阁大学士,刚正不阿；铁面无私；智慧果断,审案；微服私访；夜探阴山,威严；沉稳；正义凛然,主角,0,,0,0.0,# 《探阴山》,5,包拯：净,0.9,,
pdf_01000000__01002006___78213d9d3b,探阴山,01000000,1000000,《戏考》,《戏考》（1000000）,01002006,探阴山,pdf_01000000__01002006___78213d9d3b__char__deaae7d659,油流鬼,,丑,丑,男,青年,阴山小鬼，柳金蝉的守护者,滑稽；忠诚；机灵,看守柳金蝉；向包拯告密；插科打诨,诙谐；俚俗；快言快语,配角,0,,0,0.0,# 《探阴山》,7,油流鬼：丑,0.85,,
pdf_01000000__01002006___78213d9d3b,探阴山,01000000,1000000,《戏考》,《戏考》（1000000）,01002006,探阴山,pdf_01000000__01002006___78213d9d3b__char__bbaeedf4af,柳金蝉,,旦,旦,女,青年,冤死女鬼，大家闺秀,善良；柔弱；坚贞,诉冤；等待昭雪；受困阴山,哀婉；凄楚；文雅,配角,0,,0,0.0,# 《探阴山》,9,柳金蝉：旦,0.85,,
pdf_01000000__01002007___67f109e2e1,打金枝,01000000,1000000,《戏考》,《戏考》（1000000）,01002007,打金枝,pdf_01000000__01002007___67f109e2e1__char__b19fb3f292,唐王,,老生,老生,男,中年,皇帝,威严；明理；慈爱,处理朝政；调解家庭矛盾；赐封赏罚,庄重；威严；带有帝王口吻,主角,0,,0,0.0,角色类型为老生，剧中为皇帝，处理郭暧与公主的冲突，体现帝王威严与家庭慈爱。,7,唐王：老生,0.9,,
pdf_01000000__01002007___67f109e2e1,打金枝,01000000,1000000,《戏考》,《戏考》（1000000）,01002007,打金枝,pdf_01000000__01002007___67f109e2e1__char__6e73ad2245,郭子仪,,外,外,男,老年,大臣、元帅,忠诚；刚正；谨慎,绑子上殿；请罪；维护朝廷礼仪,恭敬；严肃；自责,配角,0,,0,0.0,角色类型为外，剧中为老臣，因儿子郭暧打公主而绑子上殿请罪。,9,郭子仪：外,0.85,,
pdf_01000000__01002007___67f109e2e1,打金枝,01000000,1000000,《戏考》,《戏考》（1000000）,01002007,打金枝,pdf_01000000__01002007___67f109e2e1__char__b60eaf5747,郭暧,,小生,小生,男,青年,驸马,冲动；直率；有傲气,与公主争执；打公主；被绑上殿,激烈；不服气；年轻气盛,主角,0,,0,0.0,角色类型为小生，剧中为驸马，因与公主争吵而动手，引发核心冲突。,11,郭暧：小生,0.9,,
pdf_01000000__01002007___67f109e2e1,打金枝,01000000,1000000,《戏考》,《戏考》（1000000）,01002007,打金枝,pdf_01000000__01002007___67f109e2e1__char__30b1ff22c2,公主,,旦,旦,女,青年,公主,娇贵；任性；受宠,向父皇告状；与驸马争吵；撒娇,娇嗔；委屈；高傲,主角,0,,0,0.0,角色类型为旦，剧中为公主，因与驸马争执而回宫告状，推动剧情发展。,13,公主：旦,0.9,,
pdf_01000000__01002007___67f109e2e1,打金枝,01000000,1000000,《戏考》,《戏考》（1000000）,01002007,打金枝,pdf_01000000__01002007___67f109e2e1__char__3bb6f99868,皇后,,旦,旦,女,中年,皇后,慈祥；明理；温和,劝解公主；调和矛盾；维护家庭和睦,温柔；劝慰；母性口吻,配角,0,,0,0.0,角色类型为旦，剧中为皇后，在公主告状时进行劝解，体现母仪天下。,15,皇后：旦,0.85,,
pdf_01000000__01002008___7e0325cb8b,八义图,01000000,1000000,《戏考》,《戏考》（1000000）,01002008,八义图,pdf_01000000__01002008___7e0325cb8b__char__58587740c4,程婴,,老生,老生,男,中年（约50岁）,晋国义士，赵盾门客,忠义；智勇；果断；舍己为人,献计救孤；舍子换孤；与公孙杵臼密谋；劝妻舍子,沉稳；坚定；略带急切；多用二黄摇板表达内心,主角,60,1；2；3,3,1.0,"程婴（二黄摇板）适才屠贼传一令,要害晋国众儿孙。 程婴（白）只要有人舍得一命,舍得一子,方能搭救孤儿。 程婴（白）小弟家中,现有一子,与孤儿同庚,将我儿藏在你家,将孤儿掉换。",7,程婴：老生,0.95,,
pdf_01000000__01002008___7e0325cb8b,八义图,01000000,1000000,《戏考》,《戏考》（1000000）,01002008,八义图,pdf_01000000__01002008___7e0325cb8b__char__f41756c410,屠岸贾,,净,净,男,中年,晋国权臣，奸佞,残忍；多疑；阴险；专横,下令搜孤；拷问公孙杵臼；设赏格；斩草除根,威严；咄咄逼人；多用命令式；念白为主,反派主角,38,2；3,2,0.6209,"屠岸贾（念）斩草不除根,萌芽依旧生。 屠岸贾（白）校尉的,去到首阳山将公孙杵臼拿来见我! 屠岸贾（白）哇!胆大老狗,隐藏孤儿,为何不报?",9,屠岸贾：净,0.95,,
pdf_01000000__01002008___7e0325cb8b,八义图,01000000,1000000,《戏考》,《戏考》（1000000）,01002008,八义图,pdf_01000000__01002008___7e0325cb8b__char__6746e5781f,公孙杵臼,,外,外,男,老年,赵盾门客，退隐老人,忠义；刚烈；慷慨；重情,愿舍命救孤；与程婴定计；怒斥屠岸贾,激昂；悲愤；多用二黄摇板；念白有力,重要配角,31,1；2；3,3,0.6078,"公孙杵臼（引子）赵屠结怨恨,恨奸贼,何日罢休。 公孙杵臼（白）愚兄若大年纪,死亦何惧,情愿舍命,但不知何人舍子? 公孙杵臼（二黄摇板）但愿救得忠良后,满斗焚香谢神灵。",11,公孙杵臼：外,0.95,,
pdf_01000000__01002008___7e0325cb8b,八义图,01000000,1000000,《戏考》,《戏考》（1000000）,01002008,八义图,pdf_01000000__01002008___7e0325cb8b__char__49c2bce8c2,程妻,,旦,旦,女,中年（约40岁）,程婴之妻，贤良妇人,慈爱；善良；刚烈；重亲情,起初拒绝舍子；质问丈夫；最终可能妥协（剧情暗示）,哀怨；激烈；多用二黄原板与摇板；情感充沛,重要配角,25,1,1,0.4118,"程妻（引子）仗义救孤身,妻随夫志行。 程妻（白）官人此言差矣!你我所生一子,岂肯搭救他人,那是万万不能! 程妻（二黄摇板）又道是虎狼不食子,你比虎狼狠十分!",13,程妻：旦,0.95,,
pdf_01000000__01002009___15e6fa6cec,鱼肠剑,01000000,1000000,《戏考》,《戏考》（1000000）,01002009,鱼肠剑,pdf_01000000__01002009___15e6fa6cec__char__5ebf47f2e3,伍员,,老生,老生,男,中年,楚国逃亡将领，避难至吴国,孝义；谨慎；有谋略；知恩图报,与人结交；拜府拜访；寻求借兵复仇,文雅谦逊；多用敬语；叙述清晰,主角,29,2；4,2,0.863,"伍员（白）敬重父母,理所当然。 伍员（白）萍水相逢,怎好打扰。 伍员（白）本待投奔姬干岁那里,奈无机会,不敢擅入。",7,伍员：老生,0.95,,
pdf_01000000__01002009___15e6fa6cec,鱼肠剑,01000000,1000000,《戏考》,《戏考》（1000000）,01002009,鱼肠剑,pdf_01000000__01002009___15e6fa6cec__char__cbf529c16a,专诸,,净,净,男,壮年,吴国市井豪杰，孝义之士，以拳棒闻名,豪爽；孝义；勇猛；忍让,习武；与人争斗；让利给牛二；听从母亲召唤,直率；略带粗犷；讲理,主角,30,2；4,2,1.0,"专诸（引子）爱习拳棒，论英雄，盖世无双。 专诸（念）家住吴国在城东,孝义皆全论英雄。 专诸（白）牛二哥不必如此,等小弟时来运转,加利奉还。",9,专诸：净,0.95,,
pdf_01000000__01002009___15e6fa6cec,鱼肠剑,01000000,1000000,《戏考》,《戏考》（1000000）,01002009,鱼肠剑,pdf_01000000__01002009___15e6fa6cec__char__cec14564e1,姬光,,老生,老生,男,中年,吴国公子，有夺位之志,雄心勃勃；礼贤下士；果断,微服出巡；招揽人才；派人聘请专诸,威严；有王者气度；多用快板表达急切心情,主角,22,3；4,2,0.589,"姬光（引子）龙楼凤阁,怎能够,江山归我。 姬光（白）内侍,带定黄金千两,随伍将军前去聘请。 姬光（西皮摇板）得了楚国伍子胥。孤王江山可得的?",11,姬光：老生,0.95,,
pdf_01000000__01002009___15e6fa6cec,鱼肠剑,01000000,1000000,《戏考》,《戏考》（1000000）,01002009,鱼肠剑,pdf_01000000__01002009___15e6fa6cec__char__e8edcde557,孙武,,老生,老生,男,中年,谋士或将领,谨慎；有见识,观察；评论,简洁；直接,配角,1,4,1,0.0548,孙武（白）待我看来。,13,孙武：老生,0.8,,
pdf_01000000__01002009___15e6fa6cec,鱼肠剑,01000000,1000000,《戏考》,《戏考》（1000000）,01002009,鱼肠剑,pdf_01000000__01002009___15e6fa6cec__char__f14a5ae912,被离,,老生,老生,男,中年,谋士或侠客，有师承,智谋；忠诚,献计；展示宝剑,商议语气；注重细节,配角,2,4,1,0.1096,"被离（白）吓,世兄,我下山之时,师傅赐我宝剑,名曰匕首,世兄请看。 被离（同白）必须有酒宴前行刺之人,方能成功。",15,被离：老生,0.85,,
pdf_01000000__01002009___15e6fa6cec,鱼肠剑,01000000,1000000,《戏考》,《戏考》（1000000）,01002009,鱼肠剑,pdf_01000000__01002009___15e6fa6cec__char__d428739935,刘展雄,,净,净,男,中年,武将或义军首领,豪迈；忠诚,点动人马；与昏王对抗,激昂；有号召力,配角,2,4,1,0.0548,"刘展雄（西皮摇板）仁兄点动人和马,再与昏王见高低。",17,刘展雄：净,0.8,,
pdf_01000000__01002009___15e6fa6cec,鱼肠剑,01000000,1000000,《戏考》,《戏考》（1000000）,01002009,鱼肠剑,pdf_01000000__01002009___15e6fa6cec__char__f1cfc7226e,专诸妻,,旦,旦,女,青年,专诸之妻，家庭主妇,贤惠；孝顺,传话；照顾家庭,简短；温和,配角,1,2,1,0.0411,"专诸妻（白）吓,母亲唤你。",19,专诸妻：旦,0.9,,
pdf_01000000__01002010___3013c653cd,钓金龟,01000000,1000000,《戏考》,《戏考》（1000000）,01002010,钓金龟,pdf_01000000__01002010___3013c653cd__char__a470bd08ab,康氏,,老旦,老旦,女,老年,贫苦老妇，张义之母,慈祥；坚韧；爱子,训子；哭灵；诉苦,唱腔苍劲；念白沉稳；多用哭头,主角,0,,0,0.0,角色类型为老旦，剧中为张义之母，有训子、哭灵等情节，符合老年女性身份。,7,康氏：老旦,0.95,,
pdf_01000000__01002010___3013c653cd,钓金龟,01000000,1000000,《戏考》,《戏考》（1000000）,01002010,钓金龟,pdf_01000000__01002010___3013c653cd__char__59a78e16c6,张义,,丑,丑,男,青年,贫苦渔夫，康氏之子,憨厚；孝顺；直率,钓鱼；得宝；报喜,念白诙谐；京白为主；语气活泼,主角,0,,0,0.0,角色类型为丑，剧中为康氏之子，以钓鱼得宝推动剧情，性格憨厚直率。,9,张义：丑,0.95,,
pdf_01000000__01002011___1a9416b419,梅龙镇,01000000,1000000,《戏考》,《戏考》（1000000）,01002011,梅龙镇,pdf_01000000__01002011___1a9416b419__char__612185295d,正德帝,,老生,老生,男,青年至中年,皇帝（微服私访）,风趣；随和；机智；略带轻佻,主动搭讪；调笑；隐瞒身份；观察试探,文雅中带诙谐；多用反问和调侃；语气轻松自信,主角,135,1；2,2,1.0,"正德帝（引子）龙游芳草地,凤绕牡丹池。 正德帝（笑）哈哈哈...... 正德帝（白）酒保,酒保! 正德帝（白）合罕呀,这丫头自称酒大姐,本当叫她一声,怕她消受不起。也罢,以酒为名,叫她一声酒大姐。 正德帝（白）方才那个稍长大汉,他是何人? 正德帝（白）他叫什么名字? 正德帝（白）哪里去了? 正德帝（白）大姐你叫什么名字? 正德帝（白）人生在世,哪有没有名字的道理。 正德帝（白）为君的不叫就是。 正德帝（白）我晓得你姓李,叫什么名字? 正德帝（白）好一个李凤姐,呵呵! 正德帝（白）说出如风,怎能还你?",7,正德帝：老生,0.95,,
pdf_01000000__01002011___1a9416b419,梅龙镇,01000000,1000000,《戏考》,《戏考》（1000000）,01002011,梅龙镇,pdf_01000000__01002011___1a9416b419__char__53ea4bf90b,李凤姐,,旦,旦,女,青年,梅龙镇酒家女,活泼；机敏；羞涩；有主见,招待客人；回避姓名；反问试探；保持距离,口语化；带地方色彩；语气娇嗔；多用短句和反问,主角,135,1；2,2,1.0,"李凤姐（内白）来了。 李凤姐（二黄平板）自幼儿生长在梅龙镇,兄妹卖酒度光阴。我哥哥他也曾对我论:他言道前边有一位军人。李凤姐端茶是客堂进,哟啐! 李凤姐（二黄平板）李凤姐回转绣房门,啊,绣房门。 李凤姐（二黄平板）后面来了卖酒人。 李凤姐（白）酒保没有,倒有个酒大姐在此。 李凤姐（白）军爷讲些什么? 李凤姐（白）他是我家哥哥。 李凤姐（白）他叫李龙。 李凤姐（白）巡更守夜去了。 李凤姐（白）我么,没有名字的。 李凤姐（白）名字倒有,说出来怕军爷你叫。 李凤姐（白）军爷不叫,如此我姓李。 李凤姐（白）我叫李凤姐呵。 正德帝（白）好一个李凤姐,呵呵!",9,李凤姐：旦,0.95,,
pdf_01000000__01002012___6c0f4ca58e,白门楼,01000000,1000000,《戏考》,《戏考》（1000000）,01002012,白门楼,pdf_01000000__01002012___6c0f4ca58e__char__e8e6a3063d,吕布,奉先,小生,小生,男,青年,徐州之主，温侯,自负；好酒色；勇而无谋,饮酒作乐；轻敌；被擒,豪迈；悔恨,主角,20,3；8；9,3,0.6585,"吕布（西皮二六板）每日里闲无事逍遥饮酒,到今日称心愿得坐徐州。只恨的曹操贼屡次入寇,他那里兴人马来夺徐州。狗奸贼要擒我怎能得够?某若是抖威风群贼命休。内侍臣看过了琼浆美酒,我二人只欢乐多饮几瓯。 吕布（西皮摇板）陈公台你不必埋怨于我,大丈夫生和死有何惧却。自追悔恋酒色一时之错,既死在阴人手自听头落。",5,吕布：小生,0.95,,
pdf_01000000__01002012___6c0f4ca58e,白门楼,01000000,1000000,《戏考》,《戏考》（1000000）,01002012,白门楼,pdf_01000000__01002012___6c0f4ca58e__char__5c4622ca1b,貂蝉,,旦,旦,女,青年,吕布之妻，王允义女,机智；忠诚于连环计；冷静,劝酒；假意顺从；被擒,含蓄；暗示,配角,10,3；6；9,3,0.3171,"貂蝉（白)(西皮摇板）看酒。老王允定下了连环巧计,我这里用假意谅他不知。但愿得曹丞相大兵齐至,破徐州俱擒去万事全休。 貂蝉（白）温侯吓,事到其时,此去定被曹公所擒,可怪不得你妻子了。",7,貂蝉：旦,0.9,,
pdf_01000000__01002012___6c0f4ca58e,白门楼,01000000,1000000,《戏考》,《戏考》（1000000）,01002012,白门楼,pdf_01000000__01002012___6c0f4ca58e__char__a17699627a,曹操,孟德,净,净,男,中年,丞相，汉室权臣,雄才大略；果断；威严,发号施令；审问俘虏；赞赏貂蝉,正式；命令式,主角,39,2；9,2,1.0,"曹操（引子）忆昔扶汉朝,威风把名标。 曹操（念）汉室空有主,兵权吾为先。怀志冲霄汉,横行宇宙间。 曹操（白）好,就命使君带领众将,攻打徐州,捉拿吕布满门,不得有误。 曹操（西皮摇板）貂蝉女好妙计盖世功果，",9,曹操：净,0.95,,
pdf_01000000__01002012___6c0f4ca58e,白门楼,01000000,1000000,《戏考》,《戏考》（1000000）,01002012,白门楼,pdf_01000000__01002012___6c0f4ca58e__char__ebbeff365f,刘备,玄德；皇叔,老生,老生,男,中年,使君，汉室宗亲,谨慎；有谋略；重义气,协同作战；进言劝阻；担忧吕布被收,谦逊；含蓄,配角,12,1；2；9,3,0.3252,"刘备（念）桃园义气结金兰， 刘备（白）请丞相发令,备当协力攻打徐州。 刘备（白）哎吓且住,方才丞相要收吕布,言到:顺者昌,逆者亡。这便如何是好?二位贤弟快来。 刘备（白）丞相要收吕布为将,言到:顺者昌,逆者亡。若收了吕布,你我弟兄大事难成。",11,刘备：老生,0.9,,
pdf_01000000__01002012___6c0f4ca58e,白门楼,01000000,1000000,《戏考》,《戏考》（1000000）,01002012,白门楼,pdf_01000000__01002012___6c0f4ca58e__char__bc3f71138a,陈宫,,老生,老生,男,中年,吕布谋士,忠诚；直言；有远见,劝谏；担忧战局；被擒,急切；引经据典,配角,20,3；5；7；9,4,0.5285,"陈宫（西皮摇板）曹操领兵夺徐州,迷恋宫闱吕温侯。将身来在宫门口,见了公公说从头。 陈宫（西皮摇板）不好了!昔日有个商纣王,宠爱妲姬乱朝纲。 陈宫（西皮摇板）有陈宫向前去忙把话说:貂蝉女是假意臣已奏过,反说我老陈宫疑心太多。到如今君臣们带了枷锁,才知道貂蝉女里应外合。",13,陈宫：老生,0.9,,
pdf_01000000__01002013___a1d909916b,华容道,01000000,1000000,《戏考》,《戏考》（1000000）,01002013,华容道,pdf_01000000__01002013___a1d909916b__char__debb0ff402,关羽,云长；关公,红生,红生,男,中年,蜀汉名将，义薄云天的武圣,忠义；重情；高傲；守信,挡曹；念旧情；放走曹操,威严；简洁；掷地有声,主角,0,,0,0.0,# 《华容道》 # （一名：《挡曹》）,7,关羽：红生,0.95,,
pdf_01000000__01002013___a1d909916b,华容道,01000000,1000000,《戏考》,《戏考》（1000000）,01002013,华容道,pdf_01000000__01002013___a1d909916b__char__76e689ebdd,曹操,孟德,净,净,男,老年,败退的魏王，一代枭雄,奸诈；多疑；机变；善于求饶,败走华容道；向关羽求情；以旧恩打动关羽,狡黠；动之以情；低声下气,主角,0,,0,0.0,# 《华容道》 # （一名：《挡曹》）,9,曹操：净,0.95,,
pdf_01000000__01002014___534d1c1fdb,宇宙锋,01000000,1000000,《戏考》,《戏考》（1000000）,01002014,宇宙锋,pdf_01000000__01002014___534d1c1fdb__char__64e4818113,赵艳容,,正旦,正旦,女,青年,丞相之女,刚烈；聪慧；忠贞；有主见,抗婚；装疯；据理力争,文雅；激烈；引经据典,主角,32,1；2,2,0.8333,赵艳容（白）爹爹啊，你身为当朝首相，位列三台，连这三纲五常都不晓得了么？ 赵艳容（西皮散板）听说疯我乐得随机应变，倒卧在尘埃地信口胡言。,5,赵艳容：正旦,0.95,,
pdf_01000000__01002014___534d1c1fdb,宇宙锋,01000000,1000000,《戏考》,《戏考》（1000000）,01002014,宇宙锋,pdf_01000000__01002014___534d1c1fdb__char__99c1b3bbf7,赵高,,净,净,男,老年,当朝丞相,奸诈；趋炎附势；自私,修本；献女；奉承君王,官腔；恭敬；命令式,配角,36,1；2,2,1.0,赵高（白）待为父修下本章，明日早朝奏明圣上。 赵高（白）明日早朝送进宫去。,7,赵高：净,0.9,,
pdf_01000000__01002014___534d1c1fdb,宇宙锋,01000000,1000000,《戏考》,《戏考》（1000000）,01002014,宇宙锋,pdf_01000000__01002014___534d1c1fdb__char__ce022cb4f8,秦王,,小生,小生,男,中年,皇帝,威严；好色；专断,巡幸；封赏；纳妃,简短；命令式；居高临下,配角,21,1；2,2,0.6,秦王（白）孤王意欲宣进宫去同掌山河，意下如何？ 秦王（白）好！太师听封：封你掌朝太师之职。,9,秦王：小生,0.85,,
pdf_01000000__01002015___26a42a307f,取帅印,01000000,1000000,《戏考》,《戏考》（1000000）,01002015,取帅印,pdf_01000000__01002015___26a42a307f__char__5ecd15dfa2,秦琼,,老生,老生,男,老年,开国元勋、病中元帅,重义气；固执；有主见；对朝廷用人不满,卧病在床；接见程咬金；与尉迟恭争执；交托帅印,西皮摇板；直抒胸臆；带病中气短；言语中带讽刺,主角,38,1；2,2,1.0,"投唐保国扶江山,东荡西除马上眠。自从扫贼回朝转,身得疾病有一年。嗟叹日红落西晚,心中焦躁不耐烦。",5,秦琼：老生,0.95,,
pdf_01000000__01002015___26a42a307f,取帅印,01000000,1000000,《戏考》,《戏考》（1000000）,01002015,取帅印,pdf_01000000__01002015___26a42a307f__char__284154a168,程咬金,,丑,丑,男,中年,鲁国公、秦琼结义兄弟,机智；直率；重情义；善于周旋,夜访秦府；通风报信；与军师争论；献策应对,西皮摇板；口语化；带幽默；善于解释,配角,34,1；2,2,0.7843,"万岁金殿把旨传,晓谕文武共两班:明日过府把病探,怕的是泄漏巧机关。",7,程咬金：丑,0.95,,
pdf_01000000__01002015___26a42a307f,取帅印,01000000,1000000,《戏考》,《戏考》（1000000）,01002015,取帅印,pdf_01000000__01002015___26a42a307f__char__c4f594b01a,秦怀玉,,小生,小生,男,青年,秦琼之子、小将,孝顺；谨慎；有礼；敬畏长辈,搀扶父亲；传话通报；遵命行事；表达顾虑,简短；恭敬；直接回答,配角,23,1；2,2,0.5,"他乃是开国元勋,侄儿不敢打。打出祸来,怕圣上降罪。",9,秦怀玉：小生,0.9,,
pdf_01000000__01002015___26a42a307f,取帅印,01000000,1000000,《戏考》,《戏考》（1000000）,01002015,取帅印,pdf_01000000__01002015___26a42a307f__char__ad000b3495,尉迟恭,,净,净,男,中年,开国功臣、武将、被保举为征东元帅,自信；直率；有傲气；不服输,随驾探病；与秦琼争辩；陈述挂帅理由；接受帅印,西皮流水板；慷慨激昂；据理力争；带挑衅,配角,12,2,1,0.3529,"元帅息怒且消停,未将言来你且听:双锏打出唐社稷,某单鞭争来锦乾坤。某家虽然无学问,可以挂帅领将兵。",11,尉迟恭：净,0.95,,
pdf_01000000__01002016___7c4fa6e0d0,打渔杀家,01000000,1000000,《戏考》,《戏考》（1000000）,01002016,打渔杀家,pdf_01000000__01002016___7c4fa6e0d0__char__1b320e74d7,萧恩,,老生,老生,男,老年,贫困渔夫,刚直；隐忍；重义气；有骨气,打渔为生；忍让丁府催税；与李俊、倪荣交友,沉稳；略带沧桑；直接,主角,84,2；3；5,3,1.0,"父女打渔在河下,贫穷哪怕人笑咱。怎奈我年迈苍苍气力不加。不要与他生气。",5,萧恩：老生,0.95,,
pdf_01000000__01002016___7c4fa6e0d0,打渔杀家,01000000,1000000,《戏考》,《戏考》（1000000）,01002016,打渔杀家,pdf_01000000__01002016___7c4fa6e0d0__char__518207dfcc,萧桂英,,旦,旦,女,青年,渔家女,孝顺；勤劳；朴实；有主见,随父打渔；劝父改业；操持家务,温柔；略带忧虑；直率,主角,38,2；3；5,3,0.399,"爹爹年迈,河下生意,不做也罢。孩儿生在渔家,长在渔家。",7,萧桂英：旦,0.95,,
pdf_01000000__01002016___7c4fa6e0d0,打渔杀家,01000000,1000000,《戏考》,《戏考》（1000000）,01002016,打渔杀家,pdf_01000000__01002016___7c4fa6e0d0__char__46eb6d0f04,大教师,,丑,丑,男,中年,丁府教师爷,滑稽；欺软怕硬；愚蠢；自大,带领徒弟讨税；虚张声势；被萧恩推倒,油滑；夸张；粗俗,配角,43,3；4；5,3,0.5,"徒弟们,谁认识萧恩那块? 凑胆子!走! 萧恩不在家。",9,大教师：丑,0.9,,
pdf_01000000__01002016___7c4fa6e0d0,打渔杀家,01000000,1000000,《戏考》,《戏考》（1000000）,01002016,打渔杀家,pdf_01000000__01002016___7c4fa6e0d0__char__6df09b0ab1,李俊,,老生,老生,男,中年,江湖好汉（混江龙）,豪爽；仗义；有胆识,江边游玩；为萧恩出头质问丁府,豪迈；直接；有威严,配角,22,1；2,2,0.2452,"拳打南山猛虎。催讨鱼税银子,可有圣上旨意?",11,李俊：老生,0.9,,
pdf_01000000__01002016___7c4fa6e0d0,打渔杀家,01000000,1000000,《戏考》,《戏考》（1000000）,01002016,打渔杀家,pdf_01000000__01002016___7c4fa6e0d0__char__5f372a1071,倪荣,,净,净,男,中年,江湖好汉（卷毛虎）,勇猛；直率；重义气,与李俊同行；质问丁府鱼税依据,粗犷；有力；咄咄逼人,配角,28,1；2,2,0.3125,"足踢北海蛟龙。哪里是问路的,分明是取...... 敢是那吕子秋?",13,倪荣：净,0.9,,
pdf_01000000__01002017___248eca40c2,黑风帕,01000000,1000000,《戏考》,《戏考》（1000000）,01002017,黑风帕,pdf_01000000__01002017___248eca40c2__char__f1cacc05ac,高旺,,净,净,男,中年,前朝将领，现隐居雅志,机智；幽默；重情义；善用计谋,作揖；屈指一算；唤人议事；设计不发兵,口语化；带自嘲；反问句式多；偶尔粗俗,主角,99,1；2；3；4；6,5,1.0,"（高旺上。）高旺（引子）扶保王家,倒做了,野草鲜花。高旺（白）唉!高旺（白）什么叫做“丢揖”?高旺（白）好比何来?高旺（白）此话怎讲?高旺（白）不好,还是作揖。高旺（白）唔!“有何话讲”!高旺（白）适才你爷爷出庄游玩,只见怪风一阵。让过风来,抓着风尾,屈指一算,原来是杨国母前来搬兵。唤你出来,想一个不发兵之计。高旺（白）计策之计!高旺（白）有何妙计?高旺（白）这叫什么计!高旺（白）不好!高旺（白）你爷爷倒有一计在此。",7,高旺：净,0.95,,
pdf_01000000__01002017___248eca40c2,黑风帕,01000000,1000000,《戏考》,《戏考》（1000000）,01002017,黑风帕,pdf_01000000__01002017___248eca40c2__char__2773168095,杨八妹,,旦,旦,女,青年,天波府杨门女将，奉太君命搬兵,勇敢；机智；果断；有主见,拔剑威胁；追问行踪；设计试探；试演计策,直接；命令式；带威胁口吻；简洁有力,主角,27,1；2,2,0.2936,"杨八妹（西皮摇板）天波府奉了太君命,来到雅志搬救兵。杨八妹（白）看剑!杨八妹（白）你家爷爷可在府中?杨八妹（白）哪里去了?杨八妹（白）几时去的?杨八妹（白）几时回来?杨八妹（白）呵吓且住!看高来说话,颠三倒四,待我吓他一吓。高来,我与你带的红绣花鞋。杨八妹（白）马鞍桥下。杨八妹（白）看剑!杨八妹（白）你爷爷到底哪里去了?杨八妹（白）叫他出来。杨八妹（白）你代我想个计策。杨八妹（白）你有什么妙计?杨八妹（白）好!我们来试演试演。",9,杨八妹：旦,0.95,,
pdf_01000000__01002017___248eca40c2,黑风帕,01000000,1000000,《戏考》,《戏考》（1000000）,01002017,黑风帕,pdf_01000000__01002017___248eca40c2__char__653e756cb9,高来,,丑,丑,男,青年,高旺的仆人或随从,滑稽；憨厚；反应慢；爱说俏皮话,作揖；说歇后语；挠头想计；自嘲,口语化；多用歇后语；结巴重复；带粗俗词,配角,55,1,1,0.5275,"（高来上。）高来（白）咳哩!高来（白）我与别人作揖,别人还我一揖;我给你作揖,好有一比。高来（白）长虫吃扁担——高来（白）直棍一条。高来（白）就是作揖。唤我出来,有何屁放?高来（白）不错,有何话讲?高来（白）计到没有,屁股上有一个猴子。高来（白）待我想来。有了!高来（白）你剃得光光头,抬上一篓油,扯上一匹牛,头望油篓里一染,望牛鼻里一钻。高来（白）只叫“钻头不顾尾”。高来（白）不好,我无计了。高来（白）有何妙计?高来（白）几时去的?",11,高来：丑,0.9,,
pdf_01000000__01002017___248eca40c2,黑风帕,01000000,1000000,《戏考》,《戏考》（1000000）,01002017,黑风帕,pdf_01000000__01002017___248eca40c2__char__c1d4c29bd0,张保,,小生,小生,男,青年,守关将领，驸马,谨慎；多疑；忠于职守；有威严,盘问来人；要求呈物；下令开关；唱西皮摇板,正式；命令式；重复追问；唱词较多,配角,22,2；3；4；6,4,0.2569,"张保（念）箭射雕翎箭,挽弓满上弦。张保（白）哪道而来?张保（白）哪道而去?张保（白）姓甚名谁?张保（白）松林里面,他是何人?张保（白）为何不近前来答话?张保（白）你能言?张保（白）能语?张保（白）身背何物?张保（白）呈上来,驸马爷观看。张保（白）我一定要看。张保（白）当真要看。张保（西皮摇板）番儿将关忙开定,张保（西皮摇板）要想过关万不能。",13,张保：小生,0.9,,
pdf_01000000__01002017___248eca40c2,黑风帕,01000000,1000000,《戏考》,《戏考》（1000000）,01002017,黑风帕,pdf_01000000__01002017___248eca40c2__char__2f517acee9,鞑婆,,旦,旦,女,中年,番邦女将，守关者,勇猛；急躁；自信；善用黑风,戴三箍瓣；坠金环；下令开战；使枪,简短；命令式；重复喊话；带挑衅,配角,14,4；6,2,0.2156,"（鞑婆上。）鞑婆（念）头带三箍瓣，两耳坠金环。（鞑婆坐。四青袍同上，张保上。）鞑婆（白）为何这等模样？鞑婆（白）就该使起黑风擒他才是！鞑婆（白）且至后面，待我会他！鞑婆（白）番儿带路上关!高旺（西皮摇板）战败一合又一合,城楼上站定一个小鞑婆。新黄旗上写大字,宋将到此脱也脱不脱。缩只缩只心头火,哇,丫头!鞑婆（西皮摇板）番儿将关忙开定,鞑婆（西皮摇板）要想过关万不能。鞑婆（白）看枪!鞑婆（白）看枪!鞑婆（白）看枪!鞑婆（白）你打!",15,鞑婆：旦,0.9,,
pdf_01000000__01002017___248eca40c2,黑风帕,01000000,1000000,《戏考》,《戏考》（1000000）,01002017,黑风帕,pdf_01000000__01002017___248eca40c2__char__35f7d57ce3,张兰英,,老旦,老旦,女,老年,高旺之妻，张保之母（推测）,慈祥；敏锐；重情；善于观察,上城；唱西皮摇板；追问姓名；认出丈夫,温和；带疑问；唱词抒情；情感丰富,配角,25,6,1,0.2844,（张兰英上。）张兰英（念）张兰英（白）张兰英（白）张兰英（白）张兰英（白）（张兰英上城。）张兰英（西皮摇板）张兰英（白）张兰英（白）张兰英（白）姓甚名谁?张兰英（白）莫非你姓高?张兰英（白）有高必有旺。莫非你叫高旺?张兰英（白）夫吓!,17,张兰英：老旦,0.85,,
pdf_01000000__01002018___8b683ca237,目莲救母,01000000,1000000,《戏考》,《戏考》（1000000）,01002018,目莲救母,pdf_01000000__01002018___8b683ca237__char__ede50515ed,刘清提,,老旦,老旦,女,老年,目莲之母，因生前作恶堕入地狱受苦,慈爱；悔恨；坚韧,受刑；求救；忏悔,悲切；哀求；自责,主角,0,,0,0.0,# 《目莲救母》,5,刘清提：老旦,0.9,,
pdf_01000000__01002018___8b683ca237,目莲救母,01000000,1000000,《戏考》,《戏考》（1000000）,01002018,目莲救母,pdf_01000000__01002018___8b683ca237__char__78f352b59b,目莲,,小生,小生,男,青年,孝子，修行得道的高僧,至孝；勇敢；慈悲,寻母；救母；修行,恳切；坚定；悲悯,主角,0,,0,0.0,# 《目莲救母》,7,目莲：小生,0.9,,
pdf_01000000__01002018___8b683ca237,目莲救母,01000000,1000000,《戏考》,《戏考》（1000000）,01002018,目莲救母,pdf_01000000__01002018___8b683ca237__char__a0acaa7c3c,大鬼,,净,净,男,成年,地狱中的鬼卒，负责执行刑罚,凶恶；威严；冷酷,押解；施刑；呵斥,粗犷；威吓；简短,配角,0,,0,0.0,# 《目莲救母》,9,大鬼：净,0.8,,
pdf_01000000__01002019___9cf1474dd0,红鸾禧,01000000,1000000,《戏考》,《戏考》（1000000）,01002019,红鸾禧,pdf_01000000__01002019___9cf1474dd0__char__6134f9b89d,金玉奴,,旦,旦,女,青年,贫家少女，金松之女,善良；热心；孝顺；有主见,救助他人；与父亲沟通；主动提供帮助,温柔体贴；耐心解释；略带娇嗔,主角,39,1；3,2,0.7589,金玉奴主动救助倒卧门前的莫稽，提供豆汁并劝其入院避风；与父亲金松耐心解释救助缘由，体现善良孝顺。,7,金玉奴：旦,0.95,,
pdf_01000000__01002019___9cf1474dd0,红鸾禧,01000000,1000000,《戏考》,《戏考》（1000000）,01002019,红鸾禧,pdf_01000000__01002019___9cf1474dd0__char__c6198e9eda,莫稽,,小生,小生,男,青年,落魄书生，饥寒交迫,落魄；知恩；敏感；易误解,乞求救助；爬行入院；感恩致谢；误解他人,文雅谦卑；偶尔急躁；易生误会,主角,49,1；3,2,1.0,莫稽自称饥寒人，三天未食，倒卧门前；被救后感恩，但将“搭救”误听为“大舅”引发冲突。,9,莫稽：小生,0.95,,
pdf_01000000__01002019___9cf1474dd0,红鸾禧,01000000,1000000,《戏考》,《戏考》（1000000）,01002019,红鸾禧,pdf_01000000__01002019___9cf1474dd0__char__44e8d6f505,金松,,丑,丑,男,中年,丐头，金玉奴之父,粗鲁；直率；护短；幽默,训斥女儿；盘问莫稽；提供热豆汁；化解误会,粗声大气；诙谐调侃；爱用俗语,配角,45,1；3,2,0.8661,金松自称杆头，训斥女儿不该带陌生男子回家；后为莫稽加热豆汁，并因“搭救”“大舅”误会而笑骂。,11,金松：丑,0.95,,
pdf_01000000__01002019___9cf1474dd0,红鸾禧,01000000,1000000,《戏考》,《戏考》（1000000）,01002019,红鸾禧,pdf_01000000__01002019___9cf1474dd0__char__fa6fc2aeaf,二杆,,丑,丑,男,中年,丐帮兄弟，金松同伴,热心；直爽；重义气,道喜；关心婚事；提供红布,简洁直接；江湖气,功能性角色,3,1,1,0.0536,二杆与弟兄们向金松道喜，关心姑娘终身大事，并主动提供红布。,13,二杆：丑,0.9,,
pdf_01000000__01002020___b68a4c781b,白状元祭塔,01000000,1000000,《戏考》,《戏考》（1000000）,01002020,白状元祭塔,pdf_01000000__01002020___b68a4c781b__char__76dba5e700,白素贞,,旦,旦,女,中年,被镇压在雷峰塔下的蛇仙，许仕林之母,慈爱；悲苦；坚韧；无奈,思子哭泣；诉说往事；认子；被迫分离,哀婉；抒情；多用感叹和叫头,主角,14,2,1,1.0,"白素贞（内二黄导板）在塔中思娇儿珠泪滚滚；白素贞（二黄摇板）听说是小孩儿前来祭奠,不由我一阵阵泪洒胸前；白素贞（反二黄慢板）母子们才相逢就要分手,揭谛神呼唤我哪得容留。",5,白素贞：旦,0.95,,
pdf_01000000__01002020___b68a4c781b,白状元祭塔,01000000,1000000,《戏考》,《戏考》（1000000）,01002020,白状元祭塔,pdf_01000000__01002020___b68a4c781b__char__2d9eeff834,许仕林,,小生,小生,男,青年,新科状元，白素贞之子,孝心；荣耀；无奈；悲痛,祭塔；跪拜母亲；奏本救母未果；哭诉,文雅；悲切；多用叫头,主角,12,1；2,2,0.7941,"许仕林（引子）一色杏花红十里，状元归去马如飞；许仕林（三叫头）母亲！老娘！娘亲！；许仕林（二黄摇板）听说母亲到来临,怎不叫儿痛在心!走上前来忙跪定,一一从头说儿听。",7,许仕林：小生,0.95,,
pdf_01000000__01003001___7e8bcc7c30,琼林宴,01000000,1000000,《戏考》,《戏考》（1000000）,01003001,琼林宴【前本】,pdf_01000000__01003001___7e8bcc7c30__char__912da7791f,范仲禹,,老生,老生,男,中年,府学生员，进京赴试的举子,执着；焦虑；重情,四处寻找妻儿；向樵夫打听消息；情绪激动,文雅；急切；重复询问,主角,56,1；2；5,3,1.0,范仲禹（白）走吓！（二黄摇板） 山前山后俱找到，不见妻儿为哪条？（白） 卑人，府学生员范仲禹。今乃大比之年，进京赴试已举。行在南山之下，失落,5,范仲禹：老生,0.95,,
pdf_01000000__01003001___7e8bcc7c30,琼林宴,01000000,1000000,《戏考》,《戏考》（1000000）,01003001,琼林宴【前本】,pdf_01000000__01003001___7e8bcc7c30__char__46313980b6,葛登云,,净,净,男,老年,当朝首相，权贵,霸道；好色；虚伪,强占民女；欺压百姓；掩盖罪行,威严；呵斥；狡辩,配角,16,2；4,2,0.3669,"葛登云（念）身为当朝首相,喜爱美貌娇娘。葛登云（白）哇!胆大疯汉,为何打上我的府门?",7,葛登云：净,0.9,,
pdf_01000000__01003001___7e8bcc7c30,琼林宴,01000000,1000000,《戏考》,《戏考》（1000000）,01003001,琼林宴【前本】,pdf_01000000__01003001___7e8bcc7c30__char__fd012cf0f9,樵夫,,丑,丑,男,中年,土地神变化而成的樵夫,幽默；热心；神秘,变作樵夫；指引范仲禹；提供线索,诙谐；夸张；重复,功能性角色,31,1,1,0.5036,土地（念）天上白云本无根，又被清风引出来。 （白） 我乃上方土地是也。今有范仲禹妻子孩儿有难，奉了玉帝敕旨，前去点化于他。 待我变作樵夫模样，就此变来。,9,樵夫：丑,0.95,,
pdf_01000000__01003001___7e8bcc7c30,琼林宴,01000000,1000000,《戏考》,《戏考》（1000000）,01003001,琼林宴【前本】,pdf_01000000__01003001___7e8bcc7c30__char__520cf18708,葛虎,,丑,丑,男,青年,葛登云的家丁或手下,凶恶；鲁莽,被杀死,简短；惊恐,功能性角色,0,,0,0.0504,（葛虎下。）（葛虎上。）葛虎（白）啊！何人将葛虎杀死？有请相爷。,11,葛虎：丑,0.8,,
pdf_01000000__01003001___7e8bcc7c30,琼林宴,01000000,1000000,《戏考》,《戏考》（1000000）,01003001,琼林宴【前本】,pdf_01000000__01003001___7e8bcc7c30__char__d10d5c17a8,报禄甲,,丑,丑,男,中年,公门中人，奉命寻找范仲禹的差役,狡猾；贪婪；胆小,寻找范仲禹；商议抢劫；开箱摸物,市井；油滑；商量,功能性角色,27,5,1,0.4245,"报禄甲（念）中状元扬名天下,报禄甲（白）什么找不着他?报禄甲（白）话虽如此,你我出来一个多月,盘缠俱已用尽,这怎么好?",13,报禄甲：丑,0.85,,
pdf_01000000__01003001___7e8bcc7c30,琼林宴,01000000,1000000,《戏考》,《戏考》（1000000）,01003001,琼林宴【前本】,pdf_01000000__01003001___7e8bcc7c30__char__52533890d6,报禄乙,,丑,丑,男,中年,公门中人，奉命寻找范仲禹的差役,狡诈；贪婪；粗俗,寻找范仲禹；提议抢劫；开箱摸物,市井；粗鲁；商量,功能性角色,26,5,1,0.4388,"报禄乙（念）琼林宴找也找不着他。报禄乙（白）我倒有个主意了,你我在这大路旁边,有南来北往客人,搂头一杠子,将他打死,身上总有衣裳银钱,你我有钱用了。",15,报禄乙：丑,0.85,,
pdf_01000000__01003002___acc415186d,群英会,01000000,1000000,《戏考》,《戏考》（1000000）,01003002,群英会,pdf_01000000__01003002___acc415186d__char__f94edb22f8,诸葛亮,孔明；诸葛；诸葛孔明,老生,老生,男,中年,蜀汉军师,足智多谋；从容自信；料事如神,观天象；立军令状；与周瑜斗智,文雅；简洁；略带挑衅,主角,60,3；4；5,3,0.7109,"诸葛亮（西皮摇板）昨夜晚观天象早已算定,曹孟德中巧计自杀水军。 诸葛亮（白）三日交箭。",7,诸葛亮：老生,0.95,,
pdf_01000000__01003002___acc415186d,群英会,01000000,1000000,《戏考》,《戏考》（1000000）,01003002,群英会,pdf_01000000__01003002___acc415186d__char__95719ec611,周瑜,,小生,小生,男,青年,东吴大都督,智勇双全；心胸狭窄；嫉贤妒能,设反间计；欲杀诸葛亮；宴请蒋干,激昂；果断；暗藏杀机,主角,84,1；2；3；6,4,1.0,"周瑜（白）孔明吓,我不杀你,誓不为人也。 周瑜（白）大夫,蒋干过江,必与曹操做说客而来,待我略施小计,管叫曹操中计。",9,周瑜：小生,0.95,,
pdf_01000000__01003002___acc415186d,群英会,01000000,1000000,《戏考》,《戏考》（1000000）,01003002,群英会,pdf_01000000__01003002___acc415186d__char__d1e3ecb867,鲁肃,,老生,老生,男,中年,东吴谋士,忠厚老实；谨慎；忠诚,传令；报信；担忧,直白；恭敬；略带忧虑,配角,67,1；2；3；4；5；6,6,0.763,鲁肃（白）将令追回。 鲁肃（西皮摇板）怕只怕瞒不过南阳诸葛。,11,鲁肃：老生,0.9,,
pdf_01000000__01003002___acc415186d,群英会,01000000,1000000,《戏考》,《戏考》（1000000）,01003002,群英会,pdf_01000000__01003002___acc415186d__char__d7ced696d8,蒋干,,丑,丑,男,中年,曹操谋士,自作聪明；迂腐；易受骗,过江说降；盗书；中计,客套；慌张；自以为是,功能性角色,39,1；2；3；4,4,0.455,"蒋干（白）贤弟。 蒋干（白）虽是戏言,兄却脸上无光。",13,蒋干：丑,0.9,,
pdf_01000000__01003002___acc415186d,群英会,01000000,1000000,《戏考》,《戏考》（1000000）,01003002,群英会,pdf_01000000__01003002___acc415186d__char__80042e74d8,曹操,孟德,净,净,男,老年,魏王,多疑；残暴；雄才大略,杀蔡瑁张允；饮酒；问计,威严；暴躁；自负,配角,9,3；4,2,0.1659,"曹操（西皮摇板）每日里饮琼浆醺醺大醉,我心中想不起一条计策。 曹操（白）周郎降意如何?",15,曹操：净,0.9,,
pdf_01000000__01003002___acc415186d,群英会,01000000,1000000,《戏考》,《戏考》（1000000）,01003002,群英会,pdf_01000000__01003002___acc415186d__char__31774bed7f,黄盖,,净,净,男,老年,东吴老将,忠勇；刚烈；有谋略,起霸；报信；献苦肉计,豪迈；直接；激昂,配角,7,1；2；3,3,0.1137,"黄盖（念） 黄盖（白）今有蔡瑁、张允,有书到来,不用七日只用三天,定取曹操首级来见。",17,黄盖：净,0.85,,
pdf_01000000__01003002___acc415186d,群英会,01000000,1000000,《戏考》,《戏考》（1000000）,01003002,群英会,pdf_01000000__01003002___acc415186d__char__98ac70aa97,甘宁,,净,净,男,中年,东吴大将,勇猛；自信；忠诚,起霸；报信；听令,豪迈；简洁；有力,配角,5,1；3,2,0.0853,甘宁（念）东吴大将是甘宁，文韬武略肚内存。 甘宁（白）蒋干过江。,19,甘宁：净,0.85,,
pdf_01000000__01003002___acc415186d,群英会,01000000,1000000,《戏考》,《戏考》（1000000）,01003002,群英会,pdf_01000000__01003002___acc415186d__char__ba9742aaab,蔡中,,小生,小生,男,青年,荆州降将,投降；无主见,投降东吴,无台词,功能性角色,0,,0,0.0332,黄盖（白）启都督:今有蔡中、蔡和辕门投降。,21,蔡中：小生,0.7,,
pdf_01000000__01003002___acc415186d,群英会,01000000,1000000,《戏考》,《戏考》（1000000）,01003002,群英会,pdf_01000000__01003002___acc415186d__char__18a5631b16,蔡和,,小生,小生,男,青年,荆州降将，曹操部将,忠诚度低；易被利用,投降；被派往东吴诈降,直接；简短,功能性角色,0,,0,0.0047,黄盖（白）启都督:今有蔡中、蔡和辕门投降。,23,蔡和：小生,0.8,,
pdf_01000000__01003002___acc415186d,群英会,01000000,1000000,《戏考》,《戏考》（1000000）,01003002,群英会,pdf_01000000__01003002___acc415186d__char__17cd0b6ae8,蔡瑁,,净,净,男,中年,荆州降将，曹操水军都督,有才能；被猜忌；结局悲惨,投降曹操；训练水军；被曹操斩杀,恭敬；谨慎,配角,0,,0,0.0237,"鲁肃（白）荆州降将,蔡瑁、张允二贼。 黄盖（白）今有蔡瑁、张允,有书到来,不用七日只用三天,定取曹操首级来见。 鲁肃（西皮摇板）曹孟德果杀了蔡瑁、张允,周都督他算得天下能人。",25,蔡瑁：净,0.9,,
pdf_01000000__01003002___acc415186d,群英会,01000000,1000000,《戏考》,《戏考》（1000000）,01003002,群英会,pdf_01000000__01003002___acc415186d__char__3ca6b8aa08,张允,,净,净,男,中年,荆州降将，曹操水军副都督,有才能；被猜忌；结局悲惨,投降曹操；训练水军；被曹操斩杀,恭敬；谨慎,配角,0,,0,0.0237,"鲁肃（白）荆州降将,蔡瑁、张允二贼。 黄盖（白）今有蔡瑁、张允,有书到来,不用七日只用三天,定取曹操首级来见。 鲁肃（西皮摇板）曹孟德果杀了蔡瑁、张允,周都督他算得天下能人。",27,张允：净,0.9,,
pdf_01000000__01003002___acc415186d,群英会,01000000,1000000,《戏考》,《戏考》（1000000）,01003002,群英会,pdf_01000000__01003002___acc415186d__char__2ec399a6fa,太史慈,,净,净,男,中年,东吴大将,勇猛；忠诚；服从命令,听令；执行任务,简洁；有力,配角,3,1,1,0.0427,周瑜（白）太史慈听令。 太史慈（白）在。 太史慈（白）得令! 太史慈（白）交令。,29,太史慈：净,0.85,,
pdf_01000000__01003002___acc415186d,群英会,01000000,1000000,《戏考》,《戏考》（1000000）,01003002,群英会,pdf_01000000__01003002___acc415186d__char__8429cc1b3d,阚泽,,老生,老生,男,老年,东吴谋士,足智多谋；忠诚；勇敢,献计；出使,文雅；有条理,配角,0,,0,0.0,黄盖（念） （白） 二十年前摆战场，好似猛虎赶群羊。光阴不催人自老，不觉两鬓白如霜。 老夫，姓黄名盖字公覆。都督升帐，在此伺候。 （甘宁上，起霸。） 甘宁（念） （白） 东吴大将是甘宁，文韬武略肚内存。任他四路刀兵起，冲锋破敌把功成。 俺，姓甘名宁字兴霸。 老将军请了，请了。 黄盖（白）,31,阚泽：老生,0.7,,
pdf_01000000__01003003___c9d807e88a,桑园会,01000000,1000000,《戏考》,《戏考》（1000000）,01003003,桑园会,pdf_01000000__01003003___c9d807e88a__char__145f2cd0b9,秋胡,,老生,老生,男,中年,楚国官员，鲁国人，秋家之子,思乡心切；谨慎试探；幽默戏谑,打马归乡；假扮问路；调戏妻子,文雅中带诙谐；多用典故与比喻；唱词抒情叙事,主角,50,1；2,2,1.0,"秋胡（引子）归心似箭,辞王驾,转回家园。秋胡（西皮快三眼）一日离家一日生,好似孤雁宿寒林。秋胡（西皮流水板）秋胡打马奔家乡,行人路上马蹄忙。坐在刁鞍用目望,见一位大嫂手攀桑。前影好似罗氏女,后影好似我妻房。本当下马将妻认,且慢。",5,秋胡：老生,0.95,,
pdf_01000000__01003003___c9d807e88a,桑园会,01000000,1000000,《戏考》,《戏考》（1000000）,01003003,桑园会,pdf_01000000__01003003___c9d807e88a__char__6925305228,罗氏,,正旦,正旦,女,中年,秋胡之妻，秋家媳妇,贤惠孝顺；谨慎守礼；刚烈自尊,采桑养家；拒绝调戏；持家守节,温婉中带坚定；唱词多抒情与叙事；对话简洁有礼,主角,39,2,1,0.9126,"罗氏（引子）愁锁眉梢,每日里,奉养年高。罗氏（白）媳妇去往桑园采桑,婆婆好生看守门户。罗氏（西皮流水板）听一言来喜洋洋,口内不住谢上苍。二十年前分别往,今日才得信回乡。罗氏（白）客官,本当请到舍下待茶,奈房屋窄小不是待客之所。有日丈夫回来,登门叩谢。",7,罗氏：正旦,0.95,,
pdf_01000000__01003003___c9d807e88a,桑园会,01000000,1000000,《戏考》,《戏考》（1000000）,01003003,桑园会,pdf_01000000__01003003___c9d807e88a__char__7822eb6f95,秋母,,老旦,老旦,女,老年,秋胡之母，秋家家长,慈祥；急躁；护短,倚门盼媳；追问缘由；训斥儿子,直白口语化；唱词简短有力；多用感叹与反问,配角,36,2,1,0.8252,"秋母（西皮流水板）乌鸦不住叫呱呱。叫得老身心内麻。眼看红日落西下,不见媳妇转回家。秋母（白）媳妇为何这等模样？秋母（白）你就该问他要书才是。秋母（白）好狂徒呀！秋母（西皮快板）客官免礼请坐下,休要错认年迈妈。我的儿本是书生样,为何项上长了须发？",9,秋母：老旦,0.9,,
pdf_01000000__01003005___ee5df368d2,拾黄金,01000000,1000000,《戏考》,《戏考》（1000000）,01003005,拾黄金,pdf_01000000__01003005___ee5df368d2__char__fe9fb36da2,范陶,,丑,丑,男,中年,乞丐/流浪汉,贪财；滑稽；市侩,拾金；自嘲；夸张表演,诙谐；口语化；带方言或俚语,主角,0,,0,0.0,剧名《拾黄金》又名《财迷传》《化子拾金》，角色类型为丑，暗示其身份为底层滑稽人物，核心情节围绕拾金展开。,7,范陶：丑,0.85,,
pdf_01000000__01003006___ee399229b8,辕门斩子,01000000,1000000,《戏考》,《戏考》（1000000）,01003006,辕门斩子,pdf_01000000__01003006___ee399229b8__char__bd6992b50f,杨延昭,,老生,老生,男,中年,三关元帅，杨继业之子,刚正不阿；军法严明；忠孝两全,升帐审子；怒斩宗保；拒情执法,威严；果断；略带悲愤,主角,0,,0,0.0,《辕门斩子》（一名：《白虎堂》）,5,杨延昭：老生,0.95,,
pdf_01000000__01003006___ee399229b8,辕门斩子,01000000,1000000,《戏考》,《戏考》（1000000）,01003006,辕门斩子,pdf_01000000__01003006___ee399229b8__char__7218e4bc89,焦赞,,净,净,男,中年,杨延昭部将，副将,粗犷；忠诚；急躁,随军听令；求情保人,直率；嗓门大,配角,0,,0,0.0,《辕门斩子》（一名：《白虎堂》）,7,焦赞：净,0.9,,
pdf_01000000__01003006___ee399229b8,辕门斩子,01000000,1000000,《戏考》,《戏考》（1000000）,01003006,辕门斩子,pdf_01000000__01003006___ee399229b8__char__960e90b403,孟良,,净,净,男,中年,杨延昭部将，副将,豪爽；忠诚；勇猛,随军听令；求情保人,直率；嗓门大,配角,0,,0,0.0,《辕门斩子》（一名：《白虎堂》）,9,孟良：净,0.9,,
pdf_01000000__01003006___ee399229b8,辕门斩子,01000000,1000000,《戏考》,《戏考》（1000000）,01003006,辕门斩子,pdf_01000000__01003006___ee399229b8__char__43fd9eebed,佘太君,,老旦,老旦,女,老年,杨继业之妻，杨延昭之母,慈祥；深明大义；威严,为孙求情；训子明理,沉稳；恳切；略带责备,配角,0,,0,0.0,《辕门斩子》（一名：《白虎堂》）,11,佘太君：老旦,0.95,,
pdf_01000000__01003006___ee399229b8,辕门斩子,01000000,1000000,《戏考》,《戏考》（1000000）,01003006,辕门斩子,pdf_01000000__01003006___ee399229b8__char__ea6a009f95,赵德芳,,老生,老生,男,中年,八贤王，宋室宗亲,贤明；仁厚；有威望,出面讲情；调解矛盾,温和；有理有节,配角,0,,0,0.0,《辕门斩子》（一名：《白虎堂》）,13,赵德芳：老生,0.9,,
pdf_01000000__01003006___ee399229b8,辕门斩子,01000000,1000000,《戏考》,《戏考》（1000000）,01003006,辕门斩子,pdf_01000000__01003006___ee399229b8__char__ea565f4385,杨宗保,,小生,小生,男,青年,杨延昭之子，小将,年轻气盛；英勇；重情,私自招亲；被绑辕门,急切；辩解,主角,0,,0,0.0,《辕门斩子》（一名：《白虎堂》）,15,杨宗保：小生,0.95,,
pdf_01000000__01003006___ee399229b8,辕门斩子,01000000,1000000,《戏考》,《戏考》（1000000）,01003006,辕门斩子,pdf_01000000__01003006___ee399229b8__char__60a8595f18,穆桂英,,武旦,武旦,女,青年,穆柯寨寨主之女，杨宗保之妻,英武；聪慧；敢作敢当,献降龙木；闯帐救夫,爽利；自信；略带娇嗔,主角,0,,0,0.0,《辕门斩子》（一名：《白虎堂》）,17,穆桂英：武旦,0.95,,
pdf_01000000__01003006___ee399229b8,辕门斩子,01000000,1000000,《戏考》,《戏考》（1000000）,01003006,辕门斩子,pdf_01000000__01003006___ee399229b8__char__38035c98b6,穆瓜,,旦,旦,女,青年,穆桂英的丫鬟或随从,机灵；忠心,随侍穆桂英,活泼；简短,功能性角色,0,,0,0.0,《辕门斩子》（一名：《白虎堂》）,19,穆瓜：旦,0.8,,
pdf_01000000__01003008___7111d9396e,断太后,01000000,1000000,《戏考》,《戏考》（1000000）,01003008,断太后,pdf_01000000__01003008___7111d9396e__char__f1b3d35973,李后,,老旦,老旦,女,老年,前朝正宫国母，现为破瓦寒窑瞎婆,刚烈；自尊；机智；悲苦,不轻易下跪；试探对方身份；直呼包拯姓名,悲愤中带威严；口语化；反问句式多,主角,24,4,1,0.7,李后（白）当跪者则跪，不当跪者，我是不跪！；李后（白）我叫他“老包”，还是奉承他了！；李后（白）真包脑后，有一异相。老身一摸，便知分晓。,5,李后：老旦,0.95,,
pdf_01000000__01003008___7111d9396e,断太后,01000000,1000000,《戏考》,《戏考》（1000000）,01003008,断太后,pdf_01000000__01003008___7111d9396e__char__6e8fb3e655,包拯,,净,净,男,中年,宋朝大臣，奉旨陈州放粮,刚正；机敏；威严；体察民情,驻轿查风异；主动设锣伸冤；亲自审问,正式官腔；命令式；推理式问话,主角,33,1；4,2,1.0,包拯（白）怪道吓，怪道！霎时一阵狂风到，刮去轿顶为那条？；包拯（白）这有铜锣一面，命你去到庙前庙后，高声喝叫喧说：老夫在此宿堂，有冤枉者前来伸诉！,7,包拯：净,0.95,,
pdf_01000000__01003008___7111d9396e,断太后,01000000,1000000,《戏考》,《戏考》（1000000）,01003008,断太后,pdf_01000000__01003008___7111d9396e__char__9a35090a8f,地方,,丑,丑,男,中年,当地基层差役,油滑；胆小；服从；多嘴,敲锣传话；私下议论；引路,口语化；带方言语气词；自言自语,功能性角色,17,2；4,2,0.4875,地方（白）咋咋咋！哎呀，别的老爷，怕人家打官司；这位大人筛住锣，叫人家打官司！；地方（白）不要胡说！我们叫他“包大人”，他还不愿意呢，你怎么叫他“老包”？,9,地方：丑,0.9,,
pdf_01000000__01003009___821dbef739,打龙袍,01000000,1000000,《戏考》,《戏考》（1000000）,01003009,打龙袍,pdf_01000000__01003009___821dbef739__char__6df16d77bc,李后,,老旦,老旦,女,老年,皇太后（宋仁宗生母）,隐忍；刚烈；悲苦；威严,诉冤；责子；赏忠,西皮慢板抒情；西皮快板激昂；口语化责骂,主角,11,4；6,2,0.4608,"李后（西皮慢板）御街上来了我受苦之人。赵州桥前遇包拯,二十载冤仇报得清。李后（西皮二六板）你与我责打无道君!李后（西皮快板）好一个忠心包爱卿,打龙袍犹如打昏君。",5,李后：老旦,0.95,,
pdf_01000000__01003009___821dbef739,打龙袍,01000000,1000000,《戏考》,《戏考》（1000000）,01003009,打龙袍,pdf_01000000__01003009___821dbef739__char__169188b71a,包拯,,净,净,男,中年,丞相（开封府尹）,忠直；机智；刚正；胆大,奏本；设灯会；谏君,西皮快板简洁；奏对恭敬；拦阻果断,主角,21,1；2；3；4；6,5,0.8824,"包拯（白）臣有散粮表章呈上。包拯（白）且慢。臣出朝之时,在午门许下花灯大会,今日请万岁,午门观灯!包拯（白）且慢！万岁，为何将扮灯官拿下？",7,包拯：净,0.95,,
pdf_01000000__01003009___821dbef739,打龙袍,01000000,1000000,《戏考》,《戏考》（1000000）,01003009,打龙袍,pdf_01000000__01003009___821dbef739__char__f6f03c2694,宋仁宗,,小生,小生,男,青年,皇帝,仁厚；易怒；孝顺（后知）,听政；观灯；下令拿人,引子庄重；西皮摇板随意；口语命令,配角,38,1；2；3；6,4,1.0,"宋仁宗（白）包相平身。宋仁宗（白）哦呵呀,原来包卿之功。内侍,光禄寺大排御宴,与包卿贺功!宋仁宗（白）哎吓！胆大的灯官，扮这样不忠不孝的灯。校尉，将扮灯官拿下！",9,宋仁宗：小生,0.9,,
pdf_01000000__01003009___821dbef739,打龙袍,01000000,1000000,《戏考》,《戏考》（1000000）,01003009,打龙袍,pdf_01000000__01003009___821dbef739__char__246c5569e6,灯官,,丑,丑,男,中年,灯官（临时差役）,诙谐；机灵；服从,扮灯；报灯名；被拿,念白；数板节奏；口语化,功能性角色,5,2,1,0.0882,灯官（念）奉了包相命，午门扮花灯。灯官（数板）灯又来了！看罢了一层又一层，吕布、董卓大闹凤仪亭。灯官（数板）灯来了！看罢了一套又一套，那旁花灯又来到。亲父母也要孝，晚父母也要孝。 为人双亲若不孝，清风亭雷打张继保！,11,灯官：丑,0.85,,
pdf_01000000__01003009___821dbef739,打龙袍,01000000,1000000,《戏考》,《戏考》（1000000）,01003009,打龙袍,pdf_01000000__01003009___821dbef739__char__d31a4ca5c9,王延龄,,老生,老生,男,老年,大臣（丞相）,忠厚；谨慎；正直,见驾；传旨；埋怨包拯,念白稳重；西皮摇板埋怨；口语恭敬,配角,5,1；2；3；4,4,0.1961,"王延龄（白）臣王延龄见驾，吾皇万岁！王延龄（西皮摇板）回头埋怨小包拯。有本就该当殿奏,为什么扮灯藐视君?王延龄（白）包拯拿到。",13,王延龄：老生,0.9,,
pdf_01000000__01003009___821dbef739,打龙袍,01000000,1000000,《戏考》,《戏考》（1000000）,01003009,打龙袍,pdf_01000000__01003009___821dbef739__char__0077e0147e,陈琳,,丑,丑,男,老年,太监（老内侍）,忠诚；谨慎；知恩,奏对；回忆往事；作证,西皮流水板叙述；口语谦卑；问答详细,配角,10,3,1,0.3137,"陈琳（白）容奏:只因癸未年间,李娘娘身怀我主;宫中有一刘娘娘,与内侍郭槐,姑表之亲。他二人定下一计:老王面前,讨下收生代劳旨意,将狸猫剥去皮尾,替换我主。陈琳（白）既是国太还在,有老王游玩御花园,赐与李后黄罗手帕,上有寇老先生题诗句为证。",15,陈琳：丑,0.9,,
pdf_01000000__01003010___2fda4a58c1,战蒲关,01000000,1000000,《戏考》,《戏考》（1000000）,01003010,战蒲关,pdf_01000000__01003010___2fda4a58c1__char__ddadc41d7a,刘忠,,老生,老生,男,中年,家丁/仆人,忠诚；善良；有义气；勇敢,执行命令；提出替代方案；拒绝杀主母；愿代死,恭敬；恳切；情感丰富；口语化,配角,28,1；2；3,3,1.0,"刘忠（白）哎呀,老爷吓!你的忠心义胆,可与日月争光。只是二主母,是一位贤德的夫人。不要说是叫小人前去杀她,就听了这番言语,不觉心似箭穿。老爷若要犒赏军士,容易。何不将小人杀而烹之,代飨军士,你道如何?",7,刘忠：老生,0.95,,
pdf_01000000__01003010___2fda4a58c1,战蒲关,01000000,1000000,《戏考》,《戏考》（1000000）,01003010,战蒲关,pdf_01000000__01003010___2fda4a58c1__char__cbd0dd5563,王霸,,老生,老生,男,中年,守城将领/官员,忠义；忧国忧民；果断；有谋略,巡视城防；询问军情；安抚军民；决策杀妾犒军,正式；忧虑；命令式；文言化,主角,21,1；2；3,3,0.6593,"王霸（白）哎呀,且住!不想城中如此光景,可不痛杀我也!",9,王霸：老生,0.95,,
pdf_01000000__01003010___2fda4a58c1,战蒲关,01000000,1000000,《戏考》,《戏考》（1000000）,01003010,战蒲关,pdf_01000000__01003010___2fda4a58c1__char__da288cda1a,徐艳贞,,旦,旦,女,青年,王霸的二夫人/妾室,贤德；温婉；顺从；深明大义,被刺杀；无反抗台词,文雅；简短；情感内敛,功能性角色,15,3,1,0.5165,徐艳贞（二黄摇板） （刘忠刺徐艳贞。）,11,徐艳贞：旦,0.85,,
pdf_01000000__01003011___a844c57d4e,斩黄袍,01000000,1000000,《戏考》,《戏考》（1000000）,01003011,斩黄袍,pdf_01000000__01003011___a844c57d4e__char__72668eef72,赵匡胤,,红生,红生,未知,未知,未知,[],[],[],,62,1；4；5；7；12,5,1.0,赵匡胤：红生,5,赵匡胤：红生,0.3,No JSON object found in LLM response,
pdf_01000000__01003011___a844c57d4e,斩黄袍,01000000,1000000,《戏考》,《戏考》（1000000）,01003011,斩黄袍,pdf_01000000__01003011___a844c57d4e__char__0fc20654bc,郑恩,,净,净,未知,未知,未知,[],[],[],,41,1；4；7；9,4,0.6842,郑恩：净,7,郑恩：净,0.3,No JSON object found in LLM response,
pdf_01000000__01003011___a844c57d4e,斩黄袍,01000000,1000000,《戏考》,《戏考》（1000000）,01003011,斩黄袍,pdf_01000000__01003011___a844c57d4e__char__bcdba448ac,苗顺,,末,末,未知,未知,未知,[],[],[],,13,1；4；7,3,0.193,苗顺：末,11,苗顺：末,0.3,No JSON object found in LLM response,
pdf_01000000__01003011___a844c57d4e,斩黄袍,01000000,1000000,《戏考》,《戏考》（1000000）,01003011,斩黄袍,pdf_01000000__01003011___a844c57d4e__char__61f13d5518,韩龙,,丑,丑,未知,未知,未知,[],[],[],,18,4；7；9,3,0.2924,韩龙：丑,13,韩龙：丑,0.3,No JSON object found in LLM response,
pdf_01000000__01003011___a844c57d4e,斩黄袍,01000000,1000000,《戏考》,《戏考》（1000000）,01003011,斩黄袍,pdf_01000000__01003011___a844c57d4e__char__3ee7c6ada5,郑英,,小生,小生,男,偏少/少年,未知,[],[],[],,7,8；9,2,0.152,郑英：小生,15,郑英：小生,0.3,No JSON object found in LLM response,
pdf_01000000__01003011___a844c57d4e,斩黄袍,01000000,1000000,《戏考》,《戏考》（1000000）,01003011,斩黄袍,pdf_01000000__01003011___a844c57d4e__char__e52cb8b02b,陶三春,,正旦,正旦,未知,未知,未知,[],[],[],,10,12,1,0.2105,陶三春：正旦,17,陶三春：正旦,0.3,No JSON object found in LLM response,
pdf_01000000__01003011___a844c57d4e,斩黄袍,01000000,1000000,《戏考》,《戏考》（1000000）,01003011,斩黄袍,pdf_01000000__01003011___a844c57d4e__char__64f848f8e7,家院,,老生,老生,未知,偏老/中老年,基层/随从,[],[],[],,1,9,1,0.0234,家院：老生,19,家院：老生,0.3,No JSON object found in LLM response,
pdf_01000000__01003012___c2beeb2822,彩楼配,01000000,1000000,《戏考》,《戏考》（1000000）,01003012,彩楼配,pdf_01000000__01003012___c2beeb2822__char__43e3dc2e9a,王宝钏,,正旦,正旦,女,青年,相府千金,聪慧；有主见；善良；重情义,抛绣球招亲；周济花郎；私定终身,文雅；果断；略带急切,主角,22,1；3,2,1.0,"王宝钏（引子）孝子是王祥,烈女是孟姜。 王宝钏（白）将那花郎唤醒,带进花园,奴有话问。 王宝钏（西皮快板）听他言来自思忖,看他不像受苦人:两耳垂肩贵相品,龙眉凤目帝王尊。",5,王宝钏：正旦,0.95,,
pdf_01000000__01003012___c2beeb2822,彩楼配,01000000,1000000,《戏考》,《戏考》（1000000）,01003012,彩楼配,pdf_01000000__01003012___c2beeb2822__char__f4365a454c,薛平贵,,小生,小生,男,青年,落魄乞丐,落魄；自尊；守信,乞讨；花园打睡；接彩球,直率；略带自卑,主角,15,1；2；4,3,1.0,"薛平贵（西皮摇板）肚中饥饿路难往,身上寒冷实难挡。 薛平贵（白）小姐有何金言,当面赐教。 薛平贵（西皮摇板）小姐不必细叮咛,平贵岂是无义人?",7,薛平贵：小生,0.95,,
pdf_01000000__01003012___c2beeb2822,彩楼配,01000000,1000000,《戏考》,《戏考》（1000000）,01003012,彩楼配,pdf_01000000__01003012___c2beeb2822__char__2c2b8b448a,游人甲,,老生,老生,男,中年,普通市民,随和；旁观,游春；围观抛彩球,简洁；念白为主,功能性角色,5,2；4,2,0.1842,"游人甲（念）春游芳草地, 游人甲（西皮摇板）二月二日龙抬头, 游人甲（念）命里有来总是有,",9,游人甲：老生,0.85,,
pdf_01000000__01003012___c2beeb2822,彩楼配,01000000,1000000,《戏考》,《戏考》（1000000）,01003012,彩楼配,pdf_01000000__01003012___c2beeb2822__char__445e23d514,游人乙,,末,末,男,中年,普通市民,随和；旁观,游夏；围观抛彩球,简洁；念白为主,功能性角色,4,2；4,2,0.2105,游人乙（念）夏赏绿荷池。 游人乙（西皮摇板）三姐打扮上彩楼。 游人乙（念）不如花子;,11,游人乙：末,0.85,,
pdf_01000000__01003012___c2beeb2822,彩楼配,01000000,1000000,《戏考》,《戏考》（1000000）,01003012,彩楼配,pdf_01000000__01003012___c2beeb2822__char__36393e3b34,游人丙,,小生,小生,男,青年,普通市民,期待；旁观,游秋；围观抛彩球,简洁；念白为主,功能性角色,4,2；4,2,0.2105,"游人丙（念）秋饮黄花酒, 游人丙（西皮摇板）但愿彩球到我手, 游人丙（念）花掉了银子,",13,游人丙：小生,0.85,,
pdf_01000000__01003012___c2beeb2822,彩楼配,01000000,1000000,《戏考》,《戏考》（1000000）,01003012,彩楼配,pdf_01000000__01003012___c2beeb2822__char__fd9072a829,游人丁,,丑,丑,男,老年,普通市民,幽默；固执；好热闹,游冬；围观抛彩球；剃须,诙谐；口语化,功能性角色,15,2；4,2,0.8684,"游人丁（念）冬吟白雪诗。 游人丁（白）我人老心不老。 游人丁（白）剃头的没有,找了一个修脚的,一根一根的修去了。",15,游人丁：丑,0.9,,
pdf_01000000__01003012___c2beeb2822,彩楼配,01000000,1000000,《戏考》,《戏考》（1000000）,01003012,彩楼配,pdf_01000000__01003012___c2beeb2822__char__b873e9165b,月老,,老旦,老旦,女,老年,神仙,神秘；主宰姻缘,抛彩球给薛平贵,简洁；预示性,功能性角色,2,2；3,2,0.1579,月老（西皮摇板）这旁来了一仙翁。 月老（西皮快板）彩球付于薛平郎。,17,月老：老旦,0.9,,
pdf_01000000__01003013___b0b83bb111,滑油山,01000000,1000000,《戏考》,《戏考》（1000000）,01003013,滑油山,pdf_01000000__01003013___b0b83bb111__char__7c9377450d,刘青提,,老旦,老旦,女,老年,民间老妇，生前为恶，死后受罚,凶恶；固执；悔悟,受刑；游地狱；哀求,悲怆；哀求；忏悔,主角,0,,0,0.0,《滑油山》为老旦应工戏，刘青提是核心人物，剧情围绕其地狱受罚与悔悟展开,5,刘青提：老旦,0.95,,
pdf_01000000__01003014___643f99bd25,富春楼,01000000,1000000,《戏考》,《戏考》（1000000）,01003014,富春楼,pdf_01000000__01003014___643f99bd25__char__f566e9c348,周翠屏,,旦,旦,女,青年,富春楼女子,温婉；聪慧,缝补衣物；待客,柔声细语；含蓄,主角,0,,0,0.0,# 《富春楼》 （一名：《缝搭膊》）,5,周翠屏：旦,0.7,,
pdf_01000000__01003014___643f99bd25,富春楼,01000000,1000000,《戏考》,《戏考》（1000000）,01003014,富春楼,pdf_01000000__01003014___643f99bd25__char__33080eb92a,陈魁,,小生,小生,男,青年,书生或富家子弟,风流；多情,访楼；赠物,文雅；热情,主角,0,,0,0.0,# 《富春楼》 （一名：《缝搭膊》）,7,陈魁：小生,0.7,,
pdf_01000000__01003015___7938d34c45,阴阳河,01000000,1000000,《戏考》,《戏考》（1000000）,01003015,阴阳河,pdf_01000000__01003015___7938d34c45__char__ba3079dc91,张茂深,,老生,老生,男,中年,行商旅客,谨慎；多疑；重情,投宿；寄存财物；外出游玩；认妻惊惧,文雅；疑问多；情感外露,主角,37,1；2,2,1.0,"张茂深（西皮流水板）一日离家一日深,好似孤雁宿寒林。 张茂深（白）正是住店。可有上房? 张茂深（白）将马带过。 张茂深（白）吓,店家,这有银子二百两,包袱一个,存在柜上。 张茂深（白）在下姓张。 张茂深（白）草字茂深。 店家（白）哦,张茂深客人。 张茂深（白）请问店家尊姓? 张茂深（白）哦,与我同姓?巧得很。请问大号? 张茂深（白）哦,张小二店家,府上是哪里? 张茂深（白）好得很。请问店家,此地乡风如何? 张茂深（白）怎样大不相同? 张茂深（白）怎样要分上半天下半天? 张茂深（白）哦,还有这样的乡风。如此我要到外面游玩游玩,行与不行?",7,张茂深：老生,0.95,,
pdf_01000000__01003015___7938d34c45,阴阳河,01000000,1000000,《戏考》,《戏考》（1000000）,01003015,阴阳河,pdf_01000000__01003015___7938d34c45__char__22ede1c5b6,李桂莲,,旦,旦,女,青年,屈死鬼魂,哀怨；深情；执着,阴曹游荡；挑水；认夫；招夫入门,悲切；直白；重复强调,主角,21,1；2,2,0.5567,"李桂莲（内西皮导板）屈死鬼在阴曹泪流满面, 李桂莲（西皮锁板）来了我冤鬼魂李氏桂莲。将身来在大街前,阴曹受罪实可怜。 张茂深、李桂莲（同白）哎,(她、她、她)(他、他、他)好像我(妻李桂莲)(夫张茂深),怎么来到此处? 张茂深（白）哎呀,且住。我见一妇人挑水,好像我妻李桂莲,怎么来到此处?也罢,不免赶上前去,看她身落在何处? 李桂莲（西皮锁板）适才来在大街前,好像我夫到此间。 张茂深（西皮紧板）果然我妻李桂莲。 李桂莲（西皮二六板）耳边厢又听得乱石响,倒叫我桂莲着了忙。我这里将门来开放, （张茂深、李桂莲见面，李桂莲招张茂深进门。） 李桂莲（西皮二六板）你是何人到此方? 李桂莲（白）哦,你是我夫张茂深。 李桂莲（白）我是你妻李桂莲。 张茂深（白）你是我妻李桂莲?打鬼打鬼! 李桂莲（白）夫吓,不要害怕,我是你妻李桂莲。 李桂莲（白）当真。",9,李桂莲：旦,0.95,,
pdf_01000000__01003015___7938d34c45,阴阳河,01000000,1000000,《戏考》,《戏考》（1000000）,01003015,阴阳河,pdf_01000000__01003015___7938d34c45__char__a4b2a51048,店家,,丑,丑,男,中年,客店老板,热情；健谈；乡土气息,迎客；登记财物；介绍乡风,口语化；重复客人信息；解释说明,配角,14,1,1,0.3711,"店家（念）孟尝君子店,千里客来投。 店家（白）现有上房。 店家（白）哦,将马带过。 张茂深（白）吓,店家,这有银子二百两,包袱一个,存在柜上。 店家（白）哦,存在柜上。请问客人尊姓? 店家（白）哦,张客人。银子二百两,包袱一个,存在柜上摆好了。没有请问客人大号? 店家（白）哦,张茂深客人。 张茂深（白）请问店家尊姓? 店家（白）我与客人同姓。 店家（白）我叫小二,人人都叫我张小二。 张茂深（白）哦,张小二店家,府上是哪里? 店家（白）我是此地人氏,开爿客店。 张茂深（白）好得很。请问店家,此地乡风如何? 店家（白）我们此地乡风与别的地方大不相同。",11,店家：丑,0.9,,
pdf_01000000__01003016___702c945adb,打花鼓,01000000,1000000,《戏考》,《戏考》（1000000）,01003016,打花鼓,pdf_01000000__01003016___702c945adb__char__148ff0e250,鼓婆,,旦,旦,女,中年,街头卖艺者,活泼；泼辣；机敏,打花鼓；与鼓郎配合表演；应对公子调戏,口语化；俏皮；带地方口音,主角,0,,0,0.0,# 《打花鼓》,5,鼓婆：旦,0.8,,
pdf_01000000__01003016___702c945adb,打花鼓,01000000,1000000,《戏考》,《戏考》（1000000）,01003016,打花鼓,pdf_01000000__01003016___702c945adb__char__417fd41761,鼓郎,,丑,丑,男,中年,街头卖艺者,滑稽；憨厚；怕老婆,打花鼓；与鼓婆配合表演；吃醋,诙谐；夸张；带地方口音,主角,0,,0,0.0,# 《打花鼓》,7,鼓郎：丑,0.8,,
pdf_01000000__01003016___702c945adb,打花鼓,01000000,1000000,《戏考》,《戏考》（1000000）,01003016,打花鼓,pdf_01000000__01003016___702c945adb__char__acbc62762c,公子,,丑,丑,男,青年,富家子弟,轻浮；好色；纨绔,调戏鼓婆；花钱点戏；纠缠,油滑；轻佻；带官话腔,配角,0,,0,0.0,# 《打花鼓》,9,公子：丑,0.8,,
pdf_01000000__01003017___51aaa5bf95,独木关,01000000,1000000,《戏考》,《戏考》（1000000）,01003017,独木关,pdf_01000000__01003017___51aaa5bf95__char__360e9242b1,薛礼,,武生,武生,男,壮年,病中英雄将领,勇猛；刚烈；急躁；重义气,带病出战；质问下属；主动请战,直率；激昂；多用感叹句,主角,18,1；3；6；8；9,5,1.0,"薛礼（白）哎,俺薛礼得下这样冤孽病症,那辽邦又出了什么大将安殿宝。也罢,待我前去会他有多大本领。",7,薛礼：武生,0.95,,
pdf_01000000__01003017___51aaa5bf95,独木关,01000000,1000000,《戏考》,《戏考》（1000000）,01003017,独木关,pdf_01000000__01003017___51aaa5bf95__char__0f05ed09cb,安殿宝,,净,净,男,壮年,辽邦大将,狂妄；凶悍；自信,擒拿敌将；大笑示威；主动挑战,简短；傲慢；多用命令句,配角,6,4；7,2,0.5769,"安殿宝（白）两个死囚,通名受死。 安殿宝（笑）哈哈哈哈哈!",9,安殿宝：净,0.9,,
pdf_01000000__01003017___51aaa5bf95,独木关,01000000,1000000,《戏考》,《戏考》（1000000）,01003017,独木关,pdf_01000000__01003017___51aaa5bf95__char__389a3da4c8,二老军,,丑,丑,男,老年,军中老卒,忠厚；胆小；关心薛礼,搀扶薛礼；隐瞒军情；劝阻出战,吞吞吐吐；朴实；多用方言语气,功能性角色,5,3；6,2,0.3846,"二老军（同白）这个......那个...... 二老军（同白）吓,薛爷你出马,岂是那安殿宝的对手。",11,二老军：丑,0.85,,
pdf_01000000__01003017___51aaa5bf95,独木关,01000000,1000000,《戏考》,《戏考》（1000000）,01003017,独木关,pdf_01000000__01003017___51aaa5bf95__char__209a08420f,张志龙,,丑,丑,男,青年,张士贵之子，被俘将领,怯懦；犹豫；依赖他人,被押解；询问对策；选择哀求,犹豫；直白；多用问句,配角,4,4,1,0.25,"张志龙（白）将军,此番进帐,还是叫骂的是,还是哀求的是? 张志龙（白）哀求的是。",13,张志龙：丑,0.8,,
pdf_01000000__01003017___51aaa5bf95,独木关,01000000,1000000,《戏考》,《戏考》（1000000）,01003017,独木关,pdf_01000000__01003017___51aaa5bf95__char__bc81eecc92,何宗宪,,丑,丑,男,青年,被俘将领，冒充薛礼,狡猾；冒失；爱吹牛,冒充薛礼；被识破后辩解；抱怨受苦,油滑；夸张；多用短句,配角,6,4；9,2,0.4038,"何宗宪（白）俺乃白袍薛礼。 何宗宪（白）不要忙,我是假充字号,我叫何宗宪。",15,何宗宪：丑,0.8,,
pdf_01000000__01003018___b62f621a21,丑表功,01000000,1000000,《戏考》,《戏考》（1000000）,01003018,丑表功,pdf_01000000__01003018___b62f621a21__char__97c6cfe4d3,保儿,,丑,丑,男,青年,仆人,滑稽；机灵,插科打诨；动作夸张,诙谐幽默；口语化,配角,0,,0,0.0,# 《丑表功》,5,保儿：丑,0.7,,
pdf_01000000__01003018___b62f621a21,丑表功,01000000,1000000,《戏考》,《戏考》（1000000）,01003018,丑表功,pdf_01000000__01003018___b62f621a21__char__89a9a0f707,万人迷,,花旦,花旦,女,青年,风尘女子,妩媚；泼辣,卖弄风情；争风吃醋,娇嗔；尖刻,主角,0,,0,0.0,# 《丑表功》,7,万人迷：花旦,0.7,,
pdf_01000000__01003018___b62f621a21,丑表功,01000000,1000000,《戏考》,《戏考》（1000000）,01003018,丑表功,pdf_01000000__01003018___b62f621a21__char__c14dda66db,顶先生,,老生,老生,男,中年,文人或塾师,迂腐；好色,装腔作势；调情,文绉绉；酸腐,配角,0,,0,0.0,# 《丑表功》,9,顶先生：老生,0.7,,
pdf_01000000__01004001___ad83d28842,逍遥津,01000000,1000000,《戏考》,《戏考》（1000000）,01004001,逍遥津,pdf_01000000__01004001___ad83d28842__char__c5e9da9fa3,汉献帝,,老生,老生,未知,偏老/中老年,高位/官员,[],[],[],,28,3；4；8；10,4,0.3805,汉献帝：老生,5,汉献帝：老生,0.3,No JSON object found in LLM response,
pdf_01000000__01004001___ad83d28842,逍遥津,01000000,1000000,《戏考》,《戏考》（1000000）,01004001,逍遥津,pdf_01000000__01004001___ad83d28842__char__e1bd96b7dd,曹操,孟德,净,净,未知,未知,未知,[],[],[],,85,2；3；7；9；10,5,1.0,曹操：净,7,曹操：净,0.3,No JSON object found in LLM response,
pdf_01000000__01004001___ad83d28842,逍遥津,01000000,1000000,《戏考》,《戏考》（1000000）,01004001,逍遥津,pdf_01000000__01004001___ad83d28842__char__9dd690d913,伏后,,旦,旦,未知,未知,未知,[],[],[],,10,4；8；9,3,0.2699,伏后：旦,9,伏后：旦,0.3,No JSON object found in LLM response,
pdf_01000000__01004001___ad83d28842,逍遥津,01000000,1000000,《戏考》,《戏考》（1000000）,01004001,逍遥津,pdf_01000000__01004001___ad83d28842__char__9517bd5ccf,曹妃,,旦,旦,女,未知,未知,[],[],[],,7,8；10,2,0.1372,曹妃：旦,11,曹妃：旦,0.3,No JSON object found in LLM response,
pdf_01000000__01004001___ad83d28842,逍遥津,01000000,1000000,《戏考》,《戏考》（1000000）,01004001,逍遥津,pdf_01000000__01004001___ad83d28842__char__3fba7bea98,穆顺,,生,生,未知,未知,未知,[],[],[],,42,4；5；7,3,0.5354,穆顺：生,13,穆顺：生,0.3,No JSON object found in LLM response,
pdf_01000000__01004001___ad83d28842,逍遥津,01000000,1000000,《戏考》,《戏考》（1000000）,01004001,逍遥津,pdf_01000000__01004001___ad83d28842__char__c784474173,二皇子,,娃娃生,娃娃生,未知,偏少/少年,未知,[],[],[],,4,8；10,2,0.1283,二皇子：娃娃生,15,二皇子：娃娃生,0.3,No JSON object found in LLM response,
pdf_01000000__01004001___ad83d28842,逍遥津,01000000,1000000,《戏考》,《戏考》（1000000）,01004001,逍遥津,pdf_01000000__01004001___ad83d28842__char__64a86b2865,伏完,,生,生,未知,未知,未知,[],[],[],,0,,0,0.0044,伏完：生,17,伏完：生,0.3,No JSON object found in LLM response,
pdf_01000000__01004001___ad83d28842,逍遥津,01000000,1000000,《戏考》,《戏考》（1000000）,01004001,逍遥津,pdf_01000000__01004001___ad83d28842__char__c3323ed43f,华歆,,丑,丑,未知,未知,未知,[],[],[],,24,2；7；9；10,4,0.4115,华歆：丑,19,华歆：丑,0.3,No JSON object found in LLM response,
pdf_01000000__01004001___ad83d28842,逍遥津,01000000,1000000,《戏考》,《戏考》（1000000）,01004001,逍遥津,pdf_01000000__01004001___ad83d28842__char__2df9eac30e,司马懿,司马；司马仲达,老生,老生,男,中年,魏国重臣、丞相府谋士,谨慎；圆滑；善于进谏,劝谏；求情；领命出征,谦恭有礼；引经据典；委婉劝谏,配角,6,2；9；10,3,0.0841,"司马懿（白）司马懿。 （八校尉、司马懿、华歆、曹操同上。） 司马懿（二黄摇板）伏后不必跪埃尘,为臣怎敢欺当今。官卑职小难救命,那厢恳求姓华人! 司马懿（二黄摇板）丞相息怒暂稍停! 司马懿（白）且慢!丞相看在献帝分上,赏她棺木一具! 司马懿（白）杀也在丞相,放也在丞相。自古云“饶人是福”! 曹操（白）搭下去。 司马懿听令:带领二十万雄兵,大下江南! 司马懿（白）得令!",21,司马懿：老生,0.95,,
pdf_01000000__01004001___ad83d28842,逍遥津,01000000,1000000,《戏考》,《戏考》（1000000）,01004001,逍遥津,pdf_01000000__01004001___ad83d28842__char__c58aaf1cdb,贾诩,,老生,老生,男,中年,魏国谋士,谨慎；低调；善于自保,应约赴会；询问缘由,谦逊；简洁；礼貌,配角,4,2,1,0.0354,"贾诩（白）贾诩。 贾诩（白）来得匆匆,望张将军恕罪。 贾诩（白）不知将军相约我等,所为何事? 贾诩（白）只因张将军相约,故而来早。",23,贾诩：老生,0.9,,
pdf_01000000__01004001___ad83d28842,逍遥津,01000000,1000000,《戏考》,《戏考》（1000000）,01004001,逍遥津,pdf_01000000__01004001___ad83d28842__char__5eba43198b,郄虑,,净,净,男,中年,魏国官员,刚直；寡言,参与集会,简短；直接,功能性角色,1,2,1,0.0088,郄虑（白）郄虑。,25,郄虑：净,0.8,,
pdf_01000000__01004001___ad83d28842,逍遥津,01000000,1000000,《戏考》,《戏考》（1000000）,01004001,逍遥津,pdf_01000000__01004001___ad83d28842__char__f60689b848,王粲,,生,生,男,中年,魏国文官,文雅；低调,参与集会,简洁,功能性角色,1,2,1,0.0088,王粲（白）王粲。,27,王粲：生,0.8,,
pdf_01000000__01004001___ad83d28842,逍遥津,01000000,1000000,《戏考》,《戏考》（1000000）,01004001,逍遥津,pdf_01000000__01004001___ad83d28842__char__2290058c52,曹植,,小生,小生,男,青年,曹操之子、公子,才气横溢；谦逊有礼,拜见长辈；参与集会,文雅；恭敬,配角,2,2,1,0.0265,"曹植（白）曹植。 曹植（白）吓,贾大人请上,受晚生一拜!",29,曹植：小生,0.9,,
pdf_01000000__01004001___ad83d28842,逍遥津,01000000,1000000,《戏考》,《戏考》（1000000）,01004001,逍遥津,pdf_01000000__01004001___ad83d28842__char__94350a27fe,文聘,,生,生,男,中年,魏国武将,豪爽；直率,参与集会；与同僚交谈,简洁；有力,配角,4,2,1,0.031,"文聘（白）文聘。 文聘（同白）是哪两处? 文聘（同念）但愿狼烟尽皆扫, 文聘（同白）请!",31,文聘：生,0.85,,
pdf_01000000__01004001___ad83d28842,逍遥津,01000000,1000000,《戏考》,《戏考》（1000000）,01004001,逍遥津,pdf_01000000__01004001___ad83d28842__char__394feb30ad,夏侯渊,,净,净,男,中年,魏国大将、曹操心腹,勇猛；机警；忠于曹操,巡查御街；发现可疑；报告曹操,果断；直接；带有武人气息,配角,5,2；6,2,0.0531,夏侯渊（白）夏侯渊。 （四大铠掌灯引夏侯渊同上。） 夏侯渊（白）俺，夏侯渊。今奉丞相之命，巡查御街。来，掌灯前往！ 夏侯渊（白）且住，适才何人打此经过？ 夏侯渊（白）往哪道而去？ 夏侯渊（白）唔！穆顺出宫，竟往伏相府而去，其中定有奸诈！ （夏侯渊、四大铠同下。） 曹操（白）适才夏侯渊报道，穆顺出宫，赶往伏相府而去。唔唔唔，必有别情！,33,夏侯渊：净,0.95,,
pdf_01000000__01004001___ad83d28842,逍遥津,01000000,1000000,《戏考》,《戏考》（1000000）,01004001,逍遥津,pdf_01000000__01004001___ad83d28842__char__d776eb269d,张辽,,生,生,男,中年,魏国大将、曹操心腹,野心勃勃；善于谋划；忠于曹操,召集文武；提议废帝；说服众人,慷慨激昂；有煽动性；直抒胸臆,配角,7,1；2,2,0.1018,"# （二旗牌引张辽同上。） 张辽（引子） 俺张辽，汉室为臣。只因献帝懦弱，不能治国安邦，东南烟尘四起。我今相请文武两班，欲将龙床推倒，扶保曹丞相登基，方得称我心头之愿。 张辽（白）待众位大人到此,速报吾知! （张辽、二旗牌同下。） 张辽（白）岂敢! 张辽（白）众位有所不知:只因当今献帝懦弱,不能治国安邦,致令东南烟尘四起,生灵涂炭!故而相请众位商议,将那龙床推倒,扶保曹丞相登基接位。不知众位大人意下如何? 张辽（白）只因献帝懦弱,不能治国安邦,致令东南烟尘四起,生灵涂炭,故而相请众位大人,欲将龙床推倒,扶保曹丞相登基接位!如今众位大人皆服此议。 张辽（白）这个! 张辽（白）只因献帝懦弱,不能治国安邦,故而特请众位大人到此,欲将龙床推倒,扶保丞相相登基接位,如今众位大人皆服愚见。 张辽（白）遵命!",35,张辽：生,0.95,,
pdf_01000000__01004004___a91ecdeeef,盗宗卷,01000000,1000000,《戏考》,《戏考》（1000000）,01004004,盗宗卷,pdf_01000000__01004004___a91ecdeeef__char__f7e0ecae2c,张苍,,老生,老生,男,老年,汉朝大臣，看守宗卷的官员,忠诚；谨慎；易惊慌,奉命行事；敬酒天地；自刎未遂,恭敬；急促；感叹,主角,91,1；5；6,3,0.9005,"忽听国太宣,迈步上金銮；手捧皇家卷,急忙献君前；哎呀！",7,张苍：老生,0.95,,
pdf_01000000__01004004___a91ecdeeef,盗宗卷,01000000,1000000,《戏考》,《戏考》（1000000）,01004004,盗宗卷,pdf_01000000__01004004___a91ecdeeef__char__48d2ecb259,陈平,,老生,老生,男,老年,汉朝都御史，丞相,机智；多谋；果断,占卜；设局；审问,威严；讽刺；命令式,主角,93,1；3；5；6,4,1.0,急忙上殿奏君前；老夫陈平；命尔等手拿灯亮火把；,9,陈平：老生,0.95,,
pdf_01000000__01004004___a91ecdeeef,盗宗卷,01000000,1000000,《戏考》,《戏考》（1000000）,01004004,盗宗卷,pdf_01000000__01004004___a91ecdeeef__char__138e569484,田子春,,老生,老生,男,中年,淮河来客，盗卷者,机智；大胆；善于伪装,改装打扮；犯夜试探；将计就计,试探性；自信；幽默,主角,31,2；3；6,3,0.3756,道家模样改装扮；敢是陈平？；我倒要犯夜。,11,田子春：老生,0.95,,
pdf_01000000__01004004___a91ecdeeef,盗宗卷,01000000,1000000,《戏考》,《戏考》（1000000）,01004004,盗宗卷,pdf_01000000__01004004___a91ecdeeef__char__4e1093d1a9,张夫人,,老旦,老旦,女,老年,张苍之妻,贤惠；关心丈夫；易激动,询问丈夫；责备陈平；掌灯,急切；感叹；疑问,配角,11,5,1,0.0995,老爷为何自刎身？；心中只把陈平恨；是，掌高些。,13,张夫人：老旦,0.9,,
pdf_01000000__01004004___a91ecdeeef,盗宗卷,01000000,1000000,《戏考》,《戏考》（1000000）,01004004,盗宗卷,pdf_01000000__01004004___a91ecdeeef__char__fbce69208f,张秀玉,,小生,小生,男,青年,张苍之子,孝顺；机智；有远见,抄录宗卷；安慰父亲；献出真卷,恭敬；自信；解释性,配角,12,5,1,0.1267,"正在后堂看经纶；爹爹有了宗卷,还怕他何来？；这是历代老宗卷。",15,张秀玉：小生,0.9,,
pdf_01000000__01004004___a91ecdeeef,盗宗卷,01000000,1000000,《戏考》,《戏考》（1000000）,01004004,盗宗卷,pdf_01000000__01004004___a91ecdeeef__char__86956c08c7,家院,,丑,丑,男,中年,张苍或陈平的家仆,忠诚；直率；幽默,引路；通报；提醒,简洁；口语化；调侃,功能性角色,4,5；6,2,0.0452,来此已是相府；三花要少喝点儿；灯灭了。,17,家院：丑,0.85,,
pdf_01000000__01004004___a91ecdeeef,盗宗卷,01000000,1000000,《戏考》,《戏考》（1000000）,01004004,盗宗卷,pdf_01000000__01004004___a91ecdeeef__char__c17d915cca,吕后,,旦,旦,女,中年,汉朝太后，实际掌权者,威严；多疑；果断,宣召大臣；火焚宗卷；赐酒,命令式；讽刺；威严,配角,10,1,1,0.1267,"身在深宫院,重整汉室锦江山；卿家可知哀家火焚宗卷之事？；退班。",19,吕后：旦,0.9,,
pdf_01000000__01004006___13b2265b9d,辕门射戟,01000000,1000000,《戏考》,《戏考》（1000000）,01004006,辕门射戟,pdf_01000000__01004006___13b2265b9d__char__916b136e7f,吕布,奉先,小生,小生,男,青年,徐州军阀，温侯,勇武；自负；重利轻义；善谋略,收礼；修书调解；设宴解围,念白豪迈；引子自夸；决策果断,主角,51,2；4,2,0.8374,吕布收纪灵厚礼，又接刘备求救信，决定修书请双方来营调解，体现其居中调停的关键作用。,5,吕布：小生,0.95,,
pdf_01000000__01004006___13b2265b9d,辕门射戟,01000000,1000000,《戏考》,《戏考》（1000000）,01004006,辕门射戟,pdf_01000000__01004006___13b2265b9d__char__238f0dc566,刘备,玄德；皇叔,老生,老生,男,中年,小沛守将，汉室宗亲,仁厚；谨慎；重义气；善纳谏,召集兄弟商议；登城观察敌情；拒绝张飞冒险计策,念白文雅；唱腔抒情；语气忧虑,配角,51,3；4,2,0.9106,刘备得知纪灵来攻，与关羽、张飞商议对策，并拒绝张飞开城决战的提议，体现其谨慎性格。,7,刘备：老生,0.9,,
pdf_01000000__01004006___13b2265b9d,辕门射戟,01000000,1000000,《戏考》,《戏考》（1000000）,01004006,辕门射戟,pdf_01000000__01004006___13b2265b9d__char__173560819f,张飞,翼德,净,净,男,中年,刘备三弟，猛将,勇猛；急躁；直率；粗中有细,主张开城决战；提出割头退兵之计；怒斥吕布书信,念白粗犷；语气冲动；多用感叹词,配角,54,3；4,2,1.0,张飞多次主张与纪灵决一死战，甚至提出割头退兵的荒唐计策，并怒斥吕布书信为‘狗贼的信’，体现其急躁直率。,9,张飞：净,0.9,,
pdf_01000000__01004006___13b2265b9d,辕门射戟,01000000,1000000,《戏考》,《戏考》（1000000）,01004006,辕门射戟,pdf_01000000__01004006___13b2265b9d__char__aae21e2109,纪灵,,净,净,男,中年,袁术部将，元帅,傲慢；自信；重礼数；有谋略,送礼给吕布；点将出兵；与吕布交涉,念白威严；语气自负；用词正式,配角,20,1；4,2,0.4878,纪灵自称‘大将生来盖世雄’，并送礼给吕布以求其不干涉，体现其傲慢与谋略。,11,纪灵：净,0.9,,
pdf_01000000__01004007___a24f152422,取荥阳,01000000,1000000,《戏考》,《戏考》（1000000）,01004007,取荥阳,pdf_01000000__01004007___a24f152422__char__0f4752d27f,刘邦,,老生,老生,男,中年,汉王，一方诸侯,沉稳；善于用人；有城府；遇事易惊慌,登城观敌；与臣下商议；修书调兵；采纳计策,引子开场自述经历；西皮板式抒情；对话中多用‘孤’自称；语气从自信到惊慌,主角,37,1；3,2,1.0,"刘邦（引子）孤，刘邦。自沛丰起义以来，平定关中。可恨项羽，不尊怀王之约，以强为尊，将孤赶入褒中。……刘邦（西皮摇板）楚兵旗号半遮扬。重重叠叠兵和将,……刘邦（西皮快板）刀枪剑戟似秋霜。孤王一见魂胆丧,只怕难保小荥阳。",7,刘邦：老生,0.95,,
pdf_01000000__01004007___a24f152422,取荥阳,01000000,1000000,《戏考》,《戏考》（1000000）,01004007,取荥阳,pdf_01000000__01004007___a24f152422__char__a372b268f6,纪信,,老生,老生,男,中年,汉将，下官,忠义；勇敢；舍生取义；慷慨激昂,主动请缨替主；慷慨赴死；与同僚告别；决心骂敌,西皮板式表达决心；语言坚定；引用典故（孔子困蔡）；自称‘臣’,配角,26,3,1,0.6355,"纪信（西皮快板）说什么青史表美名,臣报君恩子奉亲。他纵然将我粉骨碎,落一个美名万古存。……纪信（西皮摇板）师爷不必细叮嘱,纪信亦非等闲人。辞别师爷跨金镫,要想我回心转意万不能,但放宽心。",9,纪信：老生,0.95,,
pdf_01000000__01004007___a24f152422,取荥阳,01000000,1000000,《戏考》,《戏考》（1000000）,01004007,取荥阳,pdf_01000000__01004007___a24f152422__char__ab10a2c068,项羽,,净,净,男,壮年,西楚霸王，天下霸主,自负；勇猛；暴躁；轻敌,率兵围城；城下叫骂；威胁刘邦家人；下令猛攻,西皮板式高亢；多用‘孤’自称；语言粗豪；直接辱骂对手,配角,5,1,1,0.215,"项羽（西皮原板）百战百胜天下扬。多少英雄刀头丧,能征惯战鞭下亡。……项羽（西皮快板）闻言怒发三千丈,高声大骂汉刘邦:……你父太公入罗网,你母现在笼内藏;你子在我的刀尖丧,结发夫妻两分张。手摸胸膛想一想,看你归降不归降。",11,项羽：净,0.95,,
pdf_01000000__01004007___a24f152422,取荥阳,01000000,1000000,《戏考》,《戏考》（1000000）,01004007,取荥阳,pdf_01000000__01004007___a24f152422__char__e10527aec4,张良,,老生,老生,男,中年,汉王谋士，军师,足智多谋；沉着冷静；善于激励；忠心耿耿,献计画图；激励纪信；与陈平商议；安排替主计策,念白开场；西皮摇板抒情；语言文雅；多用典故（齐顷公）,配角,29,1；2；3,3,0.6729,"张良（白）昔日齐晋交兵,齐顷公被晋兵追赶,幸赖田夫舍身,救主脱难。臣以画成图本, 邀集文武观看,必有忠义之士,舍身诈降楚营。……张良（西皮摇板）一片丹心扶汉王, 这一旁急坏了张子房。 低下头来暗思想, 猛然一计上胸膛。",13,张良：老生,0.95,,
pdf_01000000__01004007___a24f152422,取荥阳,01000000,1000000,《戏考》,《戏考》（1000000）,01004007,取荥阳,pdf_01000000__01004007___a24f152422__char__6d6196f178,陈平,,老生,老生,男,中年,汉王谋士，下官,谨慎；善于附和；有谋略但稍显被动,与张良同上；建议修书；赞同张良计策；入帐禀报,念白开场；西皮摇板抒情；语言谦恭；多用‘启大王’,配角,8,1；3,2,0.2056,"陈平（白）启大王:莫如修书一封,下往燕赵,命元帅速将人马撤回,迎击霸王。……陈平（西皮摇板）好个能言张子房, 胸中韬略妙非常。 亚赛周朝姜吕尚, 但愿保主出荥阳。",15,陈平：老生,0.95,,
pdf_01000000__01004008___27d1eda64f,大保国,01000000,1000000,《戏考》,《戏考》（1000000）,01004008,大保国,pdf_01000000__01004008___27d1eda64f__char__ed88cf71dd,李艳妃,,正旦,正旦,女,青年至中年,皇妃/太后,端庄；优柔寡断；易受蛊惑,垂帘听政；与权臣争执；最终醒悟,典雅；带哭腔；情绪化,主角,0,,0,0.0,正旦行当，剧中为皇妃，主导保国剧情,5,李艳妃：正旦,0.9,,
pdf_01000000__01004008___27d1eda64f,大保国,01000000,1000000,《戏考》,《戏考》（1000000）,01004008,大保国,pdf_01000000__01004008___27d1eda64f__char__e958a8b65a,徐延昭,,净,净,男,老年,定国公/老臣,忠勇；刚直；急躁,持铜锤上殿；怒斥奸臣；力保江山,洪亮；慷慨激昂；多用典故,主角,0,,0,0.0,净行花脸，忠臣代表，与李良对立,7,徐延昭：净,0.9,,
pdf_01000000__01004008___27d1eda64f,大保国,01000000,1000000,《戏考》,《戏考》（1000000）,01004008,大保国,pdf_01000000__01004008___27d1eda64f__char__32f1f9727c,杨波,,老生,老生,男,中年至老年,兵部侍郎/忠臣,沉稳；机智；忠诚,进谏；调兵遣将；辅佐幼主,文雅；条理清晰；略带忧虑,主角,0,,0,0.0,老生行当，文臣形象，与徐延昭配合保国,9,杨波：老生,0.9,,
pdf_01000000__01004008___27d1eda64f,大保国,01000000,1000000,《戏考》,《戏考》（1000000）,01004008,大保国,pdf_01000000__01004008___27d1eda64f__char__d8aec1184d,李良,,净,净,男,中年,国丈/太师,奸诈；贪婪；野心勃勃,篡位；欺瞒幼主；结党营私,谄媚；虚伪；咄咄逼人,配角,0,,0,0.0,净行反派，剧中为篡位奸臣,11,李良：净,0.9,,
pdf_01000000__01004009___abe4e0ff20,忠孝全,01000000,1000000,《戏考》,《戏考》（1000000）,01004009,忠孝全,pdf_01000000__01004009___abe4e0ff20__char__3e8f57054a,秦季龙,,小生,小生,男,青年,投军青年，山东莱州府人氏，家无父母，孤身一人,自信；直率；有抱负,投军；展示武艺；如实回答,简洁；直接；略带无奈,主角,60,1；2；3；5,4,0.9375,"秦季龙（念）上山擒虎易,开口告人难。 秦季龙（白）前来投军。烦老爷通报。 秦季龙（白）十八般武艺,俱属全会。 秦季龙（白）弓马当先。 秦季龙（白）秦季龙。 秦季龙（白）有弓无箭缺马。 秦季龙（白）谢千岁。 秦季龙（白）秦季龙一马三箭,俱中中靶。 王振（白）果然好箭。秦季龙是哪里人氏? 秦季龙（白）山东莱州府人氏。 秦季龙（白）一家四口。 秦季龙（白）这个......没有。 秦季龙（白）本来的没有。",7,秦季龙：小生,0.95,,
pdf_01000000__01004009___abe4e0ff20,忠孝全,01000000,1000000,《戏考》,《戏考》（1000000）,01004009,忠孝全,pdf_01000000__01004009___abe4e0ff20__char__4bbc7c76fc,王振,,净,净,男,中年,司礼监太监，权倾朝野,专权；威严；精明；略带粗俗,发号施令；考核投军者；赏赐箭马；派遣任务,命令式；直白；带口头禅（不要装几巴）,配角,68,1；3；5,3,1.0,"王振（引子）日侍天颜,司礼监,国重专权。 王振（白）你到营门口料理料理,瞧瞧有人投军没有。不要装几巴。 王振（白）传。 王振（白）有何武艺? 王振（白）哪样为先? 王振（白）你叫什么名字? 王振（白）可有弓马? 王振（白）咱家赏你箭马,下去试来。 王振（白）果然好箭。秦季龙是哪里人氏? 王振（白）一家几口? 王振（白）可有父母? 王振（白）没有,孩子就说没有,有就说有,不要混说。上了军册薄句不能改的了。 王振（白）咱家看你倒很中用的样儿,赏你令箭一支,前去探看金鳌消息如何?速速回来交令。 王振（白）站着。",9,王振：净,0.95,,
pdf_01000000__01004009___abe4e0ff20,忠孝全,01000000,1000000,《戏考》,《戏考》（1000000）,01004009,忠孝全,pdf_01000000__01004009___abe4e0ff20__char__d1234dcda6,秦洪,,末,末,男,老年,福建运粮官，曾中举人进士，曾任宛平知县、福建巡抚，现为犯官,悲愤；沧桑；正直,解粮到军营；求见千岁；陈述身世,文雅；悲怆；叙述性,配角,31,3；5,2,0.4653,"秦洪（念）离了福建省,解粮到军营。 秦洪（白）福建运粮官求见千岁。 秦洪（白）正是。 秦洪（内二黄导板）犯官受刑身无主， 秦洪（二黄慢板）二目无精好伤情。 秦洪（白）请爷打坐近前。 秦洪（白）容禀。 秦洪（二黄慢板）家住山东莱州郡, 秦洪（二黄慢板）黎英县内有家门。 秦洪（二黄慢板）甲午年前曾中举, 秦洪（二黄慢板）连科得中进士身。 秦洪（二黄慢板）初任宛平为正印, 秦洪（二黄慢板）加升福建管黎民。",11,秦洪：末,0.95,,
pdf_01000000__01004010___47767989be,双投唐,01000000,1000000,《戏考》,《戏考》（1000000）,01004010,双投唐,pdf_01000000__01004010___47767989be__char__ba6ab633f9,李密,,净,净,男,中年,西魏王，后降唐受封魏国公,多疑；优柔寡断；贪恋富贵；反复无常,猜忌部下；犹豫不决；最终降唐,多用西皮快板；语气时而威严时而自嘲；唱词中常自我反思,主角,54,2；4；5；6；8；10；12,7,0.9657,"瓦岗寨上杀气飘,密密层层摆枪刀。闲来山前摆观花草,闷在宫中乐逍遥。将身且在我的莲花岛,王贤弟回来问根苗。",7,李密：净,0.95,,
pdf_01000000__01004010___47767989be,双投唐,01000000,1000000,《戏考》,《戏考》（1000000）,01004010,双投唐,pdf_01000000__01004010___47767989be__char__6b51127102,王伯党,,老生,老生,男,中年,李密部下将领，后随李密降唐,忠义；耿直；重情重义；有原则,忠于李密；直言进谏；拒绝降唐官职,语言直率；多用西皮快板；誓言坚定,配角,61,2；4；5；6；8；10；12,7,1.0,"说什么三心二意的,为臣怎敢把君欺。我若保主有假意,气化清风肉化泥。",9,王伯党：老生,0.95,,
pdf_01000000__01004010___47767989be,双投唐,01000000,1000000,《戏考》,《戏考》（1000000）,01004010,双投唐,pdf_01000000__01004010___47767989be__char__51c26c1512,李世民,,小生,小生,男,青年,唐王李渊之子，秦王,宽厚；有谋略；善于用人；大度,招降李密；不计前嫌；奏请招驸马,语言温和；多用西皮摇板；善于安抚人心,配角,29,4；5；10；12,4,0.5543,"只要真心归顺,南牢之事一概不提。",11,李世民：小生,0.95,,
pdf_01000000__01004010___47767989be,双投唐,01000000,1000000,《戏考》,《戏考》（1000000）,01004010,双投唐,pdf_01000000__01004010___47767989be__char__3ca1d86627,李渊,,外,外,男,老年,唐王，皇帝,威严；谨慎；有城府；善于纳谏,审问李密；接受李世民建议；封官授职,语言正式；多用引子和白口；决策果断,配角,15,5,1,0.2857,"李密为寇多年,野心未定。今来降唐,不可重用,恐有异心。",13,李渊：外,0.95,,
pdf_01000000__01004010___47767989be,双投唐,01000000,1000000,《戏考》,《戏考》（1000000）,01004010,双投唐,pdf_01000000__01004010___47767989be__char__21fba96d66,河阳公主,,旦,旦,女,青年,唐王李渊之女，公主,温婉；贤淑；知礼,奉旨成婚；为驸马饯行；被杀,语言文雅；多用引子和白口；语气柔和,功能性角色,8,6,1,0.1314,"雨露似天才,夫荣妻贵堪偕。",15,河阳公主：旦,0.9,,
pdf_01000000__01004011___c0be635aa4,飞虎山,01000000,1000000,《戏考》,《戏考》（1000000）,01004011,飞虎山,pdf_01000000__01004011___c0be635aa4__char__54e81e3f17,安敬思,,小生,小生,男,青年,樵夫，后为李克用义子，改名李存孝,孝顺；勇敢；直率；感恩,砍樵；打虎；归降；拜父,西皮唱腔为主；语言直白；情感真挚,主角,12,1；4,2,0.4559,安敬思（西皮快板）安敬思，启禀上：无有父来只有娘。安敬思（西皮快板）久有此心来归降，奈无引见拜君王。多蒙千岁恩德广，躬身一礼拜父王。,5,安敬思：小生,0.95,,
pdf_01000000__01004011___c0be635aa4,飞虎山,01000000,1000000,《戏考》,《戏考》（1000000）,01004011,飞虎山,pdf_01000000__01004011___c0be635aa4__char__e0628090dc,李克用,,净,净,男,中年,晋王，一方诸侯,威严；有谋略；惜才；果断,发兵；巡山；收义子；改名,念白为主；语言简洁有力；命令式语气,主角,28,2；3；4,3,1.0,李克用（念）山上插宝剑，斩断清水泉。李克用（白）哦，飞虎岗！李克用（白）呵呀，想这“飞虎”二字，正应孤王的梦兆。,7,李克用：净,0.95,,
pdf_01000000__01004011___c0be635aa4,飞虎山,01000000,1000000,《戏考》,《戏考》（1000000）,01004011,飞虎山,pdf_01000000__01004011___c0be635aa4__char__4a0ef97c15,周德威,,老生,老生,男,中年,将领或谋士,忠诚；有见识；稳重,进言；辅佐,语言简练；有说服力,配角,1,4,1,0.0441,周德威（白）启父王：天差良将，自有良马。,9,周德威：老生,0.85,,
pdf_01000000__01004011___c0be635aa4,飞虎山,01000000,1000000,《戏考》,《戏考》（1000000）,01004011,飞虎山,pdf_01000000__01004011___c0be635aa4__char__55392070f3,李嗣源,,老生,老生,男,中年,李克用之子或义子,直率；有胆量；孝顺,与安敬思对话；跳过小溪涧,西皮唱腔；语言略带挑衅,配角,1,4,1,0.0441,李嗣源（西皮快板）父王一旁把话讲，讲两句大话唬儿郎。将身跳过小溪涧，父王唤你有话商量。,11,李嗣源：老生,0.85,,
pdf_01000000__01004011___c0be635aa4,飞虎山,01000000,1000000,《戏考》,《戏考》（1000000）,01004011,飞虎山,pdf_01000000__01004011___c0be635aa4__char__3885b77f56,李存信,,净,净,男,中年,李克用部将或义子,忠诚；服从,随行；听令,简短应答,功能性角色,0,,0,0.0,四将（同白）参见父王。四将（同白）俱已齐备。,13,李存信：净,0.7,,
pdf_01000000__01004011___c0be635aa4,飞虎山,01000000,1000000,《戏考》,《戏考》（1000000）,01004011,飞虎山,pdf_01000000__01004011___c0be635aa4__char__67725c79f8,康君利,,丑,丑,男,中年,李克用部将或义子,忠诚；服从,随行；听令,简短应答,功能性角色,0,,0,0.0,四将（同白）参见父王。四将（同白）俱已齐备。,15,康君利：丑,0.7,,
pdf_01000000__01004012___2ea5375b61,女起解,01000000,1000000,《戏考》,《戏考》（1000000）,01004012,女起解,pdf_01000000__01004012___2ea5375b61__char__c8bd1558f6,苏三,,旦,旦,女,青年,囚犯，原为妓女,悲苦；坚韧；重情,听从召唤；拜神祈福；表达哀怨,唱词为主；抒情性强；使用感叹词,主角,53,1；2；3,3,0.7647,"苏三（内西皮导板）忽听唤苏三；苏三（反二黄慢板）适才间老伯一声禀,到叫苏三长笑容。",5,苏三：旦,0.95,,
pdf_01000000__01004012___2ea5375b61,女起解,01000000,1000000,《戏考》,《戏考》（1000000）,01004012,女起解,pdf_01000000__01004012___2ea5375b61__char__61048cf418,张公道,,丑,丑,男,中年,解差（押解犯人的公差）,世故；幽默；贪小便宜,押解犯人；与狱官周旋；调侃,念白为主；口语化；带调侃语气,配角,66,1；2；3,3,1.0,"张公道（念）公道不公道,自有天知道。张公道（白）将你发了配了。",7,张公道：丑,0.9,,
pdf_01000000__01004012___2ea5375b61,女起解,01000000,1000000,《戏考》,《戏考》（1000000）,01004012,女起解,pdf_01000000__01004012___2ea5375b61__char__2c2a7f33f8,狱官,,末,末,男,中年,监狱官员,刻板；多疑；贪财,盘问解差；检查文书；索要贿赂,念白；命令式；带质问语气,功能性角色,15,2,1,0.2222,狱官（白）怎么过来过去总是你? 狱官（白）你与我带个骡子来。,9,狱官：末,0.85,,
pdf_01000000__01004014___d6eca0fe85,遗翠花,01000000,1000000,《戏考》,《戏考》（1000000）,01004014,遗翠花,pdf_01000000__01004014___d6eca0fe85__char__8a2a62d872,相公,,小生,小生,男,青年,书生,多情；痴情；文雅,相思成病；强打精神；关门留客,文雅；感叹；急切,主角,102,1；2；3,3,0.7906,"相公（内喊）吓吓吓! 相公（西皮慢板）自那日大会场前去游玩,在大街遇见了美貌婵娟。时时的刻刻的挂在心上,因此上相思病把我害伤。将身儿闷坐在书房里面,但不知是何人解开愁肠? 翠香（西皮原板）在闺阁奉了姑娘命,她命我书馆下书来。将身儿来至在书馆外,尊一声相公开门来。 相公（西皮原板）猛然间睁开了昏花眼,忽听门外有人言。强打精神开门望,是哪一个前来叫门,是哪一个前来叫门? 翠香相公（白)(白)(白)(西皮原板）相公吓,好了。好了。那边厢来了个女天仙。小姑娘你请到书馆坐定,回过头来把门关。 翠香（西皮原板）一见相公把门关,倒叫翠香着了慌。不言不语一旁站,问我一言答一番。 相公（白）请坐请坐。 相公（白）我认倒认识你,一时想他不起。 相公（白）哦,在大会场中,见过一位千金的小姐。 相公（白）有你这么高一个丫头。 相公（白）她叫什么? 相公（白）吓,梅香,就是丫鬟,丫鬟就是梅香。你叫什么名字? 相公（白）哦,她叫翠香,就是不对我说。 相公（白）哦,五味之“香”。待我与你写来。是与不是?",7,相公：小生,0.95,,
pdf_01000000__01004014___d6eca0fe85,遗翠花,01000000,1000000,《戏考》,《戏考》（1000000）,01004014,遗翠花,pdf_01000000__01004014___d6eca0fe85__char__98e42ad287,翠香,,花旦,花旦,女,少女,丫鬟,活泼；机灵；忠诚,传书；试探；通风报信,俏皮；直率；略带狡黠,配角,136,1；2；3,3,1.0,"翠香（内白）走吓! 翠香（西皮原板）在闺阁奉了姑娘命,她命我书馆下书来。将身儿来至在书馆外,尊一声相公开门来。 翠香（西皮原板）一见相公把门关,倒叫翠香着了慌。不言不语一旁站,问我一言答一番。 翠香（白）有坐有坐。咳,你左看右看,你可认识我? 翠香（白）你在大会场中,见过什么人? 翠香（白）那小姐身后? 翠香（白）那不是丫鬟。 翠香（白）那是一个梅香。 翠香（白）我叫翠香,可就不对你说。 相公（白）哦,她叫翠香,就是不对我说。 翠香（白）我这个“香”,是五味之“香”。 翠香（白）正是。 相公（白）哎吓,翠香吓,翠香吓,你倒占了一个好响亮的名儿吓。 翠香（白）奉了姑娘之命,前来与你下书来了。",9,翠香：花旦,0.95,,
pdf_01000000__01004014___d6eca0fe85,遗翠花,01000000,1000000,《戏考》,《戏考》（1000000）,01004014,遗翠花,pdf_01000000__01004014___d6eca0fe85__char__4dbc7fe4f9,小姐,,旦,旦,女,青年,千金小姐,多情；含蓄；矜持,相思；传书；等待,文雅；含蓄；感叹,主角,16,2；3,2,0.1799,"相公（白）哦,在大会场中,见过一位千金的小姐。 翠香（白）那小姐身后? 相公（白）哦,你家小姐,命你下书来了? 相公（白）拿来我看。哎吓,她家小姐命她下书来了。待我谢天谢地。 相公（白）你岂有此理。你家小姐,命你下书来了。你把书信失掉了?真真岂有此理。 （小姐上。） 小姐（西皮慢板）大会场与相公相见一面,掉翠花引得我好不惨然。将身儿坐至在二堂以上,等翠香她到来细问端详。 小姐（白）吓，回来了。 小姐（白）那相公见了我的书信，还是喜吓，还是恼吓？ 翠香（白）相公见了你那书信，欢喜不停，还有回书一封。小姐观看。 小姐 （白） 翠香打坐。 翠香（白）小姐,这封书信,好是不好? 小姐（白）好倒是好。见书不见人,也是枉然。 小姐（白）就是。命你去请。 小姐（白）翠香,为何去而复转?",11,小姐：旦,0.95,,
pdf_01000000__01004014___d6eca0fe85,遗翠花,01000000,1000000,《戏考》,《戏考》（1000000）,01004014,遗翠花,pdf_01000000__01004014___d6eca0fe85__char__75dcd83458,老夫人,,老旦,老旦,女,老年,老夫人,威严；警觉；关心女儿,查问；叫门；探病,直接；命令式；关切,配角,36,3,1,0.3451,"翠香（白）非是我去而复返,老夫人知晓,与我大大的不便。 翠香（白）慢着,待我看看老夫人在与不在。 相公（白）老夫人要在怎么样? 翠香（白）老夫人要在,我这里咳嗽,你就溜。 翠香（白）若是老夫人不在,我就把你拉进来。 翠香（白）人家好容易把人请得来了。我说进来,她说出去。老夫人不在,待我来呼唬呼唬他。 相公（白）不是老夫人在么? 相公（白）老夫人不在,你怎么咳嗽? 老夫人（西皮快板）将身来在绣阁内,叫声翠香开门来。 老夫人（白）开门来。老夫人叫门,为何这样慢腾腾的! 翠香（白）老夫人来了。 翠香（白）参见老夫人。 老夫人（白）你家小姐病体如何?",13,老夫人：老旦,0.95,,
pdf_01000000__01004015___871e6f9883,新安驿,01000000,1000000,《戏考》,《戏考》（1000000）,01004015,新安驿,pdf_01000000__01004015___871e6f9883__char__235ca2f915,周凤英,,旦,旦,女,青年,黑店女大王，周李氏之女,豪爽；直率；冲动；天真；情窦初开,持刀行凶；听墙根；逼问身份；见色心喜；撒娇求母,粗犷直白；带江湖气；语气多变（凶狠、好奇、娇羞）,主角,36,2；3,2,0.8137,"周凤英（内西皮导板）在后店我听娘言讲一遍；周凤英（白）吠,你这女子姓甚名谁,我这宝刀虽快不杀无名之人；周凤英（唱）见相公只生得十分俊雅,倒把我大王爷活活喜煞；周凤英（白）妈吓,儿拜天地去。",5,周凤英：旦,0.95,,
pdf_01000000__01004015___871e6f9883,新安驿,01000000,1000000,《戏考》,《戏考》（1000000）,01004015,新安驿,pdf_01000000__01004015___871e6f9883__char__b4ba184e77,李氏,,丑,丑,女,老年,黑店老板娘，周凤英之母,老练；狡诈；贪财；心狠手辣；市侩,开店揽客；劝酒下药；杀人越货；察言观色,油滑；带数板；假意殷勤；江湖切口,配角,48,1；2；3,3,1.0,"李氏（数板）开店打伙，终日受奔波。有人住着我的店，不死三更见阎罗；李氏（白）不妨事,我们新安驿风俗,如有客官到店须敬三大盏；李氏（白）敬相公当朝一品。",7,李氏：丑,0.95,,
pdf_01000000__01004015___871e6f9883,新安驿,01000000,1000000,《戏考》,《戏考》（1000000）,01004015,新安驿,pdf_01000000__01004015___871e6f9883__char__590fed4f40,罗雁,,旦,旦,女,青年,赵美容的丫鬟，女扮男装,忠诚；羞涩；笨拙；天真；易紧张,模仿男子行走；结巴改口；主仆相称练习；感叹小姐美貌,结巴；犹豫；低声下气；带感叹,配角,37,2；3,2,0.9118,"罗雁（白）只是我叫不出口；罗雁（白）来的敢是小......；罗雁（白）是,小妹小妹；罗雁（唱）中途路我这里仔细观看,看小姐容貌儿好似天仙。",9,罗雁：旦,0.9,,
pdf_01000000__01004015___871e6f9883,新安驿,01000000,1000000,《戏考》,《戏考》（1000000）,01004015,新安驿,pdf_01000000__01004015___871e6f9883__char__92eb3301aa,赵美容,,旦,旦,女,青年,闺阁小姐，逃难中,端庄；聪慧；果断；善于教导；悲伤,女扮男装；教导罗雁行走；练习兄妹称呼；流泪感叹,文雅；清晰；带教导语气；唱词抒情,主角,37,2；3,2,0.8235,"赵美容（内西皮导板）赵美容出门来泪流满面；赵美容（白）你扮上男子，须要学男子行走才是；赵美容（白）兄妹相称；赵美容（唱）正行走睁双睛举目观望,又只见大路牌挂在面前。",11,赵美容：旦,0.95,,
pdf_01000000__01004016___8e04e3a822,小上坟,01000000,1000000,《戏考》,《戏考》（1000000）,01004016,小上坟,pdf_01000000__01004016___8e04e3a822__char__049a62ab9c,刘禄敬,,丑,丑,男,中年,官员（清官）,谨慎；好奇；自以为是；幽默,询问；审案；调侃,口语化；带疑问语气；诙谐,主角,18,2,1,1.0,"（白）哦呵且住,想我刘家坟上,哪有什么妇人在此,哭哭啼啼,哦哦哦其中必有原故。 （白）来,住轿。 （白）你们前去问那妇人:因何在此哭哭啼啼? （白）京中来。 （白）来,你们对那妇人言道:说你老爷是清官到了,有何冤枉,叫她亲口诉来。 （白）你这妇人,有何冤枉,一一诉来。有你老爷与你作主。 （白）哒。 （白）世间哪有不是的公婆?公婆打骂,古之常理。头状不准,二状诉来。 （唱）宝贝本是真宝贝,禄敬本是真禄敬。 （唱）上京时,我的妻,年方二八的女裙钗。到如今,我回来,满脸的长皱纹好不丑人。 （唱）有胡须,无胡须,与你何论?",7,刘禄敬：丑,0.95,,
pdf_01000000__01004016___8e04e3a822,小上坟,01000000,1000000,《戏考》,《戏考》（1000000）,01004016,小上坟,pdf_01000000__01004016___8e04e3a822__char__5350ba1219,萧素贞,,花旦,花旦,女,青年（年方二八）,民妇（刘禄敬之妻）,悲苦；坚贞；孝顺；勇敢,哭诉；告状；上坟,唱词为主；哀怨；引用典故,主角,15,2,1,0.925,"（内白）苦吓! （唱）回头来带上了两扇门。我今日里不往别处去,一心心要上刘家的新坟。正走之间泪满腮,想起了古人蔡伯喈:他上京中去赶考,一去赶考不回来。一双爹娘都饿死,五娘子抱土筑坟台。坟台筑起了三尺土,从空中降下一面琵琶来。身背着琵琶描容相,一心心上京找夫回。找到京中不相认,哭坏了贤妻女裙钗。 （唱）哭一声儿夫刘禄敬, （唱）萧素贞这里把头抬,尊一声老爷你哪里来? （唱）坟前里没有关王庙,坟后里没有接官亭。坟东里没有放马场,坟西里没有陷马坑。又不通南北共大道,我的爷吓,你为何到我刘家的新坟? （唱）听说一声清官到, （白）容禀。 （唱）我有心状告无人写,口诉的状词句句真。头一状不把别人告,告的是公婆二双亲。终日里打来每日里骂,我的爷吓,打骂着奴家实实的难忍。 （白）容禀。 （唱）第二状不把别人告,告的是娘舅李大公。他每日三次我家走,挑唆我公婆二双亲。终日里打来每日里骂,打骂着奴家逼我改嫁人。 （白)(唱）啐!我亲夫上京去,",9,萧素贞：花旦,0.95,,
pdf_01000000__01004016___8e04e3a822,小上坟,01000000,1000000,《戏考》,《戏考》（1000000）,01004016,小上坟,pdf_01000000__01004016___8e04e3a822__char__51327ac3f2,二青袍,,丑,丑,男,成年,衙役（随从）,顺从；机械；辅助,引路；传话；回应,简短；重复；口语化,功能性角色,0,,0,0.0,"（同白）呵! 青袍甲（白）禀老爷的话:刘家坟上,有一妇人,在此啼哭。 青袍甲（白）原故。 青袍甲（白）老爷撤料。",11,二青袍：丑,0.9,,
pdf_01000000__01005001___8bae4c8a7d,武家坡,01000000,1000000,《戏考》,《戏考》（1000000）,01005001,武家坡,pdf_01000000__01005001___8bae4c8a7d__char__b74cd28ad0,薛平贵,,老生,老生,男,中年,征西归来将领，王宝钏之夫,深情；试探；谨慎,问路；试探妻子；交付书信,西皮原板；白口沉稳；含蓄试探,主角,106,1；2,2,1.0,"薛平贵（西皮原板）不分昼夜回家园。在三关辞别了公主代战,一马儿来至在武家坡前。绿阴树下拴了红鬃马,尊一声众大嫂借问一言。",7,薛平贵：老生,0.95,,
pdf_01000000__01005001___8bae4c8a7d,武家坡,01000000,1000000,《戏考》,《戏考》（1000000）,01005001,武家坡,pdf_01000000__01005001___8bae4c8a7d__char__1d2367a08b,王宝钏,,旦,旦,女,中年,薛平贵之妻，寒窑苦守,坚贞；聪慧；谨慎,挖野菜；试探军官；假意剜菜,西皮慢板；白口含蓄；反问试探,主角,104,1；2,2,0.9819,"王宝钏（西皮慢板）寒窑内来了王氏宝钏。站立在坡前抬头观看,武家坡站定了一位军官:前形好像薛平贵,后影好似儿夫男。我这里假意把菜剜,他问一声答一言。",9,王宝钏：旦,0.95,,
pdf_01000000__01005002___c9467a74fd,浣纱记,01000000,1000000,《戏考》,《戏考》（1000000）,01005002,浣纱记,pdf_01000000__01005002___c9467a74fd__char__a4637c1ac0,伍员,,老生,老生,男,中年,逃亡将领,谨慎；急躁；落魄,逃亡；求助；隐瞒身份,急促；恳切；唱词豪迈,主角,19,1；2,2,1.0,"（伍员上。）伍员（白）且住。行至此间，前面一带长江，后有追兵到此，这便如何是好。呜呼呀！看那旁有一打渔小舟，等他到来，再做道理。伍员（白）船家前来，渡我过江。伍员（白）多把银两与你。伍员（白）我乃是被难之人，老丈行个方便吧。（伍员上船。）伍员（白）老丈快快催舟。伍员（白）请问老丈，此话因何而起？伍员（白）原来如此。伍员（白）我若说出名姓，恐你走漏我的消息。伍员（内西皮导板）豪杰打马奔吴国，（伍员上。）伍员（西皮流水板）龙离沧海虎离窝。伍员（白）非也。行路之人,肚中饥饿,望求娘行周济一碗半碗充饥。",7,伍员：老生,0.95,,
pdf_01000000__01005002___c9467a74fd,浣纱记,01000000,1000000,《戏考》,《戏考》（1000000）,01005002,浣纱记,pdf_01000000__01005002___c9467a74fd__char__31638d7fa8,渔父,,丑,丑,男,老年,渔夫,淳朴；慷慨；神秘,打渔；渡人；解梦,直率；简洁；方言化,配角,8,1,1,0.439,渔父（内白）打鱼吓。（渔父上。）渔父（白）打渔船不渡人。渔父（白）我们是不爱财的。渔父（白）既是被难之人，待我与你搭了扶手。渔父（白）待我扯起蓬来。渔父（白）昨夜三更偶得一梦：斗大红星落舱，故尔来做此歌。渔父（白）请问尊姓大名？渔父（白）你看舟中只有你我二人，但讲何妨。,9,渔父：丑,0.9,,
pdf_01000000__01005002___c9467a74fd,浣纱记,01000000,1000000,《戏考》,《戏考》（1000000）,01005002,浣纱记,pdf_01000000__01005002___c9467a74fd__char__e631f33369,浣纱女,,正旦,正旦,女,青年,浣纱女,贞洁；善良；谨慎,浣纱；施舍；回避,文雅；唱词抒情；含蓄,配角,9,2,1,0.561,"（浣纱女上。）浣纱女（西皮慢板）光阴似箭日月梭，浣纱女（白）呀!浣纱女（白）想我浣纱女三十未嫁,与寡母同居,哪有余食与将军充饥。浣纱女（白）听你之言,亦非平常之人。请道其详。浣纱女（白）呀!浣纱女（西皮快板）将军打马忙走却,男女交谈理不合。浣纱女（西皮摇板）盖世英雄受折磨。浣纱女（白）将军为何去而复返?浣纱女（白）呀!稍站。",11,浣纱女：正旦,0.9,,
pdf_01000000__01005003___0fd7bac795,天雷报,01000000,1000000,《戏考》,《戏考》（1000000）,01005003,天雷报,pdf_01000000__01005003___0fd7bac795__char__c7ec23b828,张元秀,,外,外,男,老年,贫苦老人，养父,固执；暴躁；重情；易怒；后悔,打骂养子；与妻争吵；赶子出门；认子被拒,直白；情绪化；多用反问和感叹,主角,121,1；4；5,3,1.0,"张元秀（白）那继保奴才,逃出门去,是我赶他,赶至清风亭上,遇着他娘亲,将那血书,念的一字不差,才叫他领了去了!若是一字有差,慢说是一个人,就是一只鸡犬,也是不能得够吓!",5,张元秀：外,0.95,,
pdf_01000000__01005003___0fd7bac795,天雷报,01000000,1000000,《戏考》,《戏考》（1000000）,01005003,天雷报,pdf_01000000__01005003___0fd7bac795__char__c6d292073d,周氏,,老旦,老旦,女,老年,贫苦老妇，养母,慈爱；固执；易怒；依赖丈夫,思念养子；与夫争吵；哭闹；寻子,哀怨；直白；多用反问和感叹,主角,97,1；4；5,3,0.7837,"周氏（白）我好好的一个儿子,你今日打明日骂,被你赶出在外,怎不叫我恨吓,怎不叫我恨吓!",7,周氏：老旦,0.95,,
pdf_01000000__01005003___0fd7bac795,天雷报,01000000,1000000,《戏考》,《戏考》（1000000）,01005003,天雷报,pdf_01000000__01005003___0fd7bac795__char__39b9859c95,张继保,,小生,小生,男,青年,新科状元，薛家之子,冷漠；忘恩；势利；决绝,不认养父母；驱赶老人；摆官威,冷淡；反问；官腔,主角,14,5,1,0.2234,"张继保（白）谁是你的儿子? 张继保（白）你姓什么? 张继保（白）你姓张,我姓薛,怎么我是你的儿子?",9,张继保：小生,0.95,,
pdf_01000000__01005003___0fd7bac795,天雷报,01000000,1000000,《戏考》,《戏考》（1000000）,01005003,天雷报,pdf_01000000__01005003___0fd7bac795__char__8276a413a0,薛荣,,老生,老生,男,中年,官员或乡绅，张继保生父,稳重；有地位,送子赴考,简洁；正式,配角,1,2,1,0.0071,薛荣（念）我儿去赴考。,11,薛荣：老生,0.8,,
pdf_01000000__01005003___0fd7bac795,天雷报,01000000,1000000,《戏考》,《戏考》（1000000）,01005003,天雷报,pdf_01000000__01005003___0fd7bac795__char__f56ae17cc0,周桂英,,正旦,正旦,女,中年,薛荣之妻，张继保生母,慈爱；有主见,认子,温和；正式,配角,0,,0,0.0071,（薛荣、周桂英同上。）,13,周桂英：正旦,0.7,,
pdf_01000000__01005003___0fd7bac795,天雷报,01000000,1000000,《戏考》,《戏考》（1000000）,01005003,天雷报,pdf_01000000__01005003___0fd7bac795__char__e14cce40e0,周小义,,丑,丑,男,中年,地方百姓，张元秀邻居,热心；直爽；善良,报信；引路；关心老人,口语化；亲切；带方言感,功能性角色,22,4；5；6,3,0.1986,"周小义（白）哎呀,你们老两口子,怎样弄得这般光景? 周小义（白）哎吓,现在新科状元老爷,好像我那继保兄弟。",15,周小义：丑,0.9,,
pdf_01000000__01005005___45b85eecde,沙陀国,01000000,1000000,《戏考》,《戏考》（1000000）,01005005,沙陀国,pdf_01000000__01005005___45b85eecde__char__06447e59c7,李克用,,净,净,男,老年,沙陀国国王，唐室藩王,刚愎自用；重情义；易反复；有威严,传令发兵；追回原令；摆队相迎；执手相迎；大礼参拜,命令式；感叹式；直白,主角,58,1；2；3；5,4,1.0,"（四文堂、四刀斧手引李克用同上。）李克用（白）什么新闻? 李克用（白）吓,大胆黄巢,欺我唐室无人。太保传令:命二位王娘挂帅,众家太保,以为前站先行,起动四十五万满汉雄兵,前去兴唐灭巢! 李克用（白）且住!想孤当初犯罪,彼时推出取斩,有功不赏,见罪就罚,想孤王发下洪誓大愿,永不出力保唐。太保原令追回! 李克用（白）程恩公到了。太保吩咐摆队相迎。 李克用（白）恩公吓! 李克用（同笑）哈哈哈...... 李克用（白）恩公也苍白了。 李克用（念）堪堪不觉白头发。 李克用（白）恩公请。 李克用（白）吓,恩公,你我执手相迎。 李克用（白）不敢,你是孤的活命之恩人,理当请上,受孤一拜。",5,李克用：净,0.95,,
pdf_01000000__01005005___45b85eecde,沙陀国,01000000,1000000,《戏考》,《戏考》（1000000）,01005005,沙陀国,pdf_01000000__01005005___45b85eecde__char__b25af6be5c,程敬思,,老生,老生,男,老年,唐朝官员，李克用的恩公,谦恭；知礼；念旧；忠诚,大礼参拜；问候千岁；递手本；摆宴,谦逊；恭敬；文雅,配角,41,2；3；5,3,0.7597,"李嗣源（白）程敬思叔父。 程敬思（白）吓,千岁! 程敬思（白）几载未见,不觉须发皓白了。 程敬思（念）曾记当年骑竹马, 程敬思（白）白头发。 程敬思（白）千岁请。 程敬思（白）挽手而行。 程敬思（白）千岁请上,学生大礼参拜! 程敬思（白）这就不敢吓,不敢。 程敬思（白）这就不当了。 程敬思（白）岂敢。山遥路远,少来问安,千岁海涵。 程敬思（白）吾主安。 程敬思（白）满朝文武,俱有手本问候千岁金安。 程敬思（白）不敢,摆下就是。",7,程敬思：老生,0.95,,
pdf_01000000__01005005___45b85eecde,沙陀国,01000000,1000000,《戏考》,《戏考》（1000000）,01005005,沙陀国,pdf_01000000__01005005___45b85eecde__char__d9adcbe137,二王娘,,正旦,正旦,女,中年,李克用的妃子（二王娘）,直率；有主见；关心军务,询问发兵；持令箭；进帐见恩公,口语化；直接；带唱腔,配角,21,4；5,2,0.3312,"二王娘（西皮摇板）醒来依然在北番。 二王娘（同白）太保为何这等模样? 二王娘（同白）你父王可曾发兵? 二王娘（同白）有这等事,你向前,为娘随后就到。 二王娘（同白）就来的。 二王娘（白）姐姐请。 二王娘（西皮摇板）姐妹二人心喜欢。 二王娘（西皮摇板）十二金钱垂耳边。 二王娘（同白）太保儿过来。 二王娘（同白）前去通禀你父王,说二位王娘要见。 二王娘（白）王姐请。 二王娘（西皮摇板）暂且留他好脸面。 二王娘（西皮摇板）叫声太保听我言。 二王娘（西皮摇板）见了恩公礼相迎。",9,二王娘：正旦,0.9,,
pdf_01000000__01005005___45b85eecde,沙陀国,01000000,1000000,《戏考》,《戏考》（1000000）,01005005,沙陀国,pdf_01000000__01005005___45b85eecde__char__f016b02d6d,大王娘,,小旦,小旦,女,中年,李克用的妃子（大王娘）,稳重；识大体；有威严,提议暂退；一同进帐；传令,文雅；带唱腔；商议式,配角,11,4；5,2,0.1558,"大王娘（西皮摇板）昨晚一梦到长安, 大王娘（白）贤妹请。 大王娘（西皮摇板）听说来了程恩官, 大王娘（西皮摇板）头戴金冠点珠翠, 大王娘（白）御妹,既如此说,你我暂退一时。 大王娘（西皮摇板）老大王传令不容见, 大王娘（西皮摇板）怀抱令箭出宫院, 大王娘（白）御妹,程恩公不是外客,你我一同进帐何妨。 大王娘（西皮摇板）姊妹二人进宝帐, 大王娘（西皮摇板）尊声恩官你请起, 大王娘（西皮摇板）一支令箭往下传,",11,大王娘：小旦,0.9,,
pdf_01000000__01005005___45b85eecde,沙陀国,01000000,1000000,《戏考》,《戏考》（1000000）,01005005,沙陀国,pdf_01000000__01005005___45b85eecde__char__f516dfdda5,李嗣源,,小生,小生,男,青年,李克用的太保（义子）,忠诚；机敏；孝顺；有担当,报新闻；传令；追回原令；摆队相迎；进帐求兵,恭敬；急切；直白,配角,31,1；2；3；4；5,5,0.5519,"李嗣源（白）没有打得飞禽走兽,打得一桩新闻。 李嗣源（白）今有黄巢造反,将唐王赶至西岐美良。 李嗣源（白）得令。下面听者,父王传令:二位王娘挂帅,众家太保,前战先行,兴起满汉雄兵四十五万,兴唐灭巢!(龙套自两边分上,同喝。) 李嗣源（白）原令追回。 李嗣源（白）程恩公来了。 李嗣源（白）程敬思叔父。 李嗣源（白）众将官摆队相迎!(龙套同允。【吹打】。众人同下。) 李嗣源（白）叔父到。 李嗣源（白）是。 李嗣源（白）宴齐。 李嗣源（白）有请。 李嗣源（白）收队。 程敬思（西皮快二六板）一见圣旨压帐前,回头埋怨李嗣源。我在虎岭寻自尽,谁叫你救我活命还。你父不发人和马,有何脸面回长安? 李嗣源（西皮快二六板）叔父不必泪双流,侄儿进帐把兵求。走上前来忙叩首,父王发兵灭贼囚。",13,李嗣源：小生,0.95,,
pdf_01000000__01005006___1bd930fcea,六月雪,01000000,1000000,《戏考》,《戏考》（1000000）,01005006,六月雪,pdf_01000000__01005006___1bd930fcea__char__ece64c2982,窦娥,,正旦,正旦,女,青年,囚犯、受冤女子,善良；孝顺；坚韧；冤屈,哭诉；哀求；陈述冤情；感恩,哭板；二黄慢板；哀怨；恳切,主角,25,1；2,2,1.0,"窦娥（内白）苦吓! 窦娥（哭）哎呀! 窦娥（二黄慢板）禁妈妈你请上容奴细讲,都只为我婆婆染病在床。有谁知张驴儿天良尽丧,买羊肚下毒药起下不良。",7,窦娥：正旦,0.95,,
pdf_01000000__01005006___1bd930fcea,六月雪,01000000,1000000,《戏考》,《戏考》（1000000）,01005006,六月雪,pdf_01000000__01005006___1bd930fcea__char__f50c02d7f7,蔡母,,老旦,老旦,女,老年,窦娥的婆婆、贫寒老妇,慈祥；贫苦；关爱儿媳；无奈,探望；哭诉；求情；安慰,西皮摇板；二黄摇板；哀伤；恳求,配角,13,1；2,2,0.5143,"蔡母（白）走吓。蔡母（白）不是呵,我是窦娥的婆婆,前来探望于她。蔡母（西皮摇板）听说大娘一声讲,婆媳就要两分张。只哭得婆媳们鲜血上撞。",9,蔡母：老旦,0.9,,
pdf_01000000__01005006___1bd930fcea,六月雪,01000000,1000000,《戏考》,《戏考》（1000000）,01005006,六月雪,pdf_01000000__01005006___1bd930fcea__char__5066eb0a12,禁婆,,丑旦,丑旦,女,中年,监狱看守,贪财；凶恶；欺软怕硬；铁嘴豆腐心,索贿；打骂；威胁；偶尔心软,数板；二黄摇板；粗俗；蛮横,功能性角色,17,1；2,2,0.6,"禁婆（数板）我做禁婆管牢囚,十人见了九人愁。有钱的好应酬,无钱的打不罢来骂不休。禁婆（白）窦娥,我来问你:你到我这监中,日子也不少了。又道是:靠山吃山,靠水吃水。你倒有钱拿点出来,妈妈也好垫补垫补。",11,禁婆：丑旦,0.9,,
pdf_01000000__01005006___1bd930fcea,六月雪,01000000,1000000,《戏考》,《戏考》（1000000）,01005006,六月雪,pdf_01000000__01005006___1bd930fcea__char__ea527521fa,钱惠命,,丑,丑,男,中年,监衙司（监斩官）,官僚；敷衍；草菅人命；见风使舵,监斩；下令；听从上级,简短；命令式；官腔,功能性角色,8,2,1,0.3143,"钱惠命（白）下官监衙司。钱惠命（白）来,时辰可到? 钱惠命（白）窦娥吓窦娥,想你小小年纪,做出这样事来。今日斩了你,下次不可。绑了下去。",13,钱惠命：丑,0.85,,
pdf_01000000__01005007___5e730b94b2,二进宫,01000000,1000000,《戏考》,《戏考》（1000000）,01005007,二进宫,pdf_01000000__01005007___5e730b94b2__char__ac6c5a4201,李艳妃,,正旦,正旦,女,青年至中年,皇妃，后宫高位,端庄；忧虑；优柔寡断,垂帘听政；求助忠臣；悔过自责,文雅；哀婉；恳切,主角,0,,0,0.0,# 《二进宫》 （一名：《击宫门》）,5,李艳妃：正旦,0.9,,
pdf_01000000__01005007___5e730b94b2,二进宫,01000000,1000000,《戏考》,《戏考》（1000000）,01005007,二进宫,pdf_01000000__01005007___5e730b94b2__char__92a11f6444,徐延昭,,净,净,男,中年至老年,定国公，朝廷重臣,忠勇；刚直；沉稳,持铜锤护驾；力保幼主；斥责奸佞,洪亮；慷慨；威严,主角,0,,0,0.0,# 《二进宫》 （一名：《击宫门》）,7,徐延昭：净,0.9,,
pdf_01000000__01005007___5e730b94b2,二进宫,01000000,1000000,《戏考》,《戏考》（1000000）,01005007,二进宫,pdf_01000000__01005007___5e730b94b2__char__99cdb42d1b,杨波,,老生,老生,男,中年至老年,兵部侍郎，后升任首辅,忠义；谨慎；智谋,进宫谏言；调兵遣将；辅佐幼主,沉稳；条理清晰；谦逊,主角,0,,0,0.0,# 《二进宫》 （一名：《击宫门》）,9,杨波：老生,0.9,,
pdf_01000000__01005007___5e730b94b2,二进宫,01000000,1000000,《戏考》,《戏考》（1000000）,01005007,二进宫,pdf_01000000__01005007___5e730b94b2__char__a74500d311,徐小姐,,旦,旦,女,青年,徐延昭之女，将门之后,英武；孝顺；果敢,随父护驾；武艺高强；协助守宫,简洁；刚柔并济；恭敬,配角,0,,0,0.0,# 《二进宫》 （一名：《击宫门》）,11,徐小姐：旦,0.8,,
pdf_01000000__01005007___5e730b94b2,二进宫,01000000,1000000,《戏考》,《戏考》（1000000）,01005007,二进宫,pdf_01000000__01005007___5e730b94b2__char__c07cb5728b,杨四郎,,小生,小生,男,青年,杨波之子，将门之后,英勇；忠诚；热血,随父进宫；领兵护卫；冲锋陷阵,激昂；直率；有力,配角,0,,0,0.0,# 《二进宫》 （一名：《击宫门》）,13,杨四郎：小生,0.8,,
pdf_01000000__01005008___a144dc7076,玉堂春,01000000,1000000,《戏考》,《戏考》（1000000）,01005008,玉堂春,pdf_01000000__01005008___a144dc7076__char__d32a6e94ad,苏三,,旦,旦,女,青年,妓女/囚犯,坚贞；善良；痴情,受审；诉冤；认夫,哀婉；恳切；叙事清晰,主角,0,,0,0.0,# 《玉堂春》 （一名：《三堂会审》）,5,苏三：旦,0.95,,
pdf_01000000__01005008___a144dc7076,玉堂春,01000000,1000000,《戏考》,《戏考》（1000000）,01005008,玉堂春,pdf_01000000__01005008___a144dc7076__char__a06e1a8799,王金龙,,小生,小生,男,青年,巡按/官员,多情；正直；念旧,审案；相认；庇护,威严；含蓄；动情,主角,0,,0,0.0,# 《玉堂春》 （一名：《三堂会审》）,7,王金龙：小生,0.95,,
pdf_01000000__01005008___a144dc7076,玉堂春,01000000,1000000,《戏考》,《戏考》（1000000）,01005008,玉堂春,pdf_01000000__01005008___a144dc7076__char__438f78effc,藩台,,老生,老生,男,中年,省级官员,严肃；公正；谨慎,陪审；询问；判断,官腔；沉稳；简洁,配角,0,,0,0.0,# 《玉堂春》 （一名：《三堂会审》）,9,藩台：老生,0.9,,
pdf_01000000__01005008___a144dc7076,玉堂春,01000000,1000000,《戏考》,《戏考》（1000000）,01005008,玉堂春,pdf_01000000__01005008___a144dc7076__char__a26ec30686,臬台,,老生,老生,男,中年,省级司法官员,精明；细致；老练,陪审；追问；分析,官腔；犀利；有条理,配角,0,,0,0.0,# 《玉堂春》 （一名：《三堂会审》）,11,臬台：老生,0.9,,
pdf_01000000__01005008___a144dc7076,玉堂春,01000000,1000000,《戏考》,《戏考》（1000000）,01005008,玉堂春,pdf_01000000__01005008___a144dc7076__char__1b12d0e2ab,张公道,,丑,丑,男,中年,衙役/差人,滑稽；势利；机灵,传唤；插科打诨；跑腿,诙谐；俚俗；夸张,功能性角色,0,,0,0.0,# 《玉堂春》 （一名：《三堂会审》）,13,张公道：丑,0.85,,
pdf_01000000__01005009___5df172a065,孝感天,01000000,1000000,《戏考》,《戏考》（1000000）,01005009,孝感天,pdf_01000000__01005009___5df172a065__char__0d51cb8567,武姜,,老旦,老旦,女,老年,郑国国母，共叔段之母，寤生之母,溺爱子女；情感丰富；孤独哀怨,思子心切；梦中与子媳相见；悲泣感叹,唱词多抒情哀婉；多用感叹句；语言充满思念与无奈,主角,8,2,1,0.6957,"（武姜上，二宫女同上。）武姜（引子）离别宫闱，空使我，老眼含泪。武姜（二黄原板）居异乡恨寂寞红日易晚，武姜（二黄导板）梦儿里只听得有人呼唤,武姜（二黄摇板）又只见灯光下双影闪连。看不明擦一擦昏花老眼,你是我次子段儿媳元环。曾记得寿筵前金杯酒满,母子们共聚首一处同欢。忆自你封京邑便不回转,武姜（反二黄慢板）听儿言不觉得珠泪悲惨,纵然是鬼与魂娘也心甘。怎能够同聚首襟怀坦坦,随为娘在此地同把身安。武姜（二黄导板）贤儿媳一同去抛娘不管,叔段!元环!哎,儿吓......武姜（二黄摇板）但不知何日里再见一番。",5,武姜：老旦,0.95,,
pdf_01000000__01005009___5df172a065,孝感天,01000000,1000000,《戏考》,《戏考》（1000000）,01005009,孝感天,pdf_01000000__01005009___5df172a065__char__a6f3be951f,共叔段,,小生,小生,男,青年,郑国公子，武姜次子，魏氏之夫，已故鬼魂,悔恨；孝顺；无奈,鬼魂现身；劝解母亲；表达悔意,唱词悲切；语言自责；多用感叹与反问,主角,6,1；2,2,1.0,"（四红龙套同上，共叔段、魏氏同上。）共叔段（念）丹心天地惨，黄泉路途远。共叔段、魏氏（同白）我乃（共叔段）（魏氏）鬼魂是也。共叔段（白）只为母后姜夫人，爱子爱媳；不想你我夫妻，反遭毒害。可叹母后在颍燕城中，思儿心切，啼哭悲声。你我夫妻，不免去至梦中，劝解一番。如此夫人请。共叔段（白）正是：共叔段（二黄慢板）风飘飘冷飕飕黄昏惨淡,曾记得在生前荣带正冠。共叔段（反二黄慢板）悲切切尊国母飞魂魄散,悔不该妒兄位自惹神灾。连累了我母后无依无伴,儿死在九泉下心中难甘。共叔段（反二黄摇板）儿在阴母在阳两厢隔断,母子们要相逢今生实难。",7,共叔段：小生,0.95,,
pdf_01000000__01005009___5df172a065,孝感天,01000000,1000000,《戏考》,《戏考》（1000000）,01005009,孝感天,pdf_01000000__01005009___5df172a065__char__faf7f07456,魏氏,,正旦,正旦,女,青年,共叔段之妻，武姜儿媳，已故鬼魂,温婉；孝顺；理性,随夫劝母；安慰国母；表达天命,唱词平和；语言劝慰；多用哲理与天命之言,配角,8,1；2,2,0.913,"（四红龙套同上，共叔段、魏氏同上。）魏氏（念）溺爱反遭害，恩情一线牵。魏氏（同白）我乃（共叔段）（魏氏）鬼魂是也。魏氏（白）夫君请。魏氏（念）梦魂惊断五更风。魏氏（二黄慢板）此时间也难说分诉情由,进寝门见国母心内痛酸。魏氏（反二黄慢板）这也是天命定数有修短,劝国母切莫要终日泪涟。为报恩来世里重亲慈范,千古人有哪个百岁同餐。魏氏（反二黄摇板）天将明儿要归不尽感叹,魏氏（魏氏下。二宫女同上。）郑君侯指日里迎接凤弯。",9,魏氏：正旦,0.95,,
pdf_01000000__01005010___9c2a4af4c4,御碑亭,01000000,1000000,《戏考》,《戏考》（1000000）,01005010,御碑亭,pdf_01000000__01005010___9c2a4af4c4__char__6b55d1ef0f,王有道,,老生,老生,男,中年,书生、举子,传统守礼；重功名；多疑；易怒,赴考；休妻；饮酒,文雅；引经据典；情绪化,主角,51,2；7；8；10,4,0.8912,"王有道（引子）磨穿铁砚,这襟怀,须让前贤。 王有道（白）非为别事,今乃会试之年,唤你们好好看守门户,我要入场会试。 王有道（西皮快板）这一科金榜上若有名姓,终不愧王有道苦读五经。 王有道（白）你嫂嫂既遇大雨,就该寻一个所在避雨才是,何必冒雨而归,成什么样儿。",7,王有道：老生,0.95,,
pdf_01000000__01005010___9c2a4af4c4,御碑亭,01000000,1000000,《戏考》,《戏考》（1000000）,01005010,御碑亭,pdf_01000000__01005010___9c2a4af4c4__char__093c0e2e74,孟月华,,正旦,正旦,女,青年,王有道之妻,贤惠；孝顺；谨慎；隐忍,敬夫；持家；避雨；归宁,温柔；恭敬；委婉,主角,58,2；4；6；7；10,5,1.0,"孟月华（白）亲操井臼侍衾稠, 孟月华（西皮慢板）奴这里夫妻情把盏奉敬,你本是清风客谪仙之人。 孟月华（白）原来为此事而来。吓,德禄,你姑爷入场会试去了。我若回去,只剩姑娘一人在家。无人照管门户,难以回去。",9,孟月华：正旦,0.95,,
pdf_01000000__01005010___9c2a4af4c4,御碑亭,01000000,1000000,《戏考》,《戏考》（1000000）,01005010,御碑亭,pdf_01000000__01005010___9c2a4af4c4__char__bfdd568ddf,柳生春,,小生,小生,男,青年,书生、举子,正直；守礼；自律；虔诚,避雨；守夜；应试；自省,谦逊；文雅；内省,配角,9,4；8；10,3,0.2585,"柳生春（西皮二六板）礼法嫌疑当要紧,我淫人妇妇淫人。感应篇上答报应,读书之人要志诚。 柳生春（白）暗室之中,并未交言,怎知姓氏。 柳生春（白）门生家业寒素,德薄才庸。蒙恩师山斗之恩,开及意外。生思并无阴骘。",11,柳生春：小生,0.95,,
pdf_01000000__01005010___9c2a4af4c4,御碑亭,01000000,1000000,《戏考》,《戏考》（1000000）,01005010,御碑亭,pdf_01000000__01005010___9c2a4af4c4__char__7c8b4fd422,王淑英,,正旦,正旦,女,青年,王有道之妹,活泼；直率；关心兄长；善解人意,陪伴嫂嫂；照管门户；劝慰,明快；亲切；略带俏皮,配角,36,2；6；7,3,0.5578,"王淑英（白）哥哥,我嫂嫂备得有酒,与哥哥庆贺。 王淑英（西皮原板）那时间我嫂嫂诰命封赠,打点起精神来要做夫人。 王淑英（白）嫂嫂放心,门户有我照应。",13,王淑英：正旦,0.9,,
pdf_01000000__01005010___9c2a4af4c4,御碑亭,01000000,1000000,《戏考》,《戏考》（1000000）,01005010,御碑亭,pdf_01000000__01005010___9c2a4af4c4__char__43db383770,孟德禄,,丑,丑,男,青年,孟家仆人,机灵；油滑；热心；爱耍小聪明,传话；接人；装病,口语化；诙谐；夸张,功能性角色,17,2；4；9；10,4,0.2789,"孟德禄（西皮原板）才离了孟家庄不多路远,不觉得又到了姑爷家门。 孟德禄（白）员外、安人,说清明佳节,叫我来接你回去,上坟祭祖。 孟德禄（白）哦,是了。吓哎吓,肚子疼死我也。",15,孟德禄：丑,0.9,,
pdf_01000000__01005010___9c2a4af4c4,御碑亭,01000000,1000000,《戏考》,《戏考》（1000000）,01005010,御碑亭,pdf_01000000__01005010___9c2a4af4c4__char__ea8a072768,孟明时,,外,外,男,老年,孟月华之父,传统；重男轻女；多愁善感；固执,祭祖；抱怨无子；留女,感叹；絮叨；略带怨气,配角,17,4；7；10,3,0.2857,"孟明时（西皮原板）叹世人在阳间何必争论,看起来净都是黄土新坟。我二老无子嗣终身怨恨,幸得有孝顺女半子收成。 孟明时（白）吓,安人,想我孟明时,并无过恶,如何无子,将来百年之后,何人到坟前祭扫?",17,孟明时：外,0.9,,
pdf_01000000__01005010___9c2a4af4c4,御碑亭,01000000,1000000,《戏考》,《戏考》（1000000）,01005010,御碑亭,pdf_01000000__01005010___9c2a4af4c4__char__0104a3054d,孟夫人,,老旦,老旦,女,老年,孟月华之母,慈爱；明理；护女；温和,劝慰丈夫；留女；关心女儿,温和；劝解；略带无奈,配角,20,4；7,2,0.2789,"孟夫人（白）员外每缝祭祖回来,就有许多浮话,难道女婿不是亲人么?我二老去世,女儿、女婿,岂无祭物前来祭扫,何必犹虑呢。 孟夫人（白）儿吓,你到底为何而来?",19,孟夫人：老旦,0.9,,
pdf_01000000__01005010___9c2a4af4c4,御碑亭,01000000,1000000,《戏考》,《戏考》（1000000）,01005010,御碑亭,pdf_01000000__01005010___9c2a4af4c4__char__f2ded23f34,申嵩,,老生,老生,男,老年,主考官,公正；爱才；严谨；重视德行,阅卷；问话；提拔后进,官腔；文雅；严肃,功能性角色,31,1；6；8,3,0.4218,"申嵩（引子）君正臣贤,享太平,盛世丰年。 申嵩（白）吩咐众举交卷。 申嵩（白）“正是文章千古事,得失寸心知。趋异而品亦分,惟争于所求焉。”",21,申嵩：老生,0.9,,
pdf_01000000__01005010___9c2a4af4c4,御碑亭,01000000,1000000,《戏考》,《戏考》（1000000）,01005010,御碑亭,pdf_01000000__01005010___9c2a4af4c4__char__c6a25b69fe,进士甲,,末,末,男,中年,新科进士,文雅；得意,吟诗；赴宴,文言；庄重,功能性角色,1,8,1,0.0136,进士甲（念）新沐洪恩赋上林。,23,进士甲：末,0.8,,
pdf_01000000__01005010___9c2a4af4c4,御碑亭,01000000,1000000,《戏考》,《戏考》（1000000）,01005010,御碑亭,pdf_01000000__01005010___9c2a4af4c4__char__e3ac58e334,进士乙,,老生,老生,男,中年,新科进士,文雅；得意,吟诗；赴宴,文言；庄重,功能性角色,0,,0,0.0,进士乙（念）……（与进士甲同场，身份相似）,25,进士乙：老生,0.7,,
pdf_01000000__01005011___ce48065512,回荆州,01000000,1000000,《戏考》,《戏考》（1000000）,01005011,回荆州,pdf_01000000__01005011___ce48065512__char__d094123d43,刘备,玄德；皇叔,老生,老生,未知,偏老/中老年,未知,[],[],[],,40,1；2；5；6；8；12；15,7,0.9621,刘备：老生,7,刘备：老生,0.3,No JSON object found in LLM response,
pdf_01000000__01005011___ce48065512,回荆州,01000000,1000000,《戏考》,《戏考》（1000000）,01005011,回荆州,pdf_01000000__01005011___ce48065512__char__a6db6ffa1c,孙尚香,,正旦,正旦,未知,未知,未知,[],[],[],,40,1；2；5；6；8；12；15,7,1.0,孙尚香：正旦,9,孙尚香：正旦,0.3,No JSON object found in LLM response,
pdf_01000000__01005011___ce48065512,回荆州,01000000,1000000,《戏考》,《戏考》（1000000）,01005011,回荆州,pdf_01000000__01005011___ce48065512__char__539a8f3d2a,赵云,子龙；赵子龙,武生,武生,未知,未知,未知,['勇武刚烈'],[],[],,25,2；5；6；8；12；15,6,0.6212,赵云：武生,11,赵云：武生,0.3,No JSON object found in LLM response,
pdf_01000000__01005011___ce48065512,回荆州,01000000,1000000,《戏考》,《戏考》（1000000）,01005011,回荆州,pdf_01000000__01005011___ce48065512__char__16b311e0b6,周瑜,,小生,小生,男,偏少/少年,未知,[],[],[],,15,2；10；13；14,4,0.4697,周瑜：小生,13,周瑜：小生,0.3,No JSON object found in LLM response,
pdf_01000000__01005011___ce48065512,回荆州,01000000,1000000,《戏考》,《戏考》（1000000）,01005011,回荆州,pdf_01000000__01005011___ce48065512__char__d2c4b240f0,张飞,翼德,净,净,未知,未知,未知,[],[],[],,21,3；14；15,3,0.3939,张飞：净,15,张飞：净,0.3,No JSON object found in LLM response,
pdf_01000000__01005011___ce48065512,回荆州,01000000,1000000,《戏考》,《戏考》（1000000）,01005011,回荆州,pdf_01000000__01005011___ce48065512__char__3630d553f6,诸葛亮,孔明；诸葛；诸葛孔明,老生,老生,未知,偏老/中老年,未知,[],[],[],,17,3；11；12；14；15,5,0.5,诸葛亮：老生,17,诸葛亮：老生,0.3,No JSON object found in LLM response,
pdf_01000000__01005012___3a15b05878,海潮珠,01000000,1000000,《戏考》,《戏考》（1000000）,01005012,海潮珠,pdf_01000000__01005012___3a15b05878__char__0fd66493c8,崔杼,,老生,老生,男,中年,齐国大夫，武将,多疑；狠辣；隐忍；善谋,假病试探；持剑追杀；设计陷害,唱词多西皮板式；语气时而温和时而暴戾；善用反问和设局,主角,35,1；4；5；6,4,1.0,"崔杼（唱）有崔子回府来明察暗访,狗贱人安下了害我的心肠。行几步来至在府门以外,(家院暗上。) 崔杼（白）家院。 崔杼（白）退下。 崔杼（唱）叫家院近前来细听端详:进府去对夫人把话言讲,你就说我老爷得病回乡。 崔杼（白）哇吓...... 崔杼（白）夫妻们坐床前叙叙家常:可恨那狗番奴发来兵将,他要夺我主爷锦绣封疆。我主爷差为夫前去打仗,到夜晚困至在牛皮帐房。卸金盔换金甲风冒身上,得下了冤孽病不能久长。 崔杼（西皮摇板）有崔子在二堂用目观望,狗贱人到花园前去降香。我这里手使剑忙赶上,追杀贱人走一场。 崔杼（西皮摇板）假意儿跌倒在流平地上, 崔杼（白）你搀我来。 崔杼（白）哦哦。 崔杼（白）哦哦。 崔杼（白）你不能。 崔杼（白）你不能。 崔杼（白）为臣身有重病,不能迎接大王。",7,崔杼：老生,0.95,,
pdf_01000000__01005012___3a15b05878,海潮珠,01000000,1000000,《戏考》,《戏考》（1000000）,01005012,海潮珠,pdf_01000000__01005012___3a15b05878__char__0cb0a943f9,棠姜,,花旦,花旦,女,青年,崔杼之妻，齐国夫人,温顺；天真；易受骗；重情,降香祈福；信以为真；主动请缨迎王,唱词多慢板；语气柔和；多用疑问和感叹,主角,27,1；4；5,3,0.7753,"棠姜（内西皮导板）忽听得家院一声请,(棠姜上。) 棠姜（西皮慢板）但不知他请我所为何情?将身儿来至在二堂以上,问家院你请我所为何情? 棠姜（白）哦! 棠姜（哭）问老爷你得的什么病情? 棠姜（白）罢了,夫人。 棠姜（白）哦哦。 棠姜（白）你自己起来吧。 棠姜（白）为你可就累死我了。 棠姜（白）哎,老爷若是亡故,撇下为妻,倚靠何人? 棠姜（白）倘若老爷死后,为妻与你守节立志。 棠姜（白）我一定。 棠姜（白）老爷身有病症,不能迎接大王。为妻倒也迎得。 棠姜（白）为妻受过三次诰封,可以迎得。 棠姜（白）迎得。",9,棠姜：花旦,0.95,,
pdf_01000000__01005012___3a15b05878,海潮珠,01000000,1000000,《戏考》,《戏考》（1000000）,01005012,海潮珠,pdf_01000000__01005012___3a15b05878__char__b7d8f33666,齐王,,丑,丑,男,中年,齐国君主,昏庸；好色；轻信；滑稽,听信谗言；摆驾探病；调戏棠姜,唱词少而白口多；语气轻浮；多用口语和插科打诨,配角,19,3；4,2,0.6854,"<table><tr><td colspan=""2"">(四龙套同上,齐王、太监同上。)</td></tr><tr><td>齐王 (唱)</td><td>有孤王登基来风调雨顺,全凭着文共武保定乾坤。内侍臣摆着驾九龙口进,</td></tr></table> 齐王（白）卿家平身。 齐王（白）赐坐。 齐王（白）卿家上殿,有何本奏? 齐王（白）着吓,无故回朝,理当问斩。 齐王（白）着吓,他假意得病。 齐王（白）内侍摆驾。 齐王（白）却是为何? 齐王（白）不妨事,多带草纸。快快保驾来。 齐王（唱）细看分明。 （齐王、太监、大夫、四龙套同上。） 齐王（唱）内侍进府去传禀,就说孤王驾来临。 齐王（白）为何? 齐王（白）去去去!",11,齐王：丑,0.9,,
pdf_01000000__01005012___3a15b05878,海潮珠,01000000,1000000,《戏考》,《戏考》（1000000）,01005012,海潮珠,pdf_01000000__01005012___3a15b05878__char__20b74380ff,太监,,丑,丑,男,中年,齐王贴身太监,谄媚；多嘴；胆小；滑稽,进谗言；告假逃避；随王探病,白口为主；语气油滑；多用插科打诨和夸张,功能性角色,8,3；4；6,3,0.3034,"<table><tr><td colspan=""2"">(四龙套同上,齐王、太监同上。)</td></tr><tr><td>齐王 (唱)</td><td>有孤王登基来风调雨顺,全凭着文共武保定乾坤。内侍臣摆着驾九龙口进,</td></tr></table> 太监（白）哎,大王,崔子无故回朝,理当问斩。 太监（白）假意得病。 太监（白）为臣告假。 太监（白）臣常要拉稀。 太监（白）哽哼! （齐王、太监、大夫、四龙套同上。） 太监（白）我也去。 （大夫、太监同下。） （大夫、太监同上。） 太监（白）这是什么花？ 太监（白）为何不抬头？ （崔杼杀太监，太监下。）",13,太监：丑,0.9,,
