doc_id,doc_title,collection_dir,collection_code,collection_name,collection_label,work_code,work_title_hint,character,char_id,degree,weighted_degree,degree_centrality,strength_centrality,derived_by
pdf_01000000__01001001___b0ac065467,空城计,01000000,1000000,《戏考》,《戏考》（1000000）,01001001,空城计,司马懿,pdf_01000000__01001001___b0ac065467__char__e9c71dfd96,15,58,1.0,1.0,relations_aggregated
pdf_01000000__01001001___b0ac065467,空城计,01000000,1000000,《戏考》,《戏考》（1000000）,01001001,空城计,诸葛亮,pdf_01000000__01001001___b0ac065467__char__5edf330a7c,13,54,0.8667,0.931,relations_aggregated
pdf_01000000__01001001___b0ac065467,空城计,01000000,1000000,《戏考》,《戏考》（1000000）,01001001,空城计,龙套,pdf_01000000__01001001___b0ac065467__char__25554deeec,9,28,0.6,0.4828,relations_aggregated
pdf_01000000__01001001___b0ac065467,空城计,01000000,1000000,《戏考》,《戏考》（1000000）,01001001,空城计,赵云,pdf_01000000__01001001___b0ac065467__char__44d28f079c,9,18,0.6,0.3103,relations_aggregated
pdf_01000000__01001001___b0ac065467,空城计,01000000,1000000,《戏考》,《戏考》（1000000）,01001001,空城计,司马昭,pdf_01000000__01001001___b0ac065467__char__a14a4026de,7,29,0.4667,0.5,relations_aggregated
pdf_01000000__01001001___b0ac065467,空城计,01000000,1000000,《戏考》,《戏考》（1000000）,01001001,空城计,司马师,pdf_01000000__01001001___b0ac065467__char__07d1623981,6,19,0.4,0.3276,relations_aggregated
pdf_01000000__01001001___b0ac065467,空城计,01000000,1000000,《戏考》,《戏考》（1000000）,01001001,空城计,报子,pdf_01000000__01001001___b0ac065467__char__b53e9bab9b,6,10,0.4,0.1724,relations_aggregated
pdf_01000000__01001001___b0ac065467,空城计,01000000,1000000,《戏考》,《戏考》（1000000）,01001001,空城计,旗牌,pdf_01000000__01001001___b0ac065467__char__32be7549a5,4,18,0.2667,0.3103,relations_aggregated
pdf_01000000__01001001___b0ac065467,空城计,01000000,1000000,《戏考》,《戏考》（1000000）,01001001,空城计,童儿,pdf_01000000__01001001___b0ac065467__char__359a379371,4,9,0.2667,0.1552,relations_aggregated
pdf_01000000__01001001___b0ac065467,空城计,01000000,1000000,《戏考》,《戏考》（1000000）,01001001,空城计,老军,pdf_01000000__01001001___b0ac065467__char__4564147e83,4,6,0.2667,0.1034,relations_aggregated
pdf_01000000__01001001___b0ac065467,空城计,01000000,1000000,《戏考》,《戏考》（1000000）,01001001,空城计,众人,pdf_01000000__01001001___b0ac065467__char__e4a08b5743,4,4,0.2667,0.069,relations_aggregated
pdf_01000000__01001001___b0ac065467,空城计,01000000,1000000,《戏考》,《戏考》（1000000）,01001001,空城计,马谡,pdf_01000000__01001001___b0ac065467__char__29724e4ee6,1,1,0.0667,0.0172,relations_aggregated
pdf_01000000__01001002___575bd35247,洪羊洞,01000000,1000000,《戏考》,《戏考》（1000000）,01001002,洪羊洞,杨延昭,pdf_01000000__01001002___575bd35247__char__1de21143a8,17,97,1.0,1.0,relations_aggregated
pdf_01000000__01001002___575bd35247,洪羊洞,01000000,1000000,《戏考》,《戏考》（1000000）,01001002,洪羊洞,程宣,pdf_01000000__01001002___575bd35247__char__476397dea5,7,56,0.4118,0.5773,relations_aggregated
pdf_01000000__01001002___575bd35247,洪羊洞,01000000,1000000,《戏考》,《戏考》（1000000）,01001002,洪羊洞,孟良,pdf_01000000__01001002___575bd35247__char__5975f5da58,7,44,0.4118,0.4536,relations_aggregated
pdf_01000000__01001002___575bd35247,洪羊洞,01000000,1000000,《戏考》,《戏考》（1000000）,01001002,洪羊洞,家院,pdf_01000000__01001002___575bd35247__char__455f837782,7,17,0.4118,0.1753,relations_aggregated
pdf_01000000__01001002___575bd35247,洪羊洞,01000000,1000000,《戏考》,《戏考》（1000000）,01001002,洪羊洞,焦赞,pdf_01000000__01001002___575bd35247__char__d3044dc191,7,19,0.4118,0.1959,relations_aggregated
pdf_01000000__01001002___575bd35247,洪羊洞,01000000,1000000,《戏考》,《戏考》（1000000）,01001002,洪羊洞,赵德芳,pdf_01000000__01001002___575bd35247__char__5103c2b42c,6,21,0.3529,0.2165,relations_aggregated
pdf_01000000__01001002___575bd35247,洪羊洞,01000000,1000000,《戏考》,《戏考》（1000000）,01001002,洪羊洞,佘太君,pdf_01000000__01001002___575bd35247__char__885012435f,6,9,0.3529,0.0928,relations_aggregated
pdf_01000000__01001002___575bd35247,洪羊洞,01000000,1000000,《戏考》,《戏考》（1000000）,01001002,洪羊洞,杨宗保,pdf_01000000__01001002___575bd35247__char__106654b9cc,5,17,0.2941,0.1753,relations_aggregated
pdf_01000000__01001002___575bd35247,洪羊洞,01000000,1000000,《戏考》,《戏考》（1000000）,01001002,洪羊洞,柴夫人,pdf_01000000__01001002___575bd35247__char__8127ff05c7,5,10,0.2941,0.1031,relations_aggregated
pdf_01000000__01001002___575bd35247,洪羊洞,01000000,1000000,《戏考》,《戏考》（1000000）,01001002,洪羊洞,杨继业,pdf_01000000__01001002___575bd35247__char__3da10fe899,3,6,0.1765,0.0619,relations_aggregated
pdf_01000000__01001004___c0c4e6569b,乌盆计,01000000,1000000,《戏考》,《戏考》（1000000）,01001004,乌盆计【后本】,张别古,pdf_01000000__01001004___c0c4e6569b__char__5424b307bc,8,40,1.0,1.0,relations_aggregated
pdf_01000000__01001004___c0c4e6569b,乌盆计,01000000,1000000,《戏考》,《戏考》（1000000）,01001004,乌盆计【后本】,刘世昌,pdf_01000000__01001004___c0c4e6569b__char__3d58ac8562,5,23,0.625,0.575,relations_aggregated
pdf_01000000__01001004___c0c4e6569b,乌盆计,01000000,1000000,《戏考》,《戏考》（1000000）,01001004,乌盆计【后本】,包拯,pdf_01000000__01001004___c0c4e6569b__char__ebe18b18cb,5,16,0.625,0.4,relations_aggregated
pdf_01000000__01001004___c0c4e6569b,乌盆计,01000000,1000000,《戏考》,《戏考》（1000000）,01001004,乌盆计【后本】,二衙役,pdf_01000000__01001004___c0c4e6569b__char__5670318b96,4,9,0.5,0.225,relations_aggregated
pdf_01000000__01001004___c0c4e6569b,乌盆计,01000000,1000000,《戏考》,《戏考》（1000000）,01001004,乌盆计【后本】,赵大,pdf_01000000__01001004___c0c4e6569b__char__e8bcce398f,3,13,0.375,0.325,relations_aggregated
pdf_01000000__01001004___c0c4e6569b,乌盆计,01000000,1000000,《戏考》,《戏考》（1000000）,01001004,乌盆计【后本】,家人,pdf_01000000__01001004___c0c4e6569b__char__502c1de4b1,1,1,0.125,0.025,relations_aggregated
pdf_01000000__01001005___9cd2b8992a,打鼓骂曹,01000000,1000000,《戏考》,《戏考》（1000000）,01001005,打鼓骂曹,曹操,pdf_01000000__01001005___9cd2b8992a__char__84a1b18ff1,10,123,1.0,0.9389,relations_aggregated
pdf_01000000__01001005___9cd2b8992a,打鼓骂曹,01000000,1000000,《戏考》,《戏考》（1000000）,01001005,打鼓骂曹,祢衡,pdf_01000000__01001005___9cd2b8992a__char__2e5c496bad,10,131,1.0,1.0,relations_aggregated
pdf_01000000__01001005___9cd2b8992a,打鼓骂曹,01000000,1000000,《戏考》,《戏考》（1000000）,01001005,打鼓骂曹,四朝官,pdf_01000000__01001005___9cd2b8992a__char__4a0d402c3e,10,58,1.0,0.4427,relations_aggregated
pdf_01000000__01001005___9cd2b8992a,打鼓骂曹,01000000,1000000,《戏考》,《戏考》（1000000）,01001005,打鼓骂曹,张辽,pdf_01000000__01001005___9cd2b8992a__char__24bee3c180,8,30,0.8,0.229,relations_aggregated
pdf_01000000__01001005___9cd2b8992a,打鼓骂曹,01000000,1000000,《戏考》,《戏考》（1000000）,01001005,打鼓骂曹,孔融,pdf_01000000__01001005___9cd2b8992a__char__0de411d68a,6,24,0.6,0.1832,relations_aggregated
pdf_01000000__01001005___9cd2b8992a,打鼓骂曹,01000000,1000000,《戏考》,《戏考》（1000000）,01001005,打鼓骂曹,二旗牌,pdf_01000000__01001005___9cd2b8992a__char__c95b93cbf7,5,18,0.5,0.1374,relations_aggregated
pdf_01000000__01001005___9cd2b8992a,打鼓骂曹,01000000,1000000,《戏考》,《戏考》（1000000）,01001005,打鼓骂曹,朝官甲,pdf_01000000__01001005___9cd2b8992a__char__44892ccf91,4,5,0.4,0.0382,relations_aggregated
pdf_01000000__01001005___9cd2b8992a,打鼓骂曹,01000000,1000000,《戏考》,《戏考》（1000000）,01001005,打鼓骂曹,朝官丁,pdf_01000000__01001005___9cd2b8992a__char__ff0102ced8,2,2,0.2,0.0153,relations_aggregated
pdf_01000000__01001005___9cd2b8992a,打鼓骂曹,01000000,1000000,《戏考》,《戏考》（1000000）,01001005,打鼓骂曹,朝官丙,pdf_01000000__01001005___9cd2b8992a__char__2bb281326b,2,2,0.2,0.0153,relations_aggregated
pdf_01000000__01001005___9cd2b8992a,打鼓骂曹,01000000,1000000,《戏考》,《戏考》（1000000）,01001005,打鼓骂曹,朝官乙,pdf_01000000__01001005___9cd2b8992a__char__e04b80f89f,2,2,0.2,0.0153,relations_aggregated
pdf_01000000__01001005___9cd2b8992a,打鼓骂曹,01000000,1000000,《戏考》,《戏考》（1000000）,01001005,打鼓骂曹,众人,pdf_01000000__01001005___9cd2b8992a__char__4e8488f1f6,1,1,0.1,0.0076,relations_aggregated
pdf_01000000__01001006___06011d42c6,捉放曹,01000000,1000000,《戏考》,《戏考》（1000000）,01001006,捉放曹,陈宫,pdf_01000000__01001006___06011d42c6__char__a596384b04,11,37,1.0,0.9737,relations_aggregated
pdf_01000000__01001006___06011d42c6,捉放曹,01000000,1000000,《戏考》,《戏考》（1000000）,01001006,捉放曹,曹操,pdf_01000000__01001006___06011d42c6__char__9353441b83,10,38,0.9091,1.0,relations_aggregated
pdf_01000000__01001006___06011d42c6,捉放曹,01000000,1000000,《戏考》,《戏考》（1000000）,01001006,捉放曹,吕伯奢,pdf_01000000__01001006___06011d42c6__char__576ef3218a,6,17,0.5455,0.4474,relations_aggregated
pdf_01000000__01001006___06011d42c6,捉放曹,01000000,1000000,《戏考》,《戏考》（1000000）,01001006,捉放曹,班头甲,pdf_01000000__01001006___06011d42c6__char__4c2497874f,4,9,0.3636,0.2368,relations_aggregated
pdf_01000000__01001006___06011d42c6,捉放曹,01000000,1000000,《戏考》,《戏考》（1000000）,01001006,捉放曹,店家,pdf_01000000__01001006___06011d42c6__char__e82f0f124a,4,6,0.3636,0.1579,relations_aggregated
pdf_01000000__01001006___06011d42c6,捉放曹,01000000,1000000,《戏考》,《戏考》（1000000）,01001006,捉放曹,家人,pdf_01000000__01001006___06011d42c6__char__ff4fc9ad59,3,4,0.2727,0.1053,relations_aggregated
pdf_01000000__01001006___06011d42c6,捉放曹,01000000,1000000,《戏考》,《戏考》（1000000）,01001006,捉放曹,班头乙,pdf_01000000__01001006___06011d42c6__char__ab3d966417,2,3,0.1818,0.0789,relations_aggregated
pdf_01000000__01001006___06011d42c6,捉放曹,01000000,1000000,《戏考》,《戏考》（1000000）,01001006,捉放曹,童儿,pdf_01000000__01001006___06011d42c6__char__259bd10087,2,2,0.1818,0.0526,relations_aggregated
pdf_01000000__01001006___06011d42c6,捉放曹,01000000,1000000,《戏考》,《戏考》（1000000）,01001006,捉放曹,门子,pdf_01000000__01001006___06011d42c6__char__4a1a0168b0,2,2,0.1818,0.0526,relations_aggregated
pdf_01000000__01001007___1b262d262b,桑园寄子,01000000,1000000,《戏考》,《戏考》（1000000）,01001007,桑园寄子,邓伯道,pdf_01000000__01001007___1b262d262b__char__bed496359a,10,56,1.0,1.0,relations_aggregated
pdf_01000000__01001007___1b262d262b,桑园寄子,01000000,1000000,《戏考》,《戏考》（1000000）,01001007,桑园寄子,邓元,pdf_01000000__01001007___1b262d262b__char__08256df84e,7,31,0.7,0.5536,relations_aggregated
pdf_01000000__01001007___1b262d262b,桑园寄子,01000000,1000000,《戏考》,《戏考》（1000000）,01001007,桑园寄子,金氏,pdf_01000000__01001007___1b262d262b__char__c2b1d812f9,6,21,0.6,0.375,relations_aggregated
pdf_01000000__01001007___1b262d262b,桑园寄子,01000000,1000000,《戏考》,《戏考》（1000000）,01001007,桑园寄子,邓方,pdf_01000000__01001007___1b262d262b__char__a9019fb065,5,22,0.5,0.3929,relations_aggregated
pdf_01000000__01001007___1b262d262b,桑园寄子,01000000,1000000,《戏考》,《戏考》（1000000）,01001007,桑园寄子,二家院,pdf_01000000__01001007___1b262d262b__char__a47bbba7bb,5,13,0.5,0.2321,relations_aggregated
pdf_01000000__01001007___1b262d262b,桑园寄子,01000000,1000000,《戏考》,《戏考》（1000000）,01001007,桑园寄子,众家丁,pdf_01000000__01001007___1b262d262b__char__92df934281,3,3,0.3,0.0536,relations_aggregated
pdf_01000000__01001007___1b262d262b,桑园寄子,01000000,1000000,《戏考》,《戏考》（1000000）,01001007,桑园寄子,家人,pdf_01000000__01001007___1b262d262b__char__f30cae50eb,2,2,0.2,0.0357,relations_aggregated
pdf_01000000__01001007___1b262d262b,桑园寄子,01000000,1000000,《戏考》,《戏考》（1000000）,01001007,桑园寄子,番王,pdf_01000000__01001007___1b262d262b__char__44993acbdf,1,1,0.1,0.0179,relations_aggregated
pdf_01000000__01001007___1b262d262b,桑园寄子,01000000,1000000,《戏考》,《戏考》（1000000）,01001007,桑园寄子,巴都鲁,pdf_01000000__01001007___1b262d262b__char__e27dc107aa,1,1,0.1,0.0179,relations_aggregated
pdf_01000000__01001008___4e2bf00560,取成都,01000000,1000000,《戏考》,《戏考》（1000000）,01001008,取成都,刘璋,pdf_01000000__01001008___4e2bf00560__char__4e09592d11,20,135,1.0,1.0,relations_aggregated
pdf_01000000__01001008___4e2bf00560,取成都,01000000,1000000,《戏考》,《戏考》（1000000）,01001008,取成都,刘备,pdf_01000000__01001008___4e2bf00560__char__fd35540fd1,11,62,0.55,0.4593,relations_aggregated
pdf_01000000__01001008___4e2bf00560,取成都,01000000,1000000,《戏考》,《戏考》（1000000）,01001008,取成都,马超,pdf_01000000__01001008___4e2bf00560__char__bbd54af94f,8,31,0.4,0.2296,relations_aggregated
pdf_01000000__01001008___4e2bf00560,取成都,01000000,1000000,《戏考》,《戏考》（1000000）,01001008,取成都,刘玉,pdf_01000000__01001008___4e2bf00560__char__ec3794f24a,7,37,0.35,0.2741,relations_aggregated
pdf_01000000__01001008___4e2bf00560,取成都,01000000,1000000,《戏考》,《戏考》（1000000）,01001008,取成都,王累,pdf_01000000__01001008___4e2bf00560__char__594ba1fde9,7,34,0.35,0.2519,relations_aggregated
pdf_01000000__01001008___4e2bf00560,取成都,01000000,1000000,《戏考》,《戏考》（1000000）,01001008,取成都,诸葛亮,pdf_01000000__01001008___4e2bf00560__char__9dffb49a33,6,28,0.3,0.2074,relations_aggregated
pdf_01000000__01001008___4e2bf00560,取成都,01000000,1000000,《戏考》,《戏考》（1000000）,01001008,取成都,龙套,pdf_01000000__01001008___4e2bf00560__char__bbc944af3a,6,8,0.3,0.0593,relations_aggregated
pdf_01000000__01001008___4e2bf00560,取成都,01000000,1000000,《戏考》,《戏考》（1000000）,01001008,取成都,严颜,pdf_01000000__01001008___4e2bf00560__char__94c98e0d04,3,11,0.15,0.0815,relations_aggregated
pdf_01000000__01001008___4e2bf00560,取成都,01000000,1000000,《戏考》,《戏考》（1000000）,01001008,取成都,赵云,pdf_01000000__01001008___4e2bf00560__char__466355ccab,3,5,0.15,0.037,relations_aggregated
pdf_01000000__01001008___4e2bf00560,取成都,01000000,1000000,《戏考》,《戏考》（1000000）,01001008,取成都,魏延,pdf_01000000__01001008___4e2bf00560__char__045d81a896,3,5,0.15,0.037,relations_aggregated
pdf_01000000__01001008___4e2bf00560,取成都,01000000,1000000,《戏考》,《戏考》（1000000）,01001008,取成都,黄忠,pdf_01000000__01001008___4e2bf00560__char__f1b9e8cdbe,3,5,0.15,0.037,relations_aggregated
pdf_01000000__01001008___4e2bf00560,取成都,01000000,1000000,《戏考》,《戏考》（1000000）,01001008,取成都,探子,pdf_01000000__01001008___4e2bf00560__char__7fa69b9758,3,3,0.15,0.0222,relations_aggregated
pdf_01000000__01001008___4e2bf00560,取成都,01000000,1000000,《戏考》,《戏考》（1000000）,01001008,取成都,众人,pdf_01000000__01001008___4e2bf00560__char__ba9af9fcbb,2,2,0.1,0.0148,relations_aggregated
pdf_01000000__01001009___abd1be1808,硃砂痣,01000000,1000000,《戏考》,《戏考》（1000000）,01001009,硃砂痣,韩廷凤,pdf_01000000__01001009___abd1be1808__char__b93c80f8b9,12,53,1.0,1.0,relations_aggregated
pdf_01000000__01001009___abd1be1808,硃砂痣,01000000,1000000,《戏考》,《戏考》（1000000）,01001009,硃砂痣,吴惠泉,pdf_01000000__01001009___abd1be1808__char__b4e53a2881,10,42,0.8333,0.7925,relations_aggregated
pdf_01000000__01001009___abd1be1808,硃砂痣,01000000,1000000,《戏考》,《戏考》（1000000）,01001009,硃砂痣,韩遇运,pdf_01000000__01001009___abd1be1808__char__c1f921796e,6,28,0.5,0.5283,relations_aggregated
pdf_01000000__01001009___abd1be1808,硃砂痣,01000000,1000000,《戏考》,《戏考》（1000000）,01001009,硃砂痣,江氏,pdf_01000000__01001009___abd1be1808__char__a0a381e6a8,6,21,0.5,0.3962,relations_aggregated
pdf_01000000__01001009___abd1be1808,硃砂痣,01000000,1000000,《戏考》,《戏考》（1000000）,01001009,硃砂痣,家院,pdf_01000000__01001009___abd1be1808__char__ce47b2fd7a,6,8,0.5,0.1509,relations_aggregated
pdf_01000000__01001009___abd1be1808,硃砂痣,01000000,1000000,《戏考》,《戏考》（1000000）,01001009,硃砂痣,金氏,pdf_01000000__01001009___abd1be1808__char__73bf017916,4,18,0.3333,0.3396,relations_aggregated
pdf_01000000__01001009___abd1be1808,硃砂痣,01000000,1000000,《戏考》,《戏考》（1000000）,01001009,硃砂痣,丫鬟,pdf_01000000__01001009___abd1be1808__char__0e76207abc,2,2,0.1667,0.0377,relations_aggregated
pdf_01000000__01001009___abd1be1808,硃砂痣,01000000,1000000,《戏考》,《戏考》（1000000）,01001009,硃砂痣,媒婆,pdf_01000000__01001009___abd1be1808__char__8879b74b6c,2,2,0.1667,0.0377,relations_aggregated
pdf_01000000__01001010___86bc12e35b,黄金台,01000000,1000000,《戏考》,《戏考》（1000000）,01001010,黄金台,田单,pdf_01000000__01001010___86bc12e35b__char__fe7c70a614,10,51,1.0,1.0,relations_aggregated
pdf_01000000__01001010___86bc12e35b,黄金台,01000000,1000000,《戏考》,《戏考》（1000000）,01001010,黄金台,伊立,pdf_01000000__01001010___86bc12e35b__char__94bd019a29,8,34,0.8,0.6667,relations_aggregated
pdf_01000000__01001010___86bc12e35b,黄金台,01000000,1000000,《戏考》,《戏考》（1000000）,01001010,黄金台,田法章,pdf_01000000__01001010___86bc12e35b__char__984a448e54,6,31,0.6,0.6078,relations_aggregated
pdf_01000000__01001010___86bc12e35b,黄金台,01000000,1000000,《戏考》,《戏考》（1000000）,01001010,黄金台,乳娘,pdf_01000000__01001010___86bc12e35b__char__22dd1b86ee,6,19,0.6,0.3725,relations_aggregated
pdf_01000000__01001010___86bc12e35b,黄金台,01000000,1000000,《戏考》,《戏考》（1000000）,01001010,黄金台,二衙役,pdf_01000000__01001010___86bc12e35b__char__9b2d57f271,3,7,0.3,0.1373,relations_aggregated
pdf_01000000__01001010___86bc12e35b,黄金台,01000000,1000000,《戏考》,《戏考》（1000000）,01001010,黄金台,四校尉,pdf_01000000__01001010___86bc12e35b__char__5b35f948cb,2,3,0.2,0.0588,relations_aggregated
pdf_01000000__01001010___86bc12e35b,黄金台,01000000,1000000,《戏考》,《戏考》（1000000）,01001010,黄金台,家院,pdf_01000000__01001010___86bc12e35b__char__ee14a52174,2,4,0.2,0.0784,relations_aggregated
pdf_01000000__01001010___86bc12e35b,黄金台,01000000,1000000,《戏考》,《戏考》（1000000）,01001010,黄金台,衙役甲,pdf_01000000__01001010___86bc12e35b__char__79ec311ca9,2,3,0.2,0.0588,relations_aggregated
pdf_01000000__01001010___86bc12e35b,黄金台,01000000,1000000,《戏考》,《戏考》（1000000）,01001010,黄金台,衙役乙,pdf_01000000__01001010___86bc12e35b__char__e08c12ae46,1,2,0.1,0.0392,relations_aggregated
pdf_01000000__01001011___b32a64375f,文昭关,01000000,1000000,《戏考》,《戏考》（1000000）,01001011,文昭关,东皋公,pdf_01000000__01001011___b32a64375f__char__73b4f3469d,10,47,1.0,1.0,relations_aggregated
pdf_01000000__01001011___b32a64375f,文昭关,01000000,1000000,《戏考》,《戏考》（1000000）,01001011,文昭关,皇甫讷,pdf_01000000__01001011___b32a64375f__char__f030df69b8,9,33,0.9,0.7021,relations_aggregated
pdf_01000000__01001011___b32a64375f,文昭关,01000000,1000000,《戏考》,《戏考》（1000000）,01001011,文昭关,米南适,pdf_01000000__01001011___b32a64375f__char__768b0d2c53,6,24,0.6,0.5106,relations_aggregated
pdf_01000000__01001011___b32a64375f,文昭关,01000000,1000000,《戏考》,《戏考》（1000000）,01001011,文昭关,四青袍,pdf_01000000__01001011___b32a64375f__char__0a5ae5d0c0,6,11,0.6,0.234,relations_aggregated
pdf_01000000__01001011___b32a64375f,文昭关,01000000,1000000,《戏考》,《戏考》（1000000）,01001011,文昭关,伍员,pdf_01000000__01001011___b32a64375f__char__5835435b22,5,26,0.5,0.5532,relations_aggregated
pdf_01000000__01001011___b32a64375f,文昭关,01000000,1000000,《戏考》,《戏考》（1000000）,01001011,文昭关,童儿,pdf_01000000__01001011___b32a64375f__char__30fb62994b,4,7,0.4,0.1489,relations_aggregated
pdf_01000000__01001012___3dcca783f4,黄鹤楼,01000000,1000000,《戏考》,《戏考》（1000000）,01001012,黄鹤楼,刘备,pdf_01000000__01001012___3dcca783f4__char__5b525fe809,14,132,1.0,1.0,relations_aggregated
pdf_01000000__01001012___3dcca783f4,黄鹤楼,01000000,1000000,《戏考》,《戏考》（1000000）,01001012,黄鹤楼,周瑜,pdf_01000000__01001012___3dcca783f4__char__2149bd761d,11,123,0.7857,0.9318,relations_aggregated
pdf_01000000__01001012___3dcca783f4,黄鹤楼,01000000,1000000,《戏考》,《戏考》（1000000）,01001012,黄鹤楼,赵云,pdf_01000000__01001012___3dcca783f4__char__b442522959,11,67,0.7857,0.5076,relations_aggregated
pdf_01000000__01001012___3dcca783f4,黄鹤楼,01000000,1000000,《戏考》,《戏考》（1000000）,01001012,黄鹤楼,诸葛亮,pdf_01000000__01001012___3dcca783f4__char__b788173f9c,10,67,0.7143,0.5076,relations_aggregated
pdf_01000000__01001012___3dcca783f4,黄鹤楼,01000000,1000000,《戏考》,《戏考》（1000000）,01001012,黄鹤楼,鲁肃,pdf_01000000__01001012___3dcca783f4__char__e9a3da3728,6,31,0.4286,0.2348,relations_aggregated
pdf_01000000__01001012___3dcca783f4,黄鹤楼,01000000,1000000,《戏考》,《戏考》（1000000）,01001012,黄鹤楼,甘宁,pdf_01000000__01001012___3dcca783f4__char__f3c917767b,5,15,0.3571,0.1136,relations_aggregated
pdf_01000000__01001012___3dcca783f4,黄鹤楼,01000000,1000000,《戏考》,《戏考》（1000000）,01001012,黄鹤楼,龙套,pdf_01000000__01001012___3dcca783f4__char__43e2704254,5,10,0.3571,0.0758,relations_aggregated
pdf_01000000__01001012___3dcca783f4,黄鹤楼,01000000,1000000,《戏考》,《戏考》（1000000）,01001012,黄鹤楼,刘封,pdf_01000000__01001012___3dcca783f4__char__1119721920,3,6,0.2143,0.0455,relations_aggregated
pdf_01000000__01001012___3dcca783f4,黄鹤楼,01000000,1000000,《戏考》,《戏考》（1000000）,01001012,黄鹤楼,四红龙套,pdf_01000000__01001012___3dcca783f4__char__a7002a5db3,3,4,0.2143,0.0303,relations_aggregated
pdf_01000000__01001012___3dcca783f4,黄鹤楼,01000000,1000000,《戏考》,《戏考》（1000000）,01001012,黄鹤楼,张飞,pdf_01000000__01001012___3dcca783f4__char__4968ffc02e,2,19,0.1429,0.1439,relations_aggregated
pdf_01000000__01001013___2ec29dd171,天水关,01000000,1000000,《戏考》,《戏考》（1000000）,01001013,天水关,诸葛亮,pdf_01000000__01001013___2ec29dd171__char__3c415c8253,17,73,1.0,1.0,relations_aggregated
pdf_01000000__01001013___2ec29dd171,天水关,01000000,1000000,《戏考》,《戏考》（1000000）,01001013,天水关,姜维,pdf_01000000__01001013___2ec29dd171__char__c6acf119f7,14,68,0.8235,0.9315,relations_aggregated
pdf_01000000__01001013___2ec29dd171,天水关,01000000,1000000,《戏考》,《戏考》（1000000）,01001013,天水关,赵云,pdf_01000000__01001013___2ec29dd171__char__624eae5d34,11,31,0.6471,0.4247,relations_aggregated
pdf_01000000__01001013___2ec29dd171,天水关,01000000,1000000,《戏考》,《戏考》（1000000）,01001013,天水关,魏延,pdf_01000000__01001013___2ec29dd171__char__800db0ccc5,10,26,0.5882,0.3562,relations_aggregated
pdf_01000000__01001013___2ec29dd171,天水关,01000000,1000000,《戏考》,《戏考》（1000000）,01001013,天水关,张苞,pdf_01000000__01001013___2ec29dd171__char__d1322a2c4b,9,23,0.5294,0.3151,relations_aggregated
pdf_01000000__01001013___2ec29dd171,天水关,01000000,1000000,《戏考》,《戏考》（1000000）,01001013,天水关,马遵,pdf_01000000__01001013___2ec29dd171__char__eaff73be93,6,29,0.3529,0.3973,relations_aggregated
pdf_01000000__01001013___2ec29dd171,天水关,01000000,1000000,《戏考》,《戏考》（1000000）,01001013,天水关,马岱,pdf_01000000__01001013___2ec29dd171__char__8da3646268,6,15,0.3529,0.2055,relations_aggregated
pdf_01000000__01001013___2ec29dd171,天水关,01000000,1000000,《戏考》,《戏考》（1000000）,01001013,天水关,刘禅,pdf_01000000__01001013___2ec29dd171__char__ace5cdd341,5,28,0.2941,0.3836,relations_aggregated
pdf_01000000__01001013___2ec29dd171,天水关,01000000,1000000,《戏考》,《戏考》（1000000）,01001013,天水关,关兴,pdf_01000000__01001013___2ec29dd171__char__de5f22b6a8,5,15,0.2941,0.2055,relations_aggregated
pdf_01000000__01001013___2ec29dd171,天水关,01000000,1000000,《戏考》,《戏考》（1000000）,01001013,天水关,报子,pdf_01000000__01001013___2ec29dd171__char__5f5102bccc,3,4,0.1765,0.0548,relations_aggregated
pdf_01000000__01001013___2ec29dd171,天水关,01000000,1000000,《戏考》,《戏考》（1000000）,01001013,天水关,四绿龙套,pdf_01000000__01001013___2ec29dd171__char__075a1d1bc2,2,8,0.1176,0.1096,relations_aggregated
pdf_01000000__01001013___2ec29dd171,天水关,01000000,1000000,《戏考》,《戏考》（1000000）,01001013,天水关,龙套,pdf_01000000__01001013___2ec29dd171__char__99a3217b90,2,6,0.1176,0.0822,relations_aggregated
pdf_01000000__01001013___2ec29dd171,天水关,01000000,1000000,《戏考》,《戏考》（1000000）,01001013,天水关,内侍,pdf_01000000__01001013___2ec29dd171__char__8b29b2dc01,2,2,0.1176,0.0274,relations_aggregated
pdf_01000000__01001013___2ec29dd171,天水关,01000000,1000000,《戏考》,《戏考》（1000000）,01001013,天水关,四红龙套,pdf_01000000__01001013___2ec29dd171__char__851149dbff,2,2,0.1176,0.0274,relations_aggregated
pdf_01000000__01001013___2ec29dd171,天水关,01000000,1000000,《戏考》,《戏考》（1000000）,01001013,天水关,太监,pdf_01000000__01001013___2ec29dd171__char__f17251fa51,2,2,0.1176,0.0274,relations_aggregated
pdf_01000000__01001014___552f523069,七星灯,01000000,1000000,《戏考》,《戏考》（1000000）,01001014,七星灯,诸葛亮,pdf_01000000__01001014___552f523069__char__b3429857e0,16,79,1.0,1.0,relations_aggregated
pdf_01000000__01001014___552f523069,七星灯,01000000,1000000,《戏考》,《戏考》（1000000）,01001014,七星灯,司马懿,pdf_01000000__01001014___552f523069__char__068a1b5735,8,21,0.5,0.2658,relations_aggregated
pdf_01000000__01001014___552f523069,七星灯,01000000,1000000,《戏考》,《戏考》（1000000）,01001014,七星灯,姜维,pdf_01000000__01001014___552f523069__char__4f10f1f0c4,7,32,0.4375,0.4051,relations_aggregated
pdf_01000000__01001014___552f523069,七星灯,01000000,1000000,《戏考》,《戏考》（1000000）,01001014,七星灯,魏延,pdf_01000000__01001014___552f523069__char__6bfcddf41d,4,17,0.25,0.2152,relations_aggregated
pdf_01000000__01001014___552f523069,七星灯,01000000,1000000,《戏考》,《戏考》（1000000）,01001014,七星灯,李福,pdf_01000000__01001014___552f523069__char__4a525a4b65,3,16,0.1875,0.2025,relations_aggregated
pdf_01000000__01001014___552f523069,七星灯,01000000,1000000,《戏考》,《戏考》（1000000）,01001014,七星灯,王平,pdf_01000000__01001014___552f523069__char__f94b0efe4b,3,11,0.1875,0.1392,relations_aggregated
pdf_01000000__01001014___552f523069,七星灯,01000000,1000000,《戏考》,《戏考》（1000000）,01001014,七星灯,旗牌,pdf_01000000__01001014___552f523069__char__b61d1ee3c7,2,9,0.125,0.1139,relations_aggregated
pdf_01000000__01001014___552f523069,七星灯,01000000,1000000,《戏考》,《戏考》（1000000）,01001014,七星灯,杨仪,pdf_01000000__01001014___552f523069__char__33d81d62d3,2,7,0.125,0.0886,relations_aggregated
pdf_01000000__01001014___552f523069,七星灯,01000000,1000000,《戏考》,《戏考》（1000000）,01001014,七星灯,马岱,pdf_01000000__01001014___552f523069__char__738dbf60d4,2,7,0.125,0.0886,relations_aggregated
pdf_01000000__01001014___552f523069,七星灯,01000000,1000000,《戏考》,《戏考》（1000000）,01001014,七星灯,众将,pdf_01000000__01001014___552f523069__char__ff4a094e40,1,2,0.0625,0.0253,relations_aggregated
pdf_01000000__01001014___552f523069,七星灯,01000000,1000000,《戏考》,《戏考》（1000000）,01001014,七星灯,报子,pdf_01000000__01001014___552f523069__char__44d515bd96,1,2,0.0625,0.0253,relations_aggregated
pdf_01000000__01001014___552f523069,七星灯,01000000,1000000,《戏考》,《戏考》（1000000）,01001014,七星灯,龙套,pdf_01000000__01001014___552f523069__char__955a684e9d,1,1,0.0625,0.0127,relations_aggregated
pdf_01000000__01001017___e46f29227d,清官册,01000000,1000000,《戏考》,《戏考》（1000000）,01001017,清官册,寇准,pdf_01000000__01001017___e46f29227d__char__37f8688742,17,58,1.0,1.0,relations_aggregated
pdf_01000000__01001017___e46f29227d,清官册,01000000,1000000,《戏考》,《戏考》（1000000）,01001017,清官册,潘洪,pdf_01000000__01001017___e46f29227d__char__6a2c5e6f52,6,34,0.3529,0.5862,relations_aggregated
pdf_01000000__01001017___e46f29227d,清官册,01000000,1000000,《戏考》,《戏考》（1000000）,01001017,清官册,马牌子,pdf_01000000__01001017___e46f29227d__char__485fafb227,6,26,0.3529,0.4483,relations_aggregated
pdf_01000000__01001017___e46f29227d,清官册,01000000,1000000,《戏考》,《戏考》（1000000）,01001017,清官册,四青袍,pdf_01000000__01001017___e46f29227d__char__1616be4c5a,6,8,0.3529,0.1379,relations_aggregated
pdf_01000000__01001017___e46f29227d,清官册,01000000,1000000,《戏考》,《戏考》（1000000）,01001017,清官册,驿丞官,pdf_01000000__01001017___e46f29227d__char__8506dff17d,4,12,0.2353,0.2069,relations_aggregated
pdf_01000000__01001017___e46f29227d,清官册,01000000,1000000,《戏考》,《戏考》（1000000）,01001017,清官册,夫人,pdf_01000000__01001017___e46f29227d__char__fc2e01dd94,3,10,0.1765,0.1724,relations_aggregated
pdf_01000000__01001017___e46f29227d,清官册,01000000,1000000,《戏考》,《戏考》（1000000）,01001017,清官册,金牌官,pdf_01000000__01001017___e46f29227d__char__669d8ca275,3,4,0.1765,0.069,relations_aggregated
pdf_01000000__01001017___e46f29227d,清官册,01000000,1000000,《戏考》,《戏考》（1000000）,01001017,清官册,家院,pdf_01000000__01001017___e46f29227d__char__e98c13a85c,3,3,0.1765,0.0517,relations_aggregated
pdf_01000000__01001017___e46f29227d,清官册,01000000,1000000,《戏考》,《戏考》（1000000）,01001017,清官册,赵德芳,pdf_01000000__01001017___e46f29227d__char__14b947b4fe,2,9,0.1176,0.1552,relations_aggregated
pdf_01000000__01001017___e46f29227d,清官册,01000000,1000000,《戏考》,《戏考》（1000000）,01001017,清官册,太监,pdf_01000000__01001017___e46f29227d__char__72fc9ae99d,2,6,0.1176,0.1034,relations_aggregated
pdf_01000000__01001019___9ae2e889df,柴桑口,01000000,1000000,《戏考》,《戏考》（1000000）,01001019,柴桑口,诸葛亮,pdf_01000000__01001019___9ae2e889df__char__3e24ab56aa,12,53,1.0,1.0,relations_aggregated
pdf_01000000__01001019___9ae2e889df,柴桑口,01000000,1000000,《戏考》,《戏考》（1000000）,01001019,柴桑口,鲁肃,pdf_01000000__01001019___9ae2e889df__char__c9e08c542c,8,37,0.6667,0.6981,relations_aggregated
pdf_01000000__01001019___9ae2e889df,柴桑口,01000000,1000000,《戏考》,《戏考》（1000000）,01001019,柴桑口,周循,pdf_01000000__01001019___9ae2e889df__char__86d5bc44d0,5,25,0.4167,0.4717,relations_aggregated
pdf_01000000__01001019___9ae2e889df,柴桑口,01000000,1000000,《戏考》,《戏考》（1000000）,01001019,柴桑口,四吴将,pdf_01000000__01001019___9ae2e889df__char__a40c4a6293,3,9,0.25,0.1698,relations_aggregated
pdf_01000000__01001019___9ae2e889df,柴桑口,01000000,1000000,《戏考》,《戏考》（1000000）,01001019,柴桑口,龙套,pdf_01000000__01001019___9ae2e889df__char__62f623e44a,3,4,0.25,0.0755,relations_aggregated
pdf_01000000__01001019___9ae2e889df,柴桑口,01000000,1000000,《戏考》,《戏考》（1000000）,01001019,柴桑口,庞统,pdf_01000000__01001019___9ae2e889df__char__fafa60cedc,2,11,0.1667,0.2075,relations_aggregated
pdf_01000000__01001019___9ae2e889df,柴桑口,01000000,1000000,《戏考》,《戏考》（1000000）,01001019,柴桑口,张飞,pdf_01000000__01001019___9ae2e889df__char__0a6b69f222,2,4,0.1667,0.0755,relations_aggregated
pdf_01000000__01001019___9ae2e889df,柴桑口,01000000,1000000,《戏考》,《戏考》（1000000）,01001019,柴桑口,赵云,pdf_01000000__01001019___9ae2e889df__char__a2366cb26b,2,2,0.1667,0.0377,relations_aggregated
pdf_01000000__01001019___9ae2e889df,柴桑口,01000000,1000000,《戏考》,《戏考》（1000000）,01001019,柴桑口,周瑜,pdf_01000000__01001019___9ae2e889df__char__43ef6ff758,1,1,0.0833,0.0189,relations_aggregated
pdf_01000000__01001020___4ed03adea1,宋江闹院,01000000,1000000,《戏考》,《戏考》（1000000）,01001020,宋江闹院,宋江,pdf_01000000__01001020___4ed03adea1__char__6d76ac7bcd,6,27,1.0,0.7941,relations_aggregated
pdf_01000000__01001020___4ed03adea1,宋江闹院,01000000,1000000,《戏考》,《戏考》（1000000）,01001020,宋江闹院,张文远,pdf_01000000__01001020___4ed03adea1__char__b75d48c051,5,21,0.8333,0.6176,relations_aggregated
pdf_01000000__01001020___4ed03adea1,宋江闹院,01000000,1000000,《戏考》,《戏考》（1000000）,01001020,宋江闹院,阎惜姣,pdf_01000000__01001020___4ed03adea1__char__897332419a,4,34,0.6667,1.0,relations_aggregated
pdf_01000000__01001020___4ed03adea1,宋江闹院,01000000,1000000,《戏考》,《戏考》（1000000）,01001020,宋江闹院,众人,pdf_01000000__01001020___4ed03adea1__char__fd98c75ebe,3,4,0.5,0.1176,relations_aggregated
pdf_01000000__01002001___d30790f7a7,李陵碑,01000000,1000000,《戏考》,《戏考》（1000000）,01002001,李陵碑,杨继业,pdf_01000000__01002001___d30790f7a7__char__34724330da,7,27,1.0,1.0,relations_aggregated
pdf_01000000__01002001___d30790f7a7,李陵碑,01000000,1000000,《戏考》,《戏考》（1000000）,01002001,李陵碑,杨延昭,pdf_01000000__01002001___d30790f7a7__char__359f37dcab,4,20,0.5714,0.7407,relations_aggregated
pdf_01000000__01002001___d30790f7a7,李陵碑,01000000,1000000,《戏考》,《戏考》（1000000）,01002001,李陵碑,杨延嗣,pdf_01000000__01002001___d30790f7a7__char__179bfbd753,2,8,0.2857,0.2963,relations_aggregated
pdf_01000000__01002001___d30790f7a7,李陵碑,01000000,1000000,《戏考》,《戏考》（1000000）,01002001,李陵碑,耶律休,pdf_01000000__01002001___d30790f7a7__char__c0c2dfab3a,2,5,0.2857,0.1852,relations_aggregated
pdf_01000000__01002001___d30790f7a7,李陵碑,01000000,1000000,《戏考》,《戏考》（1000000）,01002001,李陵碑,探子,pdf_01000000__01002001___d30790f7a7__char__2e74883b3a,2,2,0.2857,0.0741,relations_aggregated
pdf_01000000__01002001___d30790f7a7,李陵碑,01000000,1000000,《戏考》,《戏考》（1000000）,01002001,李陵碑,四老军,pdf_01000000__01002001___d30790f7a7__char__4cb10e943d,1,2,0.1429,0.0741,relations_aggregated
pdf_01000000__01002003___ad1a817c3c,祭长江,01000000,1000000,《戏考》,《戏考》（1000000）,01002003,祭长江,孙尚香,pdf_01000000__01002003___ad1a817c3c__char__d02d5340ae,2,6,1.0,1.0,relations_aggregated
pdf_01000000__01002003___ad1a817c3c,祭长江,01000000,1000000,《戏考》,《戏考》（1000000）,01002003,祭长江,刘备,pdf_01000000__01002003___ad1a817c3c__char__35608de659,1,5,0.5,0.8333,relations_aggregated
pdf_01000000__01002003___ad1a817c3c,祭长江,01000000,1000000,《戏考》,《戏考》（1000000）,01002003,祭长江,龙王,pdf_01000000__01002003___ad1a817c3c__char__d789489960,1,1,0.5,0.1667,relations_aggregated
pdf_01000000__01002008___7e0325cb8b,八义图,01000000,1000000,《戏考》,《戏考》（1000000）,01002008,八义图,屠岸贾,pdf_01000000__01002008___7e0325cb8b__char__f41756c410,8,32,1.0,0.6667,relations_aggregated
pdf_01000000__01002008___7e0325cb8b,八义图,01000000,1000000,《戏考》,《戏考》（1000000）,01002008,八义图,程婴,pdf_01000000__01002008___7e0325cb8b__char__58587740c4,7,48,0.875,1.0,relations_aggregated
pdf_01000000__01002008___7e0325cb8b,八义图,01000000,1000000,《戏考》,《戏考》（1000000）,01002008,八义图,公孙杵臼,pdf_01000000__01002008___7e0325cb8b__char__6746e5781f,7,28,0.875,0.5833,relations_aggregated
pdf_01000000__01002008___7e0325cb8b,八义图,01000000,1000000,《戏考》,《戏考》（1000000）,01002008,八义图,程妻,pdf_01000000__01002008___7e0325cb8b__char__49c2bce8c2,4,18,0.5,0.375,relations_aggregated
pdf_01000000__01002008___7e0325cb8b,八义图,01000000,1000000,《戏考》,《戏考》（1000000）,01002008,八义图,龙套,pdf_01000000__01002008___7e0325cb8b__char__79d6827cec,4,6,0.5,0.125,relations_aggregated
pdf_01000000__01002008___7e0325cb8b,八义图,01000000,1000000,《戏考》,《戏考》（1000000）,01002008,八义图,二龙套,pdf_01000000__01002008___7e0325cb8b__char__695b32fb97,2,2,0.25,0.0417,relations_aggregated
pdf_01000000__01002009___15e6fa6cec,鱼肠剑,01000000,1000000,《戏考》,《戏考》（1000000）,01002009,鱼肠剑,姬光,pdf_01000000__01002009___15e6fa6cec__char__cec14564e1,11,39,1.0,0.78,relations_aggregated
pdf_01000000__01002009___15e6fa6cec,鱼肠剑,01000000,1000000,《戏考》,《戏考》（1000000）,01002009,鱼肠剑,伍员,pdf_01000000__01002009___15e6fa6cec__char__5ebf47f2e3,10,43,0.9091,0.86,relations_aggregated
pdf_01000000__01002009___15e6fa6cec,鱼肠剑,01000000,1000000,《戏考》,《戏考》（1000000）,01002009,鱼肠剑,专诸,pdf_01000000__01002009___15e6fa6cec__char__cbf529c16a,9,50,0.8182,1.0,relations_aggregated
pdf_01000000__01002009___15e6fa6cec,鱼肠剑,01000000,1000000,《戏考》,《戏考》（1000000）,01002009,鱼肠剑,被离,pdf_01000000__01002009___15e6fa6cec__char__f14a5ae912,4,11,0.3636,0.22,relations_aggregated
pdf_01000000__01002009___15e6fa6cec,鱼肠剑,01000000,1000000,《戏考》,《戏考》（1000000）,01002009,鱼肠剑,刘展雄,pdf_01000000__01002009___15e6fa6cec__char__d428739935,4,5,0.3636,0.1,relations_aggregated
pdf_01000000__01002009___15e6fa6cec,鱼肠剑,01000000,1000000,《戏考》,《戏考》（1000000）,01002009,鱼肠剑,牛二,pdf_01000000__01002009___15e6fa6cec__char__679e5e0c36,3,15,0.2727,0.3,relations_aggregated
pdf_01000000__01002009___15e6fa6cec,鱼肠剑,01000000,1000000,《戏考》,《戏考》（1000000）,01002009,鱼肠剑,老丈,pdf_01000000__01002009___15e6fa6cec__char__95aeb04571,3,12,0.2727,0.24,relations_aggregated
pdf_01000000__01002009___15e6fa6cec,鱼肠剑,01000000,1000000,《戏考》,《戏考》（1000000）,01002009,鱼肠剑,太监甲,pdf_01000000__01002009___15e6fa6cec__char__ed87d87582,3,6,0.2727,0.12,relations_aggregated
pdf_01000000__01002009___15e6fa6cec,鱼肠剑,01000000,1000000,《戏考》,《戏考》（1000000）,01002009,鱼肠剑,孙武,pdf_01000000__01002009___15e6fa6cec__char__e8edcde557,3,6,0.2727,0.12,relations_aggregated
pdf_01000000__01002009___15e6fa6cec,鱼肠剑,01000000,1000000,《戏考》,《戏考》（1000000）,01002009,鱼肠剑,专诸妻,pdf_01000000__01002009___15e6fa6cec__char__f1cfc7226e,2,5,0.1818,0.1,relations_aggregated
pdf_01000000__01002011___1a9416b419,梅龙镇,01000000,1000000,《戏考》,《戏考》（1000000）,01002011,梅龙镇,李凤姐,pdf_01000000__01002011___1a9416b419__char__53ea4bf90b,2,10,1.0,1.0,relations_aggregated
pdf_01000000__01002011___1a9416b419,梅龙镇,01000000,1000000,《戏考》,《戏考》（1000000）,01002011,梅龙镇,正德帝,pdf_01000000__01002011___1a9416b419__char__612185295d,2,10,1.0,1.0,relations_aggregated
pdf_01000000__01002012___6c0f4ca58e,白门楼,01000000,1000000,《戏考》,《戏考》（1000000）,01002012,白门楼,吕布,pdf_01000000__01002012___6c0f4ca58e__char__e8e6a3063d,18,81,1.0,0.6585,relations_aggregated
pdf_01000000__01002012___6c0f4ca58e,白门楼,01000000,1000000,《戏考》,《戏考》（1000000）,01002012,白门楼,曹操,pdf_01000000__01002012___6c0f4ca58e__char__a17699627a,16,123,0.8889,1.0,relations_aggregated
pdf_01000000__01002012___6c0f4ca58e,白门楼,01000000,1000000,《戏考》,《戏考》（1000000）,01002012,白门楼,陈宫,pdf_01000000__01002012___6c0f4ca58e__char__bc3f71138a,15,65,0.8333,0.5285,relations_aggregated
pdf_01000000__01002012___6c0f4ca58e,白门楼,01000000,1000000,《戏考》,《戏考》（1000000）,01002012,白门楼,貂蝉,pdf_01000000__01002012___6c0f4ca58e__char__5c4622ca1b,14,39,0.7778,0.3171,relations_aggregated
pdf_01000000__01002012___6c0f4ca58e,白门楼,01000000,1000000,《戏考》,《戏考》（1000000）,01002012,白门楼,李典,pdf_01000000__01002012___6c0f4ca58e__char__38428f2166,11,19,0.6111,0.1545,relations_aggregated
pdf_01000000__01002012___6c0f4ca58e,白门楼,01000000,1000000,《戏考》,《戏考》（1000000）,01002012,白门楼,曹洪,pdf_01000000__01002012___6c0f4ca58e__char__0f2290902b,11,20,0.6111,0.1626,relations_aggregated
pdf_01000000__01002012___6c0f4ca58e,白门楼,01000000,1000000,《戏考》,《戏考》（1000000）,01002012,白门楼,张飞,pdf_01000000__01002012___6c0f4ca58e__char__ed1bbee596,11,17,0.6111,0.1382,relations_aggregated
pdf_01000000__01002012___6c0f4ca58e,白门楼,01000000,1000000,《戏考》,《戏考》（1000000）,01002012,白门楼,张辽,pdf_01000000__01002012___6c0f4ca58e__char__7cb254628c,10,42,0.5556,0.3415,relations_aggregated
pdf_01000000__01002012___6c0f4ca58e,白门楼,01000000,1000000,《戏考》,《戏考》（1000000）,01002012,白门楼,许褚,pdf_01000000__01002012___6c0f4ca58e__char__142fbec0a4,10,15,0.5556,0.122,relations_aggregated
pdf_01000000__01002012___6c0f4ca58e,白门楼,01000000,1000000,《戏考》,《戏考》（1000000）,01002012,白门楼,关羽,pdf_01000000__01002012___6c0f4ca58e__char__5c7e8bcc5a,9,12,0.5,0.0976,relations_aggregated
pdf_01000000__01002012___6c0f4ca58e,白门楼,01000000,1000000,《戏考》,《戏考》（1000000）,01002012,白门楼,刘备,pdf_01000000__01002012___6c0f4ca58e__char__ebbeff365f,8,40,0.4444,0.3252,relations_aggregated
pdf_01000000__01002012___6c0f4ca58e,白门楼,01000000,1000000,《戏考》,《戏考》（1000000）,01002012,白门楼,小太监,pdf_01000000__01002012___6c0f4ca58e__char__2672e68dca,6,16,0.3333,0.1301,relations_aggregated
pdf_01000000__01002012___6c0f4ca58e,白门楼,01000000,1000000,《戏考》,《戏考》（1000000）,01002012,白门楼,乐,pdf_01000000__01002012___6c0f4ca58e__char__f2bb12ec33,6,9,0.3333,0.0732,relations_aggregated
pdf_01000000__01002012___6c0f4ca58e,白门楼,01000000,1000000,《戏考》,《戏考》（1000000）,01002012,白门楼,乐进,pdf_01000000__01002012___6c0f4ca58e__char__acae939414,5,6,0.2778,0.0488,relations_aggregated
pdf_01000000__01002012___6c0f4ca58e,白门楼,01000000,1000000,《戏考》,《戏考》（1000000）,01002012,白门楼,同起霸,pdf_01000000__01002012___6c0f4ca58e__char__28c71dda59,4,4,0.2222,0.0325,relations_aggregated
pdf_01000000__01002012___6c0f4ca58e,白门楼,01000000,1000000,《戏考》,《戏考》（1000000）,01002012,白门楼,龙套,pdf_01000000__01002012___6c0f4ca58e__char__7a0a65aab4,4,4,0.2222,0.0325,relations_aggregated
pdf_01000000__01002012___6c0f4ca58e,白门楼,01000000,1000000,《戏考》,《戏考》（1000000）,01002012,白门楼,众人,pdf_01000000__01002012___6c0f4ca58e__char__2baf4bcdd3,2,8,0.1111,0.065,relations_aggregated
pdf_01000000__01002012___6c0f4ca58e,白门楼,01000000,1000000,《戏考》,《戏考》（1000000）,01002012,白门楼,龙套甲,pdf_01000000__01002012___6c0f4ca58e__char__cd8ae7e323,2,2,0.1111,0.0163,relations_aggregated
pdf_01000000__01002014___534d1c1fdb,宇宙锋,01000000,1000000,《戏考》,《戏考》（1000000）,01002014,宇宙锋,赵高,pdf_01000000__01002014___534d1c1fdb__char__99c1b3bbf7,9,33,1.0,1.0,relations_aggregated
pdf_01000000__01002014___534d1c1fdb,宇宙锋,01000000,1000000,《戏考》,《戏考》（1000000）,01002014,宇宙锋,秦王,pdf_01000000__01002014___534d1c1fdb__char__ce022cb4f8,6,23,0.6667,0.697,relations_aggregated
pdf_01000000__01002014___534d1c1fdb,宇宙锋,01000000,1000000,《戏考》,《戏考》（1000000）,01002014,宇宙锋,赵艳容,pdf_01000000__01002014___534d1c1fdb__char__64e4818113,5,26,0.5556,0.7879,relations_aggregated
pdf_01000000__01002014___534d1c1fdb,宇宙锋,01000000,1000000,《戏考》,《戏考》（1000000）,01002014,宇宙锋,门官,pdf_01000000__01002014___534d1c1fdb__char__a31cc94bde,5,7,0.5556,0.2121,relations_aggregated
pdf_01000000__01002014___534d1c1fdb,宇宙锋,01000000,1000000,《戏考》,《戏考》（1000000）,01002014,宇宙锋,丫头,pdf_01000000__01002014___534d1c1fdb__char__ddac22c0d4,2,2,0.2222,0.0606,relations_aggregated
pdf_01000000__01002014___534d1c1fdb,宇宙锋,01000000,1000000,《戏考》,《戏考》（1000000）,01002014,宇宙锋,丫鬟,pdf_01000000__01002014___534d1c1fdb__char__f39747c435,2,2,0.2222,0.0606,relations_aggregated
pdf_01000000__01002014___534d1c1fdb,宇宙锋,01000000,1000000,《戏考》,《戏考》（1000000）,01002014,宇宙锋,家人,pdf_01000000__01002014___534d1c1fdb__char__e003a8ab98,1,1,0.1111,0.0303,relations_aggregated
pdf_01000000__01002015___26a42a307f,取帅印,01000000,1000000,《戏考》,《戏考》（1000000）,01002015,取帅印,秦琼,pdf_01000000__01002015___26a42a307f__char__5ecd15dfa2,11,102,1.0,1.0,relations_aggregated
pdf_01000000__01002015___26a42a307f,取帅印,01000000,1000000,《戏考》,《戏考》（1000000）,01002015,取帅印,程咬金,pdf_01000000__01002015___26a42a307f__char__284154a168,11,80,1.0,0.7843,relations_aggregated
pdf_01000000__01002015___26a42a307f,取帅印,01000000,1000000,《戏考》,《戏考》（1000000）,01002015,取帅印,李世民,pdf_01000000__01002015___26a42a307f__char__5f7171c18e,8,45,0.7273,0.4412,relations_aggregated
pdf_01000000__01002015___26a42a307f,取帅印,01000000,1000000,《戏考》,《戏考》（1000000）,01002015,取帅印,秦怀玉,pdf_01000000__01002015___26a42a307f__char__c4f594b01a,8,51,0.7273,0.5,relations_aggregated
pdf_01000000__01002015___26a42a307f,取帅印,01000000,1000000,《戏考》,《戏考》（1000000）,01002015,取帅印,徐勣,pdf_01000000__01002015___26a42a307f__char__0912e1e03b,7,14,0.6364,0.1373,relations_aggregated
pdf_01000000__01002015___26a42a307f,取帅印,01000000,1000000,《戏考》,《戏考》（1000000）,01002015,取帅印,尉迟恭,pdf_01000000__01002015___26a42a307f__char__ad000b3495,6,36,0.5455,0.3529,relations_aggregated
pdf_01000000__01002015___26a42a307f,取帅印,01000000,1000000,《戏考》,《戏考》（1000000）,01002015,取帅印,院子,pdf_01000000__01002015___26a42a307f__char__9963358bc8,5,6,0.4545,0.0588,relations_aggregated
pdf_01000000__01002015___26a42a307f,取帅印,01000000,1000000,《戏考》,《戏考》（1000000）,01002015,取帅印,旗牌,pdf_01000000__01002015___26a42a307f__char__868a01f1f3,4,6,0.3636,0.0588,relations_aggregated
pdf_01000000__01002016___7c4fa6e0d0,打渔杀家,01000000,1000000,《戏考》,《戏考》（1000000）,01002016,打渔杀家,萧恩,pdf_01000000__01002016___7c4fa6e0d0__char__1b320e74d7,18,208,1.0,1.0,relations_aggregated
pdf_01000000__01002016___7c4fa6e0d0,打渔杀家,01000000,1000000,《戏考》,《戏考》（1000000）,01002016,打渔杀家,大教师,pdf_01000000__01002016___7c4fa6e0d0__char__46eb6d0f04,12,104,0.6667,0.5,relations_aggregated
pdf_01000000__01002016___7c4fa6e0d0,打渔杀家,01000000,1000000,《戏考》,《戏考》（1000000）,01002016,打渔杀家,丁郎,pdf_01000000__01002016___7c4fa6e0d0__char__ef9971249c,10,65,0.5556,0.3125,relations_aggregated
pdf_01000000__01002016___7c4fa6e0d0,打渔杀家,01000000,1000000,《戏考》,《戏考》（1000000）,01002016,打渔杀家,丁员外,pdf_01000000__01002016___7c4fa6e0d0__char__a43a0ff027,10,39,0.5556,0.1875,relations_aggregated
pdf_01000000__01002016___7c4fa6e0d0,打渔杀家,01000000,1000000,《戏考》,《戏考》（1000000）,01002016,打渔杀家,萧桂英,pdf_01000000__01002016___7c4fa6e0d0__char__518207dfcc,8,83,0.4444,0.399,relations_aggregated
pdf_01000000__01002016___7c4fa6e0d0,打渔杀家,01000000,1000000,《戏考》,《戏考》（1000000）,01002016,打渔杀家,郭先生,pdf_01000000__01002016___7c4fa6e0d0__char__ff5ab78968,8,20,0.4444,0.0962,relations_aggregated
pdf_01000000__01002016___7c4fa6e0d0,打渔杀家,01000000,1000000,《戏考》,《戏考》（1000000）,01002016,打渔杀家,倪荣,pdf_01000000__01002016___7c4fa6e0d0__char__5f372a1071,6,65,0.3333,0.3125,relations_aggregated
pdf_01000000__01002016___7c4fa6e0d0,打渔杀家,01000000,1000000,《戏考》,《戏考》（1000000）,01002016,打渔杀家,李俊,pdf_01000000__01002016___7c4fa6e0d0__char__6df09b0ab1,6,51,0.3333,0.2452,relations_aggregated
pdf_01000000__01002016___7c4fa6e0d0,打渔杀家,01000000,1000000,《戏考》,《戏考》（1000000）,01002016,打渔杀家,家丁,pdf_01000000__01002016___7c4fa6e0d0__char__22309024c0,3,23,0.1667,0.1106,relations_aggregated
pdf_01000000__01002016___7c4fa6e0d0,打渔杀家,01000000,1000000,《戏考》,《戏考》（1000000）,01002016,打渔杀家,衙役,pdf_01000000__01002016___7c4fa6e0d0__char__95de58f3e6,3,8,0.1667,0.0385,relations_aggregated
pdf_01000000__01002016___7c4fa6e0d0,打渔杀家,01000000,1000000,《戏考》,《戏考》（1000000）,01002016,打渔杀家,四家丁,pdf_01000000__01002016___7c4fa6e0d0__char__41a994893f,2,4,0.1111,0.0192,relations_aggregated
pdf_01000000__01002016___7c4fa6e0d0,打渔杀家,01000000,1000000,《戏考》,《戏考》（1000000）,01002016,打渔杀家,吕子秋,pdf_01000000__01002016___7c4fa6e0d0__char__b5ff90b4a8,2,2,0.1111,0.0096,relations_aggregated
pdf_01000000__01002016___7c4fa6e0d0,打渔杀家,01000000,1000000,《戏考》,《戏考》（1000000）,01002016,打渔杀家,李倪,pdf_01000000__01002016___7c4fa6e0d0__char__b4941a2d2e,2,2,0.1111,0.0096,relations_aggregated
pdf_01000000__01002017___248eca40c2,黑风帕,01000000,1000000,《戏考》,《戏考》（1000000）,01002017,黑风帕,高旺,pdf_01000000__01002017___248eca40c2__char__f1cacc05ac,10,62,1.0,1.0,relations_aggregated
pdf_01000000__01002017___248eca40c2,黑风帕,01000000,1000000,《戏考》,《戏考》（1000000）,01002017,黑风帕,张保,pdf_01000000__01002017___248eca40c2__char__c1d4c29bd0,7,21,0.7,0.3387,relations_aggregated
pdf_01000000__01002017___248eca40c2,黑风帕,01000000,1000000,《戏考》,《戏考》（1000000）,01002017,黑风帕,张兰英,pdf_01000000__01002017___248eca40c2__char__35f7d57ce3,6,21,0.6,0.3387,relations_aggregated
pdf_01000000__01002017___248eca40c2,黑风帕,01000000,1000000,《戏考》,《戏考》（1000000）,01002017,黑风帕,鞑婆,pdf_01000000__01002017___248eca40c2__char__2f517acee9,6,18,0.6,0.2903,relations_aggregated
pdf_01000000__01002017___248eca40c2,黑风帕,01000000,1000000,《戏考》,《戏考》（1000000）,01002017,黑风帕,杨八妹,pdf_01000000__01002017___248eca40c2__char__2773168095,5,21,0.5,0.3387,relations_aggregated
pdf_01000000__01002017___248eca40c2,黑风帕,01000000,1000000,《戏考》,《戏考》（1000000）,01002017,黑风帕,高来,pdf_01000000__01002017___248eca40c2__char__653e756cb9,4,29,0.4,0.4677,relations_aggregated
pdf_01000000__01002019___9cf1474dd0,红鸾禧,01000000,1000000,《戏考》,《戏考》（1000000）,01002019,红鸾禧,金松,pdf_01000000__01002019___9cf1474dd0__char__44e8d6f505,6,29,1.0,0.9667,relations_aggregated
pdf_01000000__01002019___9cf1474dd0,红鸾禧,01000000,1000000,《戏考》,《戏考》（1000000）,01002019,红鸾禧,莫稽,pdf_01000000__01002019___9cf1474dd0__char__c6198e9eda,4,30,0.6667,1.0,relations_aggregated
pdf_01000000__01002019___9cf1474dd0,红鸾禧,01000000,1000000,《戏考》,《戏考》（1000000）,01002019,红鸾禧,金玉奴,pdf_01000000__01002019___9cf1474dd0__char__6134f9b89d,4,25,0.6667,0.8333,relations_aggregated
pdf_01000000__01002019___9cf1474dd0,红鸾禧,01000000,1000000,《戏考》,《戏考》（1000000）,01002019,红鸾禧,二杆,pdf_01000000__01002019___9cf1474dd0__char__fa6fc2aeaf,4,6,0.6667,0.2,relations_aggregated
pdf_01000000__01002019___9cf1474dd0,红鸾禧,01000000,1000000,《戏考》,《戏考》（1000000）,01002019,红鸾禧,众人,pdf_01000000__01002019___9cf1474dd0__char__7749c777ae,2,2,0.3333,0.0667,relations_aggregated
pdf_01000000__01002020___b68a4c781b,白状元祭塔,01000000,1000000,《戏考》,《戏考》（1000000）,01002020,白状元祭塔,白素贞,pdf_01000000__01002020___b68a4c781b__char__76dba5e700,4,23,1.0,1.0,relations_aggregated
pdf_01000000__01002020___b68a4c781b,白状元祭塔,01000000,1000000,《戏考》,《戏考》（1000000）,01002020,白状元祭塔,许仕林,pdf_01000000__01002020___b68a4c781b__char__2d9eeff834,4,19,1.0,0.8261,relations_aggregated
pdf_01000000__01002020___b68a4c781b,白状元祭塔,01000000,1000000,《戏考》,《戏考》（1000000）,01002020,白状元祭塔,塔神,pdf_01000000__01002020___b68a4c781b__char__fd48930619,4,12,1.0,0.5217,relations_aggregated
pdf_01000000__01003001___7e8bcc7c30,琼林宴,01000000,1000000,《戏考》,《戏考》（1000000）,01003001,琼林宴【前本】,范仲禹,pdf_01000000__01003001___7e8bcc7c30__char__912da7791f,13,139,1.0,1.0,relations_aggregated
pdf_01000000__01003001___7e8bcc7c30,琼林宴,01000000,1000000,《戏考》,《戏考》（1000000）,01003001,琼林宴【前本】,葛登云,pdf_01000000__01003001___7e8bcc7c30__char__46313980b6,8,51,0.6154,0.3669,relations_aggregated
pdf_01000000__01003001___7e8bcc7c30,琼林宴,01000000,1000000,《戏考》,《戏考》（1000000）,01003001,琼林宴【前本】,报禄甲,pdf_01000000__01003001___7e8bcc7c30__char__d10d5c17a8,6,59,0.4615,0.4245,relations_aggregated
pdf_01000000__01003001___7e8bcc7c30,琼林宴,01000000,1000000,《戏考》,《戏考》（1000000）,01003001,琼林宴【前本】,樵夫,pdf_01000000__01003001___7e8bcc7c30__char__fd012cf0f9,5,70,0.3846,0.5036,relations_aggregated
pdf_01000000__01003001___7e8bcc7c30,琼林宴,01000000,1000000,《戏考》,《戏考》（1000000）,01003001,琼林宴【前本】,报禄乙,pdf_01000000__01003001___7e8bcc7c30__char__52533890d6,5,61,0.3846,0.4388,relations_aggregated
pdf_01000000__01003001___7e8bcc7c30,琼林宴,01000000,1000000,《戏考》,《戏考》（1000000）,01003001,琼林宴【前本】,家院,pdf_01000000__01003001___7e8bcc7c30__char__99269f19c1,5,21,0.3846,0.1511,relations_aggregated
pdf_01000000__01003001___7e8bcc7c30,琼林宴,01000000,1000000,《戏考》,《戏考》（1000000）,01003001,琼林宴【前本】,四青袍,pdf_01000000__01003001___7e8bcc7c30__char__cf54dfe85f,4,4,0.3077,0.0288,relations_aggregated
pdf_01000000__01003001___7e8bcc7c30,琼林宴,01000000,1000000,《戏考》,《戏考》（1000000）,01003001,琼林宴【前本】,杀神,pdf_01000000__01003001___7e8bcc7c30__char__ac75efbdc9,3,5,0.2308,0.036,relations_aggregated
pdf_01000000__01003001___7e8bcc7c30,琼林宴,01000000,1000000,《戏考》,《戏考》（1000000）,01003001,琼林宴【前本】,葛虎,pdf_01000000__01003001___7e8bcc7c30__char__520cf18708,3,7,0.2308,0.0504,relations_aggregated
pdf_01000000__01003001___7e8bcc7c30,琼林宴,01000000,1000000,《戏考》,《戏考》（1000000）,01003001,琼林宴【前本】,土地,pdf_01000000__01003001___7e8bcc7c30__char__7d38eb3fc6,2,4,0.1538,0.0288,relations_aggregated
pdf_01000000__01003001___7e8bcc7c30,琼林宴,01000000,1000000,《戏考》,《戏考》（1000000）,01003001,琼林宴【前本】,童儿,pdf_01000000__01003001___7e8bcc7c30__char__26c9961bbb,1,2,0.0769,0.0144,relations_aggregated
pdf_01000000__01003001___7e8bcc7c30,琼林宴,01000000,1000000,《戏考》,《戏考》（1000000）,01003001,琼林宴【前本】,打扫书房,pdf_01000000__01003001___7e8bcc7c30__char__f19e7e590b,1,1,0.0769,0.0072,relations_aggregated
pdf_01000000__01003001___7e8bcc7c30,琼林宴,01000000,1000000,《戏考》,《戏考》（1000000）,01003001,琼林宴【前本】,亮架子,pdf_01000000__01003001___7e8bcc7c30__char__ecab0f12f3,1,1,0.0769,0.0072,relations_aggregated
pdf_01000000__01003001___7e8bcc7c30,琼林宴,01000000,1000000,《戏考》,《戏考》（1000000）,01003001,琼林宴【前本】,起霸,pdf_01000000__01003001___7e8bcc7c30__char__5f3d0fef47,1,1,0.0769,0.0072,relations_aggregated
pdf_01000000__01003002___acc415186d,群英会,01000000,1000000,《戏考》,《戏考》（1000000）,01003002,群英会,周瑜,pdf_01000000__01003002___acc415186d__char__95719ec611,21,211,1.0,1.0,relations_aggregated
pdf_01000000__01003002___acc415186d,群英会,01000000,1000000,《戏考》,《戏考》（1000000）,01003002,群英会,诸葛亮,pdf_01000000__01003002___acc415186d__char__f94edb22f8,13,150,0.619,0.7109,relations_aggregated
pdf_01000000__01003002___acc415186d,群英会,01000000,1000000,《戏考》,《戏考》（1000000）,01003002,群英会,鲁肃,pdf_01000000__01003002___acc415186d__char__d1e3ecb867,12,161,0.5714,0.763,relations_aggregated
pdf_01000000__01003002___acc415186d,群英会,01000000,1000000,《戏考》,《戏考》（1000000）,01003002,群英会,蒋干,pdf_01000000__01003002___acc415186d__char__d7ced696d8,11,96,0.5238,0.455,relations_aggregated
pdf_01000000__01003002___acc415186d,群英会,01000000,1000000,《戏考》,《戏考》（1000000）,01003002,群英会,曹操,pdf_01000000__01003002___acc415186d__char__80042e74d8,7,35,0.3333,0.1659,relations_aggregated
pdf_01000000__01003002___acc415186d,群英会,01000000,1000000,《戏考》,《戏考》（1000000）,01003002,群英会,黄盖,pdf_01000000__01003002___acc415186d__char__31774bed7f,7,24,0.3333,0.1137,relations_aggregated
pdf_01000000__01003002___acc415186d,群英会,01000000,1000000,《戏考》,《戏考》（1000000）,01003002,群英会,龙套,pdf_01000000__01003002___acc415186d__char__e630fefd4a,6,9,0.2857,0.0427,relations_aggregated
pdf_01000000__01003002___acc415186d,群英会,01000000,1000000,《戏考》,《戏考》（1000000）,01003002,群英会,二水手,pdf_01000000__01003002___acc415186d__char__1fd1e9cf74,5,9,0.2381,0.0427,relations_aggregated
pdf_01000000__01003002___acc415186d,群英会,01000000,1000000,《戏考》,《戏考》（1000000）,01003002,群英会,众将,pdf_01000000__01003002___acc415186d__char__c3c0feadda,5,5,0.2381,0.0237,relations_aggregated
pdf_01000000__01003002___acc415186d,群英会,01000000,1000000,《戏考》,《戏考》（1000000）,01003002,群英会,甘宁,pdf_01000000__01003002___acc415186d__char__98ac70aa97,4,18,0.1905,0.0853,relations_aggregated
pdf_01000000__01003002___acc415186d,群英会,01000000,1000000,《戏考》,《戏考》（1000000）,01003002,群英会,众人,pdf_01000000__01003002___acc415186d__char__017dbd0630,3,6,0.1429,0.0284,relations_aggregated
pdf_01000000__01003002___acc415186d,群英会,01000000,1000000,《戏考》,《戏考》（1000000）,01003002,群英会,蔡中,pdf_01000000__01003002___acc415186d__char__ba9742aaab,3,7,0.1429,0.0332,relations_aggregated
pdf_01000000__01003002___acc415186d,群英会,01000000,1000000,《戏考》,《戏考》（1000000）,01003002,群英会,张允,pdf_01000000__01003002___acc415186d__char__3ca6b8aa08,3,5,0.1429,0.0237,relations_aggregated
pdf_01000000__01003002___acc415186d,群英会,01000000,1000000,《戏考》,《戏考》（1000000）,01003002,群英会,蔡瑁,pdf_01000000__01003002___acc415186d__char__17cd0b6ae8,3,5,0.1429,0.0237,relations_aggregated
pdf_01000000__01003002___acc415186d,群英会,01000000,1000000,《戏考》,《戏考》（1000000）,01003002,群英会,太史慈,pdf_01000000__01003002___acc415186d__char__2ec399a6fa,2,9,0.0952,0.0427,relations_aggregated
pdf_01000000__01003002___acc415186d,群英会,01000000,1000000,《戏考》,《戏考》（1000000）,01003002,群英会,军士,pdf_01000000__01003002___acc415186d__char__05041799a0,2,3,0.0952,0.0142,relations_aggregated
pdf_01000000__01003002___acc415186d,群英会,01000000,1000000,《戏考》,《戏考》（1000000）,01003002,群英会,蔡和,pdf_01000000__01003002___acc415186d__char__18a5631b16,1,1,0.0476,0.0047,relations_aggregated
pdf_01000000__01003003___c9d807e88a,桑园会,01000000,1000000,《戏考》,《戏考》（1000000）,01003003,桑园会,秋胡,pdf_01000000__01003003___c9d807e88a__char__145f2cd0b9,5,34,1.0,1.0,relations_aggregated
pdf_01000000__01003003___c9d807e88a,桑园会,01000000,1000000,《戏考》,《戏考》（1000000）,01003003,桑园会,罗氏,pdf_01000000__01003003___c9d807e88a__char__6925305228,5,32,1.0,0.9412,relations_aggregated
pdf_01000000__01003003___c9d807e88a,桑园会,01000000,1000000,《戏考》,《戏考》（1000000）,01003003,桑园会,秋母,pdf_01000000__01003003___c9d807e88a__char__7822eb6f95,4,28,0.8,0.8235,relations_aggregated
pdf_01000000__01003003___c9d807e88a,桑园会,01000000,1000000,《戏考》,《戏考》（1000000）,01003003,桑园会,秋胡罗氏,pdf_01000000__01003003___c9d807e88a__char__5b554f81b1,2,2,0.4,0.0588,relations_aggregated
pdf_01000000__01003008___7111d9396e,断太后,01000000,1000000,《戏考》,《戏考》（1000000）,01003008,断太后,包拯,pdf_01000000__01003008___7111d9396e__char__6e8fb3e655,8,48,1.0,1.0,relations_aggregated
pdf_01000000__01003008___7111d9396e,断太后,01000000,1000000,《戏考》,《戏考》（1000000）,01003008,断太后,地方,pdf_01000000__01003008___7111d9396e__char__9a35090a8f,7,29,0.875,0.6042,relations_aggregated
pdf_01000000__01003008___7111d9396e,断太后,01000000,1000000,《戏考》,《戏考》（1000000）,01003008,断太后,李后,pdf_01000000__01003008___7111d9396e__char__f1b3d35973,5,31,0.625,0.6458,relations_aggregated
pdf_01000000__01003008___7111d9396e,断太后,01000000,1000000,《戏考》,《戏考》（1000000）,01003008,断太后,马汉,pdf_01000000__01003008___7111d9396e__char__42ac04172b,3,8,0.375,0.1667,relations_aggregated
pdf_01000000__01003008___7111d9396e,断太后,01000000,1000000,《戏考》,《戏考》（1000000）,01003008,断太后,王朝,pdf_01000000__01003008___7111d9396e__char__c5b0dece4f,3,8,0.375,0.1667,relations_aggregated
pdf_01000000__01003008___7111d9396e,断太后,01000000,1000000,《戏考》,《戏考》（1000000）,01003008,断太后,众人,pdf_01000000__01003008___7111d9396e__char__32760fc13d,2,2,0.25,0.0417,relations_aggregated
pdf_01000000__01003009___821dbef739,打龙袍,01000000,1000000,《戏考》,《戏考》（1000000）,01003009,打龙袍,宋仁宗,pdf_01000000__01003009___821dbef739__char__f6f03c2694,15,102,1.0,1.0,relations_aggregated
pdf_01000000__01003009___821dbef739,打龙袍,01000000,1000000,《戏考》,《戏考》（1000000）,01003009,打龙袍,包拯,pdf_01000000__01003009___821dbef739__char__169188b71a,9,90,0.6,0.8824,relations_aggregated
pdf_01000000__01003009___821dbef739,打龙袍,01000000,1000000,《戏考》,《戏考》（1000000）,01003009,打龙袍,李后,pdf_01000000__01003009___821dbef739__char__6df16d77bc,9,47,0.6,0.4608,relations_aggregated
pdf_01000000__01003009___821dbef739,打龙袍,01000000,1000000,《戏考》,《戏考》（1000000）,01003009,打龙袍,陈琳,pdf_01000000__01003009___821dbef739__char__0077e0147e,6,32,0.4,0.3137,relations_aggregated
pdf_01000000__01003009___821dbef739,打龙袍,01000000,1000000,《戏考》,《戏考》（1000000）,01003009,打龙袍,王延龄,pdf_01000000__01003009___821dbef739__char__d31a4ca5c9,6,20,0.4,0.1961,relations_aggregated
pdf_01000000__01003009___821dbef739,打龙袍,01000000,1000000,《戏考》,《戏考》（1000000）,01003009,打龙袍,灯官,pdf_01000000__01003009___821dbef739__char__246c5569e6,4,9,0.2667,0.0882,relations_aggregated
pdf_01000000__01003009___821dbef739,打龙袍,01000000,1000000,《戏考》,《戏考》（1000000）,01003009,打龙袍,郭槐,pdf_01000000__01003009___821dbef739__char__bc613f8e06,2,7,0.1333,0.0686,relations_aggregated
pdf_01000000__01003009___821dbef739,打龙袍,01000000,1000000,《戏考》,《戏考》（1000000）,01003009,打龙袍,四大铠,pdf_01000000__01003009___821dbef739__char__e2ab43bf40,2,2,0.1333,0.0196,relations_aggregated
pdf_01000000__01003009___821dbef739,打龙袍,01000000,1000000,《戏考》,《戏考》（1000000）,01003009,打龙袍,太监,pdf_01000000__01003009___821dbef739__char__4c5e0239c6,2,2,0.1333,0.0196,relations_aggregated
pdf_01000000__01003009___821dbef739,打龙袍,01000000,1000000,《戏考》,《戏考》（1000000）,01003009,打龙袍,内侍,pdf_01000000__01003009___821dbef739__char__a2889dba68,1,1,0.0667,0.0098,relations_aggregated
pdf_01000000__01003010___2fda4a58c1,战蒲关,01000000,1000000,《戏考》,《戏考》（1000000）,01003010,战蒲关,王霸,pdf_01000000__01003010___2fda4a58c1__char__cbd0dd5563,7,23,1.0,0.7188,relations_aggregated
pdf_01000000__01003010___2fda4a58c1,战蒲关,01000000,1000000,《戏考》,《戏考》（1000000）,01003010,战蒲关,刘忠,pdf_01000000__01003010___2fda4a58c1__char__ddadc41d7a,5,32,0.7143,1.0,relations_aggregated
pdf_01000000__01003010___2fda4a58c1,战蒲关,01000000,1000000,《戏考》,《戏考》（1000000）,01003010,战蒲关,徐艳贞,pdf_01000000__01003010___2fda4a58c1__char__da288cda1a,4,17,0.5714,0.5312,relations_aggregated
pdf_01000000__01003010___2fda4a58c1,战蒲关,01000000,1000000,《戏考》,《戏考》（1000000）,01003010,战蒲关,众百姓,pdf_01000000__01003010___2fda4a58c1__char__6fb6242498,2,2,0.2857,0.0625,relations_aggregated
pdf_01000000__01003010___2fda4a58c1,战蒲关,01000000,1000000,《戏考》,《戏考》（1000000）,01003010,战蒲关,军士,pdf_01000000__01003010___2fda4a58c1__char__a2746ec882,2,2,0.2857,0.0625,relations_aggregated
pdf_01000000__01003011___a844c57d4e,斩黄袍,01000000,1000000,《戏考》,《戏考》（1000000）,01003011,斩黄袍,赵匡胤,pdf_01000000__01003011___a844c57d4e__char__72668eef72,19,171,1.0,1.0,relations_aggregated
pdf_01000000__01003011___a844c57d4e,斩黄袍,01000000,1000000,《戏考》,《戏考》（1000000）,01003011,斩黄袍,郑恩,pdf_01000000__01003011___a844c57d4e__char__0fc20654bc,17,117,0.8947,0.6842,relations_aggregated
pdf_01000000__01003011___a844c57d4e,斩黄袍,01000000,1000000,《戏考》,《戏考》（1000000）,01003011,斩黄袍,韩龙,pdf_01000000__01003011___a844c57d4e__char__61f13d5518,13,50,0.6842,0.2924,relations_aggregated
pdf_01000000__01003011___a844c57d4e,斩黄袍,01000000,1000000,《戏考》,《戏考》（1000000）,01003011,斩黄袍,高怀德,pdf_01000000__01003011___a844c57d4e__char__c766491bbd,11,86,0.5789,0.5029,relations_aggregated
pdf_01000000__01003011___a844c57d4e,斩黄袍,01000000,1000000,《戏考》,《戏考》（1000000）,01003011,斩黄袍,陶三春,pdf_01000000__01003011___a844c57d4e__char__e52cb8b02b,9,36,0.4737,0.2105,relations_aggregated
pdf_01000000__01003011___a844c57d4e,斩黄袍,01000000,1000000,《戏考》,《戏考》（1000000）,01003011,斩黄袍,苗顺,pdf_01000000__01003011___a844c57d4e__char__bcdba448ac,8,33,0.4211,0.193,relations_aggregated
pdf_01000000__01003011___a844c57d4e,斩黄袍,01000000,1000000,《戏考》,《戏考》（1000000）,01003011,斩黄袍,郑英,pdf_01000000__01003011___a844c57d4e__char__3ee7c6ada5,7,26,0.3684,0.152,relations_aggregated
pdf_01000000__01003011___a844c57d4e,斩黄袍,01000000,1000000,《戏考》,《戏考》（1000000）,01003011,斩黄袍,众武士,pdf_01000000__01003011___a844c57d4e__char__0af440b140,7,18,0.3684,0.1053,relations_aggregated
pdf_01000000__01003011___a844c57d4e,斩黄袍,01000000,1000000,《戏考》,《戏考》（1000000）,01003011,斩黄袍,韩素梅,pdf_01000000__01003011___a844c57d4e__char__0ac09d8c88,5,15,0.2632,0.0877,relations_aggregated
pdf_01000000__01003011___a844c57d4e,斩黄袍,01000000,1000000,《戏考》,《戏考》（1000000）,01003011,斩黄袍,太监,pdf_01000000__01003011___a844c57d4e__char__c6e2af2456,4,24,0.2105,0.1404,relations_aggregated
pdf_01000000__01003011___a844c57d4e,斩黄袍,01000000,1000000,《戏考》,《戏考》（1000000）,01003011,斩黄袍,众人,pdf_01000000__01003011___a844c57d4e__char__7f0b3368cb,4,5,0.2105,0.0292,relations_aggregated
pdf_01000000__01003011___a844c57d4e,斩黄袍,01000000,1000000,《戏考》,《戏考》（1000000）,01003011,斩黄袍,龙套,pdf_01000000__01003011___a844c57d4e__char__b3ca8681bb,4,8,0.2105,0.0468,relations_aggregated
pdf_01000000__01003011___a844c57d4e,斩黄袍,01000000,1000000,《戏考》,《戏考》（1000000）,01003011,斩黄袍,黄花真人,pdf_01000000__01003011___a844c57d4e__char__b70227e412,3,6,0.1579,0.0351,relations_aggregated
pdf_01000000__01003011___a844c57d4e,斩黄袍,01000000,1000000,《戏考》,《戏考》（1000000）,01003011,斩黄袍,二童子,pdf_01000000__01003011___a844c57d4e__char__022b265ef7,3,4,0.1579,0.0234,relations_aggregated
pdf_01000000__01003011___a844c57d4e,斩黄袍,01000000,1000000,《戏考》,《戏考》（1000000）,01003011,斩黄袍,神仙,pdf_01000000__01003011___a844c57d4e__char__8a68ead88d,3,4,0.1579,0.0234,relations_aggregated
pdf_01000000__01003011___a844c57d4e,斩黄袍,01000000,1000000,《戏考》,《戏考》（1000000）,01003011,斩黄袍,家院,pdf_01000000__01003011___a844c57d4e__char__64f848f8e7,3,4,0.1579,0.0234,relations_aggregated
pdf_01000000__01003011___a844c57d4e,斩黄袍,01000000,1000000,《戏考》,《戏考》（1000000）,01003011,斩黄袍,二童子扶神仙,pdf_01000000__01003011___a844c57d4e__char__7b7b8ff392,3,3,0.1579,0.0175,relations_aggregated
pdf_01000000__01003011___a844c57d4e,斩黄袍,01000000,1000000,《戏考》,《戏考》（1000000）,01003011,斩黄袍,神仙写,pdf_01000000__01003011___a844c57d4e__char__a710e4c420,3,3,0.1579,0.0175,relations_aggregated
pdf_01000000__01003011___a844c57d4e,斩黄袍,01000000,1000000,《戏考》,《戏考》（1000000）,01003011,斩黄袍,郑高苗,pdf_01000000__01003011___a844c57d4e__char__43c039a059,2,4,0.1053,0.0234,relations_aggregated
pdf_01000000__01003011___a844c57d4e,斩黄袍,01000000,1000000,《戏考》,《戏考》（1000000）,01003011,斩黄袍,黄门官,pdf_01000000__01003011___a844c57d4e__char__28bf593c87,2,3,0.1053,0.0175,relations_aggregated
pdf_01000000__01003011___a844c57d4e,斩黄袍,01000000,1000000,《戏考》,《戏考》（1000000）,01003011,斩黄袍,报子,pdf_01000000__01003011___a844c57d4e__char__db2c464a5a,2,2,0.1053,0.0117,relations_aggregated
pdf_01000000__01003011___a844c57d4e,斩黄袍,01000000,1000000,《戏考》,《戏考》（1000000）,01003011,斩黄袍,文堂甲,pdf_01000000__01003011___a844c57d4e__char__8329b9faa8,2,2,0.1053,0.0117,relations_aggregated
pdf_01000000__01003011___a844c57d4e,斩黄袍,01000000,1000000,《戏考》,《戏考》（1000000）,01003011,斩黄袍,武士,pdf_01000000__01003011___a844c57d4e__char__26d1af98e1,2,2,0.1053,0.0117,relations_aggregated
pdf_01000000__01003012___c2beeb2822,彩楼配,01000000,1000000,《戏考》,《戏考》（1000000）,01003012,彩楼配,薛平贵,pdf_01000000__01003012___c2beeb2822__char__f4365a454c,9,37,1.0,1.0,relations_aggregated
pdf_01000000__01003012___c2beeb2822,彩楼配,01000000,1000000,《戏考》,《戏考》（1000000）,01003012,彩楼配,游人丁,pdf_01000000__01003012___c2beeb2822__char__fd9072a829,7,31,0.7778,0.8378,relations_aggregated
pdf_01000000__01003012___c2beeb2822,彩楼配,01000000,1000000,《戏考》,《戏考》（1000000）,01003012,彩楼配,王宝钏,pdf_01000000__01003012___c2beeb2822__char__43e3dc2e9a,7,37,0.7778,1.0,relations_aggregated
pdf_01000000__01003012___c2beeb2822,彩楼配,01000000,1000000,《戏考》,《戏考》（1000000）,01003012,彩楼配,门官,pdf_01000000__01003012___c2beeb2822__char__75e2e34e6c,5,32,0.5556,0.8649,relations_aggregated
pdf_01000000__01003012___c2beeb2822,彩楼配,01000000,1000000,《戏考》,《戏考》（1000000）,01003012,彩楼配,丫鬟,pdf_01000000__01003012___c2beeb2822__char__ed57f9fe00,4,17,0.4444,0.4595,relations_aggregated
pdf_01000000__01003012___c2beeb2822,彩楼配,01000000,1000000,《戏考》,《戏考》（1000000）,01003012,彩楼配,月老,pdf_01000000__01003012___c2beeb2822__char__b873e9165b,4,6,0.4444,0.1622,relations_aggregated
pdf_01000000__01003012___c2beeb2822,彩楼配,01000000,1000000,《戏考》,《戏考》（1000000）,01003012,彩楼配,游人甲,pdf_01000000__01003012___c2beeb2822__char__2c2b8b448a,3,7,0.3333,0.1892,relations_aggregated
pdf_01000000__01003012___c2beeb2822,彩楼配,01000000,1000000,《戏考》,《戏考》（1000000）,01003012,彩楼配,四游人,pdf_01000000__01003012___c2beeb2822__char__826ce4b0f8,3,5,0.3333,0.1351,relations_aggregated
pdf_01000000__01003012___c2beeb2822,彩楼配,01000000,1000000,《戏考》,《戏考》（1000000）,01003012,彩楼配,游人丙,pdf_01000000__01003012___c2beeb2822__char__36393e3b34,2,8,0.2222,0.2162,relations_aggregated
pdf_01000000__01003012___c2beeb2822,彩楼配,01000000,1000000,《戏考》,《戏考》（1000000）,01003012,彩楼配,游人乙,pdf_01000000__01003012___c2beeb2822__char__445e23d514,2,8,0.2222,0.2162,relations_aggregated
pdf_01000000__01003015___7938d34c45,阴阳河,01000000,1000000,《戏考》,《戏考》（1000000）,01003015,阴阳河,张茂深,pdf_01000000__01003015___7938d34c45__char__ba3079dc91,6,44,1.0,1.0,relations_aggregated
pdf_01000000__01003015___7938d34c45,阴阳河,01000000,1000000,《戏考》,《戏考》（1000000）,01003015,阴阳河,李桂莲,pdf_01000000__01003015___7938d34c45__char__22ede1c5b6,4,25,0.6667,0.5682,relations_aggregated
pdf_01000000__01003015___7938d34c45,阴阳河,01000000,1000000,《戏考》,《戏考》（1000000）,01003015,阴阳河,倪木,pdf_01000000__01003015___7938d34c45__char__99d8287f4a,4,16,0.6667,0.3636,relations_aggregated
pdf_01000000__01003015___7938d34c45,阴阳河,01000000,1000000,《戏考》,《戏考》（1000000）,01003015,阴阳河,店家,pdf_01000000__01003015___7938d34c45__char__a4b2a51048,2,15,0.3333,0.3409,relations_aggregated
pdf_01000000__01003017___51aaa5bf95,独木关,01000000,1000000,《戏考》,《戏考》（1000000）,01003017,独木关,薛礼,pdf_01000000__01003017___51aaa5bf95__char__360e9242b1,11,52,1.0,1.0,relations_aggregated
pdf_01000000__01003017___51aaa5bf95,独木关,01000000,1000000,《戏考》,《戏考》（1000000）,01003017,独木关,安殿宝,pdf_01000000__01003017___51aaa5bf95__char__0f05ed09cb,11,30,1.0,0.5769,relations_aggregated
pdf_01000000__01003017___51aaa5bf95,独木关,01000000,1000000,《戏考》,《戏考》（1000000）,01003017,独木关,张士贵,pdf_01000000__01003017___51aaa5bf95__char__ed98663694,10,33,0.9091,0.6346,relations_aggregated
pdf_01000000__01003017___51aaa5bf95,独木关,01000000,1000000,《戏考》,《戏考》（1000000）,01003017,独木关,周青,pdf_01000000__01003017___51aaa5bf95__char__8ec00e2797,8,17,0.7273,0.3269,relations_aggregated
pdf_01000000__01003017___51aaa5bf95,独木关,01000000,1000000,《戏考》,《戏考》（1000000）,01003017,独木关,何宗宪,pdf_01000000__01003017___51aaa5bf95__char__bc81eecc92,7,21,0.6364,0.4038,relations_aggregated
pdf_01000000__01003017___51aaa5bf95,独木关,01000000,1000000,《戏考》,《戏考》（1000000）,01003017,独木关,众伙头军,pdf_01000000__01003017___51aaa5bf95__char__a484c5d1d3,6,14,0.5455,0.2692,relations_aggregated
pdf_01000000__01003017___51aaa5bf95,独木关,01000000,1000000,《戏考》,《戏考》（1000000）,01003017,独木关,龙套,pdf_01000000__01003017___51aaa5bf95__char__51be839e4c,6,8,0.5455,0.1538,relations_aggregated
pdf_01000000__01003017___51aaa5bf95,独木关,01000000,1000000,《戏考》,《戏考》（1000000）,01003017,独木关,张志龙,pdf_01000000__01003017___51aaa5bf95__char__209a08420f,4,13,0.3636,0.25,relations_aggregated
pdf_01000000__01003017___51aaa5bf95,独木关,01000000,1000000,《戏考》,《戏考》（1000000）,01003017,独木关,二老军,pdf_01000000__01003017___51aaa5bf95__char__389a3da4c8,3,20,0.2727,0.3846,relations_aggregated
pdf_01000000__01003017___51aaa5bf95,独木关,01000000,1000000,《戏考》,《戏考》（1000000）,01003017,独木关,中军,pdf_01000000__01003017___51aaa5bf95__char__dcce2afb9c,3,11,0.2727,0.2115,relations_aggregated
pdf_01000000__01003017___51aaa5bf95,独木关,01000000,1000000,《戏考》,《戏考》（1000000）,01003017,独木关,众人,pdf_01000000__01003017___51aaa5bf95__char__f80727d69e,2,2,0.1818,0.0385,relations_aggregated
pdf_01000000__01003017___51aaa5bf95,独木关,01000000,1000000,《戏考》,《戏考》（1000000）,01003017,独木关,蓝天弼,pdf_01000000__01003017___51aaa5bf95__char__614d98be09,1,1,0.0909,0.0192,relations_aggregated
pdf_01000000__01004001___ad83d28842,逍遥津,01000000,1000000,《戏考》,《戏考》（1000000）,01004001,逍遥津,曹操,pdf_01000000__01004001___ad83d28842__char__e1bd96b7dd,33,226,1.0,1.0,relations_aggregated
pdf_01000000__01004001___ad83d28842,逍遥津,01000000,1000000,《戏考》,《戏考》（1000000）,01004001,逍遥津,华歆,pdf_01000000__01004001___ad83d28842__char__c3323ed43f,19,93,0.5758,0.4115,relations_aggregated
pdf_01000000__01004001___ad83d28842,逍遥津,01000000,1000000,《戏考》,《戏考》（1000000）,01004001,逍遥津,汉献帝,pdf_01000000__01004001___ad83d28842__char__c5e9da9fa3,14,86,0.4242,0.3805,relations_aggregated
pdf_01000000__01004001___ad83d28842,逍遥津,01000000,1000000,《戏考》,《戏考》（1000000）,01004001,逍遥津,伏后,pdf_01000000__01004001___ad83d28842__char__9dd690d913,12,61,0.3636,0.2699,relations_aggregated
pdf_01000000__01004001___ad83d28842,逍遥津,01000000,1000000,《戏考》,《戏考》（1000000）,01004001,逍遥津,张辽,pdf_01000000__01004001___ad83d28842__char__d776eb269d,11,23,0.3333,0.1018,relations_aggregated
pdf_01000000__01004001___ad83d28842,逍遥津,01000000,1000000,《戏考》,《戏考》（1000000）,01004001,逍遥津,穆顺,pdf_01000000__01004001___ad83d28842__char__3fba7bea98,10,121,0.303,0.5354,relations_aggregated
pdf_01000000__01004001___ad83d28842,逍遥津,01000000,1000000,《戏考》,《戏考》（1000000）,01004001,逍遥津,曹妃,pdf_01000000__01004001___ad83d28842__char__9517bd5ccf,10,31,0.303,0.1372,relations_aggregated
pdf_01000000__01004001___ad83d28842,逍遥津,01000000,1000000,《戏考》,《戏考》（1000000）,01004001,逍遥津,二皇子,pdf_01000000__01004001___ad83d28842__char__c784474173,8,29,0.2424,0.1283,relations_aggregated
pdf_01000000__01004001___ad83d28842,逍遥津,01000000,1000000,《戏考》,《戏考》（1000000）,01004001,逍遥津,荀攸,pdf_01000000__01004001___ad83d28842__char__1a389cc956,8,15,0.2424,0.0664,relations_aggregated
pdf_01000000__01004001___ad83d28842,逍遥津,01000000,1000000,《戏考》,《戏考》（1000000）,01004001,逍遥津,贾诩,pdf_01000000__01004001___ad83d28842__char__c58aaf1cdb,7,8,0.2121,0.0354,relations_aggregated
pdf_01000000__01004001___ad83d28842,逍遥津,01000000,1000000,《戏考》,《戏考》（1000000）,01004001,逍遥津,司马懿,pdf_01000000__01004001___ad83d28842__char__2df9eac30e,6,19,0.1818,0.0841,relations_aggregated
pdf_01000000__01004001___ad83d28842,逍遥津,01000000,1000000,《戏考》,《戏考》（1000000）,01004001,逍遥津,夏侯渊,pdf_01000000__01004001___ad83d28842__char__394feb30ad,6,12,0.1818,0.0531,relations_aggregated
pdf_01000000__01004001___ad83d28842,逍遥津,01000000,1000000,《戏考》,《戏考》（1000000）,01004001,逍遥津,文聘,pdf_01000000__01004001___ad83d28842__char__94350a27fe,6,7,0.1818,0.031,relations_aggregated
pdf_01000000__01004001___ad83d28842,逍遥津,01000000,1000000,《戏考》,《戏考》（1000000）,01004001,逍遥津,院子,pdf_01000000__01004001___ad83d28842__char__aaab4af545,5,8,0.1515,0.0354,relations_aggregated
pdf_01000000__01004001___ad83d28842,逍遥津,01000000,1000000,《戏考》,《戏考》（1000000）,01004001,逍遥津,曹植,pdf_01000000__01004001___ad83d28842__char__2290058c52,4,6,0.1212,0.0265,relations_aggregated
pdf_01000000__01004001___ad83d28842,逍遥津,01000000,1000000,《戏考》,《戏考》（1000000）,01004001,逍遥津,太监,pdf_01000000__01004001___ad83d28842__char__07511305c7,3,5,0.0909,0.0221,relations_aggregated
pdf_01000000__01004001___ad83d28842,逍遥津,01000000,1000000,《戏考》,《戏考》（1000000）,01004001,逍遥津,四大铠,pdf_01000000__01004001___ad83d28842__char__6d709e0726,2,4,0.0606,0.0177,relations_aggregated
pdf_01000000__01004001___ad83d28842,逍遥津,01000000,1000000,《戏考》,《戏考》（1000000）,01004001,逍遥津,二旗牌,pdf_01000000__01004001___ad83d28842__char__0975451ac2,2,2,0.0606,0.0088,relations_aggregated
pdf_01000000__01004001___ad83d28842,逍遥津,01000000,1000000,《戏考》,《戏考》（1000000）,01004001,逍遥津,众人,pdf_01000000__01004001___ad83d28842__char__64ddc2ec1d,2,2,0.0606,0.0088,relations_aggregated
pdf_01000000__01004001___ad83d28842,逍遥津,01000000,1000000,《戏考》,《戏考》（1000000）,01004001,逍遥津,华散,pdf_01000000__01004001___ad83d28842__char__a3c4844f25,2,2,0.0606,0.0088,relations_aggregated
pdf_01000000__01004001___ad83d28842,逍遥津,01000000,1000000,《戏考》,《戏考》（1000000）,01004001,逍遥津,手下,pdf_01000000__01004001___ad83d28842__char__c16731aca0,2,2,0.0606,0.0088,relations_aggregated
pdf_01000000__01004001___ad83d28842,逍遥津,01000000,1000000,《戏考》,《戏考》（1000000）,01004001,逍遥津,穆顾,pdf_01000000__01004001___ad83d28842__char__3ed1c2e7ab,2,2,0.0606,0.0088,relations_aggregated
pdf_01000000__01004001___ad83d28842,逍遥津,01000000,1000000,《戏考》,《戏考》（1000000）,01004001,逍遥津,王粲,pdf_01000000__01004001___ad83d28842__char__f60689b848,2,2,0.0606,0.0088,relations_aggregated
pdf_01000000__01004001___ad83d28842,逍遥津,01000000,1000000,《戏考》,《戏考》（1000000）,01004001,逍遥津,郄虑,pdf_01000000__01004001___ad83d28842__char__5eba43198b,2,2,0.0606,0.0088,relations_aggregated
pdf_01000000__01004001___ad83d28842,逍遥津,01000000,1000000,《戏考》,《戏考》（1000000）,01004001,逍遥津,伏完,pdf_01000000__01004001___ad83d28842__char__64a86b2865,1,1,0.0303,0.0044,relations_aggregated
pdf_01000000__01004001___ad83d28842,逍遥津,01000000,1000000,《戏考》,《戏考》（1000000）,01004001,逍遥津,旗牌,pdf_01000000__01004001___ad83d28842__char__5ee7b2e403,1,1,0.0303,0.0044,relations_aggregated
pdf_01000000__01004004___a91ecdeeef,盗宗卷,01000000,1000000,《戏考》,《戏考》（1000000）,01004004,盗宗卷,陈平,pdf_01000000__01004004___a91ecdeeef__char__48d2ecb259,13,221,1.0,1.0,relations_aggregated
pdf_01000000__01004004___a91ecdeeef,盗宗卷,01000000,1000000,《戏考》,《戏考》（1000000）,01004004,盗宗卷,张苍,pdf_01000000__01004004___a91ecdeeef__char__f7e0ecae2c,13,199,1.0,0.9005,relations_aggregated
pdf_01000000__01004004___a91ecdeeef,盗宗卷,01000000,1000000,《戏考》,《戏考》（1000000）,01004004,盗宗卷,田子春,pdf_01000000__01004004___a91ecdeeef__char__138e569484,10,83,0.7692,0.3756,relations_aggregated
pdf_01000000__01004004___a91ecdeeef,盗宗卷,01000000,1000000,《戏考》,《戏考》（1000000）,01004004,盗宗卷,衙役乙,pdf_01000000__01004004___a91ecdeeef__char__384c2cbcbf,6,16,0.4615,0.0724,relations_aggregated
pdf_01000000__01004004___a91ecdeeef,盗宗卷,01000000,1000000,《戏考》,《戏考》（1000000）,01004004,盗宗卷,张夫人,pdf_01000000__01004004___a91ecdeeef__char__4e1093d1a9,5,22,0.3846,0.0995,relations_aggregated
pdf_01000000__01004004___a91ecdeeef,盗宗卷,01000000,1000000,《戏考》,《戏考》（1000000）,01004004,盗宗卷,吕后,pdf_01000000__01004004___a91ecdeeef__char__c17d915cca,5,28,0.3846,0.1267,relations_aggregated
pdf_01000000__01004004___a91ecdeeef,盗宗卷,01000000,1000000,《戏考》,《戏考》（1000000）,01004004,盗宗卷,衙役甲,pdf_01000000__01004004___a91ecdeeef__char__5c7a6ab0be,5,10,0.3846,0.0452,relations_aggregated
pdf_01000000__01004004___a91ecdeeef,盗宗卷,01000000,1000000,《戏考》,《戏考》（1000000）,01004004,盗宗卷,张秀玉,pdf_01000000__01004004___a91ecdeeef__char__fbce69208f,4,28,0.3077,0.1267,relations_aggregated
pdf_01000000__01004004___a91ecdeeef,盗宗卷,01000000,1000000,《戏考》,《戏考》（1000000）,01004004,盗宗卷,二衙役,pdf_01000000__01004004___a91ecdeeef__char__a1baa6b168,4,18,0.3077,0.0814,relations_aggregated
pdf_01000000__01004004___a91ecdeeef,盗宗卷,01000000,1000000,《戏考》,《戏考》（1000000）,01004004,盗宗卷,家院,pdf_01000000__01004004___a91ecdeeef__char__86956c08c7,3,10,0.2308,0.0452,relations_aggregated
pdf_01000000__01004004___a91ecdeeef,盗宗卷,01000000,1000000,《戏考》,《戏考》（1000000）,01004004,盗宗卷,太监,pdf_01000000__01004004___a91ecdeeef__char__30190ad64d,2,3,0.1538,0.0136,relations_aggregated
pdf_01000000__01004004___a91ecdeeef,盗宗卷,01000000,1000000,《戏考》,《戏考》（1000000）,01004004,盗宗卷,院子,pdf_01000000__01004004___a91ecdeeef__char__b255eb4e9b,2,2,0.1538,0.009,relations_aggregated
pdf_01000000__01004006___13b2265b9d,辕门射戟,01000000,1000000,《戏考》,《戏考》（1000000）,01004006,辕门射戟,吕布,pdf_01000000__01004006___13b2265b9d__char__916b136e7f,16,103,1.0,0.8374,relations_aggregated
pdf_01000000__01004006___13b2265b9d,辕门射戟,01000000,1000000,《戏考》,《戏考》（1000000）,01004006,辕门射戟,刘备,pdf_01000000__01004006___13b2265b9d__char__238f0dc566,14,112,0.875,0.9106,relations_aggregated
pdf_01000000__01004006___13b2265b9d,辕门射戟,01000000,1000000,《戏考》,《戏考》（1000000）,01004006,辕门射戟,张飞,pdf_01000000__01004006___13b2265b9d__char__173560819f,12,123,0.75,1.0,relations_aggregated
pdf_01000000__01004006___13b2265b9d,辕门射戟,01000000,1000000,《戏考》,《戏考》（1000000）,01004006,辕门射戟,纪灵,pdf_01000000__01004006___13b2265b9d__char__aae21e2109,12,60,0.75,0.4878,relations_aggregated
pdf_01000000__01004006___13b2265b9d,辕门射戟,01000000,1000000,《戏考》,《戏考》（1000000）,01004006,辕门射戟,中军,pdf_01000000__01004006___13b2265b9d__char__b524d7bcb1,10,23,0.625,0.187,relations_aggregated
pdf_01000000__01004006___13b2265b9d,辕门射戟,01000000,1000000,《戏考》,《戏考》（1000000）,01004006,辕门射戟,关羽,pdf_01000000__01004006___13b2265b9d__char__be46ac237c,7,23,0.4375,0.187,relations_aggregated
pdf_01000000__01004006___13b2265b9d,辕门射戟,01000000,1000000,《戏考》,《戏考》（1000000）,01004006,辕门射戟,旗牌,pdf_01000000__01004006___13b2265b9d__char__7fb4a8e292,6,11,0.375,0.0894,relations_aggregated
pdf_01000000__01004006___13b2265b9d,辕门射戟,01000000,1000000,《戏考》,《戏考》（1000000）,01004006,辕门射戟,龙套,pdf_01000000__01004006___13b2265b9d__char__dfb729e051,5,8,0.3125,0.065,relations_aggregated
pdf_01000000__01004006___13b2265b9d,辕门射戟,01000000,1000000,《戏考》,《戏考》（1000000）,01004006,辕门射戟,报子,pdf_01000000__01004006___13b2265b9d__char__da11a22ecc,5,7,0.3125,0.0569,relations_aggregated
pdf_01000000__01004006___13b2265b9d,辕门射戟,01000000,1000000,《戏考》,《戏考》（1000000）,01004006,辕门射戟,下书人,pdf_01000000__01004006___13b2265b9d__char__67a777d840,4,9,0.25,0.0732,relations_aggregated
pdf_01000000__01004006___13b2265b9d,辕门射戟,01000000,1000000,《戏考》,《戏考》（1000000）,01004006,辕门射戟,雷同,pdf_01000000__01004006___13b2265b9d__char__c1e8379e9e,2,4,0.125,0.0325,relations_aggregated
pdf_01000000__01004006___13b2265b9d,辕门射戟,01000000,1000000,《戏考》,《戏考》（1000000）,01004006,辕门射戟,吴兰,pdf_01000000__01004006___13b2265b9d__char__2ab7647889,1,1,0.0625,0.0081,relations_aggregated
pdf_01000000__01004007___a24f152422,取荥阳,01000000,1000000,《戏考》,《戏考》（1000000）,01004007,取荥阳,张良,pdf_01000000__01004007___a24f152422__char__e10527aec4,12,72,1.0,0.6729,relations_aggregated
pdf_01000000__01004007___a24f152422,取荥阳,01000000,1000000,《戏考》,《戏考》（1000000）,01004007,取荥阳,纪信,pdf_01000000__01004007___a24f152422__char__a372b268f6,10,68,0.8333,0.6355,relations_aggregated
pdf_01000000__01004007___a24f152422,取荥阳,01000000,1000000,《戏考》,《戏考》（1000000）,01004007,取荥阳,刘邦,pdf_01000000__01004007___a24f152422__char__0f4752d27f,10,107,0.8333,1.0,relations_aggregated
pdf_01000000__01004007___a24f152422,取荥阳,01000000,1000000,《戏考》,《戏考》（1000000）,01004007,取荥阳,随何,pdf_01000000__01004007___a24f152422__char__29c0118b8f,8,26,0.6667,0.243,relations_aggregated
pdf_01000000__01004007___a24f152422,取荥阳,01000000,1000000,《戏考》,《戏考》（1000000）,01004007,取荥阳,陈平,pdf_01000000__01004007___a24f152422__char__6d6196f178,6,22,0.5,0.2056,relations_aggregated
pdf_01000000__01004007___a24f152422,取荥阳,01000000,1000000,《戏考》,《戏考》（1000000）,01004007,取荥阳,项羽,pdf_01000000__01004007___a24f152422__char__ab10a2c068,4,23,0.3333,0.215,relations_aggregated
pdf_01000000__01004007___a24f152422,取荥阳,01000000,1000000,《戏考》,《戏考》（1000000）,01004007,取荥阳,曹参,pdf_01000000__01004007___a24f152422__char__ed4859245c,4,7,0.3333,0.0654,relations_aggregated
pdf_01000000__01004007___a24f152422,取荥阳,01000000,1000000,《戏考》,《戏考》（1000000）,01004007,取荥阳,童儿,pdf_01000000__01004007___a24f152422__char__5ef79b5159,2,4,0.1667,0.0374,relations_aggregated
pdf_01000000__01004007___a24f152422,取荥阳,01000000,1000000,《戏考》,《戏考》（1000000）,01004007,取荥阳,周勃,pdf_01000000__01004007___a24f152422__char__4b8f645a07,2,2,0.1667,0.0187,relations_aggregated
pdf_01000000__01004007___a24f152422,取荥阳,01000000,1000000,《戏考》,《戏考》（1000000）,01004007,取荥阳,随何张良,pdf_01000000__01004007___a24f152422__char__c4ab11050a,2,2,0.1667,0.0187,relations_aggregated
pdf_01000000__01004007___a24f152422,取荥阳,01000000,1000000,《戏考》,《戏考》（1000000）,01004007,取荥阳,龙套,pdf_01000000__01004007___a24f152422__char__2069c035f9,1,2,0.0833,0.0187,relations_aggregated
pdf_01000000__01004007___a24f152422,取荥阳,01000000,1000000,《戏考》,《戏考》（1000000）,01004007,取荥阳,众人,pdf_01000000__01004007___a24f152422__char__8abcd73d3b,1,1,0.0833,0.0093,relations_aggregated
pdf_01000000__01004009___abe4e0ff20,忠孝全,01000000,1000000,《戏考》,《戏考》（1000000）,01004009,忠孝全,秦季龙,pdf_01000000__01004009___abe4e0ff20__char__3e8f57054a,14,135,1.0,0.9375,relations_aggregated
pdf_01000000__01004009___abe4e0ff20,忠孝全,01000000,1000000,《戏考》,《戏考》（1000000）,01004009,忠孝全,王振,pdf_01000000__01004009___abe4e0ff20__char__4bbc7c76fc,12,144,0.8571,1.0,relations_aggregated
pdf_01000000__01004009___abe4e0ff20,忠孝全,01000000,1000000,《戏考》,《戏考》（1000000）,01004009,忠孝全,中军,pdf_01000000__01004009___abe4e0ff20__char__a476b9af3e,12,106,0.8571,0.7361,relations_aggregated
pdf_01000000__01004009___abe4e0ff20,忠孝全,01000000,1000000,《戏考》,《戏考》（1000000）,01004009,忠孝全,秦洪,pdf_01000000__01004009___abe4e0ff20__char__d1234dcda6,7,67,0.5,0.4653,relations_aggregated
pdf_01000000__01004009___abe4e0ff20,忠孝全,01000000,1000000,《戏考》,《戏考》（1000000）,01004009,忠孝全,安太,pdf_01000000__01004009___abe4e0ff20__char__bf427c86fc,7,66,0.5,0.4583,relations_aggregated
pdf_01000000__01004009___abe4e0ff20,忠孝全,01000000,1000000,《戏考》,《戏考》（1000000）,01004009,忠孝全,众人,pdf_01000000__01004009___abe4e0ff20__char__c3c0fd245f,7,22,0.5,0.1528,relations_aggregated
pdf_01000000__01004009___abe4e0ff20,忠孝全,01000000,1000000,《戏考》,《戏考》（1000000）,01004009,忠孝全,金鳌,pdf_01000000__01004009___abe4e0ff20__char__6231eb3eec,7,15,0.5,0.1042,relations_aggregated
pdf_01000000__01004009___abe4e0ff20,忠孝全,01000000,1000000,《戏考》,《戏考》（1000000）,01004009,忠孝全,龙套,pdf_01000000__01004009___abe4e0ff20__char__3dd88cb25d,5,22,0.3571,0.1528,relations_aggregated
pdf_01000000__01004009___abe4e0ff20,忠孝全,01000000,1000000,《戏考》,《戏考》（1000000）,01004009,忠孝全,报子,pdf_01000000__01004009___abe4e0ff20__char__339fd0b209,3,3,0.2143,0.0208,relations_aggregated
pdf_01000000__01004009___abe4e0ff20,忠孝全,01000000,1000000,《戏考》,《戏考》（1000000）,01004009,忠孝全,刀斧手,pdf_01000000__01004009___abe4e0ff20__char__d196dc36f7,2,2,0.1429,0.0139,relations_aggregated
pdf_01000000__01004009___abe4e0ff20,忠孝全,01000000,1000000,《戏考》,《戏考》（1000000）,01004009,忠孝全,四番将,pdf_01000000__01004009___abe4e0ff20__char__90b975796d,2,2,0.1429,0.0139,relations_aggregated
pdf_01000000__01004009___abe4e0ff20,忠孝全,01000000,1000000,《戏考》,《戏考》（1000000）,01004009,忠孝全,手,pdf_01000000__01004009___abe4e0ff20__char__3f548676bc,2,2,0.1429,0.0139,relations_aggregated
pdf_01000000__01004010___47767989be,双投唐,01000000,1000000,《戏考》,《戏考》（1000000）,01004010,双投唐,李世民,pdf_01000000__01004010___47767989be__char__51c26c1512,14,97,1.0,0.5543,relations_aggregated
pdf_01000000__01004010___47767989be,双投唐,01000000,1000000,《戏考》,《戏考》（1000000）,01004010,双投唐,王伯党,pdf_01000000__01004010___47767989be__char__6b51127102,11,175,0.7857,1.0,relations_aggregated
pdf_01000000__01004010___47767989be,双投唐,01000000,1000000,《戏考》,《戏考》（1000000）,01004010,双投唐,李密,pdf_01000000__01004010___47767989be__char__ba6ab633f9,9,169,0.6429,0.9657,relations_aggregated
pdf_01000000__01004010___47767989be,双投唐,01000000,1000000,《戏考》,《戏考》（1000000）,01004010,双投唐,李渊,pdf_01000000__01004010___47767989be__char__3ca1d86627,8,50,0.5714,0.2857,relations_aggregated
pdf_01000000__01004010___47767989be,双投唐,01000000,1000000,《戏考》,《戏考》（1000000）,01004010,双投唐,河阳公主,pdf_01000000__01004010___47767989be__char__21fba96d66,6,23,0.4286,0.1314,relations_aggregated
pdf_01000000__01004010___47767989be,双投唐,01000000,1000000,《戏考》,《戏考》（1000000）,01004010,双投唐,殷开山,pdf_01000000__01004010___47767989be__char__98f73f924f,4,8,0.2857,0.0457,relations_aggregated
pdf_01000000__01004010___47767989be,双投唐,01000000,1000000,《戏考》,《戏考》（1000000）,01004010,双投唐,内侍,pdf_01000000__01004010___47767989be__char__9c36338f07,4,4,0.2857,0.0229,relations_aggregated
pdf_01000000__01004010___47767989be,双投唐,01000000,1000000,《戏考》,《戏考》（1000000）,01004010,双投唐,太监,pdf_01000000__01004010___47767989be__char__1873e34f9f,4,4,0.2857,0.0229,relations_aggregated
pdf_01000000__01004010___47767989be,双投唐,01000000,1000000,《戏考》,《戏考》（1000000）,01004010,双投唐,龙套,pdf_01000000__01004010___47767989be__char__ff8b516422,2,6,0.1429,0.0343,relations_aggregated
pdf_01000000__01004010___47767989be,双投唐,01000000,1000000,《戏考》,《戏考》（1000000）,01004010,双投唐,大太监,pdf_01000000__01004010___47767989be__char__bf942bf811,2,2,0.1429,0.0114,relations_aggregated
pdf_01000000__01004010___47767989be,双投唐,01000000,1000000,《戏考》,《戏考》（1000000）,01004010,双投唐,宫女,pdf_01000000__01004010___47767989be__char__dc2ee904eb,2,2,0.1429,0.0114,relations_aggregated
pdf_01000000__01004010___47767989be,双投唐,01000000,1000000,《戏考》,《戏考》（1000000）,01004010,双投唐,刘洪基,pdf_01000000__01004010___47767989be__char__769dcc8b8a,1,1,0.0714,0.0057,relations_aggregated
pdf_01000000__01004010___47767989be,双投唐,01000000,1000000,《戏考》,《戏考》（1000000）,01004010,双投唐,段之贤,pdf_01000000__01004010___47767989be__char__adc12b3a76,1,1,0.0714,0.0057,relations_aggregated
pdf_01000000__01004010___47767989be,双投唐,01000000,1000000,《戏考》,《戏考》（1000000）,01004010,双投唐,马三保,pdf_01000000__01004010___47767989be__char__1f20da902c,1,1,0.0714,0.0057,relations_aggregated
pdf_01000000__01004010___47767989be,双投唐,01000000,1000000,《戏考》,《戏考》（1000000）,01004010,双投唐,众人,pdf_01000000__01004010___47767989be__char__0feead8e39,1,1,0.0714,0.0057,relations_aggregated
pdf_01000000__01004011___c0be635aa4,飞虎山,01000000,1000000,《戏考》,《戏考》（1000000）,01004011,飞虎山,李克用,pdf_01000000__01004011___c0be635aa4__char__e0628090dc,11,64,1.0,1.0,relations_aggregated
pdf_01000000__01004011___c0be635aa4,飞虎山,01000000,1000000,《戏考》,《戏考》（1000000）,01004011,飞虎山,安敬思,pdf_01000000__01004011___c0be635aa4__char__54e81e3f17,5,27,0.4545,0.4219,relations_aggregated
pdf_01000000__01004011___c0be635aa4,飞虎山,01000000,1000000,《戏考》,《戏考》（1000000）,01004011,飞虎山,龙套,pdf_01000000__01004011___c0be635aa4__char__67e6b7bb6b,5,18,0.4545,0.2812,relations_aggregated
pdf_01000000__01004011___c0be635aa4,飞虎山,01000000,1000000,《戏考》,《戏考》（1000000）,01004011,飞虎山,土地,pdf_01000000__01004011___c0be635aa4__char__d96d2fccff,3,17,0.2727,0.2656,relations_aggregated
pdf_01000000__01004011___c0be635aa4,飞虎山,01000000,1000000,《戏考》,《戏考》（1000000）,01004011,飞虎山,四将,pdf_01000000__01004011___c0be635aa4__char__61714409d4,2,10,0.1818,0.1562,relations_aggregated
pdf_01000000__01004011___c0be635aa4,飞虎山,01000000,1000000,《戏考》,《戏考》（1000000）,01004011,飞虎山,周德威,pdf_01000000__01004011___c0be635aa4__char__4a0ef97c15,2,6,0.1818,0.0938,relations_aggregated
pdf_01000000__01004011___c0be635aa4,飞虎山,01000000,1000000,《戏考》,《戏考》（1000000）,01004011,飞虎山,李嗣源,pdf_01000000__01004011___c0be635aa4__char__55392070f3,2,6,0.1818,0.0938,relations_aggregated
pdf_01000000__01004012___2ea5375b61,女起解,01000000,1000000,《戏考》,《戏考》（1000000）,01004012,女起解,张公道,pdf_01000000__01004012___2ea5375b61__char__61048cf418,8,29,1.0,1.0,relations_aggregated
pdf_01000000__01004012___2ea5375b61,女起解,01000000,1000000,《戏考》,《戏考》（1000000）,01004012,女起解,苏三,pdf_01000000__01004012___2ea5375b61__char__c8bd1558f6,5,20,0.625,0.6897,relations_aggregated
pdf_01000000__01004012___2ea5375b61,女起解,01000000,1000000,《戏考》,《戏考》（1000000）,01004012,女起解,狱官,pdf_01000000__01004012___2ea5375b61__char__2c2a7f33f8,4,9,0.5,0.3103,relations_aggregated
pdf_01000000__01004012___2ea5375b61,女起解,01000000,1000000,《戏考》,《戏考》（1000000）,01004012,女起解,禁子,pdf_01000000__01004012___2ea5375b61__char__5b3ec65f25,3,4,0.375,0.1379,relations_aggregated
pdf_01000000__01004012___2ea5375b61,女起解,01000000,1000000,《戏考》,《戏考》（1000000）,01004012,女起解,客人,pdf_01000000__01004012___2ea5375b61__char__8f9f6d4aa7,2,2,0.25,0.069,relations_aggregated
pdf_01000000__01004014___d6eca0fe85,遗翠花,01000000,1000000,《戏考》,《戏考》（1000000）,01004014,遗翠花,相公,pdf_01000000__01004014___d6eca0fe85__char__8a2a62d872,8,27,1.0,0.8182,relations_aggregated
pdf_01000000__01004014___d6eca0fe85,遗翠花,01000000,1000000,《戏考》,《戏考》（1000000）,01004014,遗翠花,翠香,pdf_01000000__01004014___d6eca0fe85__char__98e42ad287,7,33,0.875,1.0,relations_aggregated
pdf_01000000__01004014___d6eca0fe85,遗翠花,01000000,1000000,《戏考》,《戏考》（1000000）,01004014,遗翠花,老夫人,pdf_01000000__01004014___d6eca0fe85__char__75dcd83458,6,14,0.75,0.4242,relations_aggregated
pdf_01000000__01004014___d6eca0fe85,遗翠花,01000000,1000000,《戏考》,《戏考》（1000000）,01004014,遗翠花,小姐,pdf_01000000__01004014___d6eca0fe85__char__4dbc7fe4f9,6,9,0.75,0.2727,relations_aggregated
pdf_01000000__01004014___d6eca0fe85,遗翠花,01000000,1000000,《戏考》,《戏考》（1000000）,01004014,遗翠花,翠香相公,pdf_01000000__01004014___d6eca0fe85__char__1ccf7b99c7,3,3,0.375,0.0909,relations_aggregated
pdf_01000000__01004015___871e6f9883,新安驿,01000000,1000000,《戏考》,《戏考》（1000000）,01004015,新安驿,李氏,pdf_01000000__01004015___871e6f9883__char__b4ba184e77,7,40,1.0,0.9756,relations_aggregated
pdf_01000000__01004015___871e6f9883,新安驿,01000000,1000000,《戏考》,《戏考》（1000000）,01004015,新安驿,罗雁,pdf_01000000__01004015___871e6f9883__char__590fed4f40,7,41,1.0,1.0,relations_aggregated
pdf_01000000__01004015___871e6f9883,新安驿,01000000,1000000,《戏考》,《戏考》（1000000）,01004015,新安驿,赵美容,pdf_01000000__01004015___871e6f9883__char__92eb3301aa,7,36,1.0,0.878,relations_aggregated
pdf_01000000__01004015___871e6f9883,新安驿,01000000,1000000,《戏考》,《戏考》（1000000）,01004015,新安驿,周凤英,pdf_01000000__01004015___871e6f9883__char__235ca2f915,7,39,1.0,0.9512,relations_aggregated
pdf_01000000__01004015___871e6f9883,新安驿,01000000,1000000,《戏考》,《戏考》（1000000）,01004015,新安驿,众人,pdf_01000000__01004015___871e6f9883__char__c95979967f,4,4,0.5714,0.0976,relations_aggregated
pdf_01000000__01004016___8e04e3a822,小上坟,01000000,1000000,《戏考》,《戏考》（1000000）,01004016,小上坟,萧素贞,pdf_01000000__01004016___8e04e3a822__char__5350ba1219,6,21,1.0,0.875,relations_aggregated
pdf_01000000__01004016___8e04e3a822,小上坟,01000000,1000000,《戏考》,《戏考》（1000000）,01004016,小上坟,刘禄敬,pdf_01000000__01004016___8e04e3a822__char__049a62ab9c,6,24,1.0,1.0,relations_aggregated
pdf_01000000__01004016___8e04e3a822,小上坟,01000000,1000000,《戏考》,《戏考》（1000000）,01004016,小上坟,青袍甲,pdf_01000000__01004016___8e04e3a822__char__688a51a7a5,5,10,0.8333,0.4167,relations_aggregated
pdf_01000000__01004016___8e04e3a822,小上坟,01000000,1000000,《戏考》,《戏考》（1000000）,01004016,小上坟,青袍,pdf_01000000__01004016___8e04e3a822__char__bed30bf88c,5,7,0.8333,0.2917,relations_aggregated
pdf_01000000__01005001___8bae4c8a7d,武家坡,01000000,1000000,《戏考》,《戏考》（1000000）,01005001,武家坡,王宝钏,pdf_01000000__01005001___8bae4c8a7d__char__1d2367a08b,4,23,1.0,0.8519,relations_aggregated
pdf_01000000__01005001___8bae4c8a7d,武家坡,01000000,1000000,《戏考》,《戏考》（1000000）,01005001,武家坡,薛平贵,pdf_01000000__01005001___8bae4c8a7d__char__b74cd28ad0,4,27,1.0,1.0,relations_aggregated
pdf_01000000__01005001___8bae4c8a7d,武家坡,01000000,1000000,《戏考》,《戏考》（1000000）,01005001,武家坡,大嫂,pdf_01000000__01005001___8bae4c8a7d__char__fd85e697a4,4,10,1.0,0.3704,relations_aggregated
pdf_01000000__01005002___c9467a74fd,浣纱记,01000000,1000000,《戏考》,《戏考》（1000000）,01005002,浣纱记,伍员,pdf_01000000__01005002___c9467a74fd__char__a4637c1ac0,4,34,1.0,1.0,relations_aggregated
pdf_01000000__01005002___c9467a74fd,浣纱记,01000000,1000000,《戏考》,《戏考》（1000000）,01005002,浣纱记,浣纱女,pdf_01000000__01005002___c9467a74fd__char__e631f33369,2,18,0.5,0.5294,relations_aggregated
pdf_01000000__01005002___c9467a74fd,浣纱记,01000000,1000000,《戏考》,《戏考》（1000000）,01005002,浣纱记,渔父,pdf_01000000__01005002___c9467a74fd__char__31638d7fa8,2,16,0.5,0.4706,relations_aggregated
pdf_01000000__01005003___0fd7bac795,天雷报,01000000,1000000,《戏考》,《戏考》（1000000）,01005003,天雷报,张元秀,pdf_01000000__01005003___0fd7bac795__char__c7ec23b828,8,31,1.0,1.0,relations_aggregated
pdf_01000000__01005003___0fd7bac795,天雷报,01000000,1000000,《戏考》,《戏考》（1000000）,01005003,天雷报,周小义,pdf_01000000__01005003___0fd7bac795__char__e14cce40e0,8,11,1.0,0.3548,relations_aggregated
pdf_01000000__01005003___0fd7bac795,天雷报,01000000,1000000,《戏考》,《戏考》（1000000）,01005003,天雷报,张继保,pdf_01000000__01005003___0fd7bac795__char__39b9859c95,8,11,1.0,0.3548,relations_aggregated
pdf_01000000__01005003___0fd7bac795,天雷报,01000000,1000000,《戏考》,《戏考》（1000000）,01005003,天雷报,周氏,pdf_01000000__01005003___0fd7bac795__char__c6d292073d,6,25,0.75,0.8065,relations_aggregated
pdf_01000000__01005003___0fd7bac795,天雷报,01000000,1000000,《戏考》,《戏考》（1000000）,01005003,天雷报,青袍甲,pdf_01000000__01005003___0fd7bac795__char__711920e6ae,3,3,0.375,0.0968,relations_aggregated
pdf_01000000__01005003___0fd7bac795,天雷报,01000000,1000000,《戏考》,《戏考》（1000000）,01005003,天雷报,雷祖,pdf_01000000__01005003___0fd7bac795__char__88def7ca10,2,2,0.25,0.0645,relations_aggregated
pdf_01000000__01005003___0fd7bac795,天雷报,01000000,1000000,《戏考》,《戏考》（1000000）,01005003,天雷报,周桂英,pdf_01000000__01005003___0fd7bac795__char__f56ae17cc0,2,2,0.25,0.0645,relations_aggregated
pdf_01000000__01005003___0fd7bac795,天雷报,01000000,1000000,《戏考》,《戏考》（1000000）,01005003,天雷报,薛荣,pdf_01000000__01005003___0fd7bac795__char__8276a413a0,2,2,0.25,0.0645,relations_aggregated
pdf_01000000__01005003___0fd7bac795,天雷报,01000000,1000000,《戏考》,《戏考》（1000000）,01005003,天雷报,雷神,pdf_01000000__01005003___0fd7bac795__char__73401f7c81,1,1,0.125,0.0323,relations_aggregated
pdf_01000000__01005005___45b85eecde,沙陀国,01000000,1000000,《戏考》,《戏考》（1000000）,01005005,沙陀国,李嗣源,pdf_01000000__01005005___45b85eecde__char__f516dfdda5,9,20,1.0,0.625,relations_aggregated
pdf_01000000__01005005___45b85eecde,沙陀国,01000000,1000000,《戏考》,《戏考》（1000000）,01005005,沙陀国,程敬思,pdf_01000000__01005005___45b85eecde__char__b25af6be5c,7,25,0.7778,0.7812,relations_aggregated
pdf_01000000__01005005___45b85eecde,沙陀国,01000000,1000000,《戏考》,《戏考》（1000000）,01005005,沙陀国,李克用,pdf_01000000__01005005___45b85eecde__char__06447e59c7,7,32,0.7778,1.0,relations_aggregated
pdf_01000000__01005005___45b85eecde,沙陀国,01000000,1000000,《戏考》,《戏考》（1000000）,01005005,沙陀国,二王娘,pdf_01000000__01005005___45b85eecde__char__d9adcbe137,7,13,0.7778,0.4062,relations_aggregated
pdf_01000000__01005005___45b85eecde,沙陀国,01000000,1000000,《戏考》,《戏考》（1000000）,01005005,沙陀国,大王娘,pdf_01000000__01005005___45b85eecde__char__f016b02d6d,5,7,0.5556,0.2188,relations_aggregated
pdf_01000000__01005005___45b85eecde,沙陀国,01000000,1000000,《戏考》,《戏考》（1000000）,01005005,沙陀国,龙套,pdf_01000000__01005005___45b85eecde__char__e6968cec1a,2,2,0.2222,0.0625,relations_aggregated
pdf_01000000__01005005___45b85eecde,沙陀国,01000000,1000000,《戏考》,《戏考》（1000000）,01005005,沙陀国,众人,pdf_01000000__01005005___45b85eecde__char__1ebb95b5c9,1,1,0.1111,0.0312,relations_aggregated
pdf_01000000__01005006___1bd930fcea,六月雪,01000000,1000000,《戏考》,《戏考》（1000000）,01005006,六月雪,窦娥,pdf_01000000__01005006___1bd930fcea__char__ece64c2982,11,46,1.0,1.0,relations_aggregated
pdf_01000000__01005006___1bd930fcea,六月雪,01000000,1000000,《戏考》,《戏考》（1000000）,01005006,六月雪,蔡母,pdf_01000000__01005006___1bd930fcea__char__f50c02d7f7,7,25,0.6364,0.5435,relations_aggregated
pdf_01000000__01005006___1bd930fcea,六月雪,01000000,1000000,《戏考》,《戏考》（1000000）,01005006,六月雪,钱惠命,pdf_01000000__01005006___1bd930fcea__char__ea527521fa,7,16,0.6364,0.3478,relations_aggregated
pdf_01000000__01005006___1bd930fcea,六月雪,01000000,1000000,《戏考》,《戏考》（1000000）,01005006,六月雪,禁婆,pdf_01000000__01005006___1bd930fcea__char__5066eb0a12,6,27,0.5455,0.587,relations_aggregated
pdf_01000000__01005006___1bd930fcea,六月雪,01000000,1000000,《戏考》,《戏考》（1000000）,01005006,六月雪,二刀斧手,pdf_01000000__01005006___1bd930fcea__char__1b662e29ad,6,12,0.5455,0.2609,relations_aggregated
pdf_01000000__01005006___1bd930fcea,六月雪,01000000,1000000,《戏考》,《戏考》（1000000）,01005006,六月雪,旗牌,pdf_01000000__01005006___1bd930fcea__char__f977adea5d,4,9,0.3636,0.1957,relations_aggregated
pdf_01000000__01005006___1bd930fcea,六月雪,01000000,1000000,《戏考》,《戏考》（1000000）,01005006,六月雪,众人,pdf_01000000__01005006___1bd930fcea__char__88f0ee865b,1,1,0.0909,0.0217,relations_aggregated
pdf_01000000__01005009___5df172a065,孝感天,01000000,1000000,《戏考》,《戏考》（1000000）,01005009,孝感天,魏氏,pdf_01000000__01005009___5df172a065__char__faf7f07456,6,21,1.0,0.913,relations_aggregated
pdf_01000000__01005009___5df172a065,孝感天,01000000,1000000,《戏考》,《戏考》（1000000）,01005009,孝感天,共叔段,pdf_01000000__01005009___5df172a065__char__a6f3be951f,5,23,0.8333,1.0,relations_aggregated
pdf_01000000__01005009___5df172a065,孝感天,01000000,1000000,《戏考》,《戏考》（1000000）,01005009,孝感天,武姜,pdf_01000000__01005009___5df172a065__char__0d51cb8567,5,16,0.8333,0.6957,relations_aggregated
pdf_01000000__01005009___5df172a065,孝感天,01000000,1000000,《戏考》,《戏考》（1000000）,01005009,孝感天,龙套,pdf_01000000__01005009___5df172a065__char__258998f6a4,2,4,0.3333,0.1739,relations_aggregated
pdf_01000000__01005009___5df172a065,孝感天,01000000,1000000,《戏考》,《戏考》（1000000）,01005009,孝感天,二宫女,pdf_01000000__01005009___5df172a065__char__abe54ec91f,2,2,0.3333,0.087,relations_aggregated
pdf_01000000__01005010___9c2a4af4c4,御碑亭,01000000,1000000,《戏考》,《戏考》（1000000）,01005010,御碑亭,王有道,pdf_01000000__01005010___9c2a4af4c4__char__6b55d1ef0f,21,131,1.0,0.8912,relations_aggregated
pdf_01000000__01005010___9c2a4af4c4,御碑亭,01000000,1000000,《戏考》,《戏考》（1000000）,01005010,御碑亭,申嵩,pdf_01000000__01005010___9c2a4af4c4__char__f2ded23f34,15,62,0.7143,0.4218,relations_aggregated
pdf_01000000__01005010___9c2a4af4c4,御碑亭,01000000,1000000,《戏考》,《戏考》（1000000）,01005010,御碑亭,孟月华,pdf_01000000__01005010___9c2a4af4c4__char__093c0e2e74,14,147,0.6667,1.0,relations_aggregated
pdf_01000000__01005010___9c2a4af4c4,御碑亭,01000000,1000000,《戏考》,《戏考》（1000000）,01005010,御碑亭,孟德禄,pdf_01000000__01005010___9c2a4af4c4__char__43db383770,9,41,0.4286,0.2789,relations_aggregated
pdf_01000000__01005010___9c2a4af4c4,御碑亭,01000000,1000000,《戏考》,《戏考》（1000000）,01005010,御碑亭,孟明时,pdf_01000000__01005010___9c2a4af4c4__char__ea8a072768,8,42,0.381,0.2857,relations_aggregated
pdf_01000000__01005010___9c2a4af4c4,御碑亭,01000000,1000000,《戏考》,《戏考》（1000000）,01005010,御碑亭,柳生春,pdf_01000000__01005010___9c2a4af4c4__char__bfdd568ddf,8,38,0.381,0.2585,relations_aggregated
pdf_01000000__01005010___9c2a4af4c4,御碑亭,01000000,1000000,《戏考》,《戏考》（1000000）,01005010,御碑亭,孟夫人,pdf_01000000__01005010___9c2a4af4c4__char__0104a3054d,7,41,0.3333,0.2789,relations_aggregated
pdf_01000000__01005010___9c2a4af4c4,御碑亭,01000000,1000000,《戏考》,《戏考》（1000000）,01005010,御碑亭,二进士,pdf_01000000__01005010___9c2a4af4c4__char__caf80067fa,6,18,0.2857,0.1224,relations_aggregated
pdf_01000000__01005010___9c2a4af4c4,御碑亭,01000000,1000000,《戏考》,《戏考》（1000000）,01005010,御碑亭,王淑英,pdf_01000000__01005010___9c2a4af4c4__char__7c8b4fd422,5,82,0.2381,0.5578,relations_aggregated
pdf_01000000__01005010___9c2a4af4c4,御碑亭,01000000,1000000,《戏考》,《戏考》（1000000）,01005010,御碑亭,堂役,pdf_01000000__01005010___9c2a4af4c4__char__2c17314d32,5,16,0.2381,0.1088,relations_aggregated
pdf_01000000__01005010___9c2a4af4c4,御碑亭,01000000,1000000,《戏考》,《戏考》（1000000）,01005010,御碑亭,家院,pdf_01000000__01005010___9c2a4af4c4__char__bfbe0eb59f,3,8,0.1429,0.0544,relations_aggregated
pdf_01000000__01005010___9c2a4af4c4,御碑亭,01000000,1000000,《戏考》,《戏考》（1000000）,01005010,御碑亭,四房官,pdf_01000000__01005010___9c2a4af4c4__char__9f5b106e04,3,7,0.1429,0.0476,relations_aggregated
pdf_01000000__01005010___9c2a4af4c4,御碑亭,01000000,1000000,《戏考》,《戏考》（1000000）,01005010,御碑亭,衙役,pdf_01000000__01005010___9c2a4af4c4__char__bd95caad9f,3,4,0.1429,0.0272,relations_aggregated
pdf_01000000__01005010___9c2a4af4c4,御碑亭,01000000,1000000,《戏考》,《戏考》（1000000）,01005010,御碑亭,报子,pdf_01000000__01005010___9c2a4af4c4__char__68ee17fc0d,2,10,0.0952,0.068,relations_aggregated
pdf_01000000__01005010___9c2a4af4c4,御碑亭,01000000,1000000,《戏考》,《戏考》（1000000）,01005010,御碑亭,二堂役,pdf_01000000__01005010___9c2a4af4c4__char__84b6e4c13d,2,6,0.0952,0.0408,relations_aggregated
pdf_01000000__01005010___9c2a4af4c4,御碑亭,01000000,1000000,《戏考》,《戏考》（1000000）,01005010,御碑亭,龙套,pdf_01000000__01005010___9c2a4af4c4__char__67a8d38aff,2,2,0.0952,0.0136,relations_aggregated
pdf_01000000__01005010___9c2a4af4c4,御碑亭,01000000,1000000,《戏考》,《戏考》（1000000）,01005010,御碑亭,进士甲,pdf_01000000__01005010___9c2a4af4c4__char__c6a25b69fe,2,2,0.0952,0.0136,relations_aggregated
pdf_01000000__01005010___9c2a4af4c4,御碑亭,01000000,1000000,《戏考》,《戏考》（1000000）,01005010,御碑亭,功曹,pdf_01000000__01005010___9c2a4af4c4__char__f4964b7828,1,2,0.0476,0.0136,relations_aggregated
pdf_01000000__01005010___9c2a4af4c4,御碑亭,01000000,1000000,《戏考》,《戏考》（1000000）,01005010,御碑亭,朱衣神,pdf_01000000__01005010___9c2a4af4c4__char__b4ea589927,1,2,0.0476,0.0136,relations_aggregated
pdf_01000000__01005010___9c2a4af4c4,御碑亭,01000000,1000000,《戏考》,《戏考》（1000000）,01005010,御碑亭,奉茶,pdf_01000000__01005010___9c2a4af4c4__char__1857753bfc,1,1,0.0476,0.0068,relations_aggregated
pdf_01000000__01005010___9c2a4af4c4,御碑亭,01000000,1000000,《戏考》,《戏考》（1000000）,01005010,御碑亭,审嵩,pdf_01000000__01005010___9c2a4af4c4__char__efa1b68a30,1,1,0.0476,0.0068,relations_aggregated
pdf_01000000__01005010___9c2a4af4c4,御碑亭,01000000,1000000,《戏考》,《戏考》（1000000）,01005010,御碑亭,众人,pdf_01000000__01005010___9c2a4af4c4__char__0412e22f98,1,1,0.0476,0.0068,relations_aggregated
pdf_01000000__01005011___ce48065512,回荆州,01000000,1000000,《戏考》,《戏考》（1000000）,01005011,回荆州,诸葛亮,pdf_01000000__01005011___ce48065512__char__3630d553f6,26,66,1.0,0.5,relations_aggregated
pdf_01000000__01005011___ce48065512,回荆州,01000000,1000000,《戏考》,《戏考》（1000000）,01005011,回荆州,刘备,pdf_01000000__01005011___ce48065512__char__d094123d43,21,127,0.8077,0.9621,relations_aggregated
pdf_01000000__01005011___ce48065512,回荆州,01000000,1000000,《戏考》,《戏考》（1000000）,01005011,回荆州,孙尚香,pdf_01000000__01005011___ce48065512__char__a6db6ffa1c,20,132,0.7692,1.0,relations_aggregated
pdf_01000000__01005011___ce48065512,回荆州,01000000,1000000,《戏考》,《戏考》（1000000）,01005011,回荆州,周瑜,pdf_01000000__01005011___ce48065512__char__16b311e0b6,20,62,0.7692,0.4697,relations_aggregated
pdf_01000000__01005011___ce48065512,回荆州,01000000,1000000,《戏考》,《戏考》（1000000）,01005011,回荆州,徐盛,pdf_01000000__01005011___ce48065512__char__3cc17a3dd0,16,60,0.6154,0.4545,relations_aggregated
pdf_01000000__01005011___ce48065512,回荆州,01000000,1000000,《戏考》,《戏考》（1000000）,01005011,回荆州,赵云,pdf_01000000__01005011___ce48065512__char__539a8f3d2a,15,82,0.5769,0.6212,relations_aggregated
pdf_01000000__01005011___ce48065512,回荆州,01000000,1000000,《戏考》,《戏考》（1000000）,01005011,回荆州,陈武,pdf_01000000__01005011___ce48065512__char__12977c3274,14,33,0.5385,0.25,relations_aggregated
pdf_01000000__01005011___ce48065512,回荆州,01000000,1000000,《戏考》,《戏考》（1000000）,01005011,回荆州,丁奉,pdf_01000000__01005011___ce48065512__char__99a16e2653,12,27,0.4615,0.2045,relations_aggregated
pdf_01000000__01005011___ce48065512,回荆州,01000000,1000000,《戏考》,《戏考》（1000000）,01005011,回荆州,潘璋,pdf_01000000__01005011___ce48065512__char__98209296be,10,25,0.3846,0.1894,relations_aggregated
pdf_01000000__01005011___ce48065512,回荆州,01000000,1000000,《戏考》,《戏考》（1000000）,01005011,回荆州,蒋钦,pdf_01000000__01005011___ce48065512__char__2b9dcd6a5f,10,20,0.3846,0.1515,relations_aggregated
pdf_01000000__01005011___ce48065512,回荆州,01000000,1000000,《戏考》,《戏考》（1000000）,01005011,回荆州,张飞,pdf_01000000__01005011___ce48065512__char__d2c4b240f0,8,52,0.3077,0.3939,relations_aggregated
pdf_01000000__01005011___ce48065512,回荆州,01000000,1000000,《戏考》,《戏考》（1000000）,01005011,回荆州,龙套,pdf_01000000__01005011___ce48065512__char__57ac0a895d,7,18,0.2692,0.1364,relations_aggregated
pdf_01000000__01005011___ce48065512,回荆州,01000000,1000000,《戏考》,《戏考》（1000000）,01005011,回荆州,甘宁,pdf_01000000__01005011___ce48065512__char__40576cab11,7,9,0.2692,0.0682,relations_aggregated
pdf_01000000__01005011___ce48065512,回荆州,01000000,1000000,《戏考》,《戏考》（1000000）,01005011,回荆州,周泰,pdf_01000000__01005011___ce48065512__char__2f818c772a,5,5,0.1923,0.0379,relations_aggregated
pdf_01000000__01005011___ce48065512,回荆州,01000000,1000000,《戏考》,《戏考》（1000000）,01005011,回荆州,侍儿,pdf_01000000__01005011___ce48065512__char__765851fa1e,4,19,0.1538,0.1439,relations_aggregated
pdf_01000000__01005011___ce48065512,回荆州,01000000,1000000,《戏考》,《戏考》（1000000）,01005011,回荆州,马忠,pdf_01000000__01005011___ce48065512__char__40f261969e,4,4,0.1538,0.0303,relations_aggregated
pdf_01000000__01005011___ce48065512,回荆州,01000000,1000000,《戏考》,《戏考》（1000000）,01005011,回荆州,众将,pdf_01000000__01005011___ce48065512__char__fb771ca973,1,1,0.0385,0.0076,relations_aggregated
pdf_01000000__01005012___3a15b05878,海潮珠,01000000,1000000,《戏考》,《戏考》（1000000）,01005012,海潮珠,崔杼,pdf_01000000__01005012___3a15b05878__char__0fd66493c8,10,57,1.0,1.0,relations_aggregated
pdf_01000000__01005012___3a15b05878,海潮珠,01000000,1000000,《戏考》,《戏考》（1000000）,01005012,海潮珠,齐王,pdf_01000000__01005012___3a15b05878__char__b7d8f33666,10,51,1.0,0.8947,relations_aggregated
pdf_01000000__01005012___3a15b05878,海潮珠,01000000,1000000,《戏考》,《戏考》（1000000）,01005012,海潮珠,太监,pdf_01000000__01005012___3a15b05878__char__20b74380ff,7,24,0.7,0.4211,relations_aggregated
pdf_01000000__01005012___3a15b05878,海潮珠,01000000,1000000,《戏考》,《戏考》（1000000）,01005012,海潮珠,棠姜,pdf_01000000__01005012___3a15b05878__char__0cb0a943f9,6,33,0.6,0.5789,relations_aggregated
pdf_01000000__01005012___3a15b05878,海潮珠,01000000,1000000,《戏考》,《戏考》（1000000）,01005012,海潮珠,大夫,pdf_01000000__01005012___3a15b05878__char__87fe33e510,6,29,0.6,0.5088,relations_aggregated
pdf_01000000__01005012___3a15b05878,海潮珠,01000000,1000000,《戏考》,《戏考》（1000000）,01005012,海潮珠,家院,pdf_01000000__01005012___3a15b05878__char__34d037d401,6,12,0.6,0.2105,relations_aggregated
pdf_01000000__01005012___3a15b05878,海潮珠,01000000,1000000,《戏考》,《戏考》（1000000）,01005012,海潮珠,龙套,pdf_01000000__01005012___3a15b05878__char__e56b9b5b6b,3,4,0.3,0.0702,relations_aggregated
pdf_01000000__01005012___3a15b05878,海潮珠,01000000,1000000,《戏考》,《戏考》（1000000）,01005012,海潮珠,龙套甲,pdf_01000000__01005012___3a15b05878__char__3e03af050e,2,2,0.2,0.0351,relations_aggregated
