doc_id,doc_title,collection_dir,collection_code,collection_name,collection_label,work_code,work_title_hint,scene_id,scene_index,scene,line_no,start_line,end_line,location,time_hint,main_event,dominant_action,summary,conflict_stage,tension_level,key_characters,theme_labels,scene_function,narrative_turning_point,characters_present,line_count,dialogue_count,lyric_count,dialogue_density,lyric_density,speech_density,stage_direction_count,narration_count,llm_error
pdf_01000000__01001001___b0ac065467,空城计,01000000,1000000,《戏考》,《戏考》（1000000）,01001001,空城计,pdf_01000000__01001001___b0ac065467__scene__000,0,序幕/前置内容,1,1,28,,,# 《空城计》（一名：《抚琴退兵》）,对峙,# 《空城计》（一名：《抚琴退兵》）,铺垫,3,,权谋；战争；家国；喜剧；离散,引子,退兵,,1,0,0,0.0,0.0,0.0,0,1,
pdf_01000000__01001001___b0ac065467,空城计,01000000,1000000,《戏考》,《戏考》（1000000）,01001001,空城计,pdf_01000000__01001001___b0ac065467__scene__001,1,【第一场】,29,29,188,西城,马谡失守街亭后，司马懿大军逼近时,诸葛亮定下空城计，准备以空城迎敌,诸葛亮下令打开城门，携琴上敌楼,诸葛亮得知马谡失守街亭，司马懿大军逼近西城，城内空虚，遂定空城计，命老军打开城门，携琴童上敌楼抚琴。,高潮,5,诸葛亮；旗牌；报子；二老军；童儿,权谋；疾病与死亡；使命；冒险,高潮,诸葛亮从被动失守转为主动设空城计，决断以险招应对,诸葛亮；旗牌；童儿；报子；二老军；老军甲；老军乙,99,50,0,0.3125,0.0,0.3125,12,37,
pdf_01000000__01001001___b0ac065467,空城计,01000000,1000000,《戏考》,《戏考》（1000000）,01001001,空城计,pdf_01000000__01001001___b0ac065467__scene__002,2,【第二场】,189,189,192,行军途中,未知,司马懿父子率军急行过场,行军,司马懿率司马师、司马昭及四白龙套急急风过场，显示魏军快速行军，为后续兵临城下做铺垫。,铺垫,2,司马懿；司马师；司马昭,战争；紧张氛围,过渡,无转折，仅为场景过渡,,1,0,0,0.0,0.0,0.0,1,0,
pdf_01000000__01001001___b0ac065467,空城计,01000000,1000000,《戏考》,《戏考》（1000000）,01001001,空城计,pdf_01000000__01001001___b0ac065467__scene__003,3,【第三场】,193,193,196,未知,未知,赵云率军急行过场,急行军,赵云率四上手急急风过场，显示蜀军调动，为后续空城计做铺垫。,铺垫,1,赵云,战争；铺垫,过渡,无,,1,0,0,0.0,0.0,0.0,1,0,
pdf_01000000__01001001___b0ac065467,空城计,01000000,1000000,《戏考》,《戏考》（1000000）,01001001,空城计,pdf_01000000__01001001___b0ac065467__scene__004,4,【第四场】,197,197,224,西城城楼,两军对峙时,诸葛亮以空城计退司马懿大军,抚琴、对话、退兵,诸葛亮在城楼抚琴，以空城计迷惑司马懿，使其疑有伏兵而退兵四十里，随后命赵云准备迎敌。,高潮,5,诸葛亮；司马懿；司马昭；赵云,权谋；疑心；权谋；冒险,高潮,司马懿因疑心而放弃攻城，决定退兵，形成剧情转折,众人；诸葛亮；司马懿；司马昭；二老军；赵云,23,13,4,0.4643,0.1429,0.6071,5,1,
pdf_01000000__01001001___b0ac065467,空城计,01000000,1000000,《戏考》,《戏考》（1000000）,01001001,空城计,pdf_01000000__01001001___b0ac065467__scene__005,5,【第五场】,225,225,250,西城城外,两军交战时刻,司马懿欲夺空城，遇赵云后收兵撤退,司马懿下令收兵,司马懿得知西城为空城，欲复夺城池，遭遇赵云阻截，司马懿因畏惧赵云而收兵撤退。,转折,4,司马懿；赵云,权谋；威慑；权谋,反转,司马懿因赵云出现而放弃攻城，形成战略转折,报子；司马懿；司马昭；赵云,12,7,0,0.2692,0.0,0.2692,4,1,
pdf_01000000__01001001___b0ac065467,空城计,01000000,1000000,《戏考》,《戏考》（1000000）,01001001,空城计,pdf_01000000__01001001___b0ac065467__scene__006,6,【第六场】,251,251,263,城下,战后,司马懿确认中计，决定撤兵,收兵,司马懿与司马昭讨论空城计，司马懿懊悔自己胆怯，认为诸葛亮胆大，决定悄悄收兵。,收束,3,司马懿；司马昭,权谋；胆识；悔悟,收束,司马懿从怀疑到确认中计，做出撤兵决断,司马懿；司马昭,6,3,0,0.2308,0.0,0.2308,3,0,
pdf_01000000__01001002___575bd35247,洪羊洞,01000000,1000000,《戏考》,《戏考》（1000000）,01001002,洪羊洞,pdf_01000000__01001002___575bd35247__scene__000,0,序幕/前置内容,1,1,34,,,# 《洪羊洞》；# （一名：《孟良盗骨》；一名：《三星归位》）,命令,# 《洪羊洞》；# （一名：《孟良盗骨》；一名：《三星归位》）,铺垫,0,,忠义；战争；情爱；离散,引子,,,2,0,0,0.0,0.0,0.0,0,2,
pdf_01000000__01001002___575bd35247,洪羊洞,01000000,1000000,《戏考》,《戏考》（1000000）,01001002,洪羊洞,pdf_01000000__01001002___575bd35247__scene__001,1,【第一场】,35,35,46,不明,死后,杨继业鬼魂登场，自述忠魂身份。,念白,杨继业以鬼魂身份登场，念白表明其忠魂不灭，为后续剧情铺垫。,铺垫,1,杨继业,忠义；幽冥,引子,无转折，仅为角色引入。,杨继业,5,1,0,0.0833,0.0,0.0833,3,1,
pdf_01000000__01001002___575bd35247,洪羊洞,01000000,1000000,《戏考》,《戏考》（1000000）,01001002,洪羊洞,pdf_01000000__01001002___575bd35247__scene__002,2,【第二场】,47,47,58,宋营帐中,二更至三更,杨继业托兆揭示真骨所在，杨延昭命孟良二次盗骨,托梦与下令,杨延昭梦父杨继业托兆，告知前次盗骨为假，真骨在洪羊洞望乡台第三层，遂命孟良二下番营盗骨。,发展,3,杨延昭；杨继业；孟良,忠义；托梦；盗骨,推进,发现前次盗骨为假，引出新的盗骨任务,杨继业；杨延昭；家院；孟良,24,21,0,1.75,0.0,1.75,2,1,
pdf_01000000__01001002___575bd35247,洪羊洞,01000000,1000000,《戏考》,《戏考》（1000000）,01001002,洪羊洞,pdf_01000000__01001002___575bd35247__scene__003,3,【第三场】,59,59,84,焦赞府邸,孟良二下番营之后,家院向焦赞透露真骨所在，焦赞决定私自前往盗骨。,焦赞得知真相后，假病瞒主，策马争功。,家院告知焦赞，孟良所盗骨殖为假，真骨在洪羊洞望乡台。焦赞不满元帅只派孟良，假称染病，私自前往争功。,发展,3,家院；焦赞,忠义；争功；情爱,推进,焦赞发现孟良盗回假骨，并得知真骨位置，决定独自行动，引发后续冲突。,焦赞；家院,18,9,1,0.3462,0.0385,0.3846,4,4,
pdf_01000000__01001002___575bd35247,洪羊洞,01000000,1000000,《戏考》,《戏考》（1000000）,01001002,洪羊洞,pdf_01000000__01001002___575bd35247__scene__004,4,【第四场】,85,85,90,未知,,孟良上场,上场,孟良独自上场，准备执行任务，为后续剧情发展做铺垫。,铺垫,1,孟良,忠义；使命,引子,无显著转折,,2,0,0,0.0,0.0,0.0,1,1,
pdf_01000000__01001002___575bd35247,洪羊洞,01000000,1000000,《戏考》,《戏考》（1000000）,01001002,洪羊洞,pdf_01000000__01001002___575bd35247__scene__005,5,【第五场】,91,91,96,,,焦赞上场,上场,焦赞独自上场，未见其他角色，本场为简短过渡，未展开具体情节或冲突。,过渡,1,焦赞,情爱,过渡,无显著转折,,2,0,0,0.0,0.0,0.0,1,1,
pdf_01000000__01001002___575bd35247,洪羊洞,01000000,1000000,《戏考》,《戏考》（1000000）,01001002,洪羊洞,pdf_01000000__01001002___575bd35247__scene__006,6,【第六场】,97,97,106,洪羊洞附近,夜晚,孟良从程宣处获知洪羊洞位置，程宣察觉焦赞意图不轨,盘问与报信,孟良盘问更夫程宣，得知洪羊洞位置，并承诺带其回南朝。焦赞随后追来，程宣怀疑其欲害孟良，决定从小道报信。,发展,3,孟良；程宣；焦赞,忠义；使命；身份认同,推进,程宣决定从小道为孟良报信，埋下后续冲突伏笔,孟良；程宣；焦赞,18,17,0,1.7,0.0,1.7,1,0,
pdf_01000000__01001002___575bd35247,洪羊洞,01000000,1000000,《戏考》,《戏考》（1000000）,01001002,洪羊洞,pdf_01000000__01001002___575bd35247__scene__007,7,【第七场】,107,107,112,洪羊洞,无明确时间,孟良自刎，程宣掩埋并离去,自刎与掩埋,孟良因误杀焦赞而羞愧自刎，程宣掩埋二人后，骑走两匹马离去。,收束,3,孟良；程宣,忠义；羞愧；悲情,收束,孟良自刎，完成焦赞之死的后续悲剧收场,孟良；程宣,3,3,0,0.5,0.0,0.5,0,0,
pdf_01000000__01001002___575bd35247,洪羊洞,01000000,1000000,《戏考》,《戏考》（1000000）,01001002,洪羊洞,pdf_01000000__01001002___575bd35247__scene__008,8,【第八场】,113,113,118,帅府,白天,程宣呈报孟良、焦赞双双死于洪羊洞，杨延昭悲痛欲绝。,汇报与悲痛,程宣送来孟良盗取的令公尸骨，并告知孟良误杀焦赞后自刎洪羊洞，杨延昭闻讯悲痛呕血。,高潮,5,杨延昭；程宣,忠义；悲情；牺牲,高潮,杨延昭得知两位结义兄弟惨死，情绪崩溃，预示其身体与精神双重危机。,杨延昭；家院；程宣,37,37,0,6.1667,0.0,6.1667,0,0,
pdf_01000000__01001002___575bd35247,洪羊洞,01000000,1000000,《戏考》,《戏考》（1000000）,01001002,洪羊洞,pdf_01000000__01001002___575bd35247__scene__009,9,【第九场】,119,119,124,未知,,赵德芳登场,登场,赵德芳在太监簇拥下登场，为后续剧情铺垫，未见明显冲突或推进。,铺垫,1,赵德芳,宫廷；权力,引子,无转折,,1,0,0,0.0,0.0,0.0,1,0,
pdf_01000000__01001002___575bd35247,洪羊洞,01000000,1000000,《戏考》,《戏考》（1000000）,01001002,洪羊洞,pdf_01000000__01001002___575bd35247__scene__010,10,【第十场】,125,125,223,杨府病房,杨延昭病重期间,杨延昭病逝，临终托付后事,杨延昭诉说病情与遗言,杨延昭病重，向赵德芳诉说因焦孟二将丧命而忧成病，临终前嘱托柴夫人侍奉母亲，并教训宗保忠心报国，最终去世。,高潮,5,杨延昭；赵德芳；佘太君；柴夫人；杨宗保,忠义；悲情；使命；忠义,高潮,杨延昭去世，剧情进入收束阶段,杨延昭；赵德芳；杨宗保；佘太君；柴夫人,65,44,0,0.4444,0.0,0.4444,2,19,
pdf_01000000__01001003___c7b0d12542,三娘教子,01000000,1000000,《戏考》,《戏考》（1000000）,01001003,三娘教子,pdf_01000000__01001003___c7b0d12542__scene__000,0,序幕/前置内容,1,1,1,,,# 《三娘教子》（《双官诰》【前本】）,命令,# 《三娘教子》（《双官诰》【前本】）,铺垫,0,,忠义；权谋；战争；家国；亲情；公案；喜剧；情爱；离散,引子,,,1,0,0,0.0,0.0,0.0,0,1,
pdf_01000000__01001004___c0c4e6569b,乌盆计,01000000,1000000,《戏考》,《戏考》（1000000）,01001004,乌盆计【后本】,pdf_01000000__01001004___c0c4e6569b__scene__000,0,序幕/前置内容,1,1,22,,,# 《乌盆计》 【后本】（一名：《奇冤报》；一名：《定远县》）,汇报,# 《乌盆计》 【后本】（一名：《奇冤报》；一名：《定远县》）,铺垫,0,,权谋；亲情；公案；离散,引子,,,1,0,0,0.0,0.0,0.0,0,1,
pdf_01000000__01001004___c0c4e6569b,乌盆计,01000000,1000000,《戏考》,《戏考》（1000000）,01001004,乌盆计【后本】,pdf_01000000__01001004___c0c4e6569b__scene__001,1,【第一场】,23,23,68,赵大家门外及张别古家中,白天,刘世昌冤魂向张别古诉说被害经过并请求伸冤,求助与承诺,张别古找赵大讨债，赵大炫耀财富并戏弄张别古。张别古回家途中，被刘世昌冤魂附于乌盆中求助，刘世昌诉说被赵大夫妻毒杀经过，恳求张别古带他去见包公伸冤。,发展,4,张别古；赵大；刘世昌,公案；求助；贫富对比；因果报应,推进,张别古从拒绝到答应带乌盆见官，冤魂身份揭露并推动诉讼行动,张别古；赵大；刘世昌,91,85,0,1.8478,0.0,1.8478,5,1,
pdf_01000000__01001004___c0c4e6569b,乌盆计,01000000,1000000,《戏考》,《戏考》（1000000）,01001004,乌盆计【后本】,pdf_01000000__01001004___c0c4e6569b__scene__002,2,【第二场】,69,69,119,公堂,白天,张别古代乌盆告状，包拯初步受理并传唤赵大夫妻。,告状与审问,张别古带乌盆到公堂告状，包拯起初不信乌盆说话，后经张别古转述，得知乌盆冤魂被门神所阻，包拯赏纸钱后，乌盆显灵陈述冤情，包拯下令传赵大夫妻到案。,发展,3,包拯；张别古；刘世昌,幽冥；公案；因果报应,推进,包拯从怀疑到相信乌盆有冤，下令传唤赵大夫妻，案件正式进入审理阶段。,包拯；二衙役；张别古；刘世昌,77,60,0,1.1765,0.0,1.1765,3,14,
pdf_01000000__01001005___9cd2b8992a,打鼓骂曹,01000000,1000000,《戏考》,《戏考》（1000000）,01001005,打鼓骂曹,pdf_01000000__01001005___9cd2b8992a__scene__000,0,序幕/前置内容,1,1,18,,,# 《打鼓骂曹》 （一名：《群臣宴》）,命令,# 《打鼓骂曹》 （一名：《群臣宴》）,铺垫,0,,亲情,引子,,,1,0,0,0.0,0.0,0.0,0,1,
pdf_01000000__01001005___9cd2b8992a,打鼓骂曹,01000000,1000000,《戏考》,《戏考》（1000000）,01001005,打鼓骂曹,pdf_01000000__01001005___9cd2b8992a__scene__001,1,【第一场】,19,19,22,未指定,未指定,祢衡出场念引子，表达对世事的超然与不满。,祢衡独白抒情,祢衡登场，以引子抒发怀才不遇、看破兴亡的感慨，为后续骂曹铺垫孤傲性格与愤世情绪。,铺垫,1,祢衡,怀才不遇；愤世嫉俗,引子,无转折，仅为人物性格与情绪铺垫。,祢衡,1,1,0,0.25,0.0,0.25,0,0,
pdf_01000000__01001005___9cd2b8992a,打鼓骂曹,01000000,1000000,《戏考》,《戏考》（1000000）,01001005,打鼓骂曹,pdf_01000000__01001005___9cd2b8992a__scene__002,2,【第二场】,23,23,32,相府,白日,祢衡与曹操初次交锋，祢衡痛骂曹操及其属下，曹操命祢衡为鼓吏以羞辱之。,祢衡当面讥讽曹操帐下文武，曹操以鼓吏之职报复。,祢衡应孔融之荐见曹操，因曹操傲慢无礼而反唇相讥，痛骂曹操帐下文武皆为庸碌之辈，曹操怒而命其为鼓吏以辱之。,冲突,4,祢衡；曹操；孔融；张辽,权谋；羞辱与反抗；忠义,推进,冲突升级：祢衡从礼节不满转为公开辱骂曹操集团，曹操从试探转为羞辱性压制。,曹操；张辽；孔融；祢衡,50,40,9,4.0,0.9,4.9,1,0,
pdf_01000000__01001005___9cd2b8992a,打鼓骂曹,01000000,1000000,《戏考》,《戏考》（1000000）,01001005,打鼓骂曹,pdf_01000000__01001005___9cd2b8992a__scene__003,3,【第四场】,33,33,47,相府宴席,元旦节,祢衡击鼓骂曹，揭露曹操奸佞，曹操命其往荆州说刘表。,祢衡辱骂曹操，曹操压制祢衡,祢衡被曹操屈为鼓吏，借击鼓之机痛骂曹操奸佞，历数其浊，曹操怒而命其往荆州说刘表，祢衡被迫应允。,高潮,5,祢衡；曹操；张辽；四朝官；二旗牌,忠义；士人尊严；权力压制；智勇抗争,对峙,祢衡从辱骂转为被迫接受曹操命令，冲突从直接对抗转为间接压制。,朝官甲；朝官乙；朝官丙；朝官丁；四朝官；张辽；曹操；曹操四朝官曹操旗牌曹操旗牌祢衡；祢衡；二旗牌,108,83,23,5.5333,1.5333,7.0667,2,0,
pdf_01000000__01001006___06011d42c6,捉放曹,01000000,1000000,《戏考》,《戏考》（1000000）,01001006,捉放曹,pdf_01000000__01001006___06011d42c6__scene__000,0,序幕/前置内容,1,1,24,,,# 《捉放曹》；# （一名：《中牟县》；一名：《陈宫计》）,命令,# 《捉放曹》；# （一名：《中牟县》；一名：《陈宫计》）,铺垫,0,,权谋；家国；亲情；公案；离散,引子,,,2,0,0,0.0,0.0,0.0,0,2,
pdf_01000000__01001006___06011d42c6,捉放曹,01000000,1000000,《戏考》,《戏考》（1000000）,01001006,捉放曹,pdf_01000000__01001006___06011d42c6__scene__001,1,【第一场】,25,25,82,中牟县县衙大堂及二堂,白天,陈宫释放曹操并决定与他结盟逃亡,陈宫释放曹操并决定同行,陈宫审问被捕的曹操，曹操以言辞打动陈宫，陈宫决定弃官与曹操一同逃亡，共谋讨伐董卓。,转折,4,陈宫；曹操,忠义；英雄相惜；忠义；权谋,反转,陈宫从抓捕者转变为同盟者，决定弃官与曹操共谋大事,陈宫；班头甲；班头乙；曹操；门子,57,43,7,0.7414,0.1207,0.8621,4,3,
pdf_01000000__01001006___06011d42c6,捉放曹,01000000,1000000,《戏考》,《戏考》（1000000）,01001006,捉放曹,pdf_01000000__01001006___06011d42c6__scene__002,2,【第二场】,83,83,88,吕伯奢庄上,傍晚,曹操疑吕伯奢告密，决定先下手为强,曹操提剑欲杀吕家,曹操与陈宫路遇吕伯奢，被邀至庄中。吕伯奢外出沽酒，曹操疑其告密，不顾陈宫劝阻，执意提剑欲杀吕家满门。,冲突,4,曹操；陈宫；吕伯奢,猜疑；忠义；权谋；悲情,推进,曹操从信任转为猜疑，决定主动杀人，冲突升级,吕伯奢；曹操；陈宫；童儿；曹操、陈宫；家人,78,65,12,10.8333,2.0,12.8333,1,0,
pdf_01000000__01001006___06011d42c6,捉放曹,01000000,1000000,《戏考》,《戏考》（1000000）,01001006,捉放曹,pdf_01000000__01001006___06011d42c6__scene__003,3,【第三场】,89,89,95,吕伯奢庄外及客店,黄昏至二更,曹操杀死吕伯奢全家及吕伯奢本人，陈宫劝阻无效，二人投宿客店。,曹操杀人灭口，陈宫劝阻与反思,曹操误杀吕伯奢全家，陈宫劝阻无效，曹操又杀吕伯奢灭口，陈宫心生悔意，二人投宿客店，陈宫独思曹操奸诈。,高潮,5,曹操；陈宫；吕伯奢,疑心与误杀；忠义；权力与道德,高潮,曹操杀吕伯奢并宣称“宁可我负天下人”，陈宫从信任转为悔恨，关系彻底破裂。,曹操；陈宫；吕伯奢；店家,79,61,17,8.7143,2.4286,11.1429,1,0,
pdf_01000000__01001007___1b262d262b,桑园寄子,01000000,1000000,《戏考》,《戏考》（1000000）,01001007,桑园寄子,pdf_01000000__01001007___1b262d262b__scene__000,0,序幕/前置内容,1,1,20,,,# 《桑园寄子》（一名：《黑水国》）,命令,# 《桑园寄子》（一名：《黑水国》）,铺垫,0,,权谋；战争；家国；亲情；情爱；离散,引子,,,1,0,0,0.0,0.0,0.0,0,1,
pdf_01000000__01001007___1b262d262b,桑园寄子,01000000,1000000,《戏考》,《戏考》（1000000）,01001007,桑园寄子,pdf_01000000__01001007___1b262d262b__scene__001,1,【第一场】,21,21,78,坟台,周年之期,祭奠亡弟并突闻战乱消息,祭奠与惊闻,邓伯道携二子祭奠亡弟，坟前哀悼时突闻黑水国造反，祸事临头，仓促返家。,铺垫,2,邓伯道；邓元；邓方；二家院,情爱；悲情；疾病与死亡,铺垫,从哀悼转向危机预警，战乱消息打破平静,邓伯道；二家院；邓元；邓方,47,39,0,0.6724,0.0,0.6724,4,4,
pdf_01000000__01001007___1b262d262b,桑园寄子,01000000,1000000,《戏考》,《戏考》（1000000）,01001007,桑园寄子,pdf_01000000__01001007___1b262d262b__scene__002,2,【第二场】,79,79,146,邓伯道家中草堂,战乱逼近时,邓伯道决定逃难并托付家财,逃难准备与托付,黑水国造反逼近，邓伯道决定携弟妇金氏及二子逃往潼关，将家财托付众家丁，全家拜别后匆忙离去。,发展,4,邓伯道；金氏；二家院,战争；使命；忠义,推进,邓伯道做出逃难决断，将家财托付家丁，冲突从外部威胁转向内部信任与离别,金氏；邓伯道；二家院；众家丁,33,20,0,0.2941,0.0,0.2941,6,7,
pdf_01000000__01001007___1b262d262b,桑园寄子,01000000,1000000,《戏考》,《戏考》（1000000）,01001007,桑园寄子,pdf_01000000__01001007___1b262d262b__scene__003,3,【第三场】,147,147,160,文水县附近,无明确时间,番王石勒下令进攻文水县,命令,番王石勒率军一路斩关夺寨，抵达文水县，下令巴都鲁继续进攻，展现其侵略势头。,发展,2,番王,侵略；战争,推进,无转折，为后续冲突铺垫,番王,6,2,0,0.1429,0.0,0.1429,3,1,
pdf_01000000__01001007___1b262d262b,桑园寄子,01000000,1000000,《戏考》,《戏考》（1000000）,01001007,桑园寄子,pdf_01000000__01001007___1b262d262b__scene__004,4,【第四场】,161,161,198,山间野路,白天,邓伯道一家逃难，遭遇番兵追击，金氏被风旗卷走失散。,逃亡,邓伯道一家逃难途中，翻山越岭，遭遇番兵追击，金氏被风旗卷走，众人失散，危机加剧。,发展,4,邓伯道；金氏；邓方,悲情；战争；亲情；苦难,推进,金氏被风旗卷走，家人失散，冲突升级。,邓伯道；邓方；金氏,18,12,0,0.3158,0.0,0.3158,4,2,
pdf_01000000__01001007___1b262d262b,桑园寄子,01000000,1000000,《戏考》,《戏考》（1000000）,01001007,桑园寄子,pdf_01000000__01001007___1b262d262b__scene__005,5,【第五场】,199,199,275,桑园,逃难途中,邓伯道舍亲子救侄儿，金氏救下邓元,邓伯道绑子留血书，携侄儿离去,邓伯道为保侄儿邓方，忍痛将亲子邓元绑在桑树上并留下血书，携侄儿逃难。金氏逃脱贼兵后救下邓元，二人相认并决定投奔潼关。,高潮,5,邓伯道；邓元；邓方；金氏,舍己为人；亲情；忠义；离散,高潮,邓伯道做出舍子救侄的决断，金氏意外救下邓元，人物关系与命运发生重大转折,邓伯道；邓元；邓方；金氏,90,84,0,1.0909,0.0,1.0909,3,3,
pdf_01000000__01001008___4e2bf00560,取成都,01000000,1000000,《戏考》,《戏考》（1000000）,01001008,取成都,pdf_01000000__01001008___4e2bf00560__scene__000,0,序幕/前置内容,1,1,26,,,# 《取成都》；# （一名：《石伏岩》）,命令,# 《取成都》；# （一名：《石伏岩》）,铺垫,0,,战争；亲情；情爱,引子,,,2,0,0,0.0,0.0,0.0,0,2,
pdf_01000000__01001008___4e2bf00560,取成都,01000000,1000000,《戏考》,《戏考》（1000000）,01001008,取成都,pdf_01000000__01001008___4e2bf00560__scene__001,1,【第一场】,27,27,34,成都银安殿及敌楼,白天,刘玉与王累登城与马超对峙，刘玉被马超射死,刘玉与王累守城抗敌,刘璋得知马超降刘备攻成都，欲让西川。刘玉与王累劝阻，刘玉登城与马超对峙，被马超射死，王累下令守城。,冲突,4,刘璋；刘玉；王累；马超,忠义；战争；投降与抵抗,对峙,刘玉被射死，冲突升级为直接伤亡,刘璋；探子；刘玉；王累；马超,48,26,21,3.25,2.625,5.875,1,0,
pdf_01000000__01001008___4e2bf00560,取成都,01000000,1000000,《戏考》,《戏考》（1000000）,01001008,取成都,pdf_01000000__01001008___4e2bf00560__scene__002,2,【第二场】,35,35,38,,,,命令,,过渡,0,,战争；亲情；情爱,过渡,,,0,0,0,0.0,0.0,0.0,0,0,
pdf_01000000__01001008___4e2bf00560,取成都,01000000,1000000,《戏考》,《戏考》（1000000）,01001008,取成都,pdf_01000000__01001008___4e2bf00560__scene__003,3,【第三场】,39,39,44,成都城下,交战期间,马超以烧民房逼迫刘璋投降，刘璋为百姓决定开城。,马超放火逼降，刘璋被迫决策,马超劝降刘璋，刘璋以分土相诱拒绝；马超放火烧民房逼降，刘璋为百姓安危决定开城，王累劝阻无效。,高潮,5,马超；刘璋；王累,忠义；仁政与暴虐；权力与牺牲,对峙,刘璋从拒绝投降转为因百姓安危决定开城，冲突升级至关键转折。,马超；刘璋；四白龙套；王累,16,11,5,1.8333,0.8333,2.6667,0,0,
pdf_01000000__01001008___4e2bf00560,取成都,01000000,1000000,《戏考》,《戏考》（1000000）,01001008,取成都,pdf_01000000__01001008___4e2bf00560__scene__004,4,【第四场】,45,45,56,成都城门外,白天,刘备与刘璋会面并一同进城,谦让与同行,刘备与刘璋在城门口相遇，二人互相谦让后携手入城，表面和睦但暗藏紧张。,铺垫,3,刘备；刘璋,权谋；虚伪和睦；亲情,推进,无显著转折，为后续冲突铺垫,刘备；刘璋,9,7,0,0.5833,0.0,0.5833,2,0,
pdf_01000000__01001008___4e2bf00560,取成都,01000000,1000000,《戏考》,《戏考》（1000000）,01001008,取成都,pdf_01000000__01001008___4e2bf00560__scene__005,5,【第五场】,57,57,61,成都城内,刘备带兵入城后,刘璋在众将威逼下交出成都印信，刘备接管成都。,威逼让印,刘璋质问刘备带兵入成都，诸葛亮与四将威逼刘璋让印，刘璋被迫交出成都，刘备假意安抚并安排其前往荆州。,高潮,5,刘璋；刘备；诸葛亮；魏延；赵云；黄忠；严颜,权力争夺；同宗相残；忠义；被迫屈服,高潮,刘璋从质问到被迫让印，权力彻底转移。,刘璋；刘备；诸葛亮；魏延；赵云；黄忠；严颜；众人；黄忠、严颜、魏延、赵云,47,35,12,7.0,2.4,9.4,0,0,
pdf_01000000__01001009___abd1be1808,硃砂痣,01000000,1000000,《戏考》,《戏考》（1000000）,01001009,硃砂痣,pdf_01000000__01001009___abd1be1808__scene__000,0,序幕/前置内容,1,1,22,,,# 《硃砂痣》 （一名：《行善得子》）,命令,# 《硃砂痣》 （一名：《行善得子》）,铺垫,0,,战争；家国；亲情；情爱；离散,引子,,,1,0,0,0.0,0.0,0.0,0,1,
pdf_01000000__01001009___abd1be1808,硃砂痣,01000000,1000000,《戏考》,《戏考》（1000000）,01001009,硃砂痣,pdf_01000000__01001009___abd1be1808__scene__001,1,【第一场】,23,23,88,韩廷凤府邸厅堂,夜晚,韩廷凤发现江氏被迫卖身，决定成全其夫妻，退还婚书并赠银。,韩廷凤询问江氏心事并做出放归决定,韩廷凤新婚之夜发现新娘江氏因丈夫病重被迫卖身，心生怜悯，退还婚书并赠银百两，送其回家团聚。,转折,3,韩廷凤；江氏；家院,忠义；情爱；情爱；道德抉择,反转,韩廷凤从期待新婚转为同情江氏，主动放弃婚姻并资助其回家，完成道德抉择。,韩廷凤；媒婆；丫鬟；江氏；家院,45,34,0,0.5152,0.0,0.5152,6,5,
pdf_01000000__01001009___abd1be1808,硃砂痣,01000000,1000000,《戏考》,《戏考》（1000000）,01001009,硃砂痣,pdf_01000000__01001009___abd1be1808__scene__002,2,【第二场】,89,89,120,吴惠泉家门前及屋内,夜晚,江氏被韩员外送回，吴惠泉得知恩情后决定前去叩谢。,江氏归来，吴惠泉询问并决定叩谢,江氏被韩员外送回，吴惠泉得知韩员外烧毁婚书、退还聘礼并赠银百两，夫妻感激，准备前去叩谢。,收束,1,吴惠泉；江氏；家院,忠义；亲情；善行,收束,吴惠泉得知韩员外善举，病体因得银而好转，决定前去叩谢。,吴惠泉；江氏；家院,33,28,0,0.875,0.0,0.875,3,2,
pdf_01000000__01001009___abd1be1808,硃砂痣,01000000,1000000,《戏考》,《戏考》（1000000）,01001009,硃砂痣,pdf_01000000__01001009___abd1be1808__scene__003,3,【第三场】,121,121,132,韩廷凤家中,白天,吴惠泉夫妇谢恩并提议买子报恩,谢恩与商议买子,吴惠泉夫妇跪谢韩廷凤恩情，韩廷凤解释不再娶妻，吴惠泉提议买子报恩，韩廷凤同意但要求远乡买子。,发展,1,韩廷凤；吴惠泉；江氏,报恩；子嗣；善行,推进,吴惠泉提出买子报恩，韩廷凤接受提议，为后续剧情埋下伏笔,吴惠泉；江氏；韩廷凤,30,27,0,2.25,0.0,2.25,2,1,
pdf_01000000__01001009___abd1be1808,硃砂痣,01000000,1000000,《戏考》,《戏考》（1000000）,01001009,硃砂痣,pdf_01000000__01001009___abd1be1808__scene__004,4,【第四场】,133,133,166,家中,荒年,金氏告知韩遇运非亲生并决定卖子,告知与抗拒,金氏因家贫欲卖韩遇运，韩遇运不愿，金氏告知其非亲生，韩遇运震惊，母子面临分离。,冲突,4,金氏；韩遇运,贫寒；身世；亲情；思念,推进,金氏揭示韩遇运身世，母子关系发生根本转变，冲突升级,韩遇运；金氏,16,12,0,0.3529,0.0,0.3529,2,2,
pdf_01000000__01001009___abd1be1808,硃砂痣,01000000,1000000,《戏考》,《戏考》（1000000）,01001009,硃砂痣,pdf_01000000__01001009___abd1be1808__scene__005,5,【第五场】,167,167,214,途中,白天,吴惠泉买下金氏之子韩遇运,交易与告别,吴惠泉归家途中遇金氏卖子，以五十两银子买下韩遇运为子，金氏含泪告别养子。,发展,2,吴惠泉；金氏,买卖；离散；情爱；收养,推进,吴惠泉买子，为后续家庭关系埋下伏笔,吴惠泉；金氏,29,26,0,0.5417,0.0,0.5417,3,0,
pdf_01000000__01001009___abd1be1808,硃砂痣,01000000,1000000,《戏考》,《戏考》（1000000）,01001009,硃砂痣,pdf_01000000__01001009___abd1be1808__scene__006,6,【第六场】,215,215,273,韩廷凤家中,白天,韩廷凤认出韩遇运为失散亲子,认亲,吴惠泉将买来的孩童韩遇运送给韩廷凤为子，韩廷凤发现韩遇运正是自己失散多年的亲生儿子。,高潮,5,韩廷凤；吴惠泉；韩遇运,亲情；因果报应；情爱,反转,韩遇运讲述身世，韩廷凤发现其脚上朱砂痣，确认父子关系,韩廷凤；吴惠泉；韩遇运；吴惠泉、韩廷凤,93,83,0,1.4068,0.0,1.4068,5,5,
pdf_01000000__01001010___86bc12e35b,黄金台,01000000,1000000,《戏考》,《戏考》（1000000）,01001010,黄金台,pdf_01000000__01001010___86bc12e35b__scene__000,0,序幕/前置内容,1,1,28,,,# 《黄金台》；# （一名：《田单救主》；一名：《搜府盘关》；一名：《乐毅伐齐》）,命令,# 《黄金台》；# （一名：《田单救主》；一名：《搜府盘关》；一名：《乐毅伐齐》）,铺垫,0,,权谋；战争；家国；亲情；公案；情爱；离散,引子,救,,2,0,0,0.0,0.0,0.0,0,2,
pdf_01000000__01001010___86bc12e35b,黄金台,01000000,1000000,《戏考》,《戏考》（1000000）,01001010,黄金台,pdf_01000000__01001010___86bc12e35b__scene__001,1,【第一场】,29,29,34,大街,深夜,田单巡街，衙役捉拿犯夜者,巡街盘查,田单深夜掌灯巡街，命衙役盘查可疑之人。衙役甲、乙发现并捉拿一名犯夜者，准备向田单讨赏。,铺垫,2,田单；衙役甲；衙役乙,忠义；执法严明,引子,无显著转折，为后续冲突埋下伏笔,田单；二衙役；衙役甲；衙役乙,9,9,0,1.5,0.0,1.5,0,0,
pdf_01000000__01001010___86bc12e35b,黄金台,01000000,1000000,《戏考》,《戏考》（1000000）,01001010,黄金台,pdf_01000000__01001010___86bc12e35b__scene__002,2,【第二场】,35,35,145,田单府衙,夜静更深,伊立搜府，田单让田法章扮女装应对,搜府与伪装,伊立率校尉搜府，田单让田法章扮成小妹，与乳娘一同应对。伊立怀疑世子藏匿，田单周旋，伊立坚持要见田姑娘。,冲突,4,田单；伊立；田法章；乳娘,忠义；权谋；权力压迫,推进,田单决定让田法章扮女装，冲突升级至面对面搜查,田单；田法章；家院；乳娘；伊立；四校尉,137,125,0,1.1261,0.0,1.1261,7,5,
pdf_01000000__01001011___b32a64375f,文昭关,01000000,1000000,《戏考》,《戏考》（1000000）,01001011,文昭关,pdf_01000000__01001011___b32a64375f__scene__000,0,序幕/前置内容,1,1,18,,夜,# 《文昭关》 （一名：《一夜白须》）,命令,# 《文昭关》 （一名：《一夜白须》）,铺垫,0,,家国；亲情；离散,引子,,,1,0,0,0.0,0.0,0.0,0,1,
pdf_01000000__01001011___b32a64375f,文昭关,01000000,1000000,《戏考》,《戏考》（1000000）,01001011,文昭关,pdf_01000000__01001011___b32a64375f__scene__001,1,【第一场】,19,19,24,昭关附近山野及东皋公家,白日,伍员与东皋公相遇，东皋公认出伍员并邀其暂住,求助与接纳,伍员逃至昭关，遇隐士东皋公。东皋公识破其身份，告知必经昭关，并邀其暂住家中，承诺助其出关。,铺垫,3,东皋公；伍员,悲情；忠义；隐士相助,引子,东皋公认出伍员并承诺相助，为后续出关计划埋下伏笔,东皋公；伍员；童儿,43,41,1,6.8333,0.1667,7.0,1,0,
pdf_01000000__01001011___b32a64375f,文昭关,01000000,1000000,《戏考》,《戏考》（1000000）,01001011,文昭关,pdf_01000000__01001011___b32a64375f__scene__002,2,【第二场】,25,25,34,东皋公后花园,夜晚至次日清晨,伍员因愁苦一夜须发皆白，东皋公发现后告知可借此过关，并计划请皇甫讷相助。,伍员倾诉愁苦，东皋公安慰并设计救其出关。,伍员被困昭关，夜不能寐，悲愤交加，东皋公设计助其过关，发现伍员须发皆白，恰可蒙混过关。,发展,4,东皋公；伍员；童儿,忠义；复仇；困境与转机；权谋,推进,伍员须发变白，成为过关转机，东皋公提出具体解救方案。,伍员；东皋公；童儿,27,23,1,2.3,0.1,2.4,2,1,
pdf_01000000__01001011___b32a64375f,文昭关,01000000,1000000,《戏考》,《戏考》（1000000）,01001011,文昭关,pdf_01000000__01001011___b32a64375f__scene__003,3,【第四场】,35,35,40,东皋公宅邸,白天,东皋公与皇甫讷商议并实施李代桃僵之计，助伍员出关。,商议计策并开始装扮,东皋公邀请皇甫讷，利用其与伍员相貌相似，设计让伍员扮作随从混出昭关，皇甫讷扮作伍员被擒。,转折,3,东皋公；伍员；皇甫讷,权谋；复仇；忠义,推进,东皋公提出具体计策，伍员出关计划进入实施阶段。,皇甫讷；童儿；东皋公；伍员,32,31,1,5.1667,0.1667,5.3333,0,0,
pdf_01000000__01001011___b32a64375f,文昭关,01000000,1000000,《戏考》,《戏考》（1000000）,01001011,文昭关,pdf_01000000__01001011___b32a64375f__scene__004,4,【第五场】,41,41,46,昭关,白天,皇甫讷冒充伍子胥过关被识破,抓捕,皇甫讷假扮伍子胥到昭关挂号，米南适见其与图形相似，下令将其绑赴帅府。,发展,3,皇甫讷；米南适,权谋；悲情；身份伪装,推进,皇甫讷被米南适识破并下令抓捕，冲突升级,米南适；四青袍；皇甫讷,13,12,0,2.0,0.0,2.0,1,0,
pdf_01000000__01001011___b32a64375f,文昭关,01000000,1000000,《戏考》,《戏考》（1000000）,01001011,文昭关,pdf_01000000__01001011___b32a64375f__scene__005,5,【第六场】,47,47,52,昭关外,白天,伍员拜谢恩人，继续前往吴国,拜谢,伍员庆幸已过昭关，拜谢东皋公与皇甫讷后，决意继续奔往吴国，完成复仇大业。,收束,1,伍员,复仇；悲情；感恩,收束,无转折，为前段过关情节的收束,伍员,2,1,0,0.1667,0.0,0.1667,1,0,
pdf_01000000__01001011___b32a64375f,文昭关,01000000,1000000,《戏考》,《戏考》（1000000）,01001011,文昭关,pdf_01000000__01001011___b32a64375f__scene__006,6,【第七场】,53,53,137,昭关,白天,米南适误抓皇甫讷，东皋公出面解救并掩护伍子胥过关。,东皋公设计解救皇甫讷并掩护伍子胥,东皋公设计让皇甫讷冒充伍子胥被擒，米南适误抓后经东皋公说情释放，伍子胥得以混出昭关。,高潮,4,东皋公；米南适；皇甫讷,权谋；误会；忠义,反转,米南适误认皇甫讷为伍子胥，东皋公借机解救并掩护真伍子胥过关。,米南适；皇甫讷；东皋公；四青袍,42,35,0,0.4118,0.0,0.4118,5,2,
pdf_01000000__01001012___3dcca783f4,黄鹤楼,01000000,1000000,《戏考》,《戏考》（1000000）,01001012,黄鹤楼,pdf_01000000__01001012___3dcca783f4__scene__000,0,序幕/前置内容,1,1,28,,,# 《黄鹤楼》；# （一名：《过江赴宴》；一名：《竹中藏令》）,命令,# 《黄鹤楼》；# （一名：《过江赴宴》；一名：《竹中藏令》）,铺垫,0,,忠义；权谋；战争；家国；情爱；离散,引子,,,2,0,0,0.0,0.0,0.0,0,2,
pdf_01000000__01001012___3dcca783f4,黄鹤楼,01000000,1000000,《戏考》,《戏考》（1000000）,01001012,黄鹤楼,pdf_01000000__01001012___3dcca783f4__scene__001,1,【第一场】,29,29,36,荆州刘备帐中,本月十六日前,诸葛亮说服刘备过江赴东吴宴，仅带赵云保驾，并赐竹节为退兵之计。,劝说与决策,刘备接东吴书信，诸葛亮识破周瑜奸计，仍劝刘备过江赴宴，仅派赵云保驾。张飞怒责诸葛亮，周瑜准备江口相迎。,发展,4,刘备；诸葛亮；赵云；张飞；周瑜,权谋；忠义；权谋,推进,诸葛亮以竹节为信物，设定十六日回朝，为后续冲突埋下伏笔。,刘备；刘封；诸葛亮；四红龙套；赵云；张飞；周瑜；甘宁,91,82,8,10.25,1.0,11.25,1,0,
pdf_01000000__01001012___3dcca783f4,黄鹤楼,01000000,1000000,《戏考》,《戏考》（1000000）,01001012,黄鹤楼,pdf_01000000__01001012___3dcca783f4__scene__002,2,【第三场】,37,37,52,江上船中,白天,刘备与周瑜在江上会面并过船,周瑜邀请刘备过船，刘备谨慎回应,刘备与周瑜在江上会面，周瑜邀请刘备过船，刘备谨慎应对，赵云随行护卫，双方表面客气但暗藏机锋。,铺垫,3,刘备；周瑜；赵云,权谋；试探；同盟与对抗,推进,无重大转折，但为后续冲突埋下伏笔,赵云；甘宁；周瑜；刘备,17,13,0,0.8125,0.0,0.8125,4,0,
pdf_01000000__01001012___3dcca783f4,黄鹤楼,01000000,1000000,《戏考》,《戏考》（1000000）,01001012,黄鹤楼,pdf_01000000__01001012___3dcca783f4__scene__003,3,【第四场】,53,53,76,黄鹤楼,宴席前,周瑜以吴侯之命邀刘备登黄鹤楼赴宴，刘备被迫应允。,周瑜设宴并阻止刘备离开,周瑜设宴黄鹤楼，以吴侯之命为由挽留刘备，刘备欲探病被阻，二人表面客套实则暗藏机锋。,铺垫,3,周瑜；刘备,权谋；试探；鸿门宴,推进,周瑜以太后染病为由阻止刘备探病，将宴席地点定于黄鹤楼，为后续冲突埋下伏笔。,周瑜；刘备；甘宁,25,21,0,0.875,0.0,0.875,4,0,
pdf_01000000__01001012___3dcca783f4,黄鹤楼,01000000,1000000,《戏考》,《戏考》（1000000）,01001012,黄鹤楼,pdf_01000000__01001012___3dcca783f4__scene__004,4,【第五场】,77,77,161,黄鹤楼,赤壁之战后,周瑜索要荆州，赵云与周瑜对峙，赵云盗令箭助刘备脱身,索要荆州与争执,周瑜设宴黄鹤楼，向刘备索要荆州，刘备推诿，赵云与周瑜激烈争执，赵云用计盗得令箭，护刘备脱险，周瑜发现后大怒。,高潮,5,刘备；周瑜；赵云；鲁肃,权谋；忠义；冲突；权力争夺,对峙,赵云盗取周瑜令箭，使刘备得以安全下楼，冲突从口头争执转向行动对抗,鲁肃；刘备；周瑜；赵云；赵云、周瑜,67,51,4,0.6,0.0471,0.6471,7,5,
pdf_01000000__01001013___2ec29dd171,天水关,01000000,1000000,《戏考》,《戏考》（1000000）,01001013,天水关,pdf_01000000__01001013___2ec29dd171__scene__000,0,序幕/前置内容,1,1,18,祁山,,# 《天水关》；# （一名：《初出祁山》；一名：《取三郡》）,命令,# 《天水关》；# （一名：《初出祁山》；一名：《取三郡》）,铺垫,0,,权谋；战争；家国；亲情；离散,引子,,,2,0,0,0.0,0.0,0.0,0,2,
pdf_01000000__01001013___2ec29dd171,天水关,01000000,1000000,《戏考》,《戏考》（1000000）,01001013,天水关,pdf_01000000__01001013___2ec29dd171__scene__001,1,【第一场】,19,19,24,金殿,朝堂议事时,诸葛亮呈递出师表，请求北伐，刘禅应允。,进谏与应允,诸葛亮上表请求北伐，刘禅虽不舍但最终同意，并承诺次日长亭饯行。,铺垫,2,刘禅；诸葛亮,忠义；北伐决策；家国,铺垫,刘禅从犹豫到同意，为后续北伐行动奠定基础。,刘禅；内侍；诸葛亮,18,18,0,3.0,0.0,3.0,0,0,
pdf_01000000__01001013___2ec29dd171,天水关,01000000,1000000,《戏考》,《戏考》（1000000）,01001013,天水关,pdf_01000000__01001013___2ec29dd171__scene__002,2,【第二场】,25,25,32,长亭,出征前,刘禅与诸葛亮长亭饯行，诸葛亮嘱托朝政后发兵出征。,饯行与发兵,刘禅与诸葛亮在长亭饯行，众将整装待发。诸葛亮嘱托朝中政务，刘禅赐酒送别，赵云表态报恩，大军起营出征。,铺垫,1,刘禅；诸葛亮；赵云,忠义；出征；家国,铺垫,无显著转折，为出征前的仪式性铺垫。,魏延；马岱；关兴；张苞；赵云；太监；刘禅；诸葛亮,32,31,0,3.875,0.0,3.875,1,0,
pdf_01000000__01001013___2ec29dd171,天水关,01000000,1000000,《戏考》,《戏考》（1000000）,01001013,天水关,pdf_01000000__01001013___2ec29dd171__scene__003,3,【第三场】,33,33,38,天水关大帐,白天,姜维请命出战赵云,命令与请战,马遵因韩德父子战败而高悬免战牌，姜维主动请缨，受命率本部人马迎战赵云，并表达擒孔明捉赵云的决心。,发展,3,马遵；姜维,忠义；权谋；对抗,推进,姜维主动请战，从被动防守转为主动出击，冲突升级,马遵；报子；姜维；四绿龙套,26,23,3,3.8333,0.5,4.3333,0,0,
pdf_01000000__01001013___2ec29dd171,天水关,01000000,1000000,《戏考》,《戏考》（1000000）,01001013,天水关,pdf_01000000__01001013___2ec29dd171__scene__004,4,【第四场】,39,39,42,战场,白天,赵云与姜维交战，姜维击败赵云,交战,赵云与姜维在战场相遇，赵云自报家门，姜维不惧并扬言擒拿赵云，二人交锋后姜维获胜，准备回营报功。,冲突,4,赵云；姜维,忠义；对抗；英雄相惜,推进,姜维击败赵云，展现其勇猛，为后续剧情铺垫,赵云；姜维,7,0,7,0.0,1.75,1.75,0,0,
pdf_01000000__01001013___2ec29dd171,天水关,01000000,1000000,《戏考》,《戏考》（1000000）,01001013,天水关,pdf_01000000__01001013___2ec29dd171__scene__005,5,【第五场】,43,43,50,蜀营帐内,赵云败回后,诸葛亮听取赵云败报，部署计策对付姜维,下令,赵云败回，向诸葛亮汇报战况，提及姜维勇猛。诸葛亮下令众将，安排计策引姜维至凤凰山，欲一战定中原。,发展,3,赵云；诸葛亮；魏延；马岱；关兴；张苞,权谋；战争；将帅关系,推进,诸葛亮得知姜维姓名，开始针对性布局,赵云；诸葛亮；四红龙套；魏延、马岱、关兴、张苞；魏延；马岱；关兴；张苞,22,16,5,2.0,0.625,2.625,1,0,
pdf_01000000__01001013___2ec29dd171,天水关,01000000,1000000,《戏考》,《戏考》（1000000）,01001013,天水关,pdf_01000000__01001013___2ec29dd171__scene__006,6,【第六场】,51,51,80,天水关城下,白天,魏延假扮姜维诈城被马遵识破，双方交战,诈城与拒城,马遵得知姜维降汉后惊怒，闭城不纳。魏延假扮姜维诈城被识破，马遵放箭拒之，关兴、张苞与姜维交战。,冲突,4,马遵；魏延；姜维,忠义；权谋；战争,推进,马遵识破诈城并放箭，冲突升级为直接交战,报子；马遵；魏延；姜维,16,3,6,0.1,0.2,0.3,5,2,
pdf_01000000__01001013___2ec29dd171,天水关,01000000,1000000,《戏考》,《戏考》（1000000）,01001013,天水关,pdf_01000000__01001013___2ec29dd171__scene__007,7,【第七场】,81,81,97,天水关战场,两军交战之时,姜维被围投降，诸葛亮收服姜维,劝降与归降,诸葛亮设伏擒姜维，劝其归降。姜维因孝心被感化，投降蜀汉，诸葛亮大喜，托付兵权。,高潮,4,诸葛亮；姜维,忠义；孝道；招贤纳士；使命,高潮,姜维从抵抗转为归降，诸葛亮获得重要将领,诸葛亮；魏延；马岱；关兴；张苞；姜维；魏延、马岱、关兴、张苞,23,6,11,0.3529,0.6471,1.0,4,2,
pdf_01000000__01001014___552f523069,七星灯,01000000,1000000,《戏考》,《戏考》（1000000）,01001014,七星灯,pdf_01000000__01001014___552f523069__scene__000,0,序幕/前置内容,1,1,16,,,# 《七星灯》 （一名：《孔明求寿》）,命令,# 《七星灯》 （一名：《孔明求寿》）,铺垫,0,,战争；家国,引子,,,1,0,0,0.0,0.0,0.0,0,1,
pdf_01000000__01001014___552f523069,七星灯,01000000,1000000,《戏考》,《戏考》（1000000）,01001014,七星灯,pdf_01000000__01001014___552f523069__scene__001,1,【第一场】,17,17,124,诸葛亮营帐,两军对峙期间,诸葛亮送脂粉裙钗羞辱司马懿，反被司马懿通过旗牌探知虚实。,汇报与质问,诸葛亮派旗牌送脂粉裙钗羞辱司马懿，反被司马懿识破计谋并款待旗牌，套取诸葛亮饮食减少的情报，导致诸葛亮计谋失败，感叹司马懿智勇双全。,冲突,4,诸葛亮；旗牌,权谋；羞辱与反羞辱；情爱,推进,诸葛亮从主动羞辱转为被动暴露弱点，计谋被司马懿化解。,诸葛亮；旗牌；我说；他说道；小人说道,52,19,0,0.1759,0.0,0.1759,5,28,
pdf_01000000__01001014___552f523069,七星灯,01000000,1000000,《戏考》,《戏考》（1000000）,01001014,七星灯,pdf_01000000__01001014___552f523069__scene__002,2,【第二场】,125,125,174,五丈原蜀营,夜晚至四更,诸葛亮病逝并安排后事,诸葛亮托付遗表、密授锦囊、预言魏延反叛,诸葛亮病重，安排后事，托付遗表，密授锦囊，预言魏延必反，最终病逝五丈原。,高潮,5,诸葛亮；姜维；魏延；李福；杨仪；王平；马岱,忠义；使命；权谋；传承,高潮,诸葛亮病逝，蜀汉核心人物陨落，剧情转向后诸葛亮时代,司马懿；姜维；诸葛亮；魏延；李福；王平；杨仪；马岱；王平、姜维；马岱、杨仪、王平、姜维,104,88,0,1.76,0.0,1.76,5,11,
pdf_01000000__01001014___552f523069,七星灯,01000000,1000000,《戏考》,《戏考》（1000000）,01001014,七星灯,pdf_01000000__01001014___552f523069__scene__003,3,【第四场】,175,175,222,战场,夜间,姜维假扮诸葛亮吓退司马懿,假扮与退兵,司马懿欲趁诸葛亮已死抢其尸首粮草，姜维等将假扮诸葛亮吓退司马懿，维护丞相威名。,冲突,4,司马懿；姜维,权谋；威名；悲情,对峙,姜维假扮诸葛亮出场，司马懿被吓退，冲突暂时化解,司马懿；众将；姜维,23,9,0,0.1875,0.0,0.1875,4,10,
pdf_01000000__01001014___552f523069,七星灯,01000000,1000000,《戏考》,《戏考》（1000000）,01001014,七星灯,pdf_01000000__01001014___552f523069__scene__004,4,【第五场】,223,223,257,战场,孔明死后,司马懿得知孔明死讯，但怀疑是计，决定收兵。,收兵,司马懿得知孔明已死，但怀疑是计，决定收兵，避免再次中计。,收束,3,司马懿；报子,权谋；谨慎；悲情,收束,司马懿从怀疑孔明未死到确认其死，但选择谨慎收兵，避免冒险。,司马懿；报子；报知元帅；众将,17,6,0,0.1714,0.0,0.1714,4,7,
pdf_01000000__01001015___f8b1d2d500,战北原,01000000,1000000,《戏考》,《戏考》（1000000）,01001015,战北原,pdf_01000000__01001015___f8b1d2d500__scene__000,0,序幕/前置内容,1,1,1,,,# 《战北原》 （一名：《斩郑文》）,对峙,# 《战北原》 （一名：《斩郑文》）,铺垫,1,,权谋；战争；家国；亲情；公案,引子,,,1,0,0,0.0,0.0,0.0,0,1,
pdf_01000000__01001016___c79fb0e7e0,牧羊卷,01000000,1000000,《戏考》,《戏考》（1000000）,01001016,牧羊卷,pdf_01000000__01001016___c79fb0e7e0__scene__000,0,序幕/前置内容,1,1,3,,,# 《牧羊卷》；# （一名：《席棚会妻》；一名：《双槐树》）,命令,# 《牧羊卷》；# （一名：《席棚会妻》；一名：《双槐树》）,铺垫,0,,忠义；权谋；战争；家国；亲情；公案；喜剧,引子,,,2,0,0,0.0,0.0,0.0,0,2,
pdf_01000000__01001017___e46f29227d,清官册,01000000,1000000,《戏考》,《戏考》（1000000）,01001017,清官册,pdf_01000000__01001017___e46f29227d__scene__000,0,序幕/前置内容,1,1,26,,,# 《清官册》；# （一名：《升官图》；一名：《提寇阴审》）,命令,# 《清官册》；# （一名：《升官图》；一名：《提寇阴审》）,铺垫,0,,家国；公案,引子,,,2,0,0,0.0,0.0,0.0,0,2,
pdf_01000000__01001017___e46f29227d,清官册,01000000,1000000,《戏考》,《戏考》（1000000）,01001017,清官册,pdf_01000000__01001017___e46f29227d__scene__001,1,【第一场】,27,27,82,霞榖县县衙,三、六、九放告之日,金牌官传旨调寇准连夜进京,接旨与准备启程,寇准在霞榖县任上突接金牌，被调连夜进京，不知吉凶，夫人设宴饯行。,铺垫,2,寇准；夫人；金牌官,仕途无常；忠义,引子,金牌突降，打破日常，引发未知命运悬念,寇准；金牌官；四青袍；家院；夫人,26,21,0,0.375,0.0,0.375,5,0,
pdf_01000000__01001017___e46f29227d,清官册,01000000,1000000,《戏考》,《戏考》（1000000）,01001017,清官册,pdf_01000000__01001017___e46f29227d__scene__002,2,【第二场】,83,83,98,驿馆,日落时分,赵德芳警告寇准审案风险并暗示可求助,警告与试探,寇准奉旨进京审潘杨案，驿丞官刁难马牌子后接待寇准。赵德芳警告寇准前任御史因审案不明被其打死，寇准欲辞旨被阻，赵德芳暗示可求助。,铺垫,3,寇准；赵德芳；驿丞官,权力威胁；公案；忠义,推进,赵德芳透露前任御史被杀的威胁，寇准面临审案压力，为后续冲突埋下伏笔,寇准；马牌子；驿丞官；太监；赵德芳,32,28,0,1.75,0.0,1.75,3,1,
pdf_01000000__01001017___e46f29227d,清官册,01000000,1000000,《戏考》,《戏考》（1000000）,01001017,清官册,pdf_01000000__01001017___e46f29227d__scene__003,3,【第三场】,99,99,150,宫廷,白天,太监宣读诏书后离去，寇准斥责太监无礼，赵德芳准备入后宫。,斥责,太监宣读诏书后离去，寇准因太监失礼而怒斥，赵德芳则在内侍引导下准备入后宫，等待寇准奏报。,铺垫,2,寇准；赵德芳,王法威严；家国,过渡,无显著转折，为后续奏报做铺垫。,太监；寇准；赵德芳,26,5,0,0.0962,0.0,0.0962,3,18,
pdf_01000000__01001017___e46f29227d,清官册,01000000,1000000,《戏考》,《戏考》（1000000）,01001017,清官册,pdf_01000000__01001017___e46f29227d__scene__004,4,【第五场】,151,151,160,御史衙,白天,寇准审问潘洪，潘洪拒不认罪，寇准用刑后无果，决定求助八千岁。,审问,寇准升堂审问潘洪，历数其谋害杨家、私通胡儿之罪，潘洪拒不招认，寇准用刑后潘洪昏厥，寇准无奈决定前往南清宫与八千岁商议。,冲突,4,寇准；潘洪；马牌子,忠义；忠义；权力斗争,推进,寇准用刑后潘洪仍无口供，案件陷入僵局，寇准转向外部求助。,寇准；四青袍；潘洪；马牌子,64,61,0,6.1,0.0,6.1,3,0,
pdf_01000000__01001018___8d863edec0,双狮图,01000000,1000000,《戏考》,《戏考》（1000000）,01001018,双狮图,pdf_01000000__01001018___8d863edec0__scene__000,0,序幕/前置内容,1,1,3,,,# 《双狮图》；# （一名：《举鼎观画》；一名：《薛蛟颁兵》）,对峙,# 《双狮图》；# （一名：《举鼎观画》；一名：《薛蛟颁兵》）,铺垫,1,,权谋；战争；家国；亲情；公案；喜剧；情爱；离散,引子,,,2,0,0,0.0,0.0,0.0,0,2,
pdf_01000000__01001019___9ae2e889df,柴桑口,01000000,1000000,《戏考》,《戏考》（1000000）,01001019,柴桑口,pdf_01000000__01001019___9ae2e889df__scene__000,0,序幕/前置内容,1,1,20,,,# 《柴桑口》（一名：《孔明吊丧》）,命令,# 《柴桑口》（一名：《孔明吊丧》）,铺垫,0,,忠义；权谋；战争；家国；亲情；喜剧,引子,,,1,0,0,0.0,0.0,0.0,0,1,
pdf_01000000__01001019___9ae2e889df,柴桑口,01000000,1000000,《戏考》,《戏考》（1000000）,01001019,柴桑口,pdf_01000000__01001019___9ae2e889df__scene__001,1,【第一场】,21,21,60,柴桑口（吴营）,周瑜死后不久,诸葛亮过江吊祭周瑜，鲁肃接待并阻止吴将报仇。,鲁肃劝阻吴将，安排诸葛亮吊祭。,鲁肃得知诸葛亮过江吊祭周瑜，吴将欲报仇，鲁肃劝阻并安排会见，诸葛亮以故旧之谊吊祭。,铺垫,2,鲁肃；诸葛亮；四吴将,吊祭；权谋；情爱；政治博弈,铺垫,鲁肃决定不立即拿下诸葛亮，而是观察其意图，为后续吊祭和智斗铺垫。,鲁肃；四吴将；诸葛亮,22,17,0,0.425,0.0,0.425,4,1,
pdf_01000000__01001019___9ae2e889df,柴桑口,01000000,1000000,《戏考》,《戏考》（1000000）,01001019,柴桑口,pdf_01000000__01001019___9ae2e889df__scene__002,2,【第二场】,61,61,68,柴桑口灵堂,周瑜死后不久,诸葛亮吊祭周瑜，周循欲报仇,吊祭与劝阻,诸葛亮吊祭周瑜，哭诉悲痛，鲁肃感动；周循欲报仇，被鲁肃劝阻，但周循仍执意追赶。,转折,3,诸葛亮；鲁肃；周循,吊祭；复仇；权谋,推进,周循决定追赶诸葛亮，冲突升级,诸葛亮；赵云；鲁肃；周循,24,23,0,2.875,0.0,2.875,1,0,
pdf_01000000__01001019___9ae2e889df,柴桑口,01000000,1000000,《戏考》,《戏考》（1000000）,01001019,柴桑口,pdf_01000000__01001019___9ae2e889df__scene__003,3,【第三场】,69,69,73,江边舟中,白天,诸葛亮劝庞统投刘备，周循率兵拦截诸葛亮,劝降与拦截,诸葛亮劝庞统投奔刘备，并赠荐书。庞统离去后，周循率兵拦截诸葛亮，欲为父报仇，冲突一触即发。,冲突,4,诸葛亮；庞统；周循；张飞,权谋；忠义；复仇；抉择,推进,周循出现并持戈相向，冲突从劝降转向武力对抗,诸葛亮；庞统；张飞；周循,24,21,3,4.2,0.6,4.8,0,0,
pdf_01000000__01001020___4ed03adea1,宋江闹院,01000000,1000000,《戏考》,《戏考》（1000000）,01001020,宋江闹院,pdf_01000000__01001020___4ed03adea1__scene__000,0,序幕/前置内容,1,1,17,,,# 《宋江闹院》,命令,# 《宋江闹院》,铺垫,0,,战争；亲情；喜剧；情爱,引子,,,1,0,0,0.0,0.0,0.0,0,1,
pdf_01000000__01001020___4ed03adea1,宋江闹院,01000000,1000000,《戏考》,《戏考》（1000000）,01001020,宋江闹院,pdf_01000000__01001020___4ed03adea1__scene__001,1,【第一场】,18,18,21,乌龙院,白天,张文远与阎惜姣私会，约定明日为阎母祝寿，并准备亲热。,调情,张文远私会阎惜姣，二人调情叙旧，阎惜姣告知母亲生日，张文远欲亲热，阎惜姣假意推拒后应允，二人关系暧昧。,铺垫,2,张文远；阎惜姣,情爱；背叛；私通,引子,无重大转折，为后续宋江发现奸情埋下伏笔。,张文远；阎惜姣,41,41,0,10.25,0.0,10.25,0,0,
pdf_01000000__01001020___4ed03adea1,宋江闹院,01000000,1000000,《戏考》,《戏考》（1000000）,01001020,宋江闹院,pdf_01000000__01001020___4ed03adea1__scene__002,2,【第二场】,22,22,32,阎惜姣院中,白天，退堂后,宋江探访阎惜姣，阎惜姣冷淡应对并藏匿张文远，二人言语试探与冲突。,试探与回避,宋江来到阎惜姣处，阎惜姣态度冷淡，藏匿张文远，宋江察觉异常但未点破，二人言语交锋，阎惜姣借故推脱。,冲突,4,宋江；阎惜姣；张文远,情爱；权力与地位；猜疑与欺骗,推进,阎惜姣藏匿张文远，宋江察觉异常，冲突开始升级。,众人；宋江；阎惜姣；张文远,228,223,4,20.2727,0.3636,20.6364,1,0,
pdf_01000000__01002001___d30790f7a7,李陵碑,01000000,1000000,《戏考》,《戏考》（1000000）,01002001,李陵碑,pdf_01000000__01002001___d30790f7a7__scene__000,0,序幕/前置内容,1,1,16,,,# 《李陵碑》 （一名：《两狼山》；一名：《苏武庙》）,命令,# 《李陵碑》 （一名：《两狼山》；一名：《苏武庙》）,铺垫,0,,战争；亲情；公案,引子,,,1,0,0,0.0,0.0,0.0,0,1,
pdf_01000000__01002001___d30790f7a7,李陵碑,01000000,1000000,《戏考》,《戏考》（1000000）,01002001,李陵碑,pdf_01000000__01002001___d30790f7a7__scene__001,1,【第一场】,17,17,22,,,杨延嗣自述忠义与结局,自述,杨延嗣登场，自述赤胆忠心却落得青史留名，暗示其忠义与悲剧命运。,铺垫,1,杨延嗣,忠义；悲情,引子,,杨延嗣,2,1,0,0.1667,0.0,0.1667,1,0,
pdf_01000000__01002001___d30790f7a7,李陵碑,01000000,1000000,《戏考》,《戏考》（1000000）,01002001,李陵碑,pdf_01000000__01002001___d30790f7a7__scene__002,2,【第二场】,23,23,38,雁门关外军营,黄昏至夜晚,杨继业梦兆七郎惨死，命六郎回朝探听,命令与辞别,杨继业梦见七郎杨延嗣被潘洪乱箭射死，惊醒后与六郎杨延昭商议，命其回朝探听七弟下落，杨延昭无奈辞别。,发展,4,杨继业；杨延昭；杨延嗣,忠义；亲情；战争；使命,推进,杨继业从梦境得知七郎死讯，决意派六郎回朝，父子分离预示悲剧,杨继业；杨延嗣；杨延昭,15,10,0,0.625,0.0,0.625,3,2,
pdf_01000000__01002001___d30790f7a7,李陵碑,01000000,1000000,《戏考》,《戏考》（1000000）,01002001,李陵碑,pdf_01000000__01002001___d30790f7a7__scene__003,3,【第三场】,39,39,54,战场,夜晚或黄昏,杨延昭与耶律休交战，耶律休败退,开打,杨延昭与辽将耶律休遭遇，耶律休奉命巡营并拦截杨延昭，双方交战，耶律休败退，杨延昭继续前行。,冲突,3,杨延昭；耶律休,忠义；战争,推进,冲突升级，杨延昭击败耶律休，扫清前进障碍,耶律休；杨延昭,7,4,0,0.25,0.0,0.25,3,0,
pdf_01000000__01002001___d30790f7a7,李陵碑,01000000,1000000,《戏考》,《戏考》（1000000）,01002001,李陵碑,pdf_01000000__01002001___d30790f7a7__scene__004,4,【第四场】,55,55,64,野外,无明确时间,杨延昭逃脱后决定回朝,逃离与决断,杨延昭成功逃出虎口，决定返回朝廷。本场为过渡性场景，展现主角脱险后的决断。,收束,1,杨延昭,忠义；家国,收束,无重大转折，仅为脱险后的行动决策,杨延昭,4,1,0,0.1,0.0,0.1,2,1,
pdf_01000000__01002001___d30790f7a7,李陵碑,01000000,1000000,《戏考》,《戏考》（1000000）,01002001,李陵碑,pdf_01000000__01002001___d30790f7a7__scene__005,5,【第五场】,65,65,199,两狼山,冬季,杨继业被困两狼山，悲叹杨家将遭遇，战马被绞倒，被迫寻找避风所。,悲叹与寻路,杨继业被困两狼山，粮尽援绝，悲叹杨家将惨烈遭遇，痛斥潘洪奸佞，战马被胡儿绞倒，无奈寻避风所。,高潮,5,杨继业；四老军；探子,忠义；悲情；家国；绝境,高潮,战马被胡儿绞倒，杨继业陷入绝境，冲突升级。,杨继业；四老军；探子,67,6,0,0.0444,0.0,0.0444,12,49,
pdf_01000000__01002003___ad1a817c3c,祭长江,01000000,1000000,《戏考》,《戏考》（1000000）,01002003,祭长江,pdf_01000000__01002003___ad1a817c3c__scene__000,0,序幕/前置内容,1,1,14,,,# 《祭长江》；# （一名：《祭江》）,命令,# 《祭长江》；# （一名：《祭江》）,铺垫,0,,权谋；战争；家国；亲情,引子,,,2,0,0,0.0,0.0,0.0,0,2,
pdf_01000000__01002003___ad1a817c3c,祭长江,01000000,1000000,《戏考》,《戏考》（1000000）,01002003,祭长江,pdf_01000000__01002003___ad1a817c3c__scene__001,1,【第一场】,15,15,20,长江边,刘备去世后,孙尚香在江边设祭哭祭刘备,哭祭,孙尚香在江边设祭，追忆与刘备的夫妻情缘，哭诉刘备一生坎坷及兵败白帝城的悲剧，表达哀痛与绝望。,高潮,5,孙尚香,悲情；忠义；悲情；使命,高潮,孙尚香通过哭诉刘备一生经历，将个人情感与历史悲剧交织，情感达到高潮，为后续投江埋下伏笔。,孙尚香,3,3,0,0.5,0.0,0.5,0,0,
pdf_01000000__01002003___ad1a817c3c,祭长江,01000000,1000000,《戏考》,《戏考》（1000000）,01002003,祭长江,pdf_01000000__01002003___ad1a817c3c__scene__002,2,【第二场】,21,21,49,江边或神界,死后,孙尚香受封枭姬娘娘,接旨谢恩,孙尚香接玉帝圣旨，因其为夫投江尽节，被封为枭姬娘娘，随后准备朝见玉帝。,收束,1,孙尚香；龙王,贞烈；封神；因果报应,收束,孙尚香从凡人转为神祇，完成身份转变,龙王；孙尚香,14,5,0,0.1724,0.0,0.1724,4,5,
pdf_01000000__01002004___832d202725,探寒窑,01000000,1000000,《戏考》,《戏考》（1000000）,01002004,探寒窑,pdf_01000000__01002004___832d202725__scene__000,0,序幕/前置内容,1,1,1,寒窑,,# 《探寒窑》（一名：《母女会》）,命令,# 《探寒窑》（一名：《母女会》）,铺垫,0,,战争；亲情；公案；情爱,引子,,,1,0,0,0.0,0.0,0.0,0,1,
pdf_01000000__01002005___3f3e3fbcf3,落花园,01000000,1000000,《戏考》,《戏考》（1000000）,01002005,落花园,pdf_01000000__01002005___3f3e3fbcf3__scene__000,0,序幕/前置内容,1,1,3,,,# 《落花园》；# （一名：《杏元和番》；一名：《二度梅》）,命令,# 《落花园》；# （一名：《杏元和番》；一名：《二度梅》）,铺垫,0,,忠义；权谋；战争；家国；亲情,引子,,,2,0,0,0.0,0.0,0.0,0,2,
pdf_01000000__01002006___78213d9d3b,探阴山,01000000,1000000,《戏考》,《戏考》（1000000）,01002006,探阴山,pdf_01000000__01002006___78213d9d3b__scene__000,0,序幕/前置内容,1,1,1,,,# 《探阴山》,命令,# 《探阴山》,铺垫,0,,家国；亲情；公案；离散,引子,,,1,0,0,0.0,0.0,0.0,0,1,
pdf_01000000__01002007___67f109e2e1,打金枝,01000000,1000000,《戏考》,《戏考》（1000000）,01002007,打金枝,pdf_01000000__01002007___67f109e2e1__scene__000,0,序幕/前置内容,1,1,3,,,# 《打金枝》；# （一名：《绑子上殿》；一名：《男绑子》）,命令,# 《打金枝》；# （一名：《绑子上殿》；一名：《男绑子》）,铺垫,0,,家国；亲情；喜剧,引子,,,2,0,0,0.0,0.0,0.0,0,2,
pdf_01000000__01002008___7e0325cb8b,八义图,01000000,1000000,《戏考》,《戏考》（1000000）,01002008,八义图,pdf_01000000__01002008___7e0325cb8b__scene__000,0,序幕/前置内容,1,1,20,,,# 《八义图》；# （一名：《搜孤救孤》；一名：《程婴舍子》）,命令,# 《八义图》；# （一名：《搜孤救孤》；一名：《程婴舍子》）,铺垫,0,,忠义；权谋；家国；亲情；离散,引子,救,,2,0,0,0.0,0.0,0.0,0,2,
pdf_01000000__01002008___7e0325cb8b,八义图,01000000,1000000,《戏考》,《戏考》（1000000）,01002008,八义图,pdf_01000000__01002008___7e0325cb8b__scene__001,1,【第一场】,21,21,28,程婴家中,屠岸贾搜孤未果后，赏格期内,程婴与公孙杵臼定计舍子救孤，程妻从拒绝到同意,商议与劝说,程婴与公孙杵臼商议救孤，程婴提议舍子换孤，程妻起初拒绝，经公孙杵臼劝说后同意，程婴抢子离去。,冲突,4,公孙杵臼；程婴；程妻,忠义；牺牲；亲情；救孤,推进,程妻从坚决拒绝到同意舍子，完成救孤计划的关键决断,公孙杵臼；程婴；程妻,81,80,0,10.0,0.0,10.0,1,0,
pdf_01000000__01002008___7e0325cb8b,八义图,01000000,1000000,《戏考》,《戏考》（1000000）,01002008,八义图,pdf_01000000__01002008___7e0325cb8b__scene__002,2,【第三场】,29,29,36,公堂、首阳山、法场,白天,程婴告密，屠岸贾抓捕公孙杵臼并搜出孤儿,告密与拷问,程婴向屠岸贾告密孤儿藏于公孙杵臼家，屠岸贾抓捕公孙杵臼并拷问，最终搜出孤儿，将公孙杵臼和孤儿绑赴法场。,冲突,4,程婴；屠岸贾；公孙杵臼,忠义；牺牲与迫害；权谋,推进,程婴告密导致孤儿暴露，冲突升级为公开搜捕与处决,屠岸贾；四龙套；程婴；二龙套；公孙杵臼,57,57,0,7.125,0.0,7.125,0,0,
pdf_01000000__01002008___7e0325cb8b,八义图,01000000,1000000,《戏考》,《戏考》（1000000）,01002008,八义图,pdf_01000000__01002008___7e0325cb8b__scene__003,3,【第四场】,37,37,49,法场,白天,屠岸贾斩杀孤儿与公孙杵臼，程婴忍痛配合并取得信任,斩杀与伪装,程婴祭奠公孙杵臼，屠岸贾下令斩杀孤儿与公孙，程婴流泪被疑，以担忧儿子安全为由化解，屠岸贾收程婴之子为义子。,高潮,4,程婴；屠岸贾；公孙杵臼,牺牲；复仇；忠义；伪装,高潮,程婴流泪被屠岸贾察觉，但以担忧儿子安全为由巧妙化解，并成功让屠岸贾收其子为义子，为后续复仇埋下伏笔,程婴；屠岸贾；公孙杵臼；四龙套,28,25,0,1.9231,0.0,1.9231,2,1,
pdf_01000000__01002009___15e6fa6cec,鱼肠剑,01000000,1000000,《戏考》,《戏考》（1000000）,01002009,鱼肠剑,pdf_01000000__01002009___15e6fa6cec__scene__000,0,序幕/前置内容,1,1,26,,,# 《鱼肠剑》；# （一名：《子胥投吴》；一名：《吹箫乞食》）,命令,# 《鱼肠剑》；# （一名：《子胥投吴》；一名：《吹箫乞食》）,铺垫,0,,战争；家国；亲情；情爱；离散,引子,,,2,0,0,0.0,0.0,0.0,0,2,
pdf_01000000__01002009___15e6fa6cec,鱼肠剑,01000000,1000000,《戏考》,《戏考》（1000000）,01002009,鱼肠剑,pdf_01000000__01002009___15e6fa6cec__scene__001,1,【第一场】,27,27,30,,,,命令,,过渡,0,,战争；家国；亲情；情爱；离散,过渡,,,0,0,0,0.0,0.0,0.0,0,0,
pdf_01000000__01002009___15e6fa6cec,鱼肠剑,01000000,1000000,《戏考》,《戏考》（1000000）,01002009,鱼肠剑,pdf_01000000__01002009___15e6fa6cec__scene__002,2,【第二场】,31,31,38,吴国城东专诸店前及店内,白日,伍员与专诸结识并结拜，专诸提议投奔姬干岁借兵报仇。,结交,专诸因欠钱与牛二冲突，被母亲唤回；伍员闻老丈言专诸孝义，登门结交，二人结拜，共谋借吴兵伐楚复仇。,发展,3,专诸；伍员；老丈；牛二,忠义；复仇；结交；困顿,推进,伍员从老丈处得知专诸孝义，主动登门结交，二人结拜，为后续借兵复仇奠定关键同盟。,专诸；牛二；专诸妻；伍员；老丈,65,59,5,7.375,0.625,8.0,1,0,
pdf_01000000__01002009___15e6fa6cec,鱼肠剑,01000000,1000000,《戏考》,《戏考》（1000000）,01002009,鱼肠剑,pdf_01000000__01002009___15e6fa6cec__scene__003,3,【第三场】,39,39,42,宫廷,未明确,姬光表达夺位野心并准备出行,命令与准备,姬光在引子中表达对王位的渴望，随后命令太监甲带御林军并准备出行，为后续行动铺垫。,铺垫,1,姬光；太监甲,权力欲望；宫廷,引子,无显著转折,姬光；太监甲,3,3,0,0.75,0.0,0.75,0,0,
pdf_01000000__01002009___15e6fa6cec,鱼肠剑,01000000,1000000,《戏考》,《戏考》（1000000）,01002009,鱼肠剑,pdf_01000000__01002009___15e6fa6cec__scene__004,4,【第四场】,43,43,65,吴国街头及姬光帐中,白天,姬光收留伍员，伍员推荐专诸，专诸接受行刺任务，孙武、被离献鱼肠剑。,伍员吹箫乞食，姬光询问并收留，伍员推荐专诸，专诸领命行刺。,伍员街头吹箫遇姬光，被收留并推荐义弟专诸行刺王僚。孙武、被离献鱼肠剑，专诸愿舍命行刺，姬光承诺照顾其母。,发展,3,伍员；姬光；专诸；孙武；被离,复仇；忠义；知遇之恩；牺牲,推进,专诸主动请缨行刺王僚，姬光承诺照顾其母，行刺计划初步成形。,伍员；姬光；太监甲；孙武、被离；刘展雄；专诸；被离；孙武,53,34,13,1.4783,0.5652,2.0435,5,1,
pdf_01000000__01002010___3013c653cd,钓金龟,01000000,1000000,《戏考》,《戏考》（1000000）,01002010,钓金龟,pdf_01000000__01002010___3013c653cd__scene__000,0,序幕/前置内容,1,1,3,,,# 《钓金龟》；# （一名：《张义得宝》；一名：《孟津河》）,命令,# 《钓金龟》；# （一名：《张义得宝》；一名：《孟津河》）,铺垫,0,,忠义；家国；亲情；公案,引子,,,2,0,0,0.0,0.0,0.0,0,2,
pdf_01000000__01002011___1a9416b419,梅龙镇,01000000,1000000,《戏考》,《戏考》（1000000）,01002011,梅龙镇,pdf_01000000__01002011___1a9416b419__scene__000,0,序幕/前置内容,1,1,16,,,# 《梅龙镇》；# （一名：《游龙戏凤》；一名：《下江南》）,命令,# 《梅龙镇》；# （一名：《游龙戏凤》；一名：《下江南》）,铺垫,0,,权谋；战争；家国；亲情；公案；喜剧；离散,引子,,,2,0,0,0.0,0.0,0.0,0,2,
pdf_01000000__01002011___1a9416b419,梅龙镇,01000000,1000000,《戏考》,《戏考》（1000000）,01002011,梅龙镇,pdf_01000000__01002011___1a9416b419__scene__001,1,【第一场】,17,17,24,梅龙镇李凤姐酒店,白天,正德帝与李凤姐初次相遇，通过点酒、问名、赠银等互动建立关系。,试探与应对,正德帝微服至梅龙镇李凤姐酒店，以军爷身份试探调情，李凤姐机敏应对，二人言语交锋，正德帝借酒钱之名赠银，李凤姐以古画戏弄之。,铺垫,3,李凤姐；正德帝,身份伪装；情爱；阶级差异,铺垫,正德帝赠银并意图进入李凤姐卧房，李凤姐以‘男女授受不亲’拒绝，冲突初现。,正德帝；李凤姐,227,219,8,27.375,1.0,28.375,0,0,
pdf_01000000__01002011___1a9416b419,梅龙镇,01000000,1000000,《戏考》,《戏考》（1000000）,01002011,梅龙镇,pdf_01000000__01002011___1a9416b419__scene__002,2,【第二场】,25,25,33,梅龙镇酒店,夜晚,李凤姐讨封成功，正德帝封其为妃。,讨封与封赏,李凤姐向正德帝讨封，正德帝以先前骂人之事刁难，最终封其为妃，并随其入卧房。,高潮,3,李凤姐；正德帝,权力与身份；情爱；宫廷,高潮,正德帝从拒绝封赏到最终封李凤姐为妃，关系从戏谑转为正式。,李凤姐；正德帝；正德帝、李凤姐,46,44,0,4.8889,0.0,4.8889,2,0,
pdf_01000000__01002012___6c0f4ca58e,白门楼,01000000,1000000,《戏考》,《戏考》（1000000）,01002012,白门楼,pdf_01000000__01002012___6c0f4ca58e__scene__000,0,序幕/前置内容,1,1,20,,,# 《白门楼》,命令,# 《白门楼》,铺垫,0,,忠义；战争；情爱,引子,,,1,0,0,0.0,0.0,0.0,0,1,
pdf_01000000__01002012___6c0f4ca58e,白门楼,01000000,1000000,《戏考》,《戏考》（1000000）,01002012,白门楼,pdf_01000000__01002012___6c0f4ca58e__scene__001,1,【第一场】,21,21,40,辕门,未明确,刘备与关羽、张飞商议前往辕门候令，准备发兵徐州。,候令,刘备、关羽、张飞兄弟三人同赴辕门，准备听从曹操调令发兵徐州，展现兄弟齐心共保汉室的决心。,铺垫,1,刘备；张飞,忠义；忠义,引子,无转折，为后续剧情做铺垫。,刘备；张飞,9,5,0,0.25,0.0,0.25,2,2,
pdf_01000000__01002012___6c0f4ca58e,白门楼,01000000,1000000,《戏考》,《戏考》（1000000）,01002012,白门楼,pdf_01000000__01002012___6c0f4ca58e__scene__002,2,【第二场】,41,41,76,曹操军营,无明确时间,曹操下令攻打徐州，刘备领命协同众将。,发令与领命,曹操与刘备会合，众将起霸点兵，曹操下令攻打徐州，刘备领命协同众将捉拿吕布。,铺垫,2,曹操；刘备；李典；乐进；许褚；曹洪,权力争夺；战争；联盟与背叛,推进,无转折，为后续战斗做军事部署。,曹洪；李典；乐进；许褚；曹操；众人；刘备,28,20,0,0.5556,0.0,0.5556,1,7,
pdf_01000000__01002012___6c0f4ca58e,白门楼,01000000,1000000,《戏考》,《戏考》（1000000）,01002012,白门楼,pdf_01000000__01002012___6c0f4ca58e__scene__003,3,【第三场】,77,77,84,徐州宫闱,白日,侯成盗走赤兔马与画戟，吕布得知后下令备战。,饮酒享乐与紧急军报的对比,吕布在徐州与貂蝉饮酒作乐，陈宫、张辽先后急报曹操来袭及侯成盗马盗戟，吕布惊觉危机，貂蝉假意担忧。,冲突,4,吕布；貂蝉；陈宫；张辽,沉溺酒色；疾病与死亡；忠义,推进,张辽报信使吕布从醉乐转入备战，冲突升级。,吕布；貂蝉；陈宫；小太监；张辽,30,27,2,3.375,0.25,3.625,1,0,
pdf_01000000__01002012___6c0f4ca58e,白门楼,01000000,1000000,《戏考》,《戏考》（1000000）,01002012,白门楼,pdf_01000000__01002012___6c0f4ca58e__scene__004,4,【第四场】,85,85,88,战场,白天,吕布与曹操、刘备联军会阵开打,战斗,吕布与曹操阵营将领会阵开打，刘备、关羽、张飞加入战斗，双方混战，吕布一方处于劣势。,冲突,4,吕布；李典；乐进；许褚；曹洪；刘备；关羽；张飞,战争；对抗；英雄末路,推进,无显著转折，冲突直接升级为混战,,1,1,0,0.25,0.0,0.25,0,0,
pdf_01000000__01002012___6c0f4ca58e,白门楼,01000000,1000000,《戏考》,《戏考》（1000000）,01002012,白门楼,pdf_01000000__01002012___6c0f4ca58e__scene__005,5,【第五场】,89,89,98,白门楼战场,交战时刻,张辽出战被擒,擒拿,陈宫与张辽商议应对敌军，陈宫命张辽抵挡，张辽出战被擒。,冲突,4,陈宫；张辽,忠义；权谋；战争,推进,张辽被擒，战局急转直下,陈宫；张辽；龙套,6,5,0,0.5,0.0,0.5,1,0,
pdf_01000000__01002012___6c0f4ca58e,白门楼,01000000,1000000,《戏考》,《戏考》（1000000）,01002012,白门楼,pdf_01000000__01002012___6c0f4ca58e__scene__006,6,【第六场】,99,99,106,白门楼附近,吕布被擒后不久,貂蝉被曹操部将擒获,擒拿,貂蝉独自上场，悲呼温侯，随即被李典、乐进、许褚、曹洪四将擒获，剧情急转直下。,收束,3,貂蝉；李典；乐进；许褚；曹洪,使命；英雄末路；悲情,收束,貂蝉从悲呼到被擒，标志其命运由主动转向被动，为后续处置埋下伏笔。,貂蝉,3,1,0,0.125,0.0,0.125,2,0,
pdf_01000000__01002012___6c0f4ca58e,白门楼,01000000,1000000,《戏考》,《戏考》（1000000）,01002012,白门楼,pdf_01000000__01002012___6c0f4ca58e__scene__007,7,【第七场】,107,107,114,白门楼附近战场,战后,陈宫被擒,擒拿,陈宫上场悲叹温侯，随即被李典、乐进、许褚、曹洪擒获，剧情从陈宫的绝望转向被俘的结局。,收束,3,陈宫；李典；乐进；许褚；曹洪,忠义；悲情；使命,收束,陈宫从悲叹状态突遭擒拿，情节急转直下，标志其命运终结。,陈宫,3,1,0,0.125,0.0,0.125,2,0,
pdf_01000000__01002012___6c0f4ca58e,白门楼,01000000,1000000,《戏考》,《戏考》（1000000）,01002012,白门楼,pdf_01000000__01002012___6c0f4ca58e__scene__008,8,【第八场】,115,115,132,白门楼战场,交战时刻,吕布孤军奋战，被曹操众将擒获。,吕布决意死战，众将围攻擒拿。,吕布因陈宫、张辽被擒，貂蝉被抢，陷入困境，但仍决意舍死忘生一战，最终被众将擒获。,高潮,5,吕布；李典；乐进；许褚；曹洪；刘备；关羽；张飞,英雄末路；悲情；众叛亲离,高潮,吕布从犹豫到决意死战，但随即被擒，剧情急转直下。,吕布,8,2,2,0.1111,0.1111,0.2222,2,2,
pdf_01000000__01002012___6c0f4ca58e,白门楼,01000000,1000000,《戏考》,《戏考》（1000000）,01002012,白门楼,pdf_01000000__01002012___6c0f4ca58e__scene__009,9,【第九场】,133,133,221,曹操大帐,吕布被擒后,曹操审问并斩杀吕布、陈宫，张辽被擒不屈,审问与处决,曹操擒获吕布、陈宫、张辽，审问并处置三人。刘备暗示曹操杀吕布以防后患，吕布被斩，陈宫慷慨赴死，张辽不屈。,高潮,5,曹操；刘备；吕布；陈宫；张辽；貂蝉,忠义；权谋；英雄末路；悲情,高潮,刘备以丁原、董卓故事提醒曹操，促使曹操决定斩杀吕布，导致吕布命运转折,张飞；曹操；刘备；貂蝉；吕布；陈宫；关羽、张飞；关羽；龙套甲；张辽,118,81,13,0.9101,0.1461,1.0562,5,19,
pdf_01000000__01002013___a1d909916b,华容道,01000000,1000000,《戏考》,《戏考》（1000000）,01002013,华容道,pdf_01000000__01002013___a1d909916b__scene__000,0,序幕/前置内容,1,1,3,,,# 《华容道》；# （一名：《挡曹》）,对话,# 《华容道》；# （一名：《挡曹》）,铺垫,0,,忠义；战争；情爱；离散,引子,,,2,0,0,0.0,0.0,0.0,0,2,
pdf_01000000__01002014___534d1c1fdb,宇宙锋,01000000,1000000,《戏考》,《戏考》（1000000）,01002014,宇宙锋,pdf_01000000__01002014___534d1c1fdb__scene__000,0,序幕/前置内容,1,1,16,,,# 《宇宙锋》 （一名：《金殿装疯》）,命令,# 《宇宙锋》 （一名：《金殿装疯》）,铺垫,0,,家国；亲情；喜剧,引子,,,1,0,0,0.0,0.0,0.0,0,1,
pdf_01000000__01002014___534d1c1fdb,宇宙锋,01000000,1000000,《戏考》,《戏考》（1000000）,01002014,宇宙锋,pdf_01000000__01002014___534d1c1fdb__scene__001,1,【第一场】,17,17,26,赵高府中,夜晚,赵艳容抗婚装疯,赵艳容假意疯癫,赵高欲将女儿赵艳容献给秦王，赵艳容抗婚不从，假装疯癫以逃避父命和皇命。,冲突,4,赵高；赵艳容；秦王,情爱；忠义；女性反抗；权力压迫,对峙,赵艳容从顺从转为反抗，决定装疯以抗婚,赵高；门官；丫鬟；赵艳容；秦王；丫头,72,69,2,6.9,0.2,7.1,1,0,
pdf_01000000__01002014___534d1c1fdb,宇宙锋,01000000,1000000,《戏考》,《戏考》（1000000）,01002014,宇宙锋,pdf_01000000__01002014___534d1c1fdb__scene__002,2,【第二场】,27,27,43,金殿,白天,赵艳容在金殿上装疯，当面斥责秦王无道，拒绝下跪，秦王欲杀之但被赵高劝阻。,赵艳容装疯斥君,赵艳容装疯上殿，以疯言疯语讥讽秦王的荒淫无道，拒绝下跪并揭露其暴政，最终在赵高求情下被罚俸退朝。,高潮,4,赵艳容；秦王；赵高,装疯抗暴；忠义；女性抗争,对峙,赵艳容以疯癫为掩护，公开挑战秦王权威，冲突达到顶点。,秦王；赵高；赵艳容,28,23,2,1.3529,0.1176,1.4706,3,0,
pdf_01000000__01002015___26a42a307f,取帅印,01000000,1000000,《戏考》,《戏考》（1000000）,01002015,取帅印,pdf_01000000__01002015___26a42a307f__scene__000,0,序幕/前置内容,1,1,18,,,# 《取帅印》,命令,# 《取帅印》,铺垫,0,,战争；亲情,引子,,,1,0,0,0.0,0.0,0.0,0,1,
pdf_01000000__01002015___26a42a307f,取帅印,01000000,1000000,《戏考》,《戏考》（1000000）,01002015,取帅印,pdf_01000000__01002015___26a42a307f__scene__001,1,【第一场】,19,19,68,秦府病房,夜晚,程咬金向秦琼通报圣上取印之事，并商议明日应对尉迟恭之策。,商议,程咬金夜访秦府，告知秦琼圣上将亲来取帅印，并透露尉迟恭可能挂帅，二人商议对策，程咬金教唆秦怀玉明日可打尉迟恭。,铺垫,3,程咬金；秦琼；秦怀玉,忠义；权力斗争；情爱；权谋,推进,程咬金透露圣上亲来取印及尉迟恭可能挂帅，引发秦琼不满，并教唆秦怀玉明日打尉迟恭，为后续冲突埋下伏笔。,旗牌；程咬金；院子；启爵主；秦怀玉；秦琼,65,54,5,1.08,0.1,1.18,2,4,
pdf_01000000__01002015___26a42a307f,取帅印,01000000,1000000,《戏考》,《戏考》（1000000）,01002015,取帅印,pdf_01000000__01002015___26a42a307f__scene__002,2,【第二场】,69,69,97,秦琼府邸病房,白日,秦琼在李世民劝说下交出帅印，尉迟恭受命挂帅征东。,交印,李世民探病秦琼，欲请尉迟恭挂帅征东。秦琼起初不愿交印，经李世民许诺将公主许配其子秦怀玉后，最终交出帅印并教导尉迟恭为帅之道。,高潮,4,秦琼；李世民；尉迟恭；程咬金；徐勣；秦怀玉,忠义；权力交接；家国；家国,高潮,秦琼从抗拒交印到接受现实，并借机为子求恩、教导尉迟恭，完成权力交接。,秦怀玉；李世民；徐勣；秦琼；尉迟恭；程咬金,85,47,31,1.6207,1.069,2.6897,4,3,
pdf_01000000__01002016___7c4fa6e0d0,打渔杀家,01000000,1000000,《戏考》,《戏考》（1000000）,01002016,打渔杀家,pdf_01000000__01002016___7c4fa6e0d0__scene__000,0,序幕/前置内容,1,1,24,,,# 《打渔杀家》（一名：《庆顶珠》；一名：《讨鱼税》）,对峙,# 《打渔杀家》（一名：《庆顶珠》；一名：《讨鱼税》）,铺垫,1,,家国；亲情；公案；离散,引子,,,1,0,0,0.0,0.0,0.0,0,1,
pdf_01000000__01002016___7c4fa6e0d0,打渔杀家,01000000,1000000,《戏考》,《戏考》（1000000）,01002016,打渔杀家,pdf_01000000__01002016___7c4fa6e0d0__scene__001,1,【第一场】,25,25,30,江边,白日,李俊与倪荣江边相遇，回忆往事，表明江湖志向。,交谈,李俊与倪荣两位江湖好汉在江边相遇，回忆当年征讨方腊的往事，表达不愿为官、愿在江湖结交豪杰的志向。,铺垫,1,李俊；倪荣,忠义；情爱,引子,无转折，为后续剧情做人物背景铺垫。,李俊；倪荣,13,8,4,1.3333,0.6667,2.0,1,0,
pdf_01000000__01002016___7c4fa6e0d0,打渔杀家,01000000,1000000,《戏考》,《戏考》（1000000）,01002016,打渔杀家,pdf_01000000__01002016___7c4fa6e0d0__scene__002,2,【第二场】,31,31,50,河下江边,白天,丁郎讨税引发冲突，李俊、倪荣威胁丁府并资助萧恩。,对峙与威胁,萧恩父女打渔为生，丁郎前来催讨鱼税，李俊、倪荣为萧恩出头，怒斥丁郎并威胁丁府，最后赠银米助萧恩。,冲突,4,萧恩；丁郎；李俊；倪荣；萧桂英,阶级压迫；忠义；贫困与生存,推进,冲突升级：李俊、倪荣介入，从言语威胁到准备动手，并决定资助萧恩。,萧桂英；萧恩；郭先生；李俊、倪荣；李俊；倪荣；萧恩、李俊、倪荣；丁郎；李倪,107,95,9,4.75,0.45,5.2,2,1,
pdf_01000000__01002016___7c4fa6e0d0,打渔杀家,01000000,1000000,《戏考》,《戏考》（1000000）,01002016,打渔杀家,pdf_01000000__01002016___7c4fa6e0d0__scene__003,3,【第三场】,51,51,246,萧恩家门前,清晨,大教师带家丁上门催讨鱼税，与萧恩发生肢体冲突。,对抗,丁府催讨鱼税，萧恩拒绝并点穴教训大教师，双方冲突升级。,冲突,4,丁员外；丁郎；大教师；萧恩；萧桂英,阶级压迫；反抗；生存困境,推进,萧恩点穴制服大教师，冲突从言语升级为肢体。,丁员外；郭先生；丁郎；大教师；四家丁；萧恩；萧桂英；家丁；你看,167,110,5,0.5612,0.0255,0.5867,7,45,
pdf_01000000__01002016___7c4fa6e0d0,打渔杀家,01000000,1000000,《戏考》,《戏考》（1000000）,01002016,打渔杀家,pdf_01000000__01002016___7c4fa6e0d0__scene__004,4,【第五场】,247,247,268,郭先生处,当日,大教师讨银失败后与郭先生商议报复手段,商议,大教师讨银失败被打回，郭先生建议将丁府送官以出气，众人决定养伤后歇息。,收束,2,大教师；郭先生,暴力与法律；阶级压迫；复仇,过渡,郭先生提出送官报复，冲突从直接对抗转向官场手段,大教师；家丁；郭先生,12,9,0,0.4091,0.0,0.4091,3,0,
pdf_01000000__01002016___7c4fa6e0d0,打渔杀家,01000000,1000000,《戏考》,《戏考》（1000000）,01002016,打渔杀家,pdf_01000000__01002016___7c4fa6e0d0__scene__005,5,【第六场】,269,269,290,丁府,夜晚,萧恩父女以献珠为名，闯入丁府杀死丁员外等人。,复仇,萧恩被吕子秋责打后，决意复仇，带女儿萧桂英夜赴丁府，假献庆顶珠，杀死丁员外、郭先生及众家丁。,高潮,5,萧恩；萧桂英；丁员外；大教师,复仇；阶级压迫；反抗；情爱,高潮,萧恩从隐忍转向主动复仇，父女共同行动，冲突升级为暴力高潮。,萧桂英；衙役；吕子秋；萧恩；大教师；丁员外；郭先生,95,82,6,3.7273,0.2727,4.0,5,2,
pdf_01000000__01002017___248eca40c2,黑风帕,01000000,1000000,《戏考》,《戏考》（1000000）,01002017,黑风帕,pdf_01000000__01002017___248eca40c2__scene__000,0,序幕/前置内容,1,1,24,,,# 《黑风帕》；# （一名：《牧虎关》；一名：《背鞭认子》）,命令,# 《黑风帕》；# （一名：《牧虎关》；一名：《背鞭认子》）,铺垫,0,,忠义；权谋；战争；家国；亲情；喜剧；情爱；离散,引子,,,2,0,0,0.0,0.0,0.0,0,2,
pdf_01000000__01002017___248eca40c2,黑风帕,01000000,1000000,《戏考》,《戏考》（1000000）,01002017,黑风帕,pdf_01000000__01002017___248eca40c2__scene__001,1,【第一场】,25,25,36,雅志高旺府邸,白天,杨八妹搬兵，高旺避而不见，最终被引出相见。,杨八妹逼迫高来供出高旺藏身处，并用计引出高旺。,杨八妹奉太君命到雅志搬兵，高旺不愿发兵，与高来设计躲避。高来被杨八妹吓出实情，二人用计引出高旺，高旺被迫相见。,发展,3,杨八妹；高旺；高来,忠义；权谋；家国,推进,高旺从避而不见到被迫现身，冲突从隐藏转为面对。,高旺；高来；杨八妹,130,125,3,10.4167,0.25,10.6667,2,0,
pdf_01000000__01002017___248eca40c2,黑风帕,01000000,1000000,《戏考》,《戏考》（1000000）,01002017,黑风帕,pdf_01000000__01002017___248eca40c2__scene__002,2,【第二场】,37,37,42,牧虎关前,白天,高旺假扮番将马夫试图骗关，被张保识破，双方言语交锋后张保拒绝开关。,骗关与识破,杨八妹与高旺来到关前，高旺假扮番将马夫与守关张保周旋，试图骗取过关，但张保识破并拒绝开关，双方对峙。,冲突,4,张保；高旺；杨八妹,智斗；过关；伪装与识破,推进,冲突升级：张保识破高旺伪装，明确拒绝过关，双方从言语试探转为直接对抗。,张保；杨八妹；高旺,31,26,5,4.3333,0.8333,5.1667,0,0,
pdf_01000000__01002017___248eca40c2,黑风帕,01000000,1000000,《戏考》,《戏考》（1000000）,01002017,黑风帕,pdf_01000000__01002017___248eca40c2__scene__003,3,【第三场】,43,43,82,战场,交战时刻,高旺以黑风术击败张保,斗法,张保不敌高旺，欲使黑风擒敌，不料高旺亦精通黑风之术，自称老祖宗，最终张保败逃。,高潮,4,张保；高旺,斗法；以技克技；自信与傲慢,对峙,高旺展示黑风术并自称老祖宗，冲突升级并迅速收束,张保；高旺,19,3,5,0.075,0.125,0.2,4,7,
pdf_01000000__01002017___248eca40c2,黑风帕,01000000,1000000,《戏考》,《戏考》（1000000）,01002017,黑风帕,pdf_01000000__01002017___248eca40c2__scene__004,4,【第四场】,83,83,114,黑风关城下,白天,鞑婆出关与高旺交战，被击败后退走。,开打,张保被高旺击败，鞑婆出关迎战，二人交手后鞑婆不敌退走。,冲突,3,张保；鞑婆；高旺,战争；对抗；胜负,推进,鞑婆出战但未能取胜，冲突升级但未解决。,鞑婆；张保；高旺,29,20,4,0.625,0.125,0.75,5,0,
pdf_01000000__01002017___248eca40c2,黑风帕,01000000,1000000,《戏考》,《戏考》（1000000）,01002017,黑风帕,pdf_01000000__01002017___248eca40c2__scene__005,5,【第五场】,115,115,192,战场,无明确时间,高旺破黑风阵并追击鞑婆,破阵与追击,鞑婆布下黑风阵，高旺被困，被迫变猫变犬逃生，后识破阵法弱点，以火攻破阵，追击鞑婆。,高潮,4,鞑婆；高旺,战争；智勇破敌；悲情,高潮,高旺被迫变犬逃生后识破阵法弱点，以火攻反制，冲突升级为追击,鞑婆；高旺；四青袍,38,12,1,0.1538,0.0128,0.1667,8,17,
pdf_01000000__01002017___248eca40c2,黑风帕,01000000,1000000,《戏考》,《戏考》（1000000）,01002017,黑风帕,pdf_01000000__01002017___248eca40c2__scene__006,6,【第六场】,193,193,285,牧虎城城楼,白天,高旺与张兰英夫妻相认，并认出儿子张保和儿媳鞑婆。,相认与家庭团聚,高旺与妻子张兰英在城楼相认，通过黑风帕验证身份，并得知儿子张保和儿媳鞑婆的身份，家庭团聚。,转折,3,高旺；张兰英；张保；鞑婆,亲情；身份验证；亲情,反转,高旺从敌对状态转为家庭团聚，发现妻子、儿子和儿媳的身份。,张兰英；鞑婆；高旺；张保,100,63,7,0.6774,0.0753,0.7527,9,21,
pdf_01000000__01002018___8b683ca237,目莲救母,01000000,1000000,《戏考》,《戏考》（1000000）,01002018,目莲救母,pdf_01000000__01002018___8b683ca237__scene__000,0,序幕/前置内容,1,1,1,,,# 《目莲救母》,命令,# 《目莲救母》,铺垫,0,,战争；家国；亲情；公案；喜剧；情爱,引子,救,,1,0,0,0.0,0.0,0.0,0,1,
pdf_01000000__01002019___9cf1474dd0,红鸾禧,01000000,1000000,《戏考》,《戏考》（1000000）,01002019,红鸾禧,pdf_01000000__01002019___9cf1474dd0__scene__000,0,序幕/前置内容,1,1,20,,,# 《红鸾禧》；# （一名：《棒打薄情郎》）,命令,# 《红鸾禧》；# （一名：《棒打薄情郎》）,铺垫,0,,战争；家国；亲情；情爱,引子,,,2,0,0,0.0,0.0,0.0,0,2,
pdf_01000000__01002019___9cf1474dd0,红鸾禧,01000000,1000000,《戏考》,《戏考》（1000000）,01002019,红鸾禧,pdf_01000000__01002019___9cf1474dd0__scene__001,1,【第一场】,21,21,28,金松家门前及院内,白天,金玉奴救助莫稽，金松从反对到同意招赘莫稽为婿。,救助与结亲,金玉奴救助饥寒秀才莫稽，金松起初误会，后得知莫稽是秀才，决定将女儿许配给他。,发展,2,金玉奴；莫稽；金松,救助；情爱；阶级跨越,推进,金松从驱赶莫稽到主动提出招赘，关系发生根本转变。,金玉奴；莫稽；金松；二杆；众人,111,105,6,13.125,0.75,13.875,0,0,
pdf_01000000__01002019___9cf1474dd0,红鸾禧,01000000,1000000,《戏考》,《戏考》（1000000）,01002019,红鸾禧,pdf_01000000__01002019___9cf1474dd0__scene__002,2,【第二场】,29,29,32,舞台,无明确时间,跳魁星舞蹈表演,舞蹈,本场为跳魁星表演，通过舞蹈动作展现吉祥寓意，为后续剧情铺垫喜庆氛围。,铺垫,1,,吉祥；喜庆,引子,无转折，仅为仪式性开场,,1,0,0,0.0,0.0,0.0,1,0,
pdf_01000000__01002019___9cf1474dd0,红鸾禧,01000000,1000000,《戏考》,《戏考》（1000000）,01002019,红鸾禧,pdf_01000000__01002019___9cf1474dd0__scene__003,3,【第三场】,33,33,37,金松家,中秋时节,金玉奴劝莫稽进京赶考，莫稽拒绝并透露继承乞丐杆的打算，金玉奴失望后决定同行。,劝说与拒绝,莫稽满足于现状不愿进京赶考，金玉奴劝其求取功名，莫稽却打算继承岳父的乞丐杆，金玉奴失望后决定随夫同行。,冲突,3,莫稽；金玉奴,功名与安逸；亲情；阶级身份,推进,莫稽暴露不思进取、甘为乞丐的志向，金玉奴从期望转为失望，决定随夫同行。,莫稽；金玉奴；金松,26,23,3,4.6,0.6,5.2,0,0,
pdf_01000000__01002020___b68a4c781b,白状元祭塔,01000000,1000000,《戏考》,《戏考》（1000000）,01002020,白状元祭塔,pdf_01000000__01002020___b68a4c781b__scene__000,0,序幕/前置内容,1,1,18,,,# 《白状元祭塔》,命令,# 《白状元祭塔》,铺垫,0,,亲情；喜剧；情爱,引子,,,1,0,0,0.0,0.0,0.0,0,1,
pdf_01000000__01002020___b68a4c781b,白状元祭塔,01000000,1000000,《戏考》,《戏考》（1000000）,01002020,白状元祭塔,pdf_01000000__01002020___b68a4c781b__scene__001,1,【第一场】,19,19,30,未明确指定，但暗示为状元出行途中或府邸,中状元后，奉旨回家祭祖之时,许仕林中状元后奉旨回家祭祖，提及母亲受苦。,许仕林自述身份与使命，下令开道。,新科状元许仕林荣归故里，奉旨回家祭祖，提及母亲在雷峰塔受苦，为后续祭塔情节铺垫。,铺垫,1,许仕林,孝道；功名；亲情,引子,无重大转折，但引出母亲受苦线索，为后续冲突埋下伏笔。,许仕林,5,2,0,0.1667,0.0,0.1667,3,0,
pdf_01000000__01002020___b68a4c781b,白状元祭塔,01000000,1000000,《戏考》,《戏考》（1000000）,01002020,白状元祭塔,pdf_01000000__01002020___b68a4c781b__scene__002,2,【第二场】,31,31,75,雷峰塔前,白天,许仕林祭塔与白素贞短暂重逢,祭奠与倾诉,许仕林高中状元后前来雷峰塔祭奠母亲白素贞，塔神允许母子相见。白素贞询问儿子荣耀由来，许仕林告知圣上不准搭救，白素贞感叹命该如此，欲讲述往事时被塔神催促分离。,高潮,4,塔神；白素贞；许仕林,亲情；悲情；孝道；神人界限,高潮,母子重逢后被迫分离，白素贞欲讲述往事被中断，强化悲剧命运,塔神；许仕林；白素贞,40,33,0,0.7333,0.0,0.7333,5,2,
pdf_01000000__01003001___7e8bcc7c30,琼林宴,01000000,1000000,《戏考》,《戏考》（1000000）,01003001,琼林宴【前本】,pdf_01000000__01003001___7e8bcc7c30__scene__000,0,序幕/前置内容,1,1,28,,,# 《琼林宴》 【前本】（一名：《问樵闹府·打棍出箱》）,对话,# 《琼林宴》 【前本】（一名：《问樵闹府·打棍出箱》）,铺垫,0,,权谋；战争；亲情；喜剧；离散,引子,,,1,0,0,0.0,0.0,0.0,0,1,
pdf_01000000__01003001___7e8bcc7c30,琼林宴,01000000,1000000,《戏考》,《戏考》（1000000）,01003001,琼林宴【前本】,pdf_01000000__01003001___7e8bcc7c30__scene__001,1,【第一场】,29,29,50,南山,前半月,范仲禹寻妻儿，从樵夫处得知妻儿下落，儿子被救，妻子被葛登云抢走。,询问与告知,土地化身为樵夫，点化范仲禹，告知其子被虎衔后被陆来所救，其妻被葛登云抢走，范仲禹得知后欲前往葛府。,发展,3,土地；樵夫；范仲禹,寻亲；善恶冲突；使命,推进,范仲禹得知妻子被葛登云抢走，冲突对象明确，剧情转向寻妻复仇。,土地；樵夫；范仲禹,65,60,0,2.7273,0.0,2.7273,5,0,
pdf_01000000__01003001___7e8bcc7c30,琼林宴,01000000,1000000,《戏考》,《戏考》（1000000）,01003001,琼林宴【前本】,pdf_01000000__01003001___7e8bcc7c30__scene__002,2,【第二场】,51,51,72,葛登云府门前,白天,范仲禹上门质问葛登云霸妻之事，双方言语冲突，葛登云威胁范仲禹。,质问与威胁,范仲禹误打家院后质问葛登云，指责其霸占妻子，葛登云否认并威胁范仲禹，冲突升级。,冲突,4,范仲禹；葛登云,霸占；反抗；忠义,对峙,范仲禹从误打家院到直接与葛登云对峙，冲突公开化并升级。,家院；范仲禹；葛登云,41,35,0,1.5909,0.0,1.5909,3,3,
pdf_01000000__01003001___7e8bcc7c30,琼林宴,01000000,1000000,《戏考》,《戏考》（1000000）,01003001,琼林宴【前本】,pdf_01000000__01003001___7e8bcc7c30__scene__003,3,【第一场】,73,73,86,南天门（虚拟）,神话时间,杀神奉旨下凡搭救文曲星,起霸、念白、下凡,杀神登场，自述身份与使命，奉玉帝旨意下凡搭救有难的文曲星范仲禹，随即前往。,铺垫,1,杀神,神助；使命；救难,引子,无转折，为后续搭救行动做铺垫,杀神,6,1,0,0.0714,0.0,0.0714,3,2,
pdf_01000000__01003001___7e8bcc7c30,琼林宴,01000000,1000000,《戏考》,《戏考》（1000000）,01003001,琼林宴【前本】,pdf_01000000__01003001___7e8bcc7c30__scene__004,4,【第二场】,87,87,192,葛登云府中书房,夜晚，三更时分,葛虎奉命杀范仲禹，反被杀神所杀；葛登云下令打死范仲禹并装箱焚尸。,谋杀与反杀,范仲禹在书房中思念妻儿，杀神出现并杀死前来行凶的葛虎，葛登云发现后命人将范仲禹乱棒打死并装入木箱准备焚化。,冲突,4,范仲禹；葛登云；葛虎；杀神；家院,公案；复仇；善恶报应；权力压迫,高潮,杀神出现杀死葛虎，范仲禹从被动受害转为被救，但随即被葛登云下令打死，冲突升级。,家院；范仲禹；杀神；葛虎；葛登云；四青袍,59,20,0,0.1887,0.0,0.1887,12,27,
pdf_01000000__01003001___7e8bcc7c30,琼林宴,01000000,1000000,《戏考》,《戏考》（1000000）,01003001,琼林宴【前本】,pdf_01000000__01003001___7e8bcc7c30__scene__005,5,【第三场】,193,193,195,大路旁边,白天,报禄甲、乙寻找范仲禹未果，遇疯癫范仲禹，范仲禹控诉霸占民妻后受神点化。,寻找与遭遇,报禄甲、乙奉相爷之命寻找范仲禹，盘缠用尽，商议抢劫路人。范仲禹疯癫出现，误认二人为儿子、妻子，控诉霸占民妻。报禄甲、乙离去，范仲禹受神点化欲上天。,发展,3,报禄甲；报禄乙；范仲禹,疯癫与真相；霸占与反抗；神启与超自然,推进,范仲禹疯癫状态揭示其妻被霸占的线索，并受神点化，预示后续超自然情节。,报禄甲；报禄乙；四青袍；范仲禹,67,67,0,22.3333,0.0,22.3333,0,0,
pdf_01000000__01003002___acc415186d,群英会,01000000,1000000,《戏考》,《戏考》（1000000）,01003002,群英会,pdf_01000000__01003002___acc415186d__scene__000,0,序幕/前置内容,1,1,42,未指定,未指定,以副标题预告蒋干盗书、草船借箭等关键事件,预告,本场为全剧序幕，通过副标题形式预告《蒋干中计》《草船借箭》等核心情节，奠定智谋交锋基调。,铺垫,1,,权谋；权谋,引子,无转折，仅为剧情预告,,2,1,0,0.0238,0.0,0.0238,0,1,
pdf_01000000__01003002___acc415186d,群英会,01000000,1000000,《戏考》,《戏考》（1000000）,01003002,群英会,pdf_01000000__01003002___acc415186d__scene__001,1,【第一场】,43,43,80,东吴大帐,白天至夜晚,周瑜设群英会宴请蒋干，暗中布置反间计,周瑜设宴并下令禁止谈论孙曹，安排黄盖报军情、甘宁巡营,周瑜升帐，闻蒋干过江，设群英会宴请，席间禁止谈论孙曹，并安排黄盖、甘宁等将计就计，准备诱使蒋干盗书。,发展,3,周瑜；蒋干；黄盖；甘宁；鲁肃；太史慈,权谋；反间；忠义；宴会,推进,周瑜决定利用蒋干实施反间计，为后续盗书埋下伏笔,黄盖；甘宁；周瑜；鲁肃；四白龙套；蒋干；众将；太史慈；众人,100,85,3,2.2368,0.0789,2.3158,6,6,
pdf_01000000__01003002___acc415186d,群英会,01000000,1000000,《戏考》,《戏考》（1000000）,01003002,群英会,pdf_01000000__01003002___acc415186d__scene__002,2,【第二场】,81,81,86,周瑜帐中,四更时分,周瑜与黄盖演双簧，诱使蒋干盗走伪造的蔡瑁、张允投降书信。,周瑜设计诱骗蒋干,周瑜设计让蒋干盗走假书信，假装与黄盖密谋取曹操首级，蒋干中计逃回江东，鲁肃担心计谋瞒不过诸葛亮。,发展,3,周瑜；蒋干；黄盖；鲁肃,权谋；权谋；欺骗；忠义,推进,蒋干盗信逃回江东，反间计正式启动。,周瑜；黄盖；蒋干；鲁肃,23,19,4,3.1667,0.6667,3.8333,0,0,
pdf_01000000__01003002___acc415186d,群英会,01000000,1000000,《戏考》,《戏考》（1000000）,01003002,群英会,pdf_01000000__01003002___acc415186d__scene__003,3,【第三场】,87,87,100,东吴大帐,赤壁之战期间,周瑜设限令诸葛亮造箭，诸葛亮立军令状；蔡中蔡和诈降被收留。,周瑜设局考验诸葛亮，诸葛亮应允造箭；周瑜接纳诈降。,周瑜借刀杀蔡瑁张允，诸葛亮识破计策；周瑜令诸葛亮三日内造箭十万，诸葛亮立军令状；蔡中蔡和诈降东吴，周瑜将计就计。,发展,4,周瑜；诸葛亮；鲁肃；曹操；蒋干；蔡中；蔡和；黄盖,权谋；使命；悲情；权谋,推进,诸葛亮立军令状，冲突升级；蔡中蔡和诈降，埋下反间伏笔。,曹操；蒋干；周瑜；鲁肃；诸葛亮；黄盖；蔡中、蔡和；众人；甘宁,122,109,12,7.7857,0.8571,8.6429,0,1,
pdf_01000000__01003002___acc415186d,群英会,01000000,1000000,《戏考》,《戏考》（1000000）,01003002,群英会,pdf_01000000__01003002___acc415186d__scene__004,4,【第六场】,101,101,110,江上舟中及曹营,大雾弥漫的夜晚或清晨,诸葛亮草船借箭成功,诱箭,诸葛亮利用大雾天气，率船队佯攻曹营，成功诱使曹操下令放箭，借得十万支箭，鲁肃从惊恐转为明白。,高潮,4,诸葛亮；鲁肃；曹操；蒋干,权谋；欺骗；借力；冒险,高潮,鲁肃从担忧到明白真相，曹操中计损失箭矢,二水手；诸葛亮；鲁肃；蒋干；曹操,32,28,2,2.8,0.2,3.0,2,0,
pdf_01000000__01003002___acc415186d,群英会,01000000,1000000,《戏考》,《戏考》（1000000）,01003002,群英会,pdf_01000000__01003002___acc415186d__scene__005,5,【第七场】,111,111,118,帐外,大雾之后,诸葛亮与鲁肃清点箭支，准备交令,对话与清点,诸葛亮与鲁肃返回，鲁肃称赞诸葛亮神机妙算，诸葛亮解释因识天文而知大雾，二人清点箭支后准备交令，鲁肃仍心有余悸。,收束,1,诸葛亮；鲁肃,权谋；识天文；使命,收束,无重大转折，为草船借箭事件的收尾,鲁肃；诸葛亮；四龙套,22,20,0,2.5,0.0,2.5,2,0,
pdf_01000000__01003002___acc415186d,群英会,01000000,1000000,《戏考》,《戏考》（1000000）,01003002,群英会,pdf_01000000__01003002___acc415186d__scene__006,6,【第八场】,119,119,137,周瑜帐内,造箭三日后,鲁肃汇报诸葛亮草船借箭成功，周瑜震惊并请见诸葛亮。,汇报与惊叹,鲁肃向周瑜报告诸葛亮草船借箭的经过，周瑜惊叹孔明神机妙算，并请其入帐。,发展,2,周瑜；鲁肃,权谋；惊叹与嫉妒,推进,周瑜对诸葛亮从轻视转为惊叹，关系微妙变化。,周瑜；鲁肃,17,10,1,0.5263,0.0526,0.5789,3,3,
pdf_01000000__01003003___c9d807e88a,桑园会,01000000,1000000,《戏考》,《戏考》（1000000）,01003003,桑园会,pdf_01000000__01003003___c9d807e88a__scene__000,0,序幕/前置内容,1,1,20,,,# 《桑园会》（一名：《秋胡戏妻》；一名：《马蹄金》；一名：《辞楚归鲁》）,命令,# 《桑园会》（一名：《秋胡戏妻》；一名：《马蹄金》；一名：《辞楚归鲁》）,铺垫,0,,家国；亲情；公案,引子,,,1,0,0,0.0,0.0,0.0,0,1,
pdf_01000000__01003003___c9d807e88a,桑园会,01000000,1000000,《戏考》,《戏考》（1000000）,01003003,桑园会,pdf_01000000__01003003___c9d807e88a__scene__001,1,【第一场】,21,21,24,途中,日暮时分,秋胡归家途中抒发思乡之情,赶路,秋胡离家为官，思乡心切，归心似箭，辞别君王，披星戴月赶回家园。,铺垫,1,秋胡,思乡；忠义,引子,无转折，为后续归家情节做铺垫,秋胡,3,2,1,0.5,0.25,0.75,0,0,
pdf_01000000__01003003___c9d807e88a,桑园会,01000000,1000000,《戏考》,《戏考》（1000000）,01003003,桑园会,pdf_01000000__01003003___c9d807e88a__scene__002,2,【第二场】,25,25,27,桑园及秋家草堂,黄昏时分,秋胡在桑园调戏妻子罗氏以试探其贞节，罗氏拒绝后回家自尽未遂，秋母责骂秋胡。,试探与拒绝,秋胡归家途中在桑园试探妻子罗氏贞节，调戏未果后回家，罗氏羞愤欲自尽，秋母责骂秋胡并命其向罗氏赔罪。,高潮,4,秋胡；罗氏；秋母,贞节；亲情；孝道；道德考验,高潮,秋胡调戏罗氏导致夫妻关系破裂，罗氏自尽未遂，秋母介入迫使秋胡认错。,罗氏；秋母；秋胡；秋胡罗氏,123,97,26,32.3333,8.6667,41.0,0,0,
pdf_01000000__01003005___ee5df368d2,拾黄金,01000000,1000000,《戏考》,《戏考》（1000000）,01003005,拾黄金,pdf_01000000__01003005___ee5df368d2__scene__000,0,序幕/前置内容,1,1,3,,,# 《拾黄金》；# （一名：《财迷传》；一名：《化子拾金》）,命令,# 《拾黄金》；# （一名：《财迷传》；一名：《化子拾金》）,铺垫,0,,亲情；喜剧；情爱,引子,,,2,0,0,0.0,0.0,0.0,0,2,
pdf_01000000__01003006___ee399229b8,辕门斩子,01000000,1000000,《戏考》,《戏考》（1000000）,01003006,辕门斩子,pdf_01000000__01003006___ee399229b8__scene__000,0,序幕/前置内容,1,1,1,,,# 《辕门斩子》（一名：《白虎堂》）,命令,# 《辕门斩子》（一名：《白虎堂》）,铺垫,0,,战争；亲情；公案；喜剧；情爱,引子,,,1,0,0,0.0,0.0,0.0,0,1,
pdf_01000000__01003008___7111d9396e,断太后,01000000,1000000,《戏考》,《戏考》（1000000）,01003008,断太后,pdf_01000000__01003008___7111d9396e__scene__000,0,序幕/前置内容,1,1,16,,,# 《断太后》（一名：《赵州桥》；一名：《天齐庙》）,命令,# 《断太后》（一名：《赵州桥》；一名：《天齐庙》）,铺垫,0,,权谋；家国；亲情；公案；情爱,引子,,,1,0,0,0.0,0.0,0.0,0,1,
pdf_01000000__01003008___7111d9396e,断太后,01000000,1000000,《戏考》,《戏考》（1000000）,01003008,断太后,pdf_01000000__01003008___7111d9396e__scene__001,1,【第一场】,17,17,20,包拯府衙,白天,包拯下令开道出行,命令,包拯准备出行，询问人役是否齐备，王朝马汉回应后，包拯下令开道。,铺垫,1,包拯；王朝；马汉,忠义；秩序,引子,无转折，仅为出行准备,包拯；马汉；王朝,6,6,0,1.5,0.0,1.5,0,0,
pdf_01000000__01003008___7111d9396e,断太后,01000000,1000000,《戏考》,《戏考》（1000000）,01003008,断太后,pdf_01000000__01003008___7111d9396e__scene__002,2,【第二场】,21,21,24,未指定,未指定,地方上场，发出开场白。,上场亮相,地方上场，以一声‘哽哼’开场，为后续剧情铺垫气氛，暗示即将发生的事件。,铺垫,1,地方,开场；铺垫,引子,无显著转折，仅为开场铺垫。,地方,1,1,0,0.25,0.0,0.25,0,0,
pdf_01000000__01003008___7111d9396e,断太后,01000000,1000000,《戏考》,《戏考》（1000000）,01003008,断太后,pdf_01000000__01003008___7111d9396e__scene__003,3,【第三场】,25,25,32,皇宫,,<table><tr><td>李后(李后上。)</td><td>(内白)</td><td>苦吓!</td></tr></table>；<table><tr><t,命令,"<table><tr><td>李后(李后上。)</td><td>(内白)</td><td>苦吓!</td></tr></table>；<table><tr><td>李后</td><td>(二黄慢板)</td><td>想当年在皇宫何等幸侥,我",过渡,0,,权谋；家国；亲情；公案；情爱,过渡,,,2,0,0,0.0,0.0,0.0,0,2,
pdf_01000000__01003008___7111d9396e,断太后,01000000,1000000,《戏考》,《戏考》（1000000）,01003008,断太后,pdf_01000000__01003008___7111d9396e__scene__004,4,【第四场】,33,33,37,赵州桥天齐庙,夜晚宿堂时,李后向包拯揭露刘妃与郭槐狸猫换太子之冤，包拯接驾并承诺回朝奏本。,申诉与接驾,包拯在天齐庙宿堂，遇瞎婆李后申诉二十载冤情，李后道出刘妃与郭槐狸猫换太子之谋，包拯接驾并决意回朝奏本。,高潮,5,包拯；李后；地方,公案；忠义；身份揭示,高潮,李后道出真实身份与冤情，包拯确认并决定回朝翻案。,王朝；包拯；地方；众人；李后；马汉,75,73,2,14.6,0.4,15.0,0,0,
pdf_01000000__01003009___821dbef739,打龙袍,01000000,1000000,《戏考》,《戏考》（1000000）,01003009,打龙袍,pdf_01000000__01003009___821dbef739__scene__000,0,序幕/前置内容,1,1,28,,,# 《打龙袍》,命令,# 《打龙袍》,铺垫,0,,忠义；战争；家国；亲情；公案；情爱,引子,,,1,0,0,0.0,0.0,0.0,0,1,
pdf_01000000__01003009___821dbef739,打龙袍,01000000,1000000,《戏考》,《戏考》（1000000）,01003009,打龙袍,pdf_01000000__01003009___821dbef739__scene__001,1,【第一场】,29,29,104,金銮殿,早朝,包拯回朝复命并邀请仁宗午门观灯,汇报与邀请,包拯陈州放粮回朝，向宋仁宗呈上散粮表章，仁宗欲设宴贺功，包拯以午门花灯大会相邀，仁宗应允明日观灯。,铺垫,1,包拯；宋仁宗；王延龄,忠义；功绩；设局,铺垫,包拯以花灯大会替代御宴，为后续冲突埋下伏笔,宋仁宗；王延龄；包拯,49,20,3,0.2632,0.0395,0.3026,8,18,
pdf_01000000__01003009___821dbef739,打龙袍,01000000,1000000,《戏考》,《戏考》（1000000）,01003009,打龙袍,pdf_01000000__01003009___821dbef739__scene__002,2,【第二场】,105,105,150,午门,元宵节前后,包拯借灯官扮灯暗示宋仁宗不孝，引发君臣对峙,包拯谏言,灯官奉包拯之命扮灯，宋仁宗因不忠不孝灯怒欲拿灯官，包拯借机暗示朝中有不忠不孝之人，王延龄劝阻包拯。,发展,4,包拯；宋仁宗；王延龄,忠义；谏诤；家国,推进,包拯从灯官被拿切入，将话题转向朝中不忠不孝之人，冲突升级,灯官；宋仁宗；包拯；王延龄,23,17,1,0.3696,0.0217,0.3913,5,0,
pdf_01000000__01003009___821dbef739,打龙袍,01000000,1000000,《戏考》,《戏考》（1000000）,01003009,打龙袍,pdf_01000000__01003009___821dbef739__scene__003,3,【第三场】,151,151,158,金殿,白天,陈琳揭露狸猫换太子真相，宋仁宗赦免包拯并处置郭槐,陈琳作证揭露旧案,包拯因扮灯藐君被宋仁宗问罪，他陈述陈州放粮遇李后伸冤之事，并请陈琳作证。陈琳揭露刘后与郭槐狸猫换太子旧案，宋仁宗醒悟，赦免包拯，处死郭槐，准备迎接国太。,高潮,4,包拯；宋仁宗；陈琳；郭槐,忠义；真相揭露；孝道与认亲；权力清算,反转,陈琳的证词使宋仁宗从问罪包拯转为相信国太存在，并决定迎接国太,宋仁宗；王延龄；包拯；太监；陈琳；四大铠；郭槐,47,37,10,4.625,1.25,5.875,0,0,
pdf_01000000__01003009___821dbef739,打龙袍,01000000,1000000,《戏考》,《戏考》（1000000）,01003009,打龙袍,pdf_01000000__01003009___821dbef739__scene__004,4,【第四场】,159,159,168,午门外,白天,李后入皇城，接受众臣朝拜，感慨冤仇得报。,朝拜与褒奖,李后进入皇城，接受王延龄、陈琳、包拯的朝拜，表达二十载冤仇得报的感慨，并褒奖忠臣。,收束,2,李后；王延龄；陈琳；包拯,忠义；公案；家国,收束,李后正式进入皇城，身份得到确认，冤情昭雪进入收尾阶段。,李后；王延龄；包拯,8,3,3,0.3,0.3,0.6,2,0,
pdf_01000000__01003009___821dbef739,打龙袍,01000000,1000000,《戏考》,《戏考》（1000000）,01003009,打龙袍,pdf_01000000__01003009___821dbef739__scene__005,5,【第五场】,169,169,174,未指定,未指定,众人下场,下场,众人伴随吹打音乐一同下场，本场为过场戏，无具体情节推进或角色互动。,过渡,1,,公案；情爱,过渡,无,,1,0,0,0.0,0.0,0.0,1,0,
pdf_01000000__01003009___821dbef739,打龙袍,01000000,1000000,《戏考》,《戏考》（1000000）,01003009,打龙袍,pdf_01000000__01003009___821dbef739__scene__006,6,【第六场】,175,175,177,金殿,古代，李后回朝后,李后命包拯责打宋仁宗，包拯打龙袍代罚，李后封赏包拯并赐上方剑。,责罚与封赏,李后命包拯责打宋仁宗，包拯以打龙袍代君受罚，李后封赏包拯并赐上方剑，彰显忠奸分明与皇权更迭。,高潮,4,李后；包拯；宋仁宗,忠义；皇权更迭；忠义；家国,高潮,李后从责骂宋仁宗转向封赏包拯，确立包拯权威，冲突从君臣对抗转为权力重新分配。,宋仁宗；李后；包拯；内侍,12,7,5,2.3333,1.6667,4.0,0,0,
pdf_01000000__01003010___2fda4a58c1,战蒲关,01000000,1000000,《戏考》,《戏考》（1000000）,01003010,战蒲关,pdf_01000000__01003010___2fda4a58c1__scene__000,0,序幕/前置内容,1,1,22,,,# 《战蒲关》；# （一名：《吃人肉》；一名：《杀妾犒军》）,对峙,# 《战蒲关》；# （一名：《吃人肉》；一名：《杀妾犒军》）,铺垫,2,,忠义；权谋；战争；亲情；情爱,引子,,,2,0,0,0.0,0.0,0.0,0,2,
pdf_01000000__01003010___2fda4a58c1,战蒲关,01000000,1000000,《戏考》,《戏考》（1000000）,01003010,战蒲关,pdf_01000000__01003010___2fda4a58c1__scene__001,1,【第一场】,23,23,80,蒲关城内,夜晚二更,刘忠向王霸汇报城中粮尽、百姓易子而食的惨状,汇报,王霸感叹被围困的惨状，刘忠汇报城中粮尽、百姓易子而食的惨况，王霸悲痛不已。,发展,4,王霸；刘忠,战争；忠义；生存困境,推进,刘忠的汇报揭示了城中绝粮的极端困境，冲突升级,王霸；众百姓；刘忠,35,24,0,0.4138,0.0,0.4138,2,9,
pdf_01000000__01003010___2fda4a58c1,战蒲关,01000000,1000000,《戏考》,《戏考》（1000000）,01003010,战蒲关,pdf_01000000__01003010___2fda4a58c1__scene__002,2,【第二场】,81,81,86,蒲关城内,战时,刘忠与王霸就杀二夫人犒军一事展开激烈争执，最终刘忠被迫应允。,劝阻与命令,刘忠得知王霸欲杀二夫人犒军，先劝阻并愿代死，后被迫接受命令，王霸亦欲自尽以全忠义。,冲突,4,刘忠；王霸,忠义；牺牲；伦理困境,推进,刘忠从坚决拒绝到被迫接受命令，王霸从命令他人到欲自尽，冲突升级并出现转折。,刘忠；王霸,12,12,0,2.0,0.0,2.0,0,0,
pdf_01000000__01003010___2fda4a58c1,战蒲关,01000000,1000000,《戏考》,《戏考》（1000000）,01003010,战蒲关,pdf_01000000__01003010___2fda4a58c1__scene__003,3,【第四场】,87,87,229,西院卧室,深夜，月影西沉,刘忠奉王霸之命，以借粮为名，实则暗示徐艳贞自尽以飨军。,刺杀与劝阻,刘忠奉王霸之命，以借粮为名，实则暗示徐艳贞自尽以飨军。徐艳贞识破后欲拜别，被刘忠劝阻，王霸出现并下令处理尸体。,高潮,5,刘忠；徐艳贞；王霸,忠义；牺牲；权力与服从；亲情,高潮,徐艳贞识破借粮暗语，决定赴死，但被刘忠劝阻，王霸出现下令处理尸体。,徐艳贞；刘忠；王霸；旗牌,102,56,0,0.3916,0.0,0.3916,11,35,
pdf_01000000__01003011___a844c57d4e,斩黄袍,01000000,1000000,《戏考》,《戏考》（1000000）,01003011,斩黄袍,pdf_01000000__01003011___a844c57d4e__scene__000,0,序幕/前置内容,1,1,30,,,# 《斩黄袍》 （一名：《斩郑恩》）,命令,# 《斩黄袍》 （一名：《斩郑恩》）,铺垫,0,,忠义；权谋；战争；亲情,引子,,,1,0,0,0.0,0.0,0.0,0,1,
pdf_01000000__01003011___a844c57d4e,斩黄袍,01000000,1000000,《戏考》,《戏考》（1000000）,01003011,斩黄袍,pdf_01000000__01003011___a844c57d4e__scene__001,1,【第一场】,31,31,76,王府内,先帝驾崩后,苗顺、郑恩、高怀德趁赵匡胤酒醉，将冲天冠、赭黄袍加于其身，赵匡胤酒醒后被迫称帝。,加袍劝进,赵匡胤、郑恩等商议后事，苗顺提议将皇袍加于醉酒的赵匡胤身上，赵匡胤酒醒后被迫接受皇位，众人拥立其为帝。,转折,3,赵匡胤；郑恩；苗顺；高怀德,权力交接；使命；忠义；权谋,推进,赵匡胤从不知情到被迫接受皇位，权力交接的关键转折。,赵匡胤；郑恩；报子；高怀德；苗顺；文堂甲；高怀德、苗顺；赵匡胤、郑恩；郑恩、高怀德；苗顺、郑恩、高怀德；郑高苗,49,38,2,0.8261,0.0435,0.8696,3,6,
pdf_01000000__01003011___a844c57d4e,斩黄袍,01000000,1000000,《戏考》,《戏考》（1000000）,01003011,斩黄袍,pdf_01000000__01003011___a844c57d4e__scene__002,2,【第二场】,77,77,80,未知,未知,神仙书写，二童子扶持，随后同下。,书写,二童子扶神仙上场，神仙书写后，三人一同下场，为后续剧情埋下伏笔。,铺垫,1,神仙；二童子,使命；神秘预示,引子,无显著转折，仅为神秘预示。,,1,0,0,0.0,0.0,0.0,1,0,
pdf_01000000__01003011___a844c57d4e,斩黄袍,01000000,1000000,《戏考》,《戏考》（1000000）,01003011,斩黄袍,pdf_01000000__01003011___a844c57d4e__scene__003,3,【第三场】,81,81,84,未明确,未明确,众人拜祭并持帖过场,拜祭与过场,赵匡胤、郑恩、苗顺、高怀德等人一同拜祭，随后持帖过场，众人同下，为后续剧情铺垫。,铺垫,1,赵匡胤；郑恩；苗顺；高怀德,仪式；权力交接,铺垫,无显著转折,,1,0,0,0.0,0.0,0.0,1,0,
pdf_01000000__01003011___a844c57d4e,斩黄袍,01000000,1000000,《戏考》,《戏考》（1000000）,01003011,斩黄袍,pdf_01000000__01003011___a844c57d4e__scene__004,4,【第四场】,85,85,88,汴梁,赵匡胤登基后,赵匡胤封赏功臣并出赦条，韩龙兄妹决定进妃,封赏与谋划,赵匡胤登基，封苗顺为护国军师、高怀德为尚方剑，郑恩提议出赦条安民。韩龙与韩素梅商议进妃，前往汴梁。,发展,2,赵匡胤；苗顺；高怀德；郑恩；韩龙；韩素梅,登基封赏；权力巩固；权谋,推进,韩龙兄妹决定进妃，为后续冲突埋下伏笔,苗顺；郑恩；赵匡胤；苗顺、高怀德；高怀德；韩龙；韩素梅,29,23,6,5.75,1.5,7.25,0,0,
pdf_01000000__01003011___a844c57d4e,斩黄袍,01000000,1000000,《戏考》,《戏考》（1000000）,01003011,斩黄袍,pdf_01000000__01003011___a844c57d4e__scene__005,5,【第六场】,89,89,100,金銮殿,早朝时分,赵匡胤登殿，黄门官准备启奏进妃之事,等待与登殿,黄门官在朝房等候，准备启奏河北韩龙进妃之事。赵匡胤登殿，展现帝王威仪，为后续纳妃事件铺垫。,铺垫,1,赵匡胤；黄门官,权力；纳妃,引子,无转折，为后续冲突做铺垫,黄门官；赵匡胤,4,2,0,0.1667,0.0,0.1667,2,0,
pdf_01000000__01003011___a844c57d4e,斩黄袍,01000000,1000000,《戏考》,《戏考》（1000000）,01003011,斩黄袍,pdf_01000000__01003011___a844c57d4e__scene__006,6,【第七场】,101,101,128,教场,白天,郑恩祭拜枣阳槊,祭拜,郑恩前往教场祭拜自己的兵器枣阳槊，表达对二哥登基的忠诚与自豪，为后续冲突埋下伏笔。,铺垫,1,郑恩,忠义；权力象征,引子,无显著转折，仅为日常仪式性场景,郑恩；四龙套；启三千岁,12,3,0,0.1071,0.0,0.1071,4,5,
pdf_01000000__01003011___a844c57d4e,斩黄袍,01000000,1000000,《戏考》,《戏考》（1000000）,01003011,斩黄袍,pdf_01000000__01003011___a844c57d4e__scene__007,7,【第八场】,129,129,140,金殿,白天,赵匡胤下令斩郑恩，高怀德准备武力阻刑,赵匡胤下令绑斩郑恩,郑恩因韩龙进妃之事与赵匡胤激烈争执，赵匡胤怒而将郑恩绑赴午门斩首。高怀德欲保本，但被韩素梅阻挠，决定武装阻刑。,高潮,5,赵匡胤；郑恩；韩龙；高怀德；韩素梅,忠义；权力与猜忌；家国；亲情,高潮,冲突升级：郑恩被绑赴斩，高怀德决定武装阻刑,郑恩；赵匡胤；众武士；韩龙；苗顺；高怀德；太监；韩素梅,80,70,8,5.8333,0.6667,6.5,1,1,
pdf_01000000__01003011___a844c57d4e,斩黄袍,01000000,1000000,《戏考》,《戏考》（1000000）,01003011,斩黄袍,pdf_01000000__01003011___a844c57d4e__scene__008,8,【第十场】,141,141,148,书房,未明确,郑英独坐书房，表达烦闷情绪,独坐,郑英独坐书房，内心烦闷，为后续剧情发展铺垫情绪基调。,铺垫,1,郑英,烦闷；独处,引子,无显著转折，仅为情绪铺垫,郑英,2,1,0,0.125,0.0,0.125,1,0,
pdf_01000000__01003011___a844c57d4e,斩黄袍,01000000,1000000,《戏考》,《戏考》（1000000）,01003011,斩黄袍,pdf_01000000__01003011___a844c57d4e__scene__009,9,【第十一场】,149,149,156,法场,行刑前,郑恩被斩首，郑英被仙人救走。,行刑,韩龙押郑恩法场问斩，郑英探监欲反被郑恩训斥，黄花真人救走郑英，郑恩被斩。,高潮,5,韩龙；郑恩；郑英；黄花真人,忠义；公案；忠义；使命,高潮,郑英被救走，郑恩被斩，忠臣遇害，冲突达到顶点。,韩龙；郑恩；家院；郑英；众武士；黄花真人；众人；武士,34,24,10,3.0,1.25,4.25,0,0,
pdf_01000000__01003011___a844c57d4e,斩黄袍,01000000,1000000,《戏考》,《戏考》（1000000）,01003011,斩黄袍,pdf_01000000__01003011___a844c57d4e__scene__010,10,【第十二场】,157,157,164,陶三春府中大堂,法场行刑后,陶三春闻讯后集结兵力，决意复仇。,陶三春下令众将披挂，准备攻打金殿。,陶三春得知丈夫郑恩被斩首，儿子失踪，悲痛之下命令众将披挂，准备杀上金殿报仇。,冲突,4,陶三春；家院,复仇；忠义；权力斗争,推进,陶三春从悲痛转为决断，冲突升级为武装反抗。,,3,2,0,0.25,0.0,0.25,1,0,
pdf_01000000__01003011___a844c57d4e,斩黄袍,01000000,1000000,《戏考》,《戏考》（1000000）,01003011,斩黄袍,pdf_01000000__01003011___a844c57d4e__scene__011,11,【第十三场】,165,165,178,中途路,夜晚,郑恩鬼魂向陶三春透露儿子下落，陶三春决心复仇。,陶三春率军前行，遇郑恩鬼魂，得知真相后继续进军。,郑恩鬼魂现身，告知陶三春其子被黄花真人救走，母子将在南唐重逢，陶三春悲痛后决意反上金殿报仇。,发展,4,郑恩；陶三春,复仇；幽冥；亲情；使命,推进,陶三春得知儿子被救，复仇决心更加坚定，冲突升级。,,6,0,1,0.0,0.0714,0.0714,1,4,
pdf_01000000__01003011___a844c57d4e,斩黄袍,01000000,1000000,《戏考》,《戏考》（1000000）,01003011,斩黄袍,pdf_01000000__01003011___a844c57d4e__scene__012,12,【第十四场】,179,179,187,汴梁城下,白天,陶三春兵围皇城，赵匡胤与高怀德城楼应对，最终赵匡胤妥协，答应设坛超度郑子明。,对峙与谈判,陶三春为夫报仇兵围皇城，赵匡胤被迫认错，高怀德从中调解，最终赵匡胤答应为郑子明设坛超度，陶三春收兵。,高潮,5,赵匡胤；陶三春；高怀德,复仇；权力妥协；忠义；忠义,对峙,赵匡胤从强硬到妥协，答应陶三春条件，冲突暂时缓解。,高怀德；赵匡胤；陶三春,50,28,22,3.1111,2.4444,5.5556,0,0,
pdf_01000000__01003012___c2beeb2822,彩楼配,01000000,1000000,《戏考》,《戏考》（1000000）,01003012,彩楼配,pdf_01000000__01003012___c2beeb2822__scene__000,0,序幕/前置内容,1,1,28,,,# 《彩楼配》,命令,# 《彩楼配》,铺垫,0,,亲情；情爱；离散,引子,,,1,0,0,0.0,0.0,0.0,0,1,
pdf_01000000__01003012___c2beeb2822,彩楼配,01000000,1000000,《戏考》,《戏考》（1000000）,01003012,彩楼配,pdf_01000000__01003012___c2beeb2822__scene__001,1,【第一场】,29,29,32,王相府花园门首及花园内,白天，二月二日前,王宝钏花园偶遇薛平贵，告知彩楼招婿之事并赠银米。,王宝钏观察并试探薛平贵，决定告知招婿信息。,王宝钏在花园偶遇乞丐薛平贵，见其相貌不凡，心生怜悯，告知其二月二日彩楼抛球招婿之事，暗示姻缘可能，并赠银米鼓励前往。,铺垫,2,王宝钏；薛平贵；丫鬟,使命；阶级与身份；情爱,铺垫,王宝钏从怜悯到主动透露婚姻信息，为后续情节埋下伏笔。,王宝钏；薛平贵；丫鬟,32,25,7,6.25,1.75,8.0,0,0,
pdf_01000000__01003012___c2beeb2822,彩楼配,01000000,1000000,《戏考》,《戏考》（1000000）,01003012,彩楼配,pdf_01000000__01003012___c2beeb2822__scene__002,2,【第二场】,33,33,36,王相府门前,二月二日,门官阻拦薛平贵和游人丁进入彩楼招婿现场,阻拦与反抗,众人前往王相府观看抛球招婿，门官阻拦年老的游人丁和花郎薛平贵进入，薛平贵坚持要进，门官驱赶，月老出现。,铺垫,2,薛平贵；门官；游人丁；月老,阶级差异；情爱；世俗偏见,铺垫,薛平贵被门官驱赶，月老登场，预示后续姻缘安排,游人甲；游人乙；游人丙；游人丁；四游人；门官；薛平贵；月老,42,36,6,9.0,1.5,10.5,0,0,
pdf_01000000__01003012___c2beeb2822,彩楼配,01000000,1000000,《戏考》,《戏考》（1000000）,01003012,彩楼配,pdf_01000000__01003012___c2beeb2822__scene__003,3,【第三场】,37,37,46,彩楼,白天,王宝钏抛彩球，月老暗中相助使彩球打中薛平贵。,抛球,王宝钏登彩楼抛球选婿，未见薛平贵心生犹豫，最终在月老协助下将彩球打中薛平贵。,发展,3,王宝钏；月老,情爱；女性自主；使命,推进,王宝钏从犹豫到决断抛球，月老介入促成关键转折。,四游人；王宝钏；月老,11,2,7,0.2,0.7,0.9,2,0,
pdf_01000000__01003012___c2beeb2822,彩楼配,01000000,1000000,《戏考》,《戏考》（1000000）,01003012,彩楼配,pdf_01000000__01003012___c2beeb2822__scene__004,4,【第四场】,47,47,63,街头,白天,游人寻找某物未果，薛平贵持有该物并拒绝出售。,寻找与拒绝交易,四游人寻找某物未果，薛平贵出现并持有该物，游人丁欲以两百钱购买遭拒，众人失望而归。,铺垫,1,薛平贵；游人丁,贫富对比；使命,引子,薛平贵持有众人寻找之物，但拒绝出售，暗示其身份或处境特殊。,游人甲；游人乙；游人丙；游人丁；薛平贵；四游人,16,12,0,0.7059,0.0,0.7059,4,0,
pdf_01000000__01003013___b0b83bb111,滑油山,01000000,1000000,《戏考》,《戏考》（1000000）,01003013,滑油山,pdf_01000000__01003013___b0b83bb111__scene__000,0,序幕/前置内容,1,1,1,,,# 《滑油山》,命令,# 《滑油山》,铺垫,0,,亲情；喜剧,引子,,,1,0,0,0.0,0.0,0.0,0,1,
pdf_01000000__01003014___643f99bd25,富春楼,01000000,1000000,《戏考》,《戏考》（1000000）,01003014,富春楼,pdf_01000000__01003014___643f99bd25__scene__000,0,序幕/前置内容,1,1,1,,,# 《富春楼》 （一名：《缝搭膊》）,命令,# 《富春楼》 （一名：《缝搭膊》）,铺垫,0,,战争；家国；亲情；情爱；离散,引子,,,1,0,0,0.0,0.0,0.0,0,1,
pdf_01000000__01003015___7938d34c45,阴阳河,01000000,1000000,《戏考》,《戏考》（1000000）,01003015,阴阳河,pdf_01000000__01003015___7938d34c45__scene__000,0,序幕/前置内容,1,1,22,地府,,# 《阴阳河》；# （一名：《赏中秋》；一名：《地府寻妻》；一名：《西川奇闻》）,命令,# 《阴阳河》；# （一名：《赏中秋》；一名：《地府寻妻》；一名：《西川奇闻》）,铺垫,0,,亲情；公案,引子,,,2,0,0,0.0,0.0,0.0,0,2,
pdf_01000000__01003015___7938d34c45,阴阳河,01000000,1000000,《戏考》,《戏考》（1000000）,01003015,阴阳河,pdf_01000000__01003015___7938d34c45__scene__001,1,【第一场】,23,23,28,客店及阴阳界大街,白天,张茂深住店后外出游玩，在阴阳界遇见亡妻李桂莲鬼魂。,张茂深外出游玩并发现李桂莲,张茂深住店，店家告知阴阳界乡风；张茂深外出游玩，在阴阳界偶遇已故妻子李桂莲的鬼魂，二人惊疑相认。,铺垫,3,张茂深；店家；李桂莲,幽冥；阴阳两隔；乡风禁忌,铺垫,张茂深在阴阳界偶遇亡妻李桂莲，发现其鬼魂身份，为后续人鬼重逢埋下伏笔。,张茂深；店家；李桂莲；张茂深、李桂莲,38,32,5,5.3333,0.8333,6.1667,1,0,
pdf_01000000__01003015___7938d34c45,阴阳河,01000000,1000000,《戏考》,《戏考》（1000000）,01003015,阴阳河,pdf_01000000__01003015___7938d34c45__scene__002,2,【第三场】,29,29,80,阴阳界,阴间时间,张茂深与李桂莲重逢，倪木发现并带张茂深返回阳间,倪木带张茂深返回阳间,张茂深在阴阳界偶遇亡妻李桂莲，鬼头倪木归来发现张茂深，假意款待后带其返回阳间，嘱托保全李桂莲尸身以待百日还阳。,发展,3,张茂深；李桂莲；倪木,阴阳相隔；亲情；权谋；还阳重生,推进,倪木决定带张茂深回阳间，并嘱托保全李桂莲尸身，为后续还阳埋下伏笔,张茂深；李桂莲；倪木,59,47,3,0.9038,0.0577,0.9615,8,1,
pdf_01000000__01003016___702c945adb,打花鼓,01000000,1000000,《戏考》,《戏考》（1000000）,01003016,打花鼓,pdf_01000000__01003016___702c945adb__scene__000,0,序幕/前置内容,1,1,1,,,# 《打花鼓》,命令,# 《打花鼓》,铺垫,0,,家国；亲情；喜剧；离散,引子,,,1,0,0,0.0,0.0,0.0,0,1,
pdf_01000000__01003017___51aaa5bf95,独木关,01000000,1000000,《戏考》,《戏考》（1000000）,01003017,独木关,pdf_01000000__01003017___51aaa5bf95__scene__000,0,序幕/前置内容,1,1,22,,,# 《独木关》；# （一名：《枪挑安殿宝》）,命令,# 《独木关》；# （一名：《枪挑安殿宝》）,铺垫,0,,战争；亲情；公案,引子,,,2,0,0,0.0,0.0,0.0,0,2,
pdf_01000000__01003017___51aaa5bf95,独木关,01000000,1000000,《戏考》,《戏考》（1000000）,01003017,独木关,pdf_01000000__01003017___51aaa5bf95__scene__001,1,【第一场】,23,23,88,月字营,白天,张士贵过营探病薛礼,探病,张士贵因中军被伙头军殴打，前往月字营探病薛礼，薛礼抱病相见，张士贵假意慰问。,发展,3,张士贵；薛礼；周青；中军,将帅矛盾；权谋；英雄困境,推进,张士贵以探病为名，试图缓和与伙头军的矛盾，但双方关系仍紧张。,张士贵；中军；四龙套；众伙头军；周青；薛礼,31,22,0,0.3333,0.0,0.3333,4,5,
pdf_01000000__01003017___51aaa5bf95,独木关,01000000,1000000,《戏考》,《戏考》（1000000）,01003017,独木关,pdf_01000000__01003017___51aaa5bf95__scene__002,2,【第二场】,89,89,92,战场,无,双方军队开打后迅速退场,开打,四龙套与蓝天弼、周青同上，双方开打，随即同下，为后续战斗铺垫。,铺垫,1,蓝天弼；周青,战争；冲突,引子,无转折，仅为战斗序幕,,1,0,0,0.0,0.0,0.0,1,0,
pdf_01000000__01003017___51aaa5bf95,独木关,01000000,1000000,《戏考》,《戏考》（1000000）,01003017,独木关,pdf_01000000__01003017___51aaa5bf95__scene__003,3,【第三场】,93,93,100,独木关军营,白天,薛礼得知安殿宝威胁，决定抱病出战,决意出战,薛礼病中听闻周青等不敌辽将安殿宝，不顾劝阻决意带病出战。,发展,3,薛礼；二老军,忠义；悲情；使命,推进,薛礼从病弱状态转为主动请战，冲突升级,薛礼；二老军,12,11,0,1.375,0.0,1.375,1,0,
pdf_01000000__01003017___51aaa5bf95,独木关,01000000,1000000,《戏考》,《戏考》（1000000）,01003017,独木关,pdf_01000000__01003017___51aaa5bf95__scene__004,4,【第四场】,101,101,110,安殿宝营帐,无明确时间,何宗宪与张志龙被俘，安殿宝审问并下令暂押，准备擒拿薛礼后开刀。,审问与下令,何宗宪与张志龙被安殿宝俘虏，何宗宪假充薛礼被识破，安殿宝下令将二人绑缚，待擒薛礼后一同处斩。,冲突,4,何宗宪；安殿宝；张志龙,忠义；身份伪装；悲情,推进,何宗宪假充薛礼被识破，冲突升级，安殿宝决定等待薛礼一并处决。,张志龙；何宗宪；安殿宝,16,12,2,1.2,0.2,1.4,2,0,
pdf_01000000__01003017___51aaa5bf95,独木关,01000000,1000000,《戏考》,《戏考》（1000000）,01003017,独木关,pdf_01000000__01003017___51aaa5bf95__scene__005,5,【第五场】,111,111,114,战场,无明确时间,周青与安殿宝两军会阵开打,开打,周青与伙头军对阵安殿宝及龙套，双方交战开打，战斗场面激烈，冲突直接爆发。,冲突,4,周青；安殿宝,战争；对抗,推进,无转折，直接进入战斗冲突,,1,0,0,0.0,0.0,0.0,1,0,
pdf_01000000__01003017___51aaa5bf95,独木关,01000000,1000000,《戏考》,《戏考》（1000000）,01003017,独木关,pdf_01000000__01003017___51aaa5bf95__scene__006,6,【第六场】,115,115,140,独木关营帐外,未明确,薛礼带病上马，誓言杀敌，二老军劝阻无效。,薛礼强撑病体上马出征,薛礼身患重病，眼昏不明，但依然强撑上马，誓言不杀安殿宝不回还，二老军劝阻不及。,发展,4,薛礼；二老军,英雄气概；悲情；忠义,推进,薛礼在病重中做出决断，不顾劝阻执意出战，冲突升级。,薛礼；二老军,12,6,0,0.2308,0.0,0.2308,4,2,
pdf_01000000__01003017___51aaa5bf95,独木关,01000000,1000000,《戏考》,《戏考》（1000000）,01003017,独木关,pdf_01000000__01003017___51aaa5bf95__scene__007,7,【第七场】,141,141,148,战场,交战时刻,安殿宝与薛礼开打,武打,安殿宝击败周青后，与薛礼展开激烈交锋，双方武打后同下，冲突升级。,冲突,4,安殿宝；薛礼,武打；对抗,推进,薛礼登场与安殿宝直接对抗，冲突从单方面压制转为势均力敌。,安殿宝,3,1,0,0.125,0.0,0.125,2,0,
pdf_01000000__01003017___51aaa5bf95,独木关,01000000,1000000,《戏考》,《戏考》（1000000）,01003017,独木关,pdf_01000000__01003017___51aaa5bf95__scene__008,8,【第八场】,149,149,176,独木关外高坡,战斗结束后,薛礼枪挑安殿宝，被唤醒后确认胜利，拜谢神灵并请总爷进关。,唤醒与确认,薛礼枪挑安殿宝后昏迷，被众伙头军唤醒，得知胜利后望空拜谢神灵，随后请总爷张士贵进关。,高潮,3,薛礼；众伙头军；周青,英雄气概；神灵庇佑；胜利与收束,收束,战斗结束，薛礼从昏迷中醒来确认胜利，冲突收束。,周青；众伙头军；薛礼,13,9,0,0.3214,0.0,0.3214,4,0,
pdf_01000000__01003017___51aaa5bf95,独木关,01000000,1000000,《戏考》,《戏考》（1000000）,01003017,独木关,pdf_01000000__01003017___51aaa5bf95__scene__009,9,【第九场】,177,177,203,独木关,战后,张士贵冒领薛礼功劳，决定将功记在张志龙、何宗宪名下。,冒功,薛礼向张士贵汇报枪挑安殿宝、夺得独木关之功，张士贵轻描淡写，反将功劳归于自己儿子和何宗宪，并设宴庆功。,冲突,3,薛礼；张士贵；何宗宪,冒功；不公；隐忍,推进,张士贵公然决定冒功，加剧了与薛礼的潜在冲突。,薛礼；张士贵；何宗宪,13,6,0,0.2222,0.0,0.2222,6,1,
pdf_01000000__01003018___b62f621a21,丑表功,01000000,1000000,《戏考》,《戏考》（1000000）,01003018,丑表功,pdf_01000000__01003018___b62f621a21__scene__000,0,序幕/前置内容,1,1,1,,,# 《丑表功》,命令,# 《丑表功》,铺垫,0,,亲情；喜剧；情爱,引子,,,1,0,0,0.0,0.0,0.0,0,1,
pdf_01000000__01004001___ad83d28842,逍遥津,01000000,1000000,《戏考》,《戏考》（1000000）,01004001,逍遥津,pdf_01000000__01004001___ad83d28842__scene__000,0,序幕/前置内容,1,1,48,,,# 《逍遥津》 （一名：《搜诏逼宫》）,命令,# 《逍遥津》 （一名：《搜诏逼宫》）,铺垫,0,,忠义；权谋；战争；家国；亲情；公案；情爱；离散,引子,,,1,0,0,0.0,0.0,0.0,0,1,
pdf_01000000__01004001___ad83d28842,逍遥津,01000000,1000000,《戏考》,《戏考》（1000000）,01004001,逍遥津,pdf_01000000__01004001___ad83d28842__scene__001,1,【第一场】,49,49,68,未明确,未明确,张辽表达对汉献帝的不满，并计划召集文武大臣商议废立之事。,张辽自述志向并下令召集众官,张辽自述心怀不满，因献帝懦弱而欲推倒龙床，扶保曹操登基，并召集文武两班商议。,铺垫,3,张辽,忠义；权力野心；家国,引子,张辽明确表达反汉拥曹的意图，为后续冲突埋下伏笔。,张辽；二旗牌,10,2,0,0.1,0.0,0.1,4,4,
pdf_01000000__01004001___ad83d28842,逍遥津,01000000,1000000,《戏考》,《戏考》（1000000）,01004001,逍遥津,pdf_01000000__01004001___ad83d28842__scene__002,2,【第二场】,69,69,74,张辽府中,清晨,张辽提议废帝立曹，荀攸反对而亡，曹操表面拒绝并安排吏部职位，最后提及两处烟尘。,商议废立,张辽召集众臣商议推倒汉献帝，扶保曹操登基，荀攸反对后气死，曹操假意斥责并安排后事，提及东吴西蜀未平。,冲突,4,张辽；荀攸；曹操；华歆；贾诩；曹植,权谋；篡位；忠义；虚伪,推进,荀攸反对并气死，曹操假意斥责但实际默许，转折点在于曹操的虚伪表态与后续安排。,夏侯渊、司马懿、华歆、贾诩、郄虑、王粲、曹植、文聘；夏侯渊；司马懿；华歆；贾诩；郄虑；王粲；曹植；文聘；夏侯渊、司马懿、华懿、贾诩、郄虑、王粲、曹植、文聘；张辽；院子；荀攸；曹操；华歆、贾诩、郄虑、王粲、曹植、文聘；张辽、夏侯渊、司马懿、华歆、贾诩、郄虑、王粲、曹植、文聘,52,52,0,8.6667,0.0,8.6667,0,0,
pdf_01000000__01004001___ad83d28842,逍遥津,01000000,1000000,《戏考》,《戏考》（1000000）,01004001,逍遥津,pdf_01000000__01004001___ad83d28842__scene__003,3,【第三场】,75,75,80,许昌朝堂,汉献帝在位时期,曹操上殿奏报两处外患，暗示朝中隐患,奏报,汉献帝在朝堂上称赞曹操忠心，曹操却指出东吴孙权与西蜀刘备为后患，暗示朝中危机。,铺垫,2,汉献帝；曹操,家国；权力博弈；悲情,铺垫,无重大转折，但为后续冲突埋下伏笔,汉献帝；曹操；张辽、夏侯渊、司马懿、华歆、贾诩、郄虑、王粲、曹植、文聘、曹操,10,10,0,1.6667,0.0,1.6667,0,0,
pdf_01000000__01004001___ad83d28842,逍遥津,01000000,1000000,《戏考》,《戏考》（1000000）,01004001,逍遥津,pdf_01000000__01004001___ad83d28842__scene__004,4,【第四场】,81,81,98,宫廷内,夜晚,汉献帝与伏后商议并写下血诏，命穆顺出宫搬请诸侯讨伐曹操。,写血诏、托付使命,汉献帝回宫向伏后诉说曹操带剑上殿欲行刺，伏后建议写血诏搬兵，穆顺领命出宫送血诏，君臣悲泣告别。,发展,4,汉献帝；伏后；穆顺,忠义；忠义；悲情,推进,汉献帝决定写血诏并派穆顺出宫搬兵，冲突从宫内对峙转向外部求援。,伏后；汉献帝；穆顺,21,17,1,0.9444,0.0556,1.0,3,0,
pdf_01000000__01004001___ad83d28842,逍遥津,01000000,1000000,《戏考》,《戏考》（1000000）,01004001,逍遥津,pdf_01000000__01004001___ad83d28842__scene__005,5,【第五场】,99,99,112,相府门前,未明确,穆顺至相府询问，与院子简短交流后离开。,探访与回避,穆顺前往相府探访，与院子短暂对话后，与伏完分别下场，为后续剧情埋下伏笔。,铺垫,1,穆顺；院子,权谋；试探,过渡,无显著转折，仅为场景转换。,穆顺；院子,5,2,0,0.1429,0.0,0.1429,3,0,
pdf_01000000__01004001___ad83d28842,逍遥津,01000000,1000000,《戏考》,《戏考》（1000000）,01004001,逍遥津,pdf_01000000__01004001___ad83d28842__scene__006,6,【第六场】,113,113,134,御街,夜晚,夏侯渊发现穆顺行踪可疑，决定向曹操报告。,巡查与发现,夏侯渊奉曹操之命巡查御街，发现穆顺深夜出宫前往伏相府，怀疑有奸诈，决定报与曹操。,发展,3,夏侯渊；穆顺,忠义；权力斗争；权谋,推进,夏侯渊发现穆顺异常行踪，引发对伏相府的怀疑，推动后续冲突。,夏侯渊；四大铠,10,6,0,0.2727,0.0,0.2727,3,1,
pdf_01000000__01004001___ad83d28842,逍遥津,01000000,1000000,《戏考》,《戏考》（1000000）,01004001,逍遥津,pdf_01000000__01004001___ad83d28842__scene__007,7,【第七场】,135,135,174,午门,清晨,曹操识破穆顺身藏密诏，穆顺慷慨陈词后被捕，曹操下令剿灭伏相府并抓捕伏后。,盘问与搜身,穆顺出宫被曹操拦截，盘问中暗讽曹操，最终被搜出密诏，曹操下令诛杀伏相府并抓捕伏后。,高潮,5,曹操；穆顺；华歆,忠义；权力斗争；忠义,高潮,穆顺被搜出密诏，冲突从暗讽升级为公开对抗，曹操决定采取极端行动。,曹操；手下；穆顺；华歆；穆顾；众人,98,92,0,2.3,0.0,2.3,2,4,
pdf_01000000__01004001___ad83d28842,逍遥津,01000000,1000000,《戏考》,《戏考》（1000000）,01004001,逍遥津,pdf_01000000__01004001___ad83d28842__scene__008,8,【第八场】,175,175,208,皇宫内,汉献帝早朝后,华歆奉曹操之命带剑入宫抓捕伏后与二皇子,抓捕,华歆带剑入宫抓捕伏后与二皇子，曹妃劝阻未果，汉献帝无力保护，最终与二皇子出宫寻找伏后。,高潮,5,汉献帝；伏后；二皇子；华歆；曹妃,权力斗争；忠义；皇权衰落；亲情,高潮,冲突升级：华歆直接武力抓捕伏后，汉献帝彻底失去保护能力,汉献帝；太监；伏后；曹妃；二皇子,24,14,0,0.4118,0.0,0.4118,7,3,
pdf_01000000__01004001___ad83d28842,逍遥津,01000000,1000000,《戏考》,《戏考》（1000000）,01004001,逍遥津,pdf_01000000__01004001___ad83d28842__scene__009,9,【第九场】,209,209,214,宫廷或刑场,未明确,曹操下令乱棍打死伏后，并接受华歆建议准备诛杀其子。,处决与决策,华歆擒获伏后，曹操怒斥并下令乱棍打死，司马懿求情未果，华歆建议斩草除根，曹操决定进宫诛杀伏后二子。,高潮,5,伏后；华歆；司马懿；曹操,权力斗争；残暴；忠义；斩草除根,高潮,冲突升级：从处决伏后到决定斩草除根，曹操的暴虐进一步加剧。,华歆；曹操；伏后；司马懿,23,23,0,3.8333,0.0,3.8333,0,0,
pdf_01000000__01004001___ad83d28842,逍遥津,01000000,1000000,《戏考》,《戏考》（1000000）,01004001,逍遥津,pdf_01000000__01004001___ad83d28842__scene__010,10,【第十场】,215,215,219,宫院,未明确,曹操毒杀二皇子并强立曹妃为后,曹操下令毒杀二皇子并逼迫汉献帝立后,曹操逼迫汉献帝，毒杀二皇子，并强立其女曹妃为后，汉献帝无力反抗，被迫屈服。,高潮,5,汉献帝；曹操；二皇子；华歆；曹妃,权力斗争；忠义；亲情,高潮,曹操从饶恕二皇子转为下令毒杀，冲突升级至顶点,汉献帝；曹操；二皇子；司马懿；华歆；华散；曹妃,42,42,0,8.4,0.0,8.4,0,0,
pdf_01000000__01004004___a91ecdeeef,盗宗卷,01000000,1000000,《戏考》,《戏考》（1000000）,01004004,盗宗卷,pdf_01000000__01004004___a91ecdeeef__scene__000,0,序幕/前置内容,1,1,30,,,# 《盗宗卷》；# （一名：《兴汉图》；一名：《火烧宗卷》）,命令,# 《盗宗卷》；# （一名：《兴汉图》；一名：《火烧宗卷》）,铺垫,0,,权谋；家国；亲情；情爱；离散,引子,,,2,0,0,0.0,0.0,0.0,0,2,
pdf_01000000__01004004___a91ecdeeef,盗宗卷,01000000,1000000,《戏考》,《戏考》（1000000）,01004004,盗宗卷,pdf_01000000__01004004___a91ecdeeef__scene__001,1,【第一场】,31,31,38,金銮殿,汉朝宫廷时期,吕后火焚宗卷，陈平试探质问,吕后焚卷，陈平质问,吕后召见张苍索要宗卷，张苍呈上后吕后赐酒并火焚宗卷。陈平上殿质问吕后是否谋汉，吕后称赞其才能。张苍发现宗卷被焚，惊慌失措。,发展,3,吕后；张苍；陈平,权力斗争；忠义；家国,推进,吕后焚卷引发张苍恐慌，陈平质疑暴露政治阴谋,吕后；太监；张苍；陈平,28,26,1,3.25,0.125,3.375,1,0,
pdf_01000000__01004004___a91ecdeeef,盗宗卷,01000000,1000000,《戏考》,《戏考》（1000000）,01004004,盗宗卷,pdf_01000000__01004004___a91ecdeeef__scene__002,2,【第二场】,39,39,50,途中,不分昼夜,田子春改装赶路，抒发对忠良遭遇的感慨。,赶路,田子春改扮成道家模样，不分昼夜赶往长安，感叹汗马功劳无存、忠良无下场。,铺垫,1,田子春,忠义；奔波救难,引子,无转折，为后续行动做铺垫。,田子春,5,0,1,0.0,0.0833,0.0833,2,2,
pdf_01000000__01004004___a91ecdeeef,盗宗卷,01000000,1000000,《戏考》,《戏考》（1000000）,01004004,盗宗卷,pdf_01000000__01004004___a91ecdeeef__scene__003,3,【第三场】,51,51,56,陈平府邸及大街,夜晚,田子春犯夜被带入陈平府，二人对峙，陈平谎称宗卷已焚，田子春威胁三日交卷。,陈平设计诱捕田子春，田子春将计就计入府，二人言语交锋。,陈平通过卦象得知田子春前来盗卷，设计诱其犯夜并带入府中。田子春直言盗卷目的，陈平谎称宗卷已焚，田子春威胁限三日交出宗卷，陈平转而邀请张大人赴宴。,发展,4,陈平；田子春；二衙役,权谋；权力斗争；欺骗与试探,推进,田子春直接表明盗卷意图，陈平谎称宗卷已焚，冲突升级，田子春发出三日威胁。,陈平；院子；衙役甲；衙役乙；二衙役；田子春,72,70,1,11.6667,0.1667,11.8333,1,0,
pdf_01000000__01004004___a91ecdeeef,盗宗卷,01000000,1000000,《戏考》,《戏考》（1000000）,01004004,盗宗卷,pdf_01000000__01004004___a91ecdeeef__scene__004,4,【第四场】,57,57,60,,,,命令,,过渡,0,,权谋；家国；亲情；情爱；离散,过渡,,,0,0,0,0.0,0.0,0.0,0,0,
pdf_01000000__01004004___a91ecdeeef,盗宗卷,01000000,1000000,《戏考》,《戏考》（1000000）,01004004,盗宗卷,pdf_01000000__01004004___a91ecdeeef__scene__005,5,【第五场】,61,61,64,陈平相府、张苍府邸,夜静更深,张秀玉献出宗卷副本，化解全家危机,张苍从绝望到惊喜，决定反击,陈平设宴试探张苍，索要宗卷，张苍因宗卷被焚而惊慌，回家欲自尽，其女张秀玉献出所抄副本，张苍转忧为喜，决定与陈平理论。,冲突,4,陈平；张苍；张秀玉,忠义；智慧；悲情,推进,张秀玉献出宗卷副本，剧情从危机转向转机,陈平；张苍；家院；张夫人；张秀玉,76,70,6,17.5,1.5,19.0,0,0,
pdf_01000000__01004004___a91ecdeeef,盗宗卷,01000000,1000000,《戏考》,《戏考》（1000000）,01004004,盗宗卷,pdf_01000000__01004004___a91ecdeeef__scene__006,6,【第六场】,65,65,71,陈平府中,离乱年间,张苍献出真宗卷，与陈平、田子春会面并达成内应协议,张苍与陈平互相戏弄后和解，田子春提出内应请求,张苍携真宗卷至陈平府，陈平先戏弄张苍，后张苍反戏陈平，二人和解。陈平引见田子春，三人共议内应之事。,发展,3,张苍；陈平；田子春,忠义；权谋；权力博弈,推进,张苍献出真宗卷，揭示宗卷为儿子誊写，化解危机，并引出田子春的内应计划,张苍；家院；陈平；田子春；张苍、陈平,101,99,1,14.1429,0.1429,14.2857,1,0,
pdf_01000000__01004006___13b2265b9d,辕门射戟,01000000,1000000,《戏考》,《戏考》（1000000）,01004006,辕门射戟,pdf_01000000__01004006___13b2265b9d__scene__000,0,序幕/前置内容,1,1,22,,,# 《辕门射戟》 （一名：《夺小沛》）,对峙,# 《辕门射戟》 （一名：《夺小沛》）,铺垫,1,,权谋；战争；家国；喜剧,引子,,,1,0,0,0.0,0.0,0.0,0,1,
pdf_01000000__01004006___13b2265b9d,辕门射戟,01000000,1000000,《戏考》,《戏考》（1000000）,01004006,辕门射戟,pdf_01000000__01004006___13b2265b9d__scene__001,1,【第一场】,23,23,40,纪灵军营,无明确时间,纪灵点将发兵，准备夺取小沛,发兵,纪灵奉袁术之命，率军夺取小沛以灭刘备，因顾虑吕布与刘备交好，已送礼疏通吕布，令其勿干涉。点将后发兵前往。,铺垫,2,纪灵；吴兰；雷同,征伐；权谋,引子,无转折，为后续冲突做铺垫,雷同；纪灵,8,3,0,0.1667,0.0,0.1667,2,3,
pdf_01000000__01004006___13b2265b9d,辕门射戟,01000000,1000000,《戏考》,《戏考》（1000000）,01004006,辕门射戟,pdf_01000000__01004006___13b2265b9d__scene__002,2,【第二场】,41,41,50,徐州吕布帐中,白日,吕布收到纪灵厚礼与刘备求援书信，决定调解两家冲突。,修书邀请,吕布收到纪灵和刘备的礼物与书信，得知纪灵欲攻小沛，刘备求援。吕布决定修书邀请双方前来，为其解围。,发展,3,吕布；旗牌；下书人；中军,权谋；调解；战争,推进,吕布从被动收礼转向主动调解，决定邀请双方前来，为后续射戟解围埋下伏笔。,吕布；旗牌；中军；下书人,26,24,0,2.4,0.0,2.4,2,0,
pdf_01000000__01004006___13b2265b9d,辕门射戟,01000000,1000000,《戏考》,《戏考》（1000000）,01004006,辕门射戟,pdf_01000000__01004006___13b2265b9d__scene__003,3,【第三场】,51,51,62,小沛城,白天,刘备接获吕布书信，决定赴徐州与纪灵和解,商议与决策,刘备得知纪灵来犯，与关羽、张飞商议对策。张飞欲战，刘备劝阻。吕布来信请刘备赴会解围，张飞不愿前往，关羽激将，最终三人决定同去徐州。,发展,3,刘备；关羽；张飞,忠义；战争；外交斡旋,推进,吕布来信成为转折点，将冲突从直接对抗转向外交斡旋,刘备；报子；四龙套；关羽；张飞；旗牌,53,48,3,4.0,0.25,4.25,1,1,
pdf_01000000__01004006___13b2265b9d,辕门射戟,01000000,1000000,《戏考》,《戏考》（1000000）,01004006,辕门射戟,pdf_01000000__01004006___13b2265b9d__scene__004,4,【第四场】,63,63,131,辕门内吕布帐中,白天,吕布设宴，邀刘备与纪灵会面，准备调解两家争端。,吕布强留纪灵并安排宴席,刘备、关羽、张飞赴吕布之约，张飞与吕布冲突不断，纪灵到后欲走，吕布强留并安排宴席，准备为刘、纪两家解围。,发展,4,吕布；刘备；张飞；纪灵,调解；冲突；权威；结盟,推进,纪灵欲走被吕布强留，冲突从张飞与吕布的口角转向吕布主导的调解局面。,关羽；张飞；刘备；中军；吕布；报子；纪灵；龙套；刘备、关羽,148,130,8,1.8841,0.1159,2.0,8,2,
pdf_01000000__01004007___a24f152422,取荥阳,01000000,1000000,《戏考》,《戏考》（1000000）,01004007,取荥阳,pdf_01000000__01004007___a24f152422__scene__000,0,序幕/前置内容,1,1,26,,,# 《取荥阳》；# （一名：《楚汉争》；一名：《纪信替主》）,命令,# 《取荥阳》；# （一名：《楚汉争》；一名：《纪信替主》）,铺垫,0,,忠义；权谋；战争；亲情；离散,引子,,,2,0,0,0.0,0.0,0.0,0,2,
pdf_01000000__01004007___a24f152422,取荥阳,01000000,1000000,《戏考》,《戏考》（1000000）,01004007,取荥阳,pdf_01000000__01004007___a24f152422__scene__001,1,【第一场】,27,27,100,荥阳城楼及城下,楚汉相争时期，韩信北伐燕赵之际,项羽围城，刘邦与项羽城楼对峙，张良献诈降计,对峙与献策,项羽围困荥阳，刘邦登城与项羽对骂，互揭旧怨。张良献计，拟寻忠义之士诈降，助刘邦脱困。,冲突,4,刘邦；项羽；张良；陈平,家国；楚汉争霸；忠义,推进,张良提出诈降计，为后续突围埋下伏笔,张良；陈平；刘邦；探子；启大王；项羽,60,23,15,0.3108,0.2027,0.5135,5,17,
pdf_01000000__01004007___a24f152422,取荥阳,01000000,1000000,《戏考》,《戏考》（1000000）,01004007,取荥阳,pdf_01000000__01004007___a24f152422__scene__002,2,【第二场】,101,101,124,馆驿,明日,张良命童儿邀集文武明日赴宴共议军机,命令,张良为解荥阳之围，命童儿邀集文武明日赴宴共议军机，并准备悬挂田夫舍身救主图以激励众人。,铺垫,2,张良；童儿,忠义；权谋；疾病与死亡,铺垫,张良决定设宴并悬图激励文武，为后续计策实施铺垫,张良；童儿,11,6,0,0.25,0.0,0.25,5,0,
pdf_01000000__01004007___a24f152422,取荥阳,01000000,1000000,《戏考》,《戏考》（1000000）,01004007,取荥阳,pdf_01000000__01004007___a24f152422__scene__003,3,【第三场】,125,125,141,馆驿及刘邦营帐,黄昏前,纪信决定替主赴难，刘邦忍痛应允并安排诈降,纪信请命替主，刘邦赐衣帽并托付后事,张良以车夫替主故事激励众将，纪信愿假扮刘邦赴难。刘邦不忍，纪信以死相逼，最终刘邦同意，安排诈降计策。,高潮,5,张良；纪信；刘邦；陈平；随何,忠义；牺牲；忠义；权谋,高潮,纪信以拔剑自刎相逼，迫使刘邦接受替身计划，冲突达到顶点并转向行动,曹参；周勃；纪信；随何；张良；张良曹参、周勃、纪信、随何张良；曹参、周勃、纪信、随何张良；曹参、周勃、随何纪信曹参、周勃、纪信、随何张良曹参、周勃、纪信、随何张良；随何张良；曹参、周勃、隋何；曹参、周勃、随何；刘邦；陈平；纪信、刘邦；刘邦、纪信,104,79,24,4.6471,1.4118,6.0588,1,0,
pdf_01000000__01004008___27d1eda64f,大保国,01000000,1000000,《戏考》,《戏考》（1000000）,01004008,大保国,pdf_01000000__01004008___27d1eda64f__scene__000,0,序幕/前置内容,1,1,1,,,# 《大保国》 （一名：《忠心保国》）,命令,# 《大保国》 （一名：《忠心保国》）,铺垫,0,,忠义；权谋；战争；家国；亲情；离散,引子,,,1,0,0,0.0,0.0,0.0,0,1,
pdf_01000000__01004009___abe4e0ff20,忠孝全,01000000,1000000,《戏考》,《戏考》（1000000）,01004009,忠孝全,pdf_01000000__01004009___abe4e0ff20__scene__000,0,序幕/前置内容,1,1,22,,,# 《忠孝全》；# （一名：《斩秦洪》；一名：《金鳌岛》）,命令,# 《忠孝全》；# （一名：《斩秦洪》；一名：《金鳌岛》）,铺垫,0,,忠义；战争；家国；亲情；公案；情爱；离散,引子,,,2,0,0,0.0,0.0,0.0,0,2,
pdf_01000000__01004009___abe4e0ff20,忠孝全,01000000,1000000,《戏考》,《戏考》（1000000）,01004009,忠孝全,pdf_01000000__01004009___abe4e0ff20__scene__001,1,【第一场】,23,23,26,军营,白天,王振招兵，秦季龙和安太先后投军,投军与考核,王振在营中招兵，秦季龙投军并展示武艺，被派去探查金鳌；安太投军时因吃饭、拉屎闹出笑话，最终被王振接纳。,铺垫,2,王振；秦季龙；安太；中军,忠义；忠义；权臣专权,铺垫,秦季龙被派去探查金鳌，为后续冲突埋下伏笔,王振；中军；秦季龙；安太；众人,123,123,0,30.75,0.0,30.75,0,0,
pdf_01000000__01004009___abe4e0ff20,忠孝全,01000000,1000000,《戏考》,《戏考》（1000000）,01004009,忠孝全,pdf_01000000__01004009___abe4e0ff20__scene__002,2,【第二场】,27,27,74,战场,无明确时间,秦季龙擒获金鳌，金鳌投降,战斗与投降,金鳌自立为王，欲夺中原江山。秦季龙讨战，阵前交锋后擒获金鳌，金鳌投降，取下紫金冠为降表。,高潮,4,金鳌；秦季龙,忠义；征服与投降；战争,高潮,金鳌从对抗转为投降，冲突解决,金鳌；报子；秦季龙,24,14,1,0.2917,0.0208,0.3125,9,0,
pdf_01000000__01004009___abe4e0ff20,忠孝全,01000000,1000000,《戏考》,《戏考》（1000000）,01004009,忠孝全,pdf_01000000__01004009___abe4e0ff20__scene__003,3,【第三场】,75,75,120,军营,点卯时分,王振催粮，福建三卯未到，命中军追赶；秦洪解粮求见。,催粮与点卯,秦季龙战胜金鳌归顺，王振封其为后营都府。王振催粮，福建三卯未到，命中军追赶。秦洪解粮至军营求见。,发展,3,王振；秦季龙；中军；秦洪,忠义；战争；权力；功过,推进,福建粮草迟到引发王振下令追赶，秦洪突然出现，形成潜在冲突。,王振；秦季龙；中军；四龙套；众人；秦洪,65,62,0,1.3478,0.0,1.3478,3,0,
pdf_01000000__01004009___abe4e0ff20,忠孝全,01000000,1000000,《戏考》,《戏考》（1000000）,01004009,忠孝全,pdf_01000000__01004009___abe4e0ff20__scene__004,4,【第四场】,121,121,162,营帐至法场途中,未明确,秦季龙受命监斩福建运粮官，心生疑虑，前往法场。,受命与怀疑,秦季龙奉千岁之命监斩福建运粮官，怀疑被斩者可能是其父，决定前往法场确认。,发展,3,秦季龙；中军,忠义；使命,推进,秦季龙从接受命令到产生怀疑，决定前往法场，为后续冲突埋下伏笔。,中军；秦季龙,20,6,0,0.1429,0.0,0.1429,4,10,
pdf_01000000__01004009___abe4e0ff20,忠孝全,01000000,1000000,《戏考》,《戏考》（1000000）,01004009,忠孝全,pdf_01000000__01004009___abe4e0ff20__scene__005,5,【第五场】,163,163,169,法场,行刑时刻,秦季龙法场认父并替父受绑，王振奏请圣旨赦免秦洪并封赏秦季龙,认父与救赎,秦季龙监斩时发现死囚竟是养父秦洪，松绑后替父受绑，王振得知后赦免秦洪，并因秦季龙忠孝双全奏请圣旨封其为忠孝王。,高潮,5,秦季龙；秦洪；王振,忠义；救赎；情爱；权力,反转,秦季龙发现死囚是养父秦洪，从监斩官转为救子，剧情由悲转喜,秦洪；秦季龙；刀斧手；王振,72,72,0,10.2857,0.0,10.2857,0,0,
pdf_01000000__01004010___47767989be,双投唐,01000000,1000000,《戏考》,《戏考》（1000000）,01004010,双投唐,pdf_01000000__01004010___47767989be__scene__000,0,序幕/前置内容,1,1,22,,,# 《双投唐》；# （一名：《双带箭》；一名：《断密涧》）,命令,# 《双投唐》；# （一名：《双带箭》；一名：《断密涧》）,铺垫,0,,忠义；战争；亲情；离散,引子,,,2,0,0,0.0,0.0,0.0,0,2,
pdf_01000000__01004010___47767989be,双投唐,01000000,1000000,《戏考》,《戏考》（1000000）,01004010,双投唐,pdf_01000000__01004010___47767989be__scene__001,1,【第一场】,23,23,30,,,王伯党与四白龙套上场后下场,上场下场,王伯党与四白龙套上场后随即下场，本场为过场戏，无实质剧情推进。,铺垫,1,王伯党,战争；情爱；离散,过渡,无,,2,0,0,0.0,0.0,0.0,2,0,
pdf_01000000__01004010___47767989be,双投唐,01000000,1000000,《戏考》,《戏考》（1000000）,01004010,双投唐,pdf_01000000__01004010___47767989be__scene__002,2,【第二场】,31,31,50,瓦岗寨,白天,王伯党交令，李密质疑其放走徐勣、魏征，王伯党表忠心并劝李密降唐。,劝说,王伯党未能追上徐勣、魏征，李密怀疑其念及结拜放走二人。王伯党表明忠心，劝李密降唐，李密不舍荣耀，最终同意。,发展,3,李密；王伯党,忠义；使命；抉择；降唐,推进,李密从怀疑到信任王伯党，并决定降唐，完成关键决断。,王伯党；李密,24,17,3,0.85,0.15,1.0,3,1,
pdf_01000000__01004010___47767989be,双投唐,01000000,1000000,《戏考》,《戏考》（1000000）,01004010,双投唐,pdf_01000000__01004010___47767989be__scene__003,3,【第五场】,51,51,54,,,,命令,,过渡,0,,忠义；战争；亲情；离散,过渡,,,0,0,0,0.0,0.0,0.0,0,0,
pdf_01000000__01004010___47767989be,双投唐,01000000,1000000,《戏考》,《戏考》（1000000）,01004010,双投唐,pdf_01000000__01004010___47767989be__scene__004,4,【第六场】,55,55,60,荒郊,白天,李密降唐，李世民接受归顺,劝降与归顺,王伯党引李密降唐，李密因南牢旧仇心存芥蒂，经王伯党劝说后勉强跪拜李世民，李世民承诺不究前嫌，收降李密。,转折,3,李世民；李密；王伯党,忠义；身份与尊严；宽恕与和解,推进,李密从抗拒到勉强跪拜，完成身份转变，降唐事件正式启动,李世民；王伯党；内侍；李密,41,35,6,5.8333,1.0,6.8333,0,0,
pdf_01000000__01004010___47767989be,双投唐,01000000,1000000,《戏考》,《戏考》（1000000）,01004010,双投唐,pdf_01000000__01004010___47767989be__scene__005,5,【第七场】,61,61,64,金殿,白天,李密、王伯党投唐，李渊封赏并决定招驸马,劝谏与决策,李世民向李渊引荐李密和王伯党，李渊因旧怨欲治罪李密，但被李世民劝服，封李密为魏国公，并提议将河阳公主许配以安其心。,发展,3,李渊；李世民；李密；王伯党,招安与归顺；家国；忠义；情爱,推进,李渊从欲治罪转为封赏，并采纳李世民招驸马之策,李渊；太监；内侍；李世民；李密、王伯党；李密；王伯党,39,39,0,9.75,0.0,9.75,0,0,
pdf_01000000__01004010___47767989be,双投唐,01000000,1000000,《戏考》,《戏考》（1000000）,01004010,双投唐,pdf_01000000__01004010___47767989be__scene__006,6,【第八场】,65,65,72,皇宫内院及宫门外,明早启程前夜,李密杀死河阳公主后与王伯党合谋诈出皇城,李密杀公主并胁迫王伯党协助逃亡,李密借征剿山西贼寇之机，在饯行宴上杀死河阳公主，与王伯党商议后持圣旨诈出皇城逃亡。,高潮,5,李密；河阳公主；王伯党,背叛；权力欲望；家国；悲情,高潮,李密从假装出征转为弑妻逃亡，王伯党从拒绝到被迫协助,河阳公主；大太监；宫女；李密；王伯党,41,36,5,4.5,0.625,5.125,0,0,
pdf_01000000__01004010___47767989be,双投唐,01000000,1000000,《戏考》,《戏考》（1000000）,01004010,双投唐,pdf_01000000__01004010___47767989be__scene__007,7,【第九场】,73,73,76,,,,命令,,过渡,0,,忠义；战争；亲情；离散,过渡,,,0,0,0,0.0,0.0,0.0,0,0,
pdf_01000000__01004010___47767989be,双投唐,01000000,1000000,《戏考》,《戏考》（1000000）,01004010,双投唐,pdf_01000000__01004010___47767989be__scene__008,8,【第十场】,77,77,82,山野途中,白天,李密与王伯党因谋反计划产生激烈争执，王伯党指责李密不义，李密反斥王伯党人面兽心。,争吵与指责,李密与王伯党诈出皇城后，王伯党指责李密杀公主、谋篡，二人激烈争吵，李密打马先行，王伯党悔恨错保无义之王。,冲突,4,李密；王伯党,背叛；忠义；权力欲望；悔恨,对峙,王伯党从追随转为公开指责，关系破裂，李密独自前行。,李密；王伯党,21,8,13,1.3333,2.1667,3.5,0,0,
pdf_01000000__01004010___47767989be,双投唐,01000000,1000000,《戏考》,《戏考》（1000000）,01004010,双投唐,pdf_01000000__01004010___47767989be__scene__009,9,【第十一场】,83,83,86,未明确,未明确,李世民与马三保、段之贤、刘洪基、殷开山一同过场。,过场行进,李世民与四位将领一同过场，显示军队调动或行进，为后续剧情铺垫。,过渡,1,李世民；马三保；段之贤；刘洪基；殷开山,战争；权力集结,过渡,无显著转折，仅为场景转换。,,1,0,0,0.0,0.0,0.0,1,0,
pdf_01000000__01004010___47767989be,双投唐,01000000,1000000,《戏考》,《戏考》（1000000）,01004010,双投唐,pdf_01000000__01004010___47767989be__scene__010,10,【第十二场】,87,87,96,野外,白天,李世民追赶并劝降王伯党，王伯党拒绝并开打。,劝降与拒绝,李密与王伯党逃亡途中遇李世民追赶，李世民劝王伯党回朝，王伯党誓死不降，双方开打。,冲突,4,李世民；王伯党,忠义；对抗；抉择,对峙,王伯党明确拒绝归降，冲突升级为武力对抗。,李密；王伯党；李世民,8,2,4,0.2,0.4,0.6,2,0,
pdf_01000000__01004010___47767989be,双投唐,01000000,1000000,《戏考》,《戏考》（1000000）,01004010,双投唐,pdf_01000000__01004010___47767989be__scene__011,11,【第十三场】,97,97,100,,,,命令,,过渡,0,,忠义；战争；亲情；离散,过渡,,,0,0,0,0.0,0.0,0.0,0,0,
pdf_01000000__01004010___47767989be,双投唐,01000000,1000000,《戏考》,《戏考》（1000000）,01004010,双投唐,pdf_01000000__01004010___47767989be__scene__012,12,【第十四场】,101,101,103,断密涧,白日,李密与王伯党被射死于断密涧,射杀,李世民下令放箭，李密与王伯党逃至断密涧，发现绝路后被射死。李世民命人处理尸首，率军回朝。,高潮,5,李世民；李密；王伯党；殷开山,忠义；背叛；权力斗争；悲情,高潮,李密与王伯党发现身处绝境断密涧，随即被李世民下令射杀，冲突达到顶点并终结。,李世民；李密；王伯党；殷开山,7,7,0,2.3333,0.0,2.3333,0,0,
pdf_01000000__01004011___c0be635aa4,飞虎山,01000000,1000000,《戏考》,《戏考》（1000000）,01004011,飞虎山,pdf_01000000__01004011___c0be635aa4__scene__000,0,序幕/前置内容,1,1,26,,,# 《飞虎山》,命令,# 《飞虎山》,铺垫,0,,忠义；家国；亲情；公案；情爱,引子,,,1,0,0,0.0,0.0,0.0,0,1,
pdf_01000000__01004011___c0be635aa4,飞虎山,01000000,1000000,《戏考》,《戏考》（1000000）,01004011,飞虎山,pdf_01000000__01004011___c0be635aa4__scene__001,1,【第一场】,27,27,34,未明确,未明确,安敬思抒发思亲之愁,抒情,安敬思独自上场，以引子形式抒发思亲之痛与愁苦之情，为后续剧情铺垫人物内心状态。,铺垫,1,安敬思,思亲；愁苦,引子,无转折，仅为情绪铺垫,安敬思,3,1,0,0.125,0.0,0.125,2,0,
pdf_01000000__01004011___c0be635aa4,飞虎山,01000000,1000000,《戏考》,《戏考》（1000000）,01004011,飞虎山,pdf_01000000__01004011___c0be635aa4__scene__002,2,【第二场】,35,35,44,军营,无明确时间,李克用点兵并下令发兵郊外,命令,李克用点兵，四将汇报人马齐备，李克用下令发兵郊外，为出征做准备。,铺垫,1,李克用；四将,战争；权力与服从,过渡,无转折，为出征前的例行准备,李克用；四将,7,5,0,0.5,0.0,0.5,2,0,
pdf_01000000__01004011___c0be635aa4,飞虎山,01000000,1000000,《戏考》,《戏考》（1000000）,01004011,飞虎山,pdf_01000000__01004011___c0be635aa4__scene__003,3,【第三场】,45,45,56,山道,白日,土地化身樵夫，以飞虎岗之名引李克用前往应梦。,引路,土地奉玉帝之命化身樵夫，引李克用前往飞虎岗，以应其梦兆。李克用因梦兆而决定前往，剧情由此推进。,铺垫,1,土地；李克用,使命；梦兆；引路,铺垫,李克用因梦兆决定前往飞虎岗，剧情转向寻访铁石星。,土地；李克用；四龙套,22,19,0,1.5833,0.0,1.5833,3,0,
pdf_01000000__01004011___c0be635aa4,飞虎山,01000000,1000000,《戏考》,《戏考》（1000000）,01004011,飞虎山,pdf_01000000__01004011___c0be635aa4__scene__004,4,【第四场】,57,57,69,飞虎山,白日,李克用收安敬思为义子，改名李存孝。,收降,安敬思打虎后与李克用相遇，李克用收其为义子并改名李存孝，询问其武艺韬略。,发展,2,安敬思；李克用；李嗣源；周德威,收降；忠义；英雄相惜,推进,安敬思被收为义子，身份转变，从猎户成为李克用麾下太保。,安敬思；四龙套；李克用；李嗣源；周德威,35,16,18,1.2308,1.3846,2.6154,1,0,
pdf_01000000__01004012___2ea5375b61,女起解,01000000,1000000,《戏考》,《戏考》（1000000）,01004012,女起解,pdf_01000000__01004012___2ea5375b61__scene__000,0,序幕/前置内容,1,1,20,,,# 《女起解》（一名：《苏三起解》）,命令,# 《女起解》（一名：《苏三起解》）,铺垫,0,,忠义；权谋；家国；亲情；公案；情爱,引子,,,1,0,0,0.0,0.0,0.0,0,1,
pdf_01000000__01004012___2ea5375b61,女起解,01000000,1000000,《戏考》,《戏考》（1000000）,01004012,女起解,pdf_01000000__01004012___2ea5375b61__scene__001,1,【第一场】,21,21,32,监牢,不明,张公道提审苏三，宣布发配太原府。,提审与告知,张公道与禁子提审苏三，告知其被发配太原府。苏三闻讯后，请求拜别狱神，内心由愁转喜。,铺垫,1,张公道；禁子；苏三,使命；公案,引子,苏三得知发配消息，情绪由愁转喜，为后续行程铺垫。,张公道；禁子；苏三,25,23,0,1.9167,0.0,1.9167,1,1,
pdf_01000000__01004012___2ea5375b61,女起解,01000000,1000000,《戏考》,《戏考》（1000000）,01004012,女起解,pdf_01000000__01004012___2ea5375b61__scene__002,2,【第二场】,33,33,68,监狱门口,白天,狱官与张公道交接苏三发配事宜，并讨论带骡子及筛松香材料。,交接与闲谈,狱官与张公道交接苏三发配太原府，张公道以文书为凭，二人就带骡子一事进行诙谐对话，最终确认筛松香用龙黄。,过渡,1,张公道；狱官,官场日常；喜剧,过渡,无重大转折，为过渡性场景。,狱官；张公道；苏三,34,30,0,0.8333,0.0,0.8333,3,1,
pdf_01000000__01004012___2ea5375b61,女起解,01000000,1000000,《戏考》,《戏考》（1000000）,01004012,女起解,pdf_01000000__01004012___2ea5375b61__scene__003,3,【第三场】,69,69,91,太原城外的街道与十里坡,白天，天气炎热,苏三向张公道倾诉冤情，张公道以幽默方式回应并开导，苏三因失言激怒张公道后道歉，二人和解继续前行。,苏三唱诉冤情，张公道安慰与开导,苏三在押解途中恳求张公道帮忙传信，张公道虽同情但无奈。苏三唱诉冤屈，张公道以诙谐方式安慰并开导，最终苏三认错，二人继续赶路。,发展,3,苏三；张公道,公案；底层互助；使命,推进,苏三失言说洪桐县无好人，激怒张公道，后道歉挽回，关系缓和。,苏三；张公道；客人,96,82,5,3.5652,0.2174,3.7826,1,8,
pdf_01000000__01004014___d6eca0fe85,遗翠花,01000000,1000000,《戏考》,《戏考》（1000000）,01004014,遗翠花,pdf_01000000__01004014___d6eca0fe85__scene__000,0,序幕/前置内容,1,1,24,,,# 《遗翠花》；# （一名：《翠春寄柬》）,命令,# 《遗翠花》；# （一名：《翠春寄柬》）,铺垫,0,,家国；亲情；情爱,引子,,,2,0,0,0.0,0.0,0.0,0,2,
pdf_01000000__01004014___d6eca0fe85,遗翠花,01000000,1000000,《戏考》,《戏考》（1000000）,01004014,遗翠花,pdf_01000000__01004014___d6eca0fe85__scene__001,1,【第一场】,25,25,32,书房,白天,翠香替小姐送信给相公，相公得知小姐心意并决定写回书。,下书与传信,相公因相思病困坐书房，丫鬟翠香奉小姐之命前来下书，二人相见后相公得知小姐心意，欲写回书并托翠香传递，翠香应允并暗示未来需另眼相待。,发展,2,相公；翠香,相思；情爱；主仆关系,推进,相公从相思苦闷转为得知小姐心意，剧情由单相思转向双向互动。,相公；翠香；翠香相公,56,48,8,6.0,1.0,7.0,0,0,
pdf_01000000__01004014___d6eca0fe85,遗翠花,01000000,1000000,《戏考》,《戏考》（1000000）,01004014,遗翠花,pdf_01000000__01004014___d6eca0fe85__scene__002,2,【第二场】,33,33,52,书房,白天,翠香代小姐请相公，相公在翠香暗示下明白需以‘外’（私情）作为媒人礼。,试探与暗示,翠香受小姐之命去请相公，相公急于成亲，翠香暗示索要媒人礼，最终以‘外’（私情）达成默契。,发展,3,小姐；翠香；相公,情爱；情爱；试探；阶级,推进,翠香从拒绝到暗示索要‘外’，相公领悟并接受，关系从主仆协助转为私情同盟。,小姐；翠香；相公,85,79,4,3.95,0.2,4.15,2,0,
pdf_01000000__01004014___d6eca0fe85,遗翠花,01000000,1000000,《戏考》,《戏考》（1000000）,01004014,遗翠花,pdf_01000000__01004014___d6eca0fe85__scene__003,3,【第三场】,53,53,61,小姐绣阁,白天,老夫人发现相公藏于小姐绣阁，引发冲突,遮掩与揭露,翠香引相公入小姐绣阁，小姐责备相公闯入，老夫人突至，翠香遮掩，最终老夫人发现相公，斥责其行为不端。,冲突,4,小姐；相公；翠香；老夫人,情爱；闺门礼教；欺骗与暴露,高潮,老夫人突然返回并发现相公，冲突升级,翠香；相公；小姐；老夫人,154,145,7,16.1111,0.7778,16.8889,2,0,
pdf_01000000__01004015___871e6f9883,新安驿,01000000,1000000,《戏考》,《戏考》（1000000）,01004015,新安驿,pdf_01000000__01004015___871e6f9883__scene__000,0,序幕/前置内容,1,1,22,,,# 《新安驿》 （一名：《女强盗》）,命令,# 《新安驿》 （一名：《女强盗》）,铺垫,0,,家国；亲情；公案；喜剧；情爱；离散,引子,,,1,0,0,0.0,0.0,0.0,0,1,
pdf_01000000__01004015___871e6f9883,新安驿,01000000,1000000,《戏考》,《戏考》（1000000）,01004015,新安驿,pdf_01000000__01004015___871e6f9883__scene__001,1,【第一场】,23,23,32,新安驿黑店,雨后初晴,李氏挂幌招客，准备杀人劫财,挂幌招客,周门李氏在新安驿开设黑店，因连日下雨无生意，今日天晴挂出幌子，招揽住店客人，意图杀人劫财。,铺垫,1,李氏,权谋；生存困境,引子,无转折，为后续冲突做铺垫,李氏,4,1,0,0.1,0.0,0.1,2,1,
pdf_01000000__01004015___871e6f9883,新安驿,01000000,1000000,《戏考》,《戏考》（1000000）,01004015,新安驿,pdf_01000000__01004015___871e6f9883__scene__002,2,【第二场】,33,33,64,新安驿客店,夜晚至三更,周凤英夜探客店，因罗雁容貌而放弃杀意，李氏提亲,周凤英持刀欲杀客，后转为爱慕,赵美容与女扮男装的罗雁投宿新安驿，店主李氏识破二人身份并灌醉罗雁。李氏之女周凤英夜持刀欲杀客，却因罗雁俊雅而心动，李氏趁机向罗雁提亲。,发展,4,赵美容；罗雁；李氏；周凤英,离散；悲情；情爱；身份错位,推进,周凤英从杀意转为爱慕，李氏提亲引发新冲突,赵美容；罗雁；李氏；周凤英,123,122,0,3.8125,0.0,3.8125,1,0,
pdf_01000000__01004015___871e6f9883,新安驿,01000000,1000000,《戏考》,《戏考》（1000000）,01004015,新安驿,pdf_01000000__01004015___871e6f9883__scene__003,3,【第三场】,65,65,83,洞房,夜晚，初更,周凤英发现罗雁是女子，身份真相引发冲突,揭露身份,周凤英与罗雁拜堂入洞房，周凤英发现罗雁是女子，李氏得知后大怒，赵美容提议去龙山找哥哥解决。,冲突,4,周凤英；罗雁；李氏；赵美容,身份伪装；离散；喜剧,反转,周凤英发现罗雁女性身份，冲突升级，赵美容提出解决方案,李氏；罗雁；周凤英；赵美容,39,34,1,1.7895,0.0526,1.8421,4,0,
pdf_01000000__01004016___8e04e3a822,小上坟,01000000,1000000,《戏考》,《戏考》（1000000）,01004016,小上坟,pdf_01000000__01004016___8e04e3a822__scene__000,0,序幕/前置内容,1,1,22,,,# 《小上坟》；# （一名：《禄敬荣归》）,命令,# 《小上坟》；# （一名：《禄敬荣归》）,铺垫,0,,战争；家国；亲情；公案；情爱；离散,引子,,,2,0,0,0.0,0.0,0.0,0,2,
pdf_01000000__01004016___8e04e3a822,小上坟,01000000,1000000,《戏考》,《戏考》（1000000）,01004016,小上坟,pdf_01000000__01004016___8e04e3a822__scene__001,1,【第一场】,23,23,28,未指定,未指定,刘禄敬在青袍引导下登场,登场,两青袍引刘禄敬上场，通过六幺令曲牌营造氛围，为后续剧情铺垫。,铺垫,1,刘禄敬,官场；出行,引子,无显著转折,,1,0,0,0.0,0.0,0.0,1,0,
pdf_01000000__01004016___8e04e3a822,小上坟,01000000,1000000,《戏考》,《戏考》（1000000）,01004016,小上坟,pdf_01000000__01004016___8e04e3a822__scene__002,2,【第二场】,29,29,41,刘家坟前,白天,刘禄敬与萧素贞在坟前相遇并相认,萧素贞哭诉冤情，刘禄敬询问并确认身份,刘禄敬上任途中在自家坟前遇见哭诉的萧素贞，萧素贞状告公婆和娘舅，二人通过问答确认夫妻身份，最终相认。,发展,3,刘禄敬；萧素贞,亲情；公案；身份确认,推进,夫妻通过问答确认彼此身份，从陌生到相认,萧素贞；刘禄敬；青袍；青袍甲,43,41,0,3.1538,0.0,3.1538,1,1,
pdf_01000000__01005001___8bae4c8a7d,武家坡,01000000,1000000,《戏考》,《戏考》（1000000）,01005001,武家坡,pdf_01000000__01005001___8bae4c8a7d__scene__000,0,序幕/前置内容,1,1,20,,,# 《武家坡》；# （一名：《平贵回窑》；一名：《跑坡》）,命令,# 《武家坡》；# （一名：《平贵回窑》；一名：《跑坡》）,铺垫,0,,战争；家国；亲情；公案；情爱；离散,引子,,,2,0,0,0.0,0.0,0.0,0,2,
pdf_01000000__01005001___8bae4c8a7d,武家坡,01000000,1000000,《戏考》,《戏考》（1000000）,01005001,武家坡,pdf_01000000__01005001___8bae4c8a7d__scene__001,1,【第一场】,21,21,28,武家坡前,白天,薛平贵以带家书为名试探王宝钏,试探,薛平贵回武家坡寻妻王宝钏，假托带家书试探其贞节，王宝钏接信前认出丈夫但未点破，二人开始对话。,铺垫,3,薛平贵；王宝钏,亲情；贞节考验；离散,铺垫,薛平贵决定调戏试探王宝钏贞节，为后续冲突埋下伏笔,薛平贵；大嫂；王宝钏,139,116,23,14.5,2.875,17.375,0,0,
pdf_01000000__01005001___8bae4c8a7d,武家坡,01000000,1000000,《戏考》,《戏考》（1000000）,01005001,武家坡,pdf_01000000__01005001___8bae4c8a7d__scene__002,2,【第二场】,29,29,39,寒窑前,白天,夫妻相认与讨封,试探与和解,王宝钏与薛平贵在寒窑前相认，薛平贵展示番王宝并透露已娶代战，王宝钏讨封后夫妻重归于好。,高潮,4,王宝钏；薛平贵,亲情；身份确认；权力转换；忠义,高潮,薛平贵展示番王宝，身份确认后王宝钏讨封，关系从怀疑转为臣服,王宝钏；薛平贵,77,61,15,5.5455,1.3636,6.9091,1,0,
pdf_01000000__01005002___c9467a74fd,浣纱记,01000000,1000000,《戏考》,《戏考》（1000000）,01005002,浣纱记,pdf_01000000__01005002___c9467a74fd__scene__000,0,序幕/前置内容,1,1,22,,,# 《浣纱记》；# （一名：《子胥投吴》；一名：《芦中人》）,命令,# 《浣纱记》；# （一名：《子胥投吴》；一名：《芦中人》）,铺垫,0,,战争；家国；亲情；公案；离散,引子,,,2,0,0,0.0,0.0,0.0,0,2,
pdf_01000000__01005002___c9467a74fd,浣纱记,01000000,1000000,《戏考》,《戏考》（1000000）,01005002,浣纱记,pdf_01000000__01005002___c9467a74fd__scene__001,1,【第一场】,23,23,70,长江边,白天,伍员请求渔父渡江，渔父应允并暗示其身份不凡,求助与应允,伍员被追兵所迫，至江边遇渔父。渔父本不渡人，因伍员自称被难而相助。渔父以梦兆歌暗示伍员不凡，伍员谨慎未敢直言身份。,铺垫,3,伍员；渔父,悲情；使命；使命,引子,渔父以梦兆歌暗示伍员身份，为后续信任建立伏笔,伍员；渔父,22,17,0,0.3542,0.0,0.3542,3,2,
pdf_01000000__01005002___c9467a74fd,浣纱记,01000000,1000000,《戏考》,《戏考》（1000000）,01005002,浣纱记,pdf_01000000__01005002___c9467a74fd__scene__002,2,【第二场】,71,71,93,溪边,春秋时期，白天,伍员乞食并请求保密，浣纱女投水明志,乞食与施舍,伍员逃亡至吴国途中饥饿，向浣纱女乞食。浣纱女起初拒绝，后因伍员诉说落难而施舍。伍员请求保密行踪，浣纱女为表决心投水自尽。,发展,4,伍员；浣纱女,忠义；牺牲；悲情；使命,推进,浣纱女投水自尽，将伍员推向更深的道德困境与复仇决心,浣纱女；伍员,27,13,7,0.5652,0.3043,0.8696,4,3,
pdf_01000000__01005003___0fd7bac795,天雷报,01000000,1000000,《戏考》,《戏考》（1000000）,01005003,天雷报,pdf_01000000__01005003___0fd7bac795__scene__000,0,序幕/前置内容,1,1,28,,,# 《天雷报》 （一名：《清风亭》）,汇报,# 《天雷报》 （一名：《清风亭》）,铺垫,0,,战争；家国；亲情；情爱,引子,,,1,0,0,0.0,0.0,0.0,0,1,
pdf_01000000__01005003___0fd7bac795,天雷报,01000000,1000000,《戏考》,《戏考》（1000000）,01005003,天雷报,pdf_01000000__01005003___0fd7bac795__scene__001,1,【第一场】,29,29,134,张元秀家门外,十月天气,张元秀与周氏因养子继保离家而争吵，后共同思念儿子，在门外遥望清风亭方向悲泣。,争吵与思念,张元秀与周氏因养子张继保被赶走而互相埋怨争吵，后共同思念儿子，在清风亭方向遥望悲泣，最终相互搀扶回家。,冲突,4,周氏；张元秀,养子不孝；老年孤独；亲情；亲情,对峙,无重大转折，但冲突从相互埋怨转向共同思念，情感升级。,周氏；张元秀,92,86,0,0.8113,0.0,0.8113,5,1,
pdf_01000000__01005003___0fd7bac795,天雷报,01000000,1000000,《戏考》,《戏考》（1000000）,01005003,天雷报,pdf_01000000__01005003___0fd7bac795__scene__002,2,【第二场】,135,135,142,未指定,未指定,薛荣念白提及儿子赴考,念白,薛荣与周桂英同上，薛荣念白提及儿子赴考，为后续剧情铺垫。,铺垫,1,薛荣；周桂英,亲情；科举,引子,无转折，仅为事件引入,薛荣,2,1,0,0.125,0.0,0.125,1,0,
pdf_01000000__01005003___0fd7bac795,天雷报,01000000,1000000,《戏考》,《戏考》（1000000）,01005003,天雷报,pdf_01000000__01005003___0fd7bac795__scene__003,3,【第三场】,143,143,148,未指定,未指定,周小义登场,登场,周小义上场，本场为简短过场，无具体情节推进，仅作为角色登场。,铺垫,1,周小义,忠义；亲情；情爱；离散,引子,无,,1,0,0,0.0,0.0,0.0,1,0,
pdf_01000000__01005003___0fd7bac795,天雷报,01000000,1000000,《戏考》,《戏考》（1000000）,01005003,天雷报,pdf_01000000__01005003___0fd7bac795__scene__004,4,【第四场】,149,149,158,清风亭,白天,张元秀夫妇在清风亭遇周小义，得知新科状元可能是张继保，决定去认亲。,乞讨与认亲希望,张元秀与周氏乞讨至清风亭，遇周小义告知新科状元似张继保，二老重燃希望，决定前往认子。,发展,3,张元秀；周氏；周小义,亲情；希望与绝望；使命,推进,周小义提供关键信息，使二老从绝望转向希望，推动后续认子行动。,张元秀；周氏；周小义,81,79,0,7.9,0.0,7.9,2,0,
pdf_01000000__01005003___0fd7bac795,天雷报,01000000,1000000,《戏考》,《戏考》（1000000）,01005003,天雷报,pdf_01000000__01005003___0fd7bac795__scene__005,5,【第五场】,159,159,212,清风亭,白天,张元秀夫妇认子被拒，悲愤而死,认子与拒认,张元秀与周氏在清风亭认子，张继保不认养父母，反将二老赶走，最终张元秀夫妇悲愤碰死，张继保命人草席裹尸。,高潮,5,张元秀；周氏；张继保；周小义；青袍甲,忠义；养子不孝；贫富悬殊；悲情,高潮,张继保拒不认亲，导致养父母双双碰死，冲突达到顶点并引发悲剧结局,张继保；周小义；张元秀；周氏；青袍甲,100,93,0,1.7222,0.0,1.7222,6,1,
pdf_01000000__01005003___0fd7bac795,天雷报,01000000,1000000,《戏考》,《戏考》（1000000）,01005003,天雷报,pdf_01000000__01005003___0fd7bac795__scene__006,6,【第六场】,213,213,233,野外,雷雨交加时,雷祖执行天罚，打死张继保,追打、雷击、死亡,雷祖率雷将、闪将追打张继保，将其打死。周小义被雷声惊吓而退。雷祖命将尸拖至荒郊，回复玉帝。,高潮,5,雷祖；张继保；周小义,因果报应；天理昭彰；忠义,高潮,张继保被雷击毙，恶人终得恶报，因果报应达成,雷神；周小义；雷祖,10,3,0,0.1429,0.0,0.1429,6,1,
pdf_01000000__01005005___45b85eecde,沙陀国,01000000,1000000,《戏考》,《戏考》（1000000）,01005005,沙陀国,pdf_01000000__01005005___45b85eecde__scene__000,0,序幕/前置内容,1,1,24,,,# 《沙陀国》,命令,# 《沙陀国》,铺垫,0,,战争；家国；亲情；公案；情爱；离散,引子,,,1,0,0,0.0,0.0,0.0,0,1,
pdf_01000000__01005005___45b85eecde,沙陀国,01000000,1000000,《戏考》,《戏考》（1000000）,01005005,沙陀国,pdf_01000000__01005005___45b85eecde__scene__001,1,【第一场】,25,25,32,沙陀国帅府,黄巢造反时期,李克用得知黄巢造反，先下令出兵后追回将令,传令与追令,李嗣源报告黄巢造反、唐王被赶至西岐，李克用先下令兴唐灭巢，后因旧怨追回将令，得知程敬思到来后摆队相迎。,铺垫,2,李克用；李嗣源,忠义；权力与服从,引子,李克用因旧怨追回将令，为后续程敬思劝说出兵埋下伏笔,李嗣源；李克用,14,13,0,1.625,0.0,1.625,1,0,
pdf_01000000__01005005___45b85eecde,沙陀国,01000000,1000000,《戏考》,《戏考》（1000000）,01005005,沙陀国,pdf_01000000__01005005___45b85eecde__scene__002,2,【第二场】,33,33,36,沙陀国,几载后,程敬思与李克用重逢叙旧,迎接与寒暄,程敬思与李克用久别重逢，互叹衰老，以礼相迎，挽手而行，展现深厚情谊。,铺垫,1,李克用；程敬思,重逢；情爱；岁月,引子,无显著转折，仅为情感铺垫,李嗣源；程敬思；李克用,13,13,0,3.25,0.0,3.25,0,0,
pdf_01000000__01005005___45b85eecde,沙陀国,01000000,1000000,《戏考》,《戏考》（1000000）,01005005,沙陀国,pdf_01000000__01005005___45b85eecde__scene__003,3,【第三场】,37,37,46,沙陀国李克用帐中,唐末黄巢起义期间,程敬思献宝请兵，李克用拒不发兵，程敬思以圣旨相逼，李克用怒斩李嗣源，程敬思求情救下。,程敬思献宝请兵，李克用拒兵，程敬思以圣旨相逼，李克用怒斩李嗣源，程敬思求情。,程敬思奉唐王命到沙陀国请李克用发兵灭黄巢，李克用收珠宝却拒发兵，程敬思以圣旨相逼，李克用怒斩李嗣源，程敬思求情救下太保。,冲突,4,李克用；程敬思；李嗣源,忠义；权力博弈；情爱,对峙,程敬思以圣旨相逼，李克用压旨拒兵，冲突升级；程敬思求情救李嗣源，关系缓和。,程敬思；李克用；李嗣源,62,28,33,2.8,3.3,6.1,1,0,
pdf_01000000__01005005___45b85eecde,沙陀国,01000000,1000000,《戏考》,《戏考》（1000000）,01005005,沙陀国,pdf_01000000__01005005___45b85eecde__scene__004,4,【第四场】,47,47,52,后帐,程敬思搬兵后,李嗣源向王娘们报告父王拒不发兵并欲斩他，王娘们决定出面相助。,汇报与决定,李嗣源向二位王娘哭诉程敬思搬兵、父王不发兵反欲斩他，程叔父讲情得救，王娘们闻讯后决定出面干预。,发展,3,李嗣源；大王娘；二王娘,忠义；亲情；权力博弈,推进,王娘们得知程恩官到来，决定介入，为后续发兵埋下转折。,大王娘；二王娘；李嗣源,14,9,5,1.5,0.8333,2.3333,0,0,
pdf_01000000__01005005___45b85eecde,沙陀国,01000000,1000000,《戏考》,《戏考》（1000000）,01005005,沙陀国,pdf_01000000__01005005___45b85eecde__scene__005,5,【第五场】,53,53,59,沙陀国银安殿,白天,二位王娘强行夺令发兵，迫使李克用同意出兵救唐王,命令与反抗,程敬思向李克用搬兵救唐王，李克用因旧誓拒绝发兵。二位王娘强行介入，夺令箭命李嗣源传令发兵，迫使李克用顺水推舟同意出兵。,冲突,4,程敬思；李克用；大王娘；二王娘；李嗣源,忠义；亲情；权谋,推进,李克用三次拒绝发兵后，二位王娘夺令箭直接下令，迫使李克用改变态度，冲突升级并解决,程敬思；李克用；大王娘；二王娘；李嗣源；大王娘、二王娘；程敬思、李克用,64,41,23,5.8571,3.2857,9.1429,0,0,
pdf_01000000__01005006___1bd930fcea,六月雪,01000000,1000000,《戏考》,《戏考》（1000000）,01005006,六月雪,pdf_01000000__01005006___1bd930fcea__scene__000,0,序幕/前置内容,1,1,24,,,# 《六月雪》；# （一名：《斩窦娥》；一名：《羊肚汤》）,命令,# 《六月雪》；# （一名：《斩窦娥》；一名：《羊肚汤》）,铺垫,0,,权谋；战争；家国；亲情；公案；情爱,引子,,,2,0,0,0.0,0.0,0.0,0,2,
pdf_01000000__01005006___1bd930fcea,六月雪,01000000,1000000,《戏考》,《戏考》（1000000）,01005006,六月雪,pdf_01000000__01005006___1bd930fcea__scene__001,1,【第一场】,25,25,34,监牢,窦娥被囚期间，临近斩首,窦娥向禁婆讲述冤情，禁婆告知蔡母窦娥即将被斩首,哭诉与告知,窦娥在监中向禁婆哭诉冤情，禁婆起初索贿打骂，后因同情而倾听。蔡母前来探望，禁婆告知窦娥即将被斩首，婆媳悲痛欲绝。,发展,4,禁婆；窦娥；蔡母,公案；贫苦；亲情；司法不公,推进,禁婆从索贿打骂转为同情倾听，并透露斩首消息，冲突升级,禁婆；窦娥；蔡母；禁婆、蔡母,36,33,2,3.3,0.2,3.5,1,0,
pdf_01000000__01005006___1bd930fcea,六月雪,01000000,1000000,《戏考》,《戏考》（1000000）,01005006,六月雪,pdf_01000000__01005006___1bd930fcea__scene__002,2,【第二场】,35,35,55,法场,六月,窦娥法场临刑，因六月飞雪被窦太师下令发回重审。,行刑与赦免,窦娥被押赴法场，临刑前恳求刀斧手隐藏尸首以免婆婆受惊。婆婆前来祭别，六月天降大雪，窦太师经过认为有冤，下令发回重审，窦娥得救。,高潮,5,窦娥；蔡母；钱惠命；旗牌,公案；天象示警；孝道；使命,高潮,六月飞雪引发窦太师干预，窦娥从死刑转为发回重审，命运出现转折。,钱惠命；窦娥；二刀斧手；蔡母；蔡母、窦娥；禁婆；旗牌,47,40,0,1.9048,0.0,1.9048,3,4,
pdf_01000000__01005007___5e730b94b2,二进宫,01000000,1000000,《戏考》,《戏考》（1000000）,01005007,二进宫,pdf_01000000__01005007___5e730b94b2__scene__000,0,序幕/前置内容,1,1,1,宫门,,# 《二进宫》 （一名：《击宫门》）,命令,# 《二进宫》 （一名：《击宫门》）,铺垫,0,,忠义；权谋；家国；亲情,引子,,,1,0,0,0.0,0.0,0.0,0,1,
pdf_01000000__01005008___a144dc7076,玉堂春,01000000,1000000,《戏考》,《戏考》（1000000）,01005008,玉堂春,pdf_01000000__01005008___a144dc7076__scene__000,0,序幕/前置内容,1,1,1,,,# 《玉堂春》 （一名：《三堂会审》）,命令,# 《玉堂春》 （一名：《三堂会审》）,铺垫,0,,权谋；亲情；公案；情爱；离散,引子,,,1,0,0,0.0,0.0,0.0,0,1,
pdf_01000000__01005009___5df172a065,孝感天,01000000,1000000,《戏考》,《戏考》（1000000）,01005009,孝感天,pdf_01000000__01005009___5df172a065__scene__000,0,序幕/前置内容,1,1,26,,,# 《孝感天》,命令,# 《孝感天》,铺垫,0,,权谋；战争；亲情；公案；情爱；离散,引子,,,1,0,0,0.0,0.0,0.0,0,1,
pdf_01000000__01005009___5df172a065,孝感天,01000000,1000000,《戏考》,《戏考》（1000000）,01005009,孝感天,pdf_01000000__01005009___5df172a065__scene__001,1,【第一场】,27,27,50,阴间或梦境过渡空间,死后，夜晚,共叔段与魏氏鬼魂商议托梦劝解母亲姜夫人,商议与决定,共叔段与魏氏鬼魂登场，因母后姜夫人溺爱反遭毒害，二人决定托梦劝解思儿心切的母亲。,铺垫,2,共叔段；魏氏,孝道；情爱；悲情,引子,无重大转折，为后续托梦情节做铺垫,共叔段；魏氏,11,8,0,0.3333,0.0,0.3333,2,1,
pdf_01000000__01005009___5df172a065,孝感天,01000000,1000000,《戏考》,《戏考》（1000000）,01005009,孝感天,pdf_01000000__01005009___5df172a065__scene__002,2,【第二场】,51,51,77,颍地武姜居所,黄昏至天明,武姜梦遇共叔段与魏氏鬼魂，母子阴阳对话，共叔段悔过，武姜悲痛。,武姜思念与哀悼,武姜被迁居颍地，思念亡子共叔段与儿媳魏氏。梦中与二人鬼魂相见，共叔段悔恨当初，魏氏劝慰，母子阴阳相隔，武姜悲痛难舍。,发展,4,武姜；共叔段；魏氏,亲情；悔恨与遗憾；阴阳相隔；悲情,推进,武姜与亡子鬼魂相见，揭示共叔段悔恨及母子永隔的悲剧，情感冲突升级。,武姜；共叔段；魏氏；共叔段、魏氏；二宫女,28,22,0,0.8148,0.0,0.8148,3,3,
pdf_01000000__01005010___9c2a4af4c4,御碑亭,01000000,1000000,《戏考》,《戏考》（1000000）,01005010,御碑亭,pdf_01000000__01005010___9c2a4af4c4__scene__000,0,序幕/前置内容,1,1,36,,,# 《御碑亭》；# （一名：《金榜乐》；一名：《王有道休妻》）,对话,# 《御碑亭》；# （一名：《金榜乐》；一名：《王有道休妻》）,铺垫,0,,权谋；战争；家国；亲情；公案；情爱,引子,,,2,0,0,0.0,0.0,0.0,0,2,
pdf_01000000__01005010___9c2a4af4c4,御碑亭,01000000,1000000,《戏考》,《戏考》（1000000）,01005010,御碑亭,pdf_01000000__01005010___9c2a4af4c4__scene__001,1,【第一场】,37,37,44,官署或府邸,白天,申嵩准备前往贡院主持科举考试,吩咐开道,申嵩询问二堂役应科行囊是否搬去，确认后吩咐开道贡院，准备前往贡院主持科举考试。,铺垫,1,申嵩；二堂役,科举；官场秩序,引子,无转折，为后续科举情节做铺垫,申嵩；二堂役,8,6,0,0.75,0.0,0.75,2,0,
pdf_01000000__01005010___9c2a4af4c4,御碑亭,01000000,1000000,《戏考》,《戏考》（1000000）,01005010,御碑亭,pdf_01000000__01005010___9c2a4af4c4__scene__002,2,【第二场】,45,45,48,王有道家中,会试之年，清明时节,王有道辞别妻妹赴考，孟月华被接回娘家祭祖,辞行与托付,王有道赴京赶考，孟月华被娘家接回祭祖，托付小姑王淑英看家，为后续事件埋下伏笔。,铺垫,1,王有道；孟月华；王淑英；孟德禄,科举功名；亲情；亲情,铺垫,孟月华决定回娘家祭祖，留下王淑英独守门户，为后续冲突埋下伏笔,王有道；孟月华；王淑英；孟德禄,43,25,18,6.25,4.5,10.75,0,0,
pdf_01000000__01005010___9c2a4af4c4,御碑亭,01000000,1000000,《戏考》,《戏考》（1000000）,01005010,御碑亭,pdf_01000000__01005010___9c2a4af4c4__scene__003,3,【第三场】,49,49,54,未指定,未指定,柳生春登场,登场,柳生春独自上场，未见其他角色，无具体情节推进，仅为角色登场过渡。,过渡,1,柳生春,家国；亲情；情爱,引子,无,,1,0,0,0.0,0.0,0.0,1,0,
pdf_01000000__01005010___9c2a4af4c4,御碑亭,01000000,1000000,《戏考》,《戏考》（1000000）,01005010,御碑亭,pdf_01000000__01005010___9c2a4af4c4__scene__004,4,【第四场】,55,55,64,孟家、御碑亭,清明佳节、夜晚至五更,孟月华与柳生春因大雨同避御碑亭，一夜恪守礼法。,避雨与守礼,孟月华清明祭祖后欲归家，因丈夫进场、妹子独守而心忧。德禄装病，月华独行遇雨，与柳生春同避御碑亭，一夜相安无事。,发展,3,孟月华；柳生春；孟明时；孟夫人；孟德禄,礼法；贞节；使命；亲情,推进,月华独行遇雨，与陌生男子共处碑亭，为后续误会埋下伏笔。,孟明时；孟夫人；孟月华；孟德禄；柳生春,37,29,8,2.9,0.8,3.7,0,0,
pdf_01000000__01005010___9c2a4af4c4,御碑亭,01000000,1000000,《戏考》,《戏考》（1000000）,01005010,御碑亭,pdf_01000000__01005010___9c2a4af4c4__scene__005,5,【第六场】,65,65,68,未知,未知,功曹与朱衣神一同过场,过场,功曹与朱衣神一同过场，为后续剧情铺垫神界视角，暗示天意或命运的安排。,铺垫,1,功曹；朱衣神,使命；神界干预,过渡,无转折，仅为过渡性场景,,1,0,0,0.0,0.0,0.0,1,0,
pdf_01000000__01005010___9c2a4af4c4,御碑亭,01000000,1000000,《戏考》,《戏考》（1000000）,01005010,御碑亭,pdf_01000000__01005010___9c2a4af4c4__scene__006,6,【第七场】,69,69,108,考场及孟月华家门外,发榜前，清晨,申嵩取中阴骘之卷；孟月华回家向王淑英解释御碑亭之事,申嵩阅卷取中；孟月华解释,申嵩阅卷，因朱衣神点掇而取中阴骘浩大之卷；孟月华归家，向王淑英解释御碑亭夜宿之事，王淑英疑其与书生有私。,发展,3,申嵩；孟月华；王淑英,阴骘报应；名节与猜疑；使命,推进,申嵩因鬼神点掇而取中文章较弱的考生，埋下后续情节伏笔；王淑英对孟月华的怀疑升级，为冲突做铺垫。,审嵩；龙套；堂役；申嵩；四房官；孟月华；王淑英,58,45,3,1.125,0.075,1.2,8,2,
pdf_01000000__01005010___9c2a4af4c4,御碑亭,01000000,1000000,《戏考》,《戏考》（1000000）,01005010,御碑亭,pdf_01000000__01005010___9c2a4af4c4__scene__007,7,【第九场】,109,109,112,王有道家中、孟家庄,清明后，王有道科举出场日,王有道因妻子避雨御碑亭之事休妻，后中进士。,王有道休妻,王有道听闻妻子孟月华在御碑亭与陌生男子共处一夜，心生猜忌，写下休书假称岳父母病重送妻回娘家。后王有道中进士，孟月华回娘家后得知被休，父母安慰。,冲突,4,王有道；孟月华；王淑英；孟明时；孟夫人,猜忌；贞节；科举；亲情,推进,王有道因猜忌休妻，导致夫妻分离，为后续剧情埋下伏笔。,王有道；王淑英；家院；孟月华；报子；孟明时；孟夫人,79,71,8,17.75,2.0,19.75,0,0,
pdf_01000000__01005010___9c2a4af4c4,御碑亭,01000000,1000000,《戏考》,《戏考》（1000000）,01005010,御碑亭,pdf_01000000__01005010___9c2a4af4c4__scene__008,8,【第十一场】,113,113,116,贡院或官署厅堂,新科进士谒见时,柳生春讲述御碑亭避雨之事，王有道得知被休之妻实为贤德，众人劝其接回。,询问与坦白,新进士谒见主考官申嵩，申嵩询问柳生春阴骘之事，柳生春讲述御碑亭避雨不欺暗室，王有道发现该妇人正是自己休弃之妻，众人劝其接回妻子。,转折,4,申嵩；柳生春；王有道,阴骘报应；暗室不欺；亲情；科举功名,反转,王有道发现被休妻子实为贤德烈女，从疑心转向悔悟，剧情发生重大转折。,申嵩；衙役；二进士；柳生春；王有道；柳生春、二进士；王有道、柳生春、二进士；进士甲,36,36,0,9.0,0.0,9.0,0,0,
pdf_01000000__01005010___9c2a4af4c4,御碑亭,01000000,1000000,《戏考》,《戏考》（1000000）,01005010,御碑亭,pdf_01000000__01005010___9c2a4af4c4__scene__009,9,【第十二场】,117,117,122,未指定,未指定,孟德禄抒发对王有道行为的谴责,谴责,孟德禄上场，以唱词表达对王有道抛弃妻子却金榜题名的愤慨，指责读书人无良心。,发展,2,孟德禄,道德谴责；科举与人性；情爱,推进,无转折，但强化了观众对王有道行为的负面评价,孟德禄,2,0,1,0.0,0.1667,0.1667,1,0,
pdf_01000000__01005010___9c2a4af4c4,御碑亭,01000000,1000000,《戏考》,《戏考》（1000000）,01005010,御碑亭,pdf_01000000__01005010___9c2a4af4c4__scene__010,10,【第十三场】,123,123,147,王有道家中,白天,王有道向孟月华认错，夫妻和好，并将妹妹许配柳生春。,赔罪与和好,王有道悔悟休妻，向孟月华赔罪，夫妻和好。王有道将妹淑英许配柳生春，当场成婚，众人庆贺。,收束,2,王有道；孟月华；柳生春；孟明时；孟夫人,亲情；悔过与宽恕；情爱；情爱,收束,夫妻关系由破裂转向和好，并促成柳生春与王淑英的婚事。,王有道；孟德禄；孟明时；孟月华；家院；二进士；柳生春；众人,33,25,4,1.0,0.16,1.16,4,0,
pdf_01000000__01005011___ce48065512,回荆州,01000000,1000000,《戏考》,《戏考》（1000000）,01005011,回荆州,pdf_01000000__01005011___ce48065512__scene__000,0,序幕/前置内容,1,1,28,,,# 《回荆州》；# （一名：《美人计》；一名：《龙凤呈祥》）,命令,# 《回荆州》；# （一名：《美人计》；一名：《龙凤呈祥》）,铺垫,0,,忠义；权谋；战争；家国；亲情；公案；喜剧；情爱；离散,引子,,,2,0,0,0.0,0.0,0.0,0,2,
pdf_01000000__01005011___ce48065512,回荆州,01000000,1000000,《戏考》,《戏考》（1000000）,01005011,回荆州,pdf_01000000__01005011___ce48065512__scene__001,1,【第一场】,29,29,50,孙尚香宫院,白天,孙尚香设枪刀阵试探刘备，刘备要求撤去后二人相见并商议对策。,试探与信任建立,孙尚香设枪刀阵试探刘备胆量，刘备要求撤去枪刀方进宫，孙尚香撤去后二人相见，刘备告知孙权与周瑜的计谋，孙尚香承诺相助。,发展,3,孙尚香；刘备；侍儿,情爱；使命；英雄气概,推进,刘备向孙尚香坦白孙权与周瑜的计谋，孙尚香承诺相助，二人关系从试探转向合作。,孙尚香；侍儿；刘备；刘备、孙尚香,39,30,5,1.3636,0.2273,1.5909,3,1,
pdf_01000000__01005011___ce48065512,回荆州,01000000,1000000,《戏考》,《戏考》（1000000）,01005011,回荆州,pdf_01000000__01005011___ce48065512__scene__002,2,【第二场】,51,51,54,周瑜帐中、刘备新府,刘备招亲后,周瑜设计送信；赵云假报军情劝刘备逃走，孙尚香识破并决定相助。,周瑜设计、赵云劝逃、孙尚香识破,周瑜得知刘备在江南招亲，设计送信孙权；赵云假报曹操攻荆州，劝刘备逃走，孙尚香识破后决定相助。,发展,4,周瑜；赵云；刘备；孙尚香,权谋；亲情；忠义,推进,孙尚香从怀疑到决定协助刘备逃走，关系转变。,周瑜；徐盛；丁奉；赵云；刘备；孙尚香,44,40,4,10.0,1.0,11.0,0,0,
pdf_01000000__01005011___ce48065512,回荆州,01000000,1000000,《戏考》,《戏考》（1000000）,01005011,回荆州,pdf_01000000__01005011___ce48065512__scene__003,3,【第五场】,55,55,58,宝帐,刘备过江多日后,张飞质问诸葛亮并受命埋伏芦花荡,质问与下令,张飞因刘备久去未归而怒闯宝帐质问诸葛亮，诸葛亮命其率兵埋伏芦花荡，只拿不杀周瑜。,发展,4,张飞；诸葛亮,忠义；权谋；将帅关系,推进,张飞从愤怒转向接受命令，冲突化解并转向行动,诸葛亮；张飞,16,14,2,3.5,0.5,4.0,0,0,
pdf_01000000__01005011___ce48065512,回荆州,01000000,1000000,《戏考》,《戏考》（1000000）,01005011,回荆州,pdf_01000000__01005011___ce48065512__scene__004,4,【第六场】,59,59,62,未知,,张飞过场,过场,张飞独自上场，过场后下场，为后续剧情做简单过渡。,过渡,1,张飞,战争；过渡,过渡,无,,1,0,0,0.0,0.0,0.0,1,0,
pdf_01000000__01005011___ce48065512,回荆州,01000000,1000000,《戏考》,《戏考》（1000000）,01005011,回荆州,pdf_01000000__01005011___ce48065512__scene__005,5,【第七场】,63,63,78,江东某地,即刻,刘备一行准备启程离开江东,准备登程,刘备、孙尚香与赵云在江东准备启程回荆州，孙尚香回望江南伤感，赵云决心保护主公安全离开。,过渡,2,刘备；孙尚香；赵云,离散；忠义；归乡,过渡,无显著转折，为离开江东的过渡场景,赵云；刘备；孙尚香,14,10,0,0.625,0.0,0.625,4,0,
pdf_01000000__01005011___ce48065512,回荆州,01000000,1000000,《戏考》,《戏考》（1000000）,01005011,回荆州,pdf_01000000__01005011___ce48065512__scene__006,6,【第八场】,79,79,132,江边道路,元旦后，刘备逃离东吴途中,孙尚香斥退吴将丁奉、徐盛，赵云威慑，吴军放行,孙尚香以皇姑身份斥责并命令丁奉、徐盛退让,丁奉、徐盛奉周瑜将令追赶刘备一行，孙尚香怒斥二人，赵云亮枪示威，最终吴将放行，刘备君臣得以脱险。,冲突,4,孙尚香；丁奉；徐盛；赵云；刘备,智勇突围；亲情；忠义；权谋,对峙,孙尚香以皇姑身份和母命祭祖为由，成功压制吴将，使追兵放弃拦截,徐盛；丁奉；刘备；孙尚香；赵云,44,31,2,0.5741,0.037,0.6111,3,8,
pdf_01000000__01005011___ce48065512,回荆州,01000000,1000000,《戏考》,《戏考》（1000000）,01005011,回荆州,pdf_01000000__01005011___ce48065512__scene__007,7,【第九场】,133,133,166,行军途中,周瑜下令后,潘璋、陈武领命追赶刘备,追赶,潘璋与陈武奉周瑜将令，率兵追赶刘备，二人互相谦让后由潘璋传令，催促众将加速追赶。,发展,3,潘璋；陈武,追赶；战争；忠义,推进,无转折，为追赶行动的延续,陈武；潘璋,16,7,1,0.2059,0.0294,0.2353,2,6,
pdf_01000000__01005011___ce48065512,回荆州,01000000,1000000,《戏考》,《戏考》（1000000）,01005011,回荆州,pdf_01000000__01005011___ce48065512__scene__008,8,【第十场】,167,167,184,江边或途中,白天,孙尚香以皇姑身份喝退追兵，赵云助阵，潘璋、陈武无奈放行。,孙尚香斥责并威慑追兵,孙尚香斥退潘璋、陈武追兵，与赵云保护刘备逃回荆州，周瑜计谋失败。,高潮,4,孙尚香；潘璋；陈武；赵云,智勇；身份权威；忠义；权谋,对峙,孙尚香以身份和言辞迫使追兵退让，刘备脱险，周瑜计划受挫。,刘备；孙尚香；潘璋；陈武；潘璋、陈武；赵云,29,23,2,1.2778,0.1111,1.3889,2,2,
pdf_01000000__01005011___ce48065512,回荆州,01000000,1000000,《戏考》,《戏考》（1000000）,01005011,回荆州,pdf_01000000__01005011___ce48065512__scene__009,9,【第十一场】,185,185,270,途中,刘备、皇姑被放行后,蒋钦传达吴侯旨意，出示尚方宝剑，命令众将追赶并斩杀刘备、郡主，活捉赵云。,传令追赶,蒋钦等奉吴侯旨意追赶刘备，遇陈武等返回，得知刘备、皇姑已被放行。蒋钦出示尚方宝剑，欲先杀郡主、刘备，后活捉赵云，众将奉命追赶。,发展,4,蒋钦；陈武；潘璋；丁奉；徐盛,追杀；战争；忠义,推进,冲突升级：蒋钦带来尚方宝剑，追杀命令从追赶变为斩杀，目标明确。,甘宁；蒋钦；马忠；周泰；徐盛；马忠、周泰、甘宁、陈武、潘璋、丁奉、徐盛,43,20,1,0.2326,0.0116,0.2442,2,20,
pdf_01000000__01005011___ce48065512,回荆州,01000000,1000000,《戏考》,《戏考》（1000000）,01005011,回荆州,pdf_01000000__01005011___ce48065512__scene__010,10,【第十二场】,271,271,276,未知,未知,周瑜感叹计谋失败，羞愤退场。,感叹与退场,周瑜因计谋失败、刘备携孙尚香逃离而懊悔，感叹失去明珠，羞愤难当，率众退场。,收束,3,周瑜,失败；羞耻；权谋,收束,无转折，为前场冲突的收束。,周瑜,2,1,0,0.1667,0.0,0.1667,1,0,
pdf_01000000__01005011___ce48065512,回荆州,01000000,1000000,《戏考》,《戏考》（1000000）,01005011,回荆州,pdf_01000000__01005011___ce48065512__scene__011,11,【第十三场】,277,277,282,江边或路上,刘备回荆州途中,诸葛亮与东吴八将对峙，劝退追兵,劝退,诸葛亮以智谋应对东吴八将的追杀，劝其放弃脂粉之计，八将放箭后无奈回报都督。,收束,3,诸葛亮；蒋钦；马忠；周泰；甘宁；陈武；潘璋；丁奉；徐盛,权谋；对抗；和解,收束,诸葛亮以言辞化解直接冲突，八将放箭后撤退，未造成实质伤害,蒋钦、马忠、周泰、甘宁、陈武、潘璋、丁奉、徐盛；诸葛亮,4,4,0,0.6667,0.0,0.6667,0,0,
pdf_01000000__01005011___ce48065512,回荆州,01000000,1000000,《戏考》,《戏考》（1000000）,01005011,回荆州,pdf_01000000__01005011___ce48065512__scene__012,12,【第十四场】,283,283,288,未知,未知,众人总结脱险经历，斥责周瑜计谋。,斥责与总结,刘备脱险后，众人斥责周瑜计谋，诸葛亮、刘备、赵云、孙尚香共同表达对周瑜的愤慨与胜利的喜悦。,收束,2,刘备；孙尚香；诸葛亮；赵云,权谋；忠义；胜利,收束,无转折，为事件收束。,诸葛亮；刘备；孙尚香；赵云,7,6,0,1.0,0.0,1.0,1,0,
pdf_01000000__01005011___ce48065512,回荆州,01000000,1000000,《戏考》,《戏考》（1000000）,01005011,回荆州,pdf_01000000__01005011___ce48065512__scene__013,13,【第十五场】,289,289,296,未知地点（周瑜军营或途中）,刘备逃回荆州后不久,周瑜得知刘备已回荆州，怒而率众将再次追赶。,追赶,周瑜询问众将追赶刘备结果，得知刘备已回荆州后大怒，但因用兵之际未加责罚，随即亲自率众将再次追赶。,发展,4,周瑜；陈武；潘璋；丁奉；徐盛；蒋钦；马忠；周泰；甘宁,离散；愤怒与决策；忠义,推进,周瑜得知刘备逃脱，冲突升级，决定亲自追赶。,周泰、甘宁；周瑜；陈武、潘璋、丁奉、徐盛、蒋钦、马忠、周泰、甘宁,8,7,0,0.875,0.0,0.875,1,0,
pdf_01000000__01005011___ce48065512,回荆州,01000000,1000000,《戏考》,《戏考》（1000000）,01005011,回荆州,pdf_01000000__01005011___ce48065512__scene__014,14,【第十六场】,297,297,334,战场,交战时刻,张飞与周瑜交战并嘲讽，诸葛亮命张飞喊话羞辱周瑜，周瑜败退。,交战与嘲讽,张飞与周瑜交战，张飞不杀周瑜并嘲讽其计策失败，诸葛亮命张飞高喊‘赔了夫人又折兵’，周瑜羞愤退兵。,高潮,4,张飞；周瑜；诸葛亮,权谋；羞辱；胜利；权谋,高潮,周瑜计策彻底失败，被张飞公开羞辱，冲突达到顶点后收束。,张飞；周瑜；诸葛亮,20,14,0,0.3684,0.0,0.3684,6,0,
pdf_01000000__01005011___ce48065512,回荆州,01000000,1000000,《戏考》,《戏考》（1000000）,01005011,回荆州,pdf_01000000__01005011___ce48065512__scene__015,15,【第十七场】,335,335,337,荆州,白天,刘备一行安全抵达荆州，与诸葛亮等人会合，准备庆贺。,会合与庆贺,刘备与孙尚香返回荆州，与诸葛亮、张飞、赵云会合。诸葛亮设宴为刘备压惊，众人庆贺团圆。,收束,1,刘备；孙尚香；诸葛亮；张飞；赵云,团圆；权谋；情爱,收束,无重大转折，为事件收束。,刘备；孙尚香；诸葛亮；赵云；张飞,15,15,0,5.0,0.0,5.0,0,0,
pdf_01000000__01005012___3a15b05878,海潮珠,01000000,1000000,《戏考》,《戏考》（1000000）,01005012,海潮珠,pdf_01000000__01005012___3a15b05878__scene__000,0,序幕/前置内容,1,1,26,,,# 《海潮珠》；# （一名：《崔子弑君》；一名：《碧尘帕》）,命令,# 《海潮珠》；# （一名：《崔子弑君》；一名：《碧尘帕》）,铺垫,0,,权谋；家国；亲情；离散,引子,,,2,0,0,0.0,0.0,0.0,0,2,
pdf_01000000__01005012___3a15b05878,海潮珠,01000000,1000000,《戏考》,《戏考》（1000000）,01005012,海潮珠,pdf_01000000__01005012___3a15b05878__scene__001,1,【第一场】,27,27,30,崔府二堂及花园,白天,崔杼假病试探棠姜，发现其降香后持剑追杀,试探与追杀,崔杼回府假称得病，试探棠姜，发现其前往花园降香，疑其有私，持剑追杀。,发展,3,崔杼；棠姜；家院,猜忌；背叛；复仇,推进,崔杼从试探转为直接追杀，冲突升级,崔杼；家院；棠姜,16,14,2,3.5,0.5,4.0,0,0,
pdf_01000000__01005012___3a15b05878,海潮珠,01000000,1000000,《戏考》,《戏考》（1000000）,01005012,海潮珠,pdf_01000000__01005012___3a15b05878__scene__002,2,【第二场】,31,31,34,,,,命令,,过渡,0,,权谋；家国；亲情；离散,过渡,,,0,0,0,0.0,0.0,0.0,0,0,
pdf_01000000__01005012___3a15b05878,海潮珠,01000000,1000000,《戏考》,《戏考》（1000000）,01005012,海潮珠,pdf_01000000__01005012___3a15b05878__scene__003,3,【第三场】,35,35,40,金殿,白天,大夫奏报崔子回朝，太监挑拨，齐王决定过府探病。,奏报与挑拨,大夫上殿奏报崔子回朝，太监进谗言诬其假病，齐王听信欲问斩，大夫建议探病，太监借故告假，齐王执意摆驾。,发展,3,大夫；太监；齐王,忠义；家国；谗言惑主,推进,齐王从听信谗言到决定探病，冲突由言语转向行动。,大夫；齐王；太监,21,20,0,3.3333,0.0,3.3333,0,1,
pdf_01000000__01005012___3a15b05878,海潮珠,01000000,1000000,《戏考》,《戏考》（1000000）,01005012,海潮珠,pdf_01000000__01005012___3a15b05878__scene__004,4,【第四场】,41,41,74,崔杼府邸,白天,崔杼装病，棠姜迎送齐王，二人花园调情被崔杼发现。,调情与窥视,崔杼装病试探棠姜，棠姜借机与齐王调情，崔杼暗中窥见二人私会，愤怒斥责奸夫淫妇。,高潮,5,崔杼；棠姜；齐王,情爱；背叛；权力斗争；嫉妒,高潮,崔杼从装病试探到亲眼目睹棠姜与齐王调情，冲突升级为直接对峙。,崔杼；棠姜；齐王；大夫；太监；家院；龙套甲,64,53,5,1.5588,0.1471,1.7059,3,3,
pdf_01000000__01005012___3a15b05878,海潮珠,01000000,1000000,《戏考》,《戏考》（1000000）,01005012,海潮珠,pdf_01000000__01005012___3a15b05878__scene__005,5,【第六场】,75,75,84,未指定,未指定,崔杼杀死棠姜,追杀与杀戮,崔杼追杀棠姜，棠姜求饶，崔杼怒斥其为贱人并杀死棠姜，冲突达到高潮。,高潮,5,崔杼；棠姜,复仇；权力；背叛,高潮,崔杼决断并执行对棠姜的杀戮，冲突升级至不可逆转的结局,棠姜；崔杼,4,2,0,0.2,0.0,0.2,2,0,
pdf_01000000__01005012___3a15b05878,海潮珠,01000000,1000000,《戏考》,《戏考》（1000000）,01005012,海潮珠,pdf_01000000__01005012___3a15b05878__scene__006,6,【第七场】,85,85,119,宫外,未明确,崔杼杀太监，与大夫商议保幼主登基,杀太监、商议政变,崔杼与大夫合谋，崔杼杀太监后欲进宫杀院，大夫建议保幼主登基并承诺担当，二人达成同盟。,转折,4,崔杼；大夫,权力斗争；政变；同盟,推进,崔杼从杀太监转向决定保幼主登基，大夫承诺担当，形成同盟,太监；大夫；崔杼,17,12,0,0.3429,0.0,0.3429,5,0,
