doc_id,doc_title,collection_dir,collection_code,collection_name,collection_label,work_code,work_title_hint,theme_a,theme_b,cooccurrence_weight,evidence,derived_by
pdf_01000000__01001001___b0ac065467,空城计,01000000,1000000,《戏考》,《戏考》（1000000）,01001001,空城计,冒险,权谋,2,【第一场】,scene_cooccurrence
pdf_01000000__01001001___b0ac065467,空城计,01000000,1000000,《戏考》,《戏考》（1000000）,01001001,空城计,使命,冒险,1,【第一场】,scene_cooccurrence
pdf_01000000__01001001___b0ac065467,空城计,01000000,1000000,《戏考》,《戏考》（1000000）,01001001,空城计,使命,悲情,1,【第一场】,scene_cooccurrence
pdf_01000000__01001001___b0ac065467,空城计,01000000,1000000,《戏考》,《戏考》（1000000）,01001001,空城计,使命,权谋,1,【第一场】,scene_cooccurrence
pdf_01000000__01001001___b0ac065467,空城计,01000000,1000000,《戏考》,《戏考》（1000000）,01001001,空城计,冒险,悲情,1,【第一场】,scene_cooccurrence
pdf_01000000__01001001___b0ac065467,空城计,01000000,1000000,《戏考》,《戏考》（1000000）,01001001,空城计,冒险,疑心,1,【第四场】,scene_cooccurrence
pdf_01000000__01001001___b0ac065467,空城计,01000000,1000000,《戏考》,《戏考》（1000000）,01001001,空城计,喜剧,家国,1,序幕/前置内容,scene_cooccurrence
pdf_01000000__01001001___b0ac065467,空城计,01000000,1000000,《戏考》,《戏考》（1000000）,01001001,空城计,喜剧,战争,1,序幕/前置内容,scene_cooccurrence
pdf_01000000__01001001___b0ac065467,空城计,01000000,1000000,《戏考》,《戏考》（1000000）,01001001,空城计,喜剧,权谋,1,序幕/前置内容,scene_cooccurrence
pdf_01000000__01001001___b0ac065467,空城计,01000000,1000000,《戏考》,《戏考》（1000000）,01001001,空城计,喜剧,离散,1,序幕/前置内容,scene_cooccurrence
pdf_01000000__01001001___b0ac065467,空城计,01000000,1000000,《戏考》,《戏考》（1000000）,01001001,空城计,威慑,权谋,1,【第五场】,scene_cooccurrence
pdf_01000000__01001001___b0ac065467,空城计,01000000,1000000,《戏考》,《戏考》（1000000）,01001001,空城计,家国,战争,1,序幕/前置内容,scene_cooccurrence
pdf_01000000__01001001___b0ac065467,空城计,01000000,1000000,《戏考》,《戏考》（1000000）,01001001,空城计,家国,权谋,1,序幕/前置内容,scene_cooccurrence
pdf_01000000__01001001___b0ac065467,空城计,01000000,1000000,《戏考》,《戏考》（1000000）,01001001,空城计,家国,离散,1,序幕/前置内容,scene_cooccurrence
pdf_01000000__01001001___b0ac065467,空城计,01000000,1000000,《戏考》,《戏考》（1000000）,01001001,空城计,悔悟,权谋,1,【第六场】,scene_cooccurrence
pdf_01000000__01001001___b0ac065467,空城计,01000000,1000000,《戏考》,《戏考》（1000000）,01001001,空城计,悔悟,胆识,1,【第六场】,scene_cooccurrence
pdf_01000000__01001001___b0ac065467,空城计,01000000,1000000,《戏考》,《戏考》（1000000）,01001001,空城计,悲情,权谋,1,【第一场】,scene_cooccurrence
pdf_01000000__01001001___b0ac065467,空城计,01000000,1000000,《戏考》,《戏考》（1000000）,01001001,空城计,战争,权谋,1,序幕/前置内容,scene_cooccurrence
pdf_01000000__01001001___b0ac065467,空城计,01000000,1000000,《戏考》,《戏考》（1000000）,01001001,空城计,战争,离散,1,序幕/前置内容,scene_cooccurrence
pdf_01000000__01001001___b0ac065467,空城计,01000000,1000000,《戏考》,《戏考》（1000000）,01001001,空城计,战争,紧张氛围,1,【第二场】,scene_cooccurrence
pdf_01000000__01001001___b0ac065467,空城计,01000000,1000000,《戏考》,《戏考》（1000000）,01001001,空城计,战争,铺垫,1,【第三场】,scene_cooccurrence
pdf_01000000__01001001___b0ac065467,空城计,01000000,1000000,《戏考》,《戏考》（1000000）,01001001,空城计,权谋,疑心,1,【第四场】,scene_cooccurrence
pdf_01000000__01001001___b0ac065467,空城计,01000000,1000000,《戏考》,《戏考》（1000000）,01001001,空城计,权谋,离散,1,序幕/前置内容,scene_cooccurrence
pdf_01000000__01001001___b0ac065467,空城计,01000000,1000000,《戏考》,《戏考》（1000000）,01001001,空城计,权谋,胆识,1,【第六场】,scene_cooccurrence
pdf_01000000__01001002___575bd35247,洪羊洞,01000000,1000000,《戏考》,《戏考》（1000000）,01001002,洪羊洞,使命,忠义,3,【第四场】,scene_cooccurrence
pdf_01000000__01001002___575bd35247,洪羊洞,01000000,1000000,《戏考》,《戏考》（1000000）,01001002,洪羊洞,忠义,悲情,3,【第七场】,scene_cooccurrence
pdf_01000000__01001002___575bd35247,洪羊洞,01000000,1000000,《戏考》,《戏考》（1000000）,01001002,洪羊洞,忠义,情爱,2,【第三场】,scene_cooccurrence
pdf_01000000__01001002___575bd35247,洪羊洞,01000000,1000000,《戏考》,《戏考》（1000000）,01001002,洪羊洞,争功,忠义,1,【第三场】,scene_cooccurrence
pdf_01000000__01001002___575bd35247,洪羊洞,01000000,1000000,《戏考》,《戏考》（1000000）,01001002,洪羊洞,争功,情爱,1,【第三场】,scene_cooccurrence
pdf_01000000__01001002___575bd35247,洪羊洞,01000000,1000000,《戏考》,《戏考》（1000000）,01001002,洪羊洞,亲情,家国,1,【第五场】,scene_cooccurrence
pdf_01000000__01001002___575bd35247,洪羊洞,01000000,1000000,《戏考》,《戏考》（1000000）,01001002,洪羊洞,亲情,情爱,1,【第五场】,scene_cooccurrence
pdf_01000000__01001002___575bd35247,洪羊洞,01000000,1000000,《戏考》,《戏考》（1000000）,01001002,洪羊洞,使命,悲情,1,【第十场】,scene_cooccurrence
pdf_01000000__01001002___575bd35247,洪羊洞,01000000,1000000,《戏考》,《戏考》（1000000）,01001002,洪羊洞,使命,身份认同,1,【第六场】,scene_cooccurrence
pdf_01000000__01001002___575bd35247,洪羊洞,01000000,1000000,《戏考》,《戏考》（1000000）,01001002,洪羊洞,宫廷,权力,1,【第九场】,scene_cooccurrence
pdf_01000000__01001002___575bd35247,洪羊洞,01000000,1000000,《戏考》,《戏考》（1000000）,01001002,洪羊洞,家国,情爱,1,【第五场】,scene_cooccurrence
pdf_01000000__01001002___575bd35247,洪羊洞,01000000,1000000,《戏考》,《戏考》（1000000）,01001002,洪羊洞,幽冥,忠义,1,【第一场】,scene_cooccurrence
pdf_01000000__01001002___575bd35247,洪羊洞,01000000,1000000,《戏考》,《戏考》（1000000）,01001002,洪羊洞,忠义,战争,1,序幕/前置内容,scene_cooccurrence
pdf_01000000__01001002___575bd35247,洪羊洞,01000000,1000000,《戏考》,《戏考》（1000000）,01001002,洪羊洞,忠义,托梦,1,【第二场】,scene_cooccurrence
pdf_01000000__01001002___575bd35247,洪羊洞,01000000,1000000,《戏考》,《戏考》（1000000）,01001002,洪羊洞,忠义,牺牲,1,【第八场】,scene_cooccurrence
pdf_01000000__01001002___575bd35247,洪羊洞,01000000,1000000,《戏考》,《戏考》（1000000）,01001002,洪羊洞,忠义,盗骨,1,【第二场】,scene_cooccurrence
pdf_01000000__01001002___575bd35247,洪羊洞,01000000,1000000,《戏考》,《戏考》（1000000）,01001002,洪羊洞,忠义,离散,1,序幕/前置内容,scene_cooccurrence
pdf_01000000__01001002___575bd35247,洪羊洞,01000000,1000000,《戏考》,《戏考》（1000000）,01001002,洪羊洞,忠义,羞愧,1,【第七场】,scene_cooccurrence
pdf_01000000__01001002___575bd35247,洪羊洞,01000000,1000000,《戏考》,《戏考》（1000000）,01001002,洪羊洞,忠义,身份认同,1,【第六场】,scene_cooccurrence
pdf_01000000__01001002___575bd35247,洪羊洞,01000000,1000000,《戏考》,《戏考》（1000000）,01001002,洪羊洞,悲情,牺牲,1,【第八场】,scene_cooccurrence
pdf_01000000__01001002___575bd35247,洪羊洞,01000000,1000000,《戏考》,《戏考》（1000000）,01001002,洪羊洞,悲情,羞愧,1,【第七场】,scene_cooccurrence
pdf_01000000__01001002___575bd35247,洪羊洞,01000000,1000000,《戏考》,《戏考》（1000000）,01001002,洪羊洞,情爱,战争,1,序幕/前置内容,scene_cooccurrence
pdf_01000000__01001002___575bd35247,洪羊洞,01000000,1000000,《戏考》,《戏考》（1000000）,01001002,洪羊洞,情爱,离散,1,序幕/前置内容,scene_cooccurrence
pdf_01000000__01001002___575bd35247,洪羊洞,01000000,1000000,《戏考》,《戏考》（1000000）,01001002,洪羊洞,战争,离散,1,序幕/前置内容,scene_cooccurrence
pdf_01000000__01001002___575bd35247,洪羊洞,01000000,1000000,《戏考》,《戏考》（1000000）,01001002,洪羊洞,托梦,盗骨,1,【第二场】,scene_cooccurrence
pdf_01000000__01001003___c7b0d12542,三娘教子,01000000,1000000,《戏考》,《戏考》（1000000）,01001003,三娘教子,亲情,公案,1,序幕/前置内容,scene_cooccurrence
pdf_01000000__01001003___c7b0d12542,三娘教子,01000000,1000000,《戏考》,《戏考》（1000000）,01001003,三娘教子,亲情,喜剧,1,序幕/前置内容,scene_cooccurrence
pdf_01000000__01001003___c7b0d12542,三娘教子,01000000,1000000,《戏考》,《戏考》（1000000）,01001003,三娘教子,亲情,家国,1,序幕/前置内容,scene_cooccurrence
pdf_01000000__01001003___c7b0d12542,三娘教子,01000000,1000000,《戏考》,《戏考》（1000000）,01001003,三娘教子,亲情,忠义,1,序幕/前置内容,scene_cooccurrence
pdf_01000000__01001003___c7b0d12542,三娘教子,01000000,1000000,《戏考》,《戏考》（1000000）,01001003,三娘教子,亲情,情爱,1,序幕/前置内容,scene_cooccurrence
pdf_01000000__01001003___c7b0d12542,三娘教子,01000000,1000000,《戏考》,《戏考》（1000000）,01001003,三娘教子,亲情,战争,1,序幕/前置内容,scene_cooccurrence
pdf_01000000__01001003___c7b0d12542,三娘教子,01000000,1000000,《戏考》,《戏考》（1000000）,01001003,三娘教子,亲情,权谋,1,序幕/前置内容,scene_cooccurrence
pdf_01000000__01001003___c7b0d12542,三娘教子,01000000,1000000,《戏考》,《戏考》（1000000）,01001003,三娘教子,亲情,离散,1,序幕/前置内容,scene_cooccurrence
pdf_01000000__01001003___c7b0d12542,三娘教子,01000000,1000000,《戏考》,《戏考》（1000000）,01001003,三娘教子,公案,喜剧,1,序幕/前置内容,scene_cooccurrence
pdf_01000000__01001003___c7b0d12542,三娘教子,01000000,1000000,《戏考》,《戏考》（1000000）,01001003,三娘教子,公案,家国,1,序幕/前置内容,scene_cooccurrence
pdf_01000000__01001003___c7b0d12542,三娘教子,01000000,1000000,《戏考》,《戏考》（1000000）,01001003,三娘教子,公案,忠义,1,序幕/前置内容,scene_cooccurrence
pdf_01000000__01001003___c7b0d12542,三娘教子,01000000,1000000,《戏考》,《戏考》（1000000）,01001003,三娘教子,公案,情爱,1,序幕/前置内容,scene_cooccurrence
pdf_01000000__01001003___c7b0d12542,三娘教子,01000000,1000000,《戏考》,《戏考》（1000000）,01001003,三娘教子,公案,战争,1,序幕/前置内容,scene_cooccurrence
pdf_01000000__01001003___c7b0d12542,三娘教子,01000000,1000000,《戏考》,《戏考》（1000000）,01001003,三娘教子,公案,权谋,1,序幕/前置内容,scene_cooccurrence
pdf_01000000__01001003___c7b0d12542,三娘教子,01000000,1000000,《戏考》,《戏考》（1000000）,01001003,三娘教子,公案,离散,1,序幕/前置内容,scene_cooccurrence
pdf_01000000__01001003___c7b0d12542,三娘教子,01000000,1000000,《戏考》,《戏考》（1000000）,01001003,三娘教子,喜剧,家国,1,序幕/前置内容,scene_cooccurrence
pdf_01000000__01001003___c7b0d12542,三娘教子,01000000,1000000,《戏考》,《戏考》（1000000）,01001003,三娘教子,喜剧,忠义,1,序幕/前置内容,scene_cooccurrence
pdf_01000000__01001003___c7b0d12542,三娘教子,01000000,1000000,《戏考》,《戏考》（1000000）,01001003,三娘教子,喜剧,情爱,1,序幕/前置内容,scene_cooccurrence
pdf_01000000__01001003___c7b0d12542,三娘教子,01000000,1000000,《戏考》,《戏考》（1000000）,01001003,三娘教子,喜剧,战争,1,序幕/前置内容,scene_cooccurrence
pdf_01000000__01001003___c7b0d12542,三娘教子,01000000,1000000,《戏考》,《戏考》（1000000）,01001003,三娘教子,喜剧,权谋,1,序幕/前置内容,scene_cooccurrence
pdf_01000000__01001003___c7b0d12542,三娘教子,01000000,1000000,《戏考》,《戏考》（1000000）,01001003,三娘教子,喜剧,离散,1,序幕/前置内容,scene_cooccurrence
pdf_01000000__01001003___c7b0d12542,三娘教子,01000000,1000000,《戏考》,《戏考》（1000000）,01001003,三娘教子,家国,忠义,1,序幕/前置内容,scene_cooccurrence
pdf_01000000__01001003___c7b0d12542,三娘教子,01000000,1000000,《戏考》,《戏考》（1000000）,01001003,三娘教子,家国,情爱,1,序幕/前置内容,scene_cooccurrence
pdf_01000000__01001003___c7b0d12542,三娘教子,01000000,1000000,《戏考》,《戏考》（1000000）,01001003,三娘教子,家国,战争,1,序幕/前置内容,scene_cooccurrence
pdf_01000000__01001003___c7b0d12542,三娘教子,01000000,1000000,《戏考》,《戏考》（1000000）,01001003,三娘教子,家国,权谋,1,序幕/前置内容,scene_cooccurrence
pdf_01000000__01001003___c7b0d12542,三娘教子,01000000,1000000,《戏考》,《戏考》（1000000）,01001003,三娘教子,家国,离散,1,序幕/前置内容,scene_cooccurrence
pdf_01000000__01001003___c7b0d12542,三娘教子,01000000,1000000,《戏考》,《戏考》（1000000）,01001003,三娘教子,忠义,情爱,1,序幕/前置内容,scene_cooccurrence
pdf_01000000__01001003___c7b0d12542,三娘教子,01000000,1000000,《戏考》,《戏考》（1000000）,01001003,三娘教子,忠义,战争,1,序幕/前置内容,scene_cooccurrence
pdf_01000000__01001003___c7b0d12542,三娘教子,01000000,1000000,《戏考》,《戏考》（1000000）,01001003,三娘教子,忠义,权谋,1,序幕/前置内容,scene_cooccurrence
pdf_01000000__01001003___c7b0d12542,三娘教子,01000000,1000000,《戏考》,《戏考》（1000000）,01001003,三娘教子,忠义,离散,1,序幕/前置内容,scene_cooccurrence
pdf_01000000__01001003___c7b0d12542,三娘教子,01000000,1000000,《戏考》,《戏考》（1000000）,01001003,三娘教子,情爱,战争,1,序幕/前置内容,scene_cooccurrence
pdf_01000000__01001003___c7b0d12542,三娘教子,01000000,1000000,《戏考》,《戏考》（1000000）,01001003,三娘教子,情爱,权谋,1,序幕/前置内容,scene_cooccurrence
pdf_01000000__01001003___c7b0d12542,三娘教子,01000000,1000000,《戏考》,《戏考》（1000000）,01001003,三娘教子,情爱,离散,1,序幕/前置内容,scene_cooccurrence
pdf_01000000__01001003___c7b0d12542,三娘教子,01000000,1000000,《戏考》,《戏考》（1000000）,01001003,三娘教子,战争,权谋,1,序幕/前置内容,scene_cooccurrence
pdf_01000000__01001003___c7b0d12542,三娘教子,01000000,1000000,《戏考》,《戏考》（1000000）,01001003,三娘教子,战争,离散,1,序幕/前置内容,scene_cooccurrence
pdf_01000000__01001003___c7b0d12542,三娘教子,01000000,1000000,《戏考》,《戏考》（1000000）,01001003,三娘教子,权谋,离散,1,序幕/前置内容,scene_cooccurrence
pdf_01000000__01001004___c0c4e6569b,乌盆计,01000000,1000000,《戏考》,《戏考》（1000000）,01001004,乌盆计【后本】,公案,因果报应,2,【第一场】,scene_cooccurrence
pdf_01000000__01001004___c0c4e6569b,乌盆计,01000000,1000000,《戏考》,《戏考》（1000000）,01001004,乌盆计【后本】,亲情,公案,1,序幕/前置内容,scene_cooccurrence
pdf_01000000__01001004___c0c4e6569b,乌盆计,01000000,1000000,《戏考》,《戏考》（1000000）,01001004,乌盆计【后本】,亲情,权谋,1,序幕/前置内容,scene_cooccurrence
pdf_01000000__01001004___c0c4e6569b,乌盆计,01000000,1000000,《戏考》,《戏考》（1000000）,01001004,乌盆计【后本】,亲情,离散,1,序幕/前置内容,scene_cooccurrence
pdf_01000000__01001004___c0c4e6569b,乌盆计,01000000,1000000,《戏考》,《戏考》（1000000）,01001004,乌盆计【后本】,公案,幽冥,1,【第二场】,scene_cooccurrence
pdf_01000000__01001004___c0c4e6569b,乌盆计,01000000,1000000,《戏考》,《戏考》（1000000）,01001004,乌盆计【后本】,公案,权谋,1,序幕/前置内容,scene_cooccurrence
pdf_01000000__01001004___c0c4e6569b,乌盆计,01000000,1000000,《戏考》,《戏考》（1000000）,01001004,乌盆计【后本】,公案,求助,1,【第一场】,scene_cooccurrence
pdf_01000000__01001004___c0c4e6569b,乌盆计,01000000,1000000,《戏考》,《戏考》（1000000）,01001004,乌盆计【后本】,公案,离散,1,序幕/前置内容,scene_cooccurrence
pdf_01000000__01001004___c0c4e6569b,乌盆计,01000000,1000000,《戏考》,《戏考》（1000000）,01001004,乌盆计【后本】,公案,贫富对比,1,【第一场】,scene_cooccurrence
pdf_01000000__01001004___c0c4e6569b,乌盆计,01000000,1000000,《戏考》,《戏考》（1000000）,01001004,乌盆计【后本】,因果报应,幽冥,1,【第二场】,scene_cooccurrence
pdf_01000000__01001004___c0c4e6569b,乌盆计,01000000,1000000,《戏考》,《戏考》（1000000）,01001004,乌盆计【后本】,因果报应,求助,1,【第一场】,scene_cooccurrence
pdf_01000000__01001004___c0c4e6569b,乌盆计,01000000,1000000,《戏考》,《戏考》（1000000）,01001004,乌盆计【后本】,因果报应,贫富对比,1,【第一场】,scene_cooccurrence
pdf_01000000__01001004___c0c4e6569b,乌盆计,01000000,1000000,《戏考》,《戏考》（1000000）,01001004,乌盆计【后本】,权谋,离散,1,序幕/前置内容,scene_cooccurrence
pdf_01000000__01001004___c0c4e6569b,乌盆计,01000000,1000000,《戏考》,《戏考》（1000000）,01001004,乌盆计【后本】,求助,贫富对比,1,【第一场】,scene_cooccurrence
pdf_01000000__01001005___9cd2b8992a,打鼓骂曹,01000000,1000000,《戏考》,《戏考》（1000000）,01001005,打鼓骂曹,士人尊严,忠义,1,【第四场】,scene_cooccurrence
pdf_01000000__01001005___9cd2b8992a,打鼓骂曹,01000000,1000000,《戏考》,《戏考》（1000000）,01001005,打鼓骂曹,士人尊严,智勇抗争,1,【第四场】,scene_cooccurrence
pdf_01000000__01001005___9cd2b8992a,打鼓骂曹,01000000,1000000,《戏考》,《戏考》（1000000）,01001005,打鼓骂曹,士人尊严,权力压制,1,【第四场】,scene_cooccurrence
pdf_01000000__01001005___9cd2b8992a,打鼓骂曹,01000000,1000000,《戏考》,《戏考》（1000000）,01001005,打鼓骂曹,忠义,智勇抗争,1,【第四场】,scene_cooccurrence
pdf_01000000__01001005___9cd2b8992a,打鼓骂曹,01000000,1000000,《戏考》,《戏考》（1000000）,01001005,打鼓骂曹,忠义,权力压制,1,【第四场】,scene_cooccurrence
pdf_01000000__01001005___9cd2b8992a,打鼓骂曹,01000000,1000000,《戏考》,《戏考》（1000000）,01001005,打鼓骂曹,忠义,权谋,1,【第二场】,scene_cooccurrence
pdf_01000000__01001005___9cd2b8992a,打鼓骂曹,01000000,1000000,《戏考》,《戏考》（1000000）,01001005,打鼓骂曹,忠义,羞辱与反抗,1,【第二场】,scene_cooccurrence
pdf_01000000__01001005___9cd2b8992a,打鼓骂曹,01000000,1000000,《戏考》,《戏考》（1000000）,01001005,打鼓骂曹,怀才不遇,愤世嫉俗,1,【第一场】,scene_cooccurrence
pdf_01000000__01001005___9cd2b8992a,打鼓骂曹,01000000,1000000,《戏考》,《戏考》（1000000）,01001005,打鼓骂曹,智勇抗争,权力压制,1,【第四场】,scene_cooccurrence
pdf_01000000__01001005___9cd2b8992a,打鼓骂曹,01000000,1000000,《戏考》,《戏考》（1000000）,01001005,打鼓骂曹,权谋,羞辱与反抗,1,【第二场】,scene_cooccurrence
pdf_01000000__01001006___06011d42c6,捉放曹,01000000,1000000,《戏考》,《戏考》（1000000）,01001006,捉放曹,忠义,权谋,2,【第一场】,scene_cooccurrence
pdf_01000000__01001006___06011d42c6,捉放曹,01000000,1000000,《戏考》,《戏考》（1000000）,01001006,捉放曹,亲情,公案,1,序幕/前置内容,scene_cooccurrence
pdf_01000000__01001006___06011d42c6,捉放曹,01000000,1000000,《戏考》,《戏考》（1000000）,01001006,捉放曹,亲情,家国,1,序幕/前置内容,scene_cooccurrence
pdf_01000000__01001006___06011d42c6,捉放曹,01000000,1000000,《戏考》,《戏考》（1000000）,01001006,捉放曹,亲情,权谋,1,序幕/前置内容,scene_cooccurrence
pdf_01000000__01001006___06011d42c6,捉放曹,01000000,1000000,《戏考》,《戏考》（1000000）,01001006,捉放曹,亲情,离散,1,序幕/前置内容,scene_cooccurrence
pdf_01000000__01001006___06011d42c6,捉放曹,01000000,1000000,《戏考》,《戏考》（1000000）,01001006,捉放曹,公案,家国,1,序幕/前置内容,scene_cooccurrence
pdf_01000000__01001006___06011d42c6,捉放曹,01000000,1000000,《戏考》,《戏考》（1000000）,01001006,捉放曹,公案,权谋,1,序幕/前置内容,scene_cooccurrence
pdf_01000000__01001006___06011d42c6,捉放曹,01000000,1000000,《戏考》,《戏考》（1000000）,01001006,捉放曹,公案,离散,1,序幕/前置内容,scene_cooccurrence
pdf_01000000__01001006___06011d42c6,捉放曹,01000000,1000000,《戏考》,《戏考》（1000000）,01001006,捉放曹,家国,权谋,1,序幕/前置内容,scene_cooccurrence
pdf_01000000__01001006___06011d42c6,捉放曹,01000000,1000000,《戏考》,《戏考》（1000000）,01001006,捉放曹,家国,离散,1,序幕/前置内容,scene_cooccurrence
pdf_01000000__01001006___06011d42c6,捉放曹,01000000,1000000,《戏考》,《戏考》（1000000）,01001006,捉放曹,忠义,悲情,1,【第二场】,scene_cooccurrence
pdf_01000000__01001006___06011d42c6,捉放曹,01000000,1000000,《戏考》,《戏考》（1000000）,01001006,捉放曹,忠义,权力与道德,1,【第三场】,scene_cooccurrence
pdf_01000000__01001006___06011d42c6,捉放曹,01000000,1000000,《戏考》,《戏考》（1000000）,01001006,捉放曹,忠义,猜疑,1,【第二场】,scene_cooccurrence
pdf_01000000__01001006___06011d42c6,捉放曹,01000000,1000000,《戏考》,《戏考》（1000000）,01001006,捉放曹,忠义,疑心与误杀,1,【第三场】,scene_cooccurrence
pdf_01000000__01001006___06011d42c6,捉放曹,01000000,1000000,《戏考》,《戏考》（1000000）,01001006,捉放曹,忠义,英雄相惜,1,【第一场】,scene_cooccurrence
pdf_01000000__01001006___06011d42c6,捉放曹,01000000,1000000,《戏考》,《戏考》（1000000）,01001006,捉放曹,悲情,权谋,1,【第二场】,scene_cooccurrence
pdf_01000000__01001006___06011d42c6,捉放曹,01000000,1000000,《戏考》,《戏考》（1000000）,01001006,捉放曹,悲情,猜疑,1,【第二场】,scene_cooccurrence
pdf_01000000__01001006___06011d42c6,捉放曹,01000000,1000000,《戏考》,《戏考》（1000000）,01001006,捉放曹,权力与道德,疑心与误杀,1,【第三场】,scene_cooccurrence
pdf_01000000__01001006___06011d42c6,捉放曹,01000000,1000000,《戏考》,《戏考》（1000000）,01001006,捉放曹,权谋,猜疑,1,【第二场】,scene_cooccurrence
pdf_01000000__01001006___06011d42c6,捉放曹,01000000,1000000,《戏考》,《戏考》（1000000）,01001006,捉放曹,权谋,离散,1,序幕/前置内容,scene_cooccurrence
pdf_01000000__01001006___06011d42c6,捉放曹,01000000,1000000,《戏考》,《戏考》（1000000）,01001006,捉放曹,权谋,英雄相惜,1,【第一场】,scene_cooccurrence
pdf_01000000__01001007___1b262d262b,桑园寄子,01000000,1000000,《戏考》,《戏考》（1000000）,01001007,桑园寄子,亲情,战争,2,【第四场】,scene_cooccurrence
pdf_01000000__01001007___1b262d262b,桑园寄子,01000000,1000000,《戏考》,《戏考》（1000000）,01001007,桑园寄子,亲情,离散,2,【第五场】,scene_cooccurrence
pdf_01000000__01001007___1b262d262b,桑园寄子,01000000,1000000,《戏考》,《戏考》（1000000）,01001007,桑园寄子,亲情,家国,1,序幕/前置内容,scene_cooccurrence
pdf_01000000__01001007___1b262d262b,桑园寄子,01000000,1000000,《戏考》,《戏考》（1000000）,01001007,桑园寄子,亲情,忠义,1,【第五场】,scene_cooccurrence
pdf_01000000__01001007___1b262d262b,桑园寄子,01000000,1000000,《戏考》,《戏考》（1000000）,01001007,桑园寄子,亲情,悲情,1,【第四场】,scene_cooccurrence
pdf_01000000__01001007___1b262d262b,桑园寄子,01000000,1000000,《戏考》,《戏考》（1000000）,01001007,桑园寄子,亲情,情爱,1,序幕/前置内容,scene_cooccurrence
pdf_01000000__01001007___1b262d262b,桑园寄子,01000000,1000000,《戏考》,《戏考》（1000000）,01001007,桑园寄子,亲情,权谋,1,序幕/前置内容,scene_cooccurrence
pdf_01000000__01001007___1b262d262b,桑园寄子,01000000,1000000,《戏考》,《戏考》（1000000）,01001007,桑园寄子,亲情,舍己为人,1,【第五场】,scene_cooccurrence
pdf_01000000__01001007___1b262d262b,桑园寄子,01000000,1000000,《戏考》,《戏考》（1000000）,01001007,桑园寄子,亲情,苦难,1,【第四场】,scene_cooccurrence
pdf_01000000__01001007___1b262d262b,桑园寄子,01000000,1000000,《戏考》,《戏考》（1000000）,01001007,桑园寄子,使命,忠义,1,【第二场】,scene_cooccurrence
pdf_01000000__01001007___1b262d262b,桑园寄子,01000000,1000000,《戏考》,《戏考》（1000000）,01001007,桑园寄子,使命,战争,1,【第二场】,scene_cooccurrence
pdf_01000000__01001007___1b262d262b,桑园寄子,01000000,1000000,《戏考》,《戏考》（1000000）,01001007,桑园寄子,侵略,战争,1,【第三场】,scene_cooccurrence
pdf_01000000__01001007___1b262d262b,桑园寄子,01000000,1000000,《戏考》,《戏考》（1000000）,01001007,桑园寄子,家国,情爱,1,序幕/前置内容,scene_cooccurrence
pdf_01000000__01001007___1b262d262b,桑园寄子,01000000,1000000,《戏考》,《戏考》（1000000）,01001007,桑园寄子,家国,战争,1,序幕/前置内容,scene_cooccurrence
pdf_01000000__01001007___1b262d262b,桑园寄子,01000000,1000000,《戏考》,《戏考》（1000000）,01001007,桑园寄子,家国,权谋,1,序幕/前置内容,scene_cooccurrence
pdf_01000000__01001007___1b262d262b,桑园寄子,01000000,1000000,《戏考》,《戏考》（1000000）,01001007,桑园寄子,家国,离散,1,序幕/前置内容,scene_cooccurrence
pdf_01000000__01001007___1b262d262b,桑园寄子,01000000,1000000,《戏考》,《戏考》（1000000）,01001007,桑园寄子,忠义,战争,1,【第二场】,scene_cooccurrence
pdf_01000000__01001007___1b262d262b,桑园寄子,01000000,1000000,《戏考》,《戏考》（1000000）,01001007,桑园寄子,忠义,离散,1,【第五场】,scene_cooccurrence
pdf_01000000__01001007___1b262d262b,桑园寄子,01000000,1000000,《戏考》,《戏考》（1000000）,01001007,桑园寄子,忠义,舍己为人,1,【第五场】,scene_cooccurrence
pdf_01000000__01001007___1b262d262b,桑园寄子,01000000,1000000,《戏考》,《戏考》（1000000）,01001007,桑园寄子,悲情,情爱,1,【第一场】,scene_cooccurrence
pdf_01000000__01001007___1b262d262b,桑园寄子,01000000,1000000,《戏考》,《戏考》（1000000）,01001007,桑园寄子,悲情,战争,1,【第四场】,scene_cooccurrence
pdf_01000000__01001007___1b262d262b,桑园寄子,01000000,1000000,《戏考》,《戏考》（1000000）,01001007,桑园寄子,悲情,苦难,1,【第四场】,scene_cooccurrence
pdf_01000000__01001007___1b262d262b,桑园寄子,01000000,1000000,《戏考》,《戏考》（1000000）,01001007,桑园寄子,情爱,战争,1,序幕/前置内容,scene_cooccurrence
pdf_01000000__01001007___1b262d262b,桑园寄子,01000000,1000000,《戏考》,《戏考》（1000000）,01001007,桑园寄子,情爱,权谋,1,序幕/前置内容,scene_cooccurrence
pdf_01000000__01001007___1b262d262b,桑园寄子,01000000,1000000,《戏考》,《戏考》（1000000）,01001007,桑园寄子,情爱,离散,1,序幕/前置内容,scene_cooccurrence
pdf_01000000__01001007___1b262d262b,桑园寄子,01000000,1000000,《戏考》,《戏考》（1000000）,01001007,桑园寄子,战争,权谋,1,序幕/前置内容,scene_cooccurrence
pdf_01000000__01001007___1b262d262b,桑园寄子,01000000,1000000,《戏考》,《戏考》（1000000）,01001007,桑园寄子,战争,离散,1,序幕/前置内容,scene_cooccurrence
pdf_01000000__01001007___1b262d262b,桑园寄子,01000000,1000000,《戏考》,《戏考》（1000000）,01001007,桑园寄子,战争,苦难,1,【第四场】,scene_cooccurrence
pdf_01000000__01001007___1b262d262b,桑园寄子,01000000,1000000,《戏考》,《戏考》（1000000）,01001007,桑园寄子,权谋,离散,1,序幕/前置内容,scene_cooccurrence
pdf_01000000__01001007___1b262d262b,桑园寄子,01000000,1000000,《戏考》,《戏考》（1000000）,01001007,桑园寄子,离散,舍己为人,1,【第五场】,scene_cooccurrence
pdf_01000000__01001008___4e2bf00560,取成都,01000000,1000000,《戏考》,《戏考》（1000000）,01001008,取成都,亲情,情爱,2,序幕/前置内容,scene_cooccurrence
pdf_01000000__01001008___4e2bf00560,取成都,01000000,1000000,《戏考》,《戏考》（1000000）,01001008,取成都,亲情,战争,2,序幕/前置内容,scene_cooccurrence
pdf_01000000__01001008___4e2bf00560,取成都,01000000,1000000,《戏考》,《戏考》（1000000）,01001008,取成都,情爱,战争,2,序幕/前置内容,scene_cooccurrence
pdf_01000000__01001008___4e2bf00560,取成都,01000000,1000000,《戏考》,《戏考》（1000000）,01001008,取成都,亲情,权谋,1,【第四场】,scene_cooccurrence
pdf_01000000__01001008___4e2bf00560,取成都,01000000,1000000,《戏考》,《戏考》（1000000）,01001008,取成都,亲情,虚伪和睦,1,【第四场】,scene_cooccurrence
pdf_01000000__01001008___4e2bf00560,取成都,01000000,1000000,《戏考》,《戏考》（1000000）,01001008,取成都,仁政与暴虐,忠义,1,【第三场】,scene_cooccurrence
pdf_01000000__01001008___4e2bf00560,取成都,01000000,1000000,《戏考》,《戏考》（1000000）,01001008,取成都,仁政与暴虐,权力与牺牲,1,【第三场】,scene_cooccurrence
pdf_01000000__01001008___4e2bf00560,取成都,01000000,1000000,《戏考》,《戏考》（1000000）,01001008,取成都,同宗相残,忠义,1,【第五场】,scene_cooccurrence
pdf_01000000__01001008___4e2bf00560,取成都,01000000,1000000,《戏考》,《戏考》（1000000）,01001008,取成都,同宗相残,权力争夺,1,【第五场】,scene_cooccurrence
pdf_01000000__01001008___4e2bf00560,取成都,01000000,1000000,《戏考》,《戏考》（1000000）,01001008,取成都,同宗相残,被迫屈服,1,【第五场】,scene_cooccurrence
pdf_01000000__01001008___4e2bf00560,取成都,01000000,1000000,《戏考》,《戏考》（1000000）,01001008,取成都,忠义,战争,1,【第一场】,scene_cooccurrence
pdf_01000000__01001008___4e2bf00560,取成都,01000000,1000000,《戏考》,《戏考》（1000000）,01001008,取成都,忠义,投降与抵抗,1,【第一场】,scene_cooccurrence
pdf_01000000__01001008___4e2bf00560,取成都,01000000,1000000,《戏考》,《戏考》（1000000）,01001008,取成都,忠义,权力与牺牲,1,【第三场】,scene_cooccurrence
pdf_01000000__01001008___4e2bf00560,取成都,01000000,1000000,《戏考》,《戏考》（1000000）,01001008,取成都,忠义,权力争夺,1,【第五场】,scene_cooccurrence
pdf_01000000__01001008___4e2bf00560,取成都,01000000,1000000,《戏考》,《戏考》（1000000）,01001008,取成都,忠义,被迫屈服,1,【第五场】,scene_cooccurrence
pdf_01000000__01001008___4e2bf00560,取成都,01000000,1000000,《戏考》,《戏考》（1000000）,01001008,取成都,战争,投降与抵抗,1,【第一场】,scene_cooccurrence
pdf_01000000__01001008___4e2bf00560,取成都,01000000,1000000,《戏考》,《戏考》（1000000）,01001008,取成都,权力争夺,被迫屈服,1,【第五场】,scene_cooccurrence
pdf_01000000__01001008___4e2bf00560,取成都,01000000,1000000,《戏考》,《戏考》（1000000）,01001008,取成都,权谋,虚伪和睦,1,【第四场】,scene_cooccurrence
pdf_01000000__01001009___abd1be1808,硃砂痣,01000000,1000000,《戏考》,《戏考》（1000000）,01001009,硃砂痣,亲情,情爱,2,【第六场】,scene_cooccurrence
pdf_01000000__01001009___abd1be1808,硃砂痣,01000000,1000000,《戏考》,《戏考》（1000000）,01001009,硃砂痣,情爱,离散,2,【第五场】,scene_cooccurrence
pdf_01000000__01001009___abd1be1808,硃砂痣,01000000,1000000,《戏考》,《戏考》（1000000）,01001009,硃砂痣,买卖,情爱,1,【第五场】,scene_cooccurrence
pdf_01000000__01001009___abd1be1808,硃砂痣,01000000,1000000,《戏考》,《戏考》（1000000）,01001009,硃砂痣,买卖,收养,1,【第五场】,scene_cooccurrence
pdf_01000000__01001009___abd1be1808,硃砂痣,01000000,1000000,《戏考》,《戏考》（1000000）,01001009,硃砂痣,买卖,离散,1,【第五场】,scene_cooccurrence
pdf_01000000__01001009___abd1be1808,硃砂痣,01000000,1000000,《戏考》,《戏考》（1000000）,01001009,硃砂痣,亲情,善行,1,【第二场】,scene_cooccurrence
pdf_01000000__01001009___abd1be1808,硃砂痣,01000000,1000000,《戏考》,《戏考》（1000000）,01001009,硃砂痣,亲情,因果报应,1,【第六场】,scene_cooccurrence
pdf_01000000__01001009___abd1be1808,硃砂痣,01000000,1000000,《戏考》,《戏考》（1000000）,01001009,硃砂痣,亲情,家国,1,序幕/前置内容,scene_cooccurrence
pdf_01000000__01001009___abd1be1808,硃砂痣,01000000,1000000,《戏考》,《戏考》（1000000）,01001009,硃砂痣,亲情,忠义,1,【第二场】,scene_cooccurrence
pdf_01000000__01001009___abd1be1808,硃砂痣,01000000,1000000,《戏考》,《戏考》（1000000）,01001009,硃砂痣,亲情,战争,1,序幕/前置内容,scene_cooccurrence
pdf_01000000__01001009___abd1be1808,硃砂痣,01000000,1000000,《戏考》,《戏考》（1000000）,01001009,硃砂痣,亲情,离散,1,序幕/前置内容,scene_cooccurrence
pdf_01000000__01001009___abd1be1808,硃砂痣,01000000,1000000,《戏考》,《戏考》（1000000）,01001009,硃砂痣,亲情,贫寒,1,【第四场】,scene_cooccurrence
pdf_01000000__01001009___abd1be1808,硃砂痣,01000000,1000000,《戏考》,《戏考》（1000000）,01001009,硃砂痣,亲情,身世,1,【第四场】,scene_cooccurrence
pdf_01000000__01001009___abd1be1808,硃砂痣,01000000,1000000,《戏考》,《戏考》（1000000）,01001009,硃砂痣,善行,子嗣,1,【第三场】,scene_cooccurrence
pdf_01000000__01001009___abd1be1808,硃砂痣,01000000,1000000,《戏考》,《戏考》（1000000）,01001009,硃砂痣,善行,忠义,1,【第二场】,scene_cooccurrence
pdf_01000000__01001009___abd1be1808,硃砂痣,01000000,1000000,《戏考》,《戏考》（1000000）,01001009,硃砂痣,善行,报恩,1,【第三场】,scene_cooccurrence
pdf_01000000__01001009___abd1be1808,硃砂痣,01000000,1000000,《戏考》,《戏考》（1000000）,01001009,硃砂痣,因果报应,情爱,1,【第六场】,scene_cooccurrence
pdf_01000000__01001009___abd1be1808,硃砂痣,01000000,1000000,《戏考》,《戏考》（1000000）,01001009,硃砂痣,子嗣,报恩,1,【第三场】,scene_cooccurrence
pdf_01000000__01001009___abd1be1808,硃砂痣,01000000,1000000,《戏考》,《戏考》（1000000）,01001009,硃砂痣,家国,情爱,1,序幕/前置内容,scene_cooccurrence
pdf_01000000__01001009___abd1be1808,硃砂痣,01000000,1000000,《戏考》,《戏考》（1000000）,01001009,硃砂痣,家国,战争,1,序幕/前置内容,scene_cooccurrence
pdf_01000000__01001009___abd1be1808,硃砂痣,01000000,1000000,《戏考》,《戏考》（1000000）,01001009,硃砂痣,家国,离散,1,序幕/前置内容,scene_cooccurrence
pdf_01000000__01001009___abd1be1808,硃砂痣,01000000,1000000,《戏考》,《戏考》（1000000）,01001009,硃砂痣,忠义,情爱,1,【第一场】,scene_cooccurrence
pdf_01000000__01001009___abd1be1808,硃砂痣,01000000,1000000,《戏考》,《戏考》（1000000）,01001009,硃砂痣,忠义,道德抉择,1,【第一场】,scene_cooccurrence
pdf_01000000__01001009___abd1be1808,硃砂痣,01000000,1000000,《戏考》,《戏考》（1000000）,01001009,硃砂痣,情爱,战争,1,序幕/前置内容,scene_cooccurrence
pdf_01000000__01001009___abd1be1808,硃砂痣,01000000,1000000,《戏考》,《戏考》（1000000）,01001009,硃砂痣,情爱,收养,1,【第五场】,scene_cooccurrence
pdf_01000000__01001009___abd1be1808,硃砂痣,01000000,1000000,《戏考》,《戏考》（1000000）,01001009,硃砂痣,情爱,道德抉择,1,【第一场】,scene_cooccurrence
pdf_01000000__01001009___abd1be1808,硃砂痣,01000000,1000000,《戏考》,《戏考》（1000000）,01001009,硃砂痣,战争,离散,1,序幕/前置内容,scene_cooccurrence
pdf_01000000__01001009___abd1be1808,硃砂痣,01000000,1000000,《戏考》,《戏考》（1000000）,01001009,硃砂痣,收养,离散,1,【第五场】,scene_cooccurrence
pdf_01000000__01001009___abd1be1808,硃砂痣,01000000,1000000,《戏考》,《戏考》（1000000）,01001009,硃砂痣,贫寒,身世,1,【第四场】,scene_cooccurrence
pdf_01000000__01001010___86bc12e35b,黄金台,01000000,1000000,《戏考》,《戏考》（1000000）,01001010,黄金台,亲情,公案,1,序幕/前置内容,scene_cooccurrence
pdf_01000000__01001010___86bc12e35b,黄金台,01000000,1000000,《戏考》,《戏考》（1000000）,01001010,黄金台,亲情,家国,1,序幕/前置内容,scene_cooccurrence
pdf_01000000__01001010___86bc12e35b,黄金台,01000000,1000000,《戏考》,《戏考》（1000000）,01001010,黄金台,亲情,情爱,1,序幕/前置内容,scene_cooccurrence
pdf_01000000__01001010___86bc12e35b,黄金台,01000000,1000000,《戏考》,《戏考》（1000000）,01001010,黄金台,亲情,战争,1,序幕/前置内容,scene_cooccurrence
pdf_01000000__01001010___86bc12e35b,黄金台,01000000,1000000,《戏考》,《戏考》（1000000）,01001010,黄金台,亲情,权谋,1,序幕/前置内容,scene_cooccurrence
pdf_01000000__01001010___86bc12e35b,黄金台,01000000,1000000,《戏考》,《戏考》（1000000）,01001010,黄金台,亲情,离散,1,序幕/前置内容,scene_cooccurrence
pdf_01000000__01001010___86bc12e35b,黄金台,01000000,1000000,《戏考》,《戏考》（1000000）,01001010,黄金台,公案,家国,1,序幕/前置内容,scene_cooccurrence
pdf_01000000__01001010___86bc12e35b,黄金台,01000000,1000000,《戏考》,《戏考》（1000000）,01001010,黄金台,公案,情爱,1,序幕/前置内容,scene_cooccurrence
pdf_01000000__01001010___86bc12e35b,黄金台,01000000,1000000,《戏考》,《戏考》（1000000）,01001010,黄金台,公案,战争,1,序幕/前置内容,scene_cooccurrence
pdf_01000000__01001010___86bc12e35b,黄金台,01000000,1000000,《戏考》,《戏考》（1000000）,01001010,黄金台,公案,权谋,1,序幕/前置内容,scene_cooccurrence
pdf_01000000__01001010___86bc12e35b,黄金台,01000000,1000000,《戏考》,《戏考》（1000000）,01001010,黄金台,公案,离散,1,序幕/前置内容,scene_cooccurrence
pdf_01000000__01001010___86bc12e35b,黄金台,01000000,1000000,《戏考》,《戏考》（1000000）,01001010,黄金台,家国,情爱,1,序幕/前置内容,scene_cooccurrence
pdf_01000000__01001010___86bc12e35b,黄金台,01000000,1000000,《戏考》,《戏考》（1000000）,01001010,黄金台,家国,战争,1,序幕/前置内容,scene_cooccurrence
pdf_01000000__01001010___86bc12e35b,黄金台,01000000,1000000,《戏考》,《戏考》（1000000）,01001010,黄金台,家国,权谋,1,序幕/前置内容,scene_cooccurrence
pdf_01000000__01001010___86bc12e35b,黄金台,01000000,1000000,《戏考》,《戏考》（1000000）,01001010,黄金台,家国,离散,1,序幕/前置内容,scene_cooccurrence
pdf_01000000__01001010___86bc12e35b,黄金台,01000000,1000000,《戏考》,《戏考》（1000000）,01001010,黄金台,忠义,执法严明,1,【第一场】,scene_cooccurrence
pdf_01000000__01001010___86bc12e35b,黄金台,01000000,1000000,《戏考》,《戏考》（1000000）,01001010,黄金台,忠义,权力压迫,1,【第二场】,scene_cooccurrence
pdf_01000000__01001010___86bc12e35b,黄金台,01000000,1000000,《戏考》,《戏考》（1000000）,01001010,黄金台,忠义,权谋,1,【第二场】,scene_cooccurrence
pdf_01000000__01001010___86bc12e35b,黄金台,01000000,1000000,《戏考》,《戏考》（1000000）,01001010,黄金台,情爱,战争,1,序幕/前置内容,scene_cooccurrence
pdf_01000000__01001010___86bc12e35b,黄金台,01000000,1000000,《戏考》,《戏考》（1000000）,01001010,黄金台,情爱,权谋,1,序幕/前置内容,scene_cooccurrence
pdf_01000000__01001010___86bc12e35b,黄金台,01000000,1000000,《戏考》,《戏考》（1000000）,01001010,黄金台,情爱,离散,1,序幕/前置内容,scene_cooccurrence
pdf_01000000__01001010___86bc12e35b,黄金台,01000000,1000000,《戏考》,《戏考》（1000000）,01001010,黄金台,战争,权谋,1,序幕/前置内容,scene_cooccurrence
pdf_01000000__01001010___86bc12e35b,黄金台,01000000,1000000,《戏考》,《戏考》（1000000）,01001010,黄金台,战争,离散,1,序幕/前置内容,scene_cooccurrence
pdf_01000000__01001010___86bc12e35b,黄金台,01000000,1000000,《戏考》,《戏考》（1000000）,01001010,黄金台,权力压迫,权谋,1,【第二场】,scene_cooccurrence
pdf_01000000__01001010___86bc12e35b,黄金台,01000000,1000000,《戏考》,《戏考》（1000000）,01001010,黄金台,权谋,离散,1,序幕/前置内容,scene_cooccurrence
pdf_01000000__01001011___b32a64375f,文昭关,01000000,1000000,《戏考》,《戏考》（1000000）,01001011,文昭关,忠义,权谋,3,【第二场】,scene_cooccurrence
pdf_01000000__01001011___b32a64375f,文昭关,01000000,1000000,《戏考》,《戏考》（1000000）,01001011,文昭关,复仇,忠义,2,【第二场】,scene_cooccurrence
pdf_01000000__01001011___b32a64375f,文昭关,01000000,1000000,《戏考》,《戏考》（1000000）,01001011,文昭关,复仇,权谋,2,【第二场】,scene_cooccurrence
pdf_01000000__01001011___b32a64375f,文昭关,01000000,1000000,《戏考》,《戏考》（1000000）,01001011,文昭关,亲情,家国,1,序幕/前置内容,scene_cooccurrence
pdf_01000000__01001011___b32a64375f,文昭关,01000000,1000000,《戏考》,《戏考》（1000000）,01001011,文昭关,亲情,离散,1,序幕/前置内容,scene_cooccurrence
pdf_01000000__01001011___b32a64375f,文昭关,01000000,1000000,《戏考》,《戏考》（1000000）,01001011,文昭关,困境与转机,复仇,1,【第二场】,scene_cooccurrence
pdf_01000000__01001011___b32a64375f,文昭关,01000000,1000000,《戏考》,《戏考》（1000000）,01001011,文昭关,困境与转机,忠义,1,【第二场】,scene_cooccurrence
pdf_01000000__01001011___b32a64375f,文昭关,01000000,1000000,《戏考》,《戏考》（1000000）,01001011,文昭关,困境与转机,权谋,1,【第二场】,scene_cooccurrence
pdf_01000000__01001011___b32a64375f,文昭关,01000000,1000000,《戏考》,《戏考》（1000000）,01001011,文昭关,复仇,悲情,1,【第六场】,scene_cooccurrence
pdf_01000000__01001011___b32a64375f,文昭关,01000000,1000000,《戏考》,《戏考》（1000000）,01001011,文昭关,复仇,感恩,1,【第六场】,scene_cooccurrence
pdf_01000000__01001011___b32a64375f,文昭关,01000000,1000000,《戏考》,《戏考》（1000000）,01001011,文昭关,家国,离散,1,序幕/前置内容,scene_cooccurrence
pdf_01000000__01001011___b32a64375f,文昭关,01000000,1000000,《戏考》,《戏考》（1000000）,01001011,文昭关,忠义,悲情,1,【第一场】,scene_cooccurrence
pdf_01000000__01001011___b32a64375f,文昭关,01000000,1000000,《戏考》,《戏考》（1000000）,01001011,文昭关,忠义,误会,1,【第七场】,scene_cooccurrence
pdf_01000000__01001011___b32a64375f,文昭关,01000000,1000000,《戏考》,《戏考》（1000000）,01001011,文昭关,忠义,隐士相助,1,【第一场】,scene_cooccurrence
pdf_01000000__01001011___b32a64375f,文昭关,01000000,1000000,《戏考》,《戏考》（1000000）,01001011,文昭关,悲情,感恩,1,【第六场】,scene_cooccurrence
pdf_01000000__01001011___b32a64375f,文昭关,01000000,1000000,《戏考》,《戏考》（1000000）,01001011,文昭关,悲情,权谋,1,【第五场】,scene_cooccurrence
pdf_01000000__01001011___b32a64375f,文昭关,01000000,1000000,《戏考》,《戏考》（1000000）,01001011,文昭关,悲情,身份伪装,1,【第五场】,scene_cooccurrence
pdf_01000000__01001011___b32a64375f,文昭关,01000000,1000000,《戏考》,《戏考》（1000000）,01001011,文昭关,悲情,隐士相助,1,【第一场】,scene_cooccurrence
pdf_01000000__01001011___b32a64375f,文昭关,01000000,1000000,《戏考》,《戏考》（1000000）,01001011,文昭关,权谋,误会,1,【第七场】,scene_cooccurrence
pdf_01000000__01001011___b32a64375f,文昭关,01000000,1000000,《戏考》,《戏考》（1000000）,01001011,文昭关,权谋,身份伪装,1,【第五场】,scene_cooccurrence
pdf_01000000__01001012___3dcca783f4,黄鹤楼,01000000,1000000,《戏考》,《戏考》（1000000）,01001012,黄鹤楼,忠义,权谋,3,【第一场】,scene_cooccurrence
pdf_01000000__01001012___3dcca783f4,黄鹤楼,01000000,1000000,《戏考》,《戏考》（1000000）,01001012,黄鹤楼,权谋,试探,2,【第三场】,scene_cooccurrence
pdf_01000000__01001012___3dcca783f4,黄鹤楼,01000000,1000000,《戏考》,《戏考》（1000000）,01001012,黄鹤楼,冲突,忠义,1,【第五场】,scene_cooccurrence
pdf_01000000__01001012___3dcca783f4,黄鹤楼,01000000,1000000,《戏考》,《戏考》（1000000）,01001012,黄鹤楼,冲突,权力争夺,1,【第五场】,scene_cooccurrence
pdf_01000000__01001012___3dcca783f4,黄鹤楼,01000000,1000000,《戏考》,《戏考》（1000000）,01001012,黄鹤楼,冲突,权谋,1,【第五场】,scene_cooccurrence
pdf_01000000__01001012___3dcca783f4,黄鹤楼,01000000,1000000,《戏考》,《戏考》（1000000）,01001012,黄鹤楼,同盟与对抗,权谋,1,【第三场】,scene_cooccurrence
pdf_01000000__01001012___3dcca783f4,黄鹤楼,01000000,1000000,《戏考》,《戏考》（1000000）,01001012,黄鹤楼,同盟与对抗,试探,1,【第三场】,scene_cooccurrence
pdf_01000000__01001012___3dcca783f4,黄鹤楼,01000000,1000000,《戏考》,《戏考》（1000000）,01001012,黄鹤楼,家国,忠义,1,序幕/前置内容,scene_cooccurrence
pdf_01000000__01001012___3dcca783f4,黄鹤楼,01000000,1000000,《戏考》,《戏考》（1000000）,01001012,黄鹤楼,家国,情爱,1,序幕/前置内容,scene_cooccurrence
pdf_01000000__01001012___3dcca783f4,黄鹤楼,01000000,1000000,《戏考》,《戏考》（1000000）,01001012,黄鹤楼,家国,战争,1,序幕/前置内容,scene_cooccurrence
pdf_01000000__01001012___3dcca783f4,黄鹤楼,01000000,1000000,《戏考》,《戏考》（1000000）,01001012,黄鹤楼,家国,权谋,1,序幕/前置内容,scene_cooccurrence
pdf_01000000__01001012___3dcca783f4,黄鹤楼,01000000,1000000,《戏考》,《戏考》（1000000）,01001012,黄鹤楼,家国,离散,1,序幕/前置内容,scene_cooccurrence
pdf_01000000__01001012___3dcca783f4,黄鹤楼,01000000,1000000,《戏考》,《戏考》（1000000）,01001012,黄鹤楼,忠义,情爱,1,序幕/前置内容,scene_cooccurrence
pdf_01000000__01001012___3dcca783f4,黄鹤楼,01000000,1000000,《戏考》,《戏考》（1000000）,01001012,黄鹤楼,忠义,战争,1,序幕/前置内容,scene_cooccurrence
pdf_01000000__01001012___3dcca783f4,黄鹤楼,01000000,1000000,《戏考》,《戏考》（1000000）,01001012,黄鹤楼,忠义,权力争夺,1,【第五场】,scene_cooccurrence
pdf_01000000__01001012___3dcca783f4,黄鹤楼,01000000,1000000,《戏考》,《戏考》（1000000）,01001012,黄鹤楼,忠义,离散,1,序幕/前置内容,scene_cooccurrence
pdf_01000000__01001012___3dcca783f4,黄鹤楼,01000000,1000000,《戏考》,《戏考》（1000000）,01001012,黄鹤楼,情爱,战争,1,序幕/前置内容,scene_cooccurrence
pdf_01000000__01001012___3dcca783f4,黄鹤楼,01000000,1000000,《戏考》,《戏考》（1000000）,01001012,黄鹤楼,情爱,权谋,1,序幕/前置内容,scene_cooccurrence
pdf_01000000__01001012___3dcca783f4,黄鹤楼,01000000,1000000,《戏考》,《戏考》（1000000）,01001012,黄鹤楼,情爱,离散,1,序幕/前置内容,scene_cooccurrence
pdf_01000000__01001012___3dcca783f4,黄鹤楼,01000000,1000000,《戏考》,《戏考》（1000000）,01001012,黄鹤楼,战争,权谋,1,序幕/前置内容,scene_cooccurrence
pdf_01000000__01001012___3dcca783f4,黄鹤楼,01000000,1000000,《戏考》,《戏考》（1000000）,01001012,黄鹤楼,战争,离散,1,序幕/前置内容,scene_cooccurrence
pdf_01000000__01001012___3dcca783f4,黄鹤楼,01000000,1000000,《戏考》,《戏考》（1000000）,01001012,黄鹤楼,权力争夺,权谋,1,【第五场】,scene_cooccurrence
pdf_01000000__01001012___3dcca783f4,黄鹤楼,01000000,1000000,《戏考》,《戏考》（1000000）,01001012,黄鹤楼,权谋,离散,1,序幕/前置内容,scene_cooccurrence
pdf_01000000__01001012___3dcca783f4,黄鹤楼,01000000,1000000,《戏考》,《戏考》（1000000）,01001012,黄鹤楼,权谋,鸿门宴,1,【第四场】,scene_cooccurrence
pdf_01000000__01001012___3dcca783f4,黄鹤楼,01000000,1000000,《戏考》,《戏考》（1000000）,01001012,黄鹤楼,试探,鸿门宴,1,【第四场】,scene_cooccurrence
pdf_01000000__01001013___2ec29dd171,天水关,01000000,1000000,《戏考》,《戏考》（1000000）,01001013,天水关,战争,权谋,3,【第五场】,scene_cooccurrence
pdf_01000000__01001013___2ec29dd171,天水关,01000000,1000000,《戏考》,《戏考》（1000000）,01001013,天水关,家国,忠义,2,【第一场】,scene_cooccurrence
pdf_01000000__01001013___2ec29dd171,天水关,01000000,1000000,《戏考》,《戏考》（1000000）,01001013,天水关,对抗,忠义,2,【第三场】,scene_cooccurrence
pdf_01000000__01001013___2ec29dd171,天水关,01000000,1000000,《戏考》,《戏考》（1000000）,01001013,天水关,忠义,权谋,2,【第三场】,scene_cooccurrence
pdf_01000000__01001013___2ec29dd171,天水关,01000000,1000000,《戏考》,《戏考》（1000000）,01001013,天水关,亲情,家国,1,序幕/前置内容,scene_cooccurrence
pdf_01000000__01001013___2ec29dd171,天水关,01000000,1000000,《戏考》,《戏考》（1000000）,01001013,天水关,亲情,战争,1,序幕/前置内容,scene_cooccurrence
pdf_01000000__01001013___2ec29dd171,天水关,01000000,1000000,《戏考》,《戏考》（1000000）,01001013,天水关,亲情,权谋,1,序幕/前置内容,scene_cooccurrence
pdf_01000000__01001013___2ec29dd171,天水关,01000000,1000000,《戏考》,《戏考》（1000000）,01001013,天水关,亲情,离散,1,序幕/前置内容,scene_cooccurrence
pdf_01000000__01001013___2ec29dd171,天水关,01000000,1000000,《戏考》,《戏考》（1000000）,01001013,天水关,使命,孝道,1,【第七场】,scene_cooccurrence
pdf_01000000__01001013___2ec29dd171,天水关,01000000,1000000,《戏考》,《戏考》（1000000）,01001013,天水关,使命,忠义,1,【第七场】,scene_cooccurrence
pdf_01000000__01001013___2ec29dd171,天水关,01000000,1000000,《戏考》,《戏考》（1000000）,01001013,天水关,使命,招贤纳士,1,【第七场】,scene_cooccurrence
pdf_01000000__01001013___2ec29dd171,天水关,01000000,1000000,《戏考》,《戏考》（1000000）,01001013,天水关,出征,家国,1,【第二场】,scene_cooccurrence
pdf_01000000__01001013___2ec29dd171,天水关,01000000,1000000,《戏考》,《戏考》（1000000）,01001013,天水关,出征,忠义,1,【第二场】,scene_cooccurrence
pdf_01000000__01001013___2ec29dd171,天水关,01000000,1000000,《戏考》,《戏考》（1000000）,01001013,天水关,北伐决策,家国,1,【第一场】,scene_cooccurrence
pdf_01000000__01001013___2ec29dd171,天水关,01000000,1000000,《戏考》,《戏考》（1000000）,01001013,天水关,北伐决策,忠义,1,【第一场】,scene_cooccurrence
pdf_01000000__01001013___2ec29dd171,天水关,01000000,1000000,《戏考》,《戏考》（1000000）,01001013,天水关,孝道,忠义,1,【第七场】,scene_cooccurrence
pdf_01000000__01001013___2ec29dd171,天水关,01000000,1000000,《戏考》,《戏考》（1000000）,01001013,天水关,孝道,招贤纳士,1,【第七场】,scene_cooccurrence
pdf_01000000__01001013___2ec29dd171,天水关,01000000,1000000,《戏考》,《戏考》（1000000）,01001013,天水关,家国,战争,1,序幕/前置内容,scene_cooccurrence
pdf_01000000__01001013___2ec29dd171,天水关,01000000,1000000,《戏考》,《戏考》（1000000）,01001013,天水关,家国,权谋,1,序幕/前置内容,scene_cooccurrence
pdf_01000000__01001013___2ec29dd171,天水关,01000000,1000000,《戏考》,《戏考》（1000000）,01001013,天水关,家国,离散,1,序幕/前置内容,scene_cooccurrence
pdf_01000000__01001013___2ec29dd171,天水关,01000000,1000000,《戏考》,《戏考》（1000000）,01001013,天水关,对抗,权谋,1,【第三场】,scene_cooccurrence
pdf_01000000__01001013___2ec29dd171,天水关,01000000,1000000,《戏考》,《戏考》（1000000）,01001013,天水关,对抗,英雄相惜,1,【第四场】,scene_cooccurrence
pdf_01000000__01001013___2ec29dd171,天水关,01000000,1000000,《戏考》,《戏考》（1000000）,01001013,天水关,将帅关系,战争,1,【第五场】,scene_cooccurrence
pdf_01000000__01001013___2ec29dd171,天水关,01000000,1000000,《戏考》,《戏考》（1000000）,01001013,天水关,将帅关系,权谋,1,【第五场】,scene_cooccurrence
pdf_01000000__01001013___2ec29dd171,天水关,01000000,1000000,《戏考》,《戏考》（1000000）,01001013,天水关,忠义,战争,1,【第六场】,scene_cooccurrence
pdf_01000000__01001013___2ec29dd171,天水关,01000000,1000000,《戏考》,《戏考》（1000000）,01001013,天水关,忠义,招贤纳士,1,【第七场】,scene_cooccurrence
pdf_01000000__01001013___2ec29dd171,天水关,01000000,1000000,《戏考》,《戏考》（1000000）,01001013,天水关,忠义,英雄相惜,1,【第四场】,scene_cooccurrence
pdf_01000000__01001013___2ec29dd171,天水关,01000000,1000000,《戏考》,《戏考》（1000000）,01001013,天水关,战争,离散,1,序幕/前置内容,scene_cooccurrence
pdf_01000000__01001013___2ec29dd171,天水关,01000000,1000000,《戏考》,《戏考》（1000000）,01001013,天水关,权谋,离散,1,序幕/前置内容,scene_cooccurrence
pdf_01000000__01001014___552f523069,七星灯,01000000,1000000,《戏考》,《戏考》（1000000）,01001014,七星灯,悲情,权谋,2,【第四场】,scene_cooccurrence
pdf_01000000__01001014___552f523069,七星灯,01000000,1000000,《戏考》,《戏考》（1000000）,01001014,七星灯,传承,使命,1,【第二场】,scene_cooccurrence
pdf_01000000__01001014___552f523069,七星灯,01000000,1000000,《戏考》,《戏考》（1000000）,01001014,七星灯,传承,忠义,1,【第二场】,scene_cooccurrence
pdf_01000000__01001014___552f523069,七星灯,01000000,1000000,《戏考》,《戏考》（1000000）,01001014,七星灯,传承,权谋,1,【第二场】,scene_cooccurrence
pdf_01000000__01001014___552f523069,七星灯,01000000,1000000,《戏考》,《戏考》（1000000）,01001014,七星灯,使命,忠义,1,【第二场】,scene_cooccurrence
pdf_01000000__01001014___552f523069,七星灯,01000000,1000000,《戏考》,《戏考》（1000000）,01001014,七星灯,使命,权谋,1,【第二场】,scene_cooccurrence
pdf_01000000__01001014___552f523069,七星灯,01000000,1000000,《戏考》,《戏考》（1000000）,01001014,七星灯,威名,悲情,1,【第四场】,scene_cooccurrence
pdf_01000000__01001014___552f523069,七星灯,01000000,1000000,《戏考》,《戏考》（1000000）,01001014,七星灯,威名,权谋,1,【第四场】,scene_cooccurrence
pdf_01000000__01001014___552f523069,七星灯,01000000,1000000,《戏考》,《戏考》（1000000）,01001014,七星灯,家国,战争,1,序幕/前置内容,scene_cooccurrence
pdf_01000000__01001014___552f523069,七星灯,01000000,1000000,《戏考》,《戏考》（1000000）,01001014,七星灯,忠义,权谋,1,【第二场】,scene_cooccurrence
pdf_01000000__01001014___552f523069,七星灯,01000000,1000000,《戏考》,《戏考》（1000000）,01001014,七星灯,悲情,谨慎,1,【第五场】,scene_cooccurrence
pdf_01000000__01001014___552f523069,七星灯,01000000,1000000,《戏考》,《戏考》（1000000）,01001014,七星灯,情爱,权谋,1,【第一场】,scene_cooccurrence
pdf_01000000__01001014___552f523069,七星灯,01000000,1000000,《戏考》,《戏考》（1000000）,01001014,七星灯,情爱,羞辱与反羞辱,1,【第一场】,scene_cooccurrence
pdf_01000000__01001014___552f523069,七星灯,01000000,1000000,《戏考》,《戏考》（1000000）,01001014,七星灯,权谋,羞辱与反羞辱,1,【第一场】,scene_cooccurrence
pdf_01000000__01001014___552f523069,七星灯,01000000,1000000,《戏考》,《戏考》（1000000）,01001014,七星灯,权谋,谨慎,1,【第五场】,scene_cooccurrence
pdf_01000000__01001015___f8b1d2d500,战北原,01000000,1000000,《戏考》,《戏考》（1000000）,01001015,战北原,亲情,公案,1,序幕/前置内容,scene_cooccurrence
pdf_01000000__01001015___f8b1d2d500,战北原,01000000,1000000,《戏考》,《戏考》（1000000）,01001015,战北原,亲情,家国,1,序幕/前置内容,scene_cooccurrence
pdf_01000000__01001015___f8b1d2d500,战北原,01000000,1000000,《戏考》,《戏考》（1000000）,01001015,战北原,亲情,战争,1,序幕/前置内容,scene_cooccurrence
pdf_01000000__01001015___f8b1d2d500,战北原,01000000,1000000,《戏考》,《戏考》（1000000）,01001015,战北原,亲情,权谋,1,序幕/前置内容,scene_cooccurrence
pdf_01000000__01001015___f8b1d2d500,战北原,01000000,1000000,《戏考》,《戏考》（1000000）,01001015,战北原,公案,家国,1,序幕/前置内容,scene_cooccurrence
pdf_01000000__01001015___f8b1d2d500,战北原,01000000,1000000,《戏考》,《戏考》（1000000）,01001015,战北原,公案,战争,1,序幕/前置内容,scene_cooccurrence
pdf_01000000__01001015___f8b1d2d500,战北原,01000000,1000000,《戏考》,《戏考》（1000000）,01001015,战北原,公案,权谋,1,序幕/前置内容,scene_cooccurrence
pdf_01000000__01001015___f8b1d2d500,战北原,01000000,1000000,《戏考》,《戏考》（1000000）,01001015,战北原,家国,战争,1,序幕/前置内容,scene_cooccurrence
pdf_01000000__01001015___f8b1d2d500,战北原,01000000,1000000,《戏考》,《戏考》（1000000）,01001015,战北原,家国,权谋,1,序幕/前置内容,scene_cooccurrence
pdf_01000000__01001015___f8b1d2d500,战北原,01000000,1000000,《戏考》,《戏考》（1000000）,01001015,战北原,战争,权谋,1,序幕/前置内容,scene_cooccurrence
pdf_01000000__01001016___c79fb0e7e0,牧羊卷,01000000,1000000,《戏考》,《戏考》（1000000）,01001016,牧羊卷,亲情,公案,1,序幕/前置内容,scene_cooccurrence
pdf_01000000__01001016___c79fb0e7e0,牧羊卷,01000000,1000000,《戏考》,《戏考》（1000000）,01001016,牧羊卷,亲情,喜剧,1,序幕/前置内容,scene_cooccurrence
pdf_01000000__01001016___c79fb0e7e0,牧羊卷,01000000,1000000,《戏考》,《戏考》（1000000）,01001016,牧羊卷,亲情,家国,1,序幕/前置内容,scene_cooccurrence
pdf_01000000__01001016___c79fb0e7e0,牧羊卷,01000000,1000000,《戏考》,《戏考》（1000000）,01001016,牧羊卷,亲情,忠义,1,序幕/前置内容,scene_cooccurrence
pdf_01000000__01001016___c79fb0e7e0,牧羊卷,01000000,1000000,《戏考》,《戏考》（1000000）,01001016,牧羊卷,亲情,战争,1,序幕/前置内容,scene_cooccurrence
pdf_01000000__01001016___c79fb0e7e0,牧羊卷,01000000,1000000,《戏考》,《戏考》（1000000）,01001016,牧羊卷,亲情,权谋,1,序幕/前置内容,scene_cooccurrence
pdf_01000000__01001016___c79fb0e7e0,牧羊卷,01000000,1000000,《戏考》,《戏考》（1000000）,01001016,牧羊卷,公案,喜剧,1,序幕/前置内容,scene_cooccurrence
pdf_01000000__01001016___c79fb0e7e0,牧羊卷,01000000,1000000,《戏考》,《戏考》（1000000）,01001016,牧羊卷,公案,家国,1,序幕/前置内容,scene_cooccurrence
pdf_01000000__01001016___c79fb0e7e0,牧羊卷,01000000,1000000,《戏考》,《戏考》（1000000）,01001016,牧羊卷,公案,忠义,1,序幕/前置内容,scene_cooccurrence
pdf_01000000__01001016___c79fb0e7e0,牧羊卷,01000000,1000000,《戏考》,《戏考》（1000000）,01001016,牧羊卷,公案,战争,1,序幕/前置内容,scene_cooccurrence
pdf_01000000__01001016___c79fb0e7e0,牧羊卷,01000000,1000000,《戏考》,《戏考》（1000000）,01001016,牧羊卷,公案,权谋,1,序幕/前置内容,scene_cooccurrence
pdf_01000000__01001016___c79fb0e7e0,牧羊卷,01000000,1000000,《戏考》,《戏考》（1000000）,01001016,牧羊卷,喜剧,家国,1,序幕/前置内容,scene_cooccurrence
pdf_01000000__01001016___c79fb0e7e0,牧羊卷,01000000,1000000,《戏考》,《戏考》（1000000）,01001016,牧羊卷,喜剧,忠义,1,序幕/前置内容,scene_cooccurrence
pdf_01000000__01001016___c79fb0e7e0,牧羊卷,01000000,1000000,《戏考》,《戏考》（1000000）,01001016,牧羊卷,喜剧,战争,1,序幕/前置内容,scene_cooccurrence
pdf_01000000__01001016___c79fb0e7e0,牧羊卷,01000000,1000000,《戏考》,《戏考》（1000000）,01001016,牧羊卷,喜剧,权谋,1,序幕/前置内容,scene_cooccurrence
pdf_01000000__01001016___c79fb0e7e0,牧羊卷,01000000,1000000,《戏考》,《戏考》（1000000）,01001016,牧羊卷,家国,忠义,1,序幕/前置内容,scene_cooccurrence
pdf_01000000__01001016___c79fb0e7e0,牧羊卷,01000000,1000000,《戏考》,《戏考》（1000000）,01001016,牧羊卷,家国,战争,1,序幕/前置内容,scene_cooccurrence
pdf_01000000__01001016___c79fb0e7e0,牧羊卷,01000000,1000000,《戏考》,《戏考》（1000000）,01001016,牧羊卷,家国,权谋,1,序幕/前置内容,scene_cooccurrence
pdf_01000000__01001016___c79fb0e7e0,牧羊卷,01000000,1000000,《戏考》,《戏考》（1000000）,01001016,牧羊卷,忠义,战争,1,序幕/前置内容,scene_cooccurrence
pdf_01000000__01001016___c79fb0e7e0,牧羊卷,01000000,1000000,《戏考》,《戏考》（1000000）,01001016,牧羊卷,忠义,权谋,1,序幕/前置内容,scene_cooccurrence
pdf_01000000__01001016___c79fb0e7e0,牧羊卷,01000000,1000000,《戏考》,《戏考》（1000000）,01001016,牧羊卷,战争,权谋,1,序幕/前置内容,scene_cooccurrence
pdf_01000000__01001017___e46f29227d,清官册,01000000,1000000,《戏考》,《戏考》（1000000）,01001017,清官册,仕途无常,忠义,1,【第一场】,scene_cooccurrence
pdf_01000000__01001017___e46f29227d,清官册,01000000,1000000,《戏考》,《戏考》（1000000）,01001017,清官册,公案,家国,1,序幕/前置内容,scene_cooccurrence
pdf_01000000__01001017___e46f29227d,清官册,01000000,1000000,《戏考》,《戏考》（1000000）,01001017,清官册,公案,忠义,1,【第二场】,scene_cooccurrence
pdf_01000000__01001017___e46f29227d,清官册,01000000,1000000,《戏考》,《戏考》（1000000）,01001017,清官册,公案,权力威胁,1,【第二场】,scene_cooccurrence
pdf_01000000__01001017___e46f29227d,清官册,01000000,1000000,《戏考》,《戏考》（1000000）,01001017,清官册,家国,王法威严,1,【第三场】,scene_cooccurrence
pdf_01000000__01001017___e46f29227d,清官册,01000000,1000000,《戏考》,《戏考》（1000000）,01001017,清官册,忠义,权力威胁,1,【第二场】,scene_cooccurrence
pdf_01000000__01001017___e46f29227d,清官册,01000000,1000000,《戏考》,《戏考》（1000000）,01001017,清官册,忠义,权力斗争,1,【第五场】,scene_cooccurrence
pdf_01000000__01001018___8d863edec0,双狮图,01000000,1000000,《戏考》,《戏考》（1000000）,01001018,双狮图,亲情,公案,1,序幕/前置内容,scene_cooccurrence
pdf_01000000__01001018___8d863edec0,双狮图,01000000,1000000,《戏考》,《戏考》（1000000）,01001018,双狮图,亲情,喜剧,1,序幕/前置内容,scene_cooccurrence
pdf_01000000__01001018___8d863edec0,双狮图,01000000,1000000,《戏考》,《戏考》（1000000）,01001018,双狮图,亲情,家国,1,序幕/前置内容,scene_cooccurrence
pdf_01000000__01001018___8d863edec0,双狮图,01000000,1000000,《戏考》,《戏考》（1000000）,01001018,双狮图,亲情,情爱,1,序幕/前置内容,scene_cooccurrence
pdf_01000000__01001018___8d863edec0,双狮图,01000000,1000000,《戏考》,《戏考》（1000000）,01001018,双狮图,亲情,战争,1,序幕/前置内容,scene_cooccurrence
pdf_01000000__01001018___8d863edec0,双狮图,01000000,1000000,《戏考》,《戏考》（1000000）,01001018,双狮图,亲情,权谋,1,序幕/前置内容,scene_cooccurrence
pdf_01000000__01001018___8d863edec0,双狮图,01000000,1000000,《戏考》,《戏考》（1000000）,01001018,双狮图,亲情,离散,1,序幕/前置内容,scene_cooccurrence
pdf_01000000__01001018___8d863edec0,双狮图,01000000,1000000,《戏考》,《戏考》（1000000）,01001018,双狮图,公案,喜剧,1,序幕/前置内容,scene_cooccurrence
pdf_01000000__01001018___8d863edec0,双狮图,01000000,1000000,《戏考》,《戏考》（1000000）,01001018,双狮图,公案,家国,1,序幕/前置内容,scene_cooccurrence
pdf_01000000__01001018___8d863edec0,双狮图,01000000,1000000,《戏考》,《戏考》（1000000）,01001018,双狮图,公案,情爱,1,序幕/前置内容,scene_cooccurrence
pdf_01000000__01001018___8d863edec0,双狮图,01000000,1000000,《戏考》,《戏考》（1000000）,01001018,双狮图,公案,战争,1,序幕/前置内容,scene_cooccurrence
pdf_01000000__01001018___8d863edec0,双狮图,01000000,1000000,《戏考》,《戏考》（1000000）,01001018,双狮图,公案,权谋,1,序幕/前置内容,scene_cooccurrence
pdf_01000000__01001018___8d863edec0,双狮图,01000000,1000000,《戏考》,《戏考》（1000000）,01001018,双狮图,公案,离散,1,序幕/前置内容,scene_cooccurrence
pdf_01000000__01001018___8d863edec0,双狮图,01000000,1000000,《戏考》,《戏考》（1000000）,01001018,双狮图,喜剧,家国,1,序幕/前置内容,scene_cooccurrence
pdf_01000000__01001018___8d863edec0,双狮图,01000000,1000000,《戏考》,《戏考》（1000000）,01001018,双狮图,喜剧,情爱,1,序幕/前置内容,scene_cooccurrence
pdf_01000000__01001018___8d863edec0,双狮图,01000000,1000000,《戏考》,《戏考》（1000000）,01001018,双狮图,喜剧,战争,1,序幕/前置内容,scene_cooccurrence
pdf_01000000__01001018___8d863edec0,双狮图,01000000,1000000,《戏考》,《戏考》（1000000）,01001018,双狮图,喜剧,权谋,1,序幕/前置内容,scene_cooccurrence
pdf_01000000__01001018___8d863edec0,双狮图,01000000,1000000,《戏考》,《戏考》（1000000）,01001018,双狮图,喜剧,离散,1,序幕/前置内容,scene_cooccurrence
pdf_01000000__01001018___8d863edec0,双狮图,01000000,1000000,《戏考》,《戏考》（1000000）,01001018,双狮图,家国,情爱,1,序幕/前置内容,scene_cooccurrence
pdf_01000000__01001018___8d863edec0,双狮图,01000000,1000000,《戏考》,《戏考》（1000000）,01001018,双狮图,家国,战争,1,序幕/前置内容,scene_cooccurrence
pdf_01000000__01001018___8d863edec0,双狮图,01000000,1000000,《戏考》,《戏考》（1000000）,01001018,双狮图,家国,权谋,1,序幕/前置内容,scene_cooccurrence
pdf_01000000__01001018___8d863edec0,双狮图,01000000,1000000,《戏考》,《戏考》（1000000）,01001018,双狮图,家国,离散,1,序幕/前置内容,scene_cooccurrence
pdf_01000000__01001018___8d863edec0,双狮图,01000000,1000000,《戏考》,《戏考》（1000000）,01001018,双狮图,情爱,战争,1,序幕/前置内容,scene_cooccurrence
pdf_01000000__01001018___8d863edec0,双狮图,01000000,1000000,《戏考》,《戏考》（1000000）,01001018,双狮图,情爱,权谋,1,序幕/前置内容,scene_cooccurrence
pdf_01000000__01001018___8d863edec0,双狮图,01000000,1000000,《戏考》,《戏考》（1000000）,01001018,双狮图,情爱,离散,1,序幕/前置内容,scene_cooccurrence
pdf_01000000__01001018___8d863edec0,双狮图,01000000,1000000,《戏考》,《戏考》（1000000）,01001018,双狮图,战争,权谋,1,序幕/前置内容,scene_cooccurrence
pdf_01000000__01001018___8d863edec0,双狮图,01000000,1000000,《戏考》,《戏考》（1000000）,01001018,双狮图,战争,离散,1,序幕/前置内容,scene_cooccurrence
pdf_01000000__01001018___8d863edec0,双狮图,01000000,1000000,《戏考》,《戏考》（1000000）,01001018,双狮图,权谋,离散,1,序幕/前置内容,scene_cooccurrence
pdf_01000000__01001019___9ae2e889df,柴桑口,01000000,1000000,《戏考》,《戏考》（1000000）,01001019,柴桑口,吊祭,权谋,2,【第一场】,scene_cooccurrence
pdf_01000000__01001019___9ae2e889df,柴桑口,01000000,1000000,《戏考》,《戏考》（1000000）,01001019,柴桑口,复仇,权谋,2,【第二场】,scene_cooccurrence
pdf_01000000__01001019___9ae2e889df,柴桑口,01000000,1000000,《戏考》,《戏考》（1000000）,01001019,柴桑口,忠义,权谋,2,【第三场】,scene_cooccurrence
pdf_01000000__01001019___9ae2e889df,柴桑口,01000000,1000000,《戏考》,《戏考》（1000000）,01001019,柴桑口,亲情,喜剧,1,序幕/前置内容,scene_cooccurrence
pdf_01000000__01001019___9ae2e889df,柴桑口,01000000,1000000,《戏考》,《戏考》（1000000）,01001019,柴桑口,亲情,家国,1,序幕/前置内容,scene_cooccurrence
pdf_01000000__01001019___9ae2e889df,柴桑口,01000000,1000000,《戏考》,《戏考》（1000000）,01001019,柴桑口,亲情,忠义,1,序幕/前置内容,scene_cooccurrence
pdf_01000000__01001019___9ae2e889df,柴桑口,01000000,1000000,《戏考》,《戏考》（1000000）,01001019,柴桑口,亲情,战争,1,序幕/前置内容,scene_cooccurrence
pdf_01000000__01001019___9ae2e889df,柴桑口,01000000,1000000,《戏考》,《戏考》（1000000）,01001019,柴桑口,亲情,权谋,1,序幕/前置内容,scene_cooccurrence
pdf_01000000__01001019___9ae2e889df,柴桑口,01000000,1000000,《戏考》,《戏考》（1000000）,01001019,柴桑口,吊祭,复仇,1,【第二场】,scene_cooccurrence
pdf_01000000__01001019___9ae2e889df,柴桑口,01000000,1000000,《戏考》,《戏考》（1000000）,01001019,柴桑口,吊祭,情爱,1,【第一场】,scene_cooccurrence
pdf_01000000__01001019___9ae2e889df,柴桑口,01000000,1000000,《戏考》,《戏考》（1000000）,01001019,柴桑口,吊祭,政治博弈,1,【第一场】,scene_cooccurrence
pdf_01000000__01001019___9ae2e889df,柴桑口,01000000,1000000,《戏考》,《戏考》（1000000）,01001019,柴桑口,喜剧,家国,1,序幕/前置内容,scene_cooccurrence
pdf_01000000__01001019___9ae2e889df,柴桑口,01000000,1000000,《戏考》,《戏考》（1000000）,01001019,柴桑口,喜剧,忠义,1,序幕/前置内容,scene_cooccurrence
pdf_01000000__01001019___9ae2e889df,柴桑口,01000000,1000000,《戏考》,《戏考》（1000000）,01001019,柴桑口,喜剧,战争,1,序幕/前置内容,scene_cooccurrence
pdf_01000000__01001019___9ae2e889df,柴桑口,01000000,1000000,《戏考》,《戏考》（1000000）,01001019,柴桑口,喜剧,权谋,1,序幕/前置内容,scene_cooccurrence
pdf_01000000__01001019___9ae2e889df,柴桑口,01000000,1000000,《戏考》,《戏考》（1000000）,01001019,柴桑口,复仇,忠义,1,【第三场】,scene_cooccurrence
pdf_01000000__01001019___9ae2e889df,柴桑口,01000000,1000000,《戏考》,《戏考》（1000000）,01001019,柴桑口,复仇,抉择,1,【第三场】,scene_cooccurrence
pdf_01000000__01001019___9ae2e889df,柴桑口,01000000,1000000,《戏考》,《戏考》（1000000）,01001019,柴桑口,家国,忠义,1,序幕/前置内容,scene_cooccurrence
pdf_01000000__01001019___9ae2e889df,柴桑口,01000000,1000000,《戏考》,《戏考》（1000000）,01001019,柴桑口,家国,战争,1,序幕/前置内容,scene_cooccurrence
pdf_01000000__01001019___9ae2e889df,柴桑口,01000000,1000000,《戏考》,《戏考》（1000000）,01001019,柴桑口,家国,权谋,1,序幕/前置内容,scene_cooccurrence
pdf_01000000__01001019___9ae2e889df,柴桑口,01000000,1000000,《戏考》,《戏考》（1000000）,01001019,柴桑口,忠义,战争,1,序幕/前置内容,scene_cooccurrence
pdf_01000000__01001019___9ae2e889df,柴桑口,01000000,1000000,《戏考》,《戏考》（1000000）,01001019,柴桑口,忠义,抉择,1,【第三场】,scene_cooccurrence
pdf_01000000__01001019___9ae2e889df,柴桑口,01000000,1000000,《戏考》,《戏考》（1000000）,01001019,柴桑口,情爱,政治博弈,1,【第一场】,scene_cooccurrence
pdf_01000000__01001019___9ae2e889df,柴桑口,01000000,1000000,《戏考》,《戏考》（1000000）,01001019,柴桑口,情爱,权谋,1,【第一场】,scene_cooccurrence
pdf_01000000__01001019___9ae2e889df,柴桑口,01000000,1000000,《戏考》,《戏考》（1000000）,01001019,柴桑口,战争,权谋,1,序幕/前置内容,scene_cooccurrence
pdf_01000000__01001019___9ae2e889df,柴桑口,01000000,1000000,《戏考》,《戏考》（1000000）,01001019,柴桑口,抉择,权谋,1,【第三场】,scene_cooccurrence
pdf_01000000__01001019___9ae2e889df,柴桑口,01000000,1000000,《戏考》,《戏考》（1000000）,01001019,柴桑口,政治博弈,权谋,1,【第一场】,scene_cooccurrence
pdf_01000000__01001020___4ed03adea1,宋江闹院,01000000,1000000,《戏考》,《戏考》（1000000）,01001020,宋江闹院,亲情,喜剧,1,序幕/前置内容,scene_cooccurrence
pdf_01000000__01001020___4ed03adea1,宋江闹院,01000000,1000000,《戏考》,《戏考》（1000000）,01001020,宋江闹院,亲情,情爱,1,序幕/前置内容,scene_cooccurrence
pdf_01000000__01001020___4ed03adea1,宋江闹院,01000000,1000000,《戏考》,《戏考》（1000000）,01001020,宋江闹院,亲情,战争,1,序幕/前置内容,scene_cooccurrence
pdf_01000000__01001020___4ed03adea1,宋江闹院,01000000,1000000,《戏考》,《戏考》（1000000）,01001020,宋江闹院,喜剧,情爱,1,序幕/前置内容,scene_cooccurrence
pdf_01000000__01001020___4ed03adea1,宋江闹院,01000000,1000000,《戏考》,《戏考》（1000000）,01001020,宋江闹院,喜剧,战争,1,序幕/前置内容,scene_cooccurrence
pdf_01000000__01001020___4ed03adea1,宋江闹院,01000000,1000000,《戏考》,《戏考》（1000000）,01001020,宋江闹院,情爱,战争,1,序幕/前置内容,scene_cooccurrence
pdf_01000000__01001020___4ed03adea1,宋江闹院,01000000,1000000,《戏考》,《戏考》（1000000）,01001020,宋江闹院,情爱,权力与地位,1,【第二场】,scene_cooccurrence
pdf_01000000__01001020___4ed03adea1,宋江闹院,01000000,1000000,《戏考》,《戏考》（1000000）,01001020,宋江闹院,情爱,猜疑与欺骗,1,【第二场】,scene_cooccurrence
pdf_01000000__01001020___4ed03adea1,宋江闹院,01000000,1000000,《戏考》,《戏考》（1000000）,01001020,宋江闹院,情爱,私通,1,【第一场】,scene_cooccurrence
pdf_01000000__01001020___4ed03adea1,宋江闹院,01000000,1000000,《戏考》,《戏考》（1000000）,01001020,宋江闹院,情爱,背叛,1,【第一场】,scene_cooccurrence
pdf_01000000__01001020___4ed03adea1,宋江闹院,01000000,1000000,《戏考》,《戏考》（1000000）,01001020,宋江闹院,权力与地位,猜疑与欺骗,1,【第二场】,scene_cooccurrence
pdf_01000000__01001020___4ed03adea1,宋江闹院,01000000,1000000,《戏考》,《戏考》（1000000）,01001020,宋江闹院,私通,背叛,1,【第一场】,scene_cooccurrence
pdf_01000000__01002001___d30790f7a7,李陵碑,01000000,1000000,《戏考》,《戏考》（1000000）,01002001,李陵碑,亲情,战争,2,【第二场】,scene_cooccurrence
pdf_01000000__01002001___d30790f7a7,李陵碑,01000000,1000000,《戏考》,《戏考》（1000000）,01002001,李陵碑,家国,忠义,2,【第四场】,scene_cooccurrence
pdf_01000000__01002001___d30790f7a7,李陵碑,01000000,1000000,《戏考》,《戏考》（1000000）,01002001,李陵碑,忠义,悲情,2,【第一场】,scene_cooccurrence
pdf_01000000__01002001___d30790f7a7,李陵碑,01000000,1000000,《戏考》,《戏考》（1000000）,01002001,李陵碑,忠义,战争,2,【第二场】,scene_cooccurrence
pdf_01000000__01002001___d30790f7a7,李陵碑,01000000,1000000,《戏考》,《戏考》（1000000）,01002001,李陵碑,亲情,使命,1,【第二场】,scene_cooccurrence
pdf_01000000__01002001___d30790f7a7,李陵碑,01000000,1000000,《戏考》,《戏考》（1000000）,01002001,李陵碑,亲情,公案,1,序幕/前置内容,scene_cooccurrence
pdf_01000000__01002001___d30790f7a7,李陵碑,01000000,1000000,《戏考》,《戏考》（1000000）,01002001,李陵碑,亲情,忠义,1,【第二场】,scene_cooccurrence
pdf_01000000__01002001___d30790f7a7,李陵碑,01000000,1000000,《戏考》,《戏考》（1000000）,01002001,李陵碑,使命,忠义,1,【第二场】,scene_cooccurrence
pdf_01000000__01002001___d30790f7a7,李陵碑,01000000,1000000,《戏考》,《戏考》（1000000）,01002001,李陵碑,使命,战争,1,【第二场】,scene_cooccurrence
pdf_01000000__01002001___d30790f7a7,李陵碑,01000000,1000000,《戏考》,《戏考》（1000000）,01002001,李陵碑,公案,战争,1,序幕/前置内容,scene_cooccurrence
pdf_01000000__01002001___d30790f7a7,李陵碑,01000000,1000000,《戏考》,《戏考》（1000000）,01002001,李陵碑,家国,悲情,1,【第五场】,scene_cooccurrence
pdf_01000000__01002001___d30790f7a7,李陵碑,01000000,1000000,《戏考》,《戏考》（1000000）,01002001,李陵碑,家国,绝境,1,【第五场】,scene_cooccurrence
pdf_01000000__01002001___d30790f7a7,李陵碑,01000000,1000000,《戏考》,《戏考》（1000000）,01002001,李陵碑,忠义,绝境,1,【第五场】,scene_cooccurrence
pdf_01000000__01002001___d30790f7a7,李陵碑,01000000,1000000,《戏考》,《戏考》（1000000）,01002001,李陵碑,悲情,绝境,1,【第五场】,scene_cooccurrence
pdf_01000000__01002003___ad1a817c3c,祭长江,01000000,1000000,《戏考》,《戏考》（1000000）,01002003,祭长江,亲情,家国,1,序幕/前置内容,scene_cooccurrence
pdf_01000000__01002003___ad1a817c3c,祭长江,01000000,1000000,《戏考》,《戏考》（1000000）,01002003,祭长江,亲情,战争,1,序幕/前置内容,scene_cooccurrence
pdf_01000000__01002003___ad1a817c3c,祭长江,01000000,1000000,《戏考》,《戏考》（1000000）,01002003,祭长江,亲情,权谋,1,序幕/前置内容,scene_cooccurrence
pdf_01000000__01002003___ad1a817c3c,祭长江,01000000,1000000,《戏考》,《戏考》（1000000）,01002003,祭长江,使命,忠义,1,【第一场】,scene_cooccurrence
pdf_01000000__01002003___ad1a817c3c,祭长江,01000000,1000000,《戏考》,《戏考》（1000000）,01002003,祭长江,使命,悲情,1,【第一场】,scene_cooccurrence
pdf_01000000__01002003___ad1a817c3c,祭长江,01000000,1000000,《戏考》,《戏考》（1000000）,01002003,祭长江,因果报应,封神,1,【第二场】,scene_cooccurrence
pdf_01000000__01002003___ad1a817c3c,祭长江,01000000,1000000,《戏考》,《戏考》（1000000）,01002003,祭长江,因果报应,贞烈,1,【第二场】,scene_cooccurrence
pdf_01000000__01002003___ad1a817c3c,祭长江,01000000,1000000,《戏考》,《戏考》（1000000）,01002003,祭长江,家国,战争,1,序幕/前置内容,scene_cooccurrence
pdf_01000000__01002003___ad1a817c3c,祭长江,01000000,1000000,《戏考》,《戏考》（1000000）,01002003,祭长江,家国,权谋,1,序幕/前置内容,scene_cooccurrence
pdf_01000000__01002003___ad1a817c3c,祭长江,01000000,1000000,《戏考》,《戏考》（1000000）,01002003,祭长江,封神,贞烈,1,【第二场】,scene_cooccurrence
pdf_01000000__01002003___ad1a817c3c,祭长江,01000000,1000000,《戏考》,《戏考》（1000000）,01002003,祭长江,忠义,悲情,1,【第一场】,scene_cooccurrence
pdf_01000000__01002003___ad1a817c3c,祭长江,01000000,1000000,《戏考》,《戏考》（1000000）,01002003,祭长江,战争,权谋,1,序幕/前置内容,scene_cooccurrence
pdf_01000000__01002004___832d202725,探寒窑,01000000,1000000,《戏考》,《戏考》（1000000）,01002004,探寒窑,亲情,公案,1,序幕/前置内容,scene_cooccurrence
pdf_01000000__01002004___832d202725,探寒窑,01000000,1000000,《戏考》,《戏考》（1000000）,01002004,探寒窑,亲情,情爱,1,序幕/前置内容,scene_cooccurrence
pdf_01000000__01002004___832d202725,探寒窑,01000000,1000000,《戏考》,《戏考》（1000000）,01002004,探寒窑,亲情,战争,1,序幕/前置内容,scene_cooccurrence
pdf_01000000__01002004___832d202725,探寒窑,01000000,1000000,《戏考》,《戏考》（1000000）,01002004,探寒窑,公案,情爱,1,序幕/前置内容,scene_cooccurrence
pdf_01000000__01002004___832d202725,探寒窑,01000000,1000000,《戏考》,《戏考》（1000000）,01002004,探寒窑,公案,战争,1,序幕/前置内容,scene_cooccurrence
pdf_01000000__01002004___832d202725,探寒窑,01000000,1000000,《戏考》,《戏考》（1000000）,01002004,探寒窑,情爱,战争,1,序幕/前置内容,scene_cooccurrence
pdf_01000000__01002005___3f3e3fbcf3,落花园,01000000,1000000,《戏考》,《戏考》（1000000）,01002005,落花园,亲情,家国,1,序幕/前置内容,scene_cooccurrence
pdf_01000000__01002005___3f3e3fbcf3,落花园,01000000,1000000,《戏考》,《戏考》（1000000）,01002005,落花园,亲情,忠义,1,序幕/前置内容,scene_cooccurrence
pdf_01000000__01002005___3f3e3fbcf3,落花园,01000000,1000000,《戏考》,《戏考》（1000000）,01002005,落花园,亲情,战争,1,序幕/前置内容,scene_cooccurrence
pdf_01000000__01002005___3f3e3fbcf3,落花园,01000000,1000000,《戏考》,《戏考》（1000000）,01002005,落花园,亲情,权谋,1,序幕/前置内容,scene_cooccurrence
pdf_01000000__01002005___3f3e3fbcf3,落花园,01000000,1000000,《戏考》,《戏考》（1000000）,01002005,落花园,家国,忠义,1,序幕/前置内容,scene_cooccurrence
pdf_01000000__01002005___3f3e3fbcf3,落花园,01000000,1000000,《戏考》,《戏考》（1000000）,01002005,落花园,家国,战争,1,序幕/前置内容,scene_cooccurrence
pdf_01000000__01002005___3f3e3fbcf3,落花园,01000000,1000000,《戏考》,《戏考》（1000000）,01002005,落花园,家国,权谋,1,序幕/前置内容,scene_cooccurrence
pdf_01000000__01002005___3f3e3fbcf3,落花园,01000000,1000000,《戏考》,《戏考》（1000000）,01002005,落花园,忠义,战争,1,序幕/前置内容,scene_cooccurrence
pdf_01000000__01002005___3f3e3fbcf3,落花园,01000000,1000000,《戏考》,《戏考》（1000000）,01002005,落花园,忠义,权谋,1,序幕/前置内容,scene_cooccurrence
pdf_01000000__01002005___3f3e3fbcf3,落花园,01000000,1000000,《戏考》,《戏考》（1000000）,01002005,落花园,战争,权谋,1,序幕/前置内容,scene_cooccurrence
pdf_01000000__01002006___78213d9d3b,探阴山,01000000,1000000,《戏考》,《戏考》（1000000）,01002006,探阴山,亲情,公案,1,序幕/前置内容,scene_cooccurrence
pdf_01000000__01002006___78213d9d3b,探阴山,01000000,1000000,《戏考》,《戏考》（1000000）,01002006,探阴山,亲情,家国,1,序幕/前置内容,scene_cooccurrence
pdf_01000000__01002006___78213d9d3b,探阴山,01000000,1000000,《戏考》,《戏考》（1000000）,01002006,探阴山,亲情,离散,1,序幕/前置内容,scene_cooccurrence
pdf_01000000__01002006___78213d9d3b,探阴山,01000000,1000000,《戏考》,《戏考》（1000000）,01002006,探阴山,公案,家国,1,序幕/前置内容,scene_cooccurrence
pdf_01000000__01002006___78213d9d3b,探阴山,01000000,1000000,《戏考》,《戏考》（1000000）,01002006,探阴山,公案,离散,1,序幕/前置内容,scene_cooccurrence
pdf_01000000__01002006___78213d9d3b,探阴山,01000000,1000000,《戏考》,《戏考》（1000000）,01002006,探阴山,家国,离散,1,序幕/前置内容,scene_cooccurrence
pdf_01000000__01002007___67f109e2e1,打金枝,01000000,1000000,《戏考》,《戏考》（1000000）,01002007,打金枝,亲情,喜剧,1,序幕/前置内容,scene_cooccurrence
pdf_01000000__01002007___67f109e2e1,打金枝,01000000,1000000,《戏考》,《戏考》（1000000）,01002007,打金枝,亲情,家国,1,序幕/前置内容,scene_cooccurrence
pdf_01000000__01002007___67f109e2e1,打金枝,01000000,1000000,《戏考》,《戏考》（1000000）,01002007,打金枝,喜剧,家国,1,序幕/前置内容,scene_cooccurrence
pdf_01000000__01002008___7e0325cb8b,八义图,01000000,1000000,《戏考》,《戏考》（1000000）,01002008,八义图,亲情,忠义,2,【第一场】,scene_cooccurrence
pdf_01000000__01002008___7e0325cb8b,八义图,01000000,1000000,《戏考》,《戏考》（1000000）,01002008,八义图,忠义,权谋,2,【第三场】,scene_cooccurrence
pdf_01000000__01002008___7e0325cb8b,八义图,01000000,1000000,《戏考》,《戏考》（1000000）,01002008,八义图,忠义,牺牲,2,【第一场】,scene_cooccurrence
pdf_01000000__01002008___7e0325cb8b,八义图,01000000,1000000,《戏考》,《戏考》（1000000）,01002008,八义图,亲情,家国,1,序幕/前置内容,scene_cooccurrence
pdf_01000000__01002008___7e0325cb8b,八义图,01000000,1000000,《戏考》,《戏考》（1000000）,01002008,八义图,亲情,救孤,1,【第一场】,scene_cooccurrence
pdf_01000000__01002008___7e0325cb8b,八义图,01000000,1000000,《戏考》,《戏考》（1000000）,01002008,八义图,亲情,权谋,1,序幕/前置内容,scene_cooccurrence
pdf_01000000__01002008___7e0325cb8b,八义图,01000000,1000000,《戏考》,《戏考》（1000000）,01002008,八义图,亲情,牺牲,1,【第一场】,scene_cooccurrence
pdf_01000000__01002008___7e0325cb8b,八义图,01000000,1000000,《戏考》,《戏考》（1000000）,01002008,八义图,亲情,离散,1,序幕/前置内容,scene_cooccurrence
pdf_01000000__01002008___7e0325cb8b,八义图,01000000,1000000,《戏考》,《戏考》（1000000）,01002008,八义图,伪装,复仇,1,【第四场】,scene_cooccurrence
pdf_01000000__01002008___7e0325cb8b,八义图,01000000,1000000,《戏考》,《戏考》（1000000）,01002008,八义图,伪装,忠义,1,【第四场】,scene_cooccurrence
pdf_01000000__01002008___7e0325cb8b,八义图,01000000,1000000,《戏考》,《戏考》（1000000）,01002008,八义图,伪装,牺牲,1,【第四场】,scene_cooccurrence
pdf_01000000__01002008___7e0325cb8b,八义图,01000000,1000000,《戏考》,《戏考》（1000000）,01002008,八义图,复仇,忠义,1,【第四场】,scene_cooccurrence
pdf_01000000__01002008___7e0325cb8b,八义图,01000000,1000000,《戏考》,《戏考》（1000000）,01002008,八义图,复仇,牺牲,1,【第四场】,scene_cooccurrence
pdf_01000000__01002008___7e0325cb8b,八义图,01000000,1000000,《戏考》,《戏考》（1000000）,01002008,八义图,家国,忠义,1,序幕/前置内容,scene_cooccurrence
pdf_01000000__01002008___7e0325cb8b,八义图,01000000,1000000,《戏考》,《戏考》（1000000）,01002008,八义图,家国,权谋,1,序幕/前置内容,scene_cooccurrence
pdf_01000000__01002008___7e0325cb8b,八义图,01000000,1000000,《戏考》,《戏考》（1000000）,01002008,八义图,家国,离散,1,序幕/前置内容,scene_cooccurrence
pdf_01000000__01002008___7e0325cb8b,八义图,01000000,1000000,《戏考》,《戏考》（1000000）,01002008,八义图,忠义,救孤,1,【第一场】,scene_cooccurrence
pdf_01000000__01002008___7e0325cb8b,八义图,01000000,1000000,《戏考》,《戏考》（1000000）,01002008,八义图,忠义,牺牲与迫害,1,【第三场】,scene_cooccurrence
pdf_01000000__01002008___7e0325cb8b,八义图,01000000,1000000,《戏考》,《戏考》（1000000）,01002008,八义图,忠义,离散,1,序幕/前置内容,scene_cooccurrence
pdf_01000000__01002008___7e0325cb8b,八义图,01000000,1000000,《戏考》,《戏考》（1000000）,01002008,八义图,救孤,牺牲,1,【第一场】,scene_cooccurrence
pdf_01000000__01002008___7e0325cb8b,八义图,01000000,1000000,《戏考》,《戏考》（1000000）,01002008,八义图,权谋,牺牲与迫害,1,【第三场】,scene_cooccurrence
pdf_01000000__01002008___7e0325cb8b,八义图,01000000,1000000,《戏考》,《戏考》（1000000）,01002008,八义图,权谋,离散,1,序幕/前置内容,scene_cooccurrence
pdf_01000000__01002009___15e6fa6cec,鱼肠剑,01000000,1000000,《戏考》,《戏考》（1000000）,01002009,鱼肠剑,亲情,家国,2,序幕/前置内容,scene_cooccurrence
pdf_01000000__01002009___15e6fa6cec,鱼肠剑,01000000,1000000,《戏考》,《戏考》（1000000）,01002009,鱼肠剑,亲情,情爱,2,序幕/前置内容,scene_cooccurrence
pdf_01000000__01002009___15e6fa6cec,鱼肠剑,01000000,1000000,《戏考》,《戏考》（1000000）,01002009,鱼肠剑,亲情,战争,2,序幕/前置内容,scene_cooccurrence
pdf_01000000__01002009___15e6fa6cec,鱼肠剑,01000000,1000000,《戏考》,《戏考》（1000000）,01002009,鱼肠剑,亲情,离散,2,序幕/前置内容,scene_cooccurrence
pdf_01000000__01002009___15e6fa6cec,鱼肠剑,01000000,1000000,《戏考》,《戏考》（1000000）,01002009,鱼肠剑,复仇,忠义,2,【第二场】,scene_cooccurrence
pdf_01000000__01002009___15e6fa6cec,鱼肠剑,01000000,1000000,《戏考》,《戏考》（1000000）,01002009,鱼肠剑,家国,情爱,2,序幕/前置内容,scene_cooccurrence
pdf_01000000__01002009___15e6fa6cec,鱼肠剑,01000000,1000000,《戏考》,《戏考》（1000000）,01002009,鱼肠剑,家国,战争,2,序幕/前置内容,scene_cooccurrence
pdf_01000000__01002009___15e6fa6cec,鱼肠剑,01000000,1000000,《戏考》,《戏考》（1000000）,01002009,鱼肠剑,家国,离散,2,序幕/前置内容,scene_cooccurrence
pdf_01000000__01002009___15e6fa6cec,鱼肠剑,01000000,1000000,《戏考》,《戏考》（1000000）,01002009,鱼肠剑,情爱,战争,2,序幕/前置内容,scene_cooccurrence
pdf_01000000__01002009___15e6fa6cec,鱼肠剑,01000000,1000000,《戏考》,《戏考》（1000000）,01002009,鱼肠剑,情爱,离散,2,序幕/前置内容,scene_cooccurrence
pdf_01000000__01002009___15e6fa6cec,鱼肠剑,01000000,1000000,《戏考》,《戏考》（1000000）,01002009,鱼肠剑,战争,离散,2,序幕/前置内容,scene_cooccurrence
pdf_01000000__01002009___15e6fa6cec,鱼肠剑,01000000,1000000,《戏考》,《戏考》（1000000）,01002009,鱼肠剑,困顿,复仇,1,【第二场】,scene_cooccurrence
pdf_01000000__01002009___15e6fa6cec,鱼肠剑,01000000,1000000,《戏考》,《戏考》（1000000）,01002009,鱼肠剑,困顿,忠义,1,【第二场】,scene_cooccurrence
pdf_01000000__01002009___15e6fa6cec,鱼肠剑,01000000,1000000,《戏考》,《戏考》（1000000）,01002009,鱼肠剑,困顿,结交,1,【第二场】,scene_cooccurrence
pdf_01000000__01002009___15e6fa6cec,鱼肠剑,01000000,1000000,《戏考》,《戏考》（1000000）,01002009,鱼肠剑,复仇,牺牲,1,【第四场】,scene_cooccurrence
pdf_01000000__01002009___15e6fa6cec,鱼肠剑,01000000,1000000,《戏考》,《戏考》（1000000）,01002009,鱼肠剑,复仇,知遇之恩,1,【第四场】,scene_cooccurrence
pdf_01000000__01002009___15e6fa6cec,鱼肠剑,01000000,1000000,《戏考》,《戏考》（1000000）,01002009,鱼肠剑,复仇,结交,1,【第二场】,scene_cooccurrence
pdf_01000000__01002009___15e6fa6cec,鱼肠剑,01000000,1000000,《戏考》,《戏考》（1000000）,01002009,鱼肠剑,宫廷,权力欲望,1,【第三场】,scene_cooccurrence
pdf_01000000__01002009___15e6fa6cec,鱼肠剑,01000000,1000000,《戏考》,《戏考》（1000000）,01002009,鱼肠剑,忠义,牺牲,1,【第四场】,scene_cooccurrence
pdf_01000000__01002009___15e6fa6cec,鱼肠剑,01000000,1000000,《戏考》,《戏考》（1000000）,01002009,鱼肠剑,忠义,知遇之恩,1,【第四场】,scene_cooccurrence
pdf_01000000__01002009___15e6fa6cec,鱼肠剑,01000000,1000000,《戏考》,《戏考》（1000000）,01002009,鱼肠剑,忠义,结交,1,【第二场】,scene_cooccurrence
pdf_01000000__01002009___15e6fa6cec,鱼肠剑,01000000,1000000,《戏考》,《戏考》（1000000）,01002009,鱼肠剑,牺牲,知遇之恩,1,【第四场】,scene_cooccurrence
pdf_01000000__01002010___3013c653cd,钓金龟,01000000,1000000,《戏考》,《戏考》（1000000）,01002010,钓金龟,亲情,公案,1,序幕/前置内容,scene_cooccurrence
pdf_01000000__01002010___3013c653cd,钓金龟,01000000,1000000,《戏考》,《戏考》（1000000）,01002010,钓金龟,亲情,家国,1,序幕/前置内容,scene_cooccurrence
pdf_01000000__01002010___3013c653cd,钓金龟,01000000,1000000,《戏考》,《戏考》（1000000）,01002010,钓金龟,亲情,忠义,1,序幕/前置内容,scene_cooccurrence
pdf_01000000__01002010___3013c653cd,钓金龟,01000000,1000000,《戏考》,《戏考》（1000000）,01002010,钓金龟,公案,家国,1,序幕/前置内容,scene_cooccurrence
pdf_01000000__01002010___3013c653cd,钓金龟,01000000,1000000,《戏考》,《戏考》（1000000）,01002010,钓金龟,公案,忠义,1,序幕/前置内容,scene_cooccurrence
pdf_01000000__01002010___3013c653cd,钓金龟,01000000,1000000,《戏考》,《戏考》（1000000）,01002010,钓金龟,家国,忠义,1,序幕/前置内容,scene_cooccurrence
pdf_01000000__01002011___1a9416b419,梅龙镇,01000000,1000000,《戏考》,《戏考》（1000000）,01002011,梅龙镇,亲情,公案,1,序幕/前置内容,scene_cooccurrence
pdf_01000000__01002011___1a9416b419,梅龙镇,01000000,1000000,《戏考》,《戏考》（1000000）,01002011,梅龙镇,亲情,喜剧,1,序幕/前置内容,scene_cooccurrence
pdf_01000000__01002011___1a9416b419,梅龙镇,01000000,1000000,《戏考》,《戏考》（1000000）,01002011,梅龙镇,亲情,家国,1,序幕/前置内容,scene_cooccurrence
pdf_01000000__01002011___1a9416b419,梅龙镇,01000000,1000000,《戏考》,《戏考》（1000000）,01002011,梅龙镇,亲情,战争,1,序幕/前置内容,scene_cooccurrence
pdf_01000000__01002011___1a9416b419,梅龙镇,01000000,1000000,《戏考》,《戏考》（1000000）,01002011,梅龙镇,亲情,权谋,1,序幕/前置内容,scene_cooccurrence
pdf_01000000__01002011___1a9416b419,梅龙镇,01000000,1000000,《戏考》,《戏考》（1000000）,01002011,梅龙镇,亲情,离散,1,序幕/前置内容,scene_cooccurrence
pdf_01000000__01002011___1a9416b419,梅龙镇,01000000,1000000,《戏考》,《戏考》（1000000）,01002011,梅龙镇,公案,喜剧,1,序幕/前置内容,scene_cooccurrence
pdf_01000000__01002011___1a9416b419,梅龙镇,01000000,1000000,《戏考》,《戏考》（1000000）,01002011,梅龙镇,公案,家国,1,序幕/前置内容,scene_cooccurrence
pdf_01000000__01002011___1a9416b419,梅龙镇,01000000,1000000,《戏考》,《戏考》（1000000）,01002011,梅龙镇,公案,战争,1,序幕/前置内容,scene_cooccurrence
pdf_01000000__01002011___1a9416b419,梅龙镇,01000000,1000000,《戏考》,《戏考》（1000000）,01002011,梅龙镇,公案,权谋,1,序幕/前置内容,scene_cooccurrence
pdf_01000000__01002011___1a9416b419,梅龙镇,01000000,1000000,《戏考》,《戏考》（1000000）,01002011,梅龙镇,公案,离散,1,序幕/前置内容,scene_cooccurrence
pdf_01000000__01002011___1a9416b419,梅龙镇,01000000,1000000,《戏考》,《戏考》（1000000）,01002011,梅龙镇,喜剧,家国,1,序幕/前置内容,scene_cooccurrence
pdf_01000000__01002011___1a9416b419,梅龙镇,01000000,1000000,《戏考》,《戏考》（1000000）,01002011,梅龙镇,喜剧,战争,1,序幕/前置内容,scene_cooccurrence
pdf_01000000__01002011___1a9416b419,梅龙镇,01000000,1000000,《戏考》,《戏考》（1000000）,01002011,梅龙镇,喜剧,权谋,1,序幕/前置内容,scene_cooccurrence
pdf_01000000__01002011___1a9416b419,梅龙镇,01000000,1000000,《戏考》,《戏考》（1000000）,01002011,梅龙镇,喜剧,离散,1,序幕/前置内容,scene_cooccurrence
pdf_01000000__01002011___1a9416b419,梅龙镇,01000000,1000000,《戏考》,《戏考》（1000000）,01002011,梅龙镇,宫廷,情爱,1,【第二场】,scene_cooccurrence
pdf_01000000__01002011___1a9416b419,梅龙镇,01000000,1000000,《戏考》,《戏考》（1000000）,01002011,梅龙镇,宫廷,权力与身份,1,【第二场】,scene_cooccurrence
pdf_01000000__01002011___1a9416b419,梅龙镇,01000000,1000000,《戏考》,《戏考》（1000000）,01002011,梅龙镇,家国,战争,1,序幕/前置内容,scene_cooccurrence
pdf_01000000__01002011___1a9416b419,梅龙镇,01000000,1000000,《戏考》,《戏考》（1000000）,01002011,梅龙镇,家国,权谋,1,序幕/前置内容,scene_cooccurrence
pdf_01000000__01002011___1a9416b419,梅龙镇,01000000,1000000,《戏考》,《戏考》（1000000）,01002011,梅龙镇,家国,离散,1,序幕/前置内容,scene_cooccurrence
pdf_01000000__01002011___1a9416b419,梅龙镇,01000000,1000000,《戏考》,《戏考》（1000000）,01002011,梅龙镇,情爱,权力与身份,1,【第二场】,scene_cooccurrence
pdf_01000000__01002011___1a9416b419,梅龙镇,01000000,1000000,《戏考》,《戏考》（1000000）,01002011,梅龙镇,情爱,身份伪装,1,【第一场】,scene_cooccurrence
pdf_01000000__01002011___1a9416b419,梅龙镇,01000000,1000000,《戏考》,《戏考》（1000000）,01002011,梅龙镇,情爱,阶级差异,1,【第一场】,scene_cooccurrence
pdf_01000000__01002011___1a9416b419,梅龙镇,01000000,1000000,《戏考》,《戏考》（1000000）,01002011,梅龙镇,战争,权谋,1,序幕/前置内容,scene_cooccurrence
pdf_01000000__01002011___1a9416b419,梅龙镇,01000000,1000000,《戏考》,《戏考》（1000000）,01002011,梅龙镇,战争,离散,1,序幕/前置内容,scene_cooccurrence
pdf_01000000__01002011___1a9416b419,梅龙镇,01000000,1000000,《戏考》,《戏考》（1000000）,01002011,梅龙镇,权谋,离散,1,序幕/前置内容,scene_cooccurrence
pdf_01000000__01002011___1a9416b419,梅龙镇,01000000,1000000,《戏考》,《戏考》（1000000）,01002011,梅龙镇,身份伪装,阶级差异,1,【第一场】,scene_cooccurrence
pdf_01000000__01002012___6c0f4ca58e,白门楼,01000000,1000000,《戏考》,《戏考》（1000000）,01002012,白门楼,忠义,悲情,3,【第三场】,scene_cooccurrence
pdf_01000000__01002012___6c0f4ca58e,白门楼,01000000,1000000,《戏考》,《戏考》（1000000）,01002012,白门楼,悲情,英雄末路,3,【第六场】,scene_cooccurrence
pdf_01000000__01002012___6c0f4ca58e,白门楼,01000000,1000000,《戏考》,《戏考》（1000000）,01002012,白门楼,使命,悲情,2,【第六场】,scene_cooccurrence
pdf_01000000__01002012___6c0f4ca58e,白门楼,01000000,1000000,《戏考》,《戏考》（1000000）,01002012,白门楼,忠义,战争,2,【第五场】,scene_cooccurrence
pdf_01000000__01002012___6c0f4ca58e,白门楼,01000000,1000000,《戏考》,《戏考》（1000000）,01002012,白门楼,忠义,权谋,2,【第五场】,scene_cooccurrence
pdf_01000000__01002012___6c0f4ca58e,白门楼,01000000,1000000,《戏考》,《戏考》（1000000）,01002012,白门楼,众叛亲离,悲情,1,【第八场】,scene_cooccurrence
pdf_01000000__01002012___6c0f4ca58e,白门楼,01000000,1000000,《戏考》,《戏考》（1000000）,01002012,白门楼,众叛亲离,英雄末路,1,【第八场】,scene_cooccurrence
pdf_01000000__01002012___6c0f4ca58e,白门楼,01000000,1000000,《戏考》,《戏考》（1000000）,01002012,白门楼,使命,忠义,1,【第七场】,scene_cooccurrence
pdf_01000000__01002012___6c0f4ca58e,白门楼,01000000,1000000,《戏考》,《戏考》（1000000）,01002012,白门楼,使命,英雄末路,1,【第六场】,scene_cooccurrence
pdf_01000000__01002012___6c0f4ca58e,白门楼,01000000,1000000,《戏考》,《戏考》（1000000）,01002012,白门楼,对抗,战争,1,【第四场】,scene_cooccurrence
pdf_01000000__01002012___6c0f4ca58e,白门楼,01000000,1000000,《戏考》,《戏考》（1000000）,01002012,白门楼,对抗,英雄末路,1,【第四场】,scene_cooccurrence
pdf_01000000__01002012___6c0f4ca58e,白门楼,01000000,1000000,《戏考》,《戏考》（1000000）,01002012,白门楼,忠义,情爱,1,序幕/前置内容,scene_cooccurrence
pdf_01000000__01002012___6c0f4ca58e,白门楼,01000000,1000000,《戏考》,《戏考》（1000000）,01002012,白门楼,忠义,沉溺酒色,1,【第三场】,scene_cooccurrence
pdf_01000000__01002012___6c0f4ca58e,白门楼,01000000,1000000,《戏考》,《戏考》（1000000）,01002012,白门楼,忠义,英雄末路,1,【第九场】,scene_cooccurrence
pdf_01000000__01002012___6c0f4ca58e,白门楼,01000000,1000000,《戏考》,《戏考》（1000000）,01002012,白门楼,悲情,权谋,1,【第九场】,scene_cooccurrence
pdf_01000000__01002012___6c0f4ca58e,白门楼,01000000,1000000,《戏考》,《戏考》（1000000）,01002012,白门楼,悲情,沉溺酒色,1,【第三场】,scene_cooccurrence
pdf_01000000__01002012___6c0f4ca58e,白门楼,01000000,1000000,《戏考》,《戏考》（1000000）,01002012,白门楼,情爱,战争,1,序幕/前置内容,scene_cooccurrence
pdf_01000000__01002012___6c0f4ca58e,白门楼,01000000,1000000,《戏考》,《戏考》（1000000）,01002012,白门楼,战争,权力争夺,1,【第二场】,scene_cooccurrence
pdf_01000000__01002012___6c0f4ca58e,白门楼,01000000,1000000,《戏考》,《戏考》（1000000）,01002012,白门楼,战争,权谋,1,【第五场】,scene_cooccurrence
pdf_01000000__01002012___6c0f4ca58e,白门楼,01000000,1000000,《戏考》,《戏考》（1000000）,01002012,白门楼,战争,联盟与背叛,1,【第二场】,scene_cooccurrence
pdf_01000000__01002012___6c0f4ca58e,白门楼,01000000,1000000,《戏考》,《戏考》（1000000）,01002012,白门楼,战争,英雄末路,1,【第四场】,scene_cooccurrence
pdf_01000000__01002012___6c0f4ca58e,白门楼,01000000,1000000,《戏考》,《戏考》（1000000）,01002012,白门楼,权力争夺,联盟与背叛,1,【第二场】,scene_cooccurrence
pdf_01000000__01002012___6c0f4ca58e,白门楼,01000000,1000000,《戏考》,《戏考》（1000000）,01002012,白门楼,权谋,英雄末路,1,【第九场】,scene_cooccurrence
pdf_01000000__01002013___a1d909916b,华容道,01000000,1000000,《戏考》,《戏考》（1000000）,01002013,华容道,忠义,情爱,1,序幕/前置内容,scene_cooccurrence
pdf_01000000__01002013___a1d909916b,华容道,01000000,1000000,《戏考》,《戏考》（1000000）,01002013,华容道,忠义,战争,1,序幕/前置内容,scene_cooccurrence
pdf_01000000__01002013___a1d909916b,华容道,01000000,1000000,《戏考》,《戏考》（1000000）,01002013,华容道,忠义,离散,1,序幕/前置内容,scene_cooccurrence
pdf_01000000__01002013___a1d909916b,华容道,01000000,1000000,《戏考》,《戏考》（1000000）,01002013,华容道,情爱,战争,1,序幕/前置内容,scene_cooccurrence
pdf_01000000__01002013___a1d909916b,华容道,01000000,1000000,《戏考》,《戏考》（1000000）,01002013,华容道,情爱,离散,1,序幕/前置内容,scene_cooccurrence
pdf_01000000__01002013___a1d909916b,华容道,01000000,1000000,《戏考》,《戏考》（1000000）,01002013,华容道,战争,离散,1,序幕/前置内容,scene_cooccurrence
pdf_01000000__01002014___534d1c1fdb,宇宙锋,01000000,1000000,《戏考》,《戏考》（1000000）,01002014,宇宙锋,亲情,喜剧,1,序幕/前置内容,scene_cooccurrence
pdf_01000000__01002014___534d1c1fdb,宇宙锋,01000000,1000000,《戏考》,《戏考》（1000000）,01002014,宇宙锋,亲情,家国,1,序幕/前置内容,scene_cooccurrence
pdf_01000000__01002014___534d1c1fdb,宇宙锋,01000000,1000000,《戏考》,《戏考》（1000000）,01002014,宇宙锋,喜剧,家国,1,序幕/前置内容,scene_cooccurrence
pdf_01000000__01002014___534d1c1fdb,宇宙锋,01000000,1000000,《戏考》,《戏考》（1000000）,01002014,宇宙锋,女性反抗,忠义,1,【第一场】,scene_cooccurrence
pdf_01000000__01002014___534d1c1fdb,宇宙锋,01000000,1000000,《戏考》,《戏考》（1000000）,01002014,宇宙锋,女性反抗,情爱,1,【第一场】,scene_cooccurrence
pdf_01000000__01002014___534d1c1fdb,宇宙锋,01000000,1000000,《戏考》,《戏考》（1000000）,01002014,宇宙锋,女性反抗,权力压迫,1,【第一场】,scene_cooccurrence
pdf_01000000__01002014___534d1c1fdb,宇宙锋,01000000,1000000,《戏考》,《戏考》（1000000）,01002014,宇宙锋,女性抗争,忠义,1,【第二场】,scene_cooccurrence
pdf_01000000__01002014___534d1c1fdb,宇宙锋,01000000,1000000,《戏考》,《戏考》（1000000）,01002014,宇宙锋,女性抗争,装疯抗暴,1,【第二场】,scene_cooccurrence
pdf_01000000__01002014___534d1c1fdb,宇宙锋,01000000,1000000,《戏考》,《戏考》（1000000）,01002014,宇宙锋,忠义,情爱,1,【第一场】,scene_cooccurrence
pdf_01000000__01002014___534d1c1fdb,宇宙锋,01000000,1000000,《戏考》,《戏考》（1000000）,01002014,宇宙锋,忠义,权力压迫,1,【第一场】,scene_cooccurrence
pdf_01000000__01002014___534d1c1fdb,宇宙锋,01000000,1000000,《戏考》,《戏考》（1000000）,01002014,宇宙锋,忠义,装疯抗暴,1,【第二场】,scene_cooccurrence
pdf_01000000__01002014___534d1c1fdb,宇宙锋,01000000,1000000,《戏考》,《戏考》（1000000）,01002014,宇宙锋,情爱,权力压迫,1,【第一场】,scene_cooccurrence
pdf_01000000__01002015___26a42a307f,取帅印,01000000,1000000,《戏考》,《戏考》（1000000）,01002015,取帅印,亲情,战争,1,序幕/前置内容,scene_cooccurrence
pdf_01000000__01002015___26a42a307f,取帅印,01000000,1000000,《戏考》,《戏考》（1000000）,01002015,取帅印,家国,忠义,1,【第二场】,scene_cooccurrence
pdf_01000000__01002015___26a42a307f,取帅印,01000000,1000000,《戏考》,《戏考》（1000000）,01002015,取帅印,家国,权力交接,1,【第二场】,scene_cooccurrence
pdf_01000000__01002015___26a42a307f,取帅印,01000000,1000000,《戏考》,《戏考》（1000000）,01002015,取帅印,忠义,情爱,1,【第一场】,scene_cooccurrence
pdf_01000000__01002015___26a42a307f,取帅印,01000000,1000000,《戏考》,《戏考》（1000000）,01002015,取帅印,忠义,权力交接,1,【第二场】,scene_cooccurrence
pdf_01000000__01002015___26a42a307f,取帅印,01000000,1000000,《戏考》,《戏考》（1000000）,01002015,取帅印,忠义,权力斗争,1,【第一场】,scene_cooccurrence
pdf_01000000__01002015___26a42a307f,取帅印,01000000,1000000,《戏考》,《戏考》（1000000）,01002015,取帅印,忠义,权谋,1,【第一场】,scene_cooccurrence
pdf_01000000__01002015___26a42a307f,取帅印,01000000,1000000,《戏考》,《戏考》（1000000）,01002015,取帅印,情爱,权力斗争,1,【第一场】,scene_cooccurrence
pdf_01000000__01002015___26a42a307f,取帅印,01000000,1000000,《戏考》,《戏考》（1000000）,01002015,取帅印,情爱,权谋,1,【第一场】,scene_cooccurrence
pdf_01000000__01002015___26a42a307f,取帅印,01000000,1000000,《戏考》,《戏考》（1000000）,01002015,取帅印,权力斗争,权谋,1,【第一场】,scene_cooccurrence
pdf_01000000__01002016___7c4fa6e0d0,打渔杀家,01000000,1000000,《戏考》,《戏考》（1000000）,01002016,打渔杀家,反抗,阶级压迫,2,【第三场】,scene_cooccurrence
pdf_01000000__01002016___7c4fa6e0d0,打渔杀家,01000000,1000000,《戏考》,《戏考》（1000000）,01002016,打渔杀家,复仇,阶级压迫,2,【第五场】,scene_cooccurrence
pdf_01000000__01002016___7c4fa6e0d0,打渔杀家,01000000,1000000,《戏考》,《戏考》（1000000）,01002016,打渔杀家,亲情,公案,1,序幕/前置内容,scene_cooccurrence
pdf_01000000__01002016___7c4fa6e0d0,打渔杀家,01000000,1000000,《戏考》,《戏考》（1000000）,01002016,打渔杀家,亲情,家国,1,序幕/前置内容,scene_cooccurrence
pdf_01000000__01002016___7c4fa6e0d0,打渔杀家,01000000,1000000,《戏考》,《戏考》（1000000）,01002016,打渔杀家,亲情,离散,1,序幕/前置内容,scene_cooccurrence
pdf_01000000__01002016___7c4fa6e0d0,打渔杀家,01000000,1000000,《戏考》,《戏考》（1000000）,01002016,打渔杀家,公案,家国,1,序幕/前置内容,scene_cooccurrence
pdf_01000000__01002016___7c4fa6e0d0,打渔杀家,01000000,1000000,《戏考》,《戏考》（1000000）,01002016,打渔杀家,公案,离散,1,序幕/前置内容,scene_cooccurrence
pdf_01000000__01002016___7c4fa6e0d0,打渔杀家,01000000,1000000,《戏考》,《戏考》（1000000）,01002016,打渔杀家,反抗,复仇,1,【第六场】,scene_cooccurrence
pdf_01000000__01002016___7c4fa6e0d0,打渔杀家,01000000,1000000,《戏考》,《戏考》（1000000）,01002016,打渔杀家,反抗,情爱,1,【第六场】,scene_cooccurrence
pdf_01000000__01002016___7c4fa6e0d0,打渔杀家,01000000,1000000,《戏考》,《戏考》（1000000）,01002016,打渔杀家,反抗,生存困境,1,【第三场】,scene_cooccurrence
pdf_01000000__01002016___7c4fa6e0d0,打渔杀家,01000000,1000000,《戏考》,《戏考》（1000000）,01002016,打渔杀家,复仇,情爱,1,【第六场】,scene_cooccurrence
pdf_01000000__01002016___7c4fa6e0d0,打渔杀家,01000000,1000000,《戏考》,《戏考》（1000000）,01002016,打渔杀家,复仇,暴力与法律,1,【第五场】,scene_cooccurrence
pdf_01000000__01002016___7c4fa6e0d0,打渔杀家,01000000,1000000,《戏考》,《戏考》（1000000）,01002016,打渔杀家,家国,离散,1,序幕/前置内容,scene_cooccurrence
pdf_01000000__01002016___7c4fa6e0d0,打渔杀家,01000000,1000000,《戏考》,《戏考》（1000000）,01002016,打渔杀家,忠义,情爱,1,【第一场】,scene_cooccurrence
pdf_01000000__01002016___7c4fa6e0d0,打渔杀家,01000000,1000000,《戏考》,《戏考》（1000000）,01002016,打渔杀家,忠义,贫困与生存,1,【第二场】,scene_cooccurrence
pdf_01000000__01002016___7c4fa6e0d0,打渔杀家,01000000,1000000,《戏考》,《戏考》（1000000）,01002016,打渔杀家,忠义,阶级压迫,1,【第二场】,scene_cooccurrence
pdf_01000000__01002016___7c4fa6e0d0,打渔杀家,01000000,1000000,《戏考》,《戏考》（1000000）,01002016,打渔杀家,情爱,阶级压迫,1,【第六场】,scene_cooccurrence
pdf_01000000__01002016___7c4fa6e0d0,打渔杀家,01000000,1000000,《戏考》,《戏考》（1000000）,01002016,打渔杀家,暴力与法律,阶级压迫,1,【第五场】,scene_cooccurrence
pdf_01000000__01002016___7c4fa6e0d0,打渔杀家,01000000,1000000,《戏考》,《戏考》（1000000）,01002016,打渔杀家,生存困境,阶级压迫,1,【第三场】,scene_cooccurrence
pdf_01000000__01002016___7c4fa6e0d0,打渔杀家,01000000,1000000,《戏考》,《戏考》（1000000）,01002016,打渔杀家,贫困与生存,阶级压迫,1,【第二场】,scene_cooccurrence
pdf_01000000__01002017___248eca40c2,黑风帕,01000000,1000000,《戏考》,《戏考》（1000000）,01002017,黑风帕,家国,忠义,2,【第一场】,scene_cooccurrence
pdf_01000000__01002017___248eca40c2,黑风帕,01000000,1000000,《戏考》,《戏考》（1000000）,01002017,黑风帕,家国,权谋,2,【第一场】,scene_cooccurrence
pdf_01000000__01002017___248eca40c2,黑风帕,01000000,1000000,《戏考》,《戏考》（1000000）,01002017,黑风帕,忠义,权谋,2,【第一场】,scene_cooccurrence
pdf_01000000__01002017___248eca40c2,黑风帕,01000000,1000000,《戏考》,《戏考》（1000000）,01002017,黑风帕,亲情,喜剧,1,序幕/前置内容,scene_cooccurrence
pdf_01000000__01002017___248eca40c2,黑风帕,01000000,1000000,《戏考》,《戏考》（1000000）,01002017,黑风帕,亲情,家国,1,序幕/前置内容,scene_cooccurrence
pdf_01000000__01002017___248eca40c2,黑风帕,01000000,1000000,《戏考》,《戏考》（1000000）,01002017,黑风帕,亲情,忠义,1,序幕/前置内容,scene_cooccurrence
pdf_01000000__01002017___248eca40c2,黑风帕,01000000,1000000,《戏考》,《戏考》（1000000）,01002017,黑风帕,亲情,情爱,1,序幕/前置内容,scene_cooccurrence
pdf_01000000__01002017___248eca40c2,黑风帕,01000000,1000000,《戏考》,《戏考》（1000000）,01002017,黑风帕,亲情,战争,1,序幕/前置内容,scene_cooccurrence
pdf_01000000__01002017___248eca40c2,黑风帕,01000000,1000000,《戏考》,《戏考》（1000000）,01002017,黑风帕,亲情,权谋,1,序幕/前置内容,scene_cooccurrence
pdf_01000000__01002017___248eca40c2,黑风帕,01000000,1000000,《戏考》,《戏考》（1000000）,01002017,黑风帕,亲情,离散,1,序幕/前置内容,scene_cooccurrence
pdf_01000000__01002017___248eca40c2,黑风帕,01000000,1000000,《戏考》,《戏考》（1000000）,01002017,黑风帕,亲情,身份验证,1,【第六场】,scene_cooccurrence
pdf_01000000__01002017___248eca40c2,黑风帕,01000000,1000000,《戏考》,《戏考》（1000000）,01002017,黑风帕,以技克技,斗法,1,【第三场】,scene_cooccurrence
pdf_01000000__01002017___248eca40c2,黑风帕,01000000,1000000,《戏考》,《戏考》（1000000）,01002017,黑风帕,以技克技,自信与傲慢,1,【第三场】,scene_cooccurrence
pdf_01000000__01002017___248eca40c2,黑风帕,01000000,1000000,《戏考》,《戏考》（1000000）,01002017,黑风帕,伪装与识破,智斗,1,【第二场】,scene_cooccurrence
pdf_01000000__01002017___248eca40c2,黑风帕,01000000,1000000,《戏考》,《戏考》（1000000）,01002017,黑风帕,伪装与识破,过关,1,【第二场】,scene_cooccurrence
pdf_01000000__01002017___248eca40c2,黑风帕,01000000,1000000,《戏考》,《戏考》（1000000）,01002017,黑风帕,喜剧,家国,1,序幕/前置内容,scene_cooccurrence
pdf_01000000__01002017___248eca40c2,黑风帕,01000000,1000000,《戏考》,《戏考》（1000000）,01002017,黑风帕,喜剧,忠义,1,序幕/前置内容,scene_cooccurrence
pdf_01000000__01002017___248eca40c2,黑风帕,01000000,1000000,《戏考》,《戏考》（1000000）,01002017,黑风帕,喜剧,情爱,1,序幕/前置内容,scene_cooccurrence
pdf_01000000__01002017___248eca40c2,黑风帕,01000000,1000000,《戏考》,《戏考》（1000000）,01002017,黑风帕,喜剧,战争,1,序幕/前置内容,scene_cooccurrence
pdf_01000000__01002017___248eca40c2,黑风帕,01000000,1000000,《戏考》,《戏考》（1000000）,01002017,黑风帕,喜剧,权谋,1,序幕/前置内容,scene_cooccurrence
pdf_01000000__01002017___248eca40c2,黑风帕,01000000,1000000,《戏考》,《戏考》（1000000）,01002017,黑风帕,喜剧,离散,1,序幕/前置内容,scene_cooccurrence
pdf_01000000__01002017___248eca40c2,黑风帕,01000000,1000000,《戏考》,《戏考》（1000000）,01002017,黑风帕,家国,情爱,1,序幕/前置内容,scene_cooccurrence
pdf_01000000__01002017___248eca40c2,黑风帕,01000000,1000000,《戏考》,《戏考》（1000000）,01002017,黑风帕,家国,战争,1,序幕/前置内容,scene_cooccurrence
pdf_01000000__01002017___248eca40c2,黑风帕,01000000,1000000,《戏考》,《戏考》（1000000）,01002017,黑风帕,家国,离散,1,序幕/前置内容,scene_cooccurrence
pdf_01000000__01002017___248eca40c2,黑风帕,01000000,1000000,《戏考》,《戏考》（1000000）,01002017,黑风帕,对抗,战争,1,【第四场】,scene_cooccurrence
pdf_01000000__01002017___248eca40c2,黑风帕,01000000,1000000,《戏考》,《戏考》（1000000）,01002017,黑风帕,对抗,胜负,1,【第四场】,scene_cooccurrence
pdf_01000000__01002017___248eca40c2,黑风帕,01000000,1000000,《戏考》,《戏考》（1000000）,01002017,黑风帕,忠义,情爱,1,序幕/前置内容,scene_cooccurrence
pdf_01000000__01002017___248eca40c2,黑风帕,01000000,1000000,《戏考》,《戏考》（1000000）,01002017,黑风帕,忠义,战争,1,序幕/前置内容,scene_cooccurrence
pdf_01000000__01002017___248eca40c2,黑风帕,01000000,1000000,《戏考》,《戏考》（1000000）,01002017,黑风帕,忠义,离散,1,序幕/前置内容,scene_cooccurrence
pdf_01000000__01002017___248eca40c2,黑风帕,01000000,1000000,《戏考》,《戏考》（1000000）,01002017,黑风帕,悲情,战争,1,【第五场】,scene_cooccurrence
pdf_01000000__01002017___248eca40c2,黑风帕,01000000,1000000,《戏考》,《戏考》（1000000）,01002017,黑风帕,悲情,智勇破敌,1,【第五场】,scene_cooccurrence
pdf_01000000__01002017___248eca40c2,黑风帕,01000000,1000000,《戏考》,《戏考》（1000000）,01002017,黑风帕,情爱,战争,1,序幕/前置内容,scene_cooccurrence
pdf_01000000__01002017___248eca40c2,黑风帕,01000000,1000000,《戏考》,《戏考》（1000000）,01002017,黑风帕,情爱,权谋,1,序幕/前置内容,scene_cooccurrence
pdf_01000000__01002017___248eca40c2,黑风帕,01000000,1000000,《戏考》,《戏考》（1000000）,01002017,黑风帕,情爱,离散,1,序幕/前置内容,scene_cooccurrence
pdf_01000000__01002017___248eca40c2,黑风帕,01000000,1000000,《戏考》,《戏考》（1000000）,01002017,黑风帕,战争,智勇破敌,1,【第五场】,scene_cooccurrence
pdf_01000000__01002017___248eca40c2,黑风帕,01000000,1000000,《戏考》,《戏考》（1000000）,01002017,黑风帕,战争,权谋,1,序幕/前置内容,scene_cooccurrence
pdf_01000000__01002017___248eca40c2,黑风帕,01000000,1000000,《戏考》,《戏考》（1000000）,01002017,黑风帕,战争,离散,1,序幕/前置内容,scene_cooccurrence
pdf_01000000__01002017___248eca40c2,黑风帕,01000000,1000000,《戏考》,《戏考》（1000000）,01002017,黑风帕,战争,胜负,1,【第四场】,scene_cooccurrence
pdf_01000000__01002017___248eca40c2,黑风帕,01000000,1000000,《戏考》,《戏考》（1000000）,01002017,黑风帕,斗法,自信与傲慢,1,【第三场】,scene_cooccurrence
pdf_01000000__01002017___248eca40c2,黑风帕,01000000,1000000,《戏考》,《戏考》（1000000）,01002017,黑风帕,智斗,过关,1,【第二场】,scene_cooccurrence
pdf_01000000__01002017___248eca40c2,黑风帕,01000000,1000000,《戏考》,《戏考》（1000000）,01002017,黑风帕,权谋,离散,1,序幕/前置内容,scene_cooccurrence
pdf_01000000__01002018___8b683ca237,目莲救母,01000000,1000000,《戏考》,《戏考》（1000000）,01002018,目莲救母,亲情,公案,1,序幕/前置内容,scene_cooccurrence
pdf_01000000__01002018___8b683ca237,目莲救母,01000000,1000000,《戏考》,《戏考》（1000000）,01002018,目莲救母,亲情,喜剧,1,序幕/前置内容,scene_cooccurrence
pdf_01000000__01002018___8b683ca237,目莲救母,01000000,1000000,《戏考》,《戏考》（1000000）,01002018,目莲救母,亲情,家国,1,序幕/前置内容,scene_cooccurrence
pdf_01000000__01002018___8b683ca237,目莲救母,01000000,1000000,《戏考》,《戏考》（1000000）,01002018,目莲救母,亲情,情爱,1,序幕/前置内容,scene_cooccurrence
pdf_01000000__01002018___8b683ca237,目莲救母,01000000,1000000,《戏考》,《戏考》（1000000）,01002018,目莲救母,亲情,战争,1,序幕/前置内容,scene_cooccurrence
pdf_01000000__01002018___8b683ca237,目莲救母,01000000,1000000,《戏考》,《戏考》（1000000）,01002018,目莲救母,公案,喜剧,1,序幕/前置内容,scene_cooccurrence
pdf_01000000__01002018___8b683ca237,目莲救母,01000000,1000000,《戏考》,《戏考》（1000000）,01002018,目莲救母,公案,家国,1,序幕/前置内容,scene_cooccurrence
pdf_01000000__01002018___8b683ca237,目莲救母,01000000,1000000,《戏考》,《戏考》（1000000）,01002018,目莲救母,公案,情爱,1,序幕/前置内容,scene_cooccurrence
pdf_01000000__01002018___8b683ca237,目莲救母,01000000,1000000,《戏考》,《戏考》（1000000）,01002018,目莲救母,公案,战争,1,序幕/前置内容,scene_cooccurrence
pdf_01000000__01002018___8b683ca237,目莲救母,01000000,1000000,《戏考》,《戏考》（1000000）,01002018,目莲救母,喜剧,家国,1,序幕/前置内容,scene_cooccurrence
pdf_01000000__01002018___8b683ca237,目莲救母,01000000,1000000,《戏考》,《戏考》（1000000）,01002018,目莲救母,喜剧,情爱,1,序幕/前置内容,scene_cooccurrence
pdf_01000000__01002018___8b683ca237,目莲救母,01000000,1000000,《戏考》,《戏考》（1000000）,01002018,目莲救母,喜剧,战争,1,序幕/前置内容,scene_cooccurrence
pdf_01000000__01002018___8b683ca237,目莲救母,01000000,1000000,《戏考》,《戏考》（1000000）,01002018,目莲救母,家国,情爱,1,序幕/前置内容,scene_cooccurrence
pdf_01000000__01002018___8b683ca237,目莲救母,01000000,1000000,《戏考》,《戏考》（1000000）,01002018,目莲救母,家国,战争,1,序幕/前置内容,scene_cooccurrence
pdf_01000000__01002018___8b683ca237,目莲救母,01000000,1000000,《戏考》,《戏考》（1000000）,01002018,目莲救母,情爱,战争,1,序幕/前置内容,scene_cooccurrence
pdf_01000000__01002019___9cf1474dd0,红鸾禧,01000000,1000000,《戏考》,《戏考》（1000000）,01002019,红鸾禧,亲情,功名与安逸,1,【第三场】,scene_cooccurrence
pdf_01000000__01002019___9cf1474dd0,红鸾禧,01000000,1000000,《戏考》,《戏考》（1000000）,01002019,红鸾禧,亲情,家国,1,序幕/前置内容,scene_cooccurrence
pdf_01000000__01002019___9cf1474dd0,红鸾禧,01000000,1000000,《戏考》,《戏考》（1000000）,01002019,红鸾禧,亲情,情爱,1,序幕/前置内容,scene_cooccurrence
pdf_01000000__01002019___9cf1474dd0,红鸾禧,01000000,1000000,《戏考》,《戏考》（1000000）,01002019,红鸾禧,亲情,战争,1,序幕/前置内容,scene_cooccurrence
pdf_01000000__01002019___9cf1474dd0,红鸾禧,01000000,1000000,《戏考》,《戏考》（1000000）,01002019,红鸾禧,亲情,阶级身份,1,【第三场】,scene_cooccurrence
pdf_01000000__01002019___9cf1474dd0,红鸾禧,01000000,1000000,《戏考》,《戏考》（1000000）,01002019,红鸾禧,功名与安逸,阶级身份,1,【第三场】,scene_cooccurrence
pdf_01000000__01002019___9cf1474dd0,红鸾禧,01000000,1000000,《戏考》,《戏考》（1000000）,01002019,红鸾禧,吉祥,喜庆,1,【第二场】,scene_cooccurrence
pdf_01000000__01002019___9cf1474dd0,红鸾禧,01000000,1000000,《戏考》,《戏考》（1000000）,01002019,红鸾禧,家国,情爱,1,序幕/前置内容,scene_cooccurrence
pdf_01000000__01002019___9cf1474dd0,红鸾禧,01000000,1000000,《戏考》,《戏考》（1000000）,01002019,红鸾禧,家国,战争,1,序幕/前置内容,scene_cooccurrence
pdf_01000000__01002019___9cf1474dd0,红鸾禧,01000000,1000000,《戏考》,《戏考》（1000000）,01002019,红鸾禧,情爱,战争,1,序幕/前置内容,scene_cooccurrence
pdf_01000000__01002019___9cf1474dd0,红鸾禧,01000000,1000000,《戏考》,《戏考》（1000000）,01002019,红鸾禧,情爱,救助,1,【第一场】,scene_cooccurrence
pdf_01000000__01002019___9cf1474dd0,红鸾禧,01000000,1000000,《戏考》,《戏考》（1000000）,01002019,红鸾禧,情爱,阶级跨越,1,【第一场】,scene_cooccurrence
pdf_01000000__01002019___9cf1474dd0,红鸾禧,01000000,1000000,《戏考》,《戏考》（1000000）,01002019,红鸾禧,救助,阶级跨越,1,【第一场】,scene_cooccurrence
pdf_01000000__01002020___b68a4c781b,白状元祭塔,01000000,1000000,《戏考》,《戏考》（1000000）,01002020,白状元祭塔,亲情,孝道,2,【第一场】,scene_cooccurrence
pdf_01000000__01002020___b68a4c781b,白状元祭塔,01000000,1000000,《戏考》,《戏考》（1000000）,01002020,白状元祭塔,亲情,功名,1,【第一场】,scene_cooccurrence
pdf_01000000__01002020___b68a4c781b,白状元祭塔,01000000,1000000,《戏考》,《戏考》（1000000）,01002020,白状元祭塔,亲情,喜剧,1,序幕/前置内容,scene_cooccurrence
pdf_01000000__01002020___b68a4c781b,白状元祭塔,01000000,1000000,《戏考》,《戏考》（1000000）,01002020,白状元祭塔,亲情,悲情,1,【第二场】,scene_cooccurrence
pdf_01000000__01002020___b68a4c781b,白状元祭塔,01000000,1000000,《戏考》,《戏考》（1000000）,01002020,白状元祭塔,亲情,情爱,1,序幕/前置内容,scene_cooccurrence
pdf_01000000__01002020___b68a4c781b,白状元祭塔,01000000,1000000,《戏考》,《戏考》（1000000）,01002020,白状元祭塔,亲情,神人界限,1,【第二场】,scene_cooccurrence
pdf_01000000__01002020___b68a4c781b,白状元祭塔,01000000,1000000,《戏考》,《戏考》（1000000）,01002020,白状元祭塔,功名,孝道,1,【第一场】,scene_cooccurrence
pdf_01000000__01002020___b68a4c781b,白状元祭塔,01000000,1000000,《戏考》,《戏考》（1000000）,01002020,白状元祭塔,喜剧,情爱,1,序幕/前置内容,scene_cooccurrence
pdf_01000000__01002020___b68a4c781b,白状元祭塔,01000000,1000000,《戏考》,《戏考》（1000000）,01002020,白状元祭塔,孝道,悲情,1,【第二场】,scene_cooccurrence
pdf_01000000__01002020___b68a4c781b,白状元祭塔,01000000,1000000,《戏考》,《戏考》（1000000）,01002020,白状元祭塔,孝道,神人界限,1,【第二场】,scene_cooccurrence
pdf_01000000__01002020___b68a4c781b,白状元祭塔,01000000,1000000,《戏考》,《戏考》（1000000）,01002020,白状元祭塔,悲情,神人界限,1,【第二场】,scene_cooccurrence
pdf_01000000__01003001___7e8bcc7c30,琼林宴,01000000,1000000,《戏考》,《戏考》（1000000）,01003001,琼林宴【前本】,亲情,喜剧,1,序幕/前置内容,scene_cooccurrence
pdf_01000000__01003001___7e8bcc7c30,琼林宴,01000000,1000000,《戏考》,《戏考》（1000000）,01003001,琼林宴【前本】,亲情,战争,1,序幕/前置内容,scene_cooccurrence
pdf_01000000__01003001___7e8bcc7c30,琼林宴,01000000,1000000,《戏考》,《戏考》（1000000）,01003001,琼林宴【前本】,亲情,权谋,1,序幕/前置内容,scene_cooccurrence
pdf_01000000__01003001___7e8bcc7c30,琼林宴,01000000,1000000,《戏考》,《戏考》（1000000）,01003001,琼林宴【前本】,亲情,离散,1,序幕/前置内容,scene_cooccurrence
pdf_01000000__01003001___7e8bcc7c30,琼林宴,01000000,1000000,《戏考》,《戏考》（1000000）,01003001,琼林宴【前本】,使命,善恶冲突,1,【第一场】,scene_cooccurrence
pdf_01000000__01003001___7e8bcc7c30,琼林宴,01000000,1000000,《戏考》,《戏考》（1000000）,01003001,琼林宴【前本】,使命,寻亲,1,【第一场】,scene_cooccurrence
pdf_01000000__01003001___7e8bcc7c30,琼林宴,01000000,1000000,《戏考》,《戏考》（1000000）,01003001,琼林宴【前本】,使命,救难,1,【第一场】,scene_cooccurrence
pdf_01000000__01003001___7e8bcc7c30,琼林宴,01000000,1000000,《戏考》,《戏考》（1000000）,01003001,琼林宴【前本】,使命,神助,1,【第一场】,scene_cooccurrence
pdf_01000000__01003001___7e8bcc7c30,琼林宴,01000000,1000000,《戏考》,《戏考》（1000000）,01003001,琼林宴【前本】,公案,善恶报应,1,【第二场】,scene_cooccurrence
pdf_01000000__01003001___7e8bcc7c30,琼林宴,01000000,1000000,《戏考》,《戏考》（1000000）,01003001,琼林宴【前本】,公案,复仇,1,【第二场】,scene_cooccurrence
pdf_01000000__01003001___7e8bcc7c30,琼林宴,01000000,1000000,《戏考》,《戏考》（1000000）,01003001,琼林宴【前本】,公案,权力压迫,1,【第二场】,scene_cooccurrence
pdf_01000000__01003001___7e8bcc7c30,琼林宴,01000000,1000000,《戏考》,《戏考》（1000000）,01003001,琼林宴【前本】,反抗,忠义,1,【第二场】,scene_cooccurrence
pdf_01000000__01003001___7e8bcc7c30,琼林宴,01000000,1000000,《戏考》,《戏考》（1000000）,01003001,琼林宴【前本】,反抗,霸占,1,【第二场】,scene_cooccurrence
pdf_01000000__01003001___7e8bcc7c30,琼林宴,01000000,1000000,《戏考》,《戏考》（1000000）,01003001,琼林宴【前本】,善恶冲突,寻亲,1,【第一场】,scene_cooccurrence
pdf_01000000__01003001___7e8bcc7c30,琼林宴,01000000,1000000,《戏考》,《戏考》（1000000）,01003001,琼林宴【前本】,善恶报应,复仇,1,【第二场】,scene_cooccurrence
pdf_01000000__01003001___7e8bcc7c30,琼林宴,01000000,1000000,《戏考》,《戏考》（1000000）,01003001,琼林宴【前本】,善恶报应,权力压迫,1,【第二场】,scene_cooccurrence
pdf_01000000__01003001___7e8bcc7c30,琼林宴,01000000,1000000,《戏考》,《戏考》（1000000）,01003001,琼林宴【前本】,喜剧,战争,1,序幕/前置内容,scene_cooccurrence
pdf_01000000__01003001___7e8bcc7c30,琼林宴,01000000,1000000,《戏考》,《戏考》（1000000）,01003001,琼林宴【前本】,喜剧,权谋,1,序幕/前置内容,scene_cooccurrence
pdf_01000000__01003001___7e8bcc7c30,琼林宴,01000000,1000000,《戏考》,《戏考》（1000000）,01003001,琼林宴【前本】,喜剧,离散,1,序幕/前置内容,scene_cooccurrence
pdf_01000000__01003001___7e8bcc7c30,琼林宴,01000000,1000000,《戏考》,《戏考》（1000000）,01003001,琼林宴【前本】,复仇,权力压迫,1,【第二场】,scene_cooccurrence
pdf_01000000__01003001___7e8bcc7c30,琼林宴,01000000,1000000,《戏考》,《戏考》（1000000）,01003001,琼林宴【前本】,忠义,霸占,1,【第二场】,scene_cooccurrence
pdf_01000000__01003001___7e8bcc7c30,琼林宴,01000000,1000000,《戏考》,《戏考》（1000000）,01003001,琼林宴【前本】,战争,权谋,1,序幕/前置内容,scene_cooccurrence
pdf_01000000__01003001___7e8bcc7c30,琼林宴,01000000,1000000,《戏考》,《戏考》（1000000）,01003001,琼林宴【前本】,战争,离散,1,序幕/前置内容,scene_cooccurrence
pdf_01000000__01003001___7e8bcc7c30,琼林宴,01000000,1000000,《戏考》,《戏考》（1000000）,01003001,琼林宴【前本】,救难,神助,1,【第一场】,scene_cooccurrence
pdf_01000000__01003001___7e8bcc7c30,琼林宴,01000000,1000000,《戏考》,《戏考》（1000000）,01003001,琼林宴【前本】,权谋,离散,1,序幕/前置内容,scene_cooccurrence
pdf_01000000__01003001___7e8bcc7c30,琼林宴,01000000,1000000,《戏考》,《戏考》（1000000）,01003001,琼林宴【前本】,疯癫与真相,神启与超自然,1,【第三场】,scene_cooccurrence
pdf_01000000__01003001___7e8bcc7c30,琼林宴,01000000,1000000,《戏考》,《戏考》（1000000）,01003001,琼林宴【前本】,疯癫与真相,霸占与反抗,1,【第三场】,scene_cooccurrence
pdf_01000000__01003001___7e8bcc7c30,琼林宴,01000000,1000000,《戏考》,《戏考》（1000000）,01003001,琼林宴【前本】,神启与超自然,霸占与反抗,1,【第三场】,scene_cooccurrence
pdf_01000000__01003002___acc415186d,群英会,01000000,1000000,《戏考》,《戏考》（1000000）,01003002,群英会,使命,权谋,2,【第三场】,scene_cooccurrence
pdf_01000000__01003002___acc415186d,群英会,01000000,1000000,《戏考》,《戏考》（1000000）,01003002,群英会,忠义,权谋,2,【第一场】,scene_cooccurrence
pdf_01000000__01003002___acc415186d,群英会,01000000,1000000,《戏考》,《戏考》（1000000）,01003002,群英会,权谋,欺骗,2,【第二场】,scene_cooccurrence
pdf_01000000__01003002___acc415186d,群英会,01000000,1000000,《戏考》,《戏考》（1000000）,01003002,群英会,使命,悲情,1,【第三场】,scene_cooccurrence
pdf_01000000__01003002___acc415186d,群英会,01000000,1000000,《戏考》,《戏考》（1000000）,01003002,群英会,使命,识天文,1,【第七场】,scene_cooccurrence
pdf_01000000__01003002___acc415186d,群英会,01000000,1000000,《戏考》,《戏考》（1000000）,01003002,群英会,借力,冒险,1,【第六场】,scene_cooccurrence
pdf_01000000__01003002___acc415186d,群英会,01000000,1000000,《戏考》,《戏考》（1000000）,01003002,群英会,借力,权谋,1,【第六场】,scene_cooccurrence
pdf_01000000__01003002___acc415186d,群英会,01000000,1000000,《戏考》,《戏考》（1000000）,01003002,群英会,借力,欺骗,1,【第六场】,scene_cooccurrence
pdf_01000000__01003002___acc415186d,群英会,01000000,1000000,《戏考》,《戏考》（1000000）,01003002,群英会,冒险,权谋,1,【第六场】,scene_cooccurrence
pdf_01000000__01003002___acc415186d,群英会,01000000,1000000,《戏考》,《戏考》（1000000）,01003002,群英会,冒险,欺骗,1,【第六场】,scene_cooccurrence
pdf_01000000__01003002___acc415186d,群英会,01000000,1000000,《戏考》,《戏考》（1000000）,01003002,群英会,反间,宴会,1,【第一场】,scene_cooccurrence
pdf_01000000__01003002___acc415186d,群英会,01000000,1000000,《戏考》,《戏考》（1000000）,01003002,群英会,反间,忠义,1,【第一场】,scene_cooccurrence
pdf_01000000__01003002___acc415186d,群英会,01000000,1000000,《戏考》,《戏考》（1000000）,01003002,群英会,反间,权谋,1,【第一场】,scene_cooccurrence
pdf_01000000__01003002___acc415186d,群英会,01000000,1000000,《戏考》,《戏考》（1000000）,01003002,群英会,宴会,忠义,1,【第一场】,scene_cooccurrence
pdf_01000000__01003002___acc415186d,群英会,01000000,1000000,《戏考》,《戏考》（1000000）,01003002,群英会,宴会,权谋,1,【第一场】,scene_cooccurrence
pdf_01000000__01003002___acc415186d,群英会,01000000,1000000,《戏考》,《戏考》（1000000）,01003002,群英会,忠义,欺骗,1,【第二场】,scene_cooccurrence
pdf_01000000__01003002___acc415186d,群英会,01000000,1000000,《戏考》,《戏考》（1000000）,01003002,群英会,悲情,权谋,1,【第三场】,scene_cooccurrence
pdf_01000000__01003002___acc415186d,群英会,01000000,1000000,《戏考》,《戏考》（1000000）,01003002,群英会,惊叹与嫉妒,权谋,1,【第八场】,scene_cooccurrence
pdf_01000000__01003002___acc415186d,群英会,01000000,1000000,《戏考》,《戏考》（1000000）,01003002,群英会,权谋,识天文,1,【第七场】,scene_cooccurrence
pdf_01000000__01003003___c9d807e88a,桑园会,01000000,1000000,《戏考》,《戏考》（1000000）,01003003,桑园会,亲情,公案,1,序幕/前置内容,scene_cooccurrence
pdf_01000000__01003003___c9d807e88a,桑园会,01000000,1000000,《戏考》,《戏考》（1000000）,01003003,桑园会,亲情,孝道,1,【第二场】,scene_cooccurrence
pdf_01000000__01003003___c9d807e88a,桑园会,01000000,1000000,《戏考》,《戏考》（1000000）,01003003,桑园会,亲情,家国,1,序幕/前置内容,scene_cooccurrence
pdf_01000000__01003003___c9d807e88a,桑园会,01000000,1000000,《戏考》,《戏考》（1000000）,01003003,桑园会,亲情,贞节,1,【第二场】,scene_cooccurrence
pdf_01000000__01003003___c9d807e88a,桑园会,01000000,1000000,《戏考》,《戏考》（1000000）,01003003,桑园会,亲情,道德考验,1,【第二场】,scene_cooccurrence
pdf_01000000__01003003___c9d807e88a,桑园会,01000000,1000000,《戏考》,《戏考》（1000000）,01003003,桑园会,公案,家国,1,序幕/前置内容,scene_cooccurrence
pdf_01000000__01003003___c9d807e88a,桑园会,01000000,1000000,《戏考》,《戏考》（1000000）,01003003,桑园会,孝道,贞节,1,【第二场】,scene_cooccurrence
pdf_01000000__01003003___c9d807e88a,桑园会,01000000,1000000,《戏考》,《戏考》（1000000）,01003003,桑园会,孝道,道德考验,1,【第二场】,scene_cooccurrence
pdf_01000000__01003003___c9d807e88a,桑园会,01000000,1000000,《戏考》,《戏考》（1000000）,01003003,桑园会,忠义,思乡,1,【第一场】,scene_cooccurrence
pdf_01000000__01003003___c9d807e88a,桑园会,01000000,1000000,《戏考》,《戏考》（1000000）,01003003,桑园会,贞节,道德考验,1,【第二场】,scene_cooccurrence
pdf_01000000__01003005___ee5df368d2,拾黄金,01000000,1000000,《戏考》,《戏考》（1000000）,01003005,拾黄金,亲情,喜剧,1,序幕/前置内容,scene_cooccurrence
pdf_01000000__01003005___ee5df368d2,拾黄金,01000000,1000000,《戏考》,《戏考》（1000000）,01003005,拾黄金,亲情,情爱,1,序幕/前置内容,scene_cooccurrence
pdf_01000000__01003005___ee5df368d2,拾黄金,01000000,1000000,《戏考》,《戏考》（1000000）,01003005,拾黄金,喜剧,情爱,1,序幕/前置内容,scene_cooccurrence
pdf_01000000__01003006___ee399229b8,辕门斩子,01000000,1000000,《戏考》,《戏考》（1000000）,01003006,辕门斩子,亲情,公案,1,序幕/前置内容,scene_cooccurrence
pdf_01000000__01003006___ee399229b8,辕门斩子,01000000,1000000,《戏考》,《戏考》（1000000）,01003006,辕门斩子,亲情,喜剧,1,序幕/前置内容,scene_cooccurrence
pdf_01000000__01003006___ee399229b8,辕门斩子,01000000,1000000,《戏考》,《戏考》（1000000）,01003006,辕门斩子,亲情,情爱,1,序幕/前置内容,scene_cooccurrence
pdf_01000000__01003006___ee399229b8,辕门斩子,01000000,1000000,《戏考》,《戏考》（1000000）,01003006,辕门斩子,亲情,战争,1,序幕/前置内容,scene_cooccurrence
pdf_01000000__01003006___ee399229b8,辕门斩子,01000000,1000000,《戏考》,《戏考》（1000000）,01003006,辕门斩子,公案,喜剧,1,序幕/前置内容,scene_cooccurrence
pdf_01000000__01003006___ee399229b8,辕门斩子,01000000,1000000,《戏考》,《戏考》（1000000）,01003006,辕门斩子,公案,情爱,1,序幕/前置内容,scene_cooccurrence
pdf_01000000__01003006___ee399229b8,辕门斩子,01000000,1000000,《戏考》,《戏考》（1000000）,01003006,辕门斩子,公案,战争,1,序幕/前置内容,scene_cooccurrence
pdf_01000000__01003006___ee399229b8,辕门斩子,01000000,1000000,《戏考》,《戏考》（1000000）,01003006,辕门斩子,喜剧,情爱,1,序幕/前置内容,scene_cooccurrence
pdf_01000000__01003006___ee399229b8,辕门斩子,01000000,1000000,《戏考》,《戏考》（1000000）,01003006,辕门斩子,喜剧,战争,1,序幕/前置内容,scene_cooccurrence
pdf_01000000__01003006___ee399229b8,辕门斩子,01000000,1000000,《戏考》,《戏考》（1000000）,01003006,辕门斩子,情爱,战争,1,序幕/前置内容,scene_cooccurrence
pdf_01000000__01003008___7111d9396e,断太后,01000000,1000000,《戏考》,《戏考》（1000000）,01003008,断太后,亲情,公案,2,序幕/前置内容,scene_cooccurrence
pdf_01000000__01003008___7111d9396e,断太后,01000000,1000000,《戏考》,《戏考》（1000000）,01003008,断太后,亲情,家国,2,序幕/前置内容,scene_cooccurrence
pdf_01000000__01003008___7111d9396e,断太后,01000000,1000000,《戏考》,《戏考》（1000000）,01003008,断太后,亲情,情爱,2,序幕/前置内容,scene_cooccurrence
pdf_01000000__01003008___7111d9396e,断太后,01000000,1000000,《戏考》,《戏考》（1000000）,01003008,断太后,亲情,权谋,2,序幕/前置内容,scene_cooccurrence
pdf_01000000__01003008___7111d9396e,断太后,01000000,1000000,《戏考》,《戏考》（1000000）,01003008,断太后,公案,家国,2,序幕/前置内容,scene_cooccurrence
pdf_01000000__01003008___7111d9396e,断太后,01000000,1000000,《戏考》,《戏考》（1000000）,01003008,断太后,公案,情爱,2,序幕/前置内容,scene_cooccurrence
pdf_01000000__01003008___7111d9396e,断太后,01000000,1000000,《戏考》,《戏考》（1000000）,01003008,断太后,公案,权谋,2,序幕/前置内容,scene_cooccurrence
pdf_01000000__01003008___7111d9396e,断太后,01000000,1000000,《戏考》,《戏考》（1000000）,01003008,断太后,家国,情爱,2,序幕/前置内容,scene_cooccurrence
pdf_01000000__01003008___7111d9396e,断太后,01000000,1000000,《戏考》,《戏考》（1000000）,01003008,断太后,家国,权谋,2,序幕/前置内容,scene_cooccurrence
pdf_01000000__01003008___7111d9396e,断太后,01000000,1000000,《戏考》,《戏考》（1000000）,01003008,断太后,情爱,权谋,2,序幕/前置内容,scene_cooccurrence
pdf_01000000__01003008___7111d9396e,断太后,01000000,1000000,《戏考》,《戏考》（1000000）,01003008,断太后,公案,忠义,1,【第四场】,scene_cooccurrence
pdf_01000000__01003008___7111d9396e,断太后,01000000,1000000,《戏考》,《戏考》（1000000）,01003008,断太后,公案,身份揭示,1,【第四场】,scene_cooccurrence
pdf_01000000__01003008___7111d9396e,断太后,01000000,1000000,《戏考》,《戏考》（1000000）,01003008,断太后,开场,铺垫,1,【第二场】,scene_cooccurrence
pdf_01000000__01003008___7111d9396e,断太后,01000000,1000000,《戏考》,《戏考》（1000000）,01003008,断太后,忠义,秩序,1,【第一场】,scene_cooccurrence
pdf_01000000__01003008___7111d9396e,断太后,01000000,1000000,《戏考》,《戏考》（1000000）,01003008,断太后,忠义,身份揭示,1,【第四场】,scene_cooccurrence
pdf_01000000__01003009___821dbef739,打龙袍,01000000,1000000,《戏考》,《戏考》（1000000）,01003009,打龙袍,家国,忠义,4,【第二场】,scene_cooccurrence
pdf_01000000__01003009___821dbef739,打龙袍,01000000,1000000,《戏考》,《戏考》（1000000）,01003009,打龙袍,公案,家国,2,【第四场】,scene_cooccurrence
pdf_01000000__01003009___821dbef739,打龙袍,01000000,1000000,《戏考》,《戏考》（1000000）,01003009,打龙袍,公案,忠义,2,【第四场】,scene_cooccurrence
pdf_01000000__01003009___821dbef739,打龙袍,01000000,1000000,《戏考》,《戏考》（1000000）,01003009,打龙袍,公案,情爱,2,序幕/前置内容,scene_cooccurrence
pdf_01000000__01003009___821dbef739,打龙袍,01000000,1000000,《戏考》,《戏考》（1000000）,01003009,打龙袍,亲情,公案,1,序幕/前置内容,scene_cooccurrence
pdf_01000000__01003009___821dbef739,打龙袍,01000000,1000000,《戏考》,《戏考》（1000000）,01003009,打龙袍,亲情,家国,1,序幕/前置内容,scene_cooccurrence
pdf_01000000__01003009___821dbef739,打龙袍,01000000,1000000,《戏考》,《戏考》（1000000）,01003009,打龙袍,亲情,忠义,1,序幕/前置内容,scene_cooccurrence
pdf_01000000__01003009___821dbef739,打龙袍,01000000,1000000,《戏考》,《戏考》（1000000）,01003009,打龙袍,亲情,情爱,1,序幕/前置内容,scene_cooccurrence
pdf_01000000__01003009___821dbef739,打龙袍,01000000,1000000,《戏考》,《戏考》（1000000）,01003009,打龙袍,亲情,战争,1,序幕/前置内容,scene_cooccurrence
pdf_01000000__01003009___821dbef739,打龙袍,01000000,1000000,《戏考》,《戏考》（1000000）,01003009,打龙袍,公案,战争,1,序幕/前置内容,scene_cooccurrence
pdf_01000000__01003009___821dbef739,打龙袍,01000000,1000000,《戏考》,《戏考》（1000000）,01003009,打龙袍,功绩,忠义,1,【第一场】,scene_cooccurrence
pdf_01000000__01003009___821dbef739,打龙袍,01000000,1000000,《戏考》,《戏考》（1000000）,01003009,打龙袍,功绩,设局,1,【第一场】,scene_cooccurrence
pdf_01000000__01003009___821dbef739,打龙袍,01000000,1000000,《戏考》,《戏考》（1000000）,01003009,打龙袍,孝道与认亲,忠义,1,【第三场】,scene_cooccurrence
pdf_01000000__01003009___821dbef739,打龙袍,01000000,1000000,《戏考》,《戏考》（1000000）,01003009,打龙袍,孝道与认亲,权力清算,1,【第三场】,scene_cooccurrence
pdf_01000000__01003009___821dbef739,打龙袍,01000000,1000000,《戏考》,《戏考》（1000000）,01003009,打龙袍,孝道与认亲,真相揭露,1,【第三场】,scene_cooccurrence
pdf_01000000__01003009___821dbef739,打龙袍,01000000,1000000,《戏考》,《戏考》（1000000）,01003009,打龙袍,家国,情爱,1,序幕/前置内容,scene_cooccurrence
pdf_01000000__01003009___821dbef739,打龙袍,01000000,1000000,《戏考》,《戏考》（1000000）,01003009,打龙袍,家国,战争,1,序幕/前置内容,scene_cooccurrence
pdf_01000000__01003009___821dbef739,打龙袍,01000000,1000000,《戏考》,《戏考》（1000000）,01003009,打龙袍,家国,皇权更迭,1,【第六场】,scene_cooccurrence
pdf_01000000__01003009___821dbef739,打龙袍,01000000,1000000,《戏考》,《戏考》（1000000）,01003009,打龙袍,家国,谏诤,1,【第二场】,scene_cooccurrence
pdf_01000000__01003009___821dbef739,打龙袍,01000000,1000000,《戏考》,《戏考》（1000000）,01003009,打龙袍,忠义,情爱,1,序幕/前置内容,scene_cooccurrence
pdf_01000000__01003009___821dbef739,打龙袍,01000000,1000000,《戏考》,《戏考》（1000000）,01003009,打龙袍,忠义,战争,1,序幕/前置内容,scene_cooccurrence
pdf_01000000__01003009___821dbef739,打龙袍,01000000,1000000,《戏考》,《戏考》（1000000）,01003009,打龙袍,忠义,权力清算,1,【第三场】,scene_cooccurrence
pdf_01000000__01003009___821dbef739,打龙袍,01000000,1000000,《戏考》,《戏考》（1000000）,01003009,打龙袍,忠义,皇权更迭,1,【第六场】,scene_cooccurrence
pdf_01000000__01003009___821dbef739,打龙袍,01000000,1000000,《戏考》,《戏考》（1000000）,01003009,打龙袍,忠义,真相揭露,1,【第三场】,scene_cooccurrence
pdf_01000000__01003009___821dbef739,打龙袍,01000000,1000000,《戏考》,《戏考》（1000000）,01003009,打龙袍,忠义,设局,1,【第一场】,scene_cooccurrence
pdf_01000000__01003009___821dbef739,打龙袍,01000000,1000000,《戏考》,《戏考》（1000000）,01003009,打龙袍,忠义,谏诤,1,【第二场】,scene_cooccurrence
pdf_01000000__01003009___821dbef739,打龙袍,01000000,1000000,《戏考》,《戏考》（1000000）,01003009,打龙袍,情爱,战争,1,序幕/前置内容,scene_cooccurrence
pdf_01000000__01003009___821dbef739,打龙袍,01000000,1000000,《戏考》,《戏考》（1000000）,01003009,打龙袍,权力清算,真相揭露,1,【第三场】,scene_cooccurrence
pdf_01000000__01003010___2fda4a58c1,战蒲关,01000000,1000000,《戏考》,《戏考》（1000000）,01003010,战蒲关,亲情,忠义,2,【第四场】,scene_cooccurrence
pdf_01000000__01003010___2fda4a58c1,战蒲关,01000000,1000000,《戏考》,《戏考》（1000000）,01003010,战蒲关,忠义,战争,2,【第一场】,scene_cooccurrence
pdf_01000000__01003010___2fda4a58c1,战蒲关,01000000,1000000,《戏考》,《戏考》（1000000）,01003010,战蒲关,忠义,牺牲,2,【第二场】,scene_cooccurrence
pdf_01000000__01003010___2fda4a58c1,战蒲关,01000000,1000000,《戏考》,《戏考》（1000000）,01003010,战蒲关,亲情,情爱,1,序幕/前置内容,scene_cooccurrence
pdf_01000000__01003010___2fda4a58c1,战蒲关,01000000,1000000,《戏考》,《戏考》（1000000）,01003010,战蒲关,亲情,战争,1,序幕/前置内容,scene_cooccurrence
pdf_01000000__01003010___2fda4a58c1,战蒲关,01000000,1000000,《戏考》,《戏考》（1000000）,01003010,战蒲关,亲情,权力与服从,1,【第四场】,scene_cooccurrence
pdf_01000000__01003010___2fda4a58c1,战蒲关,01000000,1000000,《戏考》,《戏考》（1000000）,01003010,战蒲关,亲情,权谋,1,序幕/前置内容,scene_cooccurrence
pdf_01000000__01003010___2fda4a58c1,战蒲关,01000000,1000000,《戏考》,《戏考》（1000000）,01003010,战蒲关,亲情,牺牲,1,【第四场】,scene_cooccurrence
pdf_01000000__01003010___2fda4a58c1,战蒲关,01000000,1000000,《戏考》,《戏考》（1000000）,01003010,战蒲关,伦理困境,忠义,1,【第二场】,scene_cooccurrence
pdf_01000000__01003010___2fda4a58c1,战蒲关,01000000,1000000,《戏考》,《戏考》（1000000）,01003010,战蒲关,伦理困境,牺牲,1,【第二场】,scene_cooccurrence
pdf_01000000__01003010___2fda4a58c1,战蒲关,01000000,1000000,《戏考》,《戏考》（1000000）,01003010,战蒲关,忠义,情爱,1,序幕/前置内容,scene_cooccurrence
pdf_01000000__01003010___2fda4a58c1,战蒲关,01000000,1000000,《戏考》,《戏考》（1000000）,01003010,战蒲关,忠义,权力与服从,1,【第四场】,scene_cooccurrence
pdf_01000000__01003010___2fda4a58c1,战蒲关,01000000,1000000,《戏考》,《戏考》（1000000）,01003010,战蒲关,忠义,权谋,1,序幕/前置内容,scene_cooccurrence
pdf_01000000__01003010___2fda4a58c1,战蒲关,01000000,1000000,《戏考》,《戏考》（1000000）,01003010,战蒲关,忠义,生存困境,1,【第一场】,scene_cooccurrence
pdf_01000000__01003010___2fda4a58c1,战蒲关,01000000,1000000,《戏考》,《戏考》（1000000）,01003010,战蒲关,情爱,战争,1,序幕/前置内容,scene_cooccurrence
pdf_01000000__01003010___2fda4a58c1,战蒲关,01000000,1000000,《戏考》,《戏考》（1000000）,01003010,战蒲关,情爱,权谋,1,序幕/前置内容,scene_cooccurrence
pdf_01000000__01003010___2fda4a58c1,战蒲关,01000000,1000000,《戏考》,《戏考》（1000000）,01003010,战蒲关,战争,权谋,1,序幕/前置内容,scene_cooccurrence
pdf_01000000__01003010___2fda4a58c1,战蒲关,01000000,1000000,《戏考》,《戏考》（1000000）,01003010,战蒲关,战争,生存困境,1,【第一场】,scene_cooccurrence
pdf_01000000__01003010___2fda4a58c1,战蒲关,01000000,1000000,《戏考》,《戏考》（1000000）,01003010,战蒲关,权力与服从,牺牲,1,【第四场】,scene_cooccurrence
pdf_01000000__01003011___a844c57d4e,斩黄袍,01000000,1000000,《戏考》,《戏考》（1000000）,01003011,斩黄袍,亲情,忠义,2,【第八场】,scene_cooccurrence
pdf_01000000__01003011___a844c57d4e,斩黄袍,01000000,1000000,《戏考》,《戏考》（1000000）,01003011,斩黄袍,使命,忠义,2,【第一场】,scene_cooccurrence
pdf_01000000__01003011___a844c57d4e,斩黄袍,01000000,1000000,《戏考》,《戏考》（1000000）,01003011,斩黄袍,复仇,忠义,2,【第十二场】,scene_cooccurrence
pdf_01000000__01003011___a844c57d4e,斩黄袍,01000000,1000000,《戏考》,《戏考》（1000000）,01003011,斩黄袍,忠义,权谋,2,【第一场】,scene_cooccurrence
pdf_01000000__01003011___a844c57d4e,斩黄袍,01000000,1000000,《戏考》,《戏考》（1000000）,01003011,斩黄袍,亲情,使命,1,【第十三场】,scene_cooccurrence
pdf_01000000__01003011___a844c57d4e,斩黄袍,01000000,1000000,《戏考》,《戏考》（1000000）,01003011,斩黄袍,亲情,复仇,1,【第十三场】,scene_cooccurrence
pdf_01000000__01003011___a844c57d4e,斩黄袍,01000000,1000000,《戏考》,《戏考》（1000000）,01003011,斩黄袍,亲情,家国,1,【第八场】,scene_cooccurrence
pdf_01000000__01003011___a844c57d4e,斩黄袍,01000000,1000000,《戏考》,《戏考》（1000000）,01003011,斩黄袍,亲情,幽冥,1,【第十三场】,scene_cooccurrence
pdf_01000000__01003011___a844c57d4e,斩黄袍,01000000,1000000,《戏考》,《戏考》（1000000）,01003011,斩黄袍,亲情,战争,1,序幕/前置内容,scene_cooccurrence
pdf_01000000__01003011___a844c57d4e,斩黄袍,01000000,1000000,《戏考》,《戏考》（1000000）,01003011,斩黄袍,亲情,权力与猜忌,1,【第八场】,scene_cooccurrence
pdf_01000000__01003011___a844c57d4e,斩黄袍,01000000,1000000,《戏考》,《戏考》（1000000）,01003011,斩黄袍,亲情,权谋,1,序幕/前置内容,scene_cooccurrence
pdf_01000000__01003011___a844c57d4e,斩黄袍,01000000,1000000,《戏考》,《戏考》（1000000）,01003011,斩黄袍,仪式,权力交接,1,【第三场】,scene_cooccurrence
pdf_01000000__01003011___a844c57d4e,斩黄袍,01000000,1000000,《戏考》,《戏考》（1000000）,01003011,斩黄袍,使命,公案,1,【第十一场】,scene_cooccurrence
pdf_01000000__01003011___a844c57d4e,斩黄袍,01000000,1000000,《戏考》,《戏考》（1000000）,01003011,斩黄袍,使命,复仇,1,【第十三场】,scene_cooccurrence
pdf_01000000__01003011___a844c57d4e,斩黄袍,01000000,1000000,《戏考》,《戏考》（1000000）,01003011,斩黄袍,使命,幽冥,1,【第十三场】,scene_cooccurrence
pdf_01000000__01003011___a844c57d4e,斩黄袍,01000000,1000000,《戏考》,《戏考》（1000000）,01003011,斩黄袍,使命,权力交接,1,【第一场】,scene_cooccurrence
pdf_01000000__01003011___a844c57d4e,斩黄袍,01000000,1000000,《戏考》,《戏考》（1000000）,01003011,斩黄袍,使命,权谋,1,【第一场】,scene_cooccurrence
pdf_01000000__01003011___a844c57d4e,斩黄袍,01000000,1000000,《戏考》,《戏考》（1000000）,01003011,斩黄袍,使命,神秘预示,1,【第二场】,scene_cooccurrence
pdf_01000000__01003011___a844c57d4e,斩黄袍,01000000,1000000,《戏考》,《戏考》（1000000）,01003011,斩黄袍,公案,忠义,1,【第十一场】,scene_cooccurrence
pdf_01000000__01003011___a844c57d4e,斩黄袍,01000000,1000000,《戏考》,《戏考》（1000000）,01003011,斩黄袍,复仇,幽冥,1,【第十三场】,scene_cooccurrence
pdf_01000000__01003011___a844c57d4e,斩黄袍,01000000,1000000,《戏考》,《戏考》（1000000）,01003011,斩黄袍,复仇,权力妥协,1,【第十四场】,scene_cooccurrence
pdf_01000000__01003011___a844c57d4e,斩黄袍,01000000,1000000,《戏考》,《戏考》（1000000）,01003011,斩黄袍,复仇,权力斗争,1,【第十二场】,scene_cooccurrence
pdf_01000000__01003011___a844c57d4e,斩黄袍,01000000,1000000,《戏考》,《戏考》（1000000）,01003011,斩黄袍,家国,忠义,1,【第八场】,scene_cooccurrence
pdf_01000000__01003011___a844c57d4e,斩黄袍,01000000,1000000,《戏考》,《戏考》（1000000）,01003011,斩黄袍,家国,权力与猜忌,1,【第八场】,scene_cooccurrence
pdf_01000000__01003011___a844c57d4e,斩黄袍,01000000,1000000,《戏考》,《戏考》（1000000）,01003011,斩黄袍,忠义,战争,1,序幕/前置内容,scene_cooccurrence
pdf_01000000__01003011___a844c57d4e,斩黄袍,01000000,1000000,《戏考》,《戏考》（1000000）,01003011,斩黄袍,忠义,权力与猜忌,1,【第八场】,scene_cooccurrence
pdf_01000000__01003011___a844c57d4e,斩黄袍,01000000,1000000,《戏考》,《戏考》（1000000）,01003011,斩黄袍,忠义,权力交接,1,【第一场】,scene_cooccurrence
pdf_01000000__01003011___a844c57d4e,斩黄袍,01000000,1000000,《戏考》,《戏考》（1000000）,01003011,斩黄袍,忠义,权力妥协,1,【第十四场】,scene_cooccurrence
pdf_01000000__01003011___a844c57d4e,斩黄袍,01000000,1000000,《戏考》,《戏考》（1000000）,01003011,斩黄袍,忠义,权力斗争,1,【第十二场】,scene_cooccurrence
pdf_01000000__01003011___a844c57d4e,斩黄袍,01000000,1000000,《戏考》,《戏考》（1000000）,01003011,斩黄袍,忠义,权力象征,1,【第七场】,scene_cooccurrence
pdf_01000000__01003011___a844c57d4e,斩黄袍,01000000,1000000,《戏考》,《戏考》（1000000）,01003011,斩黄袍,战争,权谋,1,序幕/前置内容,scene_cooccurrence
pdf_01000000__01003011___a844c57d4e,斩黄袍,01000000,1000000,《戏考》,《戏考》（1000000）,01003011,斩黄袍,权力,纳妃,1,【第六场】,scene_cooccurrence
pdf_01000000__01003011___a844c57d4e,斩黄袍,01000000,1000000,《戏考》,《戏考》（1000000）,01003011,斩黄袍,权力交接,权谋,1,【第一场】,scene_cooccurrence
pdf_01000000__01003011___a844c57d4e,斩黄袍,01000000,1000000,《戏考》,《戏考》（1000000）,01003011,斩黄袍,权力巩固,权谋,1,【第四场】,scene_cooccurrence
pdf_01000000__01003011___a844c57d4e,斩黄袍,01000000,1000000,《戏考》,《戏考》（1000000）,01003011,斩黄袍,权力巩固,登基封赏,1,【第四场】,scene_cooccurrence
pdf_01000000__01003011___a844c57d4e,斩黄袍,01000000,1000000,《戏考》,《戏考》（1000000）,01003011,斩黄袍,权谋,登基封赏,1,【第四场】,scene_cooccurrence
pdf_01000000__01003011___a844c57d4e,斩黄袍,01000000,1000000,《戏考》,《戏考》（1000000）,01003011,斩黄袍,烦闷,独处,1,【第十场】,scene_cooccurrence
pdf_01000000__01003012___c2beeb2822,彩楼配,01000000,1000000,《戏考》,《戏考》（1000000）,01003012,彩楼配,使命,情爱,2,【第一场】,scene_cooccurrence
pdf_01000000__01003012___c2beeb2822,彩楼配,01000000,1000000,《戏考》,《戏考》（1000000）,01003012,彩楼配,世俗偏见,情爱,1,【第二场】,scene_cooccurrence
pdf_01000000__01003012___c2beeb2822,彩楼配,01000000,1000000,《戏考》,《戏考》（1000000）,01003012,彩楼配,世俗偏见,阶级差异,1,【第二场】,scene_cooccurrence
pdf_01000000__01003012___c2beeb2822,彩楼配,01000000,1000000,《戏考》,《戏考》（1000000）,01003012,彩楼配,亲情,情爱,1,序幕/前置内容,scene_cooccurrence
pdf_01000000__01003012___c2beeb2822,彩楼配,01000000,1000000,《戏考》,《戏考》（1000000）,01003012,彩楼配,亲情,离散,1,序幕/前置内容,scene_cooccurrence
pdf_01000000__01003012___c2beeb2822,彩楼配,01000000,1000000,《戏考》,《戏考》（1000000）,01003012,彩楼配,使命,女性自主,1,【第三场】,scene_cooccurrence
pdf_01000000__01003012___c2beeb2822,彩楼配,01000000,1000000,《戏考》,《戏考》（1000000）,01003012,彩楼配,使命,贫富对比,1,【第四场】,scene_cooccurrence
pdf_01000000__01003012___c2beeb2822,彩楼配,01000000,1000000,《戏考》,《戏考》（1000000）,01003012,彩楼配,使命,阶级与身份,1,【第一场】,scene_cooccurrence
pdf_01000000__01003012___c2beeb2822,彩楼配,01000000,1000000,《戏考》,《戏考》（1000000）,01003012,彩楼配,女性自主,情爱,1,【第三场】,scene_cooccurrence
pdf_01000000__01003012___c2beeb2822,彩楼配,01000000,1000000,《戏考》,《戏考》（1000000）,01003012,彩楼配,情爱,离散,1,序幕/前置内容,scene_cooccurrence
pdf_01000000__01003012___c2beeb2822,彩楼配,01000000,1000000,《戏考》,《戏考》（1000000）,01003012,彩楼配,情爱,阶级与身份,1,【第一场】,scene_cooccurrence
pdf_01000000__01003012___c2beeb2822,彩楼配,01000000,1000000,《戏考》,《戏考》（1000000）,01003012,彩楼配,情爱,阶级差异,1,【第二场】,scene_cooccurrence
pdf_01000000__01003013___b0b83bb111,滑油山,01000000,1000000,《戏考》,《戏考》（1000000）,01003013,滑油山,亲情,喜剧,1,序幕/前置内容,scene_cooccurrence
pdf_01000000__01003014___643f99bd25,富春楼,01000000,1000000,《戏考》,《戏考》（1000000）,01003014,富春楼,亲情,家国,1,序幕/前置内容,scene_cooccurrence
pdf_01000000__01003014___643f99bd25,富春楼,01000000,1000000,《戏考》,《戏考》（1000000）,01003014,富春楼,亲情,情爱,1,序幕/前置内容,scene_cooccurrence
pdf_01000000__01003014___643f99bd25,富春楼,01000000,1000000,《戏考》,《戏考》（1000000）,01003014,富春楼,亲情,战争,1,序幕/前置内容,scene_cooccurrence
pdf_01000000__01003014___643f99bd25,富春楼,01000000,1000000,《戏考》,《戏考》（1000000）,01003014,富春楼,亲情,离散,1,序幕/前置内容,scene_cooccurrence
pdf_01000000__01003014___643f99bd25,富春楼,01000000,1000000,《戏考》,《戏考》（1000000）,01003014,富春楼,家国,情爱,1,序幕/前置内容,scene_cooccurrence
pdf_01000000__01003014___643f99bd25,富春楼,01000000,1000000,《戏考》,《戏考》（1000000）,01003014,富春楼,家国,战争,1,序幕/前置内容,scene_cooccurrence
pdf_01000000__01003014___643f99bd25,富春楼,01000000,1000000,《戏考》,《戏考》（1000000）,01003014,富春楼,家国,离散,1,序幕/前置内容,scene_cooccurrence
pdf_01000000__01003014___643f99bd25,富春楼,01000000,1000000,《戏考》,《戏考》（1000000）,01003014,富春楼,情爱,战争,1,序幕/前置内容,scene_cooccurrence
pdf_01000000__01003014___643f99bd25,富春楼,01000000,1000000,《戏考》,《戏考》（1000000）,01003014,富春楼,情爱,离散,1,序幕/前置内容,scene_cooccurrence
pdf_01000000__01003014___643f99bd25,富春楼,01000000,1000000,《戏考》,《戏考》（1000000）,01003014,富春楼,战争,离散,1,序幕/前置内容,scene_cooccurrence
pdf_01000000__01003015___7938d34c45,阴阳河,01000000,1000000,《戏考》,《戏考》（1000000）,01003015,阴阳河,乡风禁忌,幽冥,1,【第一场】,scene_cooccurrence
pdf_01000000__01003015___7938d34c45,阴阳河,01000000,1000000,《戏考》,《戏考》（1000000）,01003015,阴阳河,乡风禁忌,阴阳两隔,1,【第一场】,scene_cooccurrence
pdf_01000000__01003015___7938d34c45,阴阳河,01000000,1000000,《戏考》,《戏考》（1000000）,01003015,阴阳河,亲情,公案,1,序幕/前置内容,scene_cooccurrence
pdf_01000000__01003015___7938d34c45,阴阳河,01000000,1000000,《戏考》,《戏考》（1000000）,01003015,阴阳河,亲情,权谋,1,【第三场】,scene_cooccurrence
pdf_01000000__01003015___7938d34c45,阴阳河,01000000,1000000,《戏考》,《戏考》（1000000）,01003015,阴阳河,亲情,还阳重生,1,【第三场】,scene_cooccurrence
pdf_01000000__01003015___7938d34c45,阴阳河,01000000,1000000,《戏考》,《戏考》（1000000）,01003015,阴阳河,亲情,阴阳相隔,1,【第三场】,scene_cooccurrence
pdf_01000000__01003015___7938d34c45,阴阳河,01000000,1000000,《戏考》,《戏考》（1000000）,01003015,阴阳河,幽冥,阴阳两隔,1,【第一场】,scene_cooccurrence
pdf_01000000__01003015___7938d34c45,阴阳河,01000000,1000000,《戏考》,《戏考》（1000000）,01003015,阴阳河,权谋,还阳重生,1,【第三场】,scene_cooccurrence
pdf_01000000__01003015___7938d34c45,阴阳河,01000000,1000000,《戏考》,《戏考》（1000000）,01003015,阴阳河,权谋,阴阳相隔,1,【第三场】,scene_cooccurrence
pdf_01000000__01003015___7938d34c45,阴阳河,01000000,1000000,《戏考》,《戏考》（1000000）,01003015,阴阳河,还阳重生,阴阳相隔,1,【第三场】,scene_cooccurrence
pdf_01000000__01003016___702c945adb,打花鼓,01000000,1000000,《戏考》,《戏考》（1000000）,01003016,打花鼓,亲情,喜剧,1,序幕/前置内容,scene_cooccurrence
pdf_01000000__01003016___702c945adb,打花鼓,01000000,1000000,《戏考》,《戏考》（1000000）,01003016,打花鼓,亲情,家国,1,序幕/前置内容,scene_cooccurrence
pdf_01000000__01003016___702c945adb,打花鼓,01000000,1000000,《戏考》,《戏考》（1000000）,01003016,打花鼓,亲情,离散,1,序幕/前置内容,scene_cooccurrence
pdf_01000000__01003016___702c945adb,打花鼓,01000000,1000000,《戏考》,《戏考》（1000000）,01003016,打花鼓,喜剧,家国,1,序幕/前置内容,scene_cooccurrence
pdf_01000000__01003016___702c945adb,打花鼓,01000000,1000000,《戏考》,《戏考》（1000000）,01003016,打花鼓,喜剧,离散,1,序幕/前置内容,scene_cooccurrence
pdf_01000000__01003016___702c945adb,打花鼓,01000000,1000000,《戏考》,《戏考》（1000000）,01003016,打花鼓,家国,离散,1,序幕/前置内容,scene_cooccurrence
pdf_01000000__01003017___51aaa5bf95,独木关,01000000,1000000,《戏考》,《戏考》（1000000）,01003017,独木关,忠义,悲情,3,【第三场】,scene_cooccurrence
pdf_01000000__01003017___51aaa5bf95,独木关,01000000,1000000,《戏考》,《戏考》（1000000）,01003017,独木关,不公,冒功,1,【第九场】,scene_cooccurrence
pdf_01000000__01003017___51aaa5bf95,独木关,01000000,1000000,《戏考》,《戏考》（1000000）,01003017,独木关,不公,隐忍,1,【第九场】,scene_cooccurrence
pdf_01000000__01003017___51aaa5bf95,独木关,01000000,1000000,《戏考》,《戏考》（1000000）,01003017,独木关,亲情,公案,1,序幕/前置内容,scene_cooccurrence
pdf_01000000__01003017___51aaa5bf95,独木关,01000000,1000000,《戏考》,《戏考》（1000000）,01003017,独木关,亲情,战争,1,序幕/前置内容,scene_cooccurrence
pdf_01000000__01003017___51aaa5bf95,独木关,01000000,1000000,《戏考》,《戏考》（1000000）,01003017,独木关,使命,忠义,1,【第三场】,scene_cooccurrence
pdf_01000000__01003017___51aaa5bf95,独木关,01000000,1000000,《戏考》,《戏考》（1000000）,01003017,独木关,使命,悲情,1,【第三场】,scene_cooccurrence
pdf_01000000__01003017___51aaa5bf95,独木关,01000000,1000000,《戏考》,《戏考》（1000000）,01003017,独木关,公案,战争,1,序幕/前置内容,scene_cooccurrence
pdf_01000000__01003017___51aaa5bf95,独木关,01000000,1000000,《戏考》,《戏考》（1000000）,01003017,独木关,冒功,隐忍,1,【第九场】,scene_cooccurrence
pdf_01000000__01003017___51aaa5bf95,独木关,01000000,1000000,《戏考》,《戏考》（1000000）,01003017,独木关,冲突,战争,1,【第二场】,scene_cooccurrence
pdf_01000000__01003017___51aaa5bf95,独木关,01000000,1000000,《戏考》,《戏考》（1000000）,01003017,独木关,对抗,战争,1,【第五场】,scene_cooccurrence
pdf_01000000__01003017___51aaa5bf95,独木关,01000000,1000000,《戏考》,《戏考》（1000000）,01003017,独木关,对抗,武打,1,【第七场】,scene_cooccurrence
pdf_01000000__01003017___51aaa5bf95,独木关,01000000,1000000,《戏考》,《戏考》（1000000）,01003017,独木关,将帅矛盾,权谋,1,【第一场】,scene_cooccurrence
pdf_01000000__01003017___51aaa5bf95,独木关,01000000,1000000,《戏考》,《戏考》（1000000）,01003017,独木关,将帅矛盾,英雄困境,1,【第一场】,scene_cooccurrence
pdf_01000000__01003017___51aaa5bf95,独木关,01000000,1000000,《戏考》,《戏考》（1000000）,01003017,独木关,忠义,英雄气概,1,【第六场】,scene_cooccurrence
pdf_01000000__01003017___51aaa5bf95,独木关,01000000,1000000,《戏考》,《戏考》（1000000）,01003017,独木关,忠义,身份伪装,1,【第四场】,scene_cooccurrence
pdf_01000000__01003017___51aaa5bf95,独木关,01000000,1000000,《戏考》,《戏考》（1000000）,01003017,独木关,悲情,英雄气概,1,【第六场】,scene_cooccurrence
pdf_01000000__01003017___51aaa5bf95,独木关,01000000,1000000,《戏考》,《戏考》（1000000）,01003017,独木关,悲情,身份伪装,1,【第四场】,scene_cooccurrence
pdf_01000000__01003017___51aaa5bf95,独木关,01000000,1000000,《戏考》,《戏考》（1000000）,01003017,独木关,权谋,英雄困境,1,【第一场】,scene_cooccurrence
pdf_01000000__01003017___51aaa5bf95,独木关,01000000,1000000,《戏考》,《戏考》（1000000）,01003017,独木关,神灵庇佑,胜利与收束,1,【第八场】,scene_cooccurrence
pdf_01000000__01003017___51aaa5bf95,独木关,01000000,1000000,《戏考》,《戏考》（1000000）,01003017,独木关,神灵庇佑,英雄气概,1,【第八场】,scene_cooccurrence
pdf_01000000__01003017___51aaa5bf95,独木关,01000000,1000000,《戏考》,《戏考》（1000000）,01003017,独木关,胜利与收束,英雄气概,1,【第八场】,scene_cooccurrence
pdf_01000000__01003018___b62f621a21,丑表功,01000000,1000000,《戏考》,《戏考》（1000000）,01003018,丑表功,亲情,喜剧,1,序幕/前置内容,scene_cooccurrence
pdf_01000000__01003018___b62f621a21,丑表功,01000000,1000000,《戏考》,《戏考》（1000000）,01003018,丑表功,亲情,情爱,1,序幕/前置内容,scene_cooccurrence
pdf_01000000__01003018___b62f621a21,丑表功,01000000,1000000,《戏考》,《戏考》（1000000）,01003018,丑表功,喜剧,情爱,1,序幕/前置内容,scene_cooccurrence
pdf_01000000__01004001___ad83d28842,逍遥津,01000000,1000000,《戏考》,《戏考》（1000000）,01004001,逍遥津,忠义,权力斗争,5,【第六场】,scene_cooccurrence
pdf_01000000__01004001___ad83d28842,逍遥津,01000000,1000000,《戏考》,《戏考》（1000000）,01004001,逍遥津,亲情,忠义,3,【第八场】,scene_cooccurrence
pdf_01000000__01004001___ad83d28842,逍遥津,01000000,1000000,《戏考》,《戏考》（1000000）,01004001,逍遥津,忠义,权谋,3,【第二场】,scene_cooccurrence
pdf_01000000__01004001___ad83d28842,逍遥津,01000000,1000000,《戏考》,《戏考》（1000000）,01004001,逍遥津,亲情,权力斗争,2,【第八场】,scene_cooccurrence
pdf_01000000__01004001___ad83d28842,逍遥津,01000000,1000000,《戏考》,《戏考》（1000000）,01004001,逍遥津,家国,忠义,2,【第一场】,scene_cooccurrence
pdf_01000000__01004001___ad83d28842,逍遥津,01000000,1000000,《戏考》,《戏考》（1000000）,01004001,逍遥津,亲情,公案,1,序幕/前置内容,scene_cooccurrence
pdf_01000000__01004001___ad83d28842,逍遥津,01000000,1000000,《戏考》,《戏考》（1000000）,01004001,逍遥津,亲情,家国,1,序幕/前置内容,scene_cooccurrence
pdf_01000000__01004001___ad83d28842,逍遥津,01000000,1000000,《戏考》,《戏考》（1000000）,01004001,逍遥津,亲情,情爱,1,序幕/前置内容,scene_cooccurrence
pdf_01000000__01004001___ad83d28842,逍遥津,01000000,1000000,《戏考》,《戏考》（1000000）,01004001,逍遥津,亲情,战争,1,序幕/前置内容,scene_cooccurrence
pdf_01000000__01004001___ad83d28842,逍遥津,01000000,1000000,《戏考》,《戏考》（1000000）,01004001,逍遥津,亲情,权谋,1,序幕/前置内容,scene_cooccurrence
pdf_01000000__01004001___ad83d28842,逍遥津,01000000,1000000,《戏考》,《戏考》（1000000）,01004001,逍遥津,亲情,皇权衰落,1,【第八场】,scene_cooccurrence
pdf_01000000__01004001___ad83d28842,逍遥津,01000000,1000000,《戏考》,《戏考》（1000000）,01004001,逍遥津,亲情,离散,1,序幕/前置内容,scene_cooccurrence
pdf_01000000__01004001___ad83d28842,逍遥津,01000000,1000000,《戏考》,《戏考》（1000000）,01004001,逍遥津,公案,家国,1,序幕/前置内容,scene_cooccurrence
pdf_01000000__01004001___ad83d28842,逍遥津,01000000,1000000,《戏考》,《戏考》（1000000）,01004001,逍遥津,公案,忠义,1,序幕/前置内容,scene_cooccurrence
pdf_01000000__01004001___ad83d28842,逍遥津,01000000,1000000,《戏考》,《戏考》（1000000）,01004001,逍遥津,公案,情爱,1,序幕/前置内容,scene_cooccurrence
pdf_01000000__01004001___ad83d28842,逍遥津,01000000,1000000,《戏考》,《戏考》（1000000）,01004001,逍遥津,公案,战争,1,序幕/前置内容,scene_cooccurrence
pdf_01000000__01004001___ad83d28842,逍遥津,01000000,1000000,《戏考》,《戏考》（1000000）,01004001,逍遥津,公案,权谋,1,序幕/前置内容,scene_cooccurrence
pdf_01000000__01004001___ad83d28842,逍遥津,01000000,1000000,《戏考》,《戏考》（1000000）,01004001,逍遥津,公案,离散,1,序幕/前置内容,scene_cooccurrence
pdf_01000000__01004001___ad83d28842,逍遥津,01000000,1000000,《戏考》,《戏考》（1000000）,01004001,逍遥津,家国,悲情,1,【第三场】,scene_cooccurrence
pdf_01000000__01004001___ad83d28842,逍遥津,01000000,1000000,《戏考》,《戏考》（1000000）,01004001,逍遥津,家国,情爱,1,序幕/前置内容,scene_cooccurrence
pdf_01000000__01004001___ad83d28842,逍遥津,01000000,1000000,《戏考》,《戏考》（1000000）,01004001,逍遥津,家国,战争,1,序幕/前置内容,scene_cooccurrence
pdf_01000000__01004001___ad83d28842,逍遥津,01000000,1000000,《戏考》,《戏考》（1000000）,01004001,逍遥津,家国,权力博弈,1,【第三场】,scene_cooccurrence
pdf_01000000__01004001___ad83d28842,逍遥津,01000000,1000000,《戏考》,《戏考》（1000000）,01004001,逍遥津,家国,权力野心,1,【第一场】,scene_cooccurrence
pdf_01000000__01004001___ad83d28842,逍遥津,01000000,1000000,《戏考》,《戏考》（1000000）,01004001,逍遥津,家国,权谋,1,序幕/前置内容,scene_cooccurrence
pdf_01000000__01004001___ad83d28842,逍遥津,01000000,1000000,《戏考》,《戏考》（1000000）,01004001,逍遥津,家国,离散,1,序幕/前置内容,scene_cooccurrence
pdf_01000000__01004001___ad83d28842,逍遥津,01000000,1000000,《戏考》,《戏考》（1000000）,01004001,逍遥津,忠义,悲情,1,【第四场】,scene_cooccurrence
pdf_01000000__01004001___ad83d28842,逍遥津,01000000,1000000,《戏考》,《戏考》（1000000）,01004001,逍遥津,忠义,情爱,1,序幕/前置内容,scene_cooccurrence
pdf_01000000__01004001___ad83d28842,逍遥津,01000000,1000000,《戏考》,《戏考》（1000000）,01004001,逍遥津,忠义,战争,1,序幕/前置内容,scene_cooccurrence
pdf_01000000__01004001___ad83d28842,逍遥津,01000000,1000000,《戏考》,《戏考》（1000000）,01004001,逍遥津,忠义,斩草除根,1,【第九场】,scene_cooccurrence
pdf_01000000__01004001___ad83d28842,逍遥津,01000000,1000000,《戏考》,《戏考》（1000000）,01004001,逍遥津,忠义,权力野心,1,【第一场】,scene_cooccurrence
pdf_01000000__01004001___ad83d28842,逍遥津,01000000,1000000,《戏考》,《戏考》（1000000）,01004001,逍遥津,忠义,残暴,1,【第九场】,scene_cooccurrence
pdf_01000000__01004001___ad83d28842,逍遥津,01000000,1000000,《戏考》,《戏考》（1000000）,01004001,逍遥津,忠义,皇权衰落,1,【第八场】,scene_cooccurrence
pdf_01000000__01004001___ad83d28842,逍遥津,01000000,1000000,《戏考》,《戏考》（1000000）,01004001,逍遥津,忠义,离散,1,序幕/前置内容,scene_cooccurrence
pdf_01000000__01004001___ad83d28842,逍遥津,01000000,1000000,《戏考》,《戏考》（1000000）,01004001,逍遥津,忠义,篡位,1,【第二场】,scene_cooccurrence
pdf_01000000__01004001___ad83d28842,逍遥津,01000000,1000000,《戏考》,《戏考》（1000000）,01004001,逍遥津,忠义,虚伪,1,【第二场】,scene_cooccurrence
pdf_01000000__01004001___ad83d28842,逍遥津,01000000,1000000,《戏考》,《戏考》（1000000）,01004001,逍遥津,悲情,权力博弈,1,【第三场】,scene_cooccurrence
pdf_01000000__01004001___ad83d28842,逍遥津,01000000,1000000,《戏考》,《戏考》（1000000）,01004001,逍遥津,情爱,战争,1,序幕/前置内容,scene_cooccurrence
pdf_01000000__01004001___ad83d28842,逍遥津,01000000,1000000,《戏考》,《戏考》（1000000）,01004001,逍遥津,情爱,权谋,1,序幕/前置内容,scene_cooccurrence
pdf_01000000__01004001___ad83d28842,逍遥津,01000000,1000000,《戏考》,《戏考》（1000000）,01004001,逍遥津,情爱,离散,1,序幕/前置内容,scene_cooccurrence
pdf_01000000__01004001___ad83d28842,逍遥津,01000000,1000000,《戏考》,《戏考》（1000000）,01004001,逍遥津,战争,权谋,1,序幕/前置内容,scene_cooccurrence
pdf_01000000__01004001___ad83d28842,逍遥津,01000000,1000000,《戏考》,《戏考》（1000000）,01004001,逍遥津,战争,离散,1,序幕/前置内容,scene_cooccurrence
pdf_01000000__01004001___ad83d28842,逍遥津,01000000,1000000,《戏考》,《戏考》（1000000）,01004001,逍遥津,斩草除根,权力斗争,1,【第九场】,scene_cooccurrence
pdf_01000000__01004001___ad83d28842,逍遥津,01000000,1000000,《戏考》,《戏考》（1000000）,01004001,逍遥津,斩草除根,残暴,1,【第九场】,scene_cooccurrence
pdf_01000000__01004001___ad83d28842,逍遥津,01000000,1000000,《戏考》,《戏考》（1000000）,01004001,逍遥津,权力斗争,权谋,1,【第六场】,scene_cooccurrence
pdf_01000000__01004001___ad83d28842,逍遥津,01000000,1000000,《戏考》,《戏考》（1000000）,01004001,逍遥津,权力斗争,残暴,1,【第九场】,scene_cooccurrence
pdf_01000000__01004001___ad83d28842,逍遥津,01000000,1000000,《戏考》,《戏考》（1000000）,01004001,逍遥津,权力斗争,皇权衰落,1,【第八场】,scene_cooccurrence
pdf_01000000__01004001___ad83d28842,逍遥津,01000000,1000000,《戏考》,《戏考》（1000000）,01004001,逍遥津,权谋,离散,1,序幕/前置内容,scene_cooccurrence
pdf_01000000__01004001___ad83d28842,逍遥津,01000000,1000000,《戏考》,《戏考》（1000000）,01004001,逍遥津,权谋,篡位,1,【第二场】,scene_cooccurrence
pdf_01000000__01004001___ad83d28842,逍遥津,01000000,1000000,《戏考》,《戏考》（1000000）,01004001,逍遥津,权谋,虚伪,1,【第二场】,scene_cooccurrence
pdf_01000000__01004001___ad83d28842,逍遥津,01000000,1000000,《戏考》,《戏考》（1000000）,01004001,逍遥津,权谋,试探,1,【第五场】,scene_cooccurrence
pdf_01000000__01004001___ad83d28842,逍遥津,01000000,1000000,《戏考》,《戏考》（1000000）,01004001,逍遥津,篡位,虚伪,1,【第二场】,scene_cooccurrence
pdf_01000000__01004004___a91ecdeeef,盗宗卷,01000000,1000000,《戏考》,《戏考》（1000000）,01004004,盗宗卷,亲情,家国,2,序幕/前置内容,scene_cooccurrence
pdf_01000000__01004004___a91ecdeeef,盗宗卷,01000000,1000000,《戏考》,《戏考》（1000000）,01004004,盗宗卷,亲情,情爱,2,序幕/前置内容,scene_cooccurrence
pdf_01000000__01004004___a91ecdeeef,盗宗卷,01000000,1000000,《戏考》,《戏考》（1000000）,01004004,盗宗卷,亲情,权谋,2,序幕/前置内容,scene_cooccurrence
pdf_01000000__01004004___a91ecdeeef,盗宗卷,01000000,1000000,《戏考》,《戏考》（1000000）,01004004,盗宗卷,亲情,离散,2,序幕/前置内容,scene_cooccurrence
pdf_01000000__01004004___a91ecdeeef,盗宗卷,01000000,1000000,《戏考》,《戏考》（1000000）,01004004,盗宗卷,家国,情爱,2,序幕/前置内容,scene_cooccurrence
pdf_01000000__01004004___a91ecdeeef,盗宗卷,01000000,1000000,《戏考》,《戏考》（1000000）,01004004,盗宗卷,家国,权谋,2,序幕/前置内容,scene_cooccurrence
pdf_01000000__01004004___a91ecdeeef,盗宗卷,01000000,1000000,《戏考》,《戏考》（1000000）,01004004,盗宗卷,家国,离散,2,序幕/前置内容,scene_cooccurrence
pdf_01000000__01004004___a91ecdeeef,盗宗卷,01000000,1000000,《戏考》,《戏考》（1000000）,01004004,盗宗卷,情爱,权谋,2,序幕/前置内容,scene_cooccurrence
pdf_01000000__01004004___a91ecdeeef,盗宗卷,01000000,1000000,《戏考》,《戏考》（1000000）,01004004,盗宗卷,情爱,离散,2,序幕/前置内容,scene_cooccurrence
pdf_01000000__01004004___a91ecdeeef,盗宗卷,01000000,1000000,《戏考》,《戏考》（1000000）,01004004,盗宗卷,权谋,离散,2,序幕/前置内容,scene_cooccurrence
pdf_01000000__01004004___a91ecdeeef,盗宗卷,01000000,1000000,《戏考》,《戏考》（1000000）,01004004,盗宗卷,奔波救难,忠义,1,【第二场】,scene_cooccurrence
pdf_01000000__01004004___a91ecdeeef,盗宗卷,01000000,1000000,《戏考》,《戏考》（1000000）,01004004,盗宗卷,家国,忠义,1,【第一场】,scene_cooccurrence
pdf_01000000__01004004___a91ecdeeef,盗宗卷,01000000,1000000,《戏考》,《戏考》（1000000）,01004004,盗宗卷,家国,权力斗争,1,【第一场】,scene_cooccurrence
pdf_01000000__01004004___a91ecdeeef,盗宗卷,01000000,1000000,《戏考》,《戏考》（1000000）,01004004,盗宗卷,忠义,悲情,1,【第五场】,scene_cooccurrence
pdf_01000000__01004004___a91ecdeeef,盗宗卷,01000000,1000000,《戏考》,《戏考》（1000000）,01004004,盗宗卷,忠义,智慧,1,【第五场】,scene_cooccurrence
pdf_01000000__01004004___a91ecdeeef,盗宗卷,01000000,1000000,《戏考》,《戏考》（1000000）,01004004,盗宗卷,忠义,权力博弈,1,【第六场】,scene_cooccurrence
pdf_01000000__01004004___a91ecdeeef,盗宗卷,01000000,1000000,《戏考》,《戏考》（1000000）,01004004,盗宗卷,忠义,权力斗争,1,【第一场】,scene_cooccurrence
pdf_01000000__01004004___a91ecdeeef,盗宗卷,01000000,1000000,《戏考》,《戏考》（1000000）,01004004,盗宗卷,忠义,权谋,1,【第六场】,scene_cooccurrence
pdf_01000000__01004004___a91ecdeeef,盗宗卷,01000000,1000000,《戏考》,《戏考》（1000000）,01004004,盗宗卷,悲情,智慧,1,【第五场】,scene_cooccurrence
pdf_01000000__01004004___a91ecdeeef,盗宗卷,01000000,1000000,《戏考》,《戏考》（1000000）,01004004,盗宗卷,权力博弈,权谋,1,【第六场】,scene_cooccurrence
pdf_01000000__01004004___a91ecdeeef,盗宗卷,01000000,1000000,《戏考》,《戏考》（1000000）,01004004,盗宗卷,权力斗争,权谋,1,【第三场】,scene_cooccurrence
pdf_01000000__01004004___a91ecdeeef,盗宗卷,01000000,1000000,《戏考》,《戏考》（1000000）,01004004,盗宗卷,权力斗争,欺骗与试探,1,【第三场】,scene_cooccurrence
pdf_01000000__01004004___a91ecdeeef,盗宗卷,01000000,1000000,《戏考》,《戏考》（1000000）,01004004,盗宗卷,权谋,欺骗与试探,1,【第三场】,scene_cooccurrence
pdf_01000000__01004006___13b2265b9d,辕门射戟,01000000,1000000,《戏考》,《戏考》（1000000）,01004006,辕门射戟,战争,权谋,2,【第二场】,scene_cooccurrence
pdf_01000000__01004006___13b2265b9d,辕门射戟,01000000,1000000,《戏考》,《戏考》（1000000）,01004006,辕门射戟,冲突,权威,1,【第四场】,scene_cooccurrence
pdf_01000000__01004006___13b2265b9d,辕门射戟,01000000,1000000,《戏考》,《戏考》（1000000）,01004006,辕门射戟,冲突,结盟,1,【第四场】,scene_cooccurrence
pdf_01000000__01004006___13b2265b9d,辕门射戟,01000000,1000000,《戏考》,《戏考》（1000000）,01004006,辕门射戟,冲突,调解,1,【第四场】,scene_cooccurrence
pdf_01000000__01004006___13b2265b9d,辕门射戟,01000000,1000000,《戏考》,《戏考》（1000000）,01004006,辕门射戟,喜剧,家国,1,序幕/前置内容,scene_cooccurrence
pdf_01000000__01004006___13b2265b9d,辕门射戟,01000000,1000000,《戏考》,《戏考》（1000000）,01004006,辕门射戟,喜剧,战争,1,序幕/前置内容,scene_cooccurrence
pdf_01000000__01004006___13b2265b9d,辕门射戟,01000000,1000000,《戏考》,《戏考》（1000000）,01004006,辕门射戟,喜剧,权谋,1,序幕/前置内容,scene_cooccurrence
pdf_01000000__01004006___13b2265b9d,辕门射戟,01000000,1000000,《戏考》,《戏考》（1000000）,01004006,辕门射戟,外交斡旋,忠义,1,【第三场】,scene_cooccurrence
pdf_01000000__01004006___13b2265b9d,辕门射戟,01000000,1000000,《戏考》,《戏考》（1000000）,01004006,辕门射戟,外交斡旋,战争,1,【第三场】,scene_cooccurrence
pdf_01000000__01004006___13b2265b9d,辕门射戟,01000000,1000000,《戏考》,《戏考》（1000000）,01004006,辕门射戟,家国,战争,1,序幕/前置内容,scene_cooccurrence
pdf_01000000__01004006___13b2265b9d,辕门射戟,01000000,1000000,《戏考》,《戏考》（1000000）,01004006,辕门射戟,家国,权谋,1,序幕/前置内容,scene_cooccurrence
pdf_01000000__01004006___13b2265b9d,辕门射戟,01000000,1000000,《戏考》,《戏考》（1000000）,01004006,辕门射戟,征伐,权谋,1,【第一场】,scene_cooccurrence
pdf_01000000__01004006___13b2265b9d,辕门射戟,01000000,1000000,《戏考》,《戏考》（1000000）,01004006,辕门射戟,忠义,战争,1,【第三场】,scene_cooccurrence
pdf_01000000__01004006___13b2265b9d,辕门射戟,01000000,1000000,《戏考》,《戏考》（1000000）,01004006,辕门射戟,战争,调解,1,【第二场】,scene_cooccurrence
pdf_01000000__01004006___13b2265b9d,辕门射戟,01000000,1000000,《戏考》,《戏考》（1000000）,01004006,辕门射戟,权威,结盟,1,【第四场】,scene_cooccurrence
pdf_01000000__01004006___13b2265b9d,辕门射戟,01000000,1000000,《戏考》,《戏考》（1000000）,01004006,辕门射戟,权威,调解,1,【第四场】,scene_cooccurrence
pdf_01000000__01004006___13b2265b9d,辕门射戟,01000000,1000000,《戏考》,《戏考》（1000000）,01004006,辕门射戟,权谋,调解,1,【第二场】,scene_cooccurrence
pdf_01000000__01004006___13b2265b9d,辕门射戟,01000000,1000000,《戏考》,《戏考》（1000000）,01004006,辕门射戟,结盟,调解,1,【第四场】,scene_cooccurrence
pdf_01000000__01004007___a24f152422,取荥阳,01000000,1000000,《戏考》,《戏考》（1000000）,01004007,取荥阳,忠义,权谋,3,【第二场】,scene_cooccurrence
pdf_01000000__01004007___a24f152422,取荥阳,01000000,1000000,《戏考》,《戏考》（1000000）,01004007,取荥阳,亲情,忠义,1,序幕/前置内容,scene_cooccurrence
pdf_01000000__01004007___a24f152422,取荥阳,01000000,1000000,《戏考》,《戏考》（1000000）,01004007,取荥阳,亲情,战争,1,序幕/前置内容,scene_cooccurrence
pdf_01000000__01004007___a24f152422,取荥阳,01000000,1000000,《戏考》,《戏考》（1000000）,01004007,取荥阳,亲情,权谋,1,序幕/前置内容,scene_cooccurrence
pdf_01000000__01004007___a24f152422,取荥阳,01000000,1000000,《戏考》,《戏考》（1000000）,01004007,取荥阳,亲情,离散,1,序幕/前置内容,scene_cooccurrence
pdf_01000000__01004007___a24f152422,取荥阳,01000000,1000000,《戏考》,《戏考》（1000000）,01004007,取荥阳,家国,忠义,1,【第一场】,scene_cooccurrence
pdf_01000000__01004007___a24f152422,取荥阳,01000000,1000000,《戏考》,《戏考》（1000000）,01004007,取荥阳,家国,楚汉争霸,1,【第一场】,scene_cooccurrence
pdf_01000000__01004007___a24f152422,取荥阳,01000000,1000000,《戏考》,《戏考》（1000000）,01004007,取荥阳,忠义,悲情,1,【第二场】,scene_cooccurrence
pdf_01000000__01004007___a24f152422,取荥阳,01000000,1000000,《戏考》,《戏考》（1000000）,01004007,取荥阳,忠义,战争,1,序幕/前置内容,scene_cooccurrence
pdf_01000000__01004007___a24f152422,取荥阳,01000000,1000000,《戏考》,《戏考》（1000000）,01004007,取荥阳,忠义,楚汉争霸,1,【第一场】,scene_cooccurrence
pdf_01000000__01004007___a24f152422,取荥阳,01000000,1000000,《戏考》,《戏考》（1000000）,01004007,取荥阳,忠义,牺牲,1,【第三场】,scene_cooccurrence
pdf_01000000__01004007___a24f152422,取荥阳,01000000,1000000,《戏考》,《戏考》（1000000）,01004007,取荥阳,忠义,离散,1,序幕/前置内容,scene_cooccurrence
pdf_01000000__01004007___a24f152422,取荥阳,01000000,1000000,《戏考》,《戏考》（1000000）,01004007,取荥阳,悲情,权谋,1,【第二场】,scene_cooccurrence
pdf_01000000__01004007___a24f152422,取荥阳,01000000,1000000,《戏考》,《戏考》（1000000）,01004007,取荥阳,战争,权谋,1,序幕/前置内容,scene_cooccurrence
pdf_01000000__01004007___a24f152422,取荥阳,01000000,1000000,《戏考》,《戏考》（1000000）,01004007,取荥阳,战争,离散,1,序幕/前置内容,scene_cooccurrence
pdf_01000000__01004007___a24f152422,取荥阳,01000000,1000000,《戏考》,《戏考》（1000000）,01004007,取荥阳,权谋,牺牲,1,【第三场】,scene_cooccurrence
pdf_01000000__01004007___a24f152422,取荥阳,01000000,1000000,《戏考》,《戏考》（1000000）,01004007,取荥阳,权谋,离散,1,序幕/前置内容,scene_cooccurrence
pdf_01000000__01004008___27d1eda64f,大保国,01000000,1000000,《戏考》,《戏考》（1000000）,01004008,大保国,亲情,家国,1,序幕/前置内容,scene_cooccurrence
pdf_01000000__01004008___27d1eda64f,大保国,01000000,1000000,《戏考》,《戏考》（1000000）,01004008,大保国,亲情,忠义,1,序幕/前置内容,scene_cooccurrence
pdf_01000000__01004008___27d1eda64f,大保国,01000000,1000000,《戏考》,《戏考》（1000000）,01004008,大保国,亲情,战争,1,序幕/前置内容,scene_cooccurrence
pdf_01000000__01004008___27d1eda64f,大保国,01000000,1000000,《戏考》,《戏考》（1000000）,01004008,大保国,亲情,权谋,1,序幕/前置内容,scene_cooccurrence
pdf_01000000__01004008___27d1eda64f,大保国,01000000,1000000,《戏考》,《戏考》（1000000）,01004008,大保国,亲情,离散,1,序幕/前置内容,scene_cooccurrence
pdf_01000000__01004008___27d1eda64f,大保国,01000000,1000000,《戏考》,《戏考》（1000000）,01004008,大保国,家国,忠义,1,序幕/前置内容,scene_cooccurrence
pdf_01000000__01004008___27d1eda64f,大保国,01000000,1000000,《戏考》,《戏考》（1000000）,01004008,大保国,家国,战争,1,序幕/前置内容,scene_cooccurrence
pdf_01000000__01004008___27d1eda64f,大保国,01000000,1000000,《戏考》,《戏考》（1000000）,01004008,大保国,家国,权谋,1,序幕/前置内容,scene_cooccurrence
pdf_01000000__01004008___27d1eda64f,大保国,01000000,1000000,《戏考》,《戏考》（1000000）,01004008,大保国,家国,离散,1,序幕/前置内容,scene_cooccurrence
pdf_01000000__01004008___27d1eda64f,大保国,01000000,1000000,《戏考》,《戏考》（1000000）,01004008,大保国,忠义,战争,1,序幕/前置内容,scene_cooccurrence
pdf_01000000__01004008___27d1eda64f,大保国,01000000,1000000,《戏考》,《戏考》（1000000）,01004008,大保国,忠义,权谋,1,序幕/前置内容,scene_cooccurrence
pdf_01000000__01004008___27d1eda64f,大保国,01000000,1000000,《戏考》,《戏考》（1000000）,01004008,大保国,忠义,离散,1,序幕/前置内容,scene_cooccurrence
pdf_01000000__01004008___27d1eda64f,大保国,01000000,1000000,《戏考》,《戏考》（1000000）,01004008,大保国,战争,权谋,1,序幕/前置内容,scene_cooccurrence
pdf_01000000__01004008___27d1eda64f,大保国,01000000,1000000,《戏考》,《戏考》（1000000）,01004008,大保国,战争,离散,1,序幕/前置内容,scene_cooccurrence
pdf_01000000__01004008___27d1eda64f,大保国,01000000,1000000,《戏考》,《戏考》（1000000）,01004008,大保国,权谋,离散,1,序幕/前置内容,scene_cooccurrence
pdf_01000000__01004009___abe4e0ff20,忠孝全,01000000,1000000,《戏考》,《戏考》（1000000）,01004009,忠孝全,忠义,战争,3,【第二场】,scene_cooccurrence
pdf_01000000__01004009___abe4e0ff20,忠孝全,01000000,1000000,《戏考》,《戏考》（1000000）,01004009,忠孝全,忠义,情爱,2,【第五场】,scene_cooccurrence
pdf_01000000__01004009___abe4e0ff20,忠孝全,01000000,1000000,《戏考》,《戏考》（1000000）,01004009,忠孝全,忠义,权力,2,【第三场】,scene_cooccurrence
pdf_01000000__01004009___abe4e0ff20,忠孝全,01000000,1000000,《戏考》,《戏考》（1000000）,01004009,忠孝全,亲情,公案,1,序幕/前置内容,scene_cooccurrence
pdf_01000000__01004009___abe4e0ff20,忠孝全,01000000,1000000,《戏考》,《戏考》（1000000）,01004009,忠孝全,亲情,家国,1,序幕/前置内容,scene_cooccurrence
pdf_01000000__01004009___abe4e0ff20,忠孝全,01000000,1000000,《戏考》,《戏考》（1000000）,01004009,忠孝全,亲情,忠义,1,序幕/前置内容,scene_cooccurrence
pdf_01000000__01004009___abe4e0ff20,忠孝全,01000000,1000000,《戏考》,《戏考》（1000000）,01004009,忠孝全,亲情,情爱,1,序幕/前置内容,scene_cooccurrence
pdf_01000000__01004009___abe4e0ff20,忠孝全,01000000,1000000,《戏考》,《戏考》（1000000）,01004009,忠孝全,亲情,战争,1,序幕/前置内容,scene_cooccurrence
pdf_01000000__01004009___abe4e0ff20,忠孝全,01000000,1000000,《戏考》,《戏考》（1000000）,01004009,忠孝全,亲情,离散,1,序幕/前置内容,scene_cooccurrence
pdf_01000000__01004009___abe4e0ff20,忠孝全,01000000,1000000,《戏考》,《戏考》（1000000）,01004009,忠孝全,使命,忠义,1,【第四场】,scene_cooccurrence
pdf_01000000__01004009___abe4e0ff20,忠孝全,01000000,1000000,《戏考》,《戏考》（1000000）,01004009,忠孝全,公案,家国,1,序幕/前置内容,scene_cooccurrence
pdf_01000000__01004009___abe4e0ff20,忠孝全,01000000,1000000,《戏考》,《戏考》（1000000）,01004009,忠孝全,公案,忠义,1,序幕/前置内容,scene_cooccurrence
pdf_01000000__01004009___abe4e0ff20,忠孝全,01000000,1000000,《戏考》,《戏考》（1000000）,01004009,忠孝全,公案,情爱,1,序幕/前置内容,scene_cooccurrence
pdf_01000000__01004009___abe4e0ff20,忠孝全,01000000,1000000,《戏考》,《戏考》（1000000）,01004009,忠孝全,公案,战争,1,序幕/前置内容,scene_cooccurrence
pdf_01000000__01004009___abe4e0ff20,忠孝全,01000000,1000000,《戏考》,《戏考》（1000000）,01004009,忠孝全,公案,离散,1,序幕/前置内容,scene_cooccurrence
pdf_01000000__01004009___abe4e0ff20,忠孝全,01000000,1000000,《戏考》,《戏考》（1000000）,01004009,忠孝全,功过,忠义,1,【第三场】,scene_cooccurrence
pdf_01000000__01004009___abe4e0ff20,忠孝全,01000000,1000000,《戏考》,《戏考》（1000000）,01004009,忠孝全,功过,战争,1,【第三场】,scene_cooccurrence
pdf_01000000__01004009___abe4e0ff20,忠孝全,01000000,1000000,《戏考》,《戏考》（1000000）,01004009,忠孝全,功过,权力,1,【第三场】,scene_cooccurrence
pdf_01000000__01004009___abe4e0ff20,忠孝全,01000000,1000000,《戏考》,《戏考》（1000000）,01004009,忠孝全,家国,忠义,1,序幕/前置内容,scene_cooccurrence
pdf_01000000__01004009___abe4e0ff20,忠孝全,01000000,1000000,《戏考》,《戏考》（1000000）,01004009,忠孝全,家国,情爱,1,序幕/前置内容,scene_cooccurrence
pdf_01000000__01004009___abe4e0ff20,忠孝全,01000000,1000000,《戏考》,《戏考》（1000000）,01004009,忠孝全,家国,战争,1,序幕/前置内容,scene_cooccurrence
pdf_01000000__01004009___abe4e0ff20,忠孝全,01000000,1000000,《戏考》,《戏考》（1000000）,01004009,忠孝全,家国,离散,1,序幕/前置内容,scene_cooccurrence
pdf_01000000__01004009___abe4e0ff20,忠孝全,01000000,1000000,《戏考》,《戏考》（1000000）,01004009,忠孝全,征服与投降,忠义,1,【第二场】,scene_cooccurrence
pdf_01000000__01004009___abe4e0ff20,忠孝全,01000000,1000000,《戏考》,《戏考》（1000000）,01004009,忠孝全,征服与投降,战争,1,【第二场】,scene_cooccurrence
pdf_01000000__01004009___abe4e0ff20,忠孝全,01000000,1000000,《戏考》,《戏考》（1000000）,01004009,忠孝全,忠义,救赎,1,【第五场】,scene_cooccurrence
pdf_01000000__01004009___abe4e0ff20,忠孝全,01000000,1000000,《戏考》,《戏考》（1000000）,01004009,忠孝全,忠义,权臣专权,1,【第一场】,scene_cooccurrence
pdf_01000000__01004009___abe4e0ff20,忠孝全,01000000,1000000,《戏考》,《戏考》（1000000）,01004009,忠孝全,忠义,离散,1,序幕/前置内容,scene_cooccurrence
pdf_01000000__01004009___abe4e0ff20,忠孝全,01000000,1000000,《戏考》,《戏考》（1000000）,01004009,忠孝全,情爱,战争,1,序幕/前置内容,scene_cooccurrence
pdf_01000000__01004009___abe4e0ff20,忠孝全,01000000,1000000,《戏考》,《戏考》（1000000）,01004009,忠孝全,情爱,救赎,1,【第五场】,scene_cooccurrence
pdf_01000000__01004009___abe4e0ff20,忠孝全,01000000,1000000,《戏考》,《戏考》（1000000）,01004009,忠孝全,情爱,权力,1,【第五场】,scene_cooccurrence
pdf_01000000__01004009___abe4e0ff20,忠孝全,01000000,1000000,《戏考》,《戏考》（1000000）,01004009,忠孝全,情爱,离散,1,序幕/前置内容,scene_cooccurrence
pdf_01000000__01004009___abe4e0ff20,忠孝全,01000000,1000000,《戏考》,《戏考》（1000000）,01004009,忠孝全,战争,权力,1,【第三场】,scene_cooccurrence
pdf_01000000__01004009___abe4e0ff20,忠孝全,01000000,1000000,《戏考》,《戏考》（1000000）,01004009,忠孝全,战争,离散,1,序幕/前置内容,scene_cooccurrence
pdf_01000000__01004009___abe4e0ff20,忠孝全,01000000,1000000,《戏考》,《戏考》（1000000）,01004009,忠孝全,救赎,权力,1,【第五场】,scene_cooccurrence
pdf_01000000__01004010___47767989be,双投唐,01000000,1000000,《戏考》,《戏考》（1000000）,01004010,双投唐,战争,离散,5,序幕/前置内容,scene_cooccurrence
pdf_01000000__01004010___47767989be,双投唐,01000000,1000000,《戏考》,《戏考》（1000000）,01004010,双投唐,亲情,忠义,4,序幕/前置内容,scene_cooccurrence
pdf_01000000__01004010___47767989be,双投唐,01000000,1000000,《戏考》,《戏考》（1000000）,01004010,双投唐,亲情,战争,4,序幕/前置内容,scene_cooccurrence
pdf_01000000__01004010___47767989be,双投唐,01000000,1000000,《戏考》,《戏考》（1000000）,01004010,双投唐,亲情,离散,4,序幕/前置内容,scene_cooccurrence
pdf_01000000__01004010___47767989be,双投唐,01000000,1000000,《戏考》,《戏考》（1000000）,01004010,双投唐,忠义,战争,4,序幕/前置内容,scene_cooccurrence
pdf_01000000__01004010___47767989be,双投唐,01000000,1000000,《戏考》,《戏考》（1000000）,01004010,双投唐,忠义,离散,4,序幕/前置内容,scene_cooccurrence
pdf_01000000__01004010___47767989be,双投唐,01000000,1000000,《戏考》,《戏考》（1000000）,01004010,双投唐,忠义,抉择,2,【第二场】,scene_cooccurrence
pdf_01000000__01004010___47767989be,双投唐,01000000,1000000,《戏考》,《戏考》（1000000）,01004010,双投唐,忠义,背叛,2,【第十场】,scene_cooccurrence
pdf_01000000__01004010___47767989be,双投唐,01000000,1000000,《戏考》,《戏考》（1000000）,01004010,双投唐,悲情,背叛,2,【第八场】,scene_cooccurrence
pdf_01000000__01004010___47767989be,双投唐,01000000,1000000,《戏考》,《戏考》（1000000）,01004010,双投唐,权力欲望,背叛,2,【第八场】,scene_cooccurrence
pdf_01000000__01004010___47767989be,双投唐,01000000,1000000,《戏考》,《戏考》（1000000）,01004010,双投唐,使命,忠义,1,【第二场】,scene_cooccurrence
pdf_01000000__01004010___47767989be,双投唐,01000000,1000000,《戏考》,《戏考》（1000000）,01004010,双投唐,使命,抉择,1,【第二场】,scene_cooccurrence
pdf_01000000__01004010___47767989be,双投唐,01000000,1000000,《戏考》,《戏考》（1000000）,01004010,双投唐,使命,降唐,1,【第二场】,scene_cooccurrence
pdf_01000000__01004010___47767989be,双投唐,01000000,1000000,《戏考》,《戏考》（1000000）,01004010,双投唐,家国,忠义,1,【第七场】,scene_cooccurrence
pdf_01000000__01004010___47767989be,双投唐,01000000,1000000,《戏考》,《戏考》（1000000）,01004010,双投唐,家国,悲情,1,【第八场】,scene_cooccurrence
pdf_01000000__01004010___47767989be,双投唐,01000000,1000000,《戏考》,《戏考》（1000000）,01004010,双投唐,家国,情爱,1,【第七场】,scene_cooccurrence
pdf_01000000__01004010___47767989be,双投唐,01000000,1000000,《戏考》,《戏考》（1000000）,01004010,双投唐,家国,招安与归顺,1,【第七场】,scene_cooccurrence
pdf_01000000__01004010___47767989be,双投唐,01000000,1000000,《戏考》,《戏考》（1000000）,01004010,双投唐,家国,权力欲望,1,【第八场】,scene_cooccurrence
pdf_01000000__01004010___47767989be,双投唐,01000000,1000000,《戏考》,《戏考》（1000000）,01004010,双投唐,家国,背叛,1,【第八场】,scene_cooccurrence
pdf_01000000__01004010___47767989be,双投唐,01000000,1000000,《戏考》,《戏考》（1000000）,01004010,双投唐,宽恕与和解,忠义,1,【第六场】,scene_cooccurrence
pdf_01000000__01004010___47767989be,双投唐,01000000,1000000,《戏考》,《戏考》（1000000）,01004010,双投唐,宽恕与和解,身份与尊严,1,【第六场】,scene_cooccurrence
pdf_01000000__01004010___47767989be,双投唐,01000000,1000000,《戏考》,《戏考》（1000000）,01004010,双投唐,对抗,忠义,1,【第十二场】,scene_cooccurrence
pdf_01000000__01004010___47767989be,双投唐,01000000,1000000,《戏考》,《戏考》（1000000）,01004010,双投唐,对抗,抉择,1,【第十二场】,scene_cooccurrence
pdf_01000000__01004010___47767989be,双投唐,01000000,1000000,《戏考》,《戏考》（1000000）,01004010,双投唐,忠义,悔恨,1,【第十场】,scene_cooccurrence
pdf_01000000__01004010___47767989be,双投唐,01000000,1000000,《戏考》,《戏考》（1000000）,01004010,双投唐,忠义,悲情,1,【第十四场】,scene_cooccurrence
pdf_01000000__01004010___47767989be,双投唐,01000000,1000000,《戏考》,《戏考》（1000000）,01004010,双投唐,忠义,情爱,1,【第七场】,scene_cooccurrence
pdf_01000000__01004010___47767989be,双投唐,01000000,1000000,《戏考》,《戏考》（1000000）,01004010,双投唐,忠义,招安与归顺,1,【第七场】,scene_cooccurrence
pdf_01000000__01004010___47767989be,双投唐,01000000,1000000,《戏考》,《戏考》（1000000）,01004010,双投唐,忠义,权力斗争,1,【第十四场】,scene_cooccurrence
pdf_01000000__01004010___47767989be,双投唐,01000000,1000000,《戏考》,《戏考》（1000000）,01004010,双投唐,忠义,权力欲望,1,【第十场】,scene_cooccurrence
pdf_01000000__01004010___47767989be,双投唐,01000000,1000000,《戏考》,《戏考》（1000000）,01004010,双投唐,忠义,身份与尊严,1,【第六场】,scene_cooccurrence
pdf_01000000__01004010___47767989be,双投唐,01000000,1000000,《戏考》,《戏考》（1000000）,01004010,双投唐,忠义,降唐,1,【第二场】,scene_cooccurrence
pdf_01000000__01004010___47767989be,双投唐,01000000,1000000,《戏考》,《戏考》（1000000）,01004010,双投唐,悔恨,权力欲望,1,【第十场】,scene_cooccurrence
pdf_01000000__01004010___47767989be,双投唐,01000000,1000000,《戏考》,《戏考》（1000000）,01004010,双投唐,悔恨,背叛,1,【第十场】,scene_cooccurrence
pdf_01000000__01004010___47767989be,双投唐,01000000,1000000,《戏考》,《戏考》（1000000）,01004010,双投唐,悲情,权力斗争,1,【第十四场】,scene_cooccurrence
pdf_01000000__01004010___47767989be,双投唐,01000000,1000000,《戏考》,《戏考》（1000000）,01004010,双投唐,悲情,权力欲望,1,【第八场】,scene_cooccurrence
pdf_01000000__01004010___47767989be,双投唐,01000000,1000000,《戏考》,《戏考》（1000000）,01004010,双投唐,情爱,战争,1,【第一场】,scene_cooccurrence
pdf_01000000__01004010___47767989be,双投唐,01000000,1000000,《戏考》,《戏考》（1000000）,01004010,双投唐,情爱,招安与归顺,1,【第七场】,scene_cooccurrence
pdf_01000000__01004010___47767989be,双投唐,01000000,1000000,《戏考》,《戏考》（1000000）,01004010,双投唐,情爱,离散,1,【第一场】,scene_cooccurrence
pdf_01000000__01004010___47767989be,双投唐,01000000,1000000,《戏考》,《戏考》（1000000）,01004010,双投唐,战争,权力集结,1,【第十一场】,scene_cooccurrence
pdf_01000000__01004010___47767989be,双投唐,01000000,1000000,《戏考》,《戏考》（1000000）,01004010,双投唐,抉择,降唐,1,【第二场】,scene_cooccurrence
pdf_01000000__01004010___47767989be,双投唐,01000000,1000000,《戏考》,《戏考》（1000000）,01004010,双投唐,权力斗争,背叛,1,【第十四场】,scene_cooccurrence
pdf_01000000__01004011___c0be635aa4,飞虎山,01000000,1000000,《戏考》,《戏考》（1000000）,01004011,飞虎山,亲情,公案,1,序幕/前置内容,scene_cooccurrence
pdf_01000000__01004011___c0be635aa4,飞虎山,01000000,1000000,《戏考》,《戏考》（1000000）,01004011,飞虎山,亲情,家国,1,序幕/前置内容,scene_cooccurrence
pdf_01000000__01004011___c0be635aa4,飞虎山,01000000,1000000,《戏考》,《戏考》（1000000）,01004011,飞虎山,亲情,忠义,1,序幕/前置内容,scene_cooccurrence
pdf_01000000__01004011___c0be635aa4,飞虎山,01000000,1000000,《戏考》,《戏考》（1000000）,01004011,飞虎山,亲情,情爱,1,序幕/前置内容,scene_cooccurrence
pdf_01000000__01004011___c0be635aa4,飞虎山,01000000,1000000,《戏考》,《戏考》（1000000）,01004011,飞虎山,使命,引路,1,【第三场】,scene_cooccurrence
pdf_01000000__01004011___c0be635aa4,飞虎山,01000000,1000000,《戏考》,《戏考》（1000000）,01004011,飞虎山,使命,梦兆,1,【第三场】,scene_cooccurrence
pdf_01000000__01004011___c0be635aa4,飞虎山,01000000,1000000,《戏考》,《戏考》（1000000）,01004011,飞虎山,公案,家国,1,序幕/前置内容,scene_cooccurrence
pdf_01000000__01004011___c0be635aa4,飞虎山,01000000,1000000,《戏考》,《戏考》（1000000）,01004011,飞虎山,公案,忠义,1,序幕/前置内容,scene_cooccurrence
pdf_01000000__01004011___c0be635aa4,飞虎山,01000000,1000000,《戏考》,《戏考》（1000000）,01004011,飞虎山,公案,情爱,1,序幕/前置内容,scene_cooccurrence
pdf_01000000__01004011___c0be635aa4,飞虎山,01000000,1000000,《戏考》,《戏考》（1000000）,01004011,飞虎山,家国,忠义,1,序幕/前置内容,scene_cooccurrence
pdf_01000000__01004011___c0be635aa4,飞虎山,01000000,1000000,《戏考》,《戏考》（1000000）,01004011,飞虎山,家国,情爱,1,序幕/前置内容,scene_cooccurrence
pdf_01000000__01004011___c0be635aa4,飞虎山,01000000,1000000,《戏考》,《戏考》（1000000）,01004011,飞虎山,引路,梦兆,1,【第三场】,scene_cooccurrence
pdf_01000000__01004011___c0be635aa4,飞虎山,01000000,1000000,《戏考》,《戏考》（1000000）,01004011,飞虎山,忠义,情爱,1,序幕/前置内容,scene_cooccurrence
pdf_01000000__01004011___c0be635aa4,飞虎山,01000000,1000000,《戏考》,《戏考》（1000000）,01004011,飞虎山,忠义,收降,1,【第四场】,scene_cooccurrence
pdf_01000000__01004011___c0be635aa4,飞虎山,01000000,1000000,《戏考》,《戏考》（1000000）,01004011,飞虎山,忠义,英雄相惜,1,【第四场】,scene_cooccurrence
pdf_01000000__01004011___c0be635aa4,飞虎山,01000000,1000000,《戏考》,《戏考》（1000000）,01004011,飞虎山,思亲,愁苦,1,【第一场】,scene_cooccurrence
pdf_01000000__01004011___c0be635aa4,飞虎山,01000000,1000000,《戏考》,《戏考》（1000000）,01004011,飞虎山,战争,权力与服从,1,【第二场】,scene_cooccurrence
pdf_01000000__01004011___c0be635aa4,飞虎山,01000000,1000000,《戏考》,《戏考》（1000000）,01004011,飞虎山,收降,英雄相惜,1,【第四场】,scene_cooccurrence
pdf_01000000__01004012___2ea5375b61,女起解,01000000,1000000,《戏考》,《戏考》（1000000）,01004012,女起解,使命,公案,2,【第一场】,scene_cooccurrence
pdf_01000000__01004012___2ea5375b61,女起解,01000000,1000000,《戏考》,《戏考》（1000000）,01004012,女起解,亲情,公案,1,序幕/前置内容,scene_cooccurrence
pdf_01000000__01004012___2ea5375b61,女起解,01000000,1000000,《戏考》,《戏考》（1000000）,01004012,女起解,亲情,家国,1,序幕/前置内容,scene_cooccurrence
pdf_01000000__01004012___2ea5375b61,女起解,01000000,1000000,《戏考》,《戏考》（1000000）,01004012,女起解,亲情,忠义,1,序幕/前置内容,scene_cooccurrence
pdf_01000000__01004012___2ea5375b61,女起解,01000000,1000000,《戏考》,《戏考》（1000000）,01004012,女起解,亲情,情爱,1,序幕/前置内容,scene_cooccurrence
pdf_01000000__01004012___2ea5375b61,女起解,01000000,1000000,《戏考》,《戏考》（1000000）,01004012,女起解,亲情,权谋,1,序幕/前置内容,scene_cooccurrence
pdf_01000000__01004012___2ea5375b61,女起解,01000000,1000000,《戏考》,《戏考》（1000000）,01004012,女起解,使命,底层互助,1,【第三场】,scene_cooccurrence
pdf_01000000__01004012___2ea5375b61,女起解,01000000,1000000,《戏考》,《戏考》（1000000）,01004012,女起解,公案,家国,1,序幕/前置内容,scene_cooccurrence
pdf_01000000__01004012___2ea5375b61,女起解,01000000,1000000,《戏考》,《戏考》（1000000）,01004012,女起解,公案,底层互助,1,【第三场】,scene_cooccurrence
pdf_01000000__01004012___2ea5375b61,女起解,01000000,1000000,《戏考》,《戏考》（1000000）,01004012,女起解,公案,忠义,1,序幕/前置内容,scene_cooccurrence
pdf_01000000__01004012___2ea5375b61,女起解,01000000,1000000,《戏考》,《戏考》（1000000）,01004012,女起解,公案,情爱,1,序幕/前置内容,scene_cooccurrence
pdf_01000000__01004012___2ea5375b61,女起解,01000000,1000000,《戏考》,《戏考》（1000000）,01004012,女起解,公案,权谋,1,序幕/前置内容,scene_cooccurrence
pdf_01000000__01004012___2ea5375b61,女起解,01000000,1000000,《戏考》,《戏考》（1000000）,01004012,女起解,喜剧,官场日常,1,【第二场】,scene_cooccurrence
pdf_01000000__01004012___2ea5375b61,女起解,01000000,1000000,《戏考》,《戏考》（1000000）,01004012,女起解,家国,忠义,1,序幕/前置内容,scene_cooccurrence
pdf_01000000__01004012___2ea5375b61,女起解,01000000,1000000,《戏考》,《戏考》（1000000）,01004012,女起解,家国,情爱,1,序幕/前置内容,scene_cooccurrence
pdf_01000000__01004012___2ea5375b61,女起解,01000000,1000000,《戏考》,《戏考》（1000000）,01004012,女起解,家国,权谋,1,序幕/前置内容,scene_cooccurrence
pdf_01000000__01004012___2ea5375b61,女起解,01000000,1000000,《戏考》,《戏考》（1000000）,01004012,女起解,忠义,情爱,1,序幕/前置内容,scene_cooccurrence
pdf_01000000__01004012___2ea5375b61,女起解,01000000,1000000,《戏考》,《戏考》（1000000）,01004012,女起解,忠义,权谋,1,序幕/前置内容,scene_cooccurrence
pdf_01000000__01004012___2ea5375b61,女起解,01000000,1000000,《戏考》,《戏考》（1000000）,01004012,女起解,情爱,权谋,1,序幕/前置内容,scene_cooccurrence
pdf_01000000__01004014___d6eca0fe85,遗翠花,01000000,1000000,《戏考》,《戏考》（1000000）,01004014,遗翠花,主仆关系,情爱,1,【第一场】,scene_cooccurrence
pdf_01000000__01004014___d6eca0fe85,遗翠花,01000000,1000000,《戏考》,《戏考》（1000000）,01004014,遗翠花,主仆关系,相思,1,【第一场】,scene_cooccurrence
pdf_01000000__01004014___d6eca0fe85,遗翠花,01000000,1000000,《戏考》,《戏考》（1000000）,01004014,遗翠花,亲情,家国,1,序幕/前置内容,scene_cooccurrence
pdf_01000000__01004014___d6eca0fe85,遗翠花,01000000,1000000,《戏考》,《戏考》（1000000）,01004014,遗翠花,亲情,情爱,1,序幕/前置内容,scene_cooccurrence
pdf_01000000__01004014___d6eca0fe85,遗翠花,01000000,1000000,《戏考》,《戏考》（1000000）,01004014,遗翠花,家国,情爱,1,序幕/前置内容,scene_cooccurrence
pdf_01000000__01004014___d6eca0fe85,遗翠花,01000000,1000000,《戏考》,《戏考》（1000000）,01004014,遗翠花,情爱,欺骗与暴露,1,【第三场】,scene_cooccurrence
pdf_01000000__01004014___d6eca0fe85,遗翠花,01000000,1000000,《戏考》,《戏考》（1000000）,01004014,遗翠花,情爱,相思,1,【第一场】,scene_cooccurrence
pdf_01000000__01004014___d6eca0fe85,遗翠花,01000000,1000000,《戏考》,《戏考》（1000000）,01004014,遗翠花,情爱,试探,1,【第二场】,scene_cooccurrence
pdf_01000000__01004014___d6eca0fe85,遗翠花,01000000,1000000,《戏考》,《戏考》（1000000）,01004014,遗翠花,情爱,闺门礼教,1,【第三场】,scene_cooccurrence
pdf_01000000__01004014___d6eca0fe85,遗翠花,01000000,1000000,《戏考》,《戏考》（1000000）,01004014,遗翠花,情爱,阶级,1,【第二场】,scene_cooccurrence
pdf_01000000__01004014___d6eca0fe85,遗翠花,01000000,1000000,《戏考》,《戏考》（1000000）,01004014,遗翠花,欺骗与暴露,闺门礼教,1,【第三场】,scene_cooccurrence
pdf_01000000__01004014___d6eca0fe85,遗翠花,01000000,1000000,《戏考》,《戏考》（1000000）,01004014,遗翠花,试探,阶级,1,【第二场】,scene_cooccurrence
pdf_01000000__01004015___871e6f9883,新安驿,01000000,1000000,《戏考》,《戏考》（1000000）,01004015,新安驿,喜剧,离散,2,【第三场】,scene_cooccurrence
pdf_01000000__01004015___871e6f9883,新安驿,01000000,1000000,《戏考》,《戏考》（1000000）,01004015,新安驿,情爱,离散,2,【第二场】,scene_cooccurrence
pdf_01000000__01004015___871e6f9883,新安驿,01000000,1000000,《戏考》,《戏考》（1000000）,01004015,新安驿,亲情,公案,1,序幕/前置内容,scene_cooccurrence
pdf_01000000__01004015___871e6f9883,新安驿,01000000,1000000,《戏考》,《戏考》（1000000）,01004015,新安驿,亲情,喜剧,1,序幕/前置内容,scene_cooccurrence
pdf_01000000__01004015___871e6f9883,新安驿,01000000,1000000,《戏考》,《戏考》（1000000）,01004015,新安驿,亲情,家国,1,序幕/前置内容,scene_cooccurrence
pdf_01000000__01004015___871e6f9883,新安驿,01000000,1000000,《戏考》,《戏考》（1000000）,01004015,新安驿,亲情,情爱,1,序幕/前置内容,scene_cooccurrence
pdf_01000000__01004015___871e6f9883,新安驿,01000000,1000000,《戏考》,《戏考》（1000000）,01004015,新安驿,亲情,离散,1,序幕/前置内容,scene_cooccurrence
pdf_01000000__01004015___871e6f9883,新安驿,01000000,1000000,《戏考》,《戏考》（1000000）,01004015,新安驿,公案,喜剧,1,序幕/前置内容,scene_cooccurrence
pdf_01000000__01004015___871e6f9883,新安驿,01000000,1000000,《戏考》,《戏考》（1000000）,01004015,新安驿,公案,家国,1,序幕/前置内容,scene_cooccurrence
pdf_01000000__01004015___871e6f9883,新安驿,01000000,1000000,《戏考》,《戏考》（1000000）,01004015,新安驿,公案,情爱,1,序幕/前置内容,scene_cooccurrence
pdf_01000000__01004015___871e6f9883,新安驿,01000000,1000000,《戏考》,《戏考》（1000000）,01004015,新安驿,公案,离散,1,序幕/前置内容,scene_cooccurrence
pdf_01000000__01004015___871e6f9883,新安驿,01000000,1000000,《戏考》,《戏考》（1000000）,01004015,新安驿,喜剧,家国,1,序幕/前置内容,scene_cooccurrence
pdf_01000000__01004015___871e6f9883,新安驿,01000000,1000000,《戏考》,《戏考》（1000000）,01004015,新安驿,喜剧,情爱,1,序幕/前置内容,scene_cooccurrence
pdf_01000000__01004015___871e6f9883,新安驿,01000000,1000000,《戏考》,《戏考》（1000000）,01004015,新安驿,喜剧,身份伪装,1,【第三场】,scene_cooccurrence
pdf_01000000__01004015___871e6f9883,新安驿,01000000,1000000,《戏考》,《戏考》（1000000）,01004015,新安驿,家国,情爱,1,序幕/前置内容,scene_cooccurrence
pdf_01000000__01004015___871e6f9883,新安驿,01000000,1000000,《戏考》,《戏考》（1000000）,01004015,新安驿,家国,离散,1,序幕/前置内容,scene_cooccurrence
pdf_01000000__01004015___871e6f9883,新安驿,01000000,1000000,《戏考》,《戏考》（1000000）,01004015,新安驿,悲情,情爱,1,【第二场】,scene_cooccurrence
pdf_01000000__01004015___871e6f9883,新安驿,01000000,1000000,《戏考》,《戏考》（1000000）,01004015,新安驿,悲情,离散,1,【第二场】,scene_cooccurrence
pdf_01000000__01004015___871e6f9883,新安驿,01000000,1000000,《戏考》,《戏考》（1000000）,01004015,新安驿,悲情,身份错位,1,【第二场】,scene_cooccurrence
pdf_01000000__01004015___871e6f9883,新安驿,01000000,1000000,《戏考》,《戏考》（1000000）,01004015,新安驿,情爱,身份错位,1,【第二场】,scene_cooccurrence
pdf_01000000__01004015___871e6f9883,新安驿,01000000,1000000,《戏考》,《戏考》（1000000）,01004015,新安驿,权谋,生存困境,1,【第一场】,scene_cooccurrence
pdf_01000000__01004015___871e6f9883,新安驿,01000000,1000000,《戏考》,《戏考》（1000000）,01004015,新安驿,离散,身份伪装,1,【第三场】,scene_cooccurrence
pdf_01000000__01004015___871e6f9883,新安驿,01000000,1000000,《戏考》,《戏考》（1000000）,01004015,新安驿,离散,身份错位,1,【第二场】,scene_cooccurrence
pdf_01000000__01004016___8e04e3a822,小上坟,01000000,1000000,《戏考》,《戏考》（1000000）,01004016,小上坟,亲情,公案,2,【第二场】,scene_cooccurrence
pdf_01000000__01004016___8e04e3a822,小上坟,01000000,1000000,《戏考》,《戏考》（1000000）,01004016,小上坟,亲情,家国,1,序幕/前置内容,scene_cooccurrence
pdf_01000000__01004016___8e04e3a822,小上坟,01000000,1000000,《戏考》,《戏考》（1000000）,01004016,小上坟,亲情,情爱,1,序幕/前置内容,scene_cooccurrence
pdf_01000000__01004016___8e04e3a822,小上坟,01000000,1000000,《戏考》,《戏考》（1000000）,01004016,小上坟,亲情,战争,1,序幕/前置内容,scene_cooccurrence
pdf_01000000__01004016___8e04e3a822,小上坟,01000000,1000000,《戏考》,《戏考》（1000000）,01004016,小上坟,亲情,离散,1,序幕/前置内容,scene_cooccurrence
pdf_01000000__01004016___8e04e3a822,小上坟,01000000,1000000,《戏考》,《戏考》（1000000）,01004016,小上坟,亲情,身份确认,1,【第二场】,scene_cooccurrence
pdf_01000000__01004016___8e04e3a822,小上坟,01000000,1000000,《戏考》,《戏考》（1000000）,01004016,小上坟,公案,家国,1,序幕/前置内容,scene_cooccurrence
pdf_01000000__01004016___8e04e3a822,小上坟,01000000,1000000,《戏考》,《戏考》（1000000）,01004016,小上坟,公案,情爱,1,序幕/前置内容,scene_cooccurrence
pdf_01000000__01004016___8e04e3a822,小上坟,01000000,1000000,《戏考》,《戏考》（1000000）,01004016,小上坟,公案,战争,1,序幕/前置内容,scene_cooccurrence
pdf_01000000__01004016___8e04e3a822,小上坟,01000000,1000000,《戏考》,《戏考》（1000000）,01004016,小上坟,公案,离散,1,序幕/前置内容,scene_cooccurrence
pdf_01000000__01004016___8e04e3a822,小上坟,01000000,1000000,《戏考》,《戏考》（1000000）,01004016,小上坟,公案,身份确认,1,【第二场】,scene_cooccurrence
pdf_01000000__01004016___8e04e3a822,小上坟,01000000,1000000,《戏考》,《戏考》（1000000）,01004016,小上坟,出行,官场,1,【第一场】,scene_cooccurrence
pdf_01000000__01004016___8e04e3a822,小上坟,01000000,1000000,《戏考》,《戏考》（1000000）,01004016,小上坟,家国,情爱,1,序幕/前置内容,scene_cooccurrence
pdf_01000000__01004016___8e04e3a822,小上坟,01000000,1000000,《戏考》,《戏考》（1000000）,01004016,小上坟,家国,战争,1,序幕/前置内容,scene_cooccurrence
pdf_01000000__01004016___8e04e3a822,小上坟,01000000,1000000,《戏考》,《戏考》（1000000）,01004016,小上坟,家国,离散,1,序幕/前置内容,scene_cooccurrence
pdf_01000000__01004016___8e04e3a822,小上坟,01000000,1000000,《戏考》,《戏考》（1000000）,01004016,小上坟,情爱,战争,1,序幕/前置内容,scene_cooccurrence
pdf_01000000__01004016___8e04e3a822,小上坟,01000000,1000000,《戏考》,《戏考》（1000000）,01004016,小上坟,情爱,离散,1,序幕/前置内容,scene_cooccurrence
pdf_01000000__01004016___8e04e3a822,小上坟,01000000,1000000,《戏考》,《戏考》（1000000）,01004016,小上坟,战争,离散,1,序幕/前置内容,scene_cooccurrence
pdf_01000000__01005001___8bae4c8a7d,武家坡,01000000,1000000,《戏考》,《戏考》（1000000）,01005001,武家坡,亲情,离散,2,【第一场】,scene_cooccurrence
pdf_01000000__01005001___8bae4c8a7d,武家坡,01000000,1000000,《戏考》,《戏考》（1000000）,01005001,武家坡,亲情,公案,1,序幕/前置内容,scene_cooccurrence
pdf_01000000__01005001___8bae4c8a7d,武家坡,01000000,1000000,《戏考》,《戏考》（1000000）,01005001,武家坡,亲情,家国,1,序幕/前置内容,scene_cooccurrence
pdf_01000000__01005001___8bae4c8a7d,武家坡,01000000,1000000,《戏考》,《戏考》（1000000）,01005001,武家坡,亲情,忠义,1,【第二场】,scene_cooccurrence
pdf_01000000__01005001___8bae4c8a7d,武家坡,01000000,1000000,《戏考》,《戏考》（1000000）,01005001,武家坡,亲情,情爱,1,序幕/前置内容,scene_cooccurrence
pdf_01000000__01005001___8bae4c8a7d,武家坡,01000000,1000000,《戏考》,《戏考》（1000000）,01005001,武家坡,亲情,战争,1,序幕/前置内容,scene_cooccurrence
pdf_01000000__01005001___8bae4c8a7d,武家坡,01000000,1000000,《戏考》,《戏考》（1000000）,01005001,武家坡,亲情,权力转换,1,【第二场】,scene_cooccurrence
pdf_01000000__01005001___8bae4c8a7d,武家坡,01000000,1000000,《戏考》,《戏考》（1000000）,01005001,武家坡,亲情,贞节考验,1,【第一场】,scene_cooccurrence
pdf_01000000__01005001___8bae4c8a7d,武家坡,01000000,1000000,《戏考》,《戏考》（1000000）,01005001,武家坡,亲情,身份确认,1,【第二场】,scene_cooccurrence
pdf_01000000__01005001___8bae4c8a7d,武家坡,01000000,1000000,《戏考》,《戏考》（1000000）,01005001,武家坡,公案,家国,1,序幕/前置内容,scene_cooccurrence
pdf_01000000__01005001___8bae4c8a7d,武家坡,01000000,1000000,《戏考》,《戏考》（1000000）,01005001,武家坡,公案,情爱,1,序幕/前置内容,scene_cooccurrence
pdf_01000000__01005001___8bae4c8a7d,武家坡,01000000,1000000,《戏考》,《戏考》（1000000）,01005001,武家坡,公案,战争,1,序幕/前置内容,scene_cooccurrence
pdf_01000000__01005001___8bae4c8a7d,武家坡,01000000,1000000,《戏考》,《戏考》（1000000）,01005001,武家坡,公案,离散,1,序幕/前置内容,scene_cooccurrence
pdf_01000000__01005001___8bae4c8a7d,武家坡,01000000,1000000,《戏考》,《戏考》（1000000）,01005001,武家坡,家国,情爱,1,序幕/前置内容,scene_cooccurrence
pdf_01000000__01005001___8bae4c8a7d,武家坡,01000000,1000000,《戏考》,《戏考》（1000000）,01005001,武家坡,家国,战争,1,序幕/前置内容,scene_cooccurrence
pdf_01000000__01005001___8bae4c8a7d,武家坡,01000000,1000000,《戏考》,《戏考》（1000000）,01005001,武家坡,家国,离散,1,序幕/前置内容,scene_cooccurrence
pdf_01000000__01005001___8bae4c8a7d,武家坡,01000000,1000000,《戏考》,《戏考》（1000000）,01005001,武家坡,忠义,权力转换,1,【第二场】,scene_cooccurrence
pdf_01000000__01005001___8bae4c8a7d,武家坡,01000000,1000000,《戏考》,《戏考》（1000000）,01005001,武家坡,忠义,身份确认,1,【第二场】,scene_cooccurrence
pdf_01000000__01005001___8bae4c8a7d,武家坡,01000000,1000000,《戏考》,《戏考》（1000000）,01005001,武家坡,情爱,战争,1,序幕/前置内容,scene_cooccurrence
pdf_01000000__01005001___8bae4c8a7d,武家坡,01000000,1000000,《戏考》,《戏考》（1000000）,01005001,武家坡,情爱,离散,1,序幕/前置内容,scene_cooccurrence
pdf_01000000__01005001___8bae4c8a7d,武家坡,01000000,1000000,《戏考》,《戏考》（1000000）,01005001,武家坡,战争,离散,1,序幕/前置内容,scene_cooccurrence
pdf_01000000__01005001___8bae4c8a7d,武家坡,01000000,1000000,《戏考》,《戏考》（1000000）,01005001,武家坡,权力转换,身份确认,1,【第二场】,scene_cooccurrence
pdf_01000000__01005001___8bae4c8a7d,武家坡,01000000,1000000,《戏考》,《戏考》（1000000）,01005001,武家坡,离散,贞节考验,1,【第一场】,scene_cooccurrence
pdf_01000000__01005002___c9467a74fd,浣纱记,01000000,1000000,《戏考》,《戏考》（1000000）,01005002,浣纱记,使命,悲情,2,【第一场】,scene_cooccurrence
pdf_01000000__01005002___c9467a74fd,浣纱记,01000000,1000000,《戏考》,《戏考》（1000000）,01005002,浣纱记,亲情,公案,1,序幕/前置内容,scene_cooccurrence
pdf_01000000__01005002___c9467a74fd,浣纱记,01000000,1000000,《戏考》,《戏考》（1000000）,01005002,浣纱记,亲情,家国,1,序幕/前置内容,scene_cooccurrence
pdf_01000000__01005002___c9467a74fd,浣纱记,01000000,1000000,《戏考》,《戏考》（1000000）,01005002,浣纱记,亲情,战争,1,序幕/前置内容,scene_cooccurrence
pdf_01000000__01005002___c9467a74fd,浣纱记,01000000,1000000,《戏考》,《戏考》（1000000）,01005002,浣纱记,亲情,离散,1,序幕/前置内容,scene_cooccurrence
pdf_01000000__01005002___c9467a74fd,浣纱记,01000000,1000000,《戏考》,《戏考》（1000000）,01005002,浣纱记,使命,忠义,1,【第二场】,scene_cooccurrence
pdf_01000000__01005002___c9467a74fd,浣纱记,01000000,1000000,《戏考》,《戏考》（1000000）,01005002,浣纱记,使命,牺牲,1,【第二场】,scene_cooccurrence
pdf_01000000__01005002___c9467a74fd,浣纱记,01000000,1000000,《戏考》,《戏考》（1000000）,01005002,浣纱记,公案,家国,1,序幕/前置内容,scene_cooccurrence
pdf_01000000__01005002___c9467a74fd,浣纱记,01000000,1000000,《戏考》,《戏考》（1000000）,01005002,浣纱记,公案,战争,1,序幕/前置内容,scene_cooccurrence
pdf_01000000__01005002___c9467a74fd,浣纱记,01000000,1000000,《戏考》,《戏考》（1000000）,01005002,浣纱记,公案,离散,1,序幕/前置内容,scene_cooccurrence
pdf_01000000__01005002___c9467a74fd,浣纱记,01000000,1000000,《戏考》,《戏考》（1000000）,01005002,浣纱记,家国,战争,1,序幕/前置内容,scene_cooccurrence
pdf_01000000__01005002___c9467a74fd,浣纱记,01000000,1000000,《戏考》,《戏考》（1000000）,01005002,浣纱记,家国,离散,1,序幕/前置内容,scene_cooccurrence
pdf_01000000__01005002___c9467a74fd,浣纱记,01000000,1000000,《戏考》,《戏考》（1000000）,01005002,浣纱记,忠义,悲情,1,【第二场】,scene_cooccurrence
pdf_01000000__01005002___c9467a74fd,浣纱记,01000000,1000000,《戏考》,《戏考》（1000000）,01005002,浣纱记,忠义,牺牲,1,【第二场】,scene_cooccurrence
pdf_01000000__01005002___c9467a74fd,浣纱记,01000000,1000000,《戏考》,《戏考》（1000000）,01005002,浣纱记,悲情,牺牲,1,【第二场】,scene_cooccurrence
pdf_01000000__01005002___c9467a74fd,浣纱记,01000000,1000000,《戏考》,《戏考》（1000000）,01005002,浣纱记,战争,离散,1,序幕/前置内容,scene_cooccurrence
pdf_01000000__01005003___0fd7bac795,天雷报,01000000,1000000,《戏考》,《戏考》（1000000）,01005003,天雷报,亲情,情爱,2,序幕/前置内容,scene_cooccurrence
pdf_01000000__01005003___0fd7bac795,天雷报,01000000,1000000,《戏考》,《戏考》（1000000）,01005003,天雷报,亲情,使命,1,【第四场】,scene_cooccurrence
pdf_01000000__01005003___0fd7bac795,天雷报,01000000,1000000,《戏考》,《戏考》（1000000）,01005003,天雷报,亲情,养子不孝,1,【第一场】,scene_cooccurrence
pdf_01000000__01005003___0fd7bac795,天雷报,01000000,1000000,《戏考》,《戏考》（1000000）,01005003,天雷报,亲情,家国,1,序幕/前置内容,scene_cooccurrence
pdf_01000000__01005003___0fd7bac795,天雷报,01000000,1000000,《戏考》,《戏考》（1000000）,01005003,天雷报,亲情,希望与绝望,1,【第四场】,scene_cooccurrence
pdf_01000000__01005003___0fd7bac795,天雷报,01000000,1000000,《戏考》,《戏考》（1000000）,01005003,天雷报,亲情,忠义,1,【第三场】,scene_cooccurrence
pdf_01000000__01005003___0fd7bac795,天雷报,01000000,1000000,《戏考》,《戏考》（1000000）,01005003,天雷报,亲情,战争,1,序幕/前置内容,scene_cooccurrence
pdf_01000000__01005003___0fd7bac795,天雷报,01000000,1000000,《戏考》,《戏考》（1000000）,01005003,天雷报,亲情,离散,1,【第三场】,scene_cooccurrence
pdf_01000000__01005003___0fd7bac795,天雷报,01000000,1000000,《戏考》,《戏考》（1000000）,01005003,天雷报,亲情,科举,1,【第二场】,scene_cooccurrence
pdf_01000000__01005003___0fd7bac795,天雷报,01000000,1000000,《戏考》,《戏考》（1000000）,01005003,天雷报,亲情,老年孤独,1,【第一场】,scene_cooccurrence
pdf_01000000__01005003___0fd7bac795,天雷报,01000000,1000000,《戏考》,《戏考》（1000000）,01005003,天雷报,使命,希望与绝望,1,【第四场】,scene_cooccurrence
pdf_01000000__01005003___0fd7bac795,天雷报,01000000,1000000,《戏考》,《戏考》（1000000）,01005003,天雷报,养子不孝,忠义,1,【第五场】,scene_cooccurrence
pdf_01000000__01005003___0fd7bac795,天雷报,01000000,1000000,《戏考》,《戏考》（1000000）,01005003,天雷报,养子不孝,悲情,1,【第五场】,scene_cooccurrence
pdf_01000000__01005003___0fd7bac795,天雷报,01000000,1000000,《戏考》,《戏考》（1000000）,01005003,天雷报,养子不孝,老年孤独,1,【第一场】,scene_cooccurrence
pdf_01000000__01005003___0fd7bac795,天雷报,01000000,1000000,《戏考》,《戏考》（1000000）,01005003,天雷报,养子不孝,贫富悬殊,1,【第五场】,scene_cooccurrence
pdf_01000000__01005003___0fd7bac795,天雷报,01000000,1000000,《戏考》,《戏考》（1000000）,01005003,天雷报,因果报应,天理昭彰,1,【第六场】,scene_cooccurrence
pdf_01000000__01005003___0fd7bac795,天雷报,01000000,1000000,《戏考》,《戏考》（1000000）,01005003,天雷报,因果报应,忠义,1,【第六场】,scene_cooccurrence
pdf_01000000__01005003___0fd7bac795,天雷报,01000000,1000000,《戏考》,《戏考》（1000000）,01005003,天雷报,天理昭彰,忠义,1,【第六场】,scene_cooccurrence
pdf_01000000__01005003___0fd7bac795,天雷报,01000000,1000000,《戏考》,《戏考》（1000000）,01005003,天雷报,家国,情爱,1,序幕/前置内容,scene_cooccurrence
pdf_01000000__01005003___0fd7bac795,天雷报,01000000,1000000,《戏考》,《戏考》（1000000）,01005003,天雷报,家国,战争,1,序幕/前置内容,scene_cooccurrence
pdf_01000000__01005003___0fd7bac795,天雷报,01000000,1000000,《戏考》,《戏考》（1000000）,01005003,天雷报,忠义,悲情,1,【第五场】,scene_cooccurrence
pdf_01000000__01005003___0fd7bac795,天雷报,01000000,1000000,《戏考》,《戏考》（1000000）,01005003,天雷报,忠义,情爱,1,【第三场】,scene_cooccurrence
pdf_01000000__01005003___0fd7bac795,天雷报,01000000,1000000,《戏考》,《戏考》（1000000）,01005003,天雷报,忠义,离散,1,【第三场】,scene_cooccurrence
pdf_01000000__01005003___0fd7bac795,天雷报,01000000,1000000,《戏考》,《戏考》（1000000）,01005003,天雷报,忠义,贫富悬殊,1,【第五场】,scene_cooccurrence
pdf_01000000__01005003___0fd7bac795,天雷报,01000000,1000000,《戏考》,《戏考》（1000000）,01005003,天雷报,悲情,贫富悬殊,1,【第五场】,scene_cooccurrence
pdf_01000000__01005003___0fd7bac795,天雷报,01000000,1000000,《戏考》,《戏考》（1000000）,01005003,天雷报,情爱,战争,1,序幕/前置内容,scene_cooccurrence
pdf_01000000__01005003___0fd7bac795,天雷报,01000000,1000000,《戏考》,《戏考》（1000000）,01005003,天雷报,情爱,离散,1,【第三场】,scene_cooccurrence
pdf_01000000__01005005___45b85eecde,沙陀国,01000000,1000000,《戏考》,《戏考》（1000000）,01005005,沙陀国,亲情,忠义,2,【第四场】,scene_cooccurrence
pdf_01000000__01005005___45b85eecde,沙陀国,01000000,1000000,《戏考》,《戏考》（1000000）,01005005,沙陀国,忠义,权力博弈,2,【第三场】,scene_cooccurrence
pdf_01000000__01005005___45b85eecde,沙陀国,01000000,1000000,《戏考》,《戏考》（1000000）,01005005,沙陀国,亲情,公案,1,序幕/前置内容,scene_cooccurrence
pdf_01000000__01005005___45b85eecde,沙陀国,01000000,1000000,《戏考》,《戏考》（1000000）,01005005,沙陀国,亲情,家国,1,序幕/前置内容,scene_cooccurrence
pdf_01000000__01005005___45b85eecde,沙陀国,01000000,1000000,《戏考》,《戏考》（1000000）,01005005,沙陀国,亲情,情爱,1,序幕/前置内容,scene_cooccurrence
pdf_01000000__01005005___45b85eecde,沙陀国,01000000,1000000,《戏考》,《戏考》（1000000）,01005005,沙陀国,亲情,战争,1,序幕/前置内容,scene_cooccurrence
pdf_01000000__01005005___45b85eecde,沙陀国,01000000,1000000,《戏考》,《戏考》（1000000）,01005005,沙陀国,亲情,权力博弈,1,【第四场】,scene_cooccurrence
pdf_01000000__01005005___45b85eecde,沙陀国,01000000,1000000,《戏考》,《戏考》（1000000）,01005005,沙陀国,亲情,权谋,1,【第五场】,scene_cooccurrence
pdf_01000000__01005005___45b85eecde,沙陀国,01000000,1000000,《戏考》,《戏考》（1000000）,01005005,沙陀国,亲情,离散,1,序幕/前置内容,scene_cooccurrence
pdf_01000000__01005005___45b85eecde,沙陀国,01000000,1000000,《戏考》,《戏考》（1000000）,01005005,沙陀国,公案,家国,1,序幕/前置内容,scene_cooccurrence
pdf_01000000__01005005___45b85eecde,沙陀国,01000000,1000000,《戏考》,《戏考》（1000000）,01005005,沙陀国,公案,情爱,1,序幕/前置内容,scene_cooccurrence
pdf_01000000__01005005___45b85eecde,沙陀国,01000000,1000000,《戏考》,《戏考》（1000000）,01005005,沙陀国,公案,战争,1,序幕/前置内容,scene_cooccurrence
pdf_01000000__01005005___45b85eecde,沙陀国,01000000,1000000,《戏考》,《戏考》（1000000）,01005005,沙陀国,公案,离散,1,序幕/前置内容,scene_cooccurrence
pdf_01000000__01005005___45b85eecde,沙陀国,01000000,1000000,《戏考》,《戏考》（1000000）,01005005,沙陀国,家国,情爱,1,序幕/前置内容,scene_cooccurrence
pdf_01000000__01005005___45b85eecde,沙陀国,01000000,1000000,《戏考》,《戏考》（1000000）,01005005,沙陀国,家国,战争,1,序幕/前置内容,scene_cooccurrence
pdf_01000000__01005005___45b85eecde,沙陀国,01000000,1000000,《戏考》,《戏考》（1000000）,01005005,沙陀国,家国,离散,1,序幕/前置内容,scene_cooccurrence
pdf_01000000__01005005___45b85eecde,沙陀国,01000000,1000000,《戏考》,《戏考》（1000000）,01005005,沙陀国,岁月,情爱,1,【第二场】,scene_cooccurrence
pdf_01000000__01005005___45b85eecde,沙陀国,01000000,1000000,《戏考》,《戏考》（1000000）,01005005,沙陀国,岁月,重逢,1,【第二场】,scene_cooccurrence
pdf_01000000__01005005___45b85eecde,沙陀国,01000000,1000000,《戏考》,《戏考》（1000000）,01005005,沙陀国,忠义,情爱,1,【第三场】,scene_cooccurrence
pdf_01000000__01005005___45b85eecde,沙陀国,01000000,1000000,《戏考》,《戏考》（1000000）,01005005,沙陀国,忠义,权力与服从,1,【第一场】,scene_cooccurrence
pdf_01000000__01005005___45b85eecde,沙陀国,01000000,1000000,《戏考》,《戏考》（1000000）,01005005,沙陀国,忠义,权谋,1,【第五场】,scene_cooccurrence
pdf_01000000__01005005___45b85eecde,沙陀国,01000000,1000000,《戏考》,《戏考》（1000000）,01005005,沙陀国,情爱,战争,1,序幕/前置内容,scene_cooccurrence
pdf_01000000__01005005___45b85eecde,沙陀国,01000000,1000000,《戏考》,《戏考》（1000000）,01005005,沙陀国,情爱,权力博弈,1,【第三场】,scene_cooccurrence
pdf_01000000__01005005___45b85eecde,沙陀国,01000000,1000000,《戏考》,《戏考》（1000000）,01005005,沙陀国,情爱,离散,1,序幕/前置内容,scene_cooccurrence
pdf_01000000__01005005___45b85eecde,沙陀国,01000000,1000000,《戏考》,《戏考》（1000000）,01005005,沙陀国,情爱,重逢,1,【第二场】,scene_cooccurrence
pdf_01000000__01005005___45b85eecde,沙陀国,01000000,1000000,《戏考》,《戏考》（1000000）,01005005,沙陀国,战争,离散,1,序幕/前置内容,scene_cooccurrence
pdf_01000000__01005006___1bd930fcea,六月雪,01000000,1000000,《戏考》,《戏考》（1000000）,01005006,六月雪,亲情,公案,2,【第一场】,scene_cooccurrence
pdf_01000000__01005006___1bd930fcea,六月雪,01000000,1000000,《戏考》,《戏考》（1000000）,01005006,六月雪,亲情,司法不公,1,【第一场】,scene_cooccurrence
pdf_01000000__01005006___1bd930fcea,六月雪,01000000,1000000,《戏考》,《戏考》（1000000）,01005006,六月雪,亲情,家国,1,序幕/前置内容,scene_cooccurrence
pdf_01000000__01005006___1bd930fcea,六月雪,01000000,1000000,《戏考》,《戏考》（1000000）,01005006,六月雪,亲情,情爱,1,序幕/前置内容,scene_cooccurrence
pdf_01000000__01005006___1bd930fcea,六月雪,01000000,1000000,《戏考》,《戏考》（1000000）,01005006,六月雪,亲情,战争,1,序幕/前置内容,scene_cooccurrence
pdf_01000000__01005006___1bd930fcea,六月雪,01000000,1000000,《戏考》,《戏考》（1000000）,01005006,六月雪,亲情,权谋,1,序幕/前置内容,scene_cooccurrence
pdf_01000000__01005006___1bd930fcea,六月雪,01000000,1000000,《戏考》,《戏考》（1000000）,01005006,六月雪,亲情,贫苦,1,【第一场】,scene_cooccurrence
pdf_01000000__01005006___1bd930fcea,六月雪,01000000,1000000,《戏考》,《戏考》（1000000）,01005006,六月雪,使命,公案,1,【第二场】,scene_cooccurrence
pdf_01000000__01005006___1bd930fcea,六月雪,01000000,1000000,《戏考》,《戏考》（1000000）,01005006,六月雪,使命,天象示警,1,【第二场】,scene_cooccurrence
pdf_01000000__01005006___1bd930fcea,六月雪,01000000,1000000,《戏考》,《戏考》（1000000）,01005006,六月雪,使命,孝道,1,【第二场】,scene_cooccurrence
pdf_01000000__01005006___1bd930fcea,六月雪,01000000,1000000,《戏考》,《戏考》（1000000）,01005006,六月雪,公案,司法不公,1,【第一场】,scene_cooccurrence
pdf_01000000__01005006___1bd930fcea,六月雪,01000000,1000000,《戏考》,《戏考》（1000000）,01005006,六月雪,公案,天象示警,1,【第二场】,scene_cooccurrence
pdf_01000000__01005006___1bd930fcea,六月雪,01000000,1000000,《戏考》,《戏考》（1000000）,01005006,六月雪,公案,孝道,1,【第二场】,scene_cooccurrence
pdf_01000000__01005006___1bd930fcea,六月雪,01000000,1000000,《戏考》,《戏考》（1000000）,01005006,六月雪,公案,家国,1,序幕/前置内容,scene_cooccurrence
pdf_01000000__01005006___1bd930fcea,六月雪,01000000,1000000,《戏考》,《戏考》（1000000）,01005006,六月雪,公案,情爱,1,序幕/前置内容,scene_cooccurrence
pdf_01000000__01005006___1bd930fcea,六月雪,01000000,1000000,《戏考》,《戏考》（1000000）,01005006,六月雪,公案,战争,1,序幕/前置内容,scene_cooccurrence
pdf_01000000__01005006___1bd930fcea,六月雪,01000000,1000000,《戏考》,《戏考》（1000000）,01005006,六月雪,公案,权谋,1,序幕/前置内容,scene_cooccurrence
pdf_01000000__01005006___1bd930fcea,六月雪,01000000,1000000,《戏考》,《戏考》（1000000）,01005006,六月雪,公案,贫苦,1,【第一场】,scene_cooccurrence
pdf_01000000__01005006___1bd930fcea,六月雪,01000000,1000000,《戏考》,《戏考》（1000000）,01005006,六月雪,司法不公,贫苦,1,【第一场】,scene_cooccurrence
pdf_01000000__01005006___1bd930fcea,六月雪,01000000,1000000,《戏考》,《戏考》（1000000）,01005006,六月雪,天象示警,孝道,1,【第二场】,scene_cooccurrence
pdf_01000000__01005006___1bd930fcea,六月雪,01000000,1000000,《戏考》,《戏考》（1000000）,01005006,六月雪,家国,情爱,1,序幕/前置内容,scene_cooccurrence
pdf_01000000__01005006___1bd930fcea,六月雪,01000000,1000000,《戏考》,《戏考》（1000000）,01005006,六月雪,家国,战争,1,序幕/前置内容,scene_cooccurrence
pdf_01000000__01005006___1bd930fcea,六月雪,01000000,1000000,《戏考》,《戏考》（1000000）,01005006,六月雪,家国,权谋,1,序幕/前置内容,scene_cooccurrence
pdf_01000000__01005006___1bd930fcea,六月雪,01000000,1000000,《戏考》,《戏考》（1000000）,01005006,六月雪,情爱,战争,1,序幕/前置内容,scene_cooccurrence
pdf_01000000__01005006___1bd930fcea,六月雪,01000000,1000000,《戏考》,《戏考》（1000000）,01005006,六月雪,情爱,权谋,1,序幕/前置内容,scene_cooccurrence
pdf_01000000__01005006___1bd930fcea,六月雪,01000000,1000000,《戏考》,《戏考》（1000000）,01005006,六月雪,战争,权谋,1,序幕/前置内容,scene_cooccurrence
pdf_01000000__01005007___5e730b94b2,二进宫,01000000,1000000,《戏考》,《戏考》（1000000）,01005007,二进宫,亲情,家国,1,序幕/前置内容,scene_cooccurrence
pdf_01000000__01005007___5e730b94b2,二进宫,01000000,1000000,《戏考》,《戏考》（1000000）,01005007,二进宫,亲情,忠义,1,序幕/前置内容,scene_cooccurrence
pdf_01000000__01005007___5e730b94b2,二进宫,01000000,1000000,《戏考》,《戏考》（1000000）,01005007,二进宫,亲情,权谋,1,序幕/前置内容,scene_cooccurrence
pdf_01000000__01005007___5e730b94b2,二进宫,01000000,1000000,《戏考》,《戏考》（1000000）,01005007,二进宫,家国,忠义,1,序幕/前置内容,scene_cooccurrence
pdf_01000000__01005007___5e730b94b2,二进宫,01000000,1000000,《戏考》,《戏考》（1000000）,01005007,二进宫,家国,权谋,1,序幕/前置内容,scene_cooccurrence
pdf_01000000__01005007___5e730b94b2,二进宫,01000000,1000000,《戏考》,《戏考》（1000000）,01005007,二进宫,忠义,权谋,1,序幕/前置内容,scene_cooccurrence
pdf_01000000__01005008___a144dc7076,玉堂春,01000000,1000000,《戏考》,《戏考》（1000000）,01005008,玉堂春,亲情,公案,1,序幕/前置内容,scene_cooccurrence
pdf_01000000__01005008___a144dc7076,玉堂春,01000000,1000000,《戏考》,《戏考》（1000000）,01005008,玉堂春,亲情,情爱,1,序幕/前置内容,scene_cooccurrence
pdf_01000000__01005008___a144dc7076,玉堂春,01000000,1000000,《戏考》,《戏考》（1000000）,01005008,玉堂春,亲情,权谋,1,序幕/前置内容,scene_cooccurrence
pdf_01000000__01005008___a144dc7076,玉堂春,01000000,1000000,《戏考》,《戏考》（1000000）,01005008,玉堂春,亲情,离散,1,序幕/前置内容,scene_cooccurrence
pdf_01000000__01005008___a144dc7076,玉堂春,01000000,1000000,《戏考》,《戏考》（1000000）,01005008,玉堂春,公案,情爱,1,序幕/前置内容,scene_cooccurrence
pdf_01000000__01005008___a144dc7076,玉堂春,01000000,1000000,《戏考》,《戏考》（1000000）,01005008,玉堂春,公案,权谋,1,序幕/前置内容,scene_cooccurrence
pdf_01000000__01005008___a144dc7076,玉堂春,01000000,1000000,《戏考》,《戏考》（1000000）,01005008,玉堂春,公案,离散,1,序幕/前置内容,scene_cooccurrence
pdf_01000000__01005008___a144dc7076,玉堂春,01000000,1000000,《戏考》,《戏考》（1000000）,01005008,玉堂春,情爱,权谋,1,序幕/前置内容,scene_cooccurrence
pdf_01000000__01005008___a144dc7076,玉堂春,01000000,1000000,《戏考》,《戏考》（1000000）,01005008,玉堂春,情爱,离散,1,序幕/前置内容,scene_cooccurrence
pdf_01000000__01005008___a144dc7076,玉堂春,01000000,1000000,《戏考》,《戏考》（1000000）,01005008,玉堂春,权谋,离散,1,序幕/前置内容,scene_cooccurrence
pdf_01000000__01005009___5df172a065,孝感天,01000000,1000000,《戏考》,《戏考》（1000000）,01005009,孝感天,亲情,公案,1,序幕/前置内容,scene_cooccurrence
pdf_01000000__01005009___5df172a065,孝感天,01000000,1000000,《戏考》,《戏考》（1000000）,01005009,孝感天,亲情,悔恨与遗憾,1,【第二场】,scene_cooccurrence
pdf_01000000__01005009___5df172a065,孝感天,01000000,1000000,《戏考》,《戏考》（1000000）,01005009,孝感天,亲情,悲情,1,【第二场】,scene_cooccurrence
pdf_01000000__01005009___5df172a065,孝感天,01000000,1000000,《戏考》,《戏考》（1000000）,01005009,孝感天,亲情,情爱,1,序幕/前置内容,scene_cooccurrence
pdf_01000000__01005009___5df172a065,孝感天,01000000,1000000,《戏考》,《戏考》（1000000）,01005009,孝感天,亲情,战争,1,序幕/前置内容,scene_cooccurrence
pdf_01000000__01005009___5df172a065,孝感天,01000000,1000000,《戏考》,《戏考》（1000000）,01005009,孝感天,亲情,权谋,1,序幕/前置内容,scene_cooccurrence
pdf_01000000__01005009___5df172a065,孝感天,01000000,1000000,《戏考》,《戏考》（1000000）,01005009,孝感天,亲情,离散,1,序幕/前置内容,scene_cooccurrence
pdf_01000000__01005009___5df172a065,孝感天,01000000,1000000,《戏考》,《戏考》（1000000）,01005009,孝感天,亲情,阴阳相隔,1,【第二场】,scene_cooccurrence
pdf_01000000__01005009___5df172a065,孝感天,01000000,1000000,《戏考》,《戏考》（1000000）,01005009,孝感天,公案,情爱,1,序幕/前置内容,scene_cooccurrence
pdf_01000000__01005009___5df172a065,孝感天,01000000,1000000,《戏考》,《戏考》（1000000）,01005009,孝感天,公案,战争,1,序幕/前置内容,scene_cooccurrence
pdf_01000000__01005009___5df172a065,孝感天,01000000,1000000,《戏考》,《戏考》（1000000）,01005009,孝感天,公案,权谋,1,序幕/前置内容,scene_cooccurrence
pdf_01000000__01005009___5df172a065,孝感天,01000000,1000000,《戏考》,《戏考》（1000000）,01005009,孝感天,公案,离散,1,序幕/前置内容,scene_cooccurrence
pdf_01000000__01005009___5df172a065,孝感天,01000000,1000000,《戏考》,《戏考》（1000000）,01005009,孝感天,孝道,悲情,1,【第一场】,scene_cooccurrence
pdf_01000000__01005009___5df172a065,孝感天,01000000,1000000,《戏考》,《戏考》（1000000）,01005009,孝感天,孝道,情爱,1,【第一场】,scene_cooccurrence
pdf_01000000__01005009___5df172a065,孝感天,01000000,1000000,《戏考》,《戏考》（1000000）,01005009,孝感天,悔恨与遗憾,悲情,1,【第二场】,scene_cooccurrence
pdf_01000000__01005009___5df172a065,孝感天,01000000,1000000,《戏考》,《戏考》（1000000）,01005009,孝感天,悔恨与遗憾,阴阳相隔,1,【第二场】,scene_cooccurrence
pdf_01000000__01005009___5df172a065,孝感天,01000000,1000000,《戏考》,《戏考》（1000000）,01005009,孝感天,悲情,情爱,1,【第一场】,scene_cooccurrence
pdf_01000000__01005009___5df172a065,孝感天,01000000,1000000,《戏考》,《戏考》（1000000）,01005009,孝感天,悲情,阴阳相隔,1,【第二场】,scene_cooccurrence
pdf_01000000__01005009___5df172a065,孝感天,01000000,1000000,《戏考》,《戏考》（1000000）,01005009,孝感天,情爱,战争,1,序幕/前置内容,scene_cooccurrence
pdf_01000000__01005009___5df172a065,孝感天,01000000,1000000,《戏考》,《戏考》（1000000）,01005009,孝感天,情爱,权谋,1,序幕/前置内容,scene_cooccurrence
pdf_01000000__01005009___5df172a065,孝感天,01000000,1000000,《戏考》,《戏考》（1000000）,01005009,孝感天,情爱,离散,1,序幕/前置内容,scene_cooccurrence
pdf_01000000__01005009___5df172a065,孝感天,01000000,1000000,《戏考》,《戏考》（1000000）,01005009,孝感天,战争,权谋,1,序幕/前置内容,scene_cooccurrence
pdf_01000000__01005009___5df172a065,孝感天,01000000,1000000,《戏考》,《戏考》（1000000）,01005009,孝感天,战争,离散,1,序幕/前置内容,scene_cooccurrence
pdf_01000000__01005009___5df172a065,孝感天,01000000,1000000,《戏考》,《戏考》（1000000）,01005009,孝感天,权谋,离散,1,序幕/前置内容,scene_cooccurrence
pdf_01000000__01005010___9c2a4af4c4,御碑亭,01000000,1000000,《戏考》,《戏考》（1000000）,01005010,御碑亭,亲情,情爱,3,【第十三场】,scene_cooccurrence
pdf_01000000__01005010___9c2a4af4c4,御碑亭,01000000,1000000,《戏考》,《戏考》（1000000）,01005010,御碑亭,亲情,家国,2,序幕/前置内容,scene_cooccurrence
pdf_01000000__01005010___9c2a4af4c4,御碑亭,01000000,1000000,《戏考》,《戏考》（1000000）,01005010,御碑亭,亲情,科举功名,2,【第二场】,scene_cooccurrence
pdf_01000000__01005010___9c2a4af4c4,御碑亭,01000000,1000000,《戏考》,《戏考》（1000000）,01005010,御碑亭,亲情,贞节,2,【第四场】,scene_cooccurrence
pdf_01000000__01005010___9c2a4af4c4,御碑亭,01000000,1000000,《戏考》,《戏考》（1000000）,01005010,御碑亭,家国,情爱,2,序幕/前置内容,scene_cooccurrence
pdf_01000000__01005010___9c2a4af4c4,御碑亭,01000000,1000000,《戏考》,《戏考》（1000000）,01005010,御碑亭,亲情,使命,1,【第四场】,scene_cooccurrence
pdf_01000000__01005010___9c2a4af4c4,御碑亭,01000000,1000000,《戏考》,《戏考》（1000000）,01005010,御碑亭,亲情,公案,1,序幕/前置内容,scene_cooccurrence
pdf_01000000__01005010___9c2a4af4c4,御碑亭,01000000,1000000,《戏考》,《戏考》（1000000）,01005010,御碑亭,亲情,悔过与宽恕,1,【第十三场】,scene_cooccurrence
pdf_01000000__01005010___9c2a4af4c4,御碑亭,01000000,1000000,《戏考》,《戏考》（1000000）,01005010,御碑亭,亲情,战争,1,序幕/前置内容,scene_cooccurrence
pdf_01000000__01005010___9c2a4af4c4,御碑亭,01000000,1000000,《戏考》,《戏考》（1000000）,01005010,御碑亭,亲情,暗室不欺,1,【第十一场】,scene_cooccurrence
pdf_01000000__01005010___9c2a4af4c4,御碑亭,01000000,1000000,《戏考》,《戏考》（1000000）,01005010,御碑亭,亲情,权谋,1,序幕/前置内容,scene_cooccurrence
pdf_01000000__01005010___9c2a4af4c4,御碑亭,01000000,1000000,《戏考》,《戏考》（1000000）,01005010,御碑亭,亲情,猜忌,1,【第九场】,scene_cooccurrence
pdf_01000000__01005010___9c2a4af4c4,御碑亭,01000000,1000000,《戏考》,《戏考》（1000000）,01005010,御碑亭,亲情,礼法,1,【第四场】,scene_cooccurrence
pdf_01000000__01005010___9c2a4af4c4,御碑亭,01000000,1000000,《戏考》,《戏考》（1000000）,01005010,御碑亭,亲情,科举,1,【第九场】,scene_cooccurrence
pdf_01000000__01005010___9c2a4af4c4,御碑亭,01000000,1000000,《戏考》,《戏考》（1000000）,01005010,御碑亭,亲情,阴骘报应,1,【第十一场】,scene_cooccurrence
pdf_01000000__01005010___9c2a4af4c4,御碑亭,01000000,1000000,《戏考》,《戏考》（1000000）,01005010,御碑亭,使命,名节与猜疑,1,【第七场】,scene_cooccurrence
pdf_01000000__01005010___9c2a4af4c4,御碑亭,01000000,1000000,《戏考》,《戏考》（1000000）,01005010,御碑亭,使命,礼法,1,【第四场】,scene_cooccurrence
pdf_01000000__01005010___9c2a4af4c4,御碑亭,01000000,1000000,《戏考》,《戏考》（1000000）,01005010,御碑亭,使命,神界干预,1,【第六场】,scene_cooccurrence
pdf_01000000__01005010___9c2a4af4c4,御碑亭,01000000,1000000,《戏考》,《戏考》（1000000）,01005010,御碑亭,使命,贞节,1,【第四场】,scene_cooccurrence
pdf_01000000__01005010___9c2a4af4c4,御碑亭,01000000,1000000,《戏考》,《戏考》（1000000）,01005010,御碑亭,使命,阴骘报应,1,【第七场】,scene_cooccurrence
pdf_01000000__01005010___9c2a4af4c4,御碑亭,01000000,1000000,《戏考》,《戏考》（1000000）,01005010,御碑亭,公案,家国,1,序幕/前置内容,scene_cooccurrence
pdf_01000000__01005010___9c2a4af4c4,御碑亭,01000000,1000000,《戏考》,《戏考》（1000000）,01005010,御碑亭,公案,情爱,1,序幕/前置内容,scene_cooccurrence
pdf_01000000__01005010___9c2a4af4c4,御碑亭,01000000,1000000,《戏考》,《戏考》（1000000）,01005010,御碑亭,公案,战争,1,序幕/前置内容,scene_cooccurrence
pdf_01000000__01005010___9c2a4af4c4,御碑亭,01000000,1000000,《戏考》,《戏考》（1000000）,01005010,御碑亭,公案,权谋,1,序幕/前置内容,scene_cooccurrence
pdf_01000000__01005010___9c2a4af4c4,御碑亭,01000000,1000000,《戏考》,《戏考》（1000000）,01005010,御碑亭,名节与猜疑,阴骘报应,1,【第七场】,scene_cooccurrence
pdf_01000000__01005010___9c2a4af4c4,御碑亭,01000000,1000000,《戏考》,《戏考》（1000000）,01005010,御碑亭,官场秩序,科举,1,【第一场】,scene_cooccurrence
pdf_01000000__01005010___9c2a4af4c4,御碑亭,01000000,1000000,《戏考》,《戏考》（1000000）,01005010,御碑亭,家国,战争,1,序幕/前置内容,scene_cooccurrence
pdf_01000000__01005010___9c2a4af4c4,御碑亭,01000000,1000000,《戏考》,《戏考》（1000000）,01005010,御碑亭,家国,权谋,1,序幕/前置内容,scene_cooccurrence
pdf_01000000__01005010___9c2a4af4c4,御碑亭,01000000,1000000,《戏考》,《戏考》（1000000）,01005010,御碑亭,悔过与宽恕,情爱,1,【第十三场】,scene_cooccurrence
pdf_01000000__01005010___9c2a4af4c4,御碑亭,01000000,1000000,《戏考》,《戏考》（1000000）,01005010,御碑亭,情爱,战争,1,序幕/前置内容,scene_cooccurrence
pdf_01000000__01005010___9c2a4af4c4,御碑亭,01000000,1000000,《戏考》,《戏考》（1000000）,01005010,御碑亭,情爱,权谋,1,序幕/前置内容,scene_cooccurrence
pdf_01000000__01005010___9c2a4af4c4,御碑亭,01000000,1000000,《戏考》,《戏考》（1000000）,01005010,御碑亭,情爱,科举与人性,1,【第十二场】,scene_cooccurrence
pdf_01000000__01005010___9c2a4af4c4,御碑亭,01000000,1000000,《戏考》,《戏考》（1000000）,01005010,御碑亭,情爱,道德谴责,1,【第十二场】,scene_cooccurrence
pdf_01000000__01005010___9c2a4af4c4,御碑亭,01000000,1000000,《戏考》,《戏考》（1000000）,01005010,御碑亭,战争,权谋,1,序幕/前置内容,scene_cooccurrence
pdf_01000000__01005010___9c2a4af4c4,御碑亭,01000000,1000000,《戏考》,《戏考》（1000000）,01005010,御碑亭,暗室不欺,科举功名,1,【第十一场】,scene_cooccurrence
pdf_01000000__01005010___9c2a4af4c4,御碑亭,01000000,1000000,《戏考》,《戏考》（1000000）,01005010,御碑亭,暗室不欺,阴骘报应,1,【第十一场】,scene_cooccurrence
pdf_01000000__01005010___9c2a4af4c4,御碑亭,01000000,1000000,《戏考》,《戏考》（1000000）,01005010,御碑亭,猜忌,科举,1,【第九场】,scene_cooccurrence
pdf_01000000__01005010___9c2a4af4c4,御碑亭,01000000,1000000,《戏考》,《戏考》（1000000）,01005010,御碑亭,猜忌,贞节,1,【第九场】,scene_cooccurrence
pdf_01000000__01005010___9c2a4af4c4,御碑亭,01000000,1000000,《戏考》,《戏考》（1000000）,01005010,御碑亭,礼法,贞节,1,【第四场】,scene_cooccurrence
pdf_01000000__01005010___9c2a4af4c4,御碑亭,01000000,1000000,《戏考》,《戏考》（1000000）,01005010,御碑亭,科举,贞节,1,【第九场】,scene_cooccurrence
pdf_01000000__01005010___9c2a4af4c4,御碑亭,01000000,1000000,《戏考》,《戏考》（1000000）,01005010,御碑亭,科举与人性,道德谴责,1,【第十二场】,scene_cooccurrence
pdf_01000000__01005010___9c2a4af4c4,御碑亭,01000000,1000000,《戏考》,《戏考》（1000000）,01005010,御碑亭,科举功名,阴骘报应,1,【第十一场】,scene_cooccurrence
pdf_01000000__01005011___ce48065512,回荆州,01000000,1000000,《戏考》,《戏考》（1000000）,01005011,回荆州,忠义,权谋,6,【第二场】,scene_cooccurrence
pdf_01000000__01005011___ce48065512,回荆州,01000000,1000000,《戏考》,《戏考》（1000000）,01005011,回荆州,亲情,忠义,3,【第二场】,scene_cooccurrence
pdf_01000000__01005011___ce48065512,回荆州,01000000,1000000,《戏考》,《戏考》（1000000）,01005011,回荆州,亲情,权谋,3,【第二场】,scene_cooccurrence
pdf_01000000__01005011___ce48065512,回荆州,01000000,1000000,《戏考》,《戏考》（1000000）,01005011,回荆州,忠义,战争,3,【第九场】,scene_cooccurrence
pdf_01000000__01005011___ce48065512,回荆州,01000000,1000000,《戏考》,《戏考》（1000000）,01005011,回荆州,忠义,离散,3,【第七场】,scene_cooccurrence
pdf_01000000__01005011___ce48065512,回荆州,01000000,1000000,《戏考》,《戏考》（1000000）,01005011,回荆州,情爱,权谋,2,【第十七场】,scene_cooccurrence
pdf_01000000__01005011___ce48065512,回荆州,01000000,1000000,《戏考》,《戏考》（1000000）,01005011,回荆州,权谋,胜利,2,【第十四场】,scene_cooccurrence
pdf_01000000__01005011___ce48065512,回荆州,01000000,1000000,《戏考》,《戏考》（1000000）,01005011,回荆州,亲情,公案,1,序幕/前置内容,scene_cooccurrence
pdf_01000000__01005011___ce48065512,回荆州,01000000,1000000,《戏考》,《戏考》（1000000）,01005011,回荆州,亲情,喜剧,1,序幕/前置内容,scene_cooccurrence
pdf_01000000__01005011___ce48065512,回荆州,01000000,1000000,《戏考》,《戏考》（1000000）,01005011,回荆州,亲情,家国,1,序幕/前置内容,scene_cooccurrence
pdf_01000000__01005011___ce48065512,回荆州,01000000,1000000,《戏考》,《戏考》（1000000）,01005011,回荆州,亲情,情爱,1,序幕/前置内容,scene_cooccurrence
pdf_01000000__01005011___ce48065512,回荆州,01000000,1000000,《戏考》,《戏考》（1000000）,01005011,回荆州,亲情,战争,1,序幕/前置内容,scene_cooccurrence
pdf_01000000__01005011___ce48065512,回荆州,01000000,1000000,《戏考》,《戏考》（1000000）,01005011,回荆州,亲情,智勇突围,1,【第八场】,scene_cooccurrence
pdf_01000000__01005011___ce48065512,回荆州,01000000,1000000,《戏考》,《戏考》（1000000）,01005011,回荆州,亲情,离散,1,序幕/前置内容,scene_cooccurrence
pdf_01000000__01005011___ce48065512,回荆州,01000000,1000000,《戏考》,《戏考》（1000000）,01005011,回荆州,使命,情爱,1,【第一场】,scene_cooccurrence
pdf_01000000__01005011___ce48065512,回荆州,01000000,1000000,《戏考》,《戏考》（1000000）,01005011,回荆州,使命,英雄气概,1,【第一场】,scene_cooccurrence
pdf_01000000__01005011___ce48065512,回荆州,01000000,1000000,《戏考》,《戏考》（1000000）,01005011,回荆州,公案,喜剧,1,序幕/前置内容,scene_cooccurrence
pdf_01000000__01005011___ce48065512,回荆州,01000000,1000000,《戏考》,《戏考》（1000000）,01005011,回荆州,公案,家国,1,序幕/前置内容,scene_cooccurrence
pdf_01000000__01005011___ce48065512,回荆州,01000000,1000000,《戏考》,《戏考》（1000000）,01005011,回荆州,公案,忠义,1,序幕/前置内容,scene_cooccurrence
pdf_01000000__01005011___ce48065512,回荆州,01000000,1000000,《戏考》,《戏考》（1000000）,01005011,回荆州,公案,情爱,1,序幕/前置内容,scene_cooccurrence
pdf_01000000__01005011___ce48065512,回荆州,01000000,1000000,《戏考》,《戏考》（1000000）,01005011,回荆州,公案,战争,1,序幕/前置内容,scene_cooccurrence
pdf_01000000__01005011___ce48065512,回荆州,01000000,1000000,《戏考》,《戏考》（1000000）,01005011,回荆州,公案,权谋,1,序幕/前置内容,scene_cooccurrence
pdf_01000000__01005011___ce48065512,回荆州,01000000,1000000,《戏考》,《戏考》（1000000）,01005011,回荆州,公案,离散,1,序幕/前置内容,scene_cooccurrence
pdf_01000000__01005011___ce48065512,回荆州,01000000,1000000,《戏考》,《戏考》（1000000）,01005011,回荆州,和解,对抗,1,【第十三场】,scene_cooccurrence
pdf_01000000__01005011___ce48065512,回荆州,01000000,1000000,《戏考》,《戏考》（1000000）,01005011,回荆州,和解,权谋,1,【第十三场】,scene_cooccurrence
pdf_01000000__01005011___ce48065512,回荆州,01000000,1000000,《戏考》,《戏考》（1000000）,01005011,回荆州,喜剧,家国,1,序幕/前置内容,scene_cooccurrence
pdf_01000000__01005011___ce48065512,回荆州,01000000,1000000,《戏考》,《戏考》（1000000）,01005011,回荆州,喜剧,忠义,1,序幕/前置内容,scene_cooccurrence
pdf_01000000__01005011___ce48065512,回荆州,01000000,1000000,《戏考》,《戏考》（1000000）,01005011,回荆州,喜剧,情爱,1,序幕/前置内容,scene_cooccurrence
pdf_01000000__01005011___ce48065512,回荆州,01000000,1000000,《戏考》,《戏考》（1000000）,01005011,回荆州,喜剧,战争,1,序幕/前置内容,scene_cooccurrence
pdf_01000000__01005011___ce48065512,回荆州,01000000,1000000,《戏考》,《戏考》（1000000）,01005011,回荆州,喜剧,权谋,1,序幕/前置内容,scene_cooccurrence
pdf_01000000__01005011___ce48065512,回荆州,01000000,1000000,《戏考》,《戏考》（1000000）,01005011,回荆州,喜剧,离散,1,序幕/前置内容,scene_cooccurrence
pdf_01000000__01005011___ce48065512,回荆州,01000000,1000000,《戏考》,《戏考》（1000000）,01005011,回荆州,团圆,情爱,1,【第十七场】,scene_cooccurrence
pdf_01000000__01005011___ce48065512,回荆州,01000000,1000000,《戏考》,《戏考》（1000000）,01005011,回荆州,团圆,权谋,1,【第十七场】,scene_cooccurrence
pdf_01000000__01005011___ce48065512,回荆州,01000000,1000000,《戏考》,《戏考》（1000000）,01005011,回荆州,失败,权谋,1,【第十二场】,scene_cooccurrence
pdf_01000000__01005011___ce48065512,回荆州,01000000,1000000,《戏考》,《戏考》（1000000）,01005011,回荆州,失败,羞耻,1,【第十二场】,scene_cooccurrence
pdf_01000000__01005011___ce48065512,回荆州,01000000,1000000,《戏考》,《戏考》（1000000）,01005011,回荆州,家国,忠义,1,序幕/前置内容,scene_cooccurrence
pdf_01000000__01005011___ce48065512,回荆州,01000000,1000000,《戏考》,《戏考》（1000000）,01005011,回荆州,家国,情爱,1,序幕/前置内容,scene_cooccurrence
pdf_01000000__01005011___ce48065512,回荆州,01000000,1000000,《戏考》,《戏考》（1000000）,01005011,回荆州,家国,战争,1,序幕/前置内容,scene_cooccurrence
pdf_01000000__01005011___ce48065512,回荆州,01000000,1000000,《戏考》,《戏考》（1000000）,01005011,回荆州,家国,权谋,1,序幕/前置内容,scene_cooccurrence
pdf_01000000__01005011___ce48065512,回荆州,01000000,1000000,《戏考》,《戏考》（1000000）,01005011,回荆州,家国,离散,1,序幕/前置内容,scene_cooccurrence
pdf_01000000__01005011___ce48065512,回荆州,01000000,1000000,《戏考》,《戏考》（1000000）,01005011,回荆州,对抗,权谋,1,【第十三场】,scene_cooccurrence
pdf_01000000__01005011___ce48065512,回荆州,01000000,1000000,《戏考》,《戏考》（1000000）,01005011,回荆州,将帅关系,忠义,1,【第五场】,scene_cooccurrence
pdf_01000000__01005011___ce48065512,回荆州,01000000,1000000,《戏考》,《戏考》（1000000）,01005011,回荆州,将帅关系,权谋,1,【第五场】,scene_cooccurrence
pdf_01000000__01005011___ce48065512,回荆州,01000000,1000000,《戏考》,《戏考》（1000000）,01005011,回荆州,归乡,忠义,1,【第七场】,scene_cooccurrence
pdf_01000000__01005011___ce48065512,回荆州,01000000,1000000,《戏考》,《戏考》（1000000）,01005011,回荆州,归乡,离散,1,【第七场】,scene_cooccurrence
pdf_01000000__01005011___ce48065512,回荆州,01000000,1000000,《戏考》,《戏考》（1000000）,01005011,回荆州,忠义,情爱,1,序幕/前置内容,scene_cooccurrence
pdf_01000000__01005011___ce48065512,回荆州,01000000,1000000,《戏考》,《戏考》（1000000）,01005011,回荆州,忠义,愤怒与决策,1,【第十五场】,scene_cooccurrence
pdf_01000000__01005011___ce48065512,回荆州,01000000,1000000,《戏考》,《戏考》（1000000）,01005011,回荆州,忠义,智勇,1,【第十场】,scene_cooccurrence
pdf_01000000__01005011___ce48065512,回荆州,01000000,1000000,《戏考》,《戏考》（1000000）,01005011,回荆州,忠义,智勇突围,1,【第八场】,scene_cooccurrence
pdf_01000000__01005011___ce48065512,回荆州,01000000,1000000,《戏考》,《戏考》（1000000）,01005011,回荆州,忠义,胜利,1,【第十四场】,scene_cooccurrence
pdf_01000000__01005011___ce48065512,回荆州,01000000,1000000,《戏考》,《戏考》（1000000）,01005011,回荆州,忠义,身份权威,1,【第十场】,scene_cooccurrence
pdf_01000000__01005011___ce48065512,回荆州,01000000,1000000,《戏考》,《戏考》（1000000）,01005011,回荆州,忠义,追杀,1,【第十一场】,scene_cooccurrence
pdf_01000000__01005011___ce48065512,回荆州,01000000,1000000,《戏考》,《戏考》（1000000）,01005011,回荆州,忠义,追赶,1,【第九场】,scene_cooccurrence
pdf_01000000__01005011___ce48065512,回荆州,01000000,1000000,《戏考》,《戏考》（1000000）,01005011,回荆州,情爱,战争,1,序幕/前置内容,scene_cooccurrence
pdf_01000000__01005011___ce48065512,回荆州,01000000,1000000,《戏考》,《戏考》（1000000）,01005011,回荆州,情爱,离散,1,序幕/前置内容,scene_cooccurrence
pdf_01000000__01005011___ce48065512,回荆州,01000000,1000000,《戏考》,《戏考》（1000000）,01005011,回荆州,情爱,英雄气概,1,【第一场】,scene_cooccurrence
pdf_01000000__01005011___ce48065512,回荆州,01000000,1000000,《戏考》,《戏考》（1000000）,01005011,回荆州,愤怒与决策,离散,1,【第十五场】,scene_cooccurrence
pdf_01000000__01005011___ce48065512,回荆州,01000000,1000000,《戏考》,《戏考》（1000000）,01005011,回荆州,战争,权谋,1,序幕/前置内容,scene_cooccurrence
pdf_01000000__01005011___ce48065512,回荆州,01000000,1000000,《戏考》,《戏考》（1000000）,01005011,回荆州,战争,离散,1,序幕/前置内容,scene_cooccurrence
pdf_01000000__01005011___ce48065512,回荆州,01000000,1000000,《戏考》,《戏考》（1000000）,01005011,回荆州,战争,过渡,1,【第六场】,scene_cooccurrence
pdf_01000000__01005011___ce48065512,回荆州,01000000,1000000,《戏考》,《戏考》（1000000）,01005011,回荆州,战争,追杀,1,【第十一场】,scene_cooccurrence
pdf_01000000__01005011___ce48065512,回荆州,01000000,1000000,《戏考》,《戏考》（1000000）,01005011,回荆州,战争,追赶,1,【第九场】,scene_cooccurrence
pdf_01000000__01005011___ce48065512,回荆州,01000000,1000000,《戏考》,《戏考》（1000000）,01005011,回荆州,智勇,权谋,1,【第十场】,scene_cooccurrence
pdf_01000000__01005011___ce48065512,回荆州,01000000,1000000,《戏考》,《戏考》（1000000）,01005011,回荆州,智勇,身份权威,1,【第十场】,scene_cooccurrence
pdf_01000000__01005011___ce48065512,回荆州,01000000,1000000,《戏考》,《戏考》（1000000）,01005011,回荆州,智勇突围,权谋,1,【第八场】,scene_cooccurrence
pdf_01000000__01005011___ce48065512,回荆州,01000000,1000000,《戏考》,《戏考》（1000000）,01005011,回荆州,权谋,离散,1,序幕/前置内容,scene_cooccurrence
pdf_01000000__01005011___ce48065512,回荆州,01000000,1000000,《戏考》,《戏考》（1000000）,01005011,回荆州,权谋,羞耻,1,【第十二场】,scene_cooccurrence
pdf_01000000__01005011___ce48065512,回荆州,01000000,1000000,《戏考》,《戏考》（1000000）,01005011,回荆州,权谋,羞辱,1,【第十六场】,scene_cooccurrence
pdf_01000000__01005011___ce48065512,回荆州,01000000,1000000,《戏考》,《戏考》（1000000）,01005011,回荆州,权谋,身份权威,1,【第十场】,scene_cooccurrence
pdf_01000000__01005011___ce48065512,回荆州,01000000,1000000,《戏考》,《戏考》（1000000）,01005011,回荆州,羞辱,胜利,1,【第十六场】,scene_cooccurrence
pdf_01000000__01005012___3a15b05878,海潮珠,01000000,1000000,《戏考》,《戏考》（1000000）,01005012,海潮珠,亲情,家国,2,序幕/前置内容,scene_cooccurrence
pdf_01000000__01005012___3a15b05878,海潮珠,01000000,1000000,《戏考》,《戏考》（1000000）,01005012,海潮珠,亲情,权谋,2,序幕/前置内容,scene_cooccurrence
pdf_01000000__01005012___3a15b05878,海潮珠,01000000,1000000,《戏考》,《戏考》（1000000）,01005012,海潮珠,亲情,离散,2,序幕/前置内容,scene_cooccurrence
pdf_01000000__01005012___3a15b05878,海潮珠,01000000,1000000,《戏考》,《戏考》（1000000）,01005012,海潮珠,复仇,背叛,2,【第一场】,scene_cooccurrence
pdf_01000000__01005012___3a15b05878,海潮珠,01000000,1000000,《戏考》,《戏考》（1000000）,01005012,海潮珠,家国,权谋,2,序幕/前置内容,scene_cooccurrence
pdf_01000000__01005012___3a15b05878,海潮珠,01000000,1000000,《戏考》,《戏考》（1000000）,01005012,海潮珠,家国,离散,2,序幕/前置内容,scene_cooccurrence
pdf_01000000__01005012___3a15b05878,海潮珠,01000000,1000000,《戏考》,《戏考》（1000000）,01005012,海潮珠,权谋,离散,2,序幕/前置内容,scene_cooccurrence
pdf_01000000__01005012___3a15b05878,海潮珠,01000000,1000000,《戏考》,《戏考》（1000000）,01005012,海潮珠,同盟,政变,1,【第七场】,scene_cooccurrence
pdf_01000000__01005012___3a15b05878,海潮珠,01000000,1000000,《戏考》,《戏考》（1000000）,01005012,海潮珠,同盟,权力斗争,1,【第七场】,scene_cooccurrence
pdf_01000000__01005012___3a15b05878,海潮珠,01000000,1000000,《戏考》,《戏考》（1000000）,01005012,海潮珠,复仇,权力,1,【第六场】,scene_cooccurrence
pdf_01000000__01005012___3a15b05878,海潮珠,01000000,1000000,《戏考》,《戏考》（1000000）,01005012,海潮珠,复仇,猜忌,1,【第一场】,scene_cooccurrence
pdf_01000000__01005012___3a15b05878,海潮珠,01000000,1000000,《戏考》,《戏考》（1000000）,01005012,海潮珠,嫉妒,情爱,1,【第四场】,scene_cooccurrence
pdf_01000000__01005012___3a15b05878,海潮珠,01000000,1000000,《戏考》,《戏考》（1000000）,01005012,海潮珠,嫉妒,权力斗争,1,【第四场】,scene_cooccurrence
pdf_01000000__01005012___3a15b05878,海潮珠,01000000,1000000,《戏考》,《戏考》（1000000）,01005012,海潮珠,嫉妒,背叛,1,【第四场】,scene_cooccurrence
pdf_01000000__01005012___3a15b05878,海潮珠,01000000,1000000,《戏考》,《戏考》（1000000）,01005012,海潮珠,家国,忠义,1,【第三场】,scene_cooccurrence
pdf_01000000__01005012___3a15b05878,海潮珠,01000000,1000000,《戏考》,《戏考》（1000000）,01005012,海潮珠,家国,谗言惑主,1,【第三场】,scene_cooccurrence
pdf_01000000__01005012___3a15b05878,海潮珠,01000000,1000000,《戏考》,《戏考》（1000000）,01005012,海潮珠,忠义,谗言惑主,1,【第三场】,scene_cooccurrence
pdf_01000000__01005012___3a15b05878,海潮珠,01000000,1000000,《戏考》,《戏考》（1000000）,01005012,海潮珠,情爱,权力斗争,1,【第四场】,scene_cooccurrence
pdf_01000000__01005012___3a15b05878,海潮珠,01000000,1000000,《戏考》,《戏考》（1000000）,01005012,海潮珠,情爱,背叛,1,【第四场】,scene_cooccurrence
pdf_01000000__01005012___3a15b05878,海潮珠,01000000,1000000,《戏考》,《戏考》（1000000）,01005012,海潮珠,政变,权力斗争,1,【第七场】,scene_cooccurrence
pdf_01000000__01005012___3a15b05878,海潮珠,01000000,1000000,《戏考》,《戏考》（1000000）,01005012,海潮珠,权力,背叛,1,【第六场】,scene_cooccurrence
pdf_01000000__01005012___3a15b05878,海潮珠,01000000,1000000,《戏考》,《戏考》（1000000）,01005012,海潮珠,权力斗争,背叛,1,【第四场】,scene_cooccurrence
pdf_01000000__01005012___3a15b05878,海潮珠,01000000,1000000,《戏考》,《戏考》（1000000）,01005012,海潮珠,猜忌,背叛,1,【第一场】,scene_cooccurrence
