doc_id,doc_title,line_id,scene_id,source_file,source_path,relative_path,batch_id,scene_index,scene,line_no,row_type,line_category,speaker,speaker_char_id,cue,perform_type,perform_subtype,action_tags,participants,text,raw_line
pdf_01000000__01002011___1a9416b419,梅龙镇,pdf_01000000__01002011___1a9416b419__line__000001,pdf_01000000__01002011___1a9416b419__scene__000,01002011_梅龙镇.pdf,D:\University_studies\Junior\data_visualization\experiment\final_self\opera_dataset\01000000\01002011_梅龙镇.pdf,01000000/01002011_梅龙镇.pdf,62507f36-aa22-4065-bb0f-f7de69f87e7c,0,序幕/前置内容,1,narration,narration,,,,说明,,,《梅龙镇》,# 《梅龙镇》,# 《梅龙镇》
pdf_01000000__01002011___1a9416b419,梅龙镇,pdf_01000000__01002011___1a9416b419__line__000003,pdf_01000000__01002011___1a9416b419__scene__000,01002011_梅龙镇.pdf,D:\University_studies\Junior\data_visualization\experiment\final_self\opera_dataset\01000000\01002011_梅龙镇.pdf,01000000/01002011_梅龙镇.pdf,62507f36-aa22-4065-bb0f-f7de69f87e7c,0,序幕/前置内容,3,narration,narration,,,,说明,,下,（一名：《游龙戏凤》；一名：《；江南》,# （一名：《游龙戏凤》；一名：《下江南》）,# （一名：《游龙戏凤》；一名：《下江南》）
pdf_01000000__01002011___1a9416b419,梅龙镇,pdf_01000000__01002011___1a9416b419__line__000019,pdf_01000000__01002011___1a9416b419__scene__001,01002011_梅龙镇.pdf,D:\University_studies\Junior\data_visualization\experiment\final_self\opera_dataset\01000000\01002011_梅龙镇.pdf,01000000/01002011_梅龙镇.pdf,62507f36-aa22-4065-bb0f-f7de69f87e7c,1,【第一场】,19,dialogue,dialogue,正德帝,pdf_01000000__01002011___1a9416b419__char__612185295d,引子,对白,引子,,正德帝,"龙游芳草地,凤绕牡丹池。","正德帝（引子）龙游芳草地,凤绕牡丹池。"
pdf_01000000__01002011___1a9416b419,梅龙镇,pdf_01000000__01002011___1a9416b419__line__000019,pdf_01000000__01002011___1a9416b419__scene__001,01002011_梅龙镇.pdf,D:\University_studies\Junior\data_visualization\experiment\final_self\opera_dataset\01000000\01002011_梅龙镇.pdf,01000000/01002011_梅龙镇.pdf,62507f36-aa22-4065-bb0f-f7de69f87e7c,1,【第一场】,19,dialogue,dialogue,李凤姐,pdf_01000000__01002011___1a9416b419__char__53ea4bf90b,内白,白,内白,来；念白,李凤姐,来了。,李凤姐（内白）来了。
pdf_01000000__01002011___1a9416b419,梅龙镇,pdf_01000000__01002011___1a9416b419__line__000019,pdf_01000000__01002011___1a9416b419__scene__001,01002011_梅龙镇.pdf,D:\University_studies\Junior\data_visualization\experiment\final_self\opera_dataset\01000000\01002011_梅龙镇.pdf,01000000/01002011_梅龙镇.pdf,62507f36-aa22-4065-bb0f-f7de69f87e7c,1,【第一场】,19,dialogue,dialogue,李凤姐,pdf_01000000__01002011___1a9416b419__char__53ea4bf90b,二黄平板,唱,二黄平板,进；道,李凤姐,"自幼儿生长在梅龙镇,兄妹卖酒度光阴。我哥哥他也曾对我论:他言道前边有一位军人。李凤姐端茶是客堂进,哟啐!","李凤姐（二黄平板）自幼儿生长在梅龙镇,兄妹卖酒度光阴。我哥哥他也曾对我论:他言道前边有一位军人。李凤姐端茶是客堂进,哟啐!"
pdf_01000000__01002011___1a9416b419,梅龙镇,pdf_01000000__01002011___1a9416b419__line__000019,pdf_01000000__01002011___1a9416b419__scene__001,01002011_梅龙镇.pdf,D:\University_studies\Junior\data_visualization\experiment\final_self\opera_dataset\01000000\01002011_梅龙镇.pdf,01000000/01002011_梅龙镇.pdf,62507f36-aa22-4065-bb0f-f7de69f87e7c,1,【第一场】,19,dialogue,dialogue,正德帝,pdf_01000000__01002011___1a9416b419__char__612185295d,笑,做,笑,笑,正德帝,哈哈哈......,正德帝（笑）哈哈哈......
pdf_01000000__01002011___1a9416b419,梅龙镇,pdf_01000000__01002011___1a9416b419__line__000019,pdf_01000000__01002011___1a9416b419__scene__001,01002011_梅龙镇.pdf,D:\University_studies\Junior\data_visualization\experiment\final_self\opera_dataset\01000000\01002011_梅龙镇.pdf,01000000/01002011_梅龙镇.pdf,62507f36-aa22-4065-bb0f-f7de69f87e7c,1,【第一场】,19,dialogue,dialogue,李凤姐,pdf_01000000__01002011___1a9416b419__char__53ea4bf90b,二黄平板,唱,二黄平板,,李凤姐,"李凤姐回转绣房门,啊,绣房门。","李凤姐（二黄平板）李凤姐回转绣房门,啊,绣房门。"
pdf_01000000__01002011___1a9416b419,梅龙镇,pdf_01000000__01002011___1a9416b419__line__000019,pdf_01000000__01002011___1a9416b419__scene__001,01002011_梅龙镇.pdf,D:\University_studies\Junior\data_visualization\experiment\final_self\opera_dataset\01000000\01002011_梅龙镇.pdf,01000000/01002011_梅龙镇.pdf,62507f36-aa22-4065-bb0f-f7de69f87e7c,1,【第一场】,19,dialogue,dialogue,正德帝,pdf_01000000__01002011___1a9416b419__char__612185295d,笑,做,笑,笑,正德帝,哈哈哈......,正德帝（笑）哈哈哈......
pdf_01000000__01002011___1a9416b419,梅龙镇,pdf_01000000__01002011___1a9416b419__line__000019,pdf_01000000__01002011___1a9416b419__scene__001,01002011_梅龙镇.pdf,D:\University_studies\Junior\data_visualization\experiment\final_self\opera_dataset\01000000\01002011_梅龙镇.pdf,01000000/01002011_梅龙镇.pdf,62507f36-aa22-4065-bb0f-f7de69f87e7c,1,【第一场】,19,dialogue,dialogue,李凤姐,pdf_01000000__01002011___1a9416b419__char__53ea4bf90b,二黄平板,唱,二黄平板,来,李凤姐,后面来了卖酒人。,李凤姐（二黄平板）后面来了卖酒人。
pdf_01000000__01002011___1a9416b419,梅龙镇,pdf_01000000__01002011___1a9416b419__line__000019,pdf_01000000__01002011___1a9416b419__scene__001,01002011_梅龙镇.pdf,D:\University_studies\Junior\data_visualization\experiment\final_self\opera_dataset\01000000\01002011_梅龙镇.pdf,01000000/01002011_梅龙镇.pdf,62507f36-aa22-4065-bb0f-f7de69f87e7c,1,【第一场】,19,dialogue,dialogue,正德帝,pdf_01000000__01002011___1a9416b419__char__612185295d,白,白,白,念白,正德帝,"酒保,酒保!","正德帝（白）酒保,酒保!"
pdf_01000000__01002011___1a9416b419,梅龙镇,pdf_01000000__01002011___1a9416b419__line__000019,pdf_01000000__01002011___1a9416b419__scene__001,01002011_梅龙镇.pdf,D:\University_studies\Junior\data_visualization\experiment\final_self\opera_dataset\01000000\01002011_梅龙镇.pdf,01000000/01002011_梅龙镇.pdf,62507f36-aa22-4065-bb0f-f7de69f87e7c,1,【第一场】,19,dialogue,dialogue,李凤姐,pdf_01000000__01002011___1a9416b419__char__53ea4bf90b,白,白,白,念白,李凤姐,"酒保没有,倒有个酒大姐在此。","李凤姐（白）酒保没有,倒有个酒大姐在此。"
pdf_01000000__01002011___1a9416b419,梅龙镇,pdf_01000000__01002011___1a9416b419__line__000019,pdf_01000000__01002011___1a9416b419__scene__001,01002011_梅龙镇.pdf,D:\University_studies\Junior\data_visualization\experiment\final_self\opera_dataset\01000000\01002011_梅龙镇.pdf,01000000/01002011_梅龙镇.pdf,62507f36-aa22-4065-bb0f-f7de69f87e7c,1,【第一场】,19,dialogue,dialogue,正德帝,pdf_01000000__01002011___1a9416b419__char__612185295d,白,白,白,叫；念白,正德帝,"合罕呀,这丫头自称酒大姐,本当叫她一声,怕她消受不起。也罢,以酒为名,叫她一声酒大姐。","正德帝（白）合罕呀,这丫头自称酒大姐,本当叫她一声,怕她消受不起。也罢,以酒为名,叫她一声酒大姐。"
pdf_01000000__01002011___1a9416b419,梅龙镇,pdf_01000000__01002011___1a9416b419__line__000019,pdf_01000000__01002011___1a9416b419__scene__001,01002011_梅龙镇.pdf,D:\University_studies\Junior\data_visualization\experiment\final_self\opera_dataset\01000000\01002011_梅龙镇.pdf,01000000/01002011_梅龙镇.pdf,62507f36-aa22-4065-bb0f-f7de69f87e7c,1,【第一场】,19,dialogue,dialogue,李凤姐,pdf_01000000__01002011___1a9416b419__char__53ea4bf90b,白,白,白,念白,李凤姐,军爷讲些什么?,李凤姐（白）军爷讲些什么?
pdf_01000000__01002011___1a9416b419,梅龙镇,pdf_01000000__01002011___1a9416b419__line__000019,pdf_01000000__01002011___1a9416b419__scene__001,01002011_梅龙镇.pdf,D:\University_studies\Junior\data_visualization\experiment\final_self\opera_dataset\01000000\01002011_梅龙镇.pdf,01000000/01002011_梅龙镇.pdf,62507f36-aa22-4065-bb0f-f7de69f87e7c,1,【第一场】,19,dialogue,dialogue,正德帝,pdf_01000000__01002011___1a9416b419__char__612185295d,白,白,白,念白,正德帝,"方才那个稍长大汉,他是何人?","正德帝（白）方才那个稍长大汉,他是何人?"
pdf_01000000__01002011___1a9416b419,梅龙镇,pdf_01000000__01002011___1a9416b419__line__000019,pdf_01000000__01002011___1a9416b419__scene__001,01002011_梅龙镇.pdf,D:\University_studies\Junior\data_visualization\experiment\final_self\opera_dataset\01000000\01002011_梅龙镇.pdf,01000000/01002011_梅龙镇.pdf,62507f36-aa22-4065-bb0f-f7de69f87e7c,1,【第一场】,19,dialogue,dialogue,李凤姐,pdf_01000000__01002011___1a9416b419__char__53ea4bf90b,白,白,白,念白,李凤姐,他是我家哥哥。,李凤姐（白）他是我家哥哥。
pdf_01000000__01002011___1a9416b419,梅龙镇,pdf_01000000__01002011___1a9416b419__line__000019,pdf_01000000__01002011___1a9416b419__scene__001,01002011_梅龙镇.pdf,D:\University_studies\Junior\data_visualization\experiment\final_self\opera_dataset\01000000\01002011_梅龙镇.pdf,01000000/01002011_梅龙镇.pdf,62507f36-aa22-4065-bb0f-f7de69f87e7c,1,【第一场】,19,dialogue,dialogue,正德帝,pdf_01000000__01002011___1a9416b419__char__612185295d,白,白,白,叫；念白,正德帝,他叫什么名字?,正德帝（白）他叫什么名字?
pdf_01000000__01002011___1a9416b419,梅龙镇,pdf_01000000__01002011___1a9416b419__line__000019,pdf_01000000__01002011___1a9416b419__scene__001,01002011_梅龙镇.pdf,D:\University_studies\Junior\data_visualization\experiment\final_self\opera_dataset\01000000\01002011_梅龙镇.pdf,01000000/01002011_梅龙镇.pdf,62507f36-aa22-4065-bb0f-f7de69f87e7c,1,【第一场】,19,dialogue,dialogue,李凤姐,pdf_01000000__01002011___1a9416b419__char__53ea4bf90b,白,白,白,叫；念白,李凤姐,他叫李龙。,李凤姐（白）他叫李龙。
pdf_01000000__01002011___1a9416b419,梅龙镇,pdf_01000000__01002011___1a9416b419__line__000019,pdf_01000000__01002011___1a9416b419__scene__001,01002011_梅龙镇.pdf,D:\University_studies\Junior\data_visualization\experiment\final_self\opera_dataset\01000000\01002011_梅龙镇.pdf,01000000/01002011_梅龙镇.pdf,62507f36-aa22-4065-bb0f-f7de69f87e7c,1,【第一场】,19,dialogue,dialogue,正德帝,pdf_01000000__01002011___1a9416b419__char__612185295d,白,白,白,去；念白,正德帝,哪里去了?,正德帝（白）哪里去了?
pdf_01000000__01002011___1a9416b419,梅龙镇,pdf_01000000__01002011___1a9416b419__line__000019,pdf_01000000__01002011___1a9416b419__scene__001,01002011_梅龙镇.pdf,D:\University_studies\Junior\data_visualization\experiment\final_self\opera_dataset\01000000\01002011_梅龙镇.pdf,01000000/01002011_梅龙镇.pdf,62507f36-aa22-4065-bb0f-f7de69f87e7c,1,【第一场】,19,dialogue,dialogue,李凤姐,pdf_01000000__01002011___1a9416b419__char__53ea4bf90b,白,白,白,去；念白,李凤姐,巡更守夜去了。,李凤姐（白）巡更守夜去了。
pdf_01000000__01002011___1a9416b419,梅龙镇,pdf_01000000__01002011___1a9416b419__line__000019,pdf_01000000__01002011___1a9416b419__scene__001,01002011_梅龙镇.pdf,D:\University_studies\Junior\data_visualization\experiment\final_self\opera_dataset\01000000\01002011_梅龙镇.pdf,01000000/01002011_梅龙镇.pdf,62507f36-aa22-4065-bb0f-f7de69f87e7c,1,【第一场】,19,dialogue,dialogue,正德帝,pdf_01000000__01002011___1a9416b419__char__612185295d,白,白,白,叫；念白,正德帝,大姐你叫什么名字?,正德帝（白）大姐你叫什么名字?
pdf_01000000__01002011___1a9416b419,梅龙镇,pdf_01000000__01002011___1a9416b419__line__000019,pdf_01000000__01002011___1a9416b419__scene__001,01002011_梅龙镇.pdf,D:\University_studies\Junior\data_visualization\experiment\final_self\opera_dataset\01000000\01002011_梅龙镇.pdf,01000000/01002011_梅龙镇.pdf,62507f36-aa22-4065-bb0f-f7de69f87e7c,1,【第一场】,19,dialogue,dialogue,李凤姐,pdf_01000000__01002011___1a9416b419__char__53ea4bf90b,白,白,白,念白,李凤姐,"我么,没有名字的。","李凤姐（白）我么,没有名字的。"
pdf_01000000__01002011___1a9416b419,梅龙镇,pdf_01000000__01002011___1a9416b419__line__000019,pdf_01000000__01002011___1a9416b419__scene__001,01002011_梅龙镇.pdf,D:\University_studies\Junior\data_visualization\experiment\final_self\opera_dataset\01000000\01002011_梅龙镇.pdf,01000000/01002011_梅龙镇.pdf,62507f36-aa22-4065-bb0f-f7de69f87e7c,1,【第一场】,19,dialogue,dialogue,正德帝,pdf_01000000__01002011___1a9416b419__char__612185295d,白,白,白,道；念白,正德帝,"人生在世,哪有没有名字的道理。","正德帝（白）人生在世,哪有没有名字的道理。"
pdf_01000000__01002011___1a9416b419,梅龙镇,pdf_01000000__01002011___1a9416b419__line__000019,pdf_01000000__01002011___1a9416b419__scene__001,01002011_梅龙镇.pdf,D:\University_studies\Junior\data_visualization\experiment\final_self\opera_dataset\01000000\01002011_梅龙镇.pdf,01000000/01002011_梅龙镇.pdf,62507f36-aa22-4065-bb0f-f7de69f87e7c,1,【第一场】,19,dialogue,dialogue,李凤姐,pdf_01000000__01002011___1a9416b419__char__53ea4bf90b,白,白,白,来；叫；念白,李凤姐,"名字倒有,说出来怕军爷你叫。","李凤姐（白）名字倒有,说出来怕军爷你叫。"
pdf_01000000__01002011___1a9416b419,梅龙镇,pdf_01000000__01002011___1a9416b419__line__000019,pdf_01000000__01002011___1a9416b419__scene__001,01002011_梅龙镇.pdf,D:\University_studies\Junior\data_visualization\experiment\final_self\opera_dataset\01000000\01002011_梅龙镇.pdf,01000000/01002011_梅龙镇.pdf,62507f36-aa22-4065-bb0f-f7de69f87e7c,1,【第一场】,19,dialogue,dialogue,正德帝,pdf_01000000__01002011___1a9416b419__char__612185295d,白,白,白,叫；念白,正德帝,为君的不叫就是。,正德帝（白）为君的不叫就是。
pdf_01000000__01002011___1a9416b419,梅龙镇,pdf_01000000__01002011___1a9416b419__line__000019,pdf_01000000__01002011___1a9416b419__scene__001,01002011_梅龙镇.pdf,D:\University_studies\Junior\data_visualization\experiment\final_self\opera_dataset\01000000\01002011_梅龙镇.pdf,01000000/01002011_梅龙镇.pdf,62507f36-aa22-4065-bb0f-f7de69f87e7c,1,【第一场】,19,dialogue,dialogue,李凤姐,pdf_01000000__01002011___1a9416b419__char__53ea4bf90b,白,白,白,叫；念白,李凤姐,"军爷不叫,如此我姓李。","李凤姐（白）军爷不叫,如此我姓李。"
pdf_01000000__01002011___1a9416b419,梅龙镇,pdf_01000000__01002011___1a9416b419__line__000019,pdf_01000000__01002011___1a9416b419__scene__001,01002011_梅龙镇.pdf,D:\University_studies\Junior\data_visualization\experiment\final_self\opera_dataset\01000000\01002011_梅龙镇.pdf,01000000/01002011_梅龙镇.pdf,62507f36-aa22-4065-bb0f-f7de69f87e7c,1,【第一场】,19,dialogue,dialogue,正德帝,pdf_01000000__01002011___1a9416b419__char__612185295d,白,白,白,叫；念白,正德帝,"我晓得你姓李,叫什么名字?","正德帝（白）我晓得你姓李,叫什么名字?"
pdf_01000000__01002011___1a9416b419,梅龙镇,pdf_01000000__01002011___1a9416b419__line__000019,pdf_01000000__01002011___1a9416b419__scene__001,01002011_梅龙镇.pdf,D:\University_studies\Junior\data_visualization\experiment\final_self\opera_dataset\01000000\01002011_梅龙镇.pdf,01000000/01002011_梅龙镇.pdf,62507f36-aa22-4065-bb0f-f7de69f87e7c,1,【第一场】,19,dialogue,dialogue,李凤姐,pdf_01000000__01002011___1a9416b419__char__53ea4bf90b,白,白,白,叫；念白,李凤姐,我叫李凤姐呵。,李凤姐（白）我叫李凤姐呵。
pdf_01000000__01002011___1a9416b419,梅龙镇,pdf_01000000__01002011___1a9416b419__line__000019,pdf_01000000__01002011___1a9416b419__scene__001,01002011_梅龙镇.pdf,D:\University_studies\Junior\data_visualization\experiment\final_self\opera_dataset\01000000\01002011_梅龙镇.pdf,01000000/01002011_梅龙镇.pdf,62507f36-aa22-4065-bb0f-f7de69f87e7c,1,【第一场】,19,dialogue,dialogue,正德帝,pdf_01000000__01002011___1a9416b419__char__612185295d,白,白,白,念白,李凤姐；正德帝,"好一个李凤姐,呵呵!","正德帝（白）好一个李凤姐,呵呵!"
pdf_01000000__01002011___1a9416b419,梅龙镇,pdf_01000000__01002011___1a9416b419__line__000019,pdf_01000000__01002011___1a9416b419__scene__001,01002011_梅龙镇.pdf,D:\University_studies\Junior\data_visualization\experiment\final_self\opera_dataset\01000000\01002011_梅龙镇.pdf,01000000/01002011_梅龙镇.pdf,62507f36-aa22-4065-bb0f-f7de69f87e7c,1,【第一场】,19,dialogue,dialogue,李凤姐,pdf_01000000__01002011___1a9416b419__char__53ea4bf90b,白,白,白,来；拿；念白,李凤姐,拿名字来还我。,李凤姐（白）拿名字来还我。
pdf_01000000__01002011___1a9416b419,梅龙镇,pdf_01000000__01002011___1a9416b419__line__000019,pdf_01000000__01002011___1a9416b419__scene__001,01002011_梅龙镇.pdf,D:\University_studies\Junior\data_visualization\experiment\final_self\opera_dataset\01000000\01002011_梅龙镇.pdf,01000000/01002011_梅龙镇.pdf,62507f36-aa22-4065-bb0f-f7de69f87e7c,1,【第一场】,19,dialogue,dialogue,正德帝,pdf_01000000__01002011___1a9416b419__char__612185295d,白,白,白,念白,正德帝,"说出如风,怎能还你?","正德帝（白）说出如风,怎能还你?"
pdf_01000000__01002011___1a9416b419,梅龙镇,pdf_01000000__01002011___1a9416b419__line__000019,pdf_01000000__01002011___1a9416b419__scene__001,01002011_梅龙镇.pdf,D:\University_studies\Junior\data_visualization\experiment\final_self\opera_dataset\01000000\01002011_梅龙镇.pdf,01000000/01002011_梅龙镇.pdf,62507f36-aa22-4065-bb0f-f7de69f87e7c,1,【第一场】,19,dialogue,dialogue,李凤姐,pdf_01000000__01002011___1a9416b419__char__53ea4bf90b,白,白,白,来；叫；念白,李凤姐,"军爷方才你说不叫,怎么叫起来了?","李凤姐（白）军爷方才你说不叫,怎么叫起来了?"
pdf_01000000__01002011___1a9416b419,梅龙镇,pdf_01000000__01002011___1a9416b419__line__000019,pdf_01000000__01002011___1a9416b419__scene__001,01002011_梅龙镇.pdf,D:\University_studies\Junior\data_visualization\experiment\final_self\opera_dataset\01000000\01002011_梅龙镇.pdf,01000000/01002011_梅龙镇.pdf,62507f36-aa22-4065-bb0f-f7de69f87e7c,1,【第一场】,19,dialogue,dialogue,正德帝,pdf_01000000__01002011___1a9416b419__char__612185295d,白,白,白,叫；念白,正德帝,为君的就叫这一次。,正德帝（白）为君的就叫这一次。
pdf_01000000__01002011___1a9416b419,梅龙镇,pdf_01000000__01002011___1a9416b419__line__000019,pdf_01000000__01002011___1a9416b419__scene__001,01002011_梅龙镇.pdf,D:\University_studies\Junior\data_visualization\experiment\final_self\opera_dataset\01000000\01002011_梅龙镇.pdf,01000000/01002011_梅龙镇.pdf,62507f36-aa22-4065-bb0f-f7de69f87e7c,1,【第一场】,19,dialogue,dialogue,李凤姐,pdf_01000000__01002011___1a9416b419__char__53ea4bf90b,白,白,白,下；念白,李凤姐,下次不可。,李凤姐（白）下次不可。
pdf_01000000__01002011___1a9416b419,梅龙镇,pdf_01000000__01002011___1a9416b419__line__000019,pdf_01000000__01002011___1a9416b419__scene__001,01002011_梅龙镇.pdf,D:\University_studies\Junior\data_visualization\experiment\final_self\opera_dataset\01000000\01002011_梅龙镇.pdf,01000000/01002011_梅龙镇.pdf,62507f36-aa22-4065-bb0f-f7de69f87e7c,1,【第一场】,19,dialogue,dialogue,正德帝,pdf_01000000__01002011___1a9416b419__char__612185295d,白,白,白,叫；念白,正德帝,不次不叫就是。,正德帝（白）不次不叫就是。
pdf_01000000__01002011___1a9416b419,梅龙镇,pdf_01000000__01002011___1a9416b419__line__000019,pdf_01000000__01002011___1a9416b419__scene__001,01002011_梅龙镇.pdf,D:\University_studies\Junior\data_visualization\experiment\final_self\opera_dataset\01000000\01002011_梅龙镇.pdf,01000000/01002011_梅龙镇.pdf,62507f36-aa22-4065-bb0f-f7de69f87e7c,1,【第一场】,19,dialogue,dialogue,李凤姐,pdf_01000000__01002011___1a9416b419__char__53ea4bf90b,白,白,白,念白,李凤姐,军爷讲些什么?,李凤姐（白）军爷讲些什么?
pdf_01000000__01002011___1a9416b419,梅龙镇,pdf_01000000__01002011___1a9416b419__line__000019,pdf_01000000__01002011___1a9416b419__scene__001,01002011_梅龙镇.pdf,D:\University_studies\Junior\data_visualization\experiment\final_self\opera_dataset\01000000\01002011_梅龙镇.pdf,01000000/01002011_梅龙镇.pdf,62507f36-aa22-4065-bb0f-f7de69f87e7c,1,【第一场】,19,dialogue,dialogue,正德帝,pdf_01000000__01002011___1a9416b419__char__612185295d,白,白,白,上；念白,正德帝,"这梅龙镇上,是这等酒饭不成?","正德帝（白）这梅龙镇上,是这等酒饭不成?"
pdf_01000000__01002011___1a9416b419,梅龙镇,pdf_01000000__01002011___1a9416b419__line__000019,pdf_01000000__01002011___1a9416b419__scene__001,01002011_梅龙镇.pdf,D:\University_studies\Junior\data_visualization\experiment\final_self\opera_dataset\01000000\01002011_梅龙镇.pdf,01000000/01002011_梅龙镇.pdf,62507f36-aa22-4065-bb0f-f7de69f87e7c,1,【第一场】,19,dialogue,dialogue,李凤姐,pdf_01000000__01002011___1a9416b419__char__53ea4bf90b,白,白,白,念白,李凤姐,有三等酒饭。,李凤姐（白）有三等酒饭。
pdf_01000000__01002011___1a9416b419,梅龙镇,pdf_01000000__01002011___1a9416b419__line__000019,pdf_01000000__01002011___1a9416b419__scene__001,01002011_梅龙镇.pdf,D:\University_studies\Junior\data_visualization\experiment\final_self\opera_dataset\01000000\01002011_梅龙镇.pdf,01000000/01002011_梅龙镇.pdf,62507f36-aa22-4065-bb0f-f7de69f87e7c,1,【第一场】,19,dialogue,dialogue,正德帝,pdf_01000000__01002011___1a9416b419__char__612185295d,白,白,白,念白,正德帝,哪三等?,正德帝（白）哪三等?
pdf_01000000__01002011___1a9416b419,梅龙镇,pdf_01000000__01002011___1a9416b419__line__000019,pdf_01000000__01002011___1a9416b419__scene__001,01002011_梅龙镇.pdf,D:\University_studies\Junior\data_visualization\experiment\final_self\opera_dataset\01000000\01002011_梅龙镇.pdf,01000000/01002011_梅龙镇.pdf,62507f36-aa22-4065-bb0f-f7de69f87e7c,1,【第一场】,19,dialogue,dialogue,李凤姐,pdf_01000000__01002011___1a9416b419__char__53ea4bf90b,白,白,白,上；下；念白,李凤姐,上、中、下三等。,李凤姐（白）上、中、下三等。
pdf_01000000__01002011___1a9416b419,梅龙镇,pdf_01000000__01002011___1a9416b419__line__000019,pdf_01000000__01002011___1a9416b419__scene__001,01002011_梅龙镇.pdf,D:\University_studies\Junior\data_visualization\experiment\final_self\opera_dataset\01000000\01002011_梅龙镇.pdf,01000000/01002011_梅龙镇.pdf,62507f36-aa22-4065-bb0f-f7de69f87e7c,1,【第一场】,19,dialogue,dialogue,正德帝,pdf_01000000__01002011___1a9416b419__char__612185295d,白,白,白,上；念白,正德帝,这上等的呢?,正德帝（白）这上等的呢?
pdf_01000000__01002011___1a9416b419,梅龙镇,pdf_01000000__01002011___1a9416b419__line__000019,pdf_01000000__01002011___1a9416b419__scene__001,01002011_梅龙镇.pdf,D:\University_studies\Junior\data_visualization\experiment\final_self\opera_dataset\01000000\01002011_梅龙镇.pdf,01000000/01002011_梅龙镇.pdf,62507f36-aa22-4065-bb0f-f7de69f87e7c,1,【第一场】,19,dialogue,dialogue,李凤姐,pdf_01000000__01002011___1a9416b419__char__53ea4bf90b,白,白,白,来；念白,李凤姐,来往官员所用。,李凤姐（白）来往官员所用。
pdf_01000000__01002011___1a9416b419,梅龙镇,pdf_01000000__01002011___1a9416b419__line__000019,pdf_01000000__01002011___1a9416b419__scene__001,01002011_梅龙镇.pdf,D:\University_studies\Junior\data_visualization\experiment\final_self\opera_dataset\01000000\01002011_梅龙镇.pdf,01000000/01002011_梅龙镇.pdf,62507f36-aa22-4065-bb0f-f7de69f87e7c,1,【第一场】,19,dialogue,dialogue,正德帝,pdf_01000000__01002011___1a9416b419__char__612185295d,白,白,白,念白,正德帝,中等的呢?,正德帝（白）中等的呢?
pdf_01000000__01002011___1a9416b419,梅龙镇,pdf_01000000__01002011___1a9416b419__line__000019,pdf_01000000__01002011___1a9416b419__scene__001,01002011_梅龙镇.pdf,D:\University_studies\Junior\data_visualization\experiment\final_self\opera_dataset\01000000\01002011_梅龙镇.pdf,01000000/01002011_梅龙镇.pdf,62507f36-aa22-4065-bb0f-f7de69f87e7c,1,【第一场】,19,dialogue,dialogue,李凤姐,pdf_01000000__01002011___1a9416b419__char__53ea4bf90b,白,白,白,念白,李凤姐,买卖客商。,李凤姐（白）买卖客商。
pdf_01000000__01002011___1a9416b419,梅龙镇,pdf_01000000__01002011___1a9416b419__line__000019,pdf_01000000__01002011___1a9416b419__scene__001,01002011_梅龙镇.pdf,D:\University_studies\Junior\data_visualization\experiment\final_self\opera_dataset\01000000\01002011_梅龙镇.pdf,01000000/01002011_梅龙镇.pdf,62507f36-aa22-4065-bb0f-f7de69f87e7c,1,【第一场】,19,dialogue,dialogue,正德帝,pdf_01000000__01002011___1a9416b419__char__612185295d,白,白,白,下；念白,正德帝,这下等的呢?,正德帝（白）这下等的呢?
pdf_01000000__01002011___1a9416b419,梅龙镇,pdf_01000000__01002011___1a9416b419__line__000019,pdf_01000000__01002011___1a9416b419__scene__001,01002011_梅龙镇.pdf,D:\University_studies\Junior\data_visualization\experiment\final_self\opera_dataset\01000000\01002011_梅龙镇.pdf,01000000/01002011_梅龙镇.pdf,62507f36-aa22-4065-bb0f-f7de69f87e7c,1,【第一场】,19,dialogue,dialogue,李凤姐,pdf_01000000__01002011___1a9416b419__char__53ea4bf90b,白,白,白,下；念白,李凤姐,"那下等的么,不讲也罢。","李凤姐（白）那下等的么,不讲也罢。"
pdf_01000000__01002011___1a9416b419,梅龙镇,pdf_01000000__01002011___1a9416b419__line__000019,pdf_01000000__01002011___1a9416b419__scene__001,01002011_梅龙镇.pdf,D:\University_studies\Junior\data_visualization\experiment\final_self\opera_dataset\01000000\01002011_梅龙镇.pdf,01000000/01002011_梅龙镇.pdf,62507f36-aa22-4065-bb0f-f7de69f87e7c,1,【第一场】,19,dialogue,dialogue,正德帝,pdf_01000000__01002011___1a9416b419__char__612185295d,白,白,白,念白,正德帝,为何不讲?,正德帝（白）为何不讲?
pdf_01000000__01002011___1a9416b419,梅龙镇,pdf_01000000__01002011___1a9416b419__line__000019,pdf_01000000__01002011___1a9416b419__scene__001,01002011_梅龙镇.pdf,D:\University_studies\Junior\data_visualization\experiment\final_self\opera_dataset\01000000\01002011_梅龙镇.pdf,01000000/01002011_梅龙镇.pdf,62507f36-aa22-4065-bb0f-f7de69f87e7c,1,【第一场】,19,dialogue,dialogue,李凤姐,pdf_01000000__01002011___1a9416b419__char__53ea4bf90b,白,白,白,来；念白,李凤姐,讲出来怕军爷着恼。,李凤姐（白）讲出来怕军爷着恼。
pdf_01000000__01002011___1a9416b419,梅龙镇,pdf_01000000__01002011___1a9416b419__line__000019,pdf_01000000__01002011___1a9416b419__scene__001,01002011_梅龙镇.pdf,D:\University_studies\Junior\data_visualization\experiment\final_self\opera_dataset\01000000\01002011_梅龙镇.pdf,01000000/01002011_梅龙镇.pdf,62507f36-aa22-4065-bb0f-f7de69f87e7c,1,【第一场】,19,dialogue,dialogue,正德帝,pdf_01000000__01002011___1a9416b419__char__612185295d,白,白,白,念白,正德帝,为君的不恼就是。,正德帝（白）为君的不恼就是。
pdf_01000000__01002011___1a9416b419,梅龙镇,pdf_01000000__01002011___1a9416b419__line__000019,pdf_01000000__01002011___1a9416b419__scene__001,01002011_梅龙镇.pdf,D:\University_studies\Junior\data_visualization\experiment\final_self\opera_dataset\01000000\01002011_梅龙镇.pdf,01000000/01002011_梅龙镇.pdf,62507f36-aa22-4065-bb0f-f7de69f87e7c,1,【第一场】,19,dialogue,dialogue,李凤姐,pdf_01000000__01002011___1a9416b419__char__53ea4bf90b,白,白,白,下；念白,李凤姐,"军爷不恼,那下等的就是你们这样吃粮当军之人所用。","李凤姐（白）军爷不恼,那下等的就是你们这样吃粮当军之人所用。"
pdf_01000000__01002011___1a9416b419,梅龙镇,pdf_01000000__01002011___1a9416b419__line__000019,pdf_01000000__01002011___1a9416b419__scene__001,01002011_梅龙镇.pdf,D:\University_studies\Junior\data_visualization\experiment\final_self\opera_dataset\01000000\01002011_梅龙镇.pdf,01000000/01002011_梅龙镇.pdf,62507f36-aa22-4065-bb0f-f7de69f87e7c,1,【第一场】,19,dialogue,dialogue,正德帝,pdf_01000000__01002011___1a9416b419__char__612185295d,白,白,白,念白,正德帝,"合罕呀,吃粮当军,有这样苦处。也罢,待寡人此番回朝,发饷银十万,犒赏三军。","正德帝（白）合罕呀,吃粮当军,有这样苦处。也罢,待寡人此番回朝,发饷银十万,犒赏三军。"
pdf_01000000__01002011___1a9416b419,梅龙镇,pdf_01000000__01002011___1a9416b419__line__000019,pdf_01000000__01002011___1a9416b419__scene__001,01002011_梅龙镇.pdf,D:\University_studies\Junior\data_visualization\experiment\final_self\opera_dataset\01000000\01002011_梅龙镇.pdf,01000000/01002011_梅龙镇.pdf,62507f36-aa22-4065-bb0f-f7de69f87e7c,1,【第一场】,19,dialogue,dialogue,李凤姐,pdf_01000000__01002011___1a9416b419__char__53ea4bf90b,白,白,白,上；念白,李凤姐,军爷要吃上等的酒饭?,李凤姐（白）军爷要吃上等的酒饭?
pdf_01000000__01002011___1a9416b419,梅龙镇,pdf_01000000__01002011___1a9416b419__line__000019,pdf_01000000__01002011___1a9416b419__scene__001,01002011_梅龙镇.pdf,D:\University_studies\Junior\data_visualization\experiment\final_self\opera_dataset\01000000\01002011_梅龙镇.pdf,01000000/01002011_梅龙镇.pdf,62507f36-aa22-4065-bb0f-f7de69f87e7c,1,【第一场】,19,dialogue,dialogue,正德帝,pdf_01000000__01002011___1a9416b419__char__612185295d,白,白,白,念白,正德帝,正是。,正德帝（白）正是。
pdf_01000000__01002011___1a9416b419,梅龙镇,pdf_01000000__01002011___1a9416b419__line__000019,pdf_01000000__01002011___1a9416b419__scene__001,01002011_梅龙镇.pdf,D:\University_studies\Junior\data_visualization\experiment\final_self\opera_dataset\01000000\01002011_梅龙镇.pdf,01000000/01002011_梅龙镇.pdf,62507f36-aa22-4065-bb0f-f7de69f87e7c,1,【第一场】,19,dialogue,dialogue,李凤姐,pdf_01000000__01002011___1a9416b419__char__53ea4bf90b,白,白,白,打；念白,李凤姐,打个哑迷你猜。,李凤姐（白）打个哑迷你猜。
pdf_01000000__01002011___1a9416b419,梅龙镇,pdf_01000000__01002011___1a9416b419__line__000019,pdf_01000000__01002011___1a9416b419__scene__001,01002011_梅龙镇.pdf,D:\University_studies\Junior\data_visualization\experiment\final_self\opera_dataset\01000000\01002011_梅龙镇.pdf,01000000/01002011_梅龙镇.pdf,62507f36-aa22-4065-bb0f-f7de69f87e7c,1,【第一场】,19,dialogue,dialogue,正德帝,pdf_01000000__01002011___1a9416b419__char__612185295d,白,白,白,来；念白,正德帝,你且讲来。,正德帝（白）你且讲来。
pdf_01000000__01002011___1a9416b419,梅龙镇,pdf_01000000__01002011___1a9416b419__line__000019,pdf_01000000__01002011___1a9416b419__scene__001,01002011_梅龙镇.pdf,D:\University_studies\Junior\data_visualization\experiment\final_self\opera_dataset\01000000\01002011_梅龙镇.pdf,01000000/01002011_梅龙镇.pdf,62507f36-aa22-4065-bb0f-f7de69f87e7c,1,【第一场】,19,dialogue,dialogue,李凤姐,pdf_01000000__01002011___1a9416b419__char__53ea4bf90b,白,白,白,坐；念白,李凤姐,坐船?,李凤姐（白）坐船?
pdf_01000000__01002011___1a9416b419,梅龙镇,pdf_01000000__01002011___1a9416b419__line__000019,pdf_01000000__01002011___1a9416b419__scene__001,01002011_梅龙镇.pdf,D:\University_studies\Junior\data_visualization\experiment\final_self\opera_dataset\01000000\01002011_梅龙镇.pdf,01000000/01002011_梅龙镇.pdf,62507f36-aa22-4065-bb0f-f7de69f87e7c,1,【第一场】,19,dialogue,dialogue,正德帝,pdf_01000000__01002011___1a9416b419__char__612185295d,白,白,白,念白,正德帝,船钱。,正德帝（白）船钱。
pdf_01000000__01002011___1a9416b419,梅龙镇,pdf_01000000__01002011___1a9416b419__line__000019,pdf_01000000__01002011___1a9416b419__scene__001,01002011_梅龙镇.pdf,D:\University_studies\Junior\data_visualization\experiment\final_self\opera_dataset\01000000\01002011_梅龙镇.pdf,01000000/01002011_梅龙镇.pdf,62507f36-aa22-4065-bb0f-f7de69f87e7c,1,【第一场】,19,dialogue,dialogue,李凤姐,pdf_01000000__01002011___1a9416b419__char__53ea4bf90b,白,白,白,念白,李凤姐,歇店?,李凤姐（白）歇店?
pdf_01000000__01002011___1a9416b419,梅龙镇,pdf_01000000__01002011___1a9416b419__line__000019,pdf_01000000__01002011___1a9416b419__scene__001,01002011_梅龙镇.pdf,D:\University_studies\Junior\data_visualization\experiment\final_self\opera_dataset\01000000\01002011_梅龙镇.pdf,01000000/01002011_梅龙镇.pdf,62507f36-aa22-4065-bb0f-f7de69f87e7c,1,【第一场】,19,dialogue,dialogue,正德帝,pdf_01000000__01002011___1a9416b419__char__612185295d,白,白,白,念白,正德帝,店钱。,正德帝（白）店钱。
pdf_01000000__01002011___1a9416b419,梅龙镇,pdf_01000000__01002011___1a9416b419__line__000019,pdf_01000000__01002011___1a9416b419__scene__001,01002011_梅龙镇.pdf,D:\University_studies\Junior\data_visualization\experiment\final_self\opera_dataset\01000000\01002011_梅龙镇.pdf,01000000/01002011_梅龙镇.pdf,62507f36-aa22-4065-bb0f-f7de69f87e7c,1,【第一场】,19,dialogue,dialogue,李凤姐,pdf_01000000__01002011___1a9416b419__char__53ea4bf90b,白,白,白,念白,李凤姐,军爷用酒。,李凤姐（白）军爷用酒。
pdf_01000000__01002011___1a9416b419,梅龙镇,pdf_01000000__01002011___1a9416b419__line__000019,pdf_01000000__01002011___1a9416b419__scene__001,01002011_梅龙镇.pdf,D:\University_studies\Junior\data_visualization\experiment\final_self\opera_dataset\01000000\01002011_梅龙镇.pdf,01000000/01002011_梅龙镇.pdf,62507f36-aa22-4065-bb0f-f7de69f87e7c,1,【第一场】,19,dialogue,dialogue,正德帝,pdf_01000000__01002011___1a9416b419__char__612185295d,白,白,白,念白,正德帝,酒后。,正德帝（白）酒后。
pdf_01000000__01002011___1a9416b419,梅龙镇,pdf_01000000__01002011___1a9416b419__line__000019,pdf_01000000__01002011___1a9416b419__scene__001,01002011_梅龙镇.pdf,D:\University_studies\Junior\data_visualization\experiment\final_self\opera_dataset\01000000\01002011_梅龙镇.pdf,01000000/01002011_梅龙镇.pdf,62507f36-aa22-4065-bb0f-f7de69f87e7c,1,【第一场】,19,dialogue,dialogue,李凤姐,pdf_01000000__01002011___1a9416b419__char__53ea4bf90b,白,白,白,念白,李凤姐,"哟啐,酒钱都不会说,说什么“酒后”。","李凤姐（白）哟啐,酒钱都不会说,说什么“酒后”。"
pdf_01000000__01002011___1a9416b419,梅龙镇,pdf_01000000__01002011___1a9416b419__line__000019,pdf_01000000__01002011___1a9416b419__scene__001,01002011_梅龙镇.pdf,D:\University_studies\Junior\data_visualization\experiment\final_self\opera_dataset\01000000\01002011_梅龙镇.pdf,01000000/01002011_梅龙镇.pdf,62507f36-aa22-4065-bb0f-f7de69f87e7c,1,【第一场】,19,dialogue,dialogue,正德帝,pdf_01000000__01002011___1a9416b419__char__612185295d,白,白,白,念白,正德帝,"听你之言,敢是要钱?","正德帝（白）听你之言,敢是要钱?"
pdf_01000000__01002011___1a9416b419,梅龙镇,pdf_01000000__01002011___1a9416b419__line__000019,pdf_01000000__01002011___1a9416b419__scene__001,01002011_梅龙镇.pdf,D:\University_studies\Junior\data_visualization\experiment\final_self\opera_dataset\01000000\01002011_梅龙镇.pdf,01000000/01002011_梅龙镇.pdf,62507f36-aa22-4065-bb0f-f7de69f87e7c,1,【第一场】,19,dialogue,dialogue,李凤姐,pdf_01000000__01002011___1a9416b419__char__53ea4bf90b,白,白,白,念白,李凤姐,我倒不要钱。,李凤姐（白）我倒不要钱。
pdf_01000000__01002011___1a9416b419,梅龙镇,pdf_01000000__01002011___1a9416b419__line__000019,pdf_01000000__01002011___1a9416b419__scene__001,01002011_梅龙镇.pdf,D:\University_studies\Junior\data_visualization\experiment\final_self\opera_dataset\01000000\01002011_梅龙镇.pdf,01000000/01002011_梅龙镇.pdf,62507f36-aa22-4065-bb0f-f7de69f87e7c,1,【第一场】,19,dialogue,dialogue,正德帝,pdf_01000000__01002011___1a9416b419__char__612185295d,白,白,白,念白,正德帝,哪个要钱?,正德帝（白）哪个要钱?
pdf_01000000__01002011___1a9416b419,梅龙镇,pdf_01000000__01002011___1a9416b419__line__000021,pdf_01000000__01002011___1a9416b419__scene__001,01002011_梅龙镇.pdf,D:\University_studies\Junior\data_visualization\experiment\final_self\opera_dataset\01000000\01002011_梅龙镇.pdf,01000000/01002011_梅龙镇.pdf,62507f36-aa22-4065-bb0f-f7de69f87e7c,1,【第一场】,21,dialogue,dialogue,李凤姐,pdf_01000000__01002011___1a9416b419__char__53ea4bf90b,白,白,白,来；问；念白,李凤姐,"我家哥哥回来,问我要钱。","李凤姐（白）我家哥哥回来,问我要钱。"
pdf_01000000__01002011___1a9416b419,梅龙镇,pdf_01000000__01002011___1a9416b419__line__000021,pdf_01000000__01002011___1a9416b419__scene__001,01002011_梅龙镇.pdf,D:\University_studies\Junior\data_visualization\experiment\final_self\opera_dataset\01000000\01002011_梅龙镇.pdf,01000000/01002011_梅龙镇.pdf,62507f36-aa22-4065-bb0f-f7de69f87e7c,1,【第一场】,21,dialogue,dialogue,正德帝,pdf_01000000__01002011___1a9416b419__char__612185295d,白,白,白,念白,正德帝,"你家哥哥要钱,就好讲话了,将帘卷起。","正德帝（白）你家哥哥要钱,就好讲话了,将帘卷起。"
pdf_01000000__01002011___1a9416b419,梅龙镇,pdf_01000000__01002011___1a9416b419__line__000021,pdf_01000000__01002011___1a9416b419__scene__001,01002011_梅龙镇.pdf,D:\University_studies\Junior\data_visualization\experiment\final_self\opera_dataset\01000000\01002011_梅龙镇.pdf,01000000/01002011_梅龙镇.pdf,62507f36-aa22-4065-bb0f-f7de69f87e7c,1,【第一场】,21,dialogue,dialogue,李凤姐,pdf_01000000__01002011___1a9416b419__char__53ea4bf90b,白,白,白,念白,李凤姐,是。,李凤姐（白）是。
pdf_01000000__01002011___1a9416b419,梅龙镇,pdf_01000000__01002011___1a9416b419__line__000021,pdf_01000000__01002011___1a9416b419__scene__001,01002011_梅龙镇.pdf,D:\University_studies\Junior\data_visualization\experiment\final_self\opera_dataset\01000000\01002011_梅龙镇.pdf,01000000/01002011_梅龙镇.pdf,62507f36-aa22-4065-bb0f-f7de69f87e7c,1,【第一场】,21,dialogue,dialogue,正德帝,pdf_01000000__01002011___1a9416b419__char__612185295d,二黄平板,唱,二黄平板,上,正德帝,"在身上取出了一锭银,交与大姐算酒钱。","正德帝（二黄平板）在身上取出了一锭银,交与大姐算酒钱。"
pdf_01000000__01002011___1a9416b419,梅龙镇,pdf_01000000__01002011___1a9416b419__line__000021,pdf_01000000__01002011___1a9416b419__scene__001,01002011_梅龙镇.pdf,D:\University_studies\Junior\data_visualization\experiment\final_self\opera_dataset\01000000\01002011_梅龙镇.pdf,01000000/01002011_梅龙镇.pdf,62507f36-aa22-4065-bb0f-f7de69f87e7c,1,【第一场】,21,dialogue,dialogue,李凤姐,pdf_01000000__01002011___1a9416b419__char__53ea4bf90b,白,白,白,上；念白,李凤姐,放在桌案上。,李凤姐（白）放在桌案上。
pdf_01000000__01002011___1a9416b419,梅龙镇,pdf_01000000__01002011___1a9416b419__line__000021,pdf_01000000__01002011___1a9416b419__scene__001,01002011_梅龙镇.pdf,D:\University_studies\Junior\data_visualization\experiment\final_self\opera_dataset\01000000\01002011_梅龙镇.pdf,01000000/01002011_梅龙镇.pdf,62507f36-aa22-4065-bb0f-f7de69f87e7c,1,【第一场】,21,dialogue,dialogue,正德帝,pdf_01000000__01002011___1a9416b419__char__612185295d,白,白,白,下；念白,正德帝,"桌子是滑的,银子是光的,滚在地下,那还了得?","正德帝（白）桌子是滑的,银子是光的,滚在地下,那还了得?"
pdf_01000000__01002011___1a9416b419,梅龙镇,pdf_01000000__01002011___1a9416b419__line__000021,pdf_01000000__01002011___1a9416b419__scene__001,01002011_梅龙镇.pdf,D:\University_studies\Junior\data_visualization\experiment\final_self\opera_dataset\01000000\01002011_梅龙镇.pdf,01000000/01002011_梅龙镇.pdf,62507f36-aa22-4065-bb0f-f7de69f87e7c,1,【第一场】,21,dialogue,dialogue,李凤姐,pdf_01000000__01002011___1a9416b419__char__53ea4bf90b,白,白,白,下；来；念白,李凤姐,"滚在地下,有我来捡。","李凤姐（白）滚在地下,有我来捡。"
pdf_01000000__01002011___1a9416b419,梅龙镇,pdf_01000000__01002011___1a9416b419__line__000021,pdf_01000000__01002011___1a9416b419__scene__001,01002011_梅龙镇.pdf,D:\University_studies\Junior\data_visualization\experiment\final_self\opera_dataset\01000000\01002011_梅龙镇.pdf,01000000/01002011_梅龙镇.pdf,62507f36-aa22-4065-bb0f-f7de69f87e7c,1,【第一场】,21,dialogue,dialogue,正德帝,pdf_01000000__01002011___1a9416b419__char__612185295d,白,白,白,念白,正德帝,我怕呀。,正德帝（白）我怕呀。
pdf_01000000__01002011___1a9416b419,梅龙镇,pdf_01000000__01002011___1a9416b419__line__000021,pdf_01000000__01002011___1a9416b419__scene__001,01002011_梅龙镇.pdf,D:\University_studies\Junior\data_visualization\experiment\final_self\opera_dataset\01000000\01002011_梅龙镇.pdf,01000000/01002011_梅龙镇.pdf,62507f36-aa22-4065-bb0f-f7de69f87e7c,1,【第一场】,21,dialogue,dialogue,李凤姐,pdf_01000000__01002011___1a9416b419__char__53ea4bf90b,白,白,白,念白,李凤姐,你怕什么?,李凤姐（白）你怕什么?
pdf_01000000__01002011___1a9416b419,梅龙镇,pdf_01000000__01002011___1a9416b419__line__000021,pdf_01000000__01002011___1a9416b419__scene__001,01002011_梅龙镇.pdf,D:\University_studies\Junior\data_visualization\experiment\final_self\opera_dataset\01000000\01002011_梅龙镇.pdf,01000000/01002011_梅龙镇.pdf,62507f36-aa22-4065-bb0f-f7de69f87e7c,1,【第一场】,21,dialogue,dialogue,正德帝,pdf_01000000__01002011___1a9416b419__char__612185295d,白,白,白,念白,正德帝,我怕伤了大姐的腰。,正德帝（白）我怕伤了大姐的腰。
pdf_01000000__01002011___1a9416b419,梅龙镇,pdf_01000000__01002011___1a9416b419__line__000021,pdf_01000000__01002011___1a9416b419__scene__001,01002011_梅龙镇.pdf,D:\University_studies\Junior\data_visualization\experiment\final_self\opera_dataset\01000000\01002011_梅龙镇.pdf,01000000/01002011_梅龙镇.pdf,62507f36-aa22-4065-bb0f-f7de69f87e7c,1,【第一场】,21,dialogue,dialogue,李凤姐,pdf_01000000__01002011___1a9416b419__char__53ea4bf90b,白,白,白,念白,李凤姐,"伤了我的腰,与你有什么相干?","李凤姐（白）伤了我的腰,与你有什么相干?"
pdf_01000000__01002011___1a9416b419,梅龙镇,pdf_01000000__01002011___1a9416b419__line__000021,pdf_01000000__01002011___1a9416b419__scene__001,01002011_梅龙镇.pdf,D:\University_studies\Junior\data_visualization\experiment\final_self\opera_dataset\01000000\01002011_梅龙镇.pdf,01000000/01002011_梅龙镇.pdf,62507f36-aa22-4065-bb0f-f7de69f87e7c,1,【第一场】,21,dialogue,dialogue,正德帝,pdf_01000000__01002011___1a9416b419__char__612185295d,白,白,白,念白,正德帝,我有些心痛。,正德帝（白）我有些心痛。
pdf_01000000__01002011___1a9416b419,梅龙镇,pdf_01000000__01002011___1a9416b419__line__000021,pdf_01000000__01002011___1a9416b419__scene__001,01002011_梅龙镇.pdf,D:\University_studies\Junior\data_visualization\experiment\final_self\opera_dataset\01000000\01002011_梅龙镇.pdf,01000000/01002011_梅龙镇.pdf,62507f36-aa22-4065-bb0f-f7de69f87e7c,1,【第一场】,21,dialogue,dialogue,李凤姐,pdf_01000000__01002011___1a9416b419__char__53ea4bf90b,白,白,白,来；念白,李凤姐,"我自己都不心痛,要你来心痛。","李凤姐（白）我自己都不心痛,要你来心痛。"
pdf_01000000__01002011___1a9416b419,梅龙镇,pdf_01000000__01002011___1a9416b419__line__000021,pdf_01000000__01002011___1a9416b419__scene__001,01002011_梅龙镇.pdf,D:\University_studies\Junior\data_visualization\experiment\final_self\opera_dataset\01000000\01002011_梅龙镇.pdf,01000000/01002011_梅龙镇.pdf,62507f36-aa22-4065-bb0f-f7de69f87e7c,1,【第一场】,21,dialogue,dialogue,正德帝,pdf_01000000__01002011___1a9416b419__char__612185295d,白,白,白,去；拿；念白,正德帝,"好不受抬举,拿去。","正德帝（白）好不受抬举,拿去。"
pdf_01000000__01002011___1a9416b419,梅龙镇,pdf_01000000__01002011___1a9416b419__line__000021,pdf_01000000__01002011___1a9416b419__scene__001,01002011_梅龙镇.pdf,D:\University_studies\Junior\data_visualization\experiment\final_self\opera_dataset\01000000\01002011_梅龙镇.pdf,01000000/01002011_梅龙镇.pdf,62507f36-aa22-4065-bb0f-f7de69f87e7c,1,【第一场】,21,dialogue,dialogue,李凤姐,pdf_01000000__01002011___1a9416b419__char__53ea4bf90b,白,白,白,念白,李凤姐,军爷敢是舍不得?,李凤姐（白）军爷敢是舍不得?
pdf_01000000__01002011___1a9416b419,梅龙镇,pdf_01000000__01002011___1a9416b419__line__000021,pdf_01000000__01002011___1a9416b419__scene__001,01002011_梅龙镇.pdf,D:\University_studies\Junior\data_visualization\experiment\final_self\opera_dataset\01000000\01002011_梅龙镇.pdf,01000000/01002011_梅龙镇.pdf,62507f36-aa22-4065-bb0f-f7de69f87e7c,1,【第一场】,21,dialogue,dialogue,正德帝,pdf_01000000__01002011___1a9416b419__char__612185295d,白,白,白,念白,正德帝,"我倒舍得,只怕大姐你舍不得。","正德帝（白）我倒舍得,只怕大姐你舍不得。"
pdf_01000000__01002011___1a9416b419,梅龙镇,pdf_01000000__01002011___1a9416b419__line__000021,pdf_01000000__01002011___1a9416b419__scene__001,01002011_梅龙镇.pdf,D:\University_studies\Junior\data_visualization\experiment\final_self\opera_dataset\01000000\01002011_梅龙镇.pdf,01000000/01002011_梅龙镇.pdf,62507f36-aa22-4065-bb0f-f7de69f87e7c,1,【第一场】,21,dialogue,dialogue,李凤姐,pdf_01000000__01002011___1a9416b419__char__53ea4bf90b,白,白,白,进；来；看；念白,李凤姐,"呵哈且住,看这军爷,有些不老实,待我来哄他一哄。呀,军爷进得我们店来,可曾看见一幅古画?","李凤姐（白）呵哈且住,看这军爷,有些不老实,待我来哄他一哄。呀,军爷进得我们店来,可曾看见一幅古画?"
pdf_01000000__01002011___1a9416b419,梅龙镇,pdf_01000000__01002011___1a9416b419__line__000021,pdf_01000000__01002011___1a9416b419__scene__001,01002011_梅龙镇.pdf,D:\University_studies\Junior\data_visualization\experiment\final_self\opera_dataset\01000000\01002011_梅龙镇.pdf,01000000/01002011_梅龙镇.pdf,62507f36-aa22-4065-bb0f-f7de69f87e7c,1,【第一场】,21,dialogue,dialogue,正德帝,pdf_01000000__01002011___1a9416b419__char__612185295d,白,白,白,念白,正德帝,"为君的最喜古画,古画在哪里?","正德帝（白）为君的最喜古画,古画在哪里?"
pdf_01000000__01002011___1a9416b419,梅龙镇,pdf_01000000__01002011___1a9416b419__line__000021,pdf_01000000__01002011___1a9416b419__scene__001,01002011_梅龙镇.pdf,D:\University_studies\Junior\data_visualization\experiment\final_self\opera_dataset\01000000\01002011_梅龙镇.pdf,01000000/01002011_梅龙镇.pdf,62507f36-aa22-4065-bb0f-f7de69f87e7c,1,【第一场】,21,dialogue,dialogue,李凤姐,pdf_01000000__01002011___1a9416b419__char__53ea4bf90b,白,白,白,上；念白,李凤姐,在墙上。,李凤姐（白）在墙上。
pdf_01000000__01002011___1a9416b419,梅龙镇,pdf_01000000__01002011___1a9416b419__line__000021,pdf_01000000__01002011___1a9416b419__scene__001,01002011_梅龙镇.pdf,D:\University_studies\Junior\data_visualization\experiment\final_self\opera_dataset\01000000\01002011_梅龙镇.pdf,01000000/01002011_梅龙镇.pdf,62507f36-aa22-4065-bb0f-f7de69f87e7c,1,【第一场】,21,dialogue,dialogue,正德帝,pdf_01000000__01002011___1a9416b419__char__612185295d,白,白,白,念白,正德帝,在哪里?,正德帝（白）在哪里?
pdf_01000000__01002011___1a9416b419,梅龙镇,pdf_01000000__01002011___1a9416b419__line__000021,pdf_01000000__01002011___1a9416b419__scene__001,01002011_梅龙镇.pdf,D:\University_studies\Junior\data_visualization\experiment\final_self\opera_dataset\01000000\01002011_梅龙镇.pdf,01000000/01002011_梅龙镇.pdf,62507f36-aa22-4065-bb0f-f7de69f87e7c,1,【第一场】,21,dialogue,dialogue,李凤姐,pdf_01000000__01002011___1a9416b419__char__53ea4bf90b,白,白,白,念白,李凤姐,在这里。,李凤姐（白）在这里。
pdf_01000000__01002011___1a9416b419,梅龙镇,pdf_01000000__01002011___1a9416b419__line__000021,pdf_01000000__01002011___1a9416b419__scene__001,01002011_梅龙镇.pdf,D:\University_studies\Junior\data_visualization\experiment\final_self\opera_dataset\01000000\01002011_梅龙镇.pdf,01000000/01002011_梅龙镇.pdf,62507f36-aa22-4065-bb0f-f7de69f87e7c,1,【第一场】,21,dialogue,dialogue,正德帝,pdf_01000000__01002011___1a9416b419__char__612185295d,白,白,白,去；念白,正德帝,被这丫头骗了去了。,正德帝（白）被这丫头骗了去了。
pdf_01000000__01002011___1a9416b419,梅龙镇,pdf_01000000__01002011___1a9416b419__line__000021,pdf_01000000__01002011___1a9416b419__scene__001,01002011_梅龙镇.pdf,D:\University_studies\Junior\data_visualization\experiment\final_self\opera_dataset\01000000\01002011_梅龙镇.pdf,01000000/01002011_梅龙镇.pdf,62507f36-aa22-4065-bb0f-f7de69f87e7c,1,【第一场】,21,dialogue,dialogue,李凤姐,pdf_01000000__01002011___1a9416b419__char__53ea4bf90b,二黄平板,唱,二黄平板,问,李凤姐,"李凤姐接过了一锭银,问声军爷几个人?","李凤姐（二黄平板）李凤姐接过了一锭银,问声军爷几个人?"
pdf_01000000__01002011___1a9416b419,梅龙镇,pdf_01000000__01002011___1a9416b419__line__000021,pdf_01000000__01002011___1a9416b419__scene__001,01002011_梅龙镇.pdf,D:\University_studies\Junior\data_visualization\experiment\final_self\opera_dataset\01000000\01002011_梅龙镇.pdf,01000000/01002011_梅龙镇.pdf,62507f36-aa22-4065-bb0f-f7de69f87e7c,1,【第一场】,21,dialogue,dialogue,正德帝,pdf_01000000__01002011___1a9416b419__char__612185295d,二黄平板,唱,二黄平板,,正德帝,"为君的一人一骑马,","正德帝（二黄平板）为君的一人一骑马,"
pdf_01000000__01002011___1a9416b419,梅龙镇,pdf_01000000__01002011___1a9416b419__line__000021,pdf_01000000__01002011___1a9416b419__scene__001,01002011_梅龙镇.pdf,D:\University_studies\Junior\data_visualization\experiment\final_self\opera_dataset\01000000\01002011_梅龙镇.pdf,01000000/01002011_梅龙镇.pdf,62507f36-aa22-4065-bb0f-f7de69f87e7c,1,【第一场】,21,dialogue,dialogue,李凤姐,pdf_01000000__01002011___1a9416b419__char__53ea4bf90b,二黄平板,唱,二黄平板,,李凤姐,一人用不了许多银。,李凤姐（二黄平板）一人用不了许多银。
pdf_01000000__01002011___1a9416b419,梅龙镇,pdf_01000000__01002011___1a9416b419__line__000021,pdf_01000000__01002011___1a9416b419__scene__001,01002011_梅龙镇.pdf,D:\University_studies\Junior\data_visualization\experiment\final_self\opera_dataset\01000000\01002011_梅龙镇.pdf,01000000/01002011_梅龙镇.pdf,62507f36-aa22-4065-bb0f-f7de69f87e7c,1,【第一场】,21,dialogue,dialogue,李凤姐,pdf_01000000__01002011___1a9416b419__char__53ea4bf90b,白,白,白,念白,李凤姐,军爷银子太多了。,李凤姐（白）军爷银子太多了。
pdf_01000000__01002011___1a9416b419,梅龙镇,pdf_01000000__01002011___1a9416b419__line__000021,pdf_01000000__01002011___1a9416b419__scene__001,01002011_梅龙镇.pdf,D:\University_studies\Junior\data_visualization\experiment\final_self\opera_dataset\01000000\01002011_梅龙镇.pdf,01000000/01002011_梅龙镇.pdf,62507f36-aa22-4065-bb0f-f7de69f87e7c,1,【第一场】,21,dialogue,dialogue,正德帝,pdf_01000000__01002011___1a9416b419__char__612185295d,白,白,白,念白,正德帝,"人的饭食,马的草料。","正德帝（白）人的饭食,马的草料。"
pdf_01000000__01002011___1a9416b419,梅龙镇,pdf_01000000__01002011___1a9416b419__line__000021,pdf_01000000__01002011___1a9416b419__scene__001,01002011_梅龙镇.pdf,D:\University_studies\Junior\data_visualization\experiment\final_self\opera_dataset\01000000\01002011_梅龙镇.pdf,01000000/01002011_梅龙镇.pdf,62507f36-aa22-4065-bb0f-f7de69f87e7c,1,【第一场】,21,dialogue,dialogue,李凤姐,pdf_01000000__01002011___1a9416b419__char__53ea4bf90b,白,白,白,念白,李凤姐,还多。,李凤姐（白）还多。
pdf_01000000__01002011___1a9416b419,梅龙镇,pdf_01000000__01002011___1a9416b419__line__000021,pdf_01000000__01002011___1a9416b419__scene__001,01002011_梅龙镇.pdf,D:\University_studies\Junior\data_visualization\experiment\final_self\opera_dataset\01000000\01002011_梅龙镇.pdf,01000000/01002011_梅龙镇.pdf,62507f36-aa22-4065-bb0f-f7de69f87e7c,1,【第一场】,21,dialogue,dialogue,正德帝,pdf_01000000__01002011___1a9416b419__char__612185295d,白,白,白,念白,正德帝,送与大姐买花戴。,正德帝（白）送与大姐买花戴。
pdf_01000000__01002011___1a9416b419,梅龙镇,pdf_01000000__01002011___1a9416b419__line__000021,pdf_01000000__01002011___1a9416b419__scene__001,01002011_梅龙镇.pdf,D:\University_studies\Junior\data_visualization\experiment\final_self\opera_dataset\01000000\01002011_梅龙镇.pdf,01000000/01002011_梅龙镇.pdf,62507f36-aa22-4065-bb0f-f7de69f87e7c,1,【第一场】,21,dialogue,dialogue,李凤姐,pdf_01000000__01002011___1a9416b419__char__53ea4bf90b,白,白,白,请；念白,李凤姐,"多谢军爷,军爷请呀。","李凤姐（白）多谢军爷,军爷请呀。"
pdf_01000000__01002011___1a9416b419,梅龙镇,pdf_01000000__01002011___1a9416b419__line__000021,pdf_01000000__01002011___1a9416b419__scene__001,01002011_梅龙镇.pdf,D:\University_studies\Junior\data_visualization\experiment\final_self\opera_dataset\01000000\01002011_梅龙镇.pdf,01000000/01002011_梅龙镇.pdf,62507f36-aa22-4065-bb0f-f7de69f87e7c,1,【第一场】,21,dialogue,dialogue,正德帝,pdf_01000000__01002011___1a9416b419__char__612185295d,白,白,白,请；念白,正德帝,请到哪里?,正德帝（白）请到哪里?
pdf_01000000__01002011___1a9416b419,梅龙镇,pdf_01000000__01002011___1a9416b419__line__000021,pdf_01000000__01002011___1a9416b419__scene__001,01002011_梅龙镇.pdf,D:\University_studies\Junior\data_visualization\experiment\final_self\opera_dataset\01000000\01002011_梅龙镇.pdf,01000000/01002011_梅龙镇.pdf,62507f36-aa22-4065-bb0f-f7de69f87e7c,1,【第一场】,21,dialogue,dialogue,李凤姐,pdf_01000000__01002011___1a9416b419__char__53ea4bf90b,白,白,白,请；念白,李凤姐,请到客堂。,李凤姐（白）请到客堂。
pdf_01000000__01002011___1a9416b419,梅龙镇,pdf_01000000__01002011___1a9416b419__line__000021,pdf_01000000__01002011___1a9416b419__scene__001,01002011_梅龙镇.pdf,D:\University_studies\Junior\data_visualization\experiment\final_self\opera_dataset\01000000\01002011_梅龙镇.pdf,01000000/01002011_梅龙镇.pdf,62507f36-aa22-4065-bb0f-f7de69f87e7c,1,【第一场】,21,dialogue,dialogue,正德帝,pdf_01000000__01002011___1a9416b419__char__612185295d,白,白,白,走；念白,正德帝,到你的卧房?走呀走呀!,正德帝（白）到你的卧房?走呀走呀!
pdf_01000000__01002011___1a9416b419,梅龙镇,pdf_01000000__01002011___1a9416b419__line__000021,pdf_01000000__01002011___1a9416b419__scene__001,01002011_梅龙镇.pdf,D:\University_studies\Junior\data_visualization\experiment\final_self\opera_dataset\01000000\01002011_梅龙镇.pdf,01000000/01002011_梅龙镇.pdf,62507f36-aa22-4065-bb0f-f7de69f87e7c,1,【第一场】,21,dialogue,dialogue,李凤姐,pdf_01000000__01002011___1a9416b419__char__53ea4bf90b,白,白,白,念白,李凤姐,"唉,客堂呵!","李凤姐（白）唉,客堂呵!"
pdf_01000000__01002011___1a9416b419,梅龙镇,pdf_01000000__01002011___1a9416b419__line__000021,pdf_01000000__01002011___1a9416b419__scene__001,01002011_梅龙镇.pdf,D:\University_studies\Junior\data_visualization\experiment\final_self\opera_dataset\01000000\01002011_梅龙镇.pdf,01000000/01002011_梅龙镇.pdf,62507f36-aa22-4065-bb0f-f7de69f87e7c,1,【第一场】,21,dialogue,dialogue,正德帝,pdf_01000000__01002011___1a9416b419__char__612185295d,白,白,白,念白,正德帝,"噢,客堂呀。","正德帝（白）噢,客堂呀。"
pdf_01000000__01002011___1a9416b419,梅龙镇,pdf_01000000__01002011___1a9416b419__line__000021,pdf_01000000__01002011___1a9416b419__scene__001,01002011_梅龙镇.pdf,D:\University_studies\Junior\data_visualization\experiment\final_self\opera_dataset\01000000\01002011_梅龙镇.pdf,01000000/01002011_梅龙镇.pdf,62507f36-aa22-4065-bb0f-f7de69f87e7c,1,【第一场】,21,dialogue,dialogue,李凤姐,pdf_01000000__01002011___1a9416b419__char__53ea4bf90b,白,白,白,念白,李凤姐,这就是我的卧房。,李凤姐（白）这就是我的卧房。
pdf_01000000__01002011___1a9416b419,梅龙镇,pdf_01000000__01002011___1a9416b419__line__000021,pdf_01000000__01002011___1a9416b419__scene__001,01002011_梅龙镇.pdf,D:\University_studies\Junior\data_visualization\experiment\final_self\opera_dataset\01000000\01002011_梅龙镇.pdf,01000000/01002011_梅龙镇.pdf,62507f36-aa22-4065-bb0f-f7de69f87e7c,1,【第一场】,21,dialogue,dialogue,正德帝,pdf_01000000__01002011___1a9416b419__char__612185295d,白,白,白,走；念白,正德帝,我正要到你的卧房走走。,正德帝（白）我正要到你的卧房走走。
pdf_01000000__01002011___1a9416b419,梅龙镇,pdf_01000000__01002011___1a9416b419__line__000021,pdf_01000000__01002011___1a9416b419__scene__001,01002011_梅龙镇.pdf,D:\University_studies\Junior\data_visualization\experiment\final_self\opera_dataset\01000000\01002011_梅龙镇.pdf,01000000/01002011_梅龙镇.pdf,62507f36-aa22-4065-bb0f-f7de69f87e7c,1,【第一场】,21,dialogue,dialogue,李凤姐,pdf_01000000__01002011___1a9416b419__char__53ea4bf90b,白,白,白,念白,李凤姐,"噢,你可晓得男女授受不亲啊!","李凤姐（白）噢,你可晓得男女授受不亲啊!"
pdf_01000000__01002011___1a9416b419,梅龙镇,pdf_01000000__01002011___1a9416b419__line__000021,pdf_01000000__01002011___1a9416b419__scene__001,01002011_梅龙镇.pdf,D:\University_studies\Junior\data_visualization\experiment\final_self\opera_dataset\01000000\01002011_梅龙镇.pdf,01000000/01002011_梅龙镇.pdf,62507f36-aa22-4065-bb0f-f7de69f87e7c,1,【第一场】,21,dialogue,dialogue,正德帝,pdf_01000000__01002011___1a9416b419__char__612185295d,白,白,白,念白,正德帝,这丫头也晓得男女授受不亲啊!,正德帝（白）这丫头也晓得男女授受不亲啊!
pdf_01000000__01002011___1a9416b419,梅龙镇,pdf_01000000__01002011___1a9416b419__line__000021,pdf_01000000__01002011___1a9416b419__scene__001,01002011_梅龙镇.pdf,D:\University_studies\Junior\data_visualization\experiment\final_self\opera_dataset\01000000\01002011_梅龙镇.pdf,01000000/01002011_梅龙镇.pdf,62507f36-aa22-4065-bb0f-f7de69f87e7c,1,【第一场】,21,dialogue,dialogue,正德帝,pdf_01000000__01002011___1a9416b419__char__612185295d,白,白,白,上；念白,正德帝,梅龙镇上好紧的门户呀!,正德帝（白）梅龙镇上好紧的门户呀!
pdf_01000000__01002011___1a9416b419,梅龙镇,pdf_01000000__01002011___1a9416b419__line__000021,pdf_01000000__01002011___1a9416b419__scene__001,01002011_梅龙镇.pdf,D:\University_studies\Junior\data_visualization\experiment\final_self\opera_dataset\01000000\01002011_梅龙镇.pdf,01000000/01002011_梅龙镇.pdf,62507f36-aa22-4065-bb0f-f7de69f87e7c,1,【第一场】,21,dialogue,dialogue,李凤姐,pdf_01000000__01002011___1a9416b419__char__53ea4bf90b,白,白,白,念白,李凤姐,呀!,李凤姐（白）呀!
pdf_01000000__01002011___1a9416b419,梅龙镇,pdf_01000000__01002011___1a9416b419__line__000021,pdf_01000000__01002011___1a9416b419__scene__001,01002011_梅龙镇.pdf,D:\University_studies\Junior\data_visualization\experiment\final_self\opera_dataset\01000000\01002011_梅龙镇.pdf,01000000/01002011_梅龙镇.pdf,62507f36-aa22-4065-bb0f-f7de69f87e7c,1,【第一场】,21,dialogue,dialogue,正德帝,pdf_01000000__01002011___1a9416b419__char__612185295d,白,白,白,念白,正德帝,大姐你好紧呀!,正德帝（白）大姐你好紧呀!
pdf_01000000__01002011___1a9416b419,梅龙镇,pdf_01000000__01002011___1a9416b419__line__000021,pdf_01000000__01002011___1a9416b419__scene__001,01002011_梅龙镇.pdf,D:\University_studies\Junior\data_visualization\experiment\final_self\opera_dataset\01000000\01002011_梅龙镇.pdf,01000000/01002011_梅龙镇.pdf,62507f36-aa22-4065-bb0f-f7de69f87e7c,1,【第一场】,21,dialogue,dialogue,李凤姐,pdf_01000000__01002011___1a9416b419__char__53ea4bf90b,白,白,白,念白,李凤姐,哟啐!,李凤姐（白）哟啐!
pdf_01000000__01002011___1a9416b419,梅龙镇,pdf_01000000__01002011___1a9416b419__line__000023,pdf_01000000__01002011___1a9416b419__scene__001,01002011_梅龙镇.pdf,D:\University_studies\Junior\data_visualization\experiment\final_self\opera_dataset\01000000\01002011_梅龙镇.pdf,01000000/01002011_梅龙镇.pdf,62507f36-aa22-4065-bb0f-f7de69f87e7c,1,【第一场】,23,dialogue,dialogue,正德帝,pdf_01000000__01002011___1a9416b419__char__612185295d,白,白,白,上；念白,正德帝,"这梅龙镇上,好高大的房子啊!","正德帝（白）这梅龙镇上,好高大的房子啊!"
pdf_01000000__01002011___1a9416b419,梅龙镇,pdf_01000000__01002011___1a9416b419__line__000023,pdf_01000000__01002011___1a9416b419__scene__001,01002011_梅龙镇.pdf,D:\University_studies\Junior\data_visualization\experiment\final_self\opera_dataset\01000000\01002011_梅龙镇.pdf,01000000/01002011_梅龙镇.pdf,62507f36-aa22-4065-bb0f-f7de69f87e7c,1,【第一场】,23,dialogue,dialogue,李凤姐,pdf_01000000__01002011___1a9416b419__char__53ea4bf90b,白,白,白,打；念白,李凤姐,"房子房子,打你一盘子!","李凤姐（白）房子房子,打你一盘子!"
pdf_01000000__01002011___1a9416b419,梅龙镇,pdf_01000000__01002011___1a9416b419__line__000023,pdf_01000000__01002011___1a9416b419__scene__001,01002011_梅龙镇.pdf,D:\University_studies\Junior\data_visualization\experiment\final_self\opera_dataset\01000000\01002011_梅龙镇.pdf,01000000/01002011_梅龙镇.pdf,62507f36-aa22-4065-bb0f-f7de69f87e7c,1,【第一场】,23,dialogue,dialogue,正德帝,pdf_01000000__01002011___1a9416b419__char__612185295d,白,白,白,来；念白,正德帝,怎么骂起来了?,正德帝（白）怎么骂起来了?
pdf_01000000__01002011___1a9416b419,梅龙镇,pdf_01000000__01002011___1a9416b419__line__000023,pdf_01000000__01002011___1a9416b419__scene__001,01002011_梅龙镇.pdf,D:\University_studies\Junior\data_visualization\experiment\final_self\opera_dataset\01000000\01002011_梅龙镇.pdf,01000000/01002011_梅龙镇.pdf,62507f36-aa22-4065-bb0f-f7de69f87e7c,1,【第一场】,23,dialogue,dialogue,李凤姐,pdf_01000000__01002011___1a9416b419__char__53ea4bf90b,白,白,白,上；下；进；来；看；念白,李凤姐,"想你进得我们店来,上也瞧瞧,下也瞧瞧,想我们女人之家,有什么好看?","李凤姐（白）想你进得我们店来,上也瞧瞧,下也瞧瞧,想我们女人之家,有什么好看?"
pdf_01000000__01002011___1a9416b419,梅龙镇,pdf_01000000__01002011___1a9416b419__line__000023,pdf_01000000__01002011___1a9416b419__scene__001,01002011_梅龙镇.pdf,D:\University_studies\Junior\data_visualization\experiment\final_self\opera_dataset\01000000\01002011_梅龙镇.pdf,01000000/01002011_梅龙镇.pdf,62507f36-aa22-4065-bb0f-f7de69f87e7c,1,【第一场】,23,dialogue,dialogue,正德帝,pdf_01000000__01002011___1a9416b419__char__612185295d,白,白,白,看；念白,正德帝,"大姐长得好看,为君的爱看。","正德帝（白）大姐长得好看,为君的爱看。"
pdf_01000000__01002011___1a9416b419,梅龙镇,pdf_01000000__01002011___1a9416b419__line__000023,pdf_01000000__01002011___1a9416b419__scene__001,01002011_梅龙镇.pdf,D:\University_studies\Junior\data_visualization\experiment\final_self\opera_dataset\01000000\01002011_梅龙镇.pdf,01000000/01002011_梅龙镇.pdf,62507f36-aa22-4065-bb0f-f7de69f87e7c,1,【第一场】,23,dialogue,dialogue,李凤姐,pdf_01000000__01002011___1a9416b419__char__53ea4bf90b,白,白,白,看；念白,李凤姐,"军爷爱看,你就看了几看。","李凤姐（白）军爷爱看,你就看了几看。"
pdf_01000000__01002011___1a9416b419,梅龙镇,pdf_01000000__01002011___1a9416b419__line__000023,pdf_01000000__01002011___1a9416b419__scene__001,01002011_梅龙镇.pdf,D:\University_studies\Junior\data_visualization\experiment\final_self\opera_dataset\01000000\01002011_梅龙镇.pdf,01000000/01002011_梅龙镇.pdf,62507f36-aa22-4065-bb0f-f7de69f87e7c,1,【第一场】,23,dialogue,dialogue,正德帝,pdf_01000000__01002011___1a9416b419__char__612185295d,白,白,白,上；看；念白,正德帝,"大姐大方了,我倒要仔细看上几看,好!","正德帝（白）大姐大方了,我倒要仔细看上几看,好!"
pdf_01000000__01002011___1a9416b419,梅龙镇,pdf_01000000__01002011___1a9416b419__line__000023,pdf_01000000__01002011___1a9416b419__scene__001,01002011_梅龙镇.pdf,D:\University_studies\Junior\data_visualization\experiment\final_self\opera_dataset\01000000\01002011_梅龙镇.pdf,01000000/01002011_梅龙镇.pdf,62507f36-aa22-4065-bb0f-f7de69f87e7c,1,【第一场】,23,dialogue,dialogue,李凤姐,pdf_01000000__01002011___1a9416b419__char__53ea4bf90b,白,白,白,看；念白,李凤姐,再看看。,李凤姐（白）再看看。
pdf_01000000__01002011___1a9416b419,梅龙镇,pdf_01000000__01002011___1a9416b419__line__000023,pdf_01000000__01002011___1a9416b419__scene__001,01002011_梅龙镇.pdf,D:\University_studies\Junior\data_visualization\experiment\final_self\opera_dataset\01000000\01002011_梅龙镇.pdf,01000000/01002011_梅龙镇.pdf,62507f36-aa22-4065-bb0f-f7de69f87e7c,1,【第一场】,23,dialogue,dialogue,正德帝,pdf_01000000__01002011___1a9416b419__char__612185295d,白,白,白,看；念白,正德帝,"好,我就再看看。好好好!","正德帝（白）好,我就再看看。好好好!"
pdf_01000000__01002011___1a9416b419,梅龙镇,pdf_01000000__01002011___1a9416b419__line__000023,pdf_01000000__01002011___1a9416b419__scene__001,01002011_梅龙镇.pdf,D:\University_studies\Junior\data_visualization\experiment\final_self\opera_dataset\01000000\01002011_梅龙镇.pdf,01000000/01002011_梅龙镇.pdf,62507f36-aa22-4065-bb0f-f7de69f87e7c,1,【第一场】,23,dialogue,dialogue,李凤姐,pdf_01000000__01002011___1a9416b419__char__53ea4bf90b,白,白,白,看；念白,李凤姐,再看看。,李凤姐（白）再看看。
pdf_01000000__01002011___1a9416b419,梅龙镇,pdf_01000000__01002011___1a9416b419__line__000023,pdf_01000000__01002011___1a9416b419__scene__001,01002011_梅龙镇.pdf,D:\University_studies\Junior\data_visualization\experiment\final_self\opera_dataset\01000000\01002011_梅龙镇.pdf,01000000/01002011_梅龙镇.pdf,62507f36-aa22-4065-bb0f-f7de69f87e7c,1,【第一场】,23,dialogue,dialogue,正德帝,pdf_01000000__01002011___1a9416b419__char__612185295d,白,白,白,看；念白,正德帝,不用看。,正德帝（白）不用看。
pdf_01000000__01002011___1a9416b419,梅龙镇,pdf_01000000__01002011___1a9416b419__line__000023,pdf_01000000__01002011___1a9416b419__scene__001,01002011_梅龙镇.pdf,D:\University_studies\Junior\data_visualization\experiment\final_self\opera_dataset\01000000\01002011_梅龙镇.pdf,01000000/01002011_梅龙镇.pdf,62507f36-aa22-4065-bb0f-f7de69f87e7c,1,【第一场】,23,dialogue,dialogue,李凤姐,pdf_01000000__01002011___1a9416b419__char__53ea4bf90b,白,白,白,看；念白,李凤姐,"我看你是我们店里的客人,要不是我们店里的客人,我就要骂你!","李凤姐（白）我看你是我们店里的客人,要不是我们店里的客人,我就要骂你!"
pdf_01000000__01002011___1a9416b419,梅龙镇,pdf_01000000__01002011___1a9416b419__line__000023,pdf_01000000__01002011___1a9416b419__scene__001,01002011_梅龙镇.pdf,D:\University_studies\Junior\data_visualization\experiment\final_self\opera_dataset\01000000\01002011_梅龙镇.pdf,01000000/01002011_梅龙镇.pdf,62507f36-aa22-4065-bb0f-f7de69f87e7c,1,【第一场】,23,dialogue,dialogue,正德帝,pdf_01000000__01002011___1a9416b419__char__612185295d,白,白,白,来；念白,正德帝,怎么骂起来了?,正德帝（白）怎么骂起来了?
pdf_01000000__01002011___1a9416b419,梅龙镇,pdf_01000000__01002011___1a9416b419__line__000023,pdf_01000000__01002011___1a9416b419__scene__001,01002011_梅龙镇.pdf,D:\University_studies\Junior\data_visualization\experiment\final_self\opera_dataset\01000000\01002011_梅龙镇.pdf,01000000/01002011_梅龙镇.pdf,62507f36-aa22-4065-bb0f-f7de69f87e7c,1,【第一场】,23,dialogue,dialogue,李凤姐,pdf_01000000__01002011___1a9416b419__char__53ea4bf90b,白,白,白,打；念白,李凤姐,"不但骂你,还要打你!","李凤姐（白）不但骂你,还要打你!"
pdf_01000000__01002011___1a9416b419,梅龙镇,pdf_01000000__01002011___1a9416b419__line__000023,pdf_01000000__01002011___1a9416b419__scene__001,01002011_梅龙镇.pdf,D:\University_studies\Junior\data_visualization\experiment\final_self\opera_dataset\01000000\01002011_梅龙镇.pdf,01000000/01002011_梅龙镇.pdf,62507f36-aa22-4065-bb0f-f7de69f87e7c,1,【第一场】,23,dialogue,dialogue,正德帝,pdf_01000000__01002011___1a9416b419__char__612185295d,白,白,白,上；下；来；打；念白,正德帝,"为君的出世以来,并无人打我。大姐爱打,你就打上几下。","正德帝（白）为君的出世以来,并无人打我。大姐爱打,你就打上几下。"
pdf_01000000__01002011___1a9416b419,梅龙镇,pdf_01000000__01002011___1a9416b419__line__000023,pdf_01000000__01002011___1a9416b419__scene__001,01002011_梅龙镇.pdf,D:\University_studies\Junior\data_visualization\experiment\final_self\opera_dataset\01000000\01002011_梅龙镇.pdf,01000000/01002011_梅龙镇.pdf,62507f36-aa22-4065-bb0f-f7de69f87e7c,1,【第一场】,23,dialogue,dialogue,李凤姐,pdf_01000000__01002011___1a9416b419__char__53ea4bf90b,白,白,白,打；念白,李凤姐,"军爷让我打,我就打。啊,不打了。","李凤姐（白）军爷让我打,我就打。啊,不打了。"
pdf_01000000__01002011___1a9416b419,梅龙镇,pdf_01000000__01002011___1a9416b419__line__000023,pdf_01000000__01002011___1a9416b419__scene__001,01002011_梅龙镇.pdf,D:\University_studies\Junior\data_visualization\experiment\final_self\opera_dataset\01000000\01002011_梅龙镇.pdf,01000000/01002011_梅龙镇.pdf,62507f36-aa22-4065-bb0f-f7de69f87e7c,1,【第一场】,23,dialogue,dialogue,正德帝,pdf_01000000__01002011___1a9416b419__char__612185295d,白,白,白,打；念白,正德帝,怎么不打了?,正德帝（白）怎么不打了?
pdf_01000000__01002011___1a9416b419,梅龙镇,pdf_01000000__01002011___1a9416b419__line__000023,pdf_01000000__01002011___1a9416b419__scene__001,01002011_梅龙镇.pdf,D:\University_studies\Junior\data_visualization\experiment\final_self\opera_dataset\01000000\01002011_梅龙镇.pdf,01000000/01002011_梅龙镇.pdf,62507f36-aa22-4065-bb0f-f7de69f87e7c,1,【第一场】,23,dialogue,dialogue,李凤姐,pdf_01000000__01002011___1a9416b419__char__53ea4bf90b,白,白,白,念白,李凤姐,恐军爷着恼。,李凤姐（白）恐军爷着恼。
pdf_01000000__01002011___1a9416b419,梅龙镇,pdf_01000000__01002011___1a9416b419__line__000023,pdf_01000000__01002011___1a9416b419__scene__001,01002011_梅龙镇.pdf,D:\University_studies\Junior\data_visualization\experiment\final_self\opera_dataset\01000000\01002011_梅龙镇.pdf,01000000/01002011_梅龙镇.pdf,62507f36-aa22-4065-bb0f-f7de69f87e7c,1,【第一场】,23,dialogue,dialogue,正德帝,pdf_01000000__01002011___1a9416b419__char__612185295d,白,白,白,念白,正德帝,为君不恼就是。,正德帝（白）为君不恼就是。
pdf_01000000__01002011___1a9416b419,梅龙镇,pdf_01000000__01002011___1a9416b419__line__000023,pdf_01000000__01002011___1a9416b419__scene__001,01002011_梅龙镇.pdf,D:\University_studies\Junior\data_visualization\experiment\final_self\opera_dataset\01000000\01002011_梅龙镇.pdf,01000000/01002011_梅龙镇.pdf,62507f36-aa22-4065-bb0f-f7de69f87e7c,1,【第一场】,23,dialogue,dialogue,李凤姐,pdf_01000000__01002011___1a9416b419__char__53ea4bf90b,白,白,白,打；念白,李凤姐,"军爷不恼,我就打打打,哈哈哈......","李凤姐（白）军爷不恼,我就打打打,哈哈哈......"
pdf_01000000__01002011___1a9416b419,梅龙镇,pdf_01000000__01002011___1a9416b419__line__000023,pdf_01000000__01002011___1a9416b419__scene__001,01002011_梅龙镇.pdf,D:\University_studies\Junior\data_visualization\experiment\final_self\opera_dataset\01000000\01002011_梅龙镇.pdf,01000000/01002011_梅龙镇.pdf,62507f36-aa22-4065-bb0f-f7de69f87e7c,1,【第一场】,23,dialogue,dialogue,正德帝,pdf_01000000__01002011___1a9416b419__char__612185295d,二黄平板,唱,二黄平板,,李凤姐；正德帝,"好一个聪明李凤姐,他与为君嬉耍玩。孤忙将木马连三响,","正德帝（二黄平板）好一个聪明李凤姐,他与为君嬉耍玩。孤忙将木马连三响,"
pdf_01000000__01002011___1a9416b419,梅龙镇,pdf_01000000__01002011___1a9416b419__line__000023,pdf_01000000__01002011___1a9416b419__scene__001,01002011_梅龙镇.pdf,D:\University_studies\Junior\data_visualization\experiment\final_self\opera_dataset\01000000\01002011_梅龙镇.pdf,01000000/01002011_梅龙镇.pdf,62507f36-aa22-4065-bb0f-f7de69f87e7c,1,【第一场】,23,dialogue,dialogue,李凤姐,pdf_01000000__01002011___1a9416b419__char__53ea4bf90b,二黄平板,唱,二黄平板,,李凤姐,想是茶寒酒又凉。,李凤姐（二黄平板）想是茶寒酒又凉。
pdf_01000000__01002011___1a9416b419,梅龙镇,pdf_01000000__01002011___1a9416b419__line__000023,pdf_01000000__01002011___1a9416b419__scene__001,01002011_梅龙镇.pdf,D:\University_studies\Junior\data_visualization\experiment\final_self\opera_dataset\01000000\01002011_梅龙镇.pdf,01000000/01002011_梅龙镇.pdf,62507f36-aa22-4065-bb0f-f7de69f87e7c,1,【第一场】,23,dialogue,dialogue,正德帝,pdf_01000000__01002011___1a9416b419__char__612185295d,白,白,白,念白,正德帝,"酒保,酒保!","正德帝（白）酒保,酒保!"
pdf_01000000__01002011___1a9416b419,梅龙镇,pdf_01000000__01002011___1a9416b419__line__000023,pdf_01000000__01002011___1a9416b419__scene__001,01002011_梅龙镇.pdf,D:\University_studies\Junior\data_visualization\experiment\final_self\opera_dataset\01000000\01002011_梅龙镇.pdf,01000000/01002011_梅龙镇.pdf,62507f36-aa22-4065-bb0f-f7de69f87e7c,1,【第一场】,23,dialogue,dialogue,李凤姐,pdf_01000000__01002011___1a9416b419__char__53ea4bf90b,白,白,白,念白,李凤姐,军爷可是茶寒?,李凤姐（白）军爷可是茶寒?
pdf_01000000__01002011___1a9416b419,梅龙镇,pdf_01000000__01002011___1a9416b419__line__000023,pdf_01000000__01002011___1a9416b419__scene__001,01002011_梅龙镇.pdf,D:\University_studies\Junior\data_visualization\experiment\final_self\opera_dataset\01000000\01002011_梅龙镇.pdf,01000000/01002011_梅龙镇.pdf,62507f36-aa22-4065-bb0f-f7de69f87e7c,1,【第一场】,23,dialogue,dialogue,正德帝,pdf_01000000__01002011___1a9416b419__char__612185295d,白,白,白,念白,正德帝,茶也不寒。,正德帝（白）茶也不寒。
pdf_01000000__01002011___1a9416b419,梅龙镇,pdf_01000000__01002011___1a9416b419__line__000023,pdf_01000000__01002011___1a9416b419__scene__001,01002011_梅龙镇.pdf,D:\University_studies\Junior\data_visualization\experiment\final_self\opera_dataset\01000000\01002011_梅龙镇.pdf,01000000/01002011_梅龙镇.pdf,62507f36-aa22-4065-bb0f-f7de69f87e7c,1,【第一场】,23,dialogue,dialogue,李凤姐,pdf_01000000__01002011___1a9416b419__char__53ea4bf90b,白,白,白,念白,李凤姐,酒凉了?,李凤姐（白）酒凉了?
pdf_01000000__01002011___1a9416b419,梅龙镇,pdf_01000000__01002011___1a9416b419__line__000023,pdf_01000000__01002011___1a9416b419__scene__001,01002011_梅龙镇.pdf,D:\University_studies\Junior\data_visualization\experiment\final_self\opera_dataset\01000000\01002011_梅龙镇.pdf,01000000/01002011_梅龙镇.pdf,62507f36-aa22-4065-bb0f-f7de69f87e7c,1,【第一场】,23,dialogue,dialogue,正德帝,pdf_01000000__01002011___1a9416b419__char__612185295d,白,白,白,念白,正德帝,酒也不凉。,正德帝（白）酒也不凉。
pdf_01000000__01002011___1a9416b419,梅龙镇,pdf_01000000__01002011___1a9416b419__line__000023,pdf_01000000__01002011___1a9416b419__scene__001,01002011_梅龙镇.pdf,D:\University_studies\Junior\data_visualization\experiment\final_self\opera_dataset\01000000\01002011_梅龙镇.pdf,01000000/01002011_梅龙镇.pdf,62507f36-aa22-4065-bb0f-f7de69f87e7c,1,【第一场】,23,dialogue,dialogue,李凤姐,pdf_01000000__01002011___1a9416b419__char__53ea4bf90b,白,白,白,打；念白,李凤姐,"茶也不寒,酒也不凉,将我们桌儿敲敲打打,打坏了是要你赔的!","李凤姐（白）茶也不寒,酒也不凉,将我们桌儿敲敲打打,打坏了是要你赔的!"
pdf_01000000__01002011___1a9416b419,梅龙镇,pdf_01000000__01002011___1a9416b419__line__000023,pdf_01000000__01002011___1a9416b419__scene__001,01002011_梅龙镇.pdf,D:\University_studies\Junior\data_visualization\experiment\final_self\opera_dataset\01000000\01002011_梅龙镇.pdf,01000000/01002011_梅龙镇.pdf,62507f36-aa22-4065-bb0f-f7de69f87e7c,1,【第一场】,23,dialogue,dialogue,正德帝,pdf_01000000__01002011___1a9416b419__char__612185295d,白,白,白,念白,正德帝,"慢说一个桌儿,就是一个人儿,亦包得起。","正德帝（白）慢说一个桌儿,就是一个人儿,亦包得起。"
pdf_01000000__01002011___1a9416b419,梅龙镇,pdf_01000000__01002011___1a9416b419__line__000023,pdf_01000000__01002011___1a9416b419__scene__001,01002011_梅龙镇.pdf,D:\University_studies\Junior\data_visualization\experiment\final_self\opera_dataset\01000000\01002011_梅龙镇.pdf,01000000/01002011_梅龙镇.pdf,62507f36-aa22-4065-bb0f-f7de69f87e7c,1,【第一场】,23,dialogue,dialogue,李凤姐,pdf_01000000__01002011___1a9416b419__char__53ea4bf90b,白,白,白,念白,李凤姐,你包哪一个?,李凤姐（白）你包哪一个?
pdf_01000000__01002011___1a9416b419,梅龙镇,pdf_01000000__01002011___1a9416b419__line__000023,pdf_01000000__01002011___1a9416b419__scene__001,01002011_梅龙镇.pdf,D:\University_studies\Junior\data_visualization\experiment\final_self\opera_dataset\01000000\01002011_梅龙镇.pdf,01000000/01002011_梅龙镇.pdf,62507f36-aa22-4065-bb0f-f7de69f87e7c,1,【第一场】,23,dialogue,dialogue,正德帝,pdf_01000000__01002011___1a9416b419__char__612185295d,白,白,白,念白,正德帝,包这个桌儿啊。,正德帝（白）包这个桌儿啊。
pdf_01000000__01002011___1a9416b419,梅龙镇,pdf_01000000__01002011___1a9416b419__line__000023,pdf_01000000__01002011___1a9416b419__scene__001,01002011_梅龙镇.pdf,D:\University_studies\Junior\data_visualization\experiment\final_self\opera_dataset\01000000\01002011_梅龙镇.pdf,01000000/01002011_梅龙镇.pdf,62507f36-aa22-4065-bb0f-f7de69f87e7c,1,【第一场】,23,dialogue,dialogue,李凤姐,pdf_01000000__01002011___1a9416b419__char__53ea4bf90b,白,白,白,念白,李凤姐,话要讲明白了。,李凤姐（白）话要讲明白了。
pdf_01000000__01002011___1a9416b419,梅龙镇,pdf_01000000__01002011___1a9416b419__line__000023,pdf_01000000__01002011___1a9416b419__scene__001,01002011_梅龙镇.pdf,D:\University_studies\Junior\data_visualization\experiment\final_self\opera_dataset\01000000\01002011_梅龙镇.pdf,01000000/01002011_梅龙镇.pdf,62507f36-aa22-4065-bb0f-f7de69f87e7c,1,【第一场】,23,dialogue,dialogue,正德帝,pdf_01000000__01002011___1a9416b419__char__612185295d,白,白,白,念白,正德帝,讲得明白。,正德帝（白）讲得明白。
pdf_01000000__01002011___1a9416b419,梅龙镇,pdf_01000000__01002011___1a9416b419__line__000023,pdf_01000000__01002011___1a9416b419__scene__001,01002011_梅龙镇.pdf,D:\University_studies\Junior\data_visualization\experiment\final_self\opera_dataset\01000000\01002011_梅龙镇.pdf,01000000/01002011_梅龙镇.pdf,62507f36-aa22-4065-bb0f-f7de69f87e7c,1,【第一场】,23,dialogue,dialogue,李凤姐,pdf_01000000__01002011___1a9416b419__char__53ea4bf90b,白,白,白,念白,李凤姐,军爷讲些什么?,李凤姐（白）军爷讲些什么?
pdf_01000000__01002011___1a9416b419,梅龙镇,pdf_01000000__01002011___1a9416b419__line__000023,pdf_01000000__01002011___1a9416b419__scene__001,01002011_梅龙镇.pdf,D:\University_studies\Junior\data_visualization\experiment\final_self\opera_dataset\01000000\01002011_梅龙镇.pdf,01000000/01002011_梅龙镇.pdf,62507f36-aa22-4065-bb0f-f7de69f87e7c,1,【第一场】,23,dialogue,dialogue,正德帝,pdf_01000000__01002011___1a9416b419__char__612185295d,白,白,白,念白,正德帝,这酒席是哪个摆的?,正德帝（白）这酒席是哪个摆的?
pdf_01000000__01002011___1a9416b419,梅龙镇,pdf_01000000__01002011___1a9416b419__line__000023,pdf_01000000__01002011___1a9416b419__scene__001,01002011_梅龙镇.pdf,D:\University_studies\Junior\data_visualization\experiment\final_self\opera_dataset\01000000\01002011_梅龙镇.pdf,01000000/01002011_梅龙镇.pdf,62507f36-aa22-4065-bb0f-f7de69f87e7c,1,【第一场】,23,dialogue,dialogue,李凤姐,pdf_01000000__01002011___1a9416b419__char__53ea4bf90b,白,白,白,念白,李凤姐,"是我摆的,摆得可好?","李凤姐（白）是我摆的,摆得可好?"
pdf_01000000__01002011___1a9416b419,梅龙镇,pdf_01000000__01002011___1a9416b419__line__000023,pdf_01000000__01002011___1a9416b419__scene__001,01002011_梅龙镇.pdf,D:\University_studies\Junior\data_visualization\experiment\final_self\opera_dataset\01000000\01002011_梅龙镇.pdf,01000000/01002011_梅龙镇.pdf,62507f36-aa22-4065-bb0f-f7de69f87e7c,1,【第一场】,23,dialogue,dialogue,正德帝,pdf_01000000__01002011___1a9416b419__char__612185295d,白,白,白,念白,正德帝,"摆的倒好,可惜缺少两样东西","正德帝（白）摆的倒好,可惜缺少两样东西"
pdf_01000000__01002011___1a9416b419,梅龙镇,pdf_01000000__01002011___1a9416b419__line__000023,pdf_01000000__01002011___1a9416b419__scene__001,01002011_梅龙镇.pdf,D:\University_studies\Junior\data_visualization\experiment\final_self\opera_dataset\01000000\01002011_梅龙镇.pdf,01000000/01002011_梅龙镇.pdf,62507f36-aa22-4065-bb0f-f7de69f87e7c,1,【第一场】,23,dialogue,dialogue,李凤姐,pdf_01000000__01002011___1a9416b419__char__53ea4bf90b,白,白,白,念白,李凤姐,是哪两样?,李凤姐（白）是哪两样?
pdf_01000000__01002011___1a9416b419,梅龙镇,pdf_01000000__01002011___1a9416b419__line__000023,pdf_01000000__01002011___1a9416b419__scene__001,01002011_梅龙镇.pdf,D:\University_studies\Junior\data_visualization\experiment\final_self\opera_dataset\01000000\01002011_梅龙镇.pdf,01000000/01002011_梅龙镇.pdf,62507f36-aa22-4065-bb0f-f7de69f87e7c,1,【第一场】,23,dialogue,dialogue,正德帝,pdf_01000000__01002011___1a9416b419__char__612185295d,念,念,念,,正德帝,"红梅结着白萝卜,脂粉佳人美嫦娥。","正德帝（念）红梅结着白萝卜,脂粉佳人美嫦娥。"
pdf_01000000__01002011___1a9416b419,梅龙镇,pdf_01000000__01002011___1a9416b419__line__000023,pdf_01000000__01002011___1a9416b419__scene__001,01002011_梅龙镇.pdf,D:\University_studies\Junior\data_visualization\experiment\final_self\opera_dataset\01000000\01002011_梅龙镇.pdf,01000000/01002011_梅龙镇.pdf,62507f36-aa22-4065-bb0f-f7de69f87e7c,1,【第一场】,23,dialogue,dialogue,李凤姐,pdf_01000000__01002011___1a9416b419__char__53ea4bf90b,白,白,白,来；念白,李凤姐,"军爷讲的那个红白萝卜,待我取来。","李凤姐（白）军爷讲的那个红白萝卜,待我取来。"
pdf_01000000__01002011___1a9416b419,梅龙镇,pdf_01000000__01002011___1a9416b419__line__000023,pdf_01000000__01002011___1a9416b419__scene__001,01002011_梅龙镇.pdf,D:\University_studies\Junior\data_visualization\experiment\final_self\opera_dataset\01000000\01002011_梅龙镇.pdf,01000000/01002011_梅龙镇.pdf,62507f36-aa22-4065-bb0f-f7de69f87e7c,1,【第一场】,23,dialogue,dialogue,正德帝,pdf_01000000__01002011___1a9416b419__char__612185295d,白,白,白,念白,正德帝,不是那个。,正德帝（白）不是那个。
pdf_01000000__01002011___1a9416b419,梅龙镇,pdf_01000000__01002011___1a9416b419__line__000023,pdf_01000000__01002011___1a9416b419__scene__001,01002011_梅龙镇.pdf,D:\University_studies\Junior\data_visualization\experiment\final_self\opera_dataset\01000000\01002011_梅龙镇.pdf,01000000/01002011_梅龙镇.pdf,62507f36-aa22-4065-bb0f-f7de69f87e7c,1,【第一场】,23,dialogue,dialogue,李凤姐,pdf_01000000__01002011___1a9416b419__char__53ea4bf90b,白,白,白,念白,李凤姐,是哪个?,李凤姐（白）是哪个?
pdf_01000000__01002011___1a9416b419,梅龙镇,pdf_01000000__01002011___1a9416b419__line__000023,pdf_01000000__01002011___1a9416b419__scene__001,01002011_梅龙镇.pdf,D:\University_studies\Junior\data_visualization\experiment\final_self\opera_dataset\01000000\01002011_梅龙镇.pdf,01000000/01002011_梅龙镇.pdf,62507f36-aa22-4065-bb0f-f7de69f87e7c,1,【第一场】,23,dialogue,dialogue,正德帝,pdf_01000000__01002011___1a9416b419__char__612185295d,白,白,白,念白,正德帝,是那穿红着绿跟大姐一样的人儿。,正德帝（白）是那穿红着绿跟大姐一样的人儿。
pdf_01000000__01002011___1a9416b419,梅龙镇,pdf_01000000__01002011___1a9416b419__line__000023,pdf_01000000__01002011___1a9416b419__scene__001,01002011_梅龙镇.pdf,D:\University_studies\Junior\data_visualization\experiment\final_self\opera_dataset\01000000\01002011_梅龙镇.pdf,01000000/01002011_梅龙镇.pdf,62507f36-aa22-4065-bb0f-f7de69f87e7c,1,【第一场】,23,dialogue,dialogue,李凤姐,pdf_01000000__01002011___1a9416b419__char__53ea4bf90b,白,白,白,去；叫；念白,李凤姐,"呀啐,先前倒有,如今被官府禁了。慢说没有,就是有,这半夜三更,叫我们女孩儿到哪里去寻,哪里去找?","李凤姐（白）呀啐,先前倒有,如今被官府禁了。慢说没有,就是有,这半夜三更,叫我们女孩儿到哪里去寻,哪里去找?"
pdf_01000000__01002011___1a9416b419,梅龙镇,pdf_01000000__01002011___1a9416b419__line__000023,pdf_01000000__01002011___1a9416b419__scene__001,01002011_梅龙镇.pdf,D:\University_studies\Junior\data_visualization\experiment\final_self\opera_dataset\01000000\01002011_梅龙镇.pdf,01000000/01002011_梅龙镇.pdf,62507f36-aa22-4065-bb0f-f7de69f87e7c,1,【第一场】,23,dialogue,dialogue,正德帝,pdf_01000000__01002011___1a9416b419__char__612185295d,白,白,白,去；叫；念白,正德帝,"是啊,这半夜三更,叫她女孩儿往哪里去找。如此,大姐我与你商议商议。","正德帝（白）是啊,这半夜三更,叫她女孩儿往哪里去找。如此,大姐我与你商议商议。"
pdf_01000000__01002011___1a9416b419,梅龙镇,pdf_01000000__01002011___1a9416b419__line__000023,pdf_01000000__01002011___1a9416b419__scene__001,01002011_梅龙镇.pdf,D:\University_studies\Junior\data_visualization\experiment\final_self\opera_dataset\01000000\01002011_梅龙镇.pdf,01000000/01002011_梅龙镇.pdf,62507f36-aa22-4065-bb0f-f7de69f87e7c,1,【第一场】,23,dialogue,dialogue,李凤姐,pdf_01000000__01002011___1a9416b419__char__53ea4bf90b,白,白,白,念白,李凤姐,商议什么?,李凤姐（白）商议什么?
pdf_01000000__01002011___1a9416b419,梅龙镇,pdf_01000000__01002011___1a9416b419__line__000023,pdf_01000000__01002011___1a9416b419__scene__001,01002011_梅龙镇.pdf,D:\University_studies\Junior\data_visualization\experiment\final_self\opera_dataset\01000000\01002011_梅龙镇.pdf,01000000/01002011_梅龙镇.pdf,62507f36-aa22-4065-bb0f-f7de69f87e7c,1,【第一场】,23,dialogue,dialogue,正德帝,pdf_01000000__01002011___1a9416b419__char__612185295d,白,白,白,上；念白,正德帝,就烦劳大姐斟上一杯。,正德帝（白）就烦劳大姐斟上一杯。
pdf_01000000__01002011___1a9416b419,梅龙镇,pdf_01000000__01002011___1a9416b419__line__000023,pdf_01000000__01002011___1a9416b419__scene__001,01002011_梅龙镇.pdf,D:\University_studies\Junior\data_visualization\experiment\final_self\opera_dataset\01000000\01002011_梅龙镇.pdf,01000000/01002011_梅龙镇.pdf,62507f36-aa22-4065-bb0f-f7de69f87e7c,1,【第一场】,23,dialogue,dialogue,李凤姐,pdf_01000000__01002011___1a9416b419__char__53ea4bf90b,白,白,白,念白,李凤姐,"我们只会卖酒,不会斟酒。","李凤姐（白）我们只会卖酒,不会斟酒。"
pdf_01000000__01002011___1a9416b419,梅龙镇,pdf_01000000__01002011___1a9416b419__line__000023,pdf_01000000__01002011___1a9416b419__scene__001,01002011_梅龙镇.pdf,D:\University_studies\Junior\data_visualization\experiment\final_self\opera_dataset\01000000\01002011_梅龙镇.pdf,01000000/01002011_梅龙镇.pdf,62507f36-aa22-4065-bb0f-f7de69f87e7c,1,【第一场】,23,dialogue,dialogue,正德帝,pdf_01000000__01002011___1a9416b419__char__612185295d,白,白,白,上；念白,正德帝,斟上的好。,正德帝（白）斟上的好。
pdf_01000000__01002011___1a9416b419,梅龙镇,pdf_01000000__01002011___1a9416b419__line__000023,pdf_01000000__01002011___1a9416b419__scene__001,01002011_梅龙镇.pdf,D:\University_studies\Junior\data_visualization\experiment\final_self\opera_dataset\01000000\01002011_梅龙镇.pdf,01000000/01002011_梅龙镇.pdf,62507f36-aa22-4065-bb0f-f7de69f87e7c,1,【第一场】,23,dialogue,dialogue,李凤姐,pdf_01000000__01002011___1a9416b419__char__53ea4bf90b,白,白,白,念白,李凤姐,不斟。,李凤姐（白）不斟。
pdf_01000000__01002011___1a9416b419,梅龙镇,pdf_01000000__01002011___1a9416b419__line__000023,pdf_01000000__01002011___1a9416b419__scene__001,01002011_梅龙镇.pdf,D:\University_studies\Junior\data_visualization\experiment\final_self\opera_dataset\01000000\01002011_梅龙镇.pdf,01000000/01002011_梅龙镇.pdf,62507f36-aa22-4065-bb0f-f7de69f87e7c,1,【第一场】,23,dialogue,dialogue,正德帝,pdf_01000000__01002011___1a9416b419__char__612185295d,白,白,白,念白,正德帝,你斟是不斟?,正德帝（白）你斟是不斟?
pdf_01000000__01002011___1a9416b419,梅龙镇,pdf_01000000__01002011___1a9416b419__line__000023,pdf_01000000__01002011___1a9416b419__scene__001,01002011_梅龙镇.pdf,D:\University_studies\Junior\data_visualization\experiment\final_self\opera_dataset\01000000\01002011_梅龙镇.pdf,01000000/01002011_梅龙镇.pdf,62507f36-aa22-4065-bb0f-f7de69f87e7c,1,【第一场】,23,dialogue,dialogue,李凤姐,pdf_01000000__01002011___1a9416b419__char__53ea4bf90b,白,白,白,念白,李凤姐,不斟。,李凤姐（白）不斟。
pdf_01000000__01002011___1a9416b419,梅龙镇,pdf_01000000__01002011___1a9416b419__line__000023,pdf_01000000__01002011___1a9416b419__scene__001,01002011_梅龙镇.pdf,D:\University_studies\Junior\data_visualization\experiment\final_self\opera_dataset\01000000\01002011_梅龙镇.pdf,01000000/01002011_梅龙镇.pdf,62507f36-aa22-4065-bb0f-f7de69f87e7c,1,【第一场】,23,dialogue,dialogue,正德帝,pdf_01000000__01002011___1a9416b419__char__612185295d,白,白,白,拿；念白,正德帝,"好,拿银子还我。","正德帝（白）好,拿银子还我。"
pdf_01000000__01002011___1a9416b419,梅龙镇,pdf_01000000__01002011___1a9416b419__line__000023,pdf_01000000__01002011___1a9416b419__scene__001,01002011_梅龙镇.pdf,D:\University_studies\Junior\data_visualization\experiment\final_self\opera_dataset\01000000\01002011_梅龙镇.pdf,01000000/01002011_梅龙镇.pdf,62507f36-aa22-4065-bb0f-f7de69f87e7c,1,【第一场】,23,dialogue,dialogue,李凤姐,pdf_01000000__01002011___1a9416b419__char__53ea4bf90b,白,白,白,来；念白,李凤姐,待我取来。,李凤姐（白）待我取来。
pdf_01000000__01002011___1a9416b419,梅龙镇,pdf_01000000__01002011___1a9416b419__line__000023,pdf_01000000__01002011___1a9416b419__scene__001,01002011_梅龙镇.pdf,D:\University_studies\Junior\data_visualization\experiment\final_self\opera_dataset\01000000\01002011_梅龙镇.pdf,01000000/01002011_梅龙镇.pdf,62507f36-aa22-4065-bb0f-f7de69f87e7c,1,【第一场】,23,dialogue,dialogue,正德帝,pdf_01000000__01002011___1a9416b419__char__612185295d,白,白,白,来；问；答；念白,正德帝,"慢着,酒席被我吃散,你哥哥回来,问你要钱,你将何言答对?","正德帝（白）慢着,酒席被我吃散,你哥哥回来,问你要钱,你将何言答对?"
pdf_01000000__01002011___1a9416b419,梅龙镇,pdf_01000000__01002011___1a9416b419__line__000023,pdf_01000000__01002011___1a9416b419__scene__001,01002011_梅龙镇.pdf,D:\University_studies\Junior\data_visualization\experiment\final_self\opera_dataset\01000000\01002011_梅龙镇.pdf,01000000/01002011_梅龙镇.pdf,62507f36-aa22-4065-bb0f-f7de69f87e7c,1,【第一场】,23,dialogue,dialogue,李凤姐,pdf_01000000__01002011___1a9416b419__char__53ea4bf90b,白,白,白,来；念白,李凤姐,"有了,待我来哄他一哄。呀,军爷,你们那里鼠儿是什么颜色?","李凤姐（白）有了,待我来哄他一哄。呀,军爷,你们那里鼠儿是什么颜色?"
pdf_01000000__01002011___1a9416b419,梅龙镇,pdf_01000000__01002011___1a9416b419__line__000023,pdf_01000000__01002011___1a9416b419__scene__001,01002011_梅龙镇.pdf,D:\University_studies\Junior\data_visualization\experiment\final_self\opera_dataset\01000000\01002011_梅龙镇.pdf,01000000/01002011_梅龙镇.pdf,62507f36-aa22-4065-bb0f-f7de69f87e7c,1,【第一场】,23,dialogue,dialogue,正德帝,pdf_01000000__01002011___1a9416b419__char__612185295d,白,白,白,念白,正德帝,我们那里鼠儿是灰色的。,正德帝（白）我们那里鼠儿是灰色的。
pdf_01000000__01002011___1a9416b419,梅龙镇,pdf_01000000__01002011___1a9416b419__line__000023,pdf_01000000__01002011___1a9416b419__scene__001,01002011_梅龙镇.pdf,D:\University_studies\Junior\data_visualization\experiment\final_self\opera_dataset\01000000\01002011_梅龙镇.pdf,01000000/01002011_梅龙镇.pdf,62507f36-aa22-4065-bb0f-f7de69f87e7c,1,【第一场】,23,dialogue,dialogue,李凤姐,pdf_01000000__01002011___1a9416b419__char__53ea4bf90b,白,白,白,念白,李凤姐,我们这里是白的。,李凤姐（白）我们这里是白的。
pdf_01000000__01002011___1a9416b419,梅龙镇,pdf_01000000__01002011___1a9416b419__line__000023,pdf_01000000__01002011___1a9416b419__scene__001,01002011_梅龙镇.pdf,D:\University_studies\Junior\data_visualization\experiment\final_self\opera_dataset\01000000\01002011_梅龙镇.pdf,01000000/01002011_梅龙镇.pdf,62507f36-aa22-4065-bb0f-f7de69f87e7c,1,【第一场】,23,dialogue,dialogue,正德帝,pdf_01000000__01002011___1a9416b419__char__612185295d,白,白,白,念白,正德帝,"白的,在哪里?","正德帝（白）白的,在哪里?"
pdf_01000000__01002011___1a9416b419,梅龙镇,pdf_01000000__01002011___1a9416b419__line__000023,pdf_01000000__01002011___1a9416b419__scene__001,01002011_梅龙镇.pdf,D:\University_studies\Junior\data_visualization\experiment\final_self\opera_dataset\01000000\01002011_梅龙镇.pdf,01000000/01002011_梅龙镇.pdf,62507f36-aa22-4065-bb0f-f7de69f87e7c,1,【第一场】,23,dialogue,dialogue,李凤姐,pdf_01000000__01002011___1a9416b419__char__53ea4bf90b,白,白,白,念白,李凤姐,在那里。,李凤姐（白）在那里。
pdf_01000000__01002011___1a9416b419,梅龙镇,pdf_01000000__01002011___1a9416b419__line__000023,pdf_01000000__01002011___1a9416b419__scene__001,01002011_梅龙镇.pdf,D:\University_studies\Junior\data_visualization\experiment\final_self\opera_dataset\01000000\01002011_梅龙镇.pdf,01000000/01002011_梅龙镇.pdf,62507f36-aa22-4065-bb0f-f7de69f87e7c,1,【第一场】,23,dialogue,dialogue,正德帝,pdf_01000000__01002011___1a9416b419__char__612185295d,白,白,白,念白,正德帝,在哪里?,正德帝（白）在哪里?
pdf_01000000__01002011___1a9416b419,梅龙镇,pdf_01000000__01002011___1a9416b419__line__000023,pdf_01000000__01002011___1a9416b419__scene__001,01002011_梅龙镇.pdf,D:\University_studies\Junior\data_visualization\experiment\final_self\opera_dataset\01000000\01002011_梅龙镇.pdf,01000000/01002011_梅龙镇.pdf,62507f36-aa22-4065-bb0f-f7de69f87e7c,1,【第一场】,23,dialogue,dialogue,李凤姐,pdf_01000000__01002011___1a9416b419__char__53ea4bf90b,白,白,白,念白,李凤姐,在这里。,李凤姐（白）在这里。
pdf_01000000__01002011___1a9416b419,梅龙镇,pdf_01000000__01002011___1a9416b419__line__000023,pdf_01000000__01002011___1a9416b419__scene__001,01002011_梅龙镇.pdf,D:\University_studies\Junior\data_visualization\experiment\final_self\opera_dataset\01000000\01002011_梅龙镇.pdf,01000000/01002011_梅龙镇.pdf,62507f36-aa22-4065-bb0f-f7de69f87e7c,1,【第一场】,23,dialogue,dialogue,正德帝,pdf_01000000__01002011___1a9416b419__char__612185295d,白,白,白,念白,正德帝,这是哪个斟的?,正德帝（白）这是哪个斟的?
pdf_01000000__01002011___1a9416b419,梅龙镇,pdf_01000000__01002011___1a9416b419__line__000023,pdf_01000000__01002011___1a9416b419__scene__001,01002011_梅龙镇.pdf,D:\University_studies\Junior\data_visualization\experiment\final_self\opera_dataset\01000000\01002011_梅龙镇.pdf,01000000/01002011_梅龙镇.pdf,62507f36-aa22-4065-bb0f-f7de69f87e7c,1,【第一场】,23,dialogue,dialogue,李凤姐,pdf_01000000__01002011___1a9416b419__char__53ea4bf90b,白,白,白,念白,李凤姐,我斟的。,李凤姐（白）我斟的。
pdf_01000000__01002011___1a9416b419,梅龙镇,pdf_01000000__01002011___1a9416b419__line__000023,pdf_01000000__01002011___1a9416b419__scene__001,01002011_梅龙镇.pdf,D:\University_studies\Junior\data_visualization\experiment\final_self\opera_dataset\01000000\01002011_梅龙镇.pdf,01000000/01002011_梅龙镇.pdf,62507f36-aa22-4065-bb0f-f7de69f87e7c,1,【第一场】,23,dialogue,dialogue,正德帝,pdf_01000000__01002011___1a9416b419__char__612185295d,白,白,白,念白,正德帝,"这样斟酒慢说是一杯,就是十杯八杯,也不足为奇。","正德帝（白）这样斟酒慢说是一杯,就是十杯八杯,也不足为奇。"
pdf_01000000__01002011___1a9416b419,梅龙镇,pdf_01000000__01002011___1a9416b419__line__000023,pdf_01000000__01002011___1a9416b419__scene__001,01002011_梅龙镇.pdf,D:\University_studies\Junior\data_visualization\experiment\final_self\opera_dataset\01000000\01002011_梅龙镇.pdf,01000000/01002011_梅龙镇.pdf,62507f36-aa22-4065-bb0f-f7de69f87e7c,1,【第一场】,23,dialogue,dialogue,李凤姐,pdf_01000000__01002011___1a9416b419__char__53ea4bf90b,白,白,白,念白,李凤姐,要怎么才足为奇?,李凤姐（白）要怎么才足为奇?
pdf_01000000__01002011___1a9416b419,梅龙镇,pdf_01000000__01002011___1a9416b419__line__000023,pdf_01000000__01002011___1a9416b419__scene__001,01002011_梅龙镇.pdf,D:\University_studies\Junior\data_visualization\experiment\final_self\opera_dataset\01000000\01002011_梅龙镇.pdf,01000000/01002011_梅龙镇.pdf,62507f36-aa22-4065-bb0f-f7de69f87e7c,1,【第一场】,23,dialogue,dialogue,正德帝,pdf_01000000__01002011___1a9416b419__char__612185295d,白,白,白,上；走；打；念白,正德帝,"要你大姐的手,斟上一杯,你的手递在为君的手,为君的手递在为君的口,吃在肚内打马就走。","正德帝（白）要你大姐的手,斟上一杯,你的手递在为君的手,为君的手递在为君的口,吃在肚内打马就走。"
pdf_01000000__01002011___1a9416b419,梅龙镇,pdf_01000000__01002011___1a9416b419__line__000023,pdf_01000000__01002011___1a9416b419__scene__001,01002011_梅龙镇.pdf,D:\University_studies\Junior\data_visualization\experiment\final_self\opera_dataset\01000000\01002011_梅龙镇.pdf,01000000/01002011_梅龙镇.pdf,62507f36-aa22-4065-bb0f-f7de69f87e7c,1,【第一场】,23,dialogue,dialogue,李凤姐,pdf_01000000__01002011___1a9416b419__char__53ea4bf90b,白,白,白,上；念白,李凤姐,我手上有糖?,李凤姐（白）我手上有糖?
pdf_01000000__01002011___1a9416b419,梅龙镇,pdf_01000000__01002011___1a9416b419__line__000023,pdf_01000000__01002011___1a9416b419__scene__001,01002011_梅龙镇.pdf,D:\University_studies\Junior\data_visualization\experiment\final_self\opera_dataset\01000000\01002011_梅龙镇.pdf,01000000/01002011_梅龙镇.pdf,62507f36-aa22-4065-bb0f-f7de69f87e7c,1,【第一场】,23,dialogue,dialogue,正德帝,pdf_01000000__01002011___1a9416b419__char__612185295d,白,白,白,念白,正德帝,无糖。,正德帝（白）无糖。
pdf_01000000__01002011___1a9416b419,梅龙镇,pdf_01000000__01002011___1a9416b419__line__000023,pdf_01000000__01002011___1a9416b419__scene__001,01002011_梅龙镇.pdf,D:\University_studies\Junior\data_visualization\experiment\final_self\opera_dataset\01000000\01002011_梅龙镇.pdf,01000000/01002011_梅龙镇.pdf,62507f36-aa22-4065-bb0f-f7de69f87e7c,1,【第一场】,23,dialogue,dialogue,李凤姐,pdf_01000000__01002011___1a9416b419__char__53ea4bf90b,白,白,白,念白,李凤姐,有蜜?,李凤姐（白）有蜜?
pdf_01000000__01002011___1a9416b419,梅龙镇,pdf_01000000__01002011___1a9416b419__line__000023,pdf_01000000__01002011___1a9416b419__scene__001,01002011_梅龙镇.pdf,D:\University_studies\Junior\data_visualization\experiment\final_self\opera_dataset\01000000\01002011_梅龙镇.pdf,01000000/01002011_梅龙镇.pdf,62507f36-aa22-4065-bb0f-f7de69f87e7c,1,【第一场】,23,dialogue,dialogue,正德帝,pdf_01000000__01002011___1a9416b419__char__612185295d,白,白,白,念白,正德帝,无蜜。,正德帝（白）无蜜。
pdf_01000000__01002011___1a9416b419,梅龙镇,pdf_01000000__01002011___1a9416b419__line__000023,pdf_01000000__01002011___1a9416b419__scene__001,01002011_梅龙镇.pdf,D:\University_studies\Junior\data_visualization\experiment\final_self\opera_dataset\01000000\01002011_梅龙镇.pdf,01000000/01002011_梅龙镇.pdf,62507f36-aa22-4065-bb0f-f7de69f87e7c,1,【第一场】,23,dialogue,dialogue,李凤姐,pdf_01000000__01002011___1a9416b419__char__53ea4bf90b,白,白,白,来；念白,李凤姐,无糖无蜜为何要我来斟酒?,李凤姐（白）无糖无蜜为何要我来斟酒?
pdf_01000000__01002011___1a9416b419,梅龙镇,pdf_01000000__01002011___1a9416b419__line__000023,pdf_01000000__01002011___1a9416b419__scene__001,01002011_梅龙镇.pdf,D:\University_studies\Junior\data_visualization\experiment\final_self\opera_dataset\01000000\01002011_梅龙镇.pdf,01000000/01002011_梅龙镇.pdf,62507f36-aa22-4065-bb0f-f7de69f87e7c,1,【第一场】,23,dialogue,dialogue,正德帝,pdf_01000000__01002011___1a9416b419__char__612185295d,白,白,白,念白,正德帝,"花钱的老爷们,欢喜这个调调儿。","正德帝（白）花钱的老爷们,欢喜这个调调儿。"
pdf_01000000__01002011___1a9416b419,梅龙镇,pdf_01000000__01002011___1a9416b419__line__000023,pdf_01000000__01002011___1a9416b419__scene__001,01002011_梅龙镇.pdf,D:\University_studies\Junior\data_visualization\experiment\final_self\opera_dataset\01000000\01002011_梅龙镇.pdf,01000000/01002011_梅龙镇.pdf,62507f36-aa22-4065-bb0f-f7de69f87e7c,1,【第一场】,23,dialogue,dialogue,李凤姐,pdf_01000000__01002011___1a9416b419__char__53ea4bf90b,白,白,白,念白,李凤姐,我就恼的这个调调儿!,李凤姐（白）我就恼的这个调调儿!
pdf_01000000__01002011___1a9416b419,梅龙镇,pdf_01000000__01002011___1a9416b419__line__000023,pdf_01000000__01002011___1a9416b419__scene__001,01002011_梅龙镇.pdf,D:\University_studies\Junior\data_visualization\experiment\final_self\opera_dataset\01000000\01002011_梅龙镇.pdf,01000000/01002011_梅龙镇.pdf,62507f36-aa22-4065-bb0f-f7de69f87e7c,1,【第一场】,23,dialogue,dialogue,正德帝,pdf_01000000__01002011___1a9416b419__char__612185295d,白,白,白,念白,正德帝,你斟是不斟?,正德帝（白）你斟是不斟?
pdf_01000000__01002011___1a9416b419,梅龙镇,pdf_01000000__01002011___1a9416b419__line__000023,pdf_01000000__01002011___1a9416b419__scene__001,01002011_梅龙镇.pdf,D:\University_studies\Junior\data_visualization\experiment\final_self\opera_dataset\01000000\01002011_梅龙镇.pdf,01000000/01002011_梅龙镇.pdf,62507f36-aa22-4065-bb0f-f7de69f87e7c,1,【第一场】,23,dialogue,dialogue,李凤姐,pdf_01000000__01002011___1a9416b419__char__53ea4bf90b,白,白,白,念白,李凤姐,我还是不斟。,李凤姐（白）我还是不斟。
pdf_01000000__01002011___1a9416b419,梅龙镇,pdf_01000000__01002011___1a9416b419__line__000023,pdf_01000000__01002011___1a9416b419__scene__001,01002011_梅龙镇.pdf,D:\University_studies\Junior\data_visualization\experiment\final_self\opera_dataset\01000000\01002011_梅龙镇.pdf,01000000/01002011_梅龙镇.pdf,62507f36-aa22-4065-bb0f-f7de69f87e7c,1,【第一场】,23,dialogue,dialogue,正德帝,pdf_01000000__01002011___1a9416b419__char__612185295d,白,白,白,拿；念白,正德帝,"好,还是拿银子还我罢。","正德帝（白）好,还是拿银子还我罢。"
pdf_01000000__01002011___1a9416b419,梅龙镇,pdf_01000000__01002011___1a9416b419__line__000023,pdf_01000000__01002011___1a9416b419__scene__001,01002011_梅龙镇.pdf,D:\University_studies\Junior\data_visualization\experiment\final_self\opera_dataset\01000000\01002011_梅龙镇.pdf,01000000/01002011_梅龙镇.pdf,62507f36-aa22-4065-bb0f-f7de69f87e7c,1,【第一场】,23,dialogue,dialogue,李凤姐,pdf_01000000__01002011___1a9416b419__char__53ea4bf90b,白,白,白,来；念白,李凤姐,我就取来。,李凤姐（白）我就取来。
pdf_01000000__01002011___1a9416b419,梅龙镇,pdf_01000000__01002011___1a9416b419__line__000023,pdf_01000000__01002011___1a9416b419__scene__001,01002011_梅龙镇.pdf,D:\University_studies\Junior\data_visualization\experiment\final_self\opera_dataset\01000000\01002011_梅龙镇.pdf,01000000/01002011_梅龙镇.pdf,62507f36-aa22-4065-bb0f-f7de69f87e7c,1,【第一场】,23,dialogue,dialogue,正德帝,pdf_01000000__01002011___1a9416b419__char__612185295d,白,白,白,来；念白,正德帝,"转来,你晓得我这银子是哪里来的?","正德帝（白）转来,你晓得我这银子是哪里来的?"
pdf_01000000__01002011___1a9416b419,梅龙镇,pdf_01000000__01002011___1a9416b419__line__000023,pdf_01000000__01002011___1a9416b419__scene__001,01002011_梅龙镇.pdf,D:\University_studies\Junior\data_visualization\experiment\final_self\opera_dataset\01000000\01002011_梅龙镇.pdf,01000000/01002011_梅龙镇.pdf,62507f36-aa22-4065-bb0f-f7de69f87e7c,1,【第一场】,23,dialogue,dialogue,李凤姐,pdf_01000000__01002011___1a9416b419__char__53ea4bf90b,白,白,白,来；道；念白,李凤姐,难道是做强盗抢来的不成?,李凤姐（白）难道是做强盗抢来的不成?
pdf_01000000__01002011___1a9416b419,梅龙镇,pdf_01000000__01002011___1a9416b419__line__000023,pdf_01000000__01002011___1a9416b419__scene__001,01002011_梅龙镇.pdf,D:\University_studies\Junior\data_visualization\experiment\final_self\opera_dataset\01000000\01002011_梅龙镇.pdf,01000000/01002011_梅龙镇.pdf,62507f36-aa22-4065-bb0f-f7de69f87e7c,1,【第一场】,23,dialogue,dialogue,正德帝,pdf_01000000__01002011___1a9416b419__char__612185295d,白,白,白,来；去；看；打；念白,正德帝,"啊,我是打劫皇宫来的!不犯事便罢,倘若犯了事,我将你兄妹攀连在内,看你是怎了得,银子不要,我去了","正德帝（白）啊,我是打劫皇宫来的!不犯事便罢,倘若犯了事,我将你兄妹攀连在内,看你是怎了得,银子不要,我去了"
pdf_01000000__01002011___1a9416b419,梅龙镇,pdf_01000000__01002011___1a9416b419__line__000023,pdf_01000000__01002011___1a9416b419__scene__001,01002011_梅龙镇.pdf,D:\University_studies\Junior\data_visualization\experiment\final_self\opera_dataset\01000000\01002011_梅龙镇.pdf,01000000/01002011_梅龙镇.pdf,62507f36-aa22-4065-bb0f-f7de69f87e7c,1,【第一场】,23,dialogue,dialogue,李凤姐,pdf_01000000__01002011___1a9416b419__char__53ea4bf90b,白,白,白,来；念白,李凤姐,"军爷回来,商议商议。","李凤姐（白）军爷回来,商议商议。"
pdf_01000000__01002011___1a9416b419,梅龙镇,pdf_01000000__01002011___1a9416b419__line__000023,pdf_01000000__01002011___1a9416b419__scene__001,01002011_梅龙镇.pdf,D:\University_studies\Junior\data_visualization\experiment\final_self\opera_dataset\01000000\01002011_梅龙镇.pdf,01000000/01002011_梅龙镇.pdf,62507f36-aa22-4065-bb0f-f7de69f87e7c,1,【第一场】,23,dialogue,dialogue,正德帝,pdf_01000000__01002011___1a9416b419__char__612185295d,白,白,白,念白,正德帝,没有什么商议。,正德帝（白）没有什么商议。
pdf_01000000__01002011___1a9416b419,梅龙镇,pdf_01000000__01002011___1a9416b419__line__000023,pdf_01000000__01002011___1a9416b419__scene__001,01002011_梅龙镇.pdf,D:\University_studies\Junior\data_visualization\experiment\final_self\opera_dataset\01000000\01002011_梅龙镇.pdf,01000000/01002011_梅龙镇.pdf,62507f36-aa22-4065-bb0f-f7de69f87e7c,1,【第一场】,23,dialogue,dialogue,李凤姐,pdf_01000000__01002011___1a9416b419__char__53ea4bf90b,白,白,白,念白,李凤姐,商议商议。,李凤姐（白）商议商议。
pdf_01000000__01002011___1a9416b419,梅龙镇,pdf_01000000__01002011___1a9416b419__line__000023,pdf_01000000__01002011___1a9416b419__scene__001,01002011_梅龙镇.pdf,D:\University_studies\Junior\data_visualization\experiment\final_self\opera_dataset\01000000\01002011_梅龙镇.pdf,01000000/01002011_梅龙镇.pdf,62507f36-aa22-4065-bb0f-f7de69f87e7c,1,【第一场】,23,dialogue,dialogue,正德帝,pdf_01000000__01002011___1a9416b419__char__612185295d,白,白,白,念白,正德帝,你与哪个商议?,正德帝（白）你与哪个商议?
pdf_01000000__01002011___1a9416b419,梅龙镇,pdf_01000000__01002011___1a9416b419__line__000023,pdf_01000000__01002011___1a9416b419__scene__001,01002011_梅龙镇.pdf,D:\University_studies\Junior\data_visualization\experiment\final_self\opera_dataset\01000000\01002011_梅龙镇.pdf,01000000/01002011_梅龙镇.pdf,62507f36-aa22-4065-bb0f-f7de69f87e7c,1,【第一场】,23,dialogue,dialogue,李凤姐,pdf_01000000__01002011___1a9416b419__char__53ea4bf90b,白,白,白,念白,李凤姐,我心与口商议。,李凤姐（白）我心与口商议。
pdf_01000000__01002011___1a9416b419,梅龙镇,pdf_01000000__01002011___1a9416b419__line__000023,pdf_01000000__01002011___1a9416b419__scene__001,01002011_梅龙镇.pdf,D:\University_studies\Junior\data_visualization\experiment\final_self\opera_dataset\01000000\01002011_梅龙镇.pdf,01000000/01002011_梅龙镇.pdf,62507f36-aa22-4065-bb0f-f7de69f87e7c,1,【第一场】,23,dialogue,dialogue,正德帝,pdf_01000000__01002011___1a9416b419__char__612185295d,白,白,白,去；念白,正德帝,快去商议。,正德帝（白）快去商议。
pdf_01000000__01002011___1a9416b419,梅龙镇,pdf_01000000__01002011___1a9416b419__line__000023,pdf_01000000__01002011___1a9416b419__scene__001,01002011_梅龙镇.pdf,D:\University_studies\Junior\data_visualization\experiment\final_self\opera_dataset\01000000\01002011_梅龙镇.pdf,01000000/01002011_梅龙镇.pdf,62507f36-aa22-4065-bb0f-f7de69f87e7c,1,【第一场】,23,dialogue,dialogue,李凤姐,pdf_01000000__01002011___1a9416b419__char__53ea4bf90b,白,白,白,下；来；打；念白,李凤姐,"哎呀且住,想他这银子,乃是打劫皇宫来的。不犯事便罢,倘若犯了事,将我兄妹攀连在内,这便如何是好?我说是哥哥呀哥哥,今日也卖酒,明日也卖酒,这是卖酒的下场头。","李凤姐（白）哎呀且住,想他这银子,乃是打劫皇宫来的。不犯事便罢,倘若犯了事,将我兄妹攀连在内,这便如何是好?我说是哥哥呀哥哥,今日也卖酒,明日也卖酒,这是卖酒的下场头。"
pdf_01000000__01002011___1a9416b419,梅龙镇,pdf_01000000__01002011___1a9416b419__line__000023,pdf_01000000__01002011___1a9416b419__scene__001,01002011_梅龙镇.pdf,D:\University_studies\Junior\data_visualization\experiment\final_self\opera_dataset\01000000\01002011_梅龙镇.pdf,01000000/01002011_梅龙镇.pdf,62507f36-aa22-4065-bb0f-f7de69f87e7c,1,【第一场】,23,dialogue,dialogue,正德帝,pdf_01000000__01002011___1a9416b419__char__612185295d,二黄平板,唱,二黄平板,看,正德帝,"孤心有意将她嬉耍,看他知情不知情。","正德帝（二黄平板）孤心有意将她嬉耍,看他知情不知情。"
pdf_01000000__01002011___1a9416b419,梅龙镇,pdf_01000000__01002011___1a9416b419__line__000023,pdf_01000000__01002011___1a9416b419__scene__001,01002011_梅龙镇.pdf,D:\University_studies\Junior\data_visualization\experiment\final_self\opera_dataset\01000000\01002011_梅龙镇.pdf,01000000/01002011_梅龙镇.pdf,62507f36-aa22-4065-bb0f-f7de69f87e7c,1,【第一场】,23,dialogue,dialogue,正德帝,pdf_01000000__01002011___1a9416b419__char__612185295d,白,白,白,念白,正德帝,干。,正德帝（白）干。
pdf_01000000__01002011___1a9416b419,梅龙镇,pdf_01000000__01002011___1a9416b419__line__000023,pdf_01000000__01002011___1a9416b419__scene__001,01002011_梅龙镇.pdf,D:\University_studies\Junior\data_visualization\experiment\final_self\opera_dataset\01000000\01002011_梅龙镇.pdf,01000000/01002011_梅龙镇.pdf,62507f36-aa22-4065-bb0f-f7de69f87e7c,1,【第一场】,23,dialogue,dialogue,李凤姐,pdf_01000000__01002011___1a9416b419__char__53ea4bf90b,白,白,白,念白,李凤姐,干你娘的心肝!,李凤姐（白）干你娘的心肝!
pdf_01000000__01002011___1a9416b419,梅龙镇,pdf_01000000__01002011___1a9416b419__line__000023,pdf_01000000__01002011___1a9416b419__scene__001,01002011_梅龙镇.pdf,D:\University_studies\Junior\data_visualization\experiment\final_self\opera_dataset\01000000\01002011_梅龙镇.pdf,01000000/01002011_梅龙镇.pdf,62507f36-aa22-4065-bb0f-f7de69f87e7c,1,【第一场】,23,dialogue,dialogue,正德帝,pdf_01000000__01002011___1a9416b419__char__612185295d,白,白,白,来；念白,正德帝,怎样骂人起来了?,正德帝（白）怎样骂人起来了?
pdf_01000000__01002011___1a9416b419,梅龙镇,pdf_01000000__01002011___1a9416b419__line__000023,pdf_01000000__01002011___1a9416b419__scene__001,01002011_梅龙镇.pdf,D:\University_studies\Junior\data_visualization\experiment\final_self\opera_dataset\01000000\01002011_梅龙镇.pdf,01000000/01002011_梅龙镇.pdf,62507f36-aa22-4065-bb0f-f7de69f87e7c,1,【第一场】,23,dialogue,dialogue,李凤姐,pdf_01000000__01002011___1a9416b419__char__53ea4bf90b,白,白,白,道；念白,李凤姐,"你吃酒便吃酒,怎么将我的手心搔了一把,是何道理?","李凤姐（白）你吃酒便吃酒,怎么将我的手心搔了一把,是何道理?"
pdf_01000000__01002011___1a9416b419,梅龙镇,pdf_01000000__01002011___1a9416b419__line__000023,pdf_01000000__01002011___1a9416b419__scene__001,01002011_梅龙镇.pdf,D:\University_studies\Junior\data_visualization\experiment\final_self\opera_dataset\01000000\01002011_梅龙镇.pdf,01000000/01002011_梅龙镇.pdf,62507f36-aa22-4065-bb0f-f7de69f87e7c,1,【第一场】,23,dialogue,dialogue,正德帝,pdf_01000000__01002011___1a9416b419__char__612185295d,白,白,白,射；念白,正德帝,"哦,为君的这几日未曾跑马射箭,指甲长长了,碰着大姐,也是有的。","正德帝（白）哦,为君的这几日未曾跑马射箭,指甲长长了,碰着大姐,也是有的。"
pdf_01000000__01002011___1a9416b419,梅龙镇,pdf_01000000__01002011___1a9416b419__line__000023,pdf_01000000__01002011___1a9416b419__scene__001,01002011_梅龙镇.pdf,D:\University_studies\Junior\data_visualization\experiment\final_self\opera_dataset\01000000\01002011_梅龙镇.pdf,01000000/01002011_梅龙镇.pdf,62507f36-aa22-4065-bb0f-f7de69f87e7c,1,【第一场】,23,dialogue,dialogue,李凤姐,pdf_01000000__01002011___1a9416b419__char__53ea4bf90b,白,白,白,念白,李凤姐,"我们指甲,也是长的,怎么碰不着你?","李凤姐（白）我们指甲,也是长的,怎么碰不着你?"
pdf_01000000__01002011___1a9416b419,梅龙镇,pdf_01000000__01002011___1a9416b419__line__000023,pdf_01000000__01002011___1a9416b419__scene__001,01002011_梅龙镇.pdf,D:\University_studies\Junior\data_visualization\experiment\final_self\opera_dataset\01000000\01002011_梅龙镇.pdf,01000000/01002011_梅龙镇.pdf,62507f36-aa22-4065-bb0f-f7de69f87e7c,1,【第一场】,23,dialogue,dialogue,正德帝,pdf_01000000__01002011___1a9416b419__char__612185295d,白,白,白,上；下；来；念白,正德帝,"听大姐之言,是个爱小便宜的,来来来,为君生就是一又粗手,大姐要搔你要搔上几下。","正德帝（白）听大姐之言,是个爱小便宜的,来来来,为君生就是一又粗手,大姐要搔你要搔上几下。"
pdf_01000000__01002011___1a9416b419,梅龙镇,pdf_01000000__01002011___1a9416b419__line__000023,pdf_01000000__01002011___1a9416b419__scene__001,01002011_梅龙镇.pdf,D:\University_studies\Junior\data_visualization\experiment\final_self\opera_dataset\01000000\01002011_梅龙镇.pdf,01000000/01002011_梅龙镇.pdf,62507f36-aa22-4065-bb0f-f7de69f87e7c,1,【第一场】,23,dialogue,dialogue,李凤姐,pdf_01000000__01002011___1a9416b419__char__53ea4bf90b,白,白,白,念白,李凤姐,"军爷让我搔,我就搔了。","李凤姐（白）军爷让我搔,我就搔了。"
pdf_01000000__01002011___1a9416b419,梅龙镇,pdf_01000000__01002011___1a9416b419__line__000023,pdf_01000000__01002011___1a9416b419__scene__001,01002011_梅龙镇.pdf,D:\University_studies\Junior\data_visualization\experiment\final_self\opera_dataset\01000000\01002011_梅龙镇.pdf,01000000/01002011_梅龙镇.pdf,62507f36-aa22-4065-bb0f-f7de69f87e7c,1,【第一场】,23,dialogue,dialogue,正德帝,pdf_01000000__01002011___1a9416b419__char__612185295d,白,白,白,念白,正德帝,你搔呀。,正德帝（白）你搔呀。
pdf_01000000__01002011___1a9416b419,梅龙镇,pdf_01000000__01002011___1a9416b419__line__000023,pdf_01000000__01002011___1a9416b419__scene__001,01002011_梅龙镇.pdf,D:\University_studies\Junior\data_visualization\experiment\final_self\opera_dataset\01000000\01002011_梅龙镇.pdf,01000000/01002011_梅龙镇.pdf,62507f36-aa22-4065-bb0f-f7de69f87e7c,1,【第一场】,23,dialogue,dialogue,李凤姐,pdf_01000000__01002011___1a9416b419__char__53ea4bf90b,白,白,白,念白,李凤姐,我不搔了。,李凤姐（白）我不搔了。
pdf_01000000__01002011___1a9416b419,梅龙镇,pdf_01000000__01002011___1a9416b419__line__000023,pdf_01000000__01002011___1a9416b419__scene__001,01002011_梅龙镇.pdf,D:\University_studies\Junior\data_visualization\experiment\final_self\opera_dataset\01000000\01002011_梅龙镇.pdf,01000000/01002011_梅龙镇.pdf,62507f36-aa22-4065-bb0f-f7de69f87e7c,1,【第一场】,23,dialogue,dialogue,正德帝,pdf_01000000__01002011___1a9416b419__char__612185295d,白,白,白,念白,正德帝,怎么不搔?,正德帝（白）怎么不搔?
pdf_01000000__01002011___1a9416b419,梅龙镇,pdf_01000000__01002011___1a9416b419__line__000023,pdf_01000000__01002011___1a9416b419__scene__001,01002011_梅龙镇.pdf,D:\University_studies\Junior\data_visualization\experiment\final_self\opera_dataset\01000000\01002011_梅龙镇.pdf,01000000/01002011_梅龙镇.pdf,62507f36-aa22-4065-bb0f-f7de69f87e7c,1,【第一场】,23,dialogue,dialogue,李凤姐,pdf_01000000__01002011___1a9416b419__char__53ea4bf90b,白,白,白,来；念白,李凤姐,"我倒未曾搔,你到翘起来了。","李凤姐（白）我倒未曾搔,你到翘起来了。"
pdf_01000000__01002011___1a9416b419,梅龙镇,pdf_01000000__01002011___1a9416b419__line__000023,pdf_01000000__01002011___1a9416b419__scene__001,01002011_梅龙镇.pdf,D:\University_studies\Junior\data_visualization\experiment\final_self\opera_dataset\01000000\01002011_梅龙镇.pdf,01000000/01002011_梅龙镇.pdf,62507f36-aa22-4065-bb0f-f7de69f87e7c,1,【第一场】,23,dialogue,dialogue,正德帝,pdf_01000000__01002011___1a9416b419__char__612185295d,白,白,白,念白,正德帝,为君的不翘就是。,正德帝（白）为君的不翘就是。
pdf_01000000__01002011___1a9416b419,梅龙镇,pdf_01000000__01002011___1a9416b419__line__000023,pdf_01000000__01002011___1a9416b419__scene__001,01002011_梅龙镇.pdf,D:\University_studies\Junior\data_visualization\experiment\final_self\opera_dataset\01000000\01002011_梅龙镇.pdf,01000000/01002011_梅龙镇.pdf,62507f36-aa22-4065-bb0f-f7de69f87e7c,1,【第一场】,23,dialogue,dialogue,李凤姐,pdf_01000000__01002011___1a9416b419__char__53ea4bf90b,白,白,白,念白,李凤姐,如此我就搔就搔。,李凤姐（白）如此我就搔就搔。
pdf_01000000__01002011___1a9416b419,梅龙镇,pdf_01000000__01002011___1a9416b419__line__000023,pdf_01000000__01002011___1a9416b419__scene__001,01002011_梅龙镇.pdf,D:\University_studies\Junior\data_visualization\experiment\final_self\opera_dataset\01000000\01002011_梅龙镇.pdf,01000000/01002011_梅龙镇.pdf,62507f36-aa22-4065-bb0f-f7de69f87e7c,1,【第一场】,23,dialogue,dialogue,正德帝,pdf_01000000__01002011___1a9416b419__char__612185295d,白,白,白,念白,正德帝,哈哈哈......,正德帝（白）哈哈哈......
pdf_01000000__01002011___1a9416b419,梅龙镇,pdf_01000000__01002011___1a9416b419__line__000023,pdf_01000000__01002011___1a9416b419__scene__001,01002011_梅龙镇.pdf,D:\University_studies\Junior\data_visualization\experiment\final_self\opera_dataset\01000000\01002011_梅龙镇.pdf,01000000/01002011_梅龙镇.pdf,62507f36-aa22-4065-bb0f-f7de69f87e7c,1,【第一场】,23,lyric,lyric,李凤姐,pdf_01000000__01002011___1a9416b419__char__53ea4bf90b,西皮流水板,唱,西皮流水板,下；问；唱段,李凤姐,"月儿弯弯照下,问声军爷你住哪家?","李凤姐（西皮流水板）月儿弯弯照下,问声军爷你住哪家?"
pdf_01000000__01002011___1a9416b419,梅龙镇,pdf_01000000__01002011___1a9416b419__line__000023,pdf_01000000__01002011___1a9416b419__scene__001,01002011_梅龙镇.pdf,D:\University_studies\Junior\data_visualization\experiment\final_self\opera_dataset\01000000\01002011_梅龙镇.pdf,01000000/01002011_梅龙镇.pdf,62507f36-aa22-4065-bb0f-f7de69f87e7c,1,【第一场】,23,lyric,lyric,正德帝,pdf_01000000__01002011___1a9416b419__char__612185295d,西皮流水板,唱,西皮流水板,下；问；唱段,正德帝,"大姐不必盘问咱,为君住在天底下。","正德帝（西皮流水板）大姐不必盘问咱,为君住在天底下。"
pdf_01000000__01002011___1a9416b419,梅龙镇,pdf_01000000__01002011___1a9416b419__line__000023,pdf_01000000__01002011___1a9416b419__scene__001,01002011_梅龙镇.pdf,D:\University_studies\Junior\data_visualization\experiment\final_self\opera_dataset\01000000\01002011_梅龙镇.pdf,01000000/01002011_梅龙镇.pdf,62507f36-aa22-4065-bb0f-f7de69f87e7c,1,【第一场】,23,dialogue,dialogue,李凤姐,pdf_01000000__01002011___1a9416b419__char__53ea4bf90b,白,白,白,上；下；念白,李凤姐,"住了,一个人不住在天底下,还住在天上不成?","李凤姐（白）住了,一个人不住在天底下,还住在天上不成?"
pdf_01000000__01002011___1a9416b419,梅龙镇,pdf_01000000__01002011___1a9416b419__line__000023,pdf_01000000__01002011___1a9416b419__scene__001,01002011_梅龙镇.pdf,D:\University_studies\Junior\data_visualization\experiment\final_self\opera_dataset\01000000\01002011_梅龙镇.pdf,01000000/01002011_梅龙镇.pdf,62507f36-aa22-4065-bb0f-f7de69f87e7c,1,【第一场】,23,dialogue,dialogue,正德帝,pdf_01000000__01002011___1a9416b419__char__612185295d,白,白,白,念白,正德帝,"啊,大姐,我住的那地,与众不同。","正德帝（白）啊,大姐,我住的那地,与众不同。"
pdf_01000000__01002011___1a9416b419,梅龙镇,pdf_01000000__01002011___1a9416b419__line__000023,pdf_01000000__01002011___1a9416b419__scene__001,01002011_梅龙镇.pdf,D:\University_studies\Junior\data_visualization\experiment\final_self\opera_dataset\01000000\01002011_梅龙镇.pdf,01000000/01002011_梅龙镇.pdf,62507f36-aa22-4065-bb0f-f7de69f87e7c,1,【第一场】,23,dialogue,dialogue,李凤姐,pdf_01000000__01002011___1a9416b419__char__53ea4bf90b,白,白,白,念白,李凤姐,怎样不同?,李凤姐（白）怎样不同?
pdf_01000000__01002011___1a9416b419,梅龙镇,pdf_01000000__01002011___1a9416b419__line__000023,pdf_01000000__01002011___1a9416b419__scene__001,01002011_梅龙镇.pdf,D:\University_studies\Junior\data_visualization\experiment\final_self\opera_dataset\01000000\01002011_梅龙镇.pdf,01000000/01002011_梅龙镇.pdf,62507f36-aa22-4065-bb0f-f7de69f87e7c,1,【第一场】,23,dialogue,dialogue,正德帝,pdf_01000000__01002011___1a9416b419__char__612185295d,白,白,白,念白,正德帝,"在那北京城内,大圈圈里头有个小圈圈,小圈圈里头有个黄圈圈,我就住在那黄圈圈里面。","正德帝（白）在那北京城内,大圈圈里头有个小圈圈,小圈圈里头有个黄圈圈,我就住在那黄圈圈里面。"
pdf_01000000__01002011___1a9416b419,梅龙镇,pdf_01000000__01002011___1a9416b419__line__000023,pdf_01000000__01002011___1a9416b419__scene__001,01002011_梅龙镇.pdf,D:\University_studies\Junior\data_visualization\experiment\final_self\opera_dataset\01000000\01002011_梅龙镇.pdf,01000000/01002011_梅龙镇.pdf,62507f36-aa22-4065-bb0f-f7de69f87e7c,1,【第一场】,23,dialogue,dialogue,李凤姐,pdf_01000000__01002011___1a9416b419__char__53ea4bf90b,白,白,白,念白,李凤姐,我认得你。,李凤姐（白）我认得你。
pdf_01000000__01002011___1a9416b419,梅龙镇,pdf_01000000__01002011___1a9416b419__line__000023,pdf_01000000__01002011___1a9416b419__scene__001,01002011_梅龙镇.pdf,D:\University_studies\Junior\data_visualization\experiment\final_self\opera_dataset\01000000\01002011_梅龙镇.pdf,01000000/01002011_梅龙镇.pdf,62507f36-aa22-4065-bb0f-f7de69f87e7c,1,【第一场】,23,dialogue,dialogue,正德帝,pdf_01000000__01002011___1a9416b419__char__612185295d,白,白,白,念白,正德帝,你认我是哪一个?,正德帝（白）你认我是哪一个?
pdf_01000000__01002011___1a9416b419,梅龙镇,pdf_01000000__01002011___1a9416b419__line__000023,pdf_01000000__01002011___1a9416b419__scene__001,01002011_梅龙镇.pdf,D:\University_studies\Junior\data_visualization\experiment\final_self\opera_dataset\01000000\01002011_梅龙镇.pdf,01000000/01002011_梅龙镇.pdf,62507f36-aa22-4065-bb0f-f7de69f87e7c,1,【第一场】,23,dialogue,dialogue,李凤姐,pdf_01000000__01002011___1a9416b419__char__53ea4bf90b,白,白,白,念白,李凤姐,你是我家哥哥......,李凤姐（白）你是我家哥哥......
pdf_01000000__01002011___1a9416b419,梅龙镇,pdf_01000000__01002011___1a9416b419__line__000023,pdf_01000000__01002011___1a9416b419__scene__001,01002011_梅龙镇.pdf,D:\University_studies\Junior\data_visualization\experiment\final_self\opera_dataset\01000000\01002011_梅龙镇.pdf,01000000/01002011_梅龙镇.pdf,62507f36-aa22-4065-bb0f-f7de69f87e7c,1,【第一场】,23,dialogue,dialogue,正德帝,pdf_01000000__01002011___1a9416b419__char__612185295d,白,白,白,念白,正德帝,啊?,正德帝（白）啊?
pdf_01000000__01002011___1a9416b419,梅龙镇,pdf_01000000__01002011___1a9416b419__line__000023,pdf_01000000__01002011___1a9416b419__scene__001,01002011_梅龙镇.pdf,D:\University_studies\Junior\data_visualization\experiment\final_self\opera_dataset\01000000\01002011_梅龙镇.pdf,01000000/01002011_梅龙镇.pdf,62507f36-aa22-4065-bb0f-f7de69f87e7c,1,【第一场】,23,dialogue,dialogue,李凤姐,pdf_01000000__01002011___1a9416b419__char__53ea4bf90b,白,白,白,念白,李凤姐,的大舅子!,李凤姐（白）的大舅子!
pdf_01000000__01002011___1a9416b419,梅龙镇,pdf_01000000__01002011___1a9416b419__line__000023,pdf_01000000__01002011___1a9416b419__scene__001,01002011_梅龙镇.pdf,D:\University_studies\Junior\data_visualization\experiment\final_self\opera_dataset\01000000\01002011_梅龙镇.pdf,01000000/01002011_梅龙镇.pdf,62507f36-aa22-4065-bb0f-f7de69f87e7c,1,【第一场】,23,dialogue,dialogue,正德帝,pdf_01000000__01002011___1a9416b419__char__612185295d,白,白,白,去；念白,正德帝,被他占了便宜去了!,正德帝（白）被他占了便宜去了!
pdf_01000000__01002011___1a9416b419,梅龙镇,pdf_01000000__01002011___1a9416b419__line__000023,pdf_01000000__01002011___1a9416b419__scene__001,01002011_梅龙镇.pdf,D:\University_studies\Junior\data_visualization\experiment\final_self\opera_dataset\01000000\01002011_梅龙镇.pdf,01000000/01002011_梅龙镇.pdf,62507f36-aa22-4065-bb0f-f7de69f87e7c,1,【第一场】,23,lyric,lyric,李凤姐,pdf_01000000__01002011___1a9416b419__char__53ea4bf90b,西皮流水板,唱,西皮流水板,唱段,李凤姐,"骂声军爷理太差,不该调戏我们好人家。","李凤姐（西皮流水板）骂声军爷理太差,不该调戏我们好人家。"
pdf_01000000__01002011___1a9416b419,梅龙镇,pdf_01000000__01002011___1a9416b419__line__000023,pdf_01000000__01002011___1a9416b419__scene__001,01002011_梅龙镇.pdf,D:\University_studies\Junior\data_visualization\experiment\final_self\opera_dataset\01000000\01002011_梅龙镇.pdf,01000000/01002011_梅龙镇.pdf,62507f36-aa22-4065-bb0f-f7de69f87e7c,1,【第一场】,23,lyric,lyric,正德帝,pdf_01000000__01002011___1a9416b419__char__612185295d,西皮流水板,唱,西皮流水板,来；唱段,正德帝,"好人家来好人家,不该头戴海棠花。扭扭捏捏人人爱,风流就在这朵花。","正德帝（西皮流水板）好人家来好人家,不该头戴海棠花。扭扭捏捏人人爱,风流就在这朵花。"
pdf_01000000__01002011___1a9416b419,梅龙镇,pdf_01000000__01002011___1a9416b419__line__000023,pdf_01000000__01002011___1a9416b419__scene__001,01002011_梅龙镇.pdf,D:\University_studies\Junior\data_visualization\experiment\final_self\opera_dataset\01000000\01002011_梅龙镇.pdf,01000000/01002011_梅龙镇.pdf,62507f36-aa22-4065-bb0f-f7de69f87e7c,1,【第一场】,23,lyric,lyric,李凤姐,pdf_01000000__01002011___1a9416b419__char__53ea4bf90b,西皮流水板,唱,西皮流水板,来；笑；唱段,李凤姐,"海棠花来海棠花,反被军爷取笑咱。我这里将花丢在地,踏来踏。从今后不带这朵海棠花","李凤姐（西皮流水板）海棠花来海棠花,反被军爷取笑咱。我这里将花丢在地,踏来踏。从今后不带这朵海棠花"
pdf_01000000__01002011___1a9416b419,梅龙镇,pdf_01000000__01002011___1a9416b419__line__000023,pdf_01000000__01002011___1a9416b419__scene__001,01002011_梅龙镇.pdf,D:\University_studies\Junior\data_visualization\experiment\final_self\opera_dataset\01000000\01002011_梅龙镇.pdf,01000000/01002011_梅龙镇.pdf,62507f36-aa22-4065-bb0f-f7de69f87e7c,1,【第一场】,23,lyric,lyric,正德帝,pdf_01000000__01002011___1a9416b419__char__612185295d,西皮流水板,唱,西皮流水板,上；来；唱段,正德帝,"大姐做事理太差,不该踏碎这海棠花。为君与你来拾起,我与你插,我与你插了,插了上这朵海棠花。","正德帝（西皮流水板）大姐做事理太差,不该踏碎这海棠花。为君与你来拾起,我与你插,我与你插了,插了上这朵海棠花。"
pdf_01000000__01002011___1a9416b419,梅龙镇,pdf_01000000__01002011___1a9416b419__line__000023,pdf_01000000__01002011___1a9416b419__scene__001,01002011_梅龙镇.pdf,D:\University_studies\Junior\data_visualization\experiment\final_self\opera_dataset\01000000\01002011_梅龙镇.pdf,01000000/01002011_梅龙镇.pdf,62507f36-aa22-4065-bb0f-f7de69f87e7c,1,【第一场】,23,lyric,lyric,李凤姐,pdf_01000000__01002011___1a9416b419__char__53ea4bf90b,西皮流水板,唱,西皮流水板,唱段,李凤姐,"凤姐一见事不好,急忙回转绣房门。","李凤姐（西皮流水板）凤姐一见事不好,急忙回转绣房门。"
pdf_01000000__01002011___1a9416b419,梅龙镇,pdf_01000000__01002011___1a9416b419__line__000023,pdf_01000000__01002011___1a9416b419__scene__001,01002011_梅龙镇.pdf,D:\University_studies\Junior\data_visualization\experiment\final_self\opera_dataset\01000000\01002011_梅龙镇.pdf,01000000/01002011_梅龙镇.pdf,62507f36-aa22-4065-bb0f-f7de69f87e7c,1,【第一场】,23,lyric,lyric,正德帝,pdf_01000000__01002011___1a9416b419__char__612185295d,西皮流水板,唱,西皮流水板,走；唱段,正德帝,"任你走到汪洋海,为君赶到水晶宫。","正德帝（西皮流水板）任你走到汪洋海,为君赶到水晶宫。"
pdf_01000000__01002011___1a9416b419,梅龙镇,pdf_01000000__01002011___1a9416b419__line__000027,pdf_01000000__01002011___1a9416b419__scene__002,01002011_梅龙镇.pdf,D:\University_studies\Junior\data_visualization\experiment\final_self\opera_dataset\01000000\01002011_梅龙镇.pdf,01000000/01002011_梅龙镇.pdf,62507f36-aa22-4065-bb0f-f7de69f87e7c,2,【第二场】,27,dialogue,dialogue,李凤姐,pdf_01000000__01002011___1a9416b419__char__53ea4bf90b,白,白,白,念白,李凤姐,你就献宝。,李凤姐（白）你就献宝。
pdf_01000000__01002011___1a9416b419,梅龙镇,pdf_01000000__01002011___1a9416b419__line__000027,pdf_01000000__01002011___1a9416b419__scene__002,01002011_梅龙镇.pdf,D:\University_studies\Junior\data_visualization\experiment\final_self\opera_dataset\01000000\01002011_梅龙镇.pdf,01000000/01002011_梅龙镇.pdf,62507f36-aa22-4065-bb0f-f7de69f87e7c,2,【第二场】,27,dialogue,dialogue,正德帝,pdf_01000000__01002011___1a9416b419__char__612185295d,白,白,白,念白,正德帝,倘若无宝?,正德帝（白）倘若无宝?
pdf_01000000__01002011___1a9416b419,梅龙镇,pdf_01000000__01002011___1a9416b419__line__000027,pdf_01000000__01002011___1a9416b419__scene__002,01002011_梅龙镇.pdf,D:\University_studies\Junior\data_visualization\experiment\final_self\opera_dataset\01000000\01002011_梅龙镇.pdf,01000000/01002011_梅龙镇.pdf,62507f36-aa22-4065-bb0f-f7de69f87e7c,2,【第二场】,27,dialogue,dialogue,李凤姐,pdf_01000000__01002011___1a9416b419__char__53ea4bf90b,白,白,白,念白,李凤姐,献你娘的现世宝。,李凤姐（白）献你娘的现世宝。
pdf_01000000__01002011___1a9416b419,梅龙镇,pdf_01000000__01002011___1a9416b419__line__000027,pdf_01000000__01002011___1a9416b419__scene__002,01002011_梅龙镇.pdf,D:\University_studies\Junior\data_visualization\experiment\final_self\opera_dataset\01000000\01002011_梅龙镇.pdf,01000000/01002011_梅龙镇.pdf,62507f36-aa22-4065-bb0f-f7de69f87e7c,2,【第二场】,27,dialogue,dialogue,正德帝,pdf_01000000__01002011___1a9416b419__char__612185295d,白,白,白,念白,正德帝,"不要骂人,大姐观宝。","正德帝（白）不要骂人,大姐观宝。"
pdf_01000000__01002011___1a9416b419,梅龙镇,pdf_01000000__01002011___1a9416b419__line__000027,pdf_01000000__01002011___1a9416b419__scene__002,01002011_梅龙镇.pdf,D:\University_studies\Junior\data_visualization\experiment\final_self\opera_dataset\01000000\01002011_梅龙镇.pdf,01000000/01002011_梅龙镇.pdf,62507f36-aa22-4065-bb0f-f7de69f87e7c,2,【第二场】,27,dialogue,dialogue,李凤姐,pdf_01000000__01002011___1a9416b419__char__53ea4bf90b,白,白,白,念白,李凤姐,好宝贝。,李凤姐（白）好宝贝。
pdf_01000000__01002011___1a9416b419,梅龙镇,pdf_01000000__01002011___1a9416b419__line__000027,pdf_01000000__01002011___1a9416b419__scene__002,01002011_梅龙镇.pdf,D:\University_studies\Junior\data_visualization\experiment\final_self\opera_dataset\01000000\01002011_梅龙镇.pdf,01000000/01002011_梅龙镇.pdf,62507f36-aa22-4065-bb0f-f7de69f87e7c,2,【第二场】,27,dialogue,dialogue,正德帝,pdf_01000000__01002011___1a9416b419__char__612185295d,白,白,白,下；跪；念白,正德帝,下跪何人?,正德帝（白）下跪何人?
pdf_01000000__01002011___1a9416b419,梅龙镇,pdf_01000000__01002011___1a9416b419__line__000027,pdf_01000000__01002011___1a9416b419__scene__002,01002011_梅龙镇.pdf,D:\University_studies\Junior\data_visualization\experiment\final_self\opera_dataset\01000000\01002011_梅龙镇.pdf,01000000/01002011_梅龙镇.pdf,62507f36-aa22-4065-bb0f-f7de69f87e7c,2,【第二场】,27,dialogue,dialogue,李凤姐,pdf_01000000__01002011___1a9416b419__char__53ea4bf90b,白,白,白,念白,李凤姐,李凤姐。,李凤姐（白）李凤姐。
pdf_01000000__01002011___1a9416b419,梅龙镇,pdf_01000000__01002011___1a9416b419__line__000027,pdf_01000000__01002011___1a9416b419__scene__002,01002011_梅龙镇.pdf,D:\University_studies\Junior\data_visualization\experiment\final_self\opera_dataset\01000000\01002011_梅龙镇.pdf,01000000/01002011_梅龙镇.pdf,62507f36-aa22-4065-bb0f-f7de69f87e7c,2,【第二场】,27,dialogue,dialogue,正德帝,pdf_01000000__01002011___1a9416b419__char__612185295d,白,白,白,跪；念白,正德帝,跪在为君面前做甚?,正德帝（白）跪在为君面前做甚?
pdf_01000000__01002011___1a9416b419,梅龙镇,pdf_01000000__01002011___1a9416b419__line__000027,pdf_01000000__01002011___1a9416b419__scene__002,01002011_梅龙镇.pdf,D:\University_studies\Junior\data_visualization\experiment\final_self\opera_dataset\01000000\01002011_梅龙镇.pdf,01000000/01002011_梅龙镇.pdf,62507f36-aa22-4065-bb0f-f7de69f87e7c,2,【第二场】,27,dialogue,dialogue,李凤姐,pdf_01000000__01002011___1a9416b419__char__53ea4bf90b,白,白,白,来；念白,李凤姐,前来讨封。,李凤姐（白）前来讨封。
pdf_01000000__01002011___1a9416b419,梅龙镇,pdf_01000000__01002011___1a9416b419__line__000027,pdf_01000000__01002011___1a9416b419__scene__002,01002011_梅龙镇.pdf,D:\University_studies\Junior\data_visualization\experiment\final_self\opera_dataset\01000000\01002011_梅龙镇.pdf,01000000/01002011_梅龙镇.pdf,62507f36-aa22-4065-bb0f-f7de69f87e7c,2,【第二场】,27,dialogue,dialogue,正德帝,pdf_01000000__01002011___1a9416b419__char__612185295d,白,白,白,念白,正德帝,"你方才骂我是你家哥哥的大舅子,我是不封。","正德帝（白）你方才骂我是你家哥哥的大舅子,我是不封。"
pdf_01000000__01002011___1a9416b419,梅龙镇,pdf_01000000__01002011___1a9416b419__line__000027,pdf_01000000__01002011___1a9416b419__scene__002,01002011_梅龙镇.pdf,D:\University_studies\Junior\data_visualization\experiment\final_self\opera_dataset\01000000\01002011_梅龙镇.pdf,01000000/01002011_梅龙镇.pdf,62507f36-aa22-4065-bb0f-f7de69f87e7c,2,【第二场】,27,dialogue,dialogue,李凤姐,pdf_01000000__01002011___1a9416b419__char__53ea4bf90b,白,白,白,念白,李凤姐,"你封了我,我家哥哥是你的大舅子。","李凤姐（白）你封了我,我家哥哥是你的大舅子。"
pdf_01000000__01002011___1a9416b419,梅龙镇,pdf_01000000__01002011___1a9416b419__line__000027,pdf_01000000__01002011___1a9416b419__scene__002,01002011_梅龙镇.pdf,D:\University_studies\Junior\data_visualization\experiment\final_self\opera_dataset\01000000\01002011_梅龙镇.pdf,01000000/01002011_梅龙镇.pdf,62507f36-aa22-4065-bb0f-f7de69f87e7c,2,【第二场】,27,dialogue,dialogue,正德帝,pdf_01000000__01002011___1a9416b419__char__612185295d,白,白,白,念白,正德帝,小舅子也不封。,正德帝（白）小舅子也不封。
pdf_01000000__01002011___1a9416b419,梅龙镇,pdf_01000000__01002011___1a9416b419__line__000027,pdf_01000000__01002011___1a9416b419__scene__002,01002011_梅龙镇.pdf,D:\University_studies\Junior\data_visualization\experiment\final_self\opera_dataset\01000000\01002011_梅龙镇.pdf,01000000/01002011_梅龙镇.pdf,62507f36-aa22-4065-bb0f-f7de69f87e7c,2,【第二场】,27,dialogue,dialogue,李凤姐,pdf_01000000__01002011___1a9416b419__char__53ea4bf90b,白,白,白,念白,李凤姐,就是小舅子。,李凤姐（白）就是小舅子。
pdf_01000000__01002011___1a9416b419,梅龙镇,pdf_01000000__01002011___1a9416b419__line__000027,pdf_01000000__01002011___1a9416b419__scene__002,01002011_梅龙镇.pdf,D:\University_studies\Junior\data_visualization\experiment\final_self\opera_dataset\01000000\01002011_梅龙镇.pdf,01000000/01002011_梅龙镇.pdf,62507f36-aa22-4065-bb0f-f7de69f87e7c,2,【第二场】,27,dialogue,dialogue,正德帝,pdf_01000000__01002011___1a9416b419__char__612185295d,白,白,白,念白,正德帝,也不封。,正德帝（白）也不封。
pdf_01000000__01002011___1a9416b419,梅龙镇,pdf_01000000__01002011___1a9416b419__line__000027,pdf_01000000__01002011___1a9416b419__scene__002,01002011_梅龙镇.pdf,D:\University_studies\Junior\data_visualization\experiment\final_self\opera_dataset\01000000\01002011_梅龙镇.pdf,01000000/01002011_梅龙镇.pdf,62507f36-aa22-4065-bb0f-f7de69f87e7c,2,【第二场】,27,dialogue,dialogue,李凤姐,pdf_01000000__01002011___1a9416b419__char__53ea4bf90b,白,白,白,念白,李凤姐,封一点点。,李凤姐（白）封一点点。
pdf_01000000__01002011___1a9416b419,梅龙镇,pdf_01000000__01002011___1a9416b419__line__000027,pdf_01000000__01002011___1a9416b419__scene__002,01002011_梅龙镇.pdf,D:\University_studies\Junior\data_visualization\experiment\final_self\opera_dataset\01000000\01002011_梅龙镇.pdf,01000000/01002011_梅龙镇.pdf,62507f36-aa22-4065-bb0f-f7de69f87e7c,2,【第二场】,27,dialogue,dialogue,正德帝,pdf_01000000__01002011___1a9416b419__char__612185295d,白,白,白,念白,正德帝,不封。,正德帝（白）不封。
pdf_01000000__01002011___1a9416b419,梅龙镇,pdf_01000000__01002011___1a9416b419__line__000027,pdf_01000000__01002011___1a9416b419__scene__002,01002011_梅龙镇.pdf,D:\University_studies\Junior\data_visualization\experiment\final_self\opera_dataset\01000000\01002011_梅龙镇.pdf,01000000/01002011_梅龙镇.pdf,62507f36-aa22-4065-bb0f-f7de69f87e7c,2,【第二场】,27,dialogue,dialogue,李凤姐,pdf_01000000__01002011___1a9416b419__char__53ea4bf90b,白,白,白,念白,李凤姐,封一微微。,李凤姐（白）封一微微。
pdf_01000000__01002011___1a9416b419,梅龙镇,pdf_01000000__01002011___1a9416b419__line__000027,pdf_01000000__01002011___1a9416b419__scene__002,01002011_梅龙镇.pdf,D:\University_studies\Junior\data_visualization\experiment\final_self\opera_dataset\01000000\01002011_梅龙镇.pdf,01000000/01002011_梅龙镇.pdf,62507f36-aa22-4065-bb0f-f7de69f87e7c,2,【第二场】,27,dialogue,dialogue,正德帝,pdf_01000000__01002011___1a9416b419__char__612185295d,白,白,白,念白,正德帝,不封。,正德帝（白）不封。
pdf_01000000__01002011___1a9416b419,梅龙镇,pdf_01000000__01002011___1a9416b419__line__000027,pdf_01000000__01002011___1a9416b419__scene__002,01002011_梅龙镇.pdf,D:\University_studies\Junior\data_visualization\experiment\final_self\opera_dataset\01000000\01002011_梅龙镇.pdf,01000000/01002011_梅龙镇.pdf,62507f36-aa22-4065-bb0f-f7de69f87e7c,2,【第二场】,27,dialogue,dialogue,李凤姐,pdf_01000000__01002011___1a9416b419__char__53ea4bf90b,白,白,白,念白,李凤姐,封一洩洩。,李凤姐（白）封一洩洩。
pdf_01000000__01002011___1a9416b419,梅龙镇,pdf_01000000__01002011___1a9416b419__line__000027,pdf_01000000__01002011___1a9416b419__scene__002,01002011_梅龙镇.pdf,D:\University_studies\Junior\data_visualization\experiment\final_self\opera_dataset\01000000\01002011_梅龙镇.pdf,01000000/01002011_梅龙镇.pdf,62507f36-aa22-4065-bb0f-f7de69f87e7c,2,【第二场】,27,dialogue,dialogue,正德帝,pdf_01000000__01002011___1a9416b419__char__612185295d,白,白,白,念白,正德帝,也不封。,正德帝（白）也不封。
pdf_01000000__01002011___1a9416b419,梅龙镇,pdf_01000000__01002011___1a9416b419__line__000027,pdf_01000000__01002011___1a9416b419__scene__002,01002011_梅龙镇.pdf,D:\University_studies\Junior\data_visualization\experiment\final_self\opera_dataset\01000000\01002011_梅龙镇.pdf,01000000/01002011_梅龙镇.pdf,62507f36-aa22-4065-bb0f-f7de69f87e7c,2,【第二场】,27,dialogue,dialogue,李凤姐,pdf_01000000__01002011___1a9416b419__char__53ea4bf90b,白,白,白,念白,李凤姐,不封也罢。,李凤姐（白）不封也罢。
pdf_01000000__01002011___1a9416b419,梅龙镇,pdf_01000000__01002011___1a9416b419__line__000027,pdf_01000000__01002011___1a9416b419__scene__002,01002011_梅龙镇.pdf,D:\University_studies\Junior\data_visualization\experiment\final_self\opera_dataset\01000000\01002011_梅龙镇.pdf,01000000/01002011_梅龙镇.pdf,62507f36-aa22-4065-bb0f-f7de69f87e7c,2,【第二场】,27,dialogue,dialogue,正德帝,pdf_01000000__01002011___1a9416b419__char__612185295d,白,白,白,念白,正德帝,"我若不封,岂不羞煞你这个丫头?","正德帝（白）我若不封,岂不羞煞你这个丫头?"
pdf_01000000__01002011___1a9416b419,梅龙镇,pdf_01000000__01002011___1a9416b419__line__000027,pdf_01000000__01002011___1a9416b419__scene__002,01002011_梅龙镇.pdf,D:\University_studies\Junior\data_visualization\experiment\final_self\opera_dataset\01000000\01002011_梅龙镇.pdf,01000000/01002011_梅龙镇.pdf,62507f36-aa22-4065-bb0f-f7de69f87e7c,2,【第二场】,27,dialogue,dialogue,李凤姐,pdf_01000000__01002011___1a9416b419__char__53ea4bf90b,白,白,白,念白,李凤姐,怕你不封。,李凤姐（白）怕你不封。
pdf_01000000__01002011___1a9416b419,梅龙镇,pdf_01000000__01002011___1a9416b419__line__000027,pdf_01000000__01002011___1a9416b419__scene__002,01002011_梅龙镇.pdf,D:\University_studies\Junior\data_visualization\experiment\final_self\opera_dataset\01000000\01002011_梅龙镇.pdf,01000000/01002011_梅龙镇.pdf,62507f36-aa22-4065-bb0f-f7de69f87e7c,2,【第二场】,27,dialogue,dialogue,正德帝,pdf_01000000__01002011___1a9416b419__char__612185295d,白,白,白,念白,正德帝,凤姐听封:,正德帝（白）凤姐听封:
pdf_01000000__01002011___1a9416b419,梅龙镇,pdf_01000000__01002011___1a9416b419__line__000027,pdf_01000000__01002011___1a9416b419__scene__002,01002011_梅龙镇.pdf,D:\University_studies\Junior\data_visualization\experiment\final_self\opera_dataset\01000000\01002011_梅龙镇.pdf,01000000/01002011_梅龙镇.pdf,62507f36-aa22-4065-bb0f-f7de69f87e7c,2,【第二场】,27,dialogue,dialogue,李凤姐,pdf_01000000__01002011___1a9416b419__char__53ea4bf90b,二黄平板,唱,二黄平板,来,李凤姐,"我叩罢头来龙恩谢,","李凤姐（二黄平板）我叩罢头来龙恩谢,"
pdf_01000000__01002011___1a9416b419,梅龙镇,pdf_01000000__01002011___1a9416b419__line__000027,pdf_01000000__01002011___1a9416b419__scene__002,01002011_梅龙镇.pdf,D:\University_studies\Junior\data_visualization\experiment\final_self\opera_dataset\01000000\01002011_梅龙镇.pdf,01000000/01002011_梅龙镇.pdf,62507f36-aa22-4065-bb0f-f7de69f87e7c,2,【第二场】,27,dialogue,dialogue,正德帝,pdf_01000000__01002011___1a9416b419__char__612185295d,二黄平板,唱,二黄平板,搀,正德帝,用手搀起爱梓童。,正德帝（二黄平板）用手搀起爱梓童。
pdf_01000000__01002011___1a9416b419,梅龙镇,pdf_01000000__01002011___1a9416b419__line__000027,pdf_01000000__01002011___1a9416b419__scene__002,01002011_梅龙镇.pdf,D:\University_studies\Junior\data_visualization\experiment\final_self\opera_dataset\01000000\01002011_梅龙镇.pdf,01000000/01002011_梅龙镇.pdf,62507f36-aa22-4065-bb0f-f7de69f87e7c,2,【第二场】,27,dialogue,dialogue,李凤姐,pdf_01000000__01002011___1a9416b419__char__53ea4bf90b,二黄平板,唱,二黄平板,问,李凤姐,问声君爷欲何往?,李凤姐（二黄平板）问声君爷欲何往?
pdf_01000000__01002011___1a9416b419,梅龙镇,pdf_01000000__01002011___1a9416b419__line__000027,pdf_01000000__01002011___1a9416b419__scene__002,01002011_梅龙镇.pdf,D:\University_studies\Junior\data_visualization\experiment\final_self\opera_dataset\01000000\01002011_梅龙镇.pdf,01000000/01002011_梅龙镇.pdf,62507f36-aa22-4065-bb0f-f7de69f87e7c,2,【第二场】,27,dialogue,dialogue,正德帝,pdf_01000000__01002011___1a9416b419__char__612185295d,二黄平板,唱,二黄平板,打,正德帝,为君打马奔大同。,正德帝（二黄平板）为君打马奔大同。
pdf_01000000__01002011___1a9416b419,梅龙镇,pdf_01000000__01002011___1a9416b419__line__000027,pdf_01000000__01002011___1a9416b419__scene__002,01002011_梅龙镇.pdf,D:\University_studies\Junior\data_visualization\experiment\final_self\opera_dataset\01000000\01002011_梅龙镇.pdf,01000000/01002011_梅龙镇.pdf,62507f36-aa22-4065-bb0f-f7de69f87e7c,2,【第二场】,27,dialogue,dialogue,李凤姐,pdf_01000000__01002011___1a9416b419__char__53ea4bf90b,二黄平板,唱,二黄平板,上,李凤姐,"就在这梅龙镇上宿一晚,","李凤姐（二黄平板）就在这梅龙镇上宿一晚,"
pdf_01000000__01002011___1a9416b419,梅龙镇,pdf_01000000__01002011___1a9416b419__line__000027,pdf_01000000__01002011___1a9416b419__scene__002,01002011_梅龙镇.pdf,D:\University_studies\Junior\data_visualization\experiment\final_self\opera_dataset\01000000\01002011_梅龙镇.pdf,01000000/01002011_梅龙镇.pdf,62507f36-aa22-4065-bb0f-f7de69f87e7c,2,【第二场】,27,dialogue,dialogue,正德帝、李凤姐,pdf_01000000__01002011___1a9416b419__char__c0121671c1,同二黄平板,对白,同二黄平板,,正德帝、李凤姐；李凤姐；正德帝,一对金杯落真龙。,正德帝、李凤姐（同二黄平板）一对金杯落真龙。
pdf_01000000__01002011___1a9416b419,梅龙镇,pdf_01000000__01002011___1a9416b419__line__000027,pdf_01000000__01002011___1a9416b419__scene__002,01002011_梅龙镇.pdf,D:\University_studies\Junior\data_visualization\experiment\final_self\opera_dataset\01000000\01002011_梅龙镇.pdf,01000000/01002011_梅龙镇.pdf,62507f36-aa22-4065-bb0f-f7de69f87e7c,2,【第二场】,27,dialogue,dialogue,李凤姐,pdf_01000000__01002011___1a9416b419__char__53ea4bf90b,白,白,白,请；念白,李凤姐,君爷请呀。,李凤姐（白）君爷请呀。
pdf_01000000__01002011___1a9416b419,梅龙镇,pdf_01000000__01002011___1a9416b419__line__000027,pdf_01000000__01002011___1a9416b419__scene__002,01002011_梅龙镇.pdf,D:\University_studies\Junior\data_visualization\experiment\final_self\opera_dataset\01000000\01002011_梅龙镇.pdf,01000000/01002011_梅龙镇.pdf,62507f36-aa22-4065-bb0f-f7de69f87e7c,2,【第二场】,27,dialogue,dialogue,正德帝,pdf_01000000__01002011___1a9416b419__char__612185295d,白,白,白,请；念白,正德帝,请到哪里?,正德帝（白）请到哪里?
pdf_01000000__01002011___1a9416b419,梅龙镇,pdf_01000000__01002011___1a9416b419__line__000027,pdf_01000000__01002011___1a9416b419__scene__002,01002011_梅龙镇.pdf,D:\University_studies\Junior\data_visualization\experiment\final_self\opera_dataset\01000000\01002011_梅龙镇.pdf,01000000/01002011_梅龙镇.pdf,62507f36-aa22-4065-bb0f-f7de69f87e7c,2,【第二场】,27,dialogue,dialogue,李凤姐,pdf_01000000__01002011___1a9416b419__char__53ea4bf90b,白,白,白,请；念白,李凤姐,请到卧房。,李凤姐（白）请到卧房。
pdf_01000000__01002011___1a9416b419,梅龙镇,pdf_01000000__01002011___1a9416b419__line__000027,pdf_01000000__01002011___1a9416b419__scene__002,01002011_梅龙镇.pdf,D:\University_studies\Junior\data_visualization\experiment\final_self\opera_dataset\01000000\01002011_梅龙镇.pdf,01000000/01002011_梅龙镇.pdf,62507f36-aa22-4065-bb0f-f7de69f87e7c,2,【第二场】,27,dialogue,dialogue,正德帝,pdf_01000000__01002011___1a9416b419__char__612185295d,白,白,白,走；去；念白,正德帝,"走啊,啊,不去了。","正德帝（白）走啊,啊,不去了。"
pdf_01000000__01002011___1a9416b419,梅龙镇,pdf_01000000__01002011___1a9416b419__line__000027,pdf_01000000__01002011___1a9416b419__scene__002,01002011_梅龙镇.pdf,D:\University_studies\Junior\data_visualization\experiment\final_self\opera_dataset\01000000\01002011_梅龙镇.pdf,01000000/01002011_梅龙镇.pdf,62507f36-aa22-4065-bb0f-f7de69f87e7c,2,【第二场】,27,dialogue,dialogue,李凤姐,pdf_01000000__01002011___1a9416b419__char__53ea4bf90b,白,白,白,去；念白,李凤姐,为何不去?,李凤姐（白）为何不去?
pdf_01000000__01002011___1a9416b419,梅龙镇,pdf_01000000__01002011___1a9416b419__line__000027,pdf_01000000__01002011___1a9416b419__scene__002,01002011_梅龙镇.pdf,D:\University_studies\Junior\data_visualization\experiment\final_self\opera_dataset\01000000\01002011_梅龙镇.pdf,01000000/01002011_梅龙镇.pdf,62507f36-aa22-4065-bb0f-f7de69f87e7c,2,【第二场】,27,dialogue,dialogue,正德帝,pdf_01000000__01002011___1a9416b419__char__612185295d,白,白,白,念白,正德帝,我怕。,正德帝（白）我怕。
pdf_01000000__01002011___1a9416b419,梅龙镇,pdf_01000000__01002011___1a9416b419__line__000027,pdf_01000000__01002011___1a9416b419__scene__002,01002011_梅龙镇.pdf,D:\University_studies\Junior\data_visualization\experiment\final_self\opera_dataset\01000000\01002011_梅龙镇.pdf,01000000/01002011_梅龙镇.pdf,62507f36-aa22-4065-bb0f-f7de69f87e7c,2,【第二场】,27,dialogue,dialogue,李凤姐,pdf_01000000__01002011___1a9416b419__char__53ea4bf90b,白,白,白,念白,李凤姐,你怕什么?,李凤姐（白）你怕什么?
pdf_01000000__01002011___1a9416b419,梅龙镇,pdf_01000000__01002011___1a9416b419__line__000027,pdf_01000000__01002011___1a9416b419__scene__002,01002011_梅龙镇.pdf,D:\University_studies\Junior\data_visualization\experiment\final_self\opera_dataset\01000000\01002011_梅龙镇.pdf,01000000/01002011_梅龙镇.pdf,62507f36-aa22-4065-bb0f-f7de69f87e7c,2,【第二场】,27,dialogue,dialogue,正德帝,pdf_01000000__01002011___1a9416b419__char__612185295d,白,白,白,念白,正德帝,我怕你家哥哥。,正德帝（白）我怕你家哥哥。
pdf_01000000__01002011___1a9416b419,梅龙镇,pdf_01000000__01002011___1a9416b419__line__000027,pdf_01000000__01002011___1a9416b419__scene__002,01002011_梅龙镇.pdf,D:\University_studies\Junior\data_visualization\experiment\final_self\opera_dataset\01000000\01002011_梅龙镇.pdf,01000000/01002011_梅龙镇.pdf,62507f36-aa22-4065-bb0f-f7de69f87e7c,2,【第二场】,27,dialogue,dialogue,李凤姐,pdf_01000000__01002011___1a9416b419__char__53ea4bf90b,白,白,白,念白,李凤姐,有我。,李凤姐（白）有我。
pdf_01000000__01002011___1a9416b419,梅龙镇,pdf_01000000__01002011___1a9416b419__line__000027,pdf_01000000__01002011___1a9416b419__scene__002,01002011_梅龙镇.pdf,D:\University_studies\Junior\data_visualization\experiment\final_self\opera_dataset\01000000\01002011_梅龙镇.pdf,01000000/01002011_梅龙镇.pdf,62507f36-aa22-4065-bb0f-f7de69f87e7c,2,【第二场】,27,dialogue,dialogue,正德帝,pdf_01000000__01002011___1a9416b419__char__612185295d,白,白,白,走；念白,正德帝,"有你就不要紧了,走啊,凤姐。","正德帝（白）有你就不要紧了,走啊,凤姐。"
pdf_01000000__01002011___1a9416b419,梅龙镇,pdf_01000000__01002011___1a9416b419__line__000027,pdf_01000000__01002011___1a9416b419__scene__002,01002011_梅龙镇.pdf,D:\University_studies\Junior\data_visualization\experiment\final_self\opera_dataset\01000000\01002011_梅龙镇.pdf,01000000/01002011_梅龙镇.pdf,62507f36-aa22-4065-bb0f-f7de69f87e7c,2,【第二场】,27,dialogue,dialogue,李凤姐,pdf_01000000__01002011___1a9416b419__char__53ea4bf90b,白,白,白,念白,李凤姐,君爷。,李凤姐（白）君爷。
pdf_01000000__01002011___1a9416b419,梅龙镇,pdf_01000000__01002011___1a9416b419__line__000029,pdf_01000000__01002011___1a9416b419__scene__002,01002011_梅龙镇.pdf,D:\University_studies\Junior\data_visualization\experiment\final_self\opera_dataset\01000000\01002011_梅龙镇.pdf,01000000/01002011_梅龙镇.pdf,62507f36-aa22-4065-bb0f-f7de69f87e7c,2,【第二场】,29,dialogue,dialogue,正德帝,pdf_01000000__01002011___1a9416b419__char__612185295d,白,白,白,念白,正德帝,梓童。,正德帝（白）梓童。
pdf_01000000__01002011___1a9416b419,梅龙镇,pdf_01000000__01002011___1a9416b419__line__000029,pdf_01000000__01002011___1a9416b419__scene__002,01002011_梅龙镇.pdf,D:\University_studies\Junior\data_visualization\experiment\final_self\opera_dataset\01000000\01002011_梅龙镇.pdf,01000000/01002011_梅龙镇.pdf,62507f36-aa22-4065-bb0f-f7de69f87e7c,2,【第二场】,29,dialogue,dialogue,李凤姐,pdf_01000000__01002011___1a9416b419__char__53ea4bf90b,白,白,白,念白,李凤姐,万岁。,李凤姐（白）万岁。
pdf_01000000__01002011___1a9416b419,梅龙镇,pdf_01000000__01002011___1a9416b419__line__000029,pdf_01000000__01002011___1a9416b419__scene__002,01002011_梅龙镇.pdf,D:\University_studies\Junior\data_visualization\experiment\final_self\opera_dataset\01000000\01002011_梅龙镇.pdf,01000000/01002011_梅龙镇.pdf,62507f36-aa22-4065-bb0f-f7de69f87e7c,2,【第二场】,29,dialogue,dialogue,正德帝,pdf_01000000__01002011___1a9416b419__char__612185295d,白,白,白,进；念白,正德帝,摆驾进宫。,正德帝（白）摆驾进宫。
pdf_01000000__01002011___1a9416b419,梅龙镇,pdf_01000000__01002011___1a9416b419__line__000031,pdf_01000000__01002011___1a9416b419__scene__002,01002011_梅龙镇.pdf,D:\University_studies\Junior\data_visualization\experiment\final_self\opera_dataset\01000000\01002011_梅龙镇.pdf,01000000/01002011_梅龙镇.pdf,62507f36-aa22-4065-bb0f-f7de69f87e7c,2,【第二场】,31,stage_direction,stage_direction,,,正德帝、李凤姐同下。,做,正德帝、李凤姐同下。,下,李凤姐；正德帝,,（正德帝、李凤姐同下。）
pdf_01000000__01002011___1a9416b419,梅龙镇,pdf_01000000__01002011___1a9416b419__line__000033,pdf_01000000__01002011___1a9416b419__scene__002,01002011_梅龙镇.pdf,D:\University_studies\Junior\data_visualization\experiment\final_self\opera_dataset\01000000\01002011_梅龙镇.pdf,01000000/01002011_梅龙镇.pdf,62507f36-aa22-4065-bb0f-f7de69f87e7c,2,【第二场】,33,stage_direction,stage_direction,,,完,做,完,,完,,（完）
