doc_id,doc_title,line_id,scene_id,source_file,source_path,relative_path,batch_id,scene_index,scene,line_no,row_type,line_category,speaker,speaker_char_id,cue,text,target,target_char_id,emotion_tag,speech_act,entity_tags,action_tags,is_key_line,emotion_derived_by,target_derived_by,llm_confidence,raw_line
pdf_01000000__01004009___abe4e0ff20,忠孝全,pdf_01000000__01004009___abe4e0ff20__line__000001,pdf_01000000__01004009___abe4e0ff20__scene__000,01004009_忠孝全.pdf,D:\University_studies\Junior\data_visualization\experiment\final_self\opera_dataset\01000000\01004009_忠孝全.pdf,01000000/01004009_忠孝全.pdf,49bfac8f-ad5c-4639-829d-be1bd24f8504,0,序幕/前置内容,1,narration,narration,,,,# 《忠孝全》,,,,,,,0,,,,# 《忠孝全》
pdf_01000000__01004009___abe4e0ff20,忠孝全,pdf_01000000__01004009___abe4e0ff20__line__000003,pdf_01000000__01004009___abe4e0ff20__scene__000,01004009_忠孝全.pdf,D:\University_studies\Junior\data_visualization\experiment\final_self\opera_dataset\01000000\01004009_忠孝全.pdf,01000000/01004009_忠孝全.pdf,49bfac8f-ad5c-4639-829d-be1bd24f8504,0,序幕/前置内容,3,narration,narration,,,,# （一名：《斩秦洪》；一名：《金鳌岛》）,秦洪,pdf_01000000__01004009___abe4e0ff20__char__d1234dcda6,,,秦洪,,1,,rule,,# （一名：《斩秦洪》；一名：《金鳌岛》）
pdf_01000000__01004009___abe4e0ff20,忠孝全,pdf_01000000__01004009___abe4e0ff20__line__000025,pdf_01000000__01004009___abe4e0ff20__scene__001,01004009_忠孝全.pdf,D:\University_studies\Junior\data_visualization\experiment\final_self\opera_dataset\01000000\01004009_忠孝全.pdf,01000000/01004009_忠孝全.pdf,49bfac8f-ad5c-4639-829d-be1bd24f8504,1,【第一场】,25,dialogue,dialogue,王振,pdf_01000000__01004009___abe4e0ff20__char__4bbc7c76fc,引子,"日侍天颜,司礼监,国重专权。",,,,,,,0,,,,"王振（引子）日侍天颜,司礼监,国重专权。"
pdf_01000000__01004009___abe4e0ff20,忠孝全,pdf_01000000__01004009___abe4e0ff20__line__000025,pdf_01000000__01004009___abe4e0ff20__scene__001,01004009_忠孝全.pdf,D:\University_studies\Junior\data_visualization\experiment\final_self\opera_dataset\01000000\01004009_忠孝全.pdf,01000000/01004009_忠孝全.pdf,49bfac8f-ad5c-4639-829d-be1bd24f8504,1,【第一场】,25,dialogue,dialogue,王振,pdf_01000000__01004009___abe4e0ff20__char__4bbc7c76fc,白,"你到营门口料理料理,瞧瞧有人投军没有。不要装几巴。",,,,,,念白,1,,,,"王振（白）你到营门口料理料理,瞧瞧有人投军没有。不要装几巴。"
pdf_01000000__01004009___abe4e0ff20,忠孝全,pdf_01000000__01004009___abe4e0ff20__line__000025,pdf_01000000__01004009___abe4e0ff20__scene__001,01004009_忠孝全.pdf,D:\University_studies\Junior\data_visualization\experiment\final_self\opera_dataset\01000000\01004009_忠孝全.pdf,01000000/01004009_忠孝全.pdf,49bfac8f-ad5c-4639-829d-be1bd24f8504,1,【第一场】,25,dialogue,dialogue,中军,pdf_01000000__01004009___abe4e0ff20__char__a476b9af3e,白,是。,王振,pdf_01000000__01004009___abe4e0ff20__char__4bbc7c76fc,,,,念白,0,,rule,,中军（白）是。
pdf_01000000__01004009___abe4e0ff20,忠孝全,pdf_01000000__01004009___abe4e0ff20__line__000025,pdf_01000000__01004009___abe4e0ff20__scene__001,01004009_忠孝全.pdf,D:\University_studies\Junior\data_visualization\experiment\final_self\opera_dataset\01000000\01004009_忠孝全.pdf,01000000/01004009_忠孝全.pdf,49bfac8f-ad5c-4639-829d-be1bd24f8504,1,【第一场】,25,dialogue,dialogue,秦季龙,pdf_01000000__01004009___abe4e0ff20__char__3e8f57054a,念,"上山擒虎易,开口告人难。",中军,pdf_01000000__01004009___abe4e0ff20__char__a476b9af3e,,,,上,0,,rule,,"秦季龙（念）上山擒虎易,开口告人难。"
pdf_01000000__01004009___abe4e0ff20,忠孝全,pdf_01000000__01004009___abe4e0ff20__line__000025,pdf_01000000__01004009___abe4e0ff20__scene__001,01004009_忠孝全.pdf,D:\University_studies\Junior\data_visualization\experiment\final_self\opera_dataset\01000000\01004009_忠孝全.pdf,01000000/01004009_忠孝全.pdf,49bfac8f-ad5c-4639-829d-be1bd24f8504,1,【第一场】,25,dialogue,dialogue,中军,pdf_01000000__01004009___abe4e0ff20__char__a476b9af3e,白,什么人?,秦季龙,pdf_01000000__01004009___abe4e0ff20__char__3e8f57054a,,,,念白,0,,rule,,中军（白）什么人?
pdf_01000000__01004009___abe4e0ff20,忠孝全,pdf_01000000__01004009___abe4e0ff20__line__000025,pdf_01000000__01004009___abe4e0ff20__scene__001,01004009_忠孝全.pdf,D:\University_studies\Junior\data_visualization\experiment\final_self\opera_dataset\01000000\01004009_忠孝全.pdf,01000000/01004009_忠孝全.pdf,49bfac8f-ad5c-4639-829d-be1bd24f8504,1,【第一场】,25,dialogue,dialogue,秦季龙,pdf_01000000__01004009___abe4e0ff20__char__3e8f57054a,白,前来投军。烦老爷通报。,中军,pdf_01000000__01004009___abe4e0ff20__char__a476b9af3e,,,,来；报；念白,0,,rule,,秦季龙（白）前来投军。烦老爷通报。
pdf_01000000__01004009___abe4e0ff20,忠孝全,pdf_01000000__01004009___abe4e0ff20__line__000025,pdf_01000000__01004009___abe4e0ff20__scene__001,01004009_忠孝全.pdf,D:\University_studies\Junior\data_visualization\experiment\final_self\opera_dataset\01000000\01004009_忠孝全.pdf,01000000/01004009_忠孝全.pdf,49bfac8f-ad5c-4639-829d-be1bd24f8504,1,【第一场】,25,dialogue,dialogue,中军,pdf_01000000__01004009___abe4e0ff20__char__a476b9af3e,白,候着。,秦季龙,pdf_01000000__01004009___abe4e0ff20__char__3e8f57054a,,,,念白,0,,rule,,中军（白）候着。
pdf_01000000__01004009___abe4e0ff20,忠孝全,pdf_01000000__01004009___abe4e0ff20__line__000025,pdf_01000000__01004009___abe4e0ff20__scene__001,01004009_忠孝全.pdf,D:\University_studies\Junior\data_visualization\experiment\final_self\opera_dataset\01000000\01004009_忠孝全.pdf,01000000/01004009_忠孝全.pdf,49bfac8f-ad5c-4639-829d-be1bd24f8504,1,【第一场】,25,dialogue,dialogue,中军,pdf_01000000__01004009___abe4e0ff20__char__a476b9af3e,白,启千岁:有一投军人求见。,,,,,,念白,0,,,,中军（白）启千岁:有一投军人求见。
pdf_01000000__01004009___abe4e0ff20,忠孝全,pdf_01000000__01004009___abe4e0ff20__line__000025,pdf_01000000__01004009___abe4e0ff20__scene__001,01004009_忠孝全.pdf,D:\University_studies\Junior\data_visualization\experiment\final_self\opera_dataset\01000000\01004009_忠孝全.pdf,01000000/01004009_忠孝全.pdf,49bfac8f-ad5c-4639-829d-be1bd24f8504,1,【第一场】,25,dialogue,dialogue,王振,pdf_01000000__01004009___abe4e0ff20__char__4bbc7c76fc,白,传。,中军,pdf_01000000__01004009___abe4e0ff20__char__a476b9af3e,,,,传；念白,0,,rule,,王振（白）传。
pdf_01000000__01004009___abe4e0ff20,忠孝全,pdf_01000000__01004009___abe4e0ff20__line__000025,pdf_01000000__01004009___abe4e0ff20__scene__001,01004009_忠孝全.pdf,D:\University_studies\Junior\data_visualization\experiment\final_self\opera_dataset\01000000\01004009_忠孝全.pdf,01000000/01004009_忠孝全.pdf,49bfac8f-ad5c-4639-829d-be1bd24f8504,1,【第一场】,25,dialogue,dialogue,中军,pdf_01000000__01004009___abe4e0ff20__char__a476b9af3e,白,吓。,王振,pdf_01000000__01004009___abe4e0ff20__char__4bbc7c76fc,,,,念白,0,,rule,,中军（白）吓。
pdf_01000000__01004009___abe4e0ff20,忠孝全,pdf_01000000__01004009___abe4e0ff20__line__000025,pdf_01000000__01004009___abe4e0ff20__scene__001,01004009_忠孝全.pdf,D:\University_studies\Junior\data_visualization\experiment\final_self\opera_dataset\01000000\01004009_忠孝全.pdf,01000000/01004009_忠孝全.pdf,49bfac8f-ad5c-4639-829d-be1bd24f8504,1,【第一场】,25,dialogue,dialogue,秦季龙,pdf_01000000__01004009___abe4e0ff20__char__3e8f57054a,白,是。,中军,pdf_01000000__01004009___abe4e0ff20__char__a476b9af3e,,,,念白,0,,rule,,秦季龙（白）是。
pdf_01000000__01004009___abe4e0ff20,忠孝全,pdf_01000000__01004009___abe4e0ff20__line__000025,pdf_01000000__01004009___abe4e0ff20__scene__001,01004009_忠孝全.pdf,D:\University_studies\Junior\data_visualization\experiment\final_self\opera_dataset\01000000\01004009_忠孝全.pdf,01000000/01004009_忠孝全.pdf,49bfac8f-ad5c-4639-829d-be1bd24f8504,1,【第一场】,25,dialogue,dialogue,王振,pdf_01000000__01004009___abe4e0ff20__char__4bbc7c76fc,白,有何武艺?,秦季龙,pdf_01000000__01004009___abe4e0ff20__char__3e8f57054a,,,,念白,0,,rule,,王振（白）有何武艺?
pdf_01000000__01004009___abe4e0ff20,忠孝全,pdf_01000000__01004009___abe4e0ff20__line__000025,pdf_01000000__01004009___abe4e0ff20__scene__001,01004009_忠孝全.pdf,D:\University_studies\Junior\data_visualization\experiment\final_self\opera_dataset\01000000\01004009_忠孝全.pdf,01000000/01004009_忠孝全.pdf,49bfac8f-ad5c-4639-829d-be1bd24f8504,1,【第一场】,25,dialogue,dialogue,秦季龙,pdf_01000000__01004009___abe4e0ff20__char__3e8f57054a,白,"十八般武艺,俱属全会。",王振,pdf_01000000__01004009___abe4e0ff20__char__4bbc7c76fc,,,,念白,0,,rule,,"秦季龙（白）十八般武艺,俱属全会。"
pdf_01000000__01004009___abe4e0ff20,忠孝全,pdf_01000000__01004009___abe4e0ff20__line__000025,pdf_01000000__01004009___abe4e0ff20__scene__001,01004009_忠孝全.pdf,D:\University_studies\Junior\data_visualization\experiment\final_self\opera_dataset\01000000\01004009_忠孝全.pdf,01000000/01004009_忠孝全.pdf,49bfac8f-ad5c-4639-829d-be1bd24f8504,1,【第一场】,25,dialogue,dialogue,王振,pdf_01000000__01004009___abe4e0ff20__char__4bbc7c76fc,白,哪样为先?,秦季龙,pdf_01000000__01004009___abe4e0ff20__char__3e8f57054a,,,,念白,0,,rule,,王振（白）哪样为先?
pdf_01000000__01004009___abe4e0ff20,忠孝全,pdf_01000000__01004009___abe4e0ff20__line__000025,pdf_01000000__01004009___abe4e0ff20__scene__001,01004009_忠孝全.pdf,D:\University_studies\Junior\data_visualization\experiment\final_self\opera_dataset\01000000\01004009_忠孝全.pdf,01000000/01004009_忠孝全.pdf,49bfac8f-ad5c-4639-829d-be1bd24f8504,1,【第一场】,25,dialogue,dialogue,秦季龙,pdf_01000000__01004009___abe4e0ff20__char__3e8f57054a,白,弓马当先。,王振,pdf_01000000__01004009___abe4e0ff20__char__4bbc7c76fc,,,,念白,0,,rule,,秦季龙（白）弓马当先。
pdf_01000000__01004009___abe4e0ff20,忠孝全,pdf_01000000__01004009___abe4e0ff20__line__000025,pdf_01000000__01004009___abe4e0ff20__scene__001,01004009_忠孝全.pdf,D:\University_studies\Junior\data_visualization\experiment\final_self\opera_dataset\01000000\01004009_忠孝全.pdf,01000000/01004009_忠孝全.pdf,49bfac8f-ad5c-4639-829d-be1bd24f8504,1,【第一场】,25,dialogue,dialogue,王振,pdf_01000000__01004009___abe4e0ff20__char__4bbc7c76fc,白,你叫什么名字?,秦季龙,pdf_01000000__01004009___abe4e0ff20__char__3e8f57054a,,,,叫；念白,0,,rule,,王振（白）你叫什么名字?
pdf_01000000__01004009___abe4e0ff20,忠孝全,pdf_01000000__01004009___abe4e0ff20__line__000025,pdf_01000000__01004009___abe4e0ff20__scene__001,01004009_忠孝全.pdf,D:\University_studies\Junior\data_visualization\experiment\final_self\opera_dataset\01000000\01004009_忠孝全.pdf,01000000/01004009_忠孝全.pdf,49bfac8f-ad5c-4639-829d-be1bd24f8504,1,【第一场】,25,dialogue,dialogue,秦季龙,pdf_01000000__01004009___abe4e0ff20__char__3e8f57054a,白,秦季龙。,王振,pdf_01000000__01004009___abe4e0ff20__char__4bbc7c76fc,,,秦季龙,念白,0,,rule,,秦季龙（白）秦季龙。
pdf_01000000__01004009___abe4e0ff20,忠孝全,pdf_01000000__01004009___abe4e0ff20__line__000025,pdf_01000000__01004009___abe4e0ff20__scene__001,01004009_忠孝全.pdf,D:\University_studies\Junior\data_visualization\experiment\final_self\opera_dataset\01000000\01004009_忠孝全.pdf,01000000/01004009_忠孝全.pdf,49bfac8f-ad5c-4639-829d-be1bd24f8504,1,【第一场】,25,dialogue,dialogue,王振,pdf_01000000__01004009___abe4e0ff20__char__4bbc7c76fc,白,可有弓马?,秦季龙,pdf_01000000__01004009___abe4e0ff20__char__3e8f57054a,,,,念白,0,,rule,,王振（白）可有弓马?
pdf_01000000__01004009___abe4e0ff20,忠孝全,pdf_01000000__01004009___abe4e0ff20__line__000025,pdf_01000000__01004009___abe4e0ff20__scene__001,01004009_忠孝全.pdf,D:\University_studies\Junior\data_visualization\experiment\final_self\opera_dataset\01000000\01004009_忠孝全.pdf,01000000/01004009_忠孝全.pdf,49bfac8f-ad5c-4639-829d-be1bd24f8504,1,【第一场】,25,dialogue,dialogue,秦季龙,pdf_01000000__01004009___abe4e0ff20__char__3e8f57054a,白,有弓无箭缺马。,王振,pdf_01000000__01004009___abe4e0ff20__char__4bbc7c76fc,,,,念白,0,,rule,,秦季龙（白）有弓无箭缺马。
pdf_01000000__01004009___abe4e0ff20,忠孝全,pdf_01000000__01004009___abe4e0ff20__line__000025,pdf_01000000__01004009___abe4e0ff20__scene__001,01004009_忠孝全.pdf,D:\University_studies\Junior\data_visualization\experiment\final_self\opera_dataset\01000000\01004009_忠孝全.pdf,01000000/01004009_忠孝全.pdf,49bfac8f-ad5c-4639-829d-be1bd24f8504,1,【第一场】,25,dialogue,dialogue,王振,pdf_01000000__01004009___abe4e0ff20__char__4bbc7c76fc,白,"咱家赏你箭马,下去试来。",秦季龙,pdf_01000000__01004009___abe4e0ff20__char__3e8f57054a,,,,下；来；去；念白,0,,rule,,"王振（白）咱家赏你箭马,下去试来。"
pdf_01000000__01004009___abe4e0ff20,忠孝全,pdf_01000000__01004009___abe4e0ff20__line__000025,pdf_01000000__01004009___abe4e0ff20__scene__001,01004009_忠孝全.pdf,D:\University_studies\Junior\data_visualization\experiment\final_self\opera_dataset\01000000\01004009_忠孝全.pdf,01000000/01004009_忠孝全.pdf,49bfac8f-ad5c-4639-829d-be1bd24f8504,1,【第一场】,25,dialogue,dialogue,秦季龙,pdf_01000000__01004009___abe4e0ff20__char__3e8f57054a,白,谢千岁。,王振,pdf_01000000__01004009___abe4e0ff20__char__4bbc7c76fc,,,,念白,0,,rule,,秦季龙（白）谢千岁。
pdf_01000000__01004009___abe4e0ff20,忠孝全,pdf_01000000__01004009___abe4e0ff20__line__000025,pdf_01000000__01004009___abe4e0ff20__scene__001,01004009_忠孝全.pdf,D:\University_studies\Junior\data_visualization\experiment\final_self\opera_dataset\01000000\01004009_忠孝全.pdf,01000000/01004009_忠孝全.pdf,49bfac8f-ad5c-4639-829d-be1bd24f8504,1,【第一场】,25,dialogue,dialogue,秦季龙,pdf_01000000__01004009___abe4e0ff20__char__3e8f57054a,白,"秦季龙一马三箭,俱中中靶。",,,,,秦季龙,念白,0,,,,"秦季龙（白）秦季龙一马三箭,俱中中靶。"
pdf_01000000__01004009___abe4e0ff20,忠孝全,pdf_01000000__01004009___abe4e0ff20__line__000025,pdf_01000000__01004009___abe4e0ff20__scene__001,01004009_忠孝全.pdf,D:\University_studies\Junior\data_visualization\experiment\final_self\opera_dataset\01000000\01004009_忠孝全.pdf,01000000/01004009_忠孝全.pdf,49bfac8f-ad5c-4639-829d-be1bd24f8504,1,【第一场】,25,dialogue,dialogue,王振,pdf_01000000__01004009___abe4e0ff20__char__4bbc7c76fc,白,果然好箭。秦季龙是哪里人氏?,秦季龙,pdf_01000000__01004009___abe4e0ff20__char__3e8f57054a,,,秦季龙,念白,0,,rule,,王振（白）果然好箭。秦季龙是哪里人氏?
pdf_01000000__01004009___abe4e0ff20,忠孝全,pdf_01000000__01004009___abe4e0ff20__line__000025,pdf_01000000__01004009___abe4e0ff20__scene__001,01004009_忠孝全.pdf,D:\University_studies\Junior\data_visualization\experiment\final_self\opera_dataset\01000000\01004009_忠孝全.pdf,01000000/01004009_忠孝全.pdf,49bfac8f-ad5c-4639-829d-be1bd24f8504,1,【第一场】,25,dialogue,dialogue,秦季龙,pdf_01000000__01004009___abe4e0ff20__char__3e8f57054a,白,山东莱州府人氏。,王振,pdf_01000000__01004009___abe4e0ff20__char__4bbc7c76fc,,,,念白,0,,rule,,秦季龙（白）山东莱州府人氏。
pdf_01000000__01004009___abe4e0ff20,忠孝全,pdf_01000000__01004009___abe4e0ff20__line__000025,pdf_01000000__01004009___abe4e0ff20__scene__001,01004009_忠孝全.pdf,D:\University_studies\Junior\data_visualization\experiment\final_self\opera_dataset\01000000\01004009_忠孝全.pdf,01000000/01004009_忠孝全.pdf,49bfac8f-ad5c-4639-829d-be1bd24f8504,1,【第一场】,25,dialogue,dialogue,王振,pdf_01000000__01004009___abe4e0ff20__char__4bbc7c76fc,白,一家几口?,秦季龙,pdf_01000000__01004009___abe4e0ff20__char__3e8f57054a,,,,念白,0,,rule,,王振（白）一家几口?
pdf_01000000__01004009___abe4e0ff20,忠孝全,pdf_01000000__01004009___abe4e0ff20__line__000025,pdf_01000000__01004009___abe4e0ff20__scene__001,01004009_忠孝全.pdf,D:\University_studies\Junior\data_visualization\experiment\final_self\opera_dataset\01000000\01004009_忠孝全.pdf,01000000/01004009_忠孝全.pdf,49bfac8f-ad5c-4639-829d-be1bd24f8504,1,【第一场】,25,dialogue,dialogue,秦季龙,pdf_01000000__01004009___abe4e0ff20__char__3e8f57054a,白,一家四口。,王振,pdf_01000000__01004009___abe4e0ff20__char__4bbc7c76fc,,,,念白,0,,rule,,秦季龙（白）一家四口。
pdf_01000000__01004009___abe4e0ff20,忠孝全,pdf_01000000__01004009___abe4e0ff20__line__000025,pdf_01000000__01004009___abe4e0ff20__scene__001,01004009_忠孝全.pdf,D:\University_studies\Junior\data_visualization\experiment\final_self\opera_dataset\01000000\01004009_忠孝全.pdf,01000000/01004009_忠孝全.pdf,49bfac8f-ad5c-4639-829d-be1bd24f8504,1,【第一场】,25,dialogue,dialogue,王振,pdf_01000000__01004009___abe4e0ff20__char__4bbc7c76fc,白,可有父母?,秦季龙,pdf_01000000__01004009___abe4e0ff20__char__3e8f57054a,,,,念白,0,,rule,,王振（白）可有父母?
pdf_01000000__01004009___abe4e0ff20,忠孝全,pdf_01000000__01004009___abe4e0ff20__line__000025,pdf_01000000__01004009___abe4e0ff20__scene__001,01004009_忠孝全.pdf,D:\University_studies\Junior\data_visualization\experiment\final_self\opera_dataset\01000000\01004009_忠孝全.pdf,01000000/01004009_忠孝全.pdf,49bfac8f-ad5c-4639-829d-be1bd24f8504,1,【第一场】,25,dialogue,dialogue,秦季龙,pdf_01000000__01004009___abe4e0ff20__char__3e8f57054a,白,这个......没有。,王振,pdf_01000000__01004009___abe4e0ff20__char__4bbc7c76fc,,,,念白,0,,rule,,秦季龙（白）这个......没有。
pdf_01000000__01004009___abe4e0ff20,忠孝全,pdf_01000000__01004009___abe4e0ff20__line__000025,pdf_01000000__01004009___abe4e0ff20__scene__001,01004009_忠孝全.pdf,D:\University_studies\Junior\data_visualization\experiment\final_self\opera_dataset\01000000\01004009_忠孝全.pdf,01000000/01004009_忠孝全.pdf,49bfac8f-ad5c-4639-829d-be1bd24f8504,1,【第一场】,25,dialogue,dialogue,王振,pdf_01000000__01004009___abe4e0ff20__char__4bbc7c76fc,白,"没有,孩子就说没有,有就说有,不要混说。上了军册薄句不能改的了。",秦季龙,pdf_01000000__01004009___abe4e0ff20__char__3e8f57054a,,,,上；念白,1,,rule,,"王振（白）没有,孩子就说没有,有就说有,不要混说。上了军册薄句不能改的了。"
pdf_01000000__01004009___abe4e0ff20,忠孝全,pdf_01000000__01004009___abe4e0ff20__line__000025,pdf_01000000__01004009___abe4e0ff20__scene__001,01004009_忠孝全.pdf,D:\University_studies\Junior\data_visualization\experiment\final_self\opera_dataset\01000000\01004009_忠孝全.pdf,01000000/01004009_忠孝全.pdf,49bfac8f-ad5c-4639-829d-be1bd24f8504,1,【第一场】,25,dialogue,dialogue,秦季龙,pdf_01000000__01004009___abe4e0ff20__char__3e8f57054a,白,本来的没有。,王振,pdf_01000000__01004009___abe4e0ff20__char__4bbc7c76fc,,,,来；念白,0,,rule,,秦季龙（白）本来的没有。
pdf_01000000__01004009___abe4e0ff20,忠孝全,pdf_01000000__01004009___abe4e0ff20__line__000025,pdf_01000000__01004009___abe4e0ff20__scene__001,01004009_忠孝全.pdf,D:\University_studies\Junior\data_visualization\experiment\final_self\opera_dataset\01000000\01004009_忠孝全.pdf,01000000/01004009_忠孝全.pdf,49bfac8f-ad5c-4639-829d-be1bd24f8504,1,【第一场】,25,dialogue,dialogue,王振,pdf_01000000__01004009___abe4e0ff20__char__4bbc7c76fc,白,"咱家看你倒很中用的样儿,赏你令箭一支,前去探看金鳌消息如何?速速回来交令。",秦季龙,pdf_01000000__01004009___abe4e0ff20__char__3e8f57054a,,,,来；去；看；令；念白,1,,rule,,"王振（白）咱家看你倒很中用的样儿,赏你令箭一支,前去探看金鳌消息如何?速速回来交令。"
pdf_01000000__01004009___abe4e0ff20,忠孝全,pdf_01000000__01004009___abe4e0ff20__line__000025,pdf_01000000__01004009___abe4e0ff20__scene__001,01004009_忠孝全.pdf,D:\University_studies\Junior\data_visualization\experiment\final_self\opera_dataset\01000000\01004009_忠孝全.pdf,01000000/01004009_忠孝全.pdf,49bfac8f-ad5c-4639-829d-be1bd24f8504,1,【第一场】,25,dialogue,dialogue,秦季龙,pdf_01000000__01004009___abe4e0ff20__char__3e8f57054a,白,得令。,王振,pdf_01000000__01004009___abe4e0ff20__char__4bbc7c76fc,,,,令；念白,0,,rule,,秦季龙（白）得令。
pdf_01000000__01004009___abe4e0ff20,忠孝全,pdf_01000000__01004009___abe4e0ff20__line__000025,pdf_01000000__01004009___abe4e0ff20__scene__001,01004009_忠孝全.pdf,D:\University_studies\Junior\data_visualization\experiment\final_self\opera_dataset\01000000\01004009_忠孝全.pdf,01000000/01004009_忠孝全.pdf,49bfac8f-ad5c-4639-829d-be1bd24f8504,1,【第一场】,25,dialogue,dialogue,王振,pdf_01000000__01004009___abe4e0ff20__char__4bbc7c76fc,白,站着。,秦季龙,pdf_01000000__01004009___abe4e0ff20__char__3e8f57054a,,,,念白,0,,rule,,王振（白）站着。
pdf_01000000__01004009___abe4e0ff20,忠孝全,pdf_01000000__01004009___abe4e0ff20__line__000025,pdf_01000000__01004009___abe4e0ff20__scene__001,01004009_忠孝全.pdf,D:\University_studies\Junior\data_visualization\experiment\final_self\opera_dataset\01000000\01004009_忠孝全.pdf,01000000/01004009_忠孝全.pdf,49bfac8f-ad5c-4639-829d-be1bd24f8504,1,【第一场】,25,dialogue,dialogue,秦季龙,pdf_01000000__01004009___abe4e0ff20__char__3e8f57054a,白,是。,王振,pdf_01000000__01004009___abe4e0ff20__char__4bbc7c76fc,,,,念白,0,,rule,,秦季龙（白）是。
pdf_01000000__01004009___abe4e0ff20,忠孝全,pdf_01000000__01004009___abe4e0ff20__line__000025,pdf_01000000__01004009___abe4e0ff20__scene__001,01004009_忠孝全.pdf,D:\University_studies\Junior\data_visualization\experiment\final_self\opera_dataset\01000000\01004009_忠孝全.pdf,01000000/01004009_忠孝全.pdf,49bfac8f-ad5c-4639-829d-be1bd24f8504,1,【第一场】,25,dialogue,dialogue,王振,pdf_01000000__01004009___abe4e0ff20__char__4bbc7c76fc,白,"那金鳌是海寇出身,出没不常。你要见了他,可以杀就杀,不可杀就跑。孩子人是个活的。去罢。",秦季龙,pdf_01000000__01004009___abe4e0ff20__char__3e8f57054a,,,,去；杀；念白,1,,rule,,"王振（白）那金鳌是海寇出身,出没不常。你要见了他,可以杀就杀,不可杀就跑。孩子人是个活的。去罢。"
pdf_01000000__01004009___abe4e0ff20,忠孝全,pdf_01000000__01004009___abe4e0ff20__line__000025,pdf_01000000__01004009___abe4e0ff20__scene__001,01004009_忠孝全.pdf,D:\University_studies\Junior\data_visualization\experiment\final_self\opera_dataset\01000000\01004009_忠孝全.pdf,01000000/01004009_忠孝全.pdf,49bfac8f-ad5c-4639-829d-be1bd24f8504,1,【第一场】,25,dialogue,dialogue,秦季龙,pdf_01000000__01004009___abe4e0ff20__char__3e8f57054a,白,是。,王振,pdf_01000000__01004009___abe4e0ff20__char__4bbc7c76fc,,,,念白,0,,rule,,秦季龙（白）是。
pdf_01000000__01004009___abe4e0ff20,忠孝全,pdf_01000000__01004009___abe4e0ff20__line__000025,pdf_01000000__01004009___abe4e0ff20__scene__001,01004009_忠孝全.pdf,D:\University_studies\Junior\data_visualization\experiment\final_self\opera_dataset\01000000\01004009_忠孝全.pdf,01000000/01004009_忠孝全.pdf,49bfac8f-ad5c-4639-829d-be1bd24f8504,1,【第一场】,25,dialogue,dialogue,安太,pdf_01000000__01004009___abe4e0ff20__char__bf427c86fc,念,"头带红一缨,假充营里兵。大炮一声响,三天难做声。",秦季龙,pdf_01000000__01004009___abe4e0ff20__char__3e8f57054a,,,,,1,,rule,,"安太（念）头带红一缨,假充营里兵。大炮一声响,三天难做声。"
pdf_01000000__01004009___abe4e0ff20,忠孝全,pdf_01000000__01004009___abe4e0ff20__line__000025,pdf_01000000__01004009___abe4e0ff20__scene__001,01004009_忠孝全.pdf,D:\University_studies\Junior\data_visualization\experiment\final_self\opera_dataset\01000000\01004009_忠孝全.pdf,01000000/01004009_忠孝全.pdf,49bfac8f-ad5c-4639-829d-be1bd24f8504,1,【第一场】,25,dialogue,dialogue,中军,pdf_01000000__01004009___abe4e0ff20__char__a476b9af3e,白,哇!投军吃粮的么?,安太,pdf_01000000__01004009___abe4e0ff20__char__bf427c86fc,,,,念白,0,,rule,,中军（白）哇!投军吃粮的么?
pdf_01000000__01004009___abe4e0ff20,忠孝全,pdf_01000000__01004009___abe4e0ff20__line__000025,pdf_01000000__01004009___abe4e0ff20__scene__001,01004009_忠孝全.pdf,D:\University_studies\Junior\data_visualization\experiment\final_self\opera_dataset\01000000\01004009_忠孝全.pdf,01000000/01004009_忠孝全.pdf,49bfac8f-ad5c-4639-829d-be1bd24f8504,1,【第一场】,25,dialogue,dialogue,安太,pdf_01000000__01004009___abe4e0ff20__char__bf427c86fc,白,"吃凉的,我怕肚子疼,要吃就多谢热的。",中军,pdf_01000000__01004009___abe4e0ff20__char__a476b9af3e,紧张,,,念白,1,rule,rule,,"安太（白）吃凉的,我怕肚子疼,要吃就多谢热的。"
pdf_01000000__01004009___abe4e0ff20,忠孝全,pdf_01000000__01004009___abe4e0ff20__line__000025,pdf_01000000__01004009___abe4e0ff20__scene__001,01004009_忠孝全.pdf,D:\University_studies\Junior\data_visualization\experiment\final_self\opera_dataset\01000000\01004009_忠孝全.pdf,01000000/01004009_忠孝全.pdf,49bfac8f-ad5c-4639-829d-be1bd24f8504,1,【第一场】,25,dialogue,dialogue,中军,pdf_01000000__01004009___abe4e0ff20__char__a476b9af3e,白,"呸,吃钱粮的粮,你混说什么?",安太,pdf_01000000__01004009___abe4e0ff20__char__bf427c86fc,愤怒,,,念白,0,rule,rule,,"中军（白）呸,吃钱粮的粮,你混说什么?"
pdf_01000000__01004009___abe4e0ff20,忠孝全,pdf_01000000__01004009___abe4e0ff20__line__000025,pdf_01000000__01004009___abe4e0ff20__scene__001,01004009_忠孝全.pdf,D:\University_studies\Junior\data_visualization\experiment\final_self\opera_dataset\01000000\01004009_忠孝全.pdf,01000000/01004009_忠孝全.pdf,49bfac8f-ad5c-4639-829d-be1bd24f8504,1,【第一场】,25,dialogue,dialogue,安太,pdf_01000000__01004009___abe4e0ff20__char__bf427c86fc,白,"吓,我就是来吃你的娘。",中军,pdf_01000000__01004009___abe4e0ff20__char__a476b9af3e,,,,来；念白,0,,rule,,"安太（白）吓,我就是来吃你的娘。"
pdf_01000000__01004009___abe4e0ff20,忠孝全,pdf_01000000__01004009___abe4e0ff20__line__000025,pdf_01000000__01004009___abe4e0ff20__scene__001,01004009_忠孝全.pdf,D:\University_studies\Junior\data_visualization\experiment\final_self\opera_dataset\01000000\01004009_忠孝全.pdf,01000000/01004009_忠孝全.pdf,49bfac8f-ad5c-4639-829d-be1bd24f8504,1,【第一场】,25,dialogue,dialogue,中军,pdf_01000000__01004009___abe4e0ff20__char__a476b9af3e,白,"哇。额数已足,不能添人。去罢。",安太,pdf_01000000__01004009___abe4e0ff20__char__bf427c86fc,,,,去；念白,0,,rule,,"中军（白）哇。额数已足,不能添人。去罢。"
pdf_01000000__01004009___abe4e0ff20,忠孝全,pdf_01000000__01004009___abe4e0ff20__line__000025,pdf_01000000__01004009___abe4e0ff20__scene__001,01004009_忠孝全.pdf,D:\University_studies\Junior\data_visualization\experiment\final_self\opera_dataset\01000000\01004009_忠孝全.pdf,01000000/01004009_忠孝全.pdf,49bfac8f-ad5c-4639-829d-be1bd24f8504,1,【第一场】,25,dialogue,dialogue,安太,pdf_01000000__01004009___abe4e0ff20__char__bf427c86fc,白,"是了。弱兵在前,强兵在后,我是好的。中军老爷,求求你老报报。",中军,pdf_01000000__01004009___abe4e0ff20__char__a476b9af3e,,,,报；念白,1,,rule,,"安太（白）是了。弱兵在前,强兵在后,我是好的。中军老爷,求求你老报报。"
pdf_01000000__01004009___abe4e0ff20,忠孝全,pdf_01000000__01004009___abe4e0ff20__line__000025,pdf_01000000__01004009___abe4e0ff20__scene__001,01004009_忠孝全.pdf,D:\University_studies\Junior\data_visualization\experiment\final_self\opera_dataset\01000000\01004009_忠孝全.pdf,01000000/01004009_忠孝全.pdf,49bfac8f-ad5c-4639-829d-be1bd24f8504,1,【第一场】,25,dialogue,dialogue,中军,pdf_01000000__01004009___abe4e0ff20__char__a476b9af3e,白,你是好的?,安太,pdf_01000000__01004009___abe4e0ff20__char__bf427c86fc,,,,念白,0,,rule,,中军（白）你是好的?
pdf_01000000__01004009___abe4e0ff20,忠孝全,pdf_01000000__01004009___abe4e0ff20__line__000025,pdf_01000000__01004009___abe4e0ff20__scene__001,01004009_忠孝全.pdf,D:\University_studies\Junior\data_visualization\experiment\final_self\opera_dataset\01000000\01004009_忠孝全.pdf,01000000/01004009_忠孝全.pdf,49bfac8f-ad5c-4639-829d-be1bd24f8504,1,【第一场】,25,dialogue,dialogue,安太,pdf_01000000__01004009___abe4e0ff20__char__bf427c86fc,白,"吓,好的多呢。",中军,pdf_01000000__01004009___abe4e0ff20__char__a476b9af3e,,,,念白,0,,rule,,"安太（白）吓,好的多呢。"
pdf_01000000__01004009___abe4e0ff20,忠孝全,pdf_01000000__01004009___abe4e0ff20__line__000025,pdf_01000000__01004009___abe4e0ff20__scene__001,01004009_忠孝全.pdf,D:\University_studies\Junior\data_visualization\experiment\final_self\opera_dataset\01000000\01004009_忠孝全.pdf,01000000/01004009_忠孝全.pdf,49bfac8f-ad5c-4639-829d-be1bd24f8504,1,【第一场】,25,dialogue,dialogue,中军,pdf_01000000__01004009___abe4e0ff20__char__a476b9af3e,白,但看你的缘分。候着。,安太,pdf_01000000__01004009___abe4e0ff20__char__bf427c86fc,,,,看；念白,0,,rule,,中军（白）但看你的缘分。候着。
pdf_01000000__01004009___abe4e0ff20,忠孝全,pdf_01000000__01004009___abe4e0ff20__line__000025,pdf_01000000__01004009___abe4e0ff20__scene__001,01004009_忠孝全.pdf,D:\University_studies\Junior\data_visualization\experiment\final_self\opera_dataset\01000000\01004009_忠孝全.pdf,01000000/01004009_忠孝全.pdf,49bfac8f-ad5c-4639-829d-be1bd24f8504,1,【第一场】,25,dialogue,dialogue,安太,pdf_01000000__01004009___abe4e0ff20__char__bf427c86fc,白,是。,中军,pdf_01000000__01004009___abe4e0ff20__char__a476b9af3e,,,,念白,0,,rule,,安太（白）是。
pdf_01000000__01004009___abe4e0ff20,忠孝全,pdf_01000000__01004009___abe4e0ff20__line__000025,pdf_01000000__01004009___abe4e0ff20__scene__001,01004009_忠孝全.pdf,D:\University_studies\Junior\data_visualization\experiment\final_self\opera_dataset\01000000\01004009_忠孝全.pdf,01000000/01004009_忠孝全.pdf,49bfac8f-ad5c-4639-829d-be1bd24f8504,1,【第一场】,25,dialogue,dialogue,中军,pdf_01000000__01004009___abe4e0ff20__char__a476b9af3e,白,"禀千岁:额数已满,又有一人投军,声言大有本领。",安太,pdf_01000000__01004009___abe4e0ff20__char__bf427c86fc,,,,禀；念白,1,,rule,,"中军（白）禀千岁:额数已满,又有一人投军,声言大有本领。"
pdf_01000000__01004009___abe4e0ff20,忠孝全,pdf_01000000__01004009___abe4e0ff20__line__000025,pdf_01000000__01004009___abe4e0ff20__scene__001,01004009_忠孝全.pdf,D:\University_studies\Junior\data_visualization\experiment\final_self\opera_dataset\01000000\01004009_忠孝全.pdf,01000000/01004009_忠孝全.pdf,49bfac8f-ad5c-4639-829d-be1bd24f8504,1,【第一场】,25,dialogue,dialogue,王振,pdf_01000000__01004009___abe4e0ff20__char__4bbc7c76fc,白,"好的在后也未可知。也罢,传他进来。",中军,pdf_01000000__01004009___abe4e0ff20__char__a476b9af3e,,,,进；来；传；念白,0,,rule,,"王振（白）好的在后也未可知。也罢,传他进来。"
pdf_01000000__01004009___abe4e0ff20,忠孝全,pdf_01000000__01004009___abe4e0ff20__line__000025,pdf_01000000__01004009___abe4e0ff20__scene__001,01004009_忠孝全.pdf,D:\University_studies\Junior\data_visualization\experiment\final_self\opera_dataset\01000000\01004009_忠孝全.pdf,01000000/01004009_忠孝全.pdf,49bfac8f-ad5c-4639-829d-be1bd24f8504,1,【第一场】,25,dialogue,dialogue,中军,pdf_01000000__01004009___abe4e0ff20__char__a476b9af3e,白,是。,王振,pdf_01000000__01004009___abe4e0ff20__char__4bbc7c76fc,,,,念白,0,,rule,,中军（白）是。
pdf_01000000__01004009___abe4e0ff20,忠孝全,pdf_01000000__01004009___abe4e0ff20__line__000025,pdf_01000000__01004009___abe4e0ff20__scene__001,01004009_忠孝全.pdf,D:\University_studies\Junior\data_visualization\experiment\final_self\opera_dataset\01000000\01004009_忠孝全.pdf,01000000/01004009_忠孝全.pdf,49bfac8f-ad5c-4639-829d-be1bd24f8504,1,【第一场】,25,dialogue,dialogue,安太,pdf_01000000__01004009___abe4e0ff20__char__bf427c86fc,白,"哎呀,王公公若准了我的投军,必要考考我的武艺。我还是空肚子,且去吃碗饭再来。",中军,pdf_01000000__01004009___abe4e0ff20__char__a476b9af3e,,,,来；去；念白,1,,rule,,"安太（白）哎呀,王公公若准了我的投军,必要考考我的武艺。我还是空肚子,且去吃碗饭再来。"
pdf_01000000__01004009___abe4e0ff20,忠孝全,pdf_01000000__01004009___abe4e0ff20__line__000025,pdf_01000000__01004009___abe4e0ff20__scene__001,01004009_忠孝全.pdf,D:\University_studies\Junior\data_visualization\experiment\final_self\opera_dataset\01000000\01004009_忠孝全.pdf,01000000/01004009_忠孝全.pdf,49bfac8f-ad5c-4639-829d-be1bd24f8504,1,【第一场】,25,dialogue,dialogue,中军,pdf_01000000__01004009___abe4e0ff20__char__a476b9af3e,白,"呔,投军的,千岁传你进帐。哎哎,投军的人呢?吓吓,哪里去了?",安太,pdf_01000000__01004009___abe4e0ff20__char__bf427c86fc,,,,进；去；传；念白,1,,rule,,"中军（白）呔,投军的,千岁传你进帐。哎哎,投军的人呢?吓吓,哪里去了?"
pdf_01000000__01004009___abe4e0ff20,忠孝全,pdf_01000000__01004009___abe4e0ff20__line__000025,pdf_01000000__01004009___abe4e0ff20__scene__001,01004009_忠孝全.pdf,D:\University_studies\Junior\data_visualization\experiment\final_self\opera_dataset\01000000\01004009_忠孝全.pdf,01000000/01004009_忠孝全.pdf,49bfac8f-ad5c-4639-829d-be1bd24f8504,1,【第一场】,25,dialogue,dialogue,王振,pdf_01000000__01004009___abe4e0ff20__char__4bbc7c76fc,白,"吓,中军呢?",中军,pdf_01000000__01004009___abe4e0ff20__char__a476b9af3e,,,,念白,0,,rule,,"王振（白）吓,中军呢?"
pdf_01000000__01004009___abe4e0ff20,忠孝全,pdf_01000000__01004009___abe4e0ff20__line__000025,pdf_01000000__01004009___abe4e0ff20__scene__001,01004009_忠孝全.pdf,D:\University_studies\Junior\data_visualization\experiment\final_self\opera_dataset\01000000\01004009_忠孝全.pdf,01000000/01004009_忠孝全.pdf,49bfac8f-ad5c-4639-829d-be1bd24f8504,1,【第一场】,25,dialogue,dialogue,中军,pdf_01000000__01004009___abe4e0ff20__char__a476b9af3e,白,在。,王振,pdf_01000000__01004009___abe4e0ff20__char__4bbc7c76fc,,,,念白,0,,rule,,中军（白）在。
pdf_01000000__01004009___abe4e0ff20,忠孝全,pdf_01000000__01004009___abe4e0ff20__line__000025,pdf_01000000__01004009___abe4e0ff20__scene__001,01004009_忠孝全.pdf,D:\University_studies\Junior\data_visualization\experiment\final_self\opera_dataset\01000000\01004009_忠孝全.pdf,01000000/01004009_忠孝全.pdf,49bfac8f-ad5c-4639-829d-be1bd24f8504,1,【第一场】,25,dialogue,dialogue,王振,pdf_01000000__01004009___abe4e0ff20__char__4bbc7c76fc,白,投军人呢?,中军,pdf_01000000__01004009___abe4e0ff20__char__a476b9af3e,,,,念白,0,,rule,,王振（白）投军人呢?
pdf_01000000__01004009___abe4e0ff20,忠孝全,pdf_01000000__01004009___abe4e0ff20__line__000025,pdf_01000000__01004009___abe4e0ff20__scene__001,01004009_忠孝全.pdf,D:\University_studies\Junior\data_visualization\experiment\final_self\opera_dataset\01000000\01004009_忠孝全.pdf,01000000/01004009_忠孝全.pdf,49bfac8f-ad5c-4639-829d-be1bd24f8504,1,【第一场】,25,dialogue,dialogue,中军,pdf_01000000__01004009___abe4e0ff20__char__a476b9af3e,白,"启千岁:中军在营门,明明见一人前来投军,岂知乃是站着做梦呢。",王振,pdf_01000000__01004009___abe4e0ff20__char__4bbc7c76fc,,,,来；念白,1,,rule,,"中军（白）启千岁:中军在营门,明明见一人前来投军,岂知乃是站着做梦呢。"
pdf_01000000__01004009___abe4e0ff20,忠孝全,pdf_01000000__01004009___abe4e0ff20__line__000025,pdf_01000000__01004009___abe4e0ff20__scene__001,01004009_忠孝全.pdf,D:\University_studies\Junior\data_visualization\experiment\final_self\opera_dataset\01000000\01004009_忠孝全.pdf,01000000/01004009_忠孝全.pdf,49bfac8f-ad5c-4639-829d-be1bd24f8504,1,【第一场】,25,dialogue,dialogue,王振,pdf_01000000__01004009___abe4e0ff20__char__4bbc7c76fc,白,"哈哈哈。好,咱家为朝廷公事,昼夜操心,份所当然。你竟站着做梦,梦见投军的好汉,前来禀我。可见你这个心,比我还着急。来来来,赏你大元宝一锭,以后更要留心办事。",中军,pdf_01000000__01004009___abe4e0ff20__char__a476b9af3e,紧张,,,来；禀；念白,1,rule,rule,,"王振（白）哈哈哈。好,咱家为朝廷公事,昼夜操心,份所当然。你竟站着做梦,梦见投军的好汉,前来禀我。可见你这个心,比我还着急。来来来,赏你大元宝一锭,以后更要留心办事。"
pdf_01000000__01004009___abe4e0ff20,忠孝全,pdf_01000000__01004009___abe4e0ff20__line__000025,pdf_01000000__01004009___abe4e0ff20__scene__001,01004009_忠孝全.pdf,D:\University_studies\Junior\data_visualization\experiment\final_self\opera_dataset\01000000\01004009_忠孝全.pdf,01000000/01004009_忠孝全.pdf,49bfac8f-ad5c-4639-829d-be1bd24f8504,1,【第一场】,25,dialogue,dialogue,中军,pdf_01000000__01004009___abe4e0ff20__char__a476b9af3e,白,谢公公。,王振,pdf_01000000__01004009___abe4e0ff20__char__4bbc7c76fc,,,,念白,0,,rule,,中军（白）谢公公。
pdf_01000000__01004009___abe4e0ff20,忠孝全,pdf_01000000__01004009___abe4e0ff20__line__000025,pdf_01000000__01004009___abe4e0ff20__scene__001,01004009_忠孝全.pdf,D:\University_studies\Junior\data_visualization\experiment\final_self\opera_dataset\01000000\01004009_忠孝全.pdf,01000000/01004009_忠孝全.pdf,49bfac8f-ad5c-4639-829d-be1bd24f8504,1,【第一场】,25,dialogue,dialogue,安太,pdf_01000000__01004009___abe4e0ff20__char__bf427c86fc,白,"哎呀,好贵饼,四百八十钱吃三斤。你瞧我这个肚子,饱的圆圆的。这还不是虎背熊腰,一考必中?中军爷呢,可曾禀过?",中军,pdf_01000000__01004009___abe4e0ff20__char__a476b9af3e,,,,禀；念白,1,,rule,,"安太（白）哎呀,好贵饼,四百八十钱吃三斤。你瞧我这个肚子,饱的圆圆的。这还不是虎背熊腰,一考必中?中军爷呢,可曾禀过?"
pdf_01000000__01004009___abe4e0ff20,忠孝全,pdf_01000000__01004009___abe4e0ff20__line__000025,pdf_01000000__01004009___abe4e0ff20__scene__001,01004009_忠孝全.pdf,D:\University_studies\Junior\data_visualization\experiment\final_self\opera_dataset\01000000\01004009_忠孝全.pdf,01000000/01004009_忠孝全.pdf,49bfac8f-ad5c-4639-829d-be1bd24f8504,1,【第一场】,25,dialogue,dialogue,中军,pdf_01000000__01004009___abe4e0ff20__char__a476b9af3e,白,"吓,你是方才投军的人呢?",安太,pdf_01000000__01004009___abe4e0ff20__char__bf427c86fc,,,,念白,0,,rule,,"中军（白）吓,你是方才投军的人呢?"
pdf_01000000__01004009___abe4e0ff20,忠孝全,pdf_01000000__01004009___abe4e0ff20__line__000025,pdf_01000000__01004009___abe4e0ff20__scene__001,01004009_忠孝全.pdf,D:\University_studies\Junior\data_visualization\experiment\final_self\opera_dataset\01000000\01004009_忠孝全.pdf,01000000/01004009_忠孝全.pdf,49bfac8f-ad5c-4639-829d-be1bd24f8504,1,【第一场】,25,dialogue,dialogue,安太,pdf_01000000__01004009___abe4e0ff20__char__bf427c86fc,白,是吓。,中军,pdf_01000000__01004009___abe4e0ff20__char__a476b9af3e,,,,念白,0,,rule,,安太（白）是吓。
pdf_01000000__01004009___abe4e0ff20,忠孝全,pdf_01000000__01004009___abe4e0ff20__line__000025,pdf_01000000__01004009___abe4e0ff20__scene__001,01004009_忠孝全.pdf,D:\University_studies\Junior\data_visualization\experiment\final_self\opera_dataset\01000000\01004009_忠孝全.pdf,01000000/01004009_忠孝全.pdf,49bfac8f-ad5c-4639-829d-be1bd24f8504,1,【第一场】,25,dialogue,dialogue,中军,pdf_01000000__01004009___abe4e0ff20__char__a476b9af3e,白,你往哪里去的?,安太,pdf_01000000__01004009___abe4e0ff20__char__bf427c86fc,,,,去；念白,0,,rule,,中军（白）你往哪里去的?
pdf_01000000__01004009___abe4e0ff20,忠孝全,pdf_01000000__01004009___abe4e0ff20__line__000025,pdf_01000000__01004009___abe4e0ff20__scene__001,01004009_忠孝全.pdf,D:\University_studies\Junior\data_visualization\experiment\final_self\opera_dataset\01000000\01004009_忠孝全.pdf,01000000/01004009_忠孝全.pdf,49bfac8f-ad5c-4639-829d-be1bd24f8504,1,【第一场】,25,dialogue,dialogue,安太,pdf_01000000__01004009___abe4e0ff20__char__bf427c86fc,白,"我怕肚子饿,受不住考,吃碗饭去的,回来好考。",中军,pdf_01000000__01004009___abe4e0ff20__char__a476b9af3e,紧张,,,来；去；念白,1,rule,rule,,"安太（白）我怕肚子饿,受不住考,吃碗饭去的,回来好考。"
pdf_01000000__01004009___abe4e0ff20,忠孝全,pdf_01000000__01004009___abe4e0ff20__line__000025,pdf_01000000__01004009___abe4e0ff20__scene__001,01004009_忠孝全.pdf,D:\University_studies\Junior\data_visualization\experiment\final_self\opera_dataset\01000000\01004009_忠孝全.pdf,01000000/01004009_忠孝全.pdf,49bfac8f-ad5c-4639-829d-be1bd24f8504,1,【第一场】,25,dialogue,dialogue,中军,pdf_01000000__01004009___abe4e0ff20__char__a476b9af3e,白,候着。,安太,pdf_01000000__01004009___abe4e0ff20__char__bf427c86fc,,,,念白,0,,rule,,中军（白）候着。
pdf_01000000__01004009___abe4e0ff20,忠孝全,pdf_01000000__01004009___abe4e0ff20__line__000025,pdf_01000000__01004009___abe4e0ff20__scene__001,01004009_忠孝全.pdf,D:\University_studies\Junior\data_visualization\experiment\final_self\opera_dataset\01000000\01004009_忠孝全.pdf,01000000/01004009_忠孝全.pdf,49bfac8f-ad5c-4639-829d-be1bd24f8504,1,【第一场】,25,dialogue,dialogue,王振,pdf_01000000__01004009___abe4e0ff20__char__4bbc7c76fc,白,"吓,又有个投军好汉?",中军,pdf_01000000__01004009___abe4e0ff20__char__a476b9af3e,,,,念白,0,,rule,,"王振（白）吓,又有个投军好汉?"
pdf_01000000__01004009___abe4e0ff20,忠孝全,pdf_01000000__01004009___abe4e0ff20__line__000025,pdf_01000000__01004009___abe4e0ff20__scene__001,01004009_忠孝全.pdf,D:\University_studies\Junior\data_visualization\experiment\final_self\opera_dataset\01000000\01004009_忠孝全.pdf,01000000/01004009_忠孝全.pdf,49bfac8f-ad5c-4639-829d-be1bd24f8504,1,【第一场】,25,dialogue,dialogue,中军,pdf_01000000__01004009___abe4e0ff20__char__a476b9af3e,白,是。,王振,pdf_01000000__01004009___abe4e0ff20__char__4bbc7c76fc,,,,念白,0,,rule,,中军（白）是。
pdf_01000000__01004009___abe4e0ff20,忠孝全,pdf_01000000__01004009___abe4e0ff20__line__000025,pdf_01000000__01004009___abe4e0ff20__scene__001,01004009_忠孝全.pdf,D:\University_studies\Junior\data_visualization\experiment\final_self\opera_dataset\01000000\01004009_忠孝全.pdf,01000000/01004009_忠孝全.pdf,49bfac8f-ad5c-4639-829d-be1bd24f8504,1,【第一场】,25,dialogue,dialogue,王振,pdf_01000000__01004009___abe4e0ff20__char__4bbc7c76fc,白,"且叫他进来,我瞧瞧。",中军,pdf_01000000__01004009___abe4e0ff20__char__a476b9af3e,,,,进；来；叫；念白,0,,rule,,"王振（白）且叫他进来,我瞧瞧。"
pdf_01000000__01004009___abe4e0ff20,忠孝全,pdf_01000000__01004009___abe4e0ff20__line__000025,pdf_01000000__01004009___abe4e0ff20__scene__001,01004009_忠孝全.pdf,D:\University_studies\Junior\data_visualization\experiment\final_self\opera_dataset\01000000\01004009_忠孝全.pdf,01000000/01004009_忠孝全.pdf,49bfac8f-ad5c-4639-829d-be1bd24f8504,1,【第一场】,25,dialogue,dialogue,中军,pdf_01000000__01004009___abe4e0ff20__char__a476b9af3e,白,是是。,王振,pdf_01000000__01004009___abe4e0ff20__char__4bbc7c76fc,,,,念白,0,,rule,,中军（白）是是。
pdf_01000000__01004009___abe4e0ff20,忠孝全,pdf_01000000__01004009___abe4e0ff20__line__000025,pdf_01000000__01004009___abe4e0ff20__scene__001,01004009_忠孝全.pdf,D:\University_studies\Junior\data_visualization\experiment\final_self\opera_dataset\01000000\01004009_忠孝全.pdf,01000000/01004009_忠孝全.pdf,49bfac8f-ad5c-4639-829d-be1bd24f8504,1,【第一场】,25,dialogue,dialogue,安太,pdf_01000000__01004009___abe4e0ff20__char__bf427c86fc,白,"哎吓,中军老爷说公公要考出我的大粪来,这话说得是吓。我吃了个饱,还怕没大粪?且先去拉屎去。",中军,pdf_01000000__01004009___abe4e0ff20__char__a476b9af3e,紧张,,,来；去；念白,1,rule,rule,,"安太（白）哎吓,中军老爷说公公要考出我的大粪来,这话说得是吓。我吃了个饱,还怕没大粪?且先去拉屎去。"
pdf_01000000__01004009___abe4e0ff20,忠孝全,pdf_01000000__01004009___abe4e0ff20__line__000025,pdf_01000000__01004009___abe4e0ff20__scene__001,01004009_忠孝全.pdf,D:\University_studies\Junior\data_visualization\experiment\final_self\opera_dataset\01000000\01004009_忠孝全.pdf,01000000/01004009_忠孝全.pdf,49bfac8f-ad5c-4639-829d-be1bd24f8504,1,【第一场】,25,dialogue,dialogue,中军,pdf_01000000__01004009___abe4e0ff20__char__a476b9af3e,白,"吓,投军的呢?吓吓,哪里去了?禀千岁:中军又是做梦。",安太,pdf_01000000__01004009___abe4e0ff20__char__bf427c86fc,,,,去；禀；念白,1,,rule,,"中军（白）吓,投军的呢?吓吓,哪里去了?禀千岁:中军又是做梦。"
pdf_01000000__01004009___abe4e0ff20,忠孝全,pdf_01000000__01004009___abe4e0ff20__line__000025,pdf_01000000__01004009___abe4e0ff20__scene__001,01004009_忠孝全.pdf,D:\University_studies\Junior\data_visualization\experiment\final_self\opera_dataset\01000000\01004009_忠孝全.pdf,01000000/01004009_忠孝全.pdf,49bfac8f-ad5c-4639-829d-be1bd24f8504,1,【第一场】,25,dialogue,dialogue,王振,pdf_01000000__01004009___abe4e0ff20__char__4bbc7c76fc,白,"哇,哪里是梦,你是想要发财来。把元宝追回。你戏弄咱家,本要杀你,念你服侍我多年。来,绑了!",中军,pdf_01000000__01004009___abe4e0ff20__char__a476b9af3e,,,,来；杀；追；念白,1,,rule,,"王振（白）哇,哪里是梦,你是想要发财来。把元宝追回。你戏弄咱家,本要杀你,念你服侍我多年。来,绑了!"
pdf_01000000__01004009___abe4e0ff20,忠孝全,pdf_01000000__01004009___abe4e0ff20__line__000025,pdf_01000000__01004009___abe4e0ff20__scene__001,01004009_忠孝全.pdf,D:\University_studies\Junior\data_visualization\experiment\final_self\opera_dataset\01000000\01004009_忠孝全.pdf,01000000/01004009_忠孝全.pdf,49bfac8f-ad5c-4639-829d-be1bd24f8504,1,【第一场】,25,dialogue,dialogue,王振,pdf_01000000__01004009___abe4e0ff20__char__4bbc7c76fc,白,"孩子们,你且在营门口站着,看做梦不做梦,再来回话。",,,,,,来；看；念白,1,,,,"王振（白）孩子们,你且在营门口站着,看做梦不做梦,再来回话。"
pdf_01000000__01004009___abe4e0ff20,忠孝全,pdf_01000000__01004009___abe4e0ff20__line__000025,pdf_01000000__01004009___abe4e0ff20__scene__001,01004009_忠孝全.pdf,D:\University_studies\Junior\data_visualization\experiment\final_self\opera_dataset\01000000\01004009_忠孝全.pdf,01000000/01004009_忠孝全.pdf,49bfac8f-ad5c-4639-829d-be1bd24f8504,1,【第一场】,25,dialogue,dialogue,安太,pdf_01000000__01004009___abe4e0ff20__char__bf427c86fc,白,"钱也是钱,饼也是饼。拉总拉不出来,拉出来足有黄瓜大,这肚子松动了。中军呢?吓,你老爷浑身上了白绫带了?",王振,pdf_01000000__01004009___abe4e0ff20__char__4bbc7c76fc,,,,上；来；念白,1,,rule,,"安太（白）钱也是钱,饼也是饼。拉总拉不出来,拉出来足有黄瓜大,这肚子松动了。中军呢?吓,你老爷浑身上了白绫带了?"
pdf_01000000__01004009___abe4e0ff20,忠孝全,pdf_01000000__01004009___abe4e0ff20__line__000025,pdf_01000000__01004009___abe4e0ff20__scene__001,01004009_忠孝全.pdf,D:\University_studies\Junior\data_visualization\experiment\final_self\opera_dataset\01000000\01004009_忠孝全.pdf,01000000/01004009_忠孝全.pdf,49bfac8f-ad5c-4639-829d-be1bd24f8504,1,【第一场】,25,dialogue,dialogue,中军,pdf_01000000__01004009___abe4e0ff20__char__a476b9af3e,白,"哽,你又来了?",安太,pdf_01000000__01004009___abe4e0ff20__char__bf427c86fc,,,,来；念白,0,,rule,,"中军（白）哽,你又来了?"
pdf_01000000__01004009___abe4e0ff20,忠孝全,pdf_01000000__01004009___abe4e0ff20__line__000025,pdf_01000000__01004009___abe4e0ff20__scene__001,01004009_忠孝全.pdf,D:\University_studies\Junior\data_visualization\experiment\final_self\opera_dataset\01000000\01004009_忠孝全.pdf,01000000/01004009_忠孝全.pdf,49bfac8f-ad5c-4639-829d-be1bd24f8504,1,【第一场】,25,dialogue,dialogue,安太,pdf_01000000__01004009___abe4e0ff20__char__bf427c86fc,白,我拉屎来好考。,中军,pdf_01000000__01004009___abe4e0ff20__char__a476b9af3e,,,,来；念白,0,,rule,,安太（白）我拉屎来好考。
pdf_01000000__01004009___abe4e0ff20,忠孝全,pdf_01000000__01004009___abe4e0ff20__line__000025,pdf_01000000__01004009___abe4e0ff20__scene__001,01004009_忠孝全.pdf,D:\University_studies\Junior\data_visualization\experiment\final_self\opera_dataset\01000000\01004009_忠孝全.pdf,01000000/01004009_忠孝全.pdf,49bfac8f-ad5c-4639-829d-be1bd24f8504,1,【第一场】,25,dialogue,dialogue,中军,pdf_01000000__01004009___abe4e0ff20__char__a476b9af3e,白,"咳,好遭瘟。来来来,我替你说句话。",安太,pdf_01000000__01004009___abe4e0ff20__char__bf427c86fc,,,,来；念白,0,,rule,,"中军（白）咳,好遭瘟。来来来,我替你说句话。"
pdf_01000000__01004009___abe4e0ff20,忠孝全,pdf_01000000__01004009___abe4e0ff20__line__000025,pdf_01000000__01004009___abe4e0ff20__scene__001,01004009_忠孝全.pdf,D:\University_studies\Junior\data_visualization\experiment\final_self\opera_dataset\01000000\01004009_忠孝全.pdf,01000000/01004009_忠孝全.pdf,49bfac8f-ad5c-4639-829d-be1bd24f8504,1,【第一场】,25,dialogue,dialogue,安太,pdf_01000000__01004009___abe4e0ff20__char__bf427c86fc,白,"你老有话说,想必是那话。",中军,pdf_01000000__01004009___abe4e0ff20__char__a476b9af3e,,,,念白,0,,rule,,"安太（白）你老有话说,想必是那话。"
pdf_01000000__01004009___abe4e0ff20,忠孝全,pdf_01000000__01004009___abe4e0ff20__line__000025,pdf_01000000__01004009___abe4e0ff20__scene__001,01004009_忠孝全.pdf,D:\University_studies\Junior\data_visualization\experiment\final_self\opera_dataset\01000000\01004009_忠孝全.pdf,01000000/01004009_忠孝全.pdf,49bfac8f-ad5c-4639-829d-be1bd24f8504,1,【第一场】,25,dialogue,dialogue,中军,pdf_01000000__01004009___abe4e0ff20__char__a476b9af3e,白,附耳上来。,安太,pdf_01000000__01004009___abe4e0ff20__char__bf427c86fc,,,,上；来；念白,0,,rule,,中军（白）附耳上来。
pdf_01000000__01004009___abe4e0ff20,忠孝全,pdf_01000000__01004009___abe4e0ff20__line__000025,pdf_01000000__01004009___abe4e0ff20__scene__001,01004009_忠孝全.pdf,D:\University_studies\Junior\data_visualization\experiment\final_self\opera_dataset\01000000\01004009_忠孝全.pdf,01000000/01004009_忠孝全.pdf,49bfac8f-ad5c-4639-829d-be1bd24f8504,1,【第一场】,25,dialogue,dialogue,安太,pdf_01000000__01004009___abe4e0ff20__char__bf427c86fc,白,"吓,哎啊啊。",中军,pdf_01000000__01004009___abe4e0ff20__char__a476b9af3e,,,,念白,0,,rule,,"安太（白）吓,哎啊啊。"
pdf_01000000__01004009___abe4e0ff20,忠孝全,pdf_01000000__01004009___abe4e0ff20__line__000025,pdf_01000000__01004009___abe4e0ff20__scene__001,01004009_忠孝全.pdf,D:\University_studies\Junior\data_visualization\experiment\final_self\opera_dataset\01000000\01004009_忠孝全.pdf,01000000/01004009_忠孝全.pdf,49bfac8f-ad5c-4639-829d-be1bd24f8504,1,【第一场】,25,dialogue,dialogue,中军,pdf_01000000__01004009___abe4e0ff20__char__a476b9af3e,白,投军人到。,安太,pdf_01000000__01004009___abe4e0ff20__char__bf427c86fc,,,,念白,0,,rule,,中军（白）投军人到。
pdf_01000000__01004009___abe4e0ff20,忠孝全,pdf_01000000__01004009___abe4e0ff20__line__000025,pdf_01000000__01004009___abe4e0ff20__scene__001,01004009_忠孝全.pdf,D:\University_studies\Junior\data_visualization\experiment\final_self\opera_dataset\01000000\01004009_忠孝全.pdf,01000000/01004009_忠孝全.pdf,49bfac8f-ad5c-4639-829d-be1bd24f8504,1,【第一场】,25,dialogue,dialogue,王振,pdf_01000000__01004009___abe4e0ff20__char__4bbc7c76fc,白,绑松了。,中军,pdf_01000000__01004009___abe4e0ff20__char__a476b9af3e,,,,念白,0,,rule,,王振（白）绑松了。
pdf_01000000__01004009___abe4e0ff20,忠孝全,pdf_01000000__01004009___abe4e0ff20__line__000025,pdf_01000000__01004009___abe4e0ff20__scene__001,01004009_忠孝全.pdf,D:\University_studies\Junior\data_visualization\experiment\final_self\opera_dataset\01000000\01004009_忠孝全.pdf,01000000/01004009_忠孝全.pdf,49bfac8f-ad5c-4639-829d-be1bd24f8504,1,【第一场】,25,dialogue,dialogue,中军,pdf_01000000__01004009___abe4e0ff20__char__a476b9af3e,白,谢千岁。,王振,pdf_01000000__01004009___abe4e0ff20__char__4bbc7c76fc,,,,念白,0,,rule,,中军（白）谢千岁。
pdf_01000000__01004009___abe4e0ff20,忠孝全,pdf_01000000__01004009___abe4e0ff20__line__000025,pdf_01000000__01004009___abe4e0ff20__scene__001,01004009_忠孝全.pdf,D:\University_studies\Junior\data_visualization\experiment\final_self\opera_dataset\01000000\01004009_忠孝全.pdf,01000000/01004009_忠孝全.pdf,49bfac8f-ad5c-4639-829d-be1bd24f8504,1,【第一场】,25,dialogue,dialogue,王振,pdf_01000000__01004009___abe4e0ff20__char__4bbc7c76fc,白,"吓,你就是好汉么?",中军,pdf_01000000__01004009___abe4e0ff20__char__a476b9af3e,,,,念白,0,,rule,,"王振（白）吓,你就是好汉么?"
pdf_01000000__01004009___abe4e0ff20,忠孝全,pdf_01000000__01004009___abe4e0ff20__line__000025,pdf_01000000__01004009___abe4e0ff20__scene__001,01004009_忠孝全.pdf,D:\University_studies\Junior\data_visualization\experiment\final_self\opera_dataset\01000000\01004009_忠孝全.pdf,01000000/01004009_忠孝全.pdf,49bfac8f-ad5c-4639-829d-be1bd24f8504,1,【第一场】,25,dialogue,dialogue,安太,pdf_01000000__01004009___abe4e0ff20__char__bf427c86fc,白,"吓吓,我叫安太。",王振,pdf_01000000__01004009___abe4e0ff20__char__4bbc7c76fc,,,,叫；念白,0,,rule,,"安太（白）吓吓,我叫安太。"
pdf_01000000__01004009___abe4e0ff20,忠孝全,pdf_01000000__01004009___abe4e0ff20__line__000025,pdf_01000000__01004009___abe4e0ff20__scene__001,01004009_忠孝全.pdf,D:\University_studies\Junior\data_visualization\experiment\final_self\opera_dataset\01000000\01004009_忠孝全.pdf,01000000/01004009_忠孝全.pdf,49bfac8f-ad5c-4639-829d-be1bd24f8504,1,【第一场】,25,dialogue,dialogue,王振,pdf_01000000__01004009___abe4e0ff20__char__4bbc7c76fc,白,会什么武艺?,安太,pdf_01000000__01004009___abe4e0ff20__char__bf427c86fc,,,,念白,0,,rule,,王振（白）会什么武艺?
pdf_01000000__01004009___abe4e0ff20,忠孝全,pdf_01000000__01004009___abe4e0ff20__line__000025,pdf_01000000__01004009___abe4e0ff20__scene__001,01004009_忠孝全.pdf,D:\University_studies\Junior\data_visualization\experiment\final_self\opera_dataset\01000000\01004009_忠孝全.pdf,01000000/01004009_忠孝全.pdf,49bfac8f-ad5c-4639-829d-be1bd24f8504,1,【第一场】,25,dialogue,dialogue,安太,pdf_01000000__01004009___abe4e0ff20__char__bf427c86fc,白,我会十九般。,王振,pdf_01000000__01004009___abe4e0ff20__char__4bbc7c76fc,,,,念白,0,,rule,,安太（白）我会十九般。
pdf_01000000__01004009___abe4e0ff20,忠孝全,pdf_01000000__01004009___abe4e0ff20__line__000025,pdf_01000000__01004009___abe4e0ff20__scene__001,01004009_忠孝全.pdf,D:\University_studies\Junior\data_visualization\experiment\final_self\opera_dataset\01000000\01004009_忠孝全.pdf,01000000/01004009_忠孝全.pdf,49bfac8f-ad5c-4639-829d-be1bd24f8504,1,【第一场】,25,dialogue,dialogue,王振,pdf_01000000__01004009___abe4e0ff20__char__4bbc7c76fc,白,"只有十八般,哪有十九般?",安太,pdf_01000000__01004009___abe4e0ff20__char__bf427c86fc,,,,念白,0,,rule,,"王振（白）只有十八般,哪有十九般?"
pdf_01000000__01004009___abe4e0ff20,忠孝全,pdf_01000000__01004009___abe4e0ff20__line__000025,pdf_01000000__01004009___abe4e0ff20__scene__001,01004009_忠孝全.pdf,D:\University_studies\Junior\data_visualization\experiment\final_self\opera_dataset\01000000\01004009_忠孝全.pdf,01000000/01004009_忠孝全.pdf,49bfac8f-ad5c-4639-829d-be1bd24f8504,1,【第一场】,25,dialogue,dialogue,安太,pdf_01000000__01004009___abe4e0ff20__char__bf427c86fc,白,我多一般。,王振,pdf_01000000__01004009___abe4e0ff20__char__4bbc7c76fc,,,,念白,0,,rule,,安太（白）我多一般。
pdf_01000000__01004009___abe4e0ff20,忠孝全,pdf_01000000__01004009___abe4e0ff20__line__000025,pdf_01000000__01004009___abe4e0ff20__scene__001,01004009_忠孝全.pdf,D:\University_studies\Junior\data_visualization\experiment\final_self\opera_dataset\01000000\01004009_忠孝全.pdf,01000000/01004009_忠孝全.pdf,49bfac8f-ad5c-4639-829d-be1bd24f8504,1,【第一场】,25,dialogue,dialogue,王振,pdf_01000000__01004009___abe4e0ff20__char__4bbc7c76fc,白,多一般什么?,安太,pdf_01000000__01004009___abe4e0ff20__char__bf427c86fc,,,,念白,0,,rule,,王振（白）多一般什么?
pdf_01000000__01004009___abe4e0ff20,忠孝全,pdf_01000000__01004009___abe4e0ff20__line__000025,pdf_01000000__01004009___abe4e0ff20__scene__001,01004009_忠孝全.pdf,D:\University_studies\Junior\data_visualization\experiment\final_self\opera_dataset\01000000\01004009_忠孝全.pdf,01000000/01004009_忠孝全.pdf,49bfac8f-ad5c-4639-829d-be1bd24f8504,1,【第一场】,25,dialogue,dialogue,安太,pdf_01000000__01004009___abe4e0ff20__char__bf427c86fc,白,骂。,王振,pdf_01000000__01004009___abe4e0ff20__char__4bbc7c76fc,愤怒,,,念白,0,rule,rule,,安太（白）骂。
pdf_01000000__01004009___abe4e0ff20,忠孝全,pdf_01000000__01004009___abe4e0ff20__line__000025,pdf_01000000__01004009___abe4e0ff20__scene__001,01004009_忠孝全.pdf,D:\University_studies\Junior\data_visualization\experiment\final_self\opera_dataset\01000000\01004009_忠孝全.pdf,01000000/01004009_忠孝全.pdf,49bfac8f-ad5c-4639-829d-be1bd24f8504,1,【第一场】,25,dialogue,dialogue,王振,pdf_01000000__01004009___abe4e0ff20__char__4bbc7c76fc,白,"哽,骂谁?",安太,pdf_01000000__01004009___abe4e0ff20__char__bf427c86fc,愤怒,,,念白,0,rule,rule,,"王振（白）哽,骂谁?"
pdf_01000000__01004009___abe4e0ff20,忠孝全,pdf_01000000__01004009___abe4e0ff20__line__000025,pdf_01000000__01004009___abe4e0ff20__scene__001,01004009_忠孝全.pdf,D:\University_studies\Junior\data_visualization\experiment\final_self\opera_dataset\01000000\01004009_忠孝全.pdf,01000000/01004009_忠孝全.pdf,49bfac8f-ad5c-4639-829d-be1bd24f8504,1,【第一场】,25,dialogue,dialogue,安太,pdf_01000000__01004009___abe4e0ff20__char__bf427c86fc,白,会骂阵。,王振,pdf_01000000__01004009___abe4e0ff20__char__4bbc7c76fc,愤怒,,,念白,0,rule,rule,,安太（白）会骂阵。
pdf_01000000__01004009___abe4e0ff20,忠孝全,pdf_01000000__01004009___abe4e0ff20__line__000025,pdf_01000000__01004009___abe4e0ff20__scene__001,01004009_忠孝全.pdf,D:\University_studies\Junior\data_visualization\experiment\final_self\opera_dataset\01000000\01004009_忠孝全.pdf,01000000/01004009_忠孝全.pdf,49bfac8f-ad5c-4639-829d-be1bd24f8504,1,【第一场】,25,dialogue,dialogue,王振,pdf_01000000__01004009___abe4e0ff20__char__4bbc7c76fc,白,哈哈哈。好算一能。到底哪样当先?,安太,pdf_01000000__01004009___abe4e0ff20__char__bf427c86fc,得意,,,念白,0,rule,rule,,王振（白）哈哈哈。好算一能。到底哪样当先?
pdf_01000000__01004009___abe4e0ff20,忠孝全,pdf_01000000__01004009___abe4e0ff20__line__000025,pdf_01000000__01004009___abe4e0ff20__scene__001,01004009_忠孝全.pdf,D:\University_studies\Junior\data_visualization\experiment\final_self\opera_dataset\01000000\01004009_忠孝全.pdf,01000000/01004009_忠孝全.pdf,49bfac8f-ad5c-4639-829d-be1bd24f8504,1,【第一场】,25,dialogue,dialogue,安太,pdf_01000000__01004009___abe4e0ff20__char__bf427c86fc,白,手铳。,王振,pdf_01000000__01004009___abe4e0ff20__char__4bbc7c76fc,,,,念白,0,,rule,,安太（白）手铳。
pdf_01000000__01004009___abe4e0ff20,忠孝全,pdf_01000000__01004009___abe4e0ff20__line__000025,pdf_01000000__01004009___abe4e0ff20__scene__001,01004009_忠孝全.pdf,D:\University_studies\Junior\data_visualization\experiment\final_self\opera_dataset\01000000\01004009_忠孝全.pdf,01000000/01004009_忠孝全.pdf,49bfac8f-ad5c-4639-829d-be1bd24f8504,1,【第一场】,25,dialogue,dialogue,王振,pdf_01000000__01004009___abe4e0ff20__char__4bbc7c76fc,白,"哎,火攻吓。",安太,pdf_01000000__01004009___abe4e0ff20__char__bf427c86fc,,,,念白,0,,rule,,"王振（白）哎,火攻吓。"
pdf_01000000__01004009___abe4e0ff20,忠孝全,pdf_01000000__01004009___abe4e0ff20__line__000025,pdf_01000000__01004009___abe4e0ff20__scene__001,01004009_忠孝全.pdf,D:\University_studies\Junior\data_visualization\experiment\final_self\opera_dataset\01000000\01004009_忠孝全.pdf,01000000/01004009_忠孝全.pdf,49bfac8f-ad5c-4639-829d-be1bd24f8504,1,【第一场】,25,dialogue,dialogue,安太,pdf_01000000__01004009___abe4e0ff20__char__bf427c86fc,白,"不错,火攻。",王振,pdf_01000000__01004009___abe4e0ff20__char__4bbc7c76fc,,,,念白,0,,rule,,"安太（白）不错,火攻。"
pdf_01000000__01004009___abe4e0ff20,忠孝全,pdf_01000000__01004009___abe4e0ff20__line__000025,pdf_01000000__01004009___abe4e0ff20__scene__001,01004009_忠孝全.pdf,D:\University_studies\Junior\data_visualization\experiment\final_self\opera_dataset\01000000\01004009_忠孝全.pdf,01000000/01004009_忠孝全.pdf,49bfac8f-ad5c-4639-829d-be1bd24f8504,1,【第一场】,25,dialogue,dialogue,王振,pdf_01000000__01004009___abe4e0ff20__char__4bbc7c76fc,白,演来我看。,安太,pdf_01000000__01004009___abe4e0ff20__char__bf427c86fc,,,,来；看；念白,0,,rule,,王振（白）演来我看。
pdf_01000000__01004009___abe4e0ff20,忠孝全,pdf_01000000__01004009___abe4e0ff20__line__000025,pdf_01000000__01004009___abe4e0ff20__scene__001,01004009_忠孝全.pdf,D:\University_studies\Junior\data_visualization\experiment\final_self\opera_dataset\01000000\01004009_忠孝全.pdf,01000000/01004009_忠孝全.pdf,49bfac8f-ad5c-4639-829d-be1bd24f8504,1,【第一场】,25,dialogue,dialogue,安太,pdf_01000000__01004009___abe4e0ff20__char__bf427c86fc,白,"是,照枪。",王振,pdf_01000000__01004009___abe4e0ff20__char__4bbc7c76fc,,,,念白,0,,rule,,"安太（白）是,照枪。"
pdf_01000000__01004009___abe4e0ff20,忠孝全,pdf_01000000__01004009___abe4e0ff20__line__000025,pdf_01000000__01004009___abe4e0ff20__scene__001,01004009_忠孝全.pdf,D:\University_studies\Junior\data_visualization\experiment\final_self\opera_dataset\01000000\01004009_忠孝全.pdf,01000000/01004009_忠孝全.pdf,49bfac8f-ad5c-4639-829d-be1bd24f8504,1,【第一场】,25,dialogue,dialogue,众人,pdf_01000000__01004009___abe4e0ff20__char__c3c0fd245f,同白,"吠,怎么朝上打?",安太,pdf_01000000__01004009___abe4e0ff20__char__bf427c86fc,,,,上；打；念白,0,,rule,,"众人（同白）吠,怎么朝上打?"
pdf_01000000__01004009___abe4e0ff20,忠孝全,pdf_01000000__01004009___abe4e0ff20__line__000025,pdf_01000000__01004009___abe4e0ff20__scene__001,01004009_忠孝全.pdf,D:\University_studies\Junior\data_visualization\experiment\final_self\opera_dataset\01000000\01004009_忠孝全.pdf,01000000/01004009_忠孝全.pdf,49bfac8f-ad5c-4639-829d-be1bd24f8504,1,【第一场】,25,dialogue,dialogue,安太,pdf_01000000__01004009___abe4e0ff20__char__bf427c86fc,白,斩将擒王。,众人,pdf_01000000__01004009___abe4e0ff20__char__c3c0fd245f,,,,念白,1,,rule,,安太（白）斩将擒王。
pdf_01000000__01004009___abe4e0ff20,忠孝全,pdf_01000000__01004009___abe4e0ff20__line__000025,pdf_01000000__01004009___abe4e0ff20__scene__001,01004009_忠孝全.pdf,D:\University_studies\Junior\data_visualization\experiment\final_self\opera_dataset\01000000\01004009_忠孝全.pdf,01000000/01004009_忠孝全.pdf,49bfac8f-ad5c-4639-829d-be1bd24f8504,1,【第一场】,25,dialogue,dialogue,众人,pdf_01000000__01004009___abe4e0ff20__char__c3c0fd245f,同白,"哇,擒番王朝外攻。",安太,pdf_01000000__01004009___abe4e0ff20__char__bf427c86fc,,,,念白,0,,rule,,"众人（同白）哇,擒番王朝外攻。"
pdf_01000000__01004009___abe4e0ff20,忠孝全,pdf_01000000__01004009___abe4e0ff20__line__000025,pdf_01000000__01004009___abe4e0ff20__scene__001,01004009_忠孝全.pdf,D:\University_studies\Junior\data_visualization\experiment\final_self\opera_dataset\01000000\01004009_忠孝全.pdf,01000000/01004009_忠孝全.pdf,49bfac8f-ad5c-4639-829d-be1bd24f8504,1,【第一场】,25,dialogue,dialogue,安太,pdf_01000000__01004009___abe4e0ff20__char__bf427c86fc,白,"这免得使刀,响了没有?",众人,pdf_01000000__01004009___abe4e0ff20__char__c3c0fd245f,,,,念白,0,,rule,,"安太（白）这免得使刀,响了没有?"
pdf_01000000__01004009___abe4e0ff20,忠孝全,pdf_01000000__01004009___abe4e0ff20__line__000025,pdf_01000000__01004009___abe4e0ff20__scene__001,01004009_忠孝全.pdf,D:\University_studies\Junior\data_visualization\experiment\final_self\opera_dataset\01000000\01004009_忠孝全.pdf,01000000/01004009_忠孝全.pdf,49bfac8f-ad5c-4639-829d-be1bd24f8504,1,【第一场】,25,dialogue,dialogue,王振,pdf_01000000__01004009___abe4e0ff20__char__4bbc7c76fc,白,赶出去。,安太,pdf_01000000__01004009___abe4e0ff20__char__bf427c86fc,,,,去；念白,0,,rule,,王振（白）赶出去。
pdf_01000000__01004009___abe4e0ff20,忠孝全,pdf_01000000__01004009___abe4e0ff20__line__000025,pdf_01000000__01004009___abe4e0ff20__scene__001,01004009_忠孝全.pdf,D:\University_studies\Junior\data_visualization\experiment\final_self\opera_dataset\01000000\01004009_忠孝全.pdf,01000000/01004009_忠孝全.pdf,49bfac8f-ad5c-4639-829d-be1bd24f8504,1,【第一场】,25,dialogue,dialogue,安太,pdf_01000000__01004009___abe4e0ff20__char__bf427c86fc,白,我还有大刀。,王振,pdf_01000000__01004009___abe4e0ff20__char__4bbc7c76fc,,,,念白,0,,rule,,安太（白）我还有大刀。
pdf_01000000__01004009___abe4e0ff20,忠孝全,pdf_01000000__01004009___abe4e0ff20__line__000025,pdf_01000000__01004009___abe4e0ff20__scene__001,01004009_忠孝全.pdf,D:\University_studies\Junior\data_visualization\experiment\final_self\opera_dataset\01000000\01004009_忠孝全.pdf,01000000/01004009_忠孝全.pdf,49bfac8f-ad5c-4639-829d-be1bd24f8504,1,【第一场】,25,dialogue,dialogue,王振,pdf_01000000__01004009___abe4e0ff20__char__4bbc7c76fc,白,演来。,安太,pdf_01000000__01004009___abe4e0ff20__char__bf427c86fc,,,,来；念白,0,,rule,,王振（白）演来。
pdf_01000000__01004009___abe4e0ff20,忠孝全,pdf_01000000__01004009___abe4e0ff20__line__000025,pdf_01000000__01004009___abe4e0ff20__scene__001,01004009_忠孝全.pdf,D:\University_studies\Junior\data_visualization\experiment\final_self\opera_dataset\01000000\01004009_忠孝全.pdf,01000000/01004009_忠孝全.pdf,49bfac8f-ad5c-4639-829d-be1bd24f8504,1,【第一场】,25,dialogue,dialogue,安太,pdf_01000000__01004009___abe4e0ff20__char__bf427c86fc,白,是。,王振,pdf_01000000__01004009___abe4e0ff20__char__4bbc7c76fc,,,,念白,0,,rule,,安太（白）是。
pdf_01000000__01004009___abe4e0ff20,忠孝全,pdf_01000000__01004009___abe4e0ff20__line__000025,pdf_01000000__01004009___abe4e0ff20__scene__001,01004009_忠孝全.pdf,D:\University_studies\Junior\data_visualization\experiment\final_self\opera_dataset\01000000\01004009_忠孝全.pdf,01000000/01004009_忠孝全.pdf,49bfac8f-ad5c-4639-829d-be1bd24f8504,1,【第一场】,25,dialogue,dialogue,王振,pdf_01000000__01004009___abe4e0ff20__char__4bbc7c76fc,白,赶了出去。,安太,pdf_01000000__01004009___abe4e0ff20__char__bf427c86fc,,,,去；念白,0,,rule,,王振（白）赶了出去。
pdf_01000000__01004009___abe4e0ff20,忠孝全,pdf_01000000__01004009___abe4e0ff20__line__000025,pdf_01000000__01004009___abe4e0ff20__scene__001,01004009_忠孝全.pdf,D:\University_studies\Junior\data_visualization\experiment\final_self\opera_dataset\01000000\01004009_忠孝全.pdf,01000000/01004009_忠孝全.pdf,49bfac8f-ad5c-4639-829d-be1bd24f8504,1,【第一场】,25,dialogue,dialogue,安太,pdf_01000000__01004009___abe4e0ff20__char__bf427c86fc,白,"哎呀,千岁。我房屋田地俱已卖尽,无有粮饷与我,我死也不回去。",王振,pdf_01000000__01004009___abe4e0ff20__char__4bbc7c76fc,,,,去；念白,1,,rule,,"安太（白）哎呀,千岁。我房屋田地俱已卖尽,无有粮饷与我,我死也不回去。"
pdf_01000000__01004009___abe4e0ff20,忠孝全,pdf_01000000__01004009___abe4e0ff20__line__000025,pdf_01000000__01004009___abe4e0ff20__scene__001,01004009_忠孝全.pdf,D:\University_studies\Junior\data_visualization\experiment\final_self\opera_dataset\01000000\01004009_忠孝全.pdf,01000000/01004009_忠孝全.pdf,49bfac8f-ad5c-4639-829d-be1bd24f8504,1,【第一场】,25,dialogue,dialogue,王振,pdf_01000000__01004009___abe4e0ff20__char__4bbc7c76fc,白,"也罢。念尔投军一场,赏你一名火头军。",安太,pdf_01000000__01004009___abe4e0ff20__char__bf427c86fc,,,,念白,1,,rule,,"王振（白）也罢。念尔投军一场,赏你一名火头军。"
pdf_01000000__01004009___abe4e0ff20,忠孝全,pdf_01000000__01004009___abe4e0ff20__line__000025,pdf_01000000__01004009___abe4e0ff20__scene__001,01004009_忠孝全.pdf,D:\University_studies\Junior\data_visualization\experiment\final_self\opera_dataset\01000000\01004009_忠孝全.pdf,01000000/01004009_忠孝全.pdf,49bfac8f-ad5c-4639-829d-be1bd24f8504,1,【第一场】,25,dialogue,dialogue,众人,pdf_01000000__01004009___abe4e0ff20__char__c3c0fd245f,同白,"起来,有了钱粮了。",王振,pdf_01000000__01004009___abe4e0ff20__char__4bbc7c76fc,,,,来；念白,0,,rule,,"众人（同白）起来,有了钱粮了。"
pdf_01000000__01004009___abe4e0ff20,忠孝全,pdf_01000000__01004009___abe4e0ff20__line__000025,pdf_01000000__01004009___abe4e0ff20__scene__001,01004009_忠孝全.pdf,D:\University_studies\Junior\data_visualization\experiment\final_self\opera_dataset\01000000\01004009_忠孝全.pdf,01000000/01004009_忠孝全.pdf,49bfac8f-ad5c-4639-829d-be1bd24f8504,1,【第一场】,25,dialogue,dialogue,安太,pdf_01000000__01004009___abe4e0ff20__char__bf427c86fc,白,"有钱粮,我就起来。什么官?",众人,pdf_01000000__01004009___abe4e0ff20__char__c3c0fd245f,,,,来；念白,0,,rule,,"安太（白）有钱粮,我就起来。什么官?"
pdf_01000000__01004009___abe4e0ff20,忠孝全,pdf_01000000__01004009___abe4e0ff20__line__000025,pdf_01000000__01004009___abe4e0ff20__scene__001,01004009_忠孝全.pdf,D:\University_studies\Junior\data_visualization\experiment\final_self\opera_dataset\01000000\01004009_忠孝全.pdf,01000000/01004009_忠孝全.pdf,49bfac8f-ad5c-4639-829d-be1bd24f8504,1,【第一场】,25,dialogue,dialogue,众人,pdf_01000000__01004009___abe4e0ff20__char__c3c0fd245f,同白,火头军。,安太,pdf_01000000__01004009___abe4e0ff20__char__bf427c86fc,,,,念白,0,,rule,,众人（同白）火头军。
pdf_01000000__01004009___abe4e0ff20,忠孝全,pdf_01000000__01004009___abe4e0ff20__line__000025,pdf_01000000__01004009___abe4e0ff20__scene__001,01004009_忠孝全.pdf,D:\University_studies\Junior\data_visualization\experiment\final_self\opera_dataset\01000000\01004009_忠孝全.pdf,01000000/01004009_忠孝全.pdf,49bfac8f-ad5c-4639-829d-be1bd24f8504,1,【第一场】,25,dialogue,dialogue,安太,pdf_01000000__01004009___abe4e0ff20__char__bf427c86fc,白,火头军有多大?,众人,pdf_01000000__01004009___abe4e0ff20__char__c3c0fd245f,,,,念白,0,,rule,,安太（白）火头军有多大?
pdf_01000000__01004009___abe4e0ff20,忠孝全,pdf_01000000__01004009___abe4e0ff20__line__000025,pdf_01000000__01004009___abe4e0ff20__scene__001,01004009_忠孝全.pdf,D:\University_studies\Junior\data_visualization\experiment\final_self\opera_dataset\01000000\01004009_忠孝全.pdf,01000000/01004009_忠孝全.pdf,49bfac8f-ad5c-4639-829d-be1bd24f8504,1,【第一场】,25,dialogue,dialogue,众人,pdf_01000000__01004009___abe4e0ff20__char__c3c0fd245f,同白,出了品呢。,安太,pdf_01000000__01004009___abe4e0ff20__char__bf427c86fc,,,,念白,0,,rule,,众人（同白）出了品呢。
pdf_01000000__01004009___abe4e0ff20,忠孝全,pdf_01000000__01004009___abe4e0ff20__line__000025,pdf_01000000__01004009___abe4e0ff20__scene__001,01004009_忠孝全.pdf,D:\University_studies\Junior\data_visualization\experiment\final_self\opera_dataset\01000000\01004009_忠孝全.pdf,01000000/01004009_忠孝全.pdf,49bfac8f-ad5c-4639-829d-be1bd24f8504,1,【第一场】,25,dialogue,dialogue,安太,pdf_01000000__01004009___abe4e0ff20__char__bf427c86fc,白,"出了品,我要封侯了。",众人,pdf_01000000__01004009___abe4e0ff20__char__c3c0fd245f,,,,念白,0,,rule,,"安太（白）出了品,我要封侯了。"
pdf_01000000__01004009___abe4e0ff20,忠孝全,pdf_01000000__01004009___abe4e0ff20__line__000025,pdf_01000000__01004009___abe4e0ff20__scene__001,01004009_忠孝全.pdf,D:\University_studies\Junior\data_visualization\experiment\final_self\opera_dataset\01000000\01004009_忠孝全.pdf,01000000/01004009_忠孝全.pdf,49bfac8f-ad5c-4639-829d-be1bd24f8504,1,【第一场】,25,dialogue,dialogue,众人,pdf_01000000__01004009___abe4e0ff20__char__c3c0fd245f,同白,你叫什么?,安太,pdf_01000000__01004009___abe4e0ff20__char__bf427c86fc,,,,叫；念白,0,,rule,,众人（同白）你叫什么?
pdf_01000000__01004009___abe4e0ff20,忠孝全,pdf_01000000__01004009___abe4e0ff20__line__000025,pdf_01000000__01004009___abe4e0ff20__scene__001,01004009_忠孝全.pdf,D:\University_studies\Junior\data_visualization\experiment\final_self\opera_dataset\01000000\01004009_忠孝全.pdf,01000000/01004009_忠孝全.pdf,49bfac8f-ad5c-4639-829d-be1bd24f8504,1,【第一场】,25,dialogue,dialogue,安太,pdf_01000000__01004009___abe4e0ff20__char__bf427c86fc,白,我叫安太。,众人,pdf_01000000__01004009___abe4e0ff20__char__c3c0fd245f,,,,叫；念白,0,,rule,,安太（白）我叫安太。
pdf_01000000__01004009___abe4e0ff20,忠孝全,pdf_01000000__01004009___abe4e0ff20__line__000025,pdf_01000000__01004009___abe4e0ff20__scene__001,01004009_忠孝全.pdf,D:\University_studies\Junior\data_visualization\experiment\final_self\opera_dataset\01000000\01004009_忠孝全.pdf,01000000/01004009_忠孝全.pdf,49bfac8f-ad5c-4639-829d-be1bd24f8504,1,【第一场】,25,dialogue,dialogue,中军,pdf_01000000__01004009___abe4e0ff20__char__a476b9af3e,白,下去。,安太,pdf_01000000__01004009___abe4e0ff20__char__bf427c86fc,,,,下；去；念白,0,,rule,,中军（白）下去。
pdf_01000000__01004009___abe4e0ff20,忠孝全,pdf_01000000__01004009___abe4e0ff20__line__000025,pdf_01000000__01004009___abe4e0ff20__scene__001,01004009_忠孝全.pdf,D:\University_studies\Junior\data_visualization\experiment\final_self\opera_dataset\01000000\01004009_忠孝全.pdf,01000000/01004009_忠孝全.pdf,49bfac8f-ad5c-4639-829d-be1bd24f8504,1,【第一场】,25,dialogue,dialogue,秦季龙,pdf_01000000__01004009___abe4e0ff20__char__3e8f57054a,念,"打探金鳌事,报与千岁知。",中军,pdf_01000000__01004009___abe4e0ff20__char__a476b9af3e,,,,报；打,0,,rule,,"秦季龙（念）打探金鳌事,报与千岁知。"
pdf_01000000__01004009___abe4e0ff20,忠孝全,pdf_01000000__01004009___abe4e0ff20__line__000025,pdf_01000000__01004009___abe4e0ff20__scene__001,01004009_忠孝全.pdf,D:\University_studies\Junior\data_visualization\experiment\final_self\opera_dataset\01000000\01004009_忠孝全.pdf,01000000/01004009_忠孝全.pdf,49bfac8f-ad5c-4639-829d-be1bd24f8504,1,【第一场】,25,dialogue,dialogue,王振,pdf_01000000__01004009___abe4e0ff20__char__4bbc7c76fc,白,"好孩子。有此胆量,咱家赐你盔甲,带领人马,大战金鳌。得胜回营,自有升赏。下面披挂。",秦季龙,pdf_01000000__01004009___abe4e0ff20__char__3e8f57054a,得意,,,下；念白,1,rule,rule,,"王振（白）好孩子。有此胆量,咱家赐你盔甲,带领人马,大战金鳌。得胜回营,自有升赏。下面披挂。"
pdf_01000000__01004009___abe4e0ff20,忠孝全,pdf_01000000__01004009___abe4e0ff20__line__000025,pdf_01000000__01004009___abe4e0ff20__scene__001,01004009_忠孝全.pdf,D:\University_studies\Junior\data_visualization\experiment\final_self\opera_dataset\01000000\01004009_忠孝全.pdf,01000000/01004009_忠孝全.pdf,49bfac8f-ad5c-4639-829d-be1bd24f8504,1,【第一场】,25,dialogue,dialogue,秦季龙,pdf_01000000__01004009___abe4e0ff20__char__3e8f57054a,白,谢千岁。,王振,pdf_01000000__01004009___abe4e0ff20__char__4bbc7c76fc,,,,念白,0,,rule,,秦季龙（白）谢千岁。
pdf_01000000__01004009___abe4e0ff20,忠孝全,pdf_01000000__01004009___abe4e0ff20__line__000025,pdf_01000000__01004009___abe4e0ff20__scene__001,01004009_忠孝全.pdf,D:\University_studies\Junior\data_visualization\experiment\final_self\opera_dataset\01000000\01004009_忠孝全.pdf,01000000/01004009_忠孝全.pdf,49bfac8f-ad5c-4639-829d-be1bd24f8504,1,【第一场】,25,dialogue,dialogue,王振,pdf_01000000__01004009___abe4e0ff20__char__4bbc7c76fc,白,"中军,吩咐满营将官,与秦季龙观战。",秦季龙,pdf_01000000__01004009___abe4e0ff20__char__3e8f57054a,,,秦季龙,念白,0,,rule,,"王振（白）中军,吩咐满营将官,与秦季龙观战。"
pdf_01000000__01004009___abe4e0ff20,忠孝全,pdf_01000000__01004009___abe4e0ff20__line__000025,pdf_01000000__01004009___abe4e0ff20__scene__001,01004009_忠孝全.pdf,D:\University_studies\Junior\data_visualization\experiment\final_self\opera_dataset\01000000\01004009_忠孝全.pdf,01000000/01004009_忠孝全.pdf,49bfac8f-ad5c-4639-829d-be1bd24f8504,1,【第一场】,25,dialogue,dialogue,王振,pdf_01000000__01004009___abe4e0ff20__char__4bbc7c76fc,白,掩门。,安太,pdf_01000000__01004009___abe4e0ff20__char__bf427c86fc,厉,命令,,念白,0,llm,llm,0.8,王振（白）掩门。
pdf_01000000__01004009___abe4e0ff20,忠孝全,pdf_01000000__01004009___abe4e0ff20__line__000029,pdf_01000000__01004009___abe4e0ff20__scene__002,01004009_忠孝全.pdf,D:\University_studies\Junior\data_visualization\experiment\final_self\opera_dataset\01000000\01004009_忠孝全.pdf,01000000/01004009_忠孝全.pdf,49bfac8f-ad5c-4639-829d-be1bd24f8504,2,【第二场】,29,stage_direction,stage_direction,,,金鳌上，四番将、手下同上。〖点绛唇〗。,,,,,,,上；下,0,,,,（金鳌上，四番将、手下同上。〖点绛唇〗。）
pdf_01000000__01004009___abe4e0ff20,忠孝全,pdf_01000000__01004009___abe4e0ff20__line__000031,pdf_01000000__01004009___abe4e0ff20__scene__002,01004009_忠孝全.pdf,D:\University_studies\Junior\data_visualization\experiment\final_self\opera_dataset\01000000\01004009_忠孝全.pdf,01000000/01004009_忠孝全.pdf,49bfac8f-ad5c-4639-829d-be1bd24f8504,2,【第二场】,31,dialogue,dialogue,金鳌,pdf_01000000__01004009___abe4e0ff20__char__6231eb3eec,念,泰岱山高沧海波，雪亮锋刃不用磨。鲸吞志气从云起，要夺锦绣旧山河。（白） 孤，金鳌是也。威镇海口，自立为王。领就雄兵百万，战将千员，欲夺中原江山，享受无疆之福。曾命探子哨探，未见回报。,王振,pdf_01000000__01004009___abe4e0ff20__char__4bbc7c76fc,平,陈述,,报；命；立,1,llm,rule,0.9,金鳌 （念） 泰岱山高沧海波，雪亮锋刃不用磨。鲸吞志气从云起，要夺锦绣旧山河。（白） 孤，金鳌是也。威镇海口，自立为王。领就雄兵百万，战将千员，欲夺中原江山，享受无疆之福。曾命探子哨探，未见回报。
pdf_01000000__01004009___abe4e0ff20,忠孝全,pdf_01000000__01004009___abe4e0ff20__line__000033,pdf_01000000__01004009___abe4e0ff20__scene__002,01004009_忠孝全.pdf,D:\University_studies\Junior\data_visualization\experiment\final_self\opera_dataset\01000000\01004009_忠孝全.pdf,01000000/01004009_忠孝全.pdf,49bfac8f-ad5c-4639-829d-be1bd24f8504,2,【第二场】,33,stage_direction,stage_direction,,,报子上。,,,,,,,上；报,0,,,,（报子上。）
pdf_01000000__01004009___abe4e0ff20,忠孝全,pdf_01000000__01004009___abe4e0ff20__line__000035,pdf_01000000__01004009___abe4e0ff20__scene__002,01004009_忠孝全.pdf,D:\University_studies\Junior\data_visualization\experiment\final_self\opera_dataset\01000000\01004009_忠孝全.pdf,01000000/01004009_忠孝全.pdf,49bfac8f-ad5c-4639-829d-be1bd24f8504,2,【第二场】,35,dialogue,dialogue,报子,pdf_01000000__01004009___abe4e0ff20__char__339fd0b209,白,启大王：秦季龙讨战。金鳌 （白） 再探。,金鳌,pdf_01000000__01004009___abe4e0ff20__char__6231eb3eec,惊,汇报,秦季龙,念白,1,llm,llm,0.9,报子 （白） 启大王：秦季龙讨战。金鳌 （白） 再探。
pdf_01000000__01004009___abe4e0ff20,忠孝全,pdf_01000000__01004009___abe4e0ff20__line__000037,pdf_01000000__01004009___abe4e0ff20__scene__002,01004009_忠孝全.pdf,D:\University_studies\Junior\data_visualization\experiment\final_self\opera_dataset\01000000\01004009_忠孝全.pdf,01000000/01004009_忠孝全.pdf,49bfac8f-ad5c-4639-829d-be1bd24f8504,2,【第二场】,37,stage_direction,stage_direction,,,报子下。,,,,,,,下；报,0,,,,（报子下。）
pdf_01000000__01004009___abe4e0ff20,忠孝全,pdf_01000000__01004009___abe4e0ff20__line__000039,pdf_01000000__01004009___abe4e0ff20__scene__002,01004009_忠孝全.pdf,D:\University_studies\Junior\data_visualization\experiment\final_self\opera_dataset\01000000\01004009_忠孝全.pdf,01000000/01004009_忠孝全.pdf,49bfac8f-ad5c-4639-829d-be1bd24f8504,2,【第二场】,39,dialogue,dialogue,金鳌,pdf_01000000__01004009___abe4e0ff20__char__6231eb3eec,白,且住。秦季龙前来讨战，岂容猖狂。众番儿！,秦季龙,pdf_01000000__01004009___abe4e0ff20__char__3e8f57054a,厉,命令,秦季龙,来；念白,1,llm,rule,0.9,金鳌 （白） 且住。秦季龙前来讨战，岂容猖狂。众番儿！
pdf_01000000__01004009___abe4e0ff20,忠孝全,pdf_01000000__01004009___abe4e0ff20__line__000041,pdf_01000000__01004009___abe4e0ff20__scene__002,01004009_忠孝全.pdf,D:\University_studies\Junior\data_visualization\experiment\final_self\opera_dataset\01000000\01004009_忠孝全.pdf,01000000/01004009_忠孝全.pdf,49bfac8f-ad5c-4639-829d-be1bd24f8504,2,【第二场】,41,stage_direction,stage_direction,,,众人同允。,,,,,,,,0,,,,（众人同允。）
pdf_01000000__01004009___abe4e0ff20,忠孝全,pdf_01000000__01004009___abe4e0ff20__line__000043,pdf_01000000__01004009___abe4e0ff20__scene__002,01004009_忠孝全.pdf,D:\University_studies\Junior\data_visualization\experiment\final_self\opera_dataset\01000000\01004009_忠孝全.pdf,01000000/01004009_忠孝全.pdf,49bfac8f-ad5c-4639-829d-be1bd24f8504,2,【第二场】,43,dialogue,dialogue,金鳌,pdf_01000000__01004009___abe4e0ff20__char__6231eb3eec,白,抬枪带马。,,,,,,念白,0,,,,金鳌 （白） 抬枪带马。
pdf_01000000__01004009___abe4e0ff20,忠孝全,pdf_01000000__01004009___abe4e0ff20__line__000045,pdf_01000000__01004009___abe4e0ff20__scene__002,01004009_忠孝全.pdf,D:\University_studies\Junior\data_visualization\experiment\final_self\opera_dataset\01000000\01004009_忠孝全.pdf,01000000/01004009_忠孝全.pdf,49bfac8f-ad5c-4639-829d-be1bd24f8504,2,【第二场】,45,stage_direction,stage_direction,,,众人同下，金鳌带马，走圆场，会阵，秦季龙上。,,,,,,,上；下；走,0,,,,（众人同下，金鳌带马，走圆场，会阵，秦季龙上。）
pdf_01000000__01004009___abe4e0ff20,忠孝全,pdf_01000000__01004009___abe4e0ff20__line__000047,pdf_01000000__01004009___abe4e0ff20__scene__002,01004009_忠孝全.pdf,D:\University_studies\Junior\data_visualization\experiment\final_self\opera_dataset\01000000\01004009_忠孝全.pdf,01000000/01004009_忠孝全.pdf,49bfac8f-ad5c-4639-829d-be1bd24f8504,2,【第二场】,47,dialogue,dialogue,秦季龙,pdf_01000000__01004009___abe4e0ff20__char__3e8f57054a,白,马前来的敢是金鳌？金鳌 （白） 然也。秦季龙 （白） 唗！胆大金鳌，天朝有何亏负于你，你兴兵犯界？好好收兵回国，各保疆土。如若不然，只恐性命难保。金鳌 （白） 唗！既知孤家兴兵前来，就该下马归顺。倘若延迟，难免刀下之鬼。秦季龙 （白） 休得多言，放马过来。,金鳌,pdf_01000000__01004009___abe4e0ff20__char__6231eb3eec,厉,质问,秦季龙,下；来；命；收；念白,1,llm,llm,0.9,秦季龙 （白） 马前来的敢是金鳌？金鳌 （白） 然也。秦季龙 （白） 唗！胆大金鳌，天朝有何亏负于你，你兴兵犯界？好好收兵回国，各保疆土。如若不然，只恐性命难保。金鳌 （白） 唗！既知孤家兴兵前来，就该下马归顺。倘若延迟，难免刀下之鬼。秦季龙 （白） 休得多言，放马过来。
pdf_01000000__01004009___abe4e0ff20,忠孝全,pdf_01000000__01004009___abe4e0ff20__line__000049,pdf_01000000__01004009___abe4e0ff20__scene__002,01004009_忠孝全.pdf,D:\University_studies\Junior\data_visualization\experiment\final_self\opera_dataset\01000000\01004009_忠孝全.pdf,01000000/01004009_忠孝全.pdf,49bfac8f-ad5c-4639-829d-be1bd24f8504,2,【第二场】,49,lyric,lyric,金鳌,pdf_01000000__01004009___abe4e0ff20__char__6231eb3eec,西皮快板,"你讲你朝天心顺,孤家也是一国王。回营快对王振讲,叫他早早来投降。",王振,pdf_01000000__01004009___abe4e0ff20__char__4bbc7c76fc,,,王振,来；叫；唱段,1,,rule,,"金鳌（西皮快板）你讲你朝天心顺,孤家也是一国王。回营快对王振讲,叫他早早来投降。"
pdf_01000000__01004009___abe4e0ff20,忠孝全,pdf_01000000__01004009___abe4e0ff20__line__000049,pdf_01000000__01004009___abe4e0ff20__scene__002,01004009_忠孝全.pdf,D:\University_studies\Junior\data_visualization\experiment\final_self\opera_dataset\01000000\01004009_忠孝全.pdf,01000000/01004009_忠孝全.pdf,49bfac8f-ad5c-4639-829d-be1bd24f8504,2,【第二场】,49,dialogue,dialogue,秦季龙,pdf_01000000__01004009___abe4e0ff20__char__3e8f57054a,白,哇!,秦季龙,pdf_01000000__01004009___abe4e0ff20__char__3e8f57054a,厉,威胁,,念白,0,llm,llm,0.9,秦季龙（白）哇!
pdf_01000000__01004009___abe4e0ff20,忠孝全,pdf_01000000__01004009___abe4e0ff20__line__000051,pdf_01000000__01004009___abe4e0ff20__scene__002,01004009_忠孝全.pdf,D:\University_studies\Junior\data_visualization\experiment\final_self\opera_dataset\01000000\01004009_忠孝全.pdf,01000000/01004009_忠孝全.pdf,49bfac8f-ad5c-4639-829d-be1bd24f8504,2,【第二场】,51,stage_direction,stage_direction,,,金鳌、秦季龙同开打，同连战，同杀下。秦季龙上。,,,,,,,上；下；打；杀,0,,,,（金鳌、秦季龙同开打，同连战，同杀下。秦季龙上。）
pdf_01000000__01004009___abe4e0ff20,忠孝全,pdf_01000000__01004009___abe4e0ff20__line__000053,pdf_01000000__01004009___abe4e0ff20__scene__002,01004009_忠孝全.pdf,D:\University_studies\Junior\data_visualization\experiment\final_self\opera_dataset\01000000\01004009_忠孝全.pdf,01000000/01004009_忠孝全.pdf,49bfac8f-ad5c-4639-829d-be1bd24f8504,2,【第二场】,53,dialogue,dialogue,秦季龙,pdf_01000000__01004009___abe4e0ff20__char__3e8f57054a,白,且住。金鳌杀法利害，待我使起角弓，擒他便了。,,,惊,陈述,,杀；念白,1,llm,,0.9,秦季龙 （白） 且住。金鳌杀法利害，待我使起角弓，擒他便了。
pdf_01000000__01004009___abe4e0ff20,忠孝全,pdf_01000000__01004009___abe4e0ff20__line__000055,pdf_01000000__01004009___abe4e0ff20__scene__002,01004009_忠孝全.pdf,D:\University_studies\Junior\data_visualization\experiment\final_self\opera_dataset\01000000\01004009_忠孝全.pdf,01000000/01004009_忠孝全.pdf,49bfac8f-ad5c-4639-829d-be1bd24f8504,2,【第二场】,55,stage_direction,stage_direction,,,金鳌上。秦季龙擒金鳌下马。,,,,,,,上；下,0,,,,（金鳌上。秦季龙擒金鳌下马。）
pdf_01000000__01004009___abe4e0ff20,忠孝全,pdf_01000000__01004009___abe4e0ff20__line__000057,pdf_01000000__01004009___abe4e0ff20__scene__002,01004009_忠孝全.pdf,D:\University_studies\Junior\data_visualization\experiment\final_self\opera_dataset\01000000\01004009_忠孝全.pdf,01000000/01004009_忠孝全.pdf,49bfac8f-ad5c-4639-829d-be1bd24f8504,2,【第二场】,57,dialogue,dialogue,秦季龙,pdf_01000000__01004009___abe4e0ff20__char__3e8f57054a,白,金鳌愿生愿死？,,,,,,念白,0,,,,秦季龙 （白） 金鳌愿生愿死？
pdf_01000000__01004009___abe4e0ff20,忠孝全,pdf_01000000__01004009___abe4e0ff20__line__000059,pdf_01000000__01004009___abe4e0ff20__scene__002,01004009_忠孝全.pdf,D:\University_studies\Junior\data_visualization\experiment\final_self\opera_dataset\01000000\01004009_忠孝全.pdf,01000000/01004009_忠孝全.pdf,49bfac8f-ad5c-4639-829d-be1bd24f8504,2,【第二场】,59,dialogue,dialogue,金鳌,pdf_01000000__01004009___abe4e0ff20__char__6231eb3eec,白,情愿投降。,秦季龙,pdf_01000000__01004009___abe4e0ff20__char__3e8f57054a,,,,念白,0,,rule,,金鳌 （白） 情愿投降。
pdf_01000000__01004009___abe4e0ff20,忠孝全,pdf_01000000__01004009___abe4e0ff20__line__000061,pdf_01000000__01004009___abe4e0ff20__scene__002,01004009_忠孝全.pdf,D:\University_studies\Junior\data_visualization\experiment\final_self\opera_dataset\01000000\01004009_忠孝全.pdf,01000000/01004009_忠孝全.pdf,49bfac8f-ad5c-4639-829d-be1bd24f8504,2,【第二场】,61,dialogue,dialogue,秦季龙,pdf_01000000__01004009___abe4e0ff20__char__3e8f57054a,白,将紫金冠取下，权当降表。,金鳌,pdf_01000000__01004009___abe4e0ff20__char__6231eb3eec,,,,下；念白,0,,rule,,秦季龙 （白） 将紫金冠取下，权当降表。
pdf_01000000__01004009___abe4e0ff20,忠孝全,pdf_01000000__01004009___abe4e0ff20__line__000063,pdf_01000000__01004009___abe4e0ff20__scene__002,01004009_忠孝全.pdf,D:\University_studies\Junior\data_visualization\experiment\final_self\opera_dataset\01000000\01004009_忠孝全.pdf,01000000/01004009_忠孝全.pdf,49bfac8f-ad5c-4639-829d-be1bd24f8504,2,【第二场】,63,dialogue,dialogue,金鳌,pdf_01000000__01004009___abe4e0ff20__char__6231eb3eec,白,遵命。,秦季龙,pdf_01000000__01004009___abe4e0ff20__char__3e8f57054a,,,,命；念白,1,,rule,,金鳌 （白） 遵命。
pdf_01000000__01004009___abe4e0ff20,忠孝全,pdf_01000000__01004009___abe4e0ff20__line__000065,pdf_01000000__01004009___abe4e0ff20__scene__002,01004009_忠孝全.pdf,D:\University_studies\Junior\data_visualization\experiment\final_self\opera_dataset\01000000\01004009_忠孝全.pdf,01000000/01004009_忠孝全.pdf,49bfac8f-ad5c-4639-829d-be1bd24f8504,2,【第二场】,65,dialogue,dialogue,,,念,头上取下紫金冠，,金鳌,pdf_01000000__01004009___abe4e0ff20__char__6231eb3eec,,,,上；下,0,,rule,,（念） 头上取下紫金冠，
pdf_01000000__01004009___abe4e0ff20,忠孝全,pdf_01000000__01004009___abe4e0ff20__line__000067,pdf_01000000__01004009___abe4e0ff20__scene__002,01004009_忠孝全.pdf,D:\University_studies\Junior\data_visualization\experiment\final_self\opera_dataset\01000000\01004009_忠孝全.pdf,01000000/01004009_忠孝全.pdf,49bfac8f-ad5c-4639-829d-be1bd24f8504,2,【第二场】,67,dialogue,dialogue,秦季龙,pdf_01000000__01004009___abe4e0ff20__char__3e8f57054a,念,五谷丰登保太平。,金鳌,pdf_01000000__01004009___abe4e0ff20__char__6231eb3eec,,,,,0,,rule,,秦季龙 （念） 五谷丰登保太平。
pdf_01000000__01004009___abe4e0ff20,忠孝全,pdf_01000000__01004009___abe4e0ff20__line__000069,pdf_01000000__01004009___abe4e0ff20__scene__002,01004009_忠孝全.pdf,D:\University_studies\Junior\data_visualization\experiment\final_self\opera_dataset\01000000\01004009_忠孝全.pdf,01000000/01004009_忠孝全.pdf,49bfac8f-ad5c-4639-829d-be1bd24f8504,2,【第二场】,69,stage_direction,stage_direction,,,金鳌下。手下同上。,,,,,,,上；下,0,,,,（金鳌下。手下同上。）
pdf_01000000__01004009___abe4e0ff20,忠孝全,pdf_01000000__01004009___abe4e0ff20__line__000071,pdf_01000000__01004009___abe4e0ff20__scene__002,01004009_忠孝全.pdf,D:\University_studies\Junior\data_visualization\experiment\final_self\opera_dataset\01000000\01004009_忠孝全.pdf,01000000/01004009_忠孝全.pdf,49bfac8f-ad5c-4639-829d-be1bd24f8504,2,【第二场】,71,dialogue,dialogue,秦季龙,pdf_01000000__01004009___abe4e0ff20__char__3e8f57054a,白,收兵回营。,,,平,命令,,收；念白,1,llm,,0.9,秦季龙 （白） 收兵回营。
pdf_01000000__01004009___abe4e0ff20,忠孝全,pdf_01000000__01004009___abe4e0ff20__line__000073,pdf_01000000__01004009___abe4e0ff20__scene__002,01004009_忠孝全.pdf,D:\University_studies\Junior\data_visualization\experiment\final_self\opera_dataset\01000000\01004009_忠孝全.pdf,01000000/01004009_忠孝全.pdf,49bfac8f-ad5c-4639-829d-be1bd24f8504,2,【第二场】,73,stage_direction,stage_direction,,,众人同下。,,,,,,,下,0,,,,（众人同下。）
pdf_01000000__01004009___abe4e0ff20,忠孝全,pdf_01000000__01004009___abe4e0ff20__line__000077,pdf_01000000__01004009___abe4e0ff20__scene__003,01004009_忠孝全.pdf,D:\University_studies\Junior\data_visualization\experiment\final_self\opera_dataset\01000000\01004009_忠孝全.pdf,01000000/01004009_忠孝全.pdf,49bfac8f-ad5c-4639-829d-be1bd24f8504,3,【第三场】,77,stage_direction,stage_direction,,,王振、手下、四将同上。,,,,,,,上；下,0,,,,（王振、手下、四将同上。）
pdf_01000000__01004009___abe4e0ff20,忠孝全,pdf_01000000__01004009___abe4e0ff20__line__000079,pdf_01000000__01004009___abe4e0ff20__scene__003,01004009_忠孝全.pdf,D:\University_studies\Junior\data_visualization\experiment\final_self\opera_dataset\01000000\01004009_忠孝全.pdf,01000000/01004009_忠孝全.pdf,49bfac8f-ad5c-4639-829d-be1bd24f8504,3,【第三场】,79,dialogue,dialogue,王振,pdf_01000000__01004009___abe4e0ff20__char__4bbc7c76fc,念,眼观旌旗起，耳听好消息。,秦季龙,pdf_01000000__01004009___abe4e0ff20__char__3e8f57054a,,,,,0,,rule,,王振 （念） 眼观旌旗起，耳听好消息。
pdf_01000000__01004009___abe4e0ff20,忠孝全,pdf_01000000__01004009___abe4e0ff20__line__000081,pdf_01000000__01004009___abe4e0ff20__scene__003,01004009_忠孝全.pdf,D:\University_studies\Junior\data_visualization\experiment\final_self\opera_dataset\01000000\01004009_忠孝全.pdf,01000000/01004009_忠孝全.pdf,49bfac8f-ad5c-4639-829d-be1bd24f8504,3,【第三场】,81,stage_direction,stage_direction,,,众人引秦季龙同上。,,,,,,,上,0,,,,（众人引秦季龙同上。）
pdf_01000000__01004009___abe4e0ff20,忠孝全,pdf_01000000__01004009___abe4e0ff20__line__000083,pdf_01000000__01004009___abe4e0ff20__scene__003,01004009_忠孝全.pdf,D:\University_studies\Junior\data_visualization\experiment\final_self\opera_dataset\01000000\01004009_忠孝全.pdf,01000000/01004009_忠孝全.pdf,49bfac8f-ad5c-4639-829d-be1bd24f8504,3,【第三场】,83,dialogue,dialogue,秦季龙,pdf_01000000__01004009___abe4e0ff20__char__3e8f57054a,白,小人交令。,王振,pdf_01000000__01004009___abe4e0ff20__char__4bbc7c76fc,,,,令；念白,0,,rule,,秦季龙 （白） 小人交令。
pdf_01000000__01004009___abe4e0ff20,忠孝全,pdf_01000000__01004009___abe4e0ff20__line__000085,pdf_01000000__01004009___abe4e0ff20__scene__003,01004009_忠孝全.pdf,D:\University_studies\Junior\data_visualization\experiment\final_self\opera_dataset\01000000\01004009_忠孝全.pdf,01000000/01004009_忠孝全.pdf,49bfac8f-ad5c-4639-829d-be1bd24f8504,3,【第三场】,85,dialogue,dialogue,王振,pdf_01000000__01004009___abe4e0ff20__char__4bbc7c76fc,白,胜败如何？,秦季龙,pdf_01000000__01004009___abe4e0ff20__char__3e8f57054a,平,询问,,念白,1,llm,llm,0.9,王振 （白） 胜败如何？
pdf_01000000__01004009___abe4e0ff20,忠孝全,pdf_01000000__01004009___abe4e0ff20__line__000087,pdf_01000000__01004009___abe4e0ff20__scene__003,01004009_忠孝全.pdf,D:\University_studies\Junior\data_visualization\experiment\final_self\opera_dataset\01000000\01004009_忠孝全.pdf,01000000/01004009_忠孝全.pdf,49bfac8f-ad5c-4639-829d-be1bd24f8504,3,【第三场】,87,dialogue,dialogue,秦季龙,pdf_01000000__01004009___abe4e0ff20__char__3e8f57054a,白,金鳌大败，情愿归顺。现有紫金冠，权当顺表。,王振,pdf_01000000__01004009___abe4e0ff20__char__4bbc7c76fc,喜,汇报,,念白,1,llm,llm,0.8,秦季龙 （白） 金鳌大败，情愿归顺。现有紫金冠，权当顺表。
pdf_01000000__01004009___abe4e0ff20,忠孝全,pdf_01000000__01004009___abe4e0ff20__line__000089,pdf_01000000__01004009___abe4e0ff20__scene__003,01004009_忠孝全.pdf,D:\University_studies\Junior\data_visualization\experiment\final_self\opera_dataset\01000000\01004009_忠孝全.pdf,01000000/01004009_忠孝全.pdf,49bfac8f-ad5c-4639-829d-be1bd24f8504,3,【第三场】,89,dialogue,dialogue,王振,pdf_01000000__01004009___abe4e0ff20__char__4bbc7c76fc,白,你为什么不将他杀了？,秦季龙,pdf_01000000__01004009___abe4e0ff20__char__3e8f57054a,厉,质问,,杀；念白,1,llm,llm,0.9,王振 （白） 你为什么不将他杀了？
pdf_01000000__01004009___abe4e0ff20,忠孝全,pdf_01000000__01004009___abe4e0ff20__line__000091,pdf_01000000__01004009___abe4e0ff20__scene__003,01004009_忠孝全.pdf,D:\University_studies\Junior\data_visualization\experiment\final_self\opera_dataset\01000000\01004009_忠孝全.pdf,01000000/01004009_忠孝全.pdf,49bfac8f-ad5c-4639-829d-be1bd24f8504,3,【第三场】,91,dialogue,dialogue,秦季龙,pdf_01000000__01004009___abe4e0ff20__char__3e8f57054a,白,杀了金鳌，不大紧要，岂不少了一国进贡？,王振,pdf_01000000__01004009___abe4e0ff20__char__4bbc7c76fc,疑,劝阻,,进；杀；念白,1,llm,llm,0.8,秦季龙 （白） 杀了金鳌，不大紧要，岂不少了一国进贡？
pdf_01000000__01004009___abe4e0ff20,忠孝全,pdf_01000000__01004009___abe4e0ff20__line__000093,pdf_01000000__01004009___abe4e0ff20__scene__003,01004009_忠孝全.pdf,D:\University_studies\Junior\data_visualization\experiment\final_self\opera_dataset\01000000\01004009_忠孝全.pdf,01000000/01004009_忠孝全.pdf,49bfac8f-ad5c-4639-829d-be1bd24f8504,3,【第三场】,93,dialogue,dialogue,王振,pdf_01000000__01004009___abe4e0ff20__char__4bbc7c76fc,白,好，记下了你的头功。也罢，咱家不通圣命，封你为后营都府。为什么不谢恩？,秦季龙,pdf_01000000__01004009___abe4e0ff20__char__3e8f57054a,喜,命令,,下；命；念白,1,llm,llm,0.9,王振 （白） 好，记下了你的头功。也罢，咱家不通圣命，封你为后营都府。为什么不谢恩？
pdf_01000000__01004009___abe4e0ff20,忠孝全,pdf_01000000__01004009___abe4e0ff20__line__000095,pdf_01000000__01004009___abe4e0ff20__scene__003,01004009_忠孝全.pdf,D:\University_studies\Junior\data_visualization\experiment\final_self\opera_dataset\01000000\01004009_忠孝全.pdf,01000000/01004009_忠孝全.pdf,49bfac8f-ad5c-4639-829d-be1bd24f8504,3,【第三场】,95,dialogue,dialogue,秦季龙,pdf_01000000__01004009___abe4e0ff20__char__3e8f57054a,白,营中缺粮。,王振,pdf_01000000__01004009___abe4e0ff20__char__4bbc7c76fc,,,,念白,0,,rule,,秦季龙 （白） 营中缺粮。
pdf_01000000__01004009___abe4e0ff20,忠孝全,pdf_01000000__01004009___abe4e0ff20__line__000097,pdf_01000000__01004009___abe4e0ff20__scene__003,01004009_忠孝全.pdf,D:\University_studies\Junior\data_visualization\experiment\final_self\opera_dataset\01000000\01004009_忠孝全.pdf,01000000/01004009_忠孝全.pdf,49bfac8f-ad5c-4639-829d-be1bd24f8504,3,【第三场】,97,dialogue,dialogue,王振,pdf_01000000__01004009___abe4e0ff20__char__4bbc7c76fc,白,你且歇息，待咱家催齐各省粮草，军中好用。,秦季龙,pdf_01000000__01004009___abe4e0ff20__char__3e8f57054a,平,命令,,念白,1,llm,llm,0.9,王振 （白） 你且歇息，待咱家催齐各省粮草，军中好用。
pdf_01000000__01004009___abe4e0ff20,忠孝全,pdf_01000000__01004009___abe4e0ff20__line__000099,pdf_01000000__01004009___abe4e0ff20__scene__003,01004009_忠孝全.pdf,D:\University_studies\Junior\data_visualization\experiment\final_self\opera_dataset\01000000\01004009_忠孝全.pdf,01000000/01004009_忠孝全.pdf,49bfac8f-ad5c-4639-829d-be1bd24f8504,3,【第三场】,99,dialogue,dialogue,秦季龙,pdf_01000000__01004009___abe4e0ff20__char__3e8f57054a,白,谢千岁。,王振,pdf_01000000__01004009___abe4e0ff20__char__4bbc7c76fc,,,,念白,0,,rule,,秦季龙 （白） 谢千岁。
pdf_01000000__01004009___abe4e0ff20,忠孝全,pdf_01000000__01004009___abe4e0ff20__line__000101,pdf_01000000__01004009___abe4e0ff20__scene__003,01004009_忠孝全.pdf,D:\University_studies\Junior\data_visualization\experiment\final_self\opera_dataset\01000000\01004009_忠孝全.pdf,01000000/01004009_忠孝全.pdf,49bfac8f-ad5c-4639-829d-be1bd24f8504,3,【第三场】,101,stage_direction,stage_direction,,,秦季龙下。中军上。,,,,,,,上；下,0,,,,（秦季龙下。中军上。）
pdf_01000000__01004009___abe4e0ff20,忠孝全,pdf_01000000__01004009___abe4e0ff20__line__000103,pdf_01000000__01004009___abe4e0ff20__scene__003,01004009_忠孝全.pdf,D:\University_studies\Junior\data_visualization\experiment\final_self\opera_dataset\01000000\01004009_忠孝全.pdf,01000000/01004009_忠孝全.pdf,49bfac8f-ad5c-4639-829d-be1bd24f8504,3,【第三场】,103,dialogue,dialogue,中军,pdf_01000000__01004009___abe4e0ff20__char__a476b9af3e,白,报启千岁：粮草俱已催齐。,秦季龙,pdf_01000000__01004009___abe4e0ff20__char__3e8f57054a,,,,报；念白,0,,rule,,中军 （白） 报启千岁：粮草俱已催齐。
pdf_01000000__01004009___abe4e0ff20,忠孝全,pdf_01000000__01004009___abe4e0ff20__line__000105,pdf_01000000__01004009___abe4e0ff20__scene__003,01004009_忠孝全.pdf,D:\University_studies\Junior\data_visualization\experiment\final_self\opera_dataset\01000000\01004009_忠孝全.pdf,01000000/01004009_忠孝全.pdf,49bfac8f-ad5c-4639-829d-be1bd24f8504,3,【第三场】,105,dialogue,dialogue,王振,pdf_01000000__01004009___abe4e0ff20__char__4bbc7c76fc,白,吩咐起鼓听点。,中军,pdf_01000000__01004009___abe4e0ff20__char__a476b9af3e,,,,念白,0,,rule,,王振 （白） 吩咐起鼓听点。
pdf_01000000__01004009___abe4e0ff20,忠孝全,pdf_01000000__01004009___abe4e0ff20__line__000107,pdf_01000000__01004009___abe4e0ff20__scene__003,01004009_忠孝全.pdf,D:\University_studies\Junior\data_visualization\experiment\final_self\opera_dataset\01000000\01004009_忠孝全.pdf,01000000/01004009_忠孝全.pdf,49bfac8f-ad5c-4639-829d-be1bd24f8504,3,【第三场】,107,dialogue,dialogue,中军,pdf_01000000__01004009___abe4e0ff20__char__a476b9af3e,白,起鼓听点。,王振,pdf_01000000__01004009___abe4e0ff20__char__4bbc7c76fc,,,,念白,0,,rule,,中军 （白） 起鼓听点。
pdf_01000000__01004009___abe4e0ff20,忠孝全,pdf_01000000__01004009___abe4e0ff20__line__000109,pdf_01000000__01004009___abe4e0ff20__scene__003,01004009_忠孝全.pdf,D:\University_studies\Junior\data_visualization\experiment\final_self\opera_dataset\01000000\01004009_忠孝全.pdf,01000000/01004009_忠孝全.pdf,49bfac8f-ad5c-4639-829d-be1bd24f8504,3,【第三场】,109,dialogue,dialogue,王振,pdf_01000000__01004009___abe4e0ff20__char__4bbc7c76fc,白,广东。,中军,pdf_01000000__01004009___abe4e0ff20__char__a476b9af3e,,,,念白,0,,rule,,王振 （白） 广东。
pdf_01000000__01004009___abe4e0ff20,忠孝全,pdf_01000000__01004009___abe4e0ff20__line__000111,pdf_01000000__01004009___abe4e0ff20__scene__003,01004009_忠孝全.pdf,D:\University_studies\Junior\data_visualization\experiment\final_self\opera_dataset\01000000\01004009_忠孝全.pdf,01000000/01004009_忠孝全.pdf,49bfac8f-ad5c-4639-829d-be1bd24f8504,3,【第三场】,111,dialogue,dialogue,龙套,pdf_01000000__01004009___abe4e0ff20__char__3dd88cb25d,内同白,有。,王振,pdf_01000000__01004009___abe4e0ff20__char__4bbc7c76fc,,,,,0,,rule,,四龙套 （内同白） 有。
pdf_01000000__01004009___abe4e0ff20,忠孝全,pdf_01000000__01004009___abe4e0ff20__line__000113,pdf_01000000__01004009___abe4e0ff20__scene__003,01004009_忠孝全.pdf,D:\University_studies\Junior\data_visualization\experiment\final_self\opera_dataset\01000000\01004009_忠孝全.pdf,01000000/01004009_忠孝全.pdf,49bfac8f-ad5c-4639-829d-be1bd24f8504,3,【第三场】,113,dialogue,dialogue,中军,pdf_01000000__01004009___abe4e0ff20__char__a476b9af3e,白,广西。,龙套,pdf_01000000__01004009___abe4e0ff20__char__3dd88cb25d,,,,念白,0,,rule,,中军 （白） 广西。
pdf_01000000__01004009___abe4e0ff20,忠孝全,pdf_01000000__01004009___abe4e0ff20__line__000115,pdf_01000000__01004009___abe4e0ff20__scene__003,01004009_忠孝全.pdf,D:\University_studies\Junior\data_visualization\experiment\final_self\opera_dataset\01000000\01004009_忠孝全.pdf,01000000/01004009_忠孝全.pdf,49bfac8f-ad5c-4639-829d-be1bd24f8504,3,【第三场】,115,dialogue,dialogue,龙套,pdf_01000000__01004009___abe4e0ff20__char__3dd88cb25d,内同白,有。,中军,pdf_01000000__01004009___abe4e0ff20__char__a476b9af3e,,,,,0,,rule,,四龙套 （内同白） 有。
pdf_01000000__01004009___abe4e0ff20,忠孝全,pdf_01000000__01004009___abe4e0ff20__line__000117,pdf_01000000__01004009___abe4e0ff20__scene__003,01004009_忠孝全.pdf,D:\University_studies\Junior\data_visualization\experiment\final_self\opera_dataset\01000000\01004009_忠孝全.pdf,01000000/01004009_忠孝全.pdf,49bfac8f-ad5c-4639-829d-be1bd24f8504,3,【第三场】,117,dialogue,dialogue,中军,pdf_01000000__01004009___abe4e0ff20__char__a476b9af3e,白,云南。,龙套,pdf_01000000__01004009___abe4e0ff20__char__3dd88cb25d,,,,念白,0,,rule,,中军（白）云南。
pdf_01000000__01004009___abe4e0ff20,忠孝全,pdf_01000000__01004009___abe4e0ff20__line__000117,pdf_01000000__01004009___abe4e0ff20__scene__003,01004009_忠孝全.pdf,D:\University_studies\Junior\data_visualization\experiment\final_self\opera_dataset\01000000\01004009_忠孝全.pdf,01000000/01004009_忠孝全.pdf,49bfac8f-ad5c-4639-829d-be1bd24f8504,3,【第三场】,117,dialogue,dialogue,龙套,pdf_01000000__01004009___abe4e0ff20__char__3dd88cb25d,内同白,有。,中军,pdf_01000000__01004009___abe4e0ff20__char__a476b9af3e,,,,,0,,rule,,四龙套（内同白）有。
pdf_01000000__01004009___abe4e0ff20,忠孝全,pdf_01000000__01004009___abe4e0ff20__line__000117,pdf_01000000__01004009___abe4e0ff20__scene__003,01004009_忠孝全.pdf,D:\University_studies\Junior\data_visualization\experiment\final_self\opera_dataset\01000000\01004009_忠孝全.pdf,01000000/01004009_忠孝全.pdf,49bfac8f-ad5c-4639-829d-be1bd24f8504,3,【第三场】,117,dialogue,dialogue,中军,pdf_01000000__01004009___abe4e0ff20__char__a476b9af3e,白,贵州。,龙套,pdf_01000000__01004009___abe4e0ff20__char__3dd88cb25d,,,,念白,0,,rule,,中军（白）贵州。
pdf_01000000__01004009___abe4e0ff20,忠孝全,pdf_01000000__01004009___abe4e0ff20__line__000117,pdf_01000000__01004009___abe4e0ff20__scene__003,01004009_忠孝全.pdf,D:\University_studies\Junior\data_visualization\experiment\final_self\opera_dataset\01000000\01004009_忠孝全.pdf,01000000/01004009_忠孝全.pdf,49bfac8f-ad5c-4639-829d-be1bd24f8504,3,【第三场】,117,dialogue,dialogue,龙套,pdf_01000000__01004009___abe4e0ff20__char__3dd88cb25d,内同白,有。,中军,pdf_01000000__01004009___abe4e0ff20__char__a476b9af3e,,,,,0,,rule,,四龙套（内同白）有。
pdf_01000000__01004009___abe4e0ff20,忠孝全,pdf_01000000__01004009___abe4e0ff20__line__000117,pdf_01000000__01004009___abe4e0ff20__scene__003,01004009_忠孝全.pdf,D:\University_studies\Junior\data_visualization\experiment\final_self\opera_dataset\01000000\01004009_忠孝全.pdf,01000000/01004009_忠孝全.pdf,49bfac8f-ad5c-4639-829d-be1bd24f8504,3,【第三场】,117,dialogue,dialogue,中军,pdf_01000000__01004009___abe4e0ff20__char__a476b9af3e,白,浙江。,龙套,pdf_01000000__01004009___abe4e0ff20__char__3dd88cb25d,,,,念白,0,,rule,,中军（白）浙江。
pdf_01000000__01004009___abe4e0ff20,忠孝全,pdf_01000000__01004009___abe4e0ff20__line__000117,pdf_01000000__01004009___abe4e0ff20__scene__003,01004009_忠孝全.pdf,D:\University_studies\Junior\data_visualization\experiment\final_self\opera_dataset\01000000\01004009_忠孝全.pdf,01000000/01004009_忠孝全.pdf,49bfac8f-ad5c-4639-829d-be1bd24f8504,3,【第三场】,117,dialogue,dialogue,龙套,pdf_01000000__01004009___abe4e0ff20__char__3dd88cb25d,内同白,有。,中军,pdf_01000000__01004009___abe4e0ff20__char__a476b9af3e,,,,,0,,rule,,四龙套（内同白）有。
pdf_01000000__01004009___abe4e0ff20,忠孝全,pdf_01000000__01004009___abe4e0ff20__line__000117,pdf_01000000__01004009___abe4e0ff20__scene__003,01004009_忠孝全.pdf,D:\University_studies\Junior\data_visualization\experiment\final_self\opera_dataset\01000000\01004009_忠孝全.pdf,01000000/01004009_忠孝全.pdf,49bfac8f-ad5c-4639-829d-be1bd24f8504,3,【第三场】,117,dialogue,dialogue,中军,pdf_01000000__01004009___abe4e0ff20__char__a476b9af3e,白,福建。,龙套,pdf_01000000__01004009___abe4e0ff20__char__3dd88cb25d,,,,念白,0,,rule,,中军（白）福建。
pdf_01000000__01004009___abe4e0ff20,忠孝全,pdf_01000000__01004009___abe4e0ff20__line__000117,pdf_01000000__01004009___abe4e0ff20__scene__003,01004009_忠孝全.pdf,D:\University_studies\Junior\data_visualization\experiment\final_self\opera_dataset\01000000\01004009_忠孝全.pdf,01000000/01004009_忠孝全.pdf,49bfac8f-ad5c-4639-829d-be1bd24f8504,3,【第三场】,117,dialogue,dialogue,众人,pdf_01000000__01004009___abe4e0ff20__char__c3c0fd245f,同白,未到。,中军,pdf_01000000__01004009___abe4e0ff20__char__a476b9af3e,,,,念白,0,,rule,,众人（同白）未到。
pdf_01000000__01004009___abe4e0ff20,忠孝全,pdf_01000000__01004009___abe4e0ff20__line__000117,pdf_01000000__01004009___abe4e0ff20__scene__003,01004009_忠孝全.pdf,D:\University_studies\Junior\data_visualization\experiment\final_self\opera_dataset\01000000\01004009_忠孝全.pdf,01000000/01004009_忠孝全.pdf,49bfac8f-ad5c-4639-829d-be1bd24f8504,3,【第三场】,117,dialogue,dialogue,中军,pdf_01000000__01004009___abe4e0ff20__char__a476b9af3e,白,候着。启千岁:福建一卯未到。,众人,pdf_01000000__01004009___abe4e0ff20__char__c3c0fd245f,,,,念白,0,,rule,,中军（白）候着。启千岁:福建一卯未到。
pdf_01000000__01004009___abe4e0ff20,忠孝全,pdf_01000000__01004009___abe4e0ff20__line__000117,pdf_01000000__01004009___abe4e0ff20__scene__003,01004009_忠孝全.pdf,D:\University_studies\Junior\data_visualization\experiment\final_self\opera_dataset\01000000\01004009_忠孝全.pdf,01000000/01004009_忠孝全.pdf,49bfac8f-ad5c-4639-829d-be1bd24f8504,3,【第三场】,117,dialogue,dialogue,王振,pdf_01000000__01004009___abe4e0ff20__char__4bbc7c76fc,白,什么?福建不到?,中军,pdf_01000000__01004009___abe4e0ff20__char__a476b9af3e,,,,念白,0,,rule,,王振（白）什么?福建不到?
pdf_01000000__01004009___abe4e0ff20,忠孝全,pdf_01000000__01004009___abe4e0ff20__line__000117,pdf_01000000__01004009___abe4e0ff20__scene__003,01004009_忠孝全.pdf,D:\University_studies\Junior\data_visualization\experiment\final_self\opera_dataset\01000000\01004009_忠孝全.pdf,01000000/01004009_忠孝全.pdf,49bfac8f-ad5c-4639-829d-be1bd24f8504,3,【第三场】,117,dialogue,dialogue,中军,pdf_01000000__01004009___abe4e0ff20__char__a476b9af3e,白,千岁限他二卯。,王振,pdf_01000000__01004009___abe4e0ff20__char__4bbc7c76fc,,,,念白,0,,rule,,中军（白）千岁限他二卯。
pdf_01000000__01004009___abe4e0ff20,忠孝全,pdf_01000000__01004009___abe4e0ff20__line__000117,pdf_01000000__01004009___abe4e0ff20__scene__003,01004009_忠孝全.pdf,D:\University_studies\Junior\data_visualization\experiment\final_self\opera_dataset\01000000\01004009_忠孝全.pdf,01000000/01004009_忠孝全.pdf,49bfac8f-ad5c-4639-829d-be1bd24f8504,3,【第三场】,117,dialogue,dialogue,王振,pdf_01000000__01004009___abe4e0ff20__char__4bbc7c76fc,白,起鼓。,中军,pdf_01000000__01004009___abe4e0ff20__char__a476b9af3e,,,,念白,0,,rule,,王振（白）起鼓。
pdf_01000000__01004009___abe4e0ff20,忠孝全,pdf_01000000__01004009___abe4e0ff20__line__000117,pdf_01000000__01004009___abe4e0ff20__scene__003,01004009_忠孝全.pdf,D:\University_studies\Junior\data_visualization\experiment\final_self\opera_dataset\01000000\01004009_忠孝全.pdf,01000000/01004009_忠孝全.pdf,49bfac8f-ad5c-4639-829d-be1bd24f8504,3,【第三场】,117,dialogue,dialogue,中军,pdf_01000000__01004009___abe4e0ff20__char__a476b9af3e,白,起鼓听点。,王振,pdf_01000000__01004009___abe4e0ff20__char__4bbc7c76fc,,,,念白,0,,rule,,中军（白）起鼓听点。
pdf_01000000__01004009___abe4e0ff20,忠孝全,pdf_01000000__01004009___abe4e0ff20__line__000117,pdf_01000000__01004009___abe4e0ff20__scene__003,01004009_忠孝全.pdf,D:\University_studies\Junior\data_visualization\experiment\final_self\opera_dataset\01000000\01004009_忠孝全.pdf,01000000/01004009_忠孝全.pdf,49bfac8f-ad5c-4639-829d-be1bd24f8504,3,【第三场】,117,dialogue,dialogue,王振,pdf_01000000__01004009___abe4e0ff20__char__4bbc7c76fc,白,广东。,中军,pdf_01000000__01004009___abe4e0ff20__char__a476b9af3e,,,,念白,0,,rule,,王振（白）广东。
pdf_01000000__01004009___abe4e0ff20,忠孝全,pdf_01000000__01004009___abe4e0ff20__line__000117,pdf_01000000__01004009___abe4e0ff20__scene__003,01004009_忠孝全.pdf,D:\University_studies\Junior\data_visualization\experiment\final_self\opera_dataset\01000000\01004009_忠孝全.pdf,01000000/01004009_忠孝全.pdf,49bfac8f-ad5c-4639-829d-be1bd24f8504,3,【第三场】,117,dialogue,dialogue,龙套,pdf_01000000__01004009___abe4e0ff20__char__3dd88cb25d,内同白,有。,王振,pdf_01000000__01004009___abe4e0ff20__char__4bbc7c76fc,,,,,0,,rule,,四龙套（内同白）有。
pdf_01000000__01004009___abe4e0ff20,忠孝全,pdf_01000000__01004009___abe4e0ff20__line__000117,pdf_01000000__01004009___abe4e0ff20__scene__003,01004009_忠孝全.pdf,D:\University_studies\Junior\data_visualization\experiment\final_self\opera_dataset\01000000\01004009_忠孝全.pdf,01000000/01004009_忠孝全.pdf,49bfac8f-ad5c-4639-829d-be1bd24f8504,3,【第三场】,117,dialogue,dialogue,中军,pdf_01000000__01004009___abe4e0ff20__char__a476b9af3e,白,广西。,龙套,pdf_01000000__01004009___abe4e0ff20__char__3dd88cb25d,,,,念白,0,,rule,,中军（白）广西。
pdf_01000000__01004009___abe4e0ff20,忠孝全,pdf_01000000__01004009___abe4e0ff20__line__000117,pdf_01000000__01004009___abe4e0ff20__scene__003,01004009_忠孝全.pdf,D:\University_studies\Junior\data_visualization\experiment\final_self\opera_dataset\01000000\01004009_忠孝全.pdf,01000000/01004009_忠孝全.pdf,49bfac8f-ad5c-4639-829d-be1bd24f8504,3,【第三场】,117,dialogue,dialogue,龙套,pdf_01000000__01004009___abe4e0ff20__char__3dd88cb25d,内同白,有。,中军,pdf_01000000__01004009___abe4e0ff20__char__a476b9af3e,,,,,0,,rule,,四龙套（内同白）有。
pdf_01000000__01004009___abe4e0ff20,忠孝全,pdf_01000000__01004009___abe4e0ff20__line__000117,pdf_01000000__01004009___abe4e0ff20__scene__003,01004009_忠孝全.pdf,D:\University_studies\Junior\data_visualization\experiment\final_self\opera_dataset\01000000\01004009_忠孝全.pdf,01000000/01004009_忠孝全.pdf,49bfac8f-ad5c-4639-829d-be1bd24f8504,3,【第三场】,117,dialogue,dialogue,中军,pdf_01000000__01004009___abe4e0ff20__char__a476b9af3e,白,云南。,龙套,pdf_01000000__01004009___abe4e0ff20__char__3dd88cb25d,,,,念白,0,,rule,,中军（白）云南。
pdf_01000000__01004009___abe4e0ff20,忠孝全,pdf_01000000__01004009___abe4e0ff20__line__000117,pdf_01000000__01004009___abe4e0ff20__scene__003,01004009_忠孝全.pdf,D:\University_studies\Junior\data_visualization\experiment\final_self\opera_dataset\01000000\01004009_忠孝全.pdf,01000000/01004009_忠孝全.pdf,49bfac8f-ad5c-4639-829d-be1bd24f8504,3,【第三场】,117,dialogue,dialogue,龙套,pdf_01000000__01004009___abe4e0ff20__char__3dd88cb25d,内同白,有。,中军,pdf_01000000__01004009___abe4e0ff20__char__a476b9af3e,,,,,0,,rule,,四龙套（内同白）有。
pdf_01000000__01004009___abe4e0ff20,忠孝全,pdf_01000000__01004009___abe4e0ff20__line__000117,pdf_01000000__01004009___abe4e0ff20__scene__003,01004009_忠孝全.pdf,D:\University_studies\Junior\data_visualization\experiment\final_self\opera_dataset\01000000\01004009_忠孝全.pdf,01000000/01004009_忠孝全.pdf,49bfac8f-ad5c-4639-829d-be1bd24f8504,3,【第三场】,117,dialogue,dialogue,中军,pdf_01000000__01004009___abe4e0ff20__char__a476b9af3e,白,贵州。,龙套,pdf_01000000__01004009___abe4e0ff20__char__3dd88cb25d,,,,念白,0,,rule,,中军（白）贵州。
pdf_01000000__01004009___abe4e0ff20,忠孝全,pdf_01000000__01004009___abe4e0ff20__line__000117,pdf_01000000__01004009___abe4e0ff20__scene__003,01004009_忠孝全.pdf,D:\University_studies\Junior\data_visualization\experiment\final_self\opera_dataset\01000000\01004009_忠孝全.pdf,01000000/01004009_忠孝全.pdf,49bfac8f-ad5c-4639-829d-be1bd24f8504,3,【第三场】,117,dialogue,dialogue,龙套,pdf_01000000__01004009___abe4e0ff20__char__3dd88cb25d,内同白,有。,中军,pdf_01000000__01004009___abe4e0ff20__char__a476b9af3e,,,,,0,,rule,,四龙套（内同白）有。
pdf_01000000__01004009___abe4e0ff20,忠孝全,pdf_01000000__01004009___abe4e0ff20__line__000117,pdf_01000000__01004009___abe4e0ff20__scene__003,01004009_忠孝全.pdf,D:\University_studies\Junior\data_visualization\experiment\final_self\opera_dataset\01000000\01004009_忠孝全.pdf,01000000/01004009_忠孝全.pdf,49bfac8f-ad5c-4639-829d-be1bd24f8504,3,【第三场】,117,dialogue,dialogue,中军,pdf_01000000__01004009___abe4e0ff20__char__a476b9af3e,白,浙江。,龙套,pdf_01000000__01004009___abe4e0ff20__char__3dd88cb25d,,,,念白,0,,rule,,中军（白）浙江。
pdf_01000000__01004009___abe4e0ff20,忠孝全,pdf_01000000__01004009___abe4e0ff20__line__000117,pdf_01000000__01004009___abe4e0ff20__scene__003,01004009_忠孝全.pdf,D:\University_studies\Junior\data_visualization\experiment\final_self\opera_dataset\01000000\01004009_忠孝全.pdf,01000000/01004009_忠孝全.pdf,49bfac8f-ad5c-4639-829d-be1bd24f8504,3,【第三场】,117,dialogue,dialogue,龙套,pdf_01000000__01004009___abe4e0ff20__char__3dd88cb25d,内同白,有。,中军,pdf_01000000__01004009___abe4e0ff20__char__a476b9af3e,,,,,0,,rule,,四龙套（内同白）有。
pdf_01000000__01004009___abe4e0ff20,忠孝全,pdf_01000000__01004009___abe4e0ff20__line__000117,pdf_01000000__01004009___abe4e0ff20__scene__003,01004009_忠孝全.pdf,D:\University_studies\Junior\data_visualization\experiment\final_self\opera_dataset\01000000\01004009_忠孝全.pdf,01000000/01004009_忠孝全.pdf,49bfac8f-ad5c-4639-829d-be1bd24f8504,3,【第三场】,117,dialogue,dialogue,中军,pdf_01000000__01004009___abe4e0ff20__char__a476b9af3e,白,福建。,龙套,pdf_01000000__01004009___abe4e0ff20__char__3dd88cb25d,,,,念白,0,,rule,,中军（白）福建。
pdf_01000000__01004009___abe4e0ff20,忠孝全,pdf_01000000__01004009___abe4e0ff20__line__000117,pdf_01000000__01004009___abe4e0ff20__scene__003,01004009_忠孝全.pdf,D:\University_studies\Junior\data_visualization\experiment\final_self\opera_dataset\01000000\01004009_忠孝全.pdf,01000000/01004009_忠孝全.pdf,49bfac8f-ad5c-4639-829d-be1bd24f8504,3,【第三场】,117,dialogue,dialogue,众人,pdf_01000000__01004009___abe4e0ff20__char__c3c0fd245f,同白,未到。,中军,pdf_01000000__01004009___abe4e0ff20__char__a476b9af3e,,,,念白,0,,rule,,众人（同白）未到。
pdf_01000000__01004009___abe4e0ff20,忠孝全,pdf_01000000__01004009___abe4e0ff20__line__000117,pdf_01000000__01004009___abe4e0ff20__scene__003,01004009_忠孝全.pdf,D:\University_studies\Junior\data_visualization\experiment\final_self\opera_dataset\01000000\01004009_忠孝全.pdf,01000000/01004009_忠孝全.pdf,49bfac8f-ad5c-4639-829d-be1bd24f8504,3,【第三场】,117,dialogue,dialogue,中军,pdf_01000000__01004009___abe4e0ff20__char__a476b9af3e,白,启千岁:福建二卯未到。,众人,pdf_01000000__01004009___abe4e0ff20__char__c3c0fd245f,,,,念白,0,,rule,,中军（白）启千岁:福建二卯未到。
pdf_01000000__01004009___abe4e0ff20,忠孝全,pdf_01000000__01004009___abe4e0ff20__line__000117,pdf_01000000__01004009___abe4e0ff20__scene__003,01004009_忠孝全.pdf,D:\University_studies\Junior\data_visualization\experiment\final_self\opera_dataset\01000000\01004009_忠孝全.pdf,01000000/01004009_忠孝全.pdf,49bfac8f-ad5c-4639-829d-be1bd24f8504,3,【第三场】,117,dialogue,dialogue,王振,pdf_01000000__01004009___abe4e0ff20__char__4bbc7c76fc,白,怎么福建二卯又不到?,中军,pdf_01000000__01004009___abe4e0ff20__char__a476b9af3e,,,,念白,0,,rule,,王振（白）怎么福建二卯又不到?
pdf_01000000__01004009___abe4e0ff20,忠孝全,pdf_01000000__01004009___abe4e0ff20__line__000117,pdf_01000000__01004009___abe4e0ff20__scene__003,01004009_忠孝全.pdf,D:\University_studies\Junior\data_visualization\experiment\final_self\opera_dataset\01000000\01004009_忠孝全.pdf,01000000/01004009_忠孝全.pdf,49bfac8f-ad5c-4639-829d-be1bd24f8504,3,【第三场】,117,dialogue,dialogue,中军,pdf_01000000__01004009___abe4e0ff20__char__a476b9af3e,白,"路途遥远,求千岁宽限三卯。",王振,pdf_01000000__01004009___abe4e0ff20__char__4bbc7c76fc,,,,念白,0,,rule,,"中军（白）路途遥远,求千岁宽限三卯。"
pdf_01000000__01004009___abe4e0ff20,忠孝全,pdf_01000000__01004009___abe4e0ff20__line__000117,pdf_01000000__01004009___abe4e0ff20__scene__003,01004009_忠孝全.pdf,D:\University_studies\Junior\data_visualization\experiment\final_self\opera_dataset\01000000\01004009_忠孝全.pdf,01000000/01004009_忠孝全.pdf,49bfac8f-ad5c-4639-829d-be1bd24f8504,3,【第三场】,117,dialogue,dialogue,王振,pdf_01000000__01004009___abe4e0ff20__char__4bbc7c76fc,白,起鼓单点福建。,中军,pdf_01000000__01004009___abe4e0ff20__char__a476b9af3e,,,,念白,0,,rule,,王振（白）起鼓单点福建。
pdf_01000000__01004009___abe4e0ff20,忠孝全,pdf_01000000__01004009___abe4e0ff20__line__000117,pdf_01000000__01004009___abe4e0ff20__scene__003,01004009_忠孝全.pdf,D:\University_studies\Junior\data_visualization\experiment\final_self\opera_dataset\01000000\01004009_忠孝全.pdf,01000000/01004009_忠孝全.pdf,49bfac8f-ad5c-4639-829d-be1bd24f8504,3,【第三场】,117,dialogue,dialogue,中军,pdf_01000000__01004009___abe4e0ff20__char__a476b9af3e,白,单点福建。,王振,pdf_01000000__01004009___abe4e0ff20__char__4bbc7c76fc,,,,念白,0,,rule,,中军（白）单点福建。
pdf_01000000__01004009___abe4e0ff20,忠孝全,pdf_01000000__01004009___abe4e0ff20__line__000117,pdf_01000000__01004009___abe4e0ff20__scene__003,01004009_忠孝全.pdf,D:\University_studies\Junior\data_visualization\experiment\final_self\opera_dataset\01000000\01004009_忠孝全.pdf,01000000/01004009_忠孝全.pdf,49bfac8f-ad5c-4639-829d-be1bd24f8504,3,【第三场】,117,dialogue,dialogue,王振,pdf_01000000__01004009___abe4e0ff20__char__4bbc7c76fc,白,福建。,中军,pdf_01000000__01004009___abe4e0ff20__char__a476b9af3e,,,,念白,0,,rule,,王振（白）福建。
pdf_01000000__01004009___abe4e0ff20,忠孝全,pdf_01000000__01004009___abe4e0ff20__line__000117,pdf_01000000__01004009___abe4e0ff20__scene__003,01004009_忠孝全.pdf,D:\University_studies\Junior\data_visualization\experiment\final_self\opera_dataset\01000000\01004009_忠孝全.pdf,01000000/01004009_忠孝全.pdf,49bfac8f-ad5c-4639-829d-be1bd24f8504,3,【第三场】,117,dialogue,dialogue,众人,pdf_01000000__01004009___abe4e0ff20__char__c3c0fd245f,同白,未到。,王振,pdf_01000000__01004009___abe4e0ff20__char__4bbc7c76fc,,,,念白,0,,rule,,众人（同白）未到。
pdf_01000000__01004009___abe4e0ff20,忠孝全,pdf_01000000__01004009___abe4e0ff20__line__000117,pdf_01000000__01004009___abe4e0ff20__scene__003,01004009_忠孝全.pdf,D:\University_studies\Junior\data_visualization\experiment\final_self\opera_dataset\01000000\01004009_忠孝全.pdf,01000000/01004009_忠孝全.pdf,49bfac8f-ad5c-4639-829d-be1bd24f8504,3,【第三场】,117,dialogue,dialogue,王振,pdf_01000000__01004009___abe4e0ff20__char__4bbc7c76fc,白,福建!,众人,pdf_01000000__01004009___abe4e0ff20__char__c3c0fd245f,,,,念白,0,,rule,,王振（白）福建!
pdf_01000000__01004009___abe4e0ff20,忠孝全,pdf_01000000__01004009___abe4e0ff20__line__000117,pdf_01000000__01004009___abe4e0ff20__scene__003,01004009_忠孝全.pdf,D:\University_studies\Junior\data_visualization\experiment\final_self\opera_dataset\01000000\01004009_忠孝全.pdf,01000000/01004009_忠孝全.pdf,49bfac8f-ad5c-4639-829d-be1bd24f8504,3,【第三场】,117,dialogue,dialogue,众人,pdf_01000000__01004009___abe4e0ff20__char__c3c0fd245f,同白,未到。,王振,pdf_01000000__01004009___abe4e0ff20__char__4bbc7c76fc,,,,念白,0,,rule,,众人（同白）未到。
pdf_01000000__01004009___abe4e0ff20,忠孝全,pdf_01000000__01004009___abe4e0ff20__line__000117,pdf_01000000__01004009___abe4e0ff20__scene__003,01004009_忠孝全.pdf,D:\University_studies\Junior\data_visualization\experiment\final_self\opera_dataset\01000000\01004009_忠孝全.pdf,01000000/01004009_忠孝全.pdf,49bfac8f-ad5c-4639-829d-be1bd24f8504,3,【第三场】,117,dialogue,dialogue,中军,pdf_01000000__01004009___abe4e0ff20__char__a476b9af3e,白,候着。福建三卯不到。,众人,pdf_01000000__01004009___abe4e0ff20__char__c3c0fd245f,,,,念白,0,,rule,,中军（白）候着。福建三卯不到。
pdf_01000000__01004009___abe4e0ff20,忠孝全,pdf_01000000__01004009___abe4e0ff20__line__000117,pdf_01000000__01004009___abe4e0ff20__scene__003,01004009_忠孝全.pdf,D:\University_studies\Junior\data_visualization\experiment\final_self\opera_dataset\01000000\01004009_忠孝全.pdf,01000000/01004009_忠孝全.pdf,49bfac8f-ad5c-4639-829d-be1bd24f8504,3,【第三场】,117,dialogue,dialogue,王振,pdf_01000000__01004009___abe4e0ff20__char__4bbc7c76fc,白,"吓,好大胆的福建,咱家连点三卯不到。中军过来。",中军,pdf_01000000__01004009___abe4e0ff20__char__a476b9af3e,,,,来；念白,1,,rule,,"王振（白）吓,好大胆的福建,咱家连点三卯不到。中军过来。"
pdf_01000000__01004009___abe4e0ff20,忠孝全,pdf_01000000__01004009___abe4e0ff20__line__000117,pdf_01000000__01004009___abe4e0ff20__scene__003,01004009_忠孝全.pdf,D:\University_studies\Junior\data_visualization\experiment\final_self\opera_dataset\01000000\01004009_忠孝全.pdf,01000000/01004009_忠孝全.pdf,49bfac8f-ad5c-4639-829d-be1bd24f8504,3,【第三场】,117,dialogue,dialogue,王振,pdf_01000000__01004009___abe4e0ff20__char__4bbc7c76fc,白,"有令箭一支,若福建粮草旱路而来,旱路追赶。若上水路,水路追来,不得违误。",,,,,,上；来；令；追；念白,1,,,,"王振（白）有令箭一支,若福建粮草旱路而来,旱路追赶。若上水路,水路追来,不得违误。"
pdf_01000000__01004009___abe4e0ff20,忠孝全,pdf_01000000__01004009___abe4e0ff20__line__000117,pdf_01000000__01004009___abe4e0ff20__scene__003,01004009_忠孝全.pdf,D:\University_studies\Junior\data_visualization\experiment\final_self\opera_dataset\01000000\01004009_忠孝全.pdf,01000000/01004009_忠孝全.pdf,49bfac8f-ad5c-4639-829d-be1bd24f8504,3,【第三场】,117,dialogue,dialogue,中军,pdf_01000000__01004009___abe4e0ff20__char__a476b9af3e,白,得令。,王振,pdf_01000000__01004009___abe4e0ff20__char__4bbc7c76fc,,,,令；念白,0,,rule,,中军（白）得令。
pdf_01000000__01004009___abe4e0ff20,忠孝全,pdf_01000000__01004009___abe4e0ff20__line__000117,pdf_01000000__01004009___abe4e0ff20__scene__003,01004009_忠孝全.pdf,D:\University_studies\Junior\data_visualization\experiment\final_self\opera_dataset\01000000\01004009_忠孝全.pdf,01000000/01004009_忠孝全.pdf,49bfac8f-ad5c-4639-829d-be1bd24f8504,3,【第三场】,117,dialogue,dialogue,中军,pdf_01000000__01004009___abe4e0ff20__char__a476b9af3e,白,中军交令。,,,,,,令；念白,0,,,,中军（白）中军交令。
pdf_01000000__01004009___abe4e0ff20,忠孝全,pdf_01000000__01004009___abe4e0ff20__line__000117,pdf_01000000__01004009___abe4e0ff20__scene__003,01004009_忠孝全.pdf,D:\University_studies\Junior\data_visualization\experiment\final_self\opera_dataset\01000000\01004009_忠孝全.pdf,01000000/01004009_忠孝全.pdf,49bfac8f-ad5c-4639-829d-be1bd24f8504,3,【第三场】,117,dialogue,dialogue,秦洪,pdf_01000000__01004009___abe4e0ff20__char__d1234dcda6,念,"离了福建省,解粮到军营。",中军,pdf_01000000__01004009___abe4e0ff20__char__a476b9af3e,,,,,0,,rule,,"秦洪（念）离了福建省,解粮到军营。"
pdf_01000000__01004009___abe4e0ff20,忠孝全,pdf_01000000__01004009___abe4e0ff20__line__000117,pdf_01000000__01004009___abe4e0ff20__scene__003,01004009_忠孝全.pdf,D:\University_studies\Junior\data_visualization\experiment\final_self\opera_dataset\01000000\01004009_忠孝全.pdf,01000000/01004009_忠孝全.pdf,49bfac8f-ad5c-4639-829d-be1bd24f8504,3,【第三场】,117,dialogue,dialogue,中军,pdf_01000000__01004009___abe4e0ff20__char__a476b9af3e,白,作什么?,秦洪,pdf_01000000__01004009___abe4e0ff20__char__d1234dcda6,,,,念白,0,,rule,,中军（白）作什么?
pdf_01000000__01004009___abe4e0ff20,忠孝全,pdf_01000000__01004009___abe4e0ff20__line__000117,pdf_01000000__01004009___abe4e0ff20__scene__003,01004009_忠孝全.pdf,D:\University_studies\Junior\data_visualization\experiment\final_self\opera_dataset\01000000\01004009_忠孝全.pdf,01000000/01004009_忠孝全.pdf,49bfac8f-ad5c-4639-829d-be1bd24f8504,3,【第三场】,117,dialogue,dialogue,秦洪,pdf_01000000__01004009___abe4e0ff20__char__d1234dcda6,白,福建运粮官求见千岁。,中军,pdf_01000000__01004009___abe4e0ff20__char__a476b9af3e,,,,念白,0,,rule,,秦洪（白）福建运粮官求见千岁。
pdf_01000000__01004009___abe4e0ff20,忠孝全,pdf_01000000__01004009___abe4e0ff20__line__000117,pdf_01000000__01004009___abe4e0ff20__scene__003,01004009_忠孝全.pdf,D:\University_studies\Junior\data_visualization\experiment\final_self\opera_dataset\01000000\01004009_忠孝全.pdf,01000000/01004009_忠孝全.pdf,49bfac8f-ad5c-4639-829d-be1bd24f8504,3,【第三场】,117,dialogue,dialogue,中军,pdf_01000000__01004009___abe4e0ff20__char__a476b9af3e,白,你就是解粮官?,秦洪,pdf_01000000__01004009___abe4e0ff20__char__d1234dcda6,,,,念白,0,,rule,,中军（白）你就是解粮官?
pdf_01000000__01004009___abe4e0ff20,忠孝全,pdf_01000000__01004009___abe4e0ff20__line__000117,pdf_01000000__01004009___abe4e0ff20__scene__003,01004009_忠孝全.pdf,D:\University_studies\Junior\data_visualization\experiment\final_self\opera_dataset\01000000\01004009_忠孝全.pdf,01000000/01004009_忠孝全.pdf,49bfac8f-ad5c-4639-829d-be1bd24f8504,3,【第三场】,117,dialogue,dialogue,秦洪,pdf_01000000__01004009___abe4e0ff20__char__d1234dcda6,白,正是。,中军,pdf_01000000__01004009___abe4e0ff20__char__a476b9af3e,,,,念白,0,,rule,,秦洪（白）正是。
pdf_01000000__01004009___abe4e0ff20,忠孝全,pdf_01000000__01004009___abe4e0ff20__line__000117,pdf_01000000__01004009___abe4e0ff20__scene__003,01004009_忠孝全.pdf,D:\University_studies\Junior\data_visualization\experiment\final_self\opera_dataset\01000000\01004009_忠孝全.pdf,01000000/01004009_忠孝全.pdf,49bfac8f-ad5c-4639-829d-be1bd24f8504,3,【第三场】,117,dialogue,dialogue,中军,pdf_01000000__01004009___abe4e0ff20__char__a476b9af3e,白,来了好早。,中军,pdf_01000000__01004009___abe4e0ff20__char__a476b9af3e,厉,命令,,来；念白,0,llm,llm,0.9,中军（白）来了好早。
pdf_01000000__01004009___abe4e0ff20,忠孝全,pdf_01000000__01004009___abe4e0ff20__line__000123,pdf_01000000__01004009___abe4e0ff20__scene__004,01004009_忠孝全.pdf,D:\University_studies\Junior\data_visualization\experiment\final_self\opera_dataset\01000000\01004009_忠孝全.pdf,01000000/01004009_忠孝全.pdf,49bfac8f-ad5c-4639-829d-be1bd24f8504,4,【第四场】,123,stage_direction,stage_direction,,,秦季龙上，四龙套同上。,,,,,,,上,0,,,,（秦季龙上，四龙套同上。）
pdf_01000000__01004009___abe4e0ff20,忠孝全,pdf_01000000__01004009___abe4e0ff20__line__000125,pdf_01000000__01004009___abe4e0ff20__scene__004,01004009_忠孝全.pdf,D:\University_studies\Junior\data_visualization\experiment\final_self\opera_dataset\01000000\01004009_忠孝全.pdf,01000000/01004009_忠孝全.pdf,49bfac8f-ad5c-4639-829d-be1bd24f8504,4,【第四场】,125,narration,narration,,,,秦季龙,秦季龙,pdf_01000000__01004009___abe4e0ff20__char__3e8f57054a,,,秦季龙,,0,,rule,,秦季龙
pdf_01000000__01004009___abe4e0ff20,忠孝全,pdf_01000000__01004009___abe4e0ff20__line__000127,pdf_01000000__01004009___abe4e0ff20__scene__004,01004009_忠孝全.pdf,D:\University_studies\Junior\data_visualization\experiment\final_self\opera_dataset\01000000\01004009_忠孝全.pdf,01000000/01004009_忠孝全.pdf,49bfac8f-ad5c-4639-829d-be1bd24f8504,4,【第四场】,127,dialogue,dialogue,中军,pdf_01000000__01004009___abe4e0ff20__char__a476b9af3e,内白,,,,,,,念白,0,,,,中军 （内白）
pdf_01000000__01004009___abe4e0ff20,忠孝全,pdf_01000000__01004009___abe4e0ff20__line__000129,pdf_01000000__01004009___abe4e0ff20__scene__004,01004009_忠孝全.pdf,D:\University_studies\Junior\data_visualization\experiment\final_self\opera_dataset\01000000\01004009_忠孝全.pdf,01000000/01004009_忠孝全.pdf,49bfac8f-ad5c-4639-829d-be1bd24f8504,4,【第四场】,129,stage_direction,stage_direction,,,中军上。,,,,,,,上,0,,,,（中军上。）
pdf_01000000__01004009___abe4e0ff20,忠孝全,pdf_01000000__01004009___abe4e0ff20__line__000131,pdf_01000000__01004009___abe4e0ff20__scene__004,01004009_忠孝全.pdf,D:\University_studies\Junior\data_visualization\experiment\final_self\opera_dataset\01000000\01004009_忠孝全.pdf,01000000/01004009_忠孝全.pdf,49bfac8f-ad5c-4639-829d-be1bd24f8504,4,【第四场】,131,dialogue,dialogue,中军,pdf_01000000__01004009___abe4e0ff20__char__a476b9af3e,白,,,,,,,念白,0,,,,中军 （白）
pdf_01000000__01004009___abe4e0ff20,忠孝全,pdf_01000000__01004009___abe4e0ff20__line__000133,pdf_01000000__01004009___abe4e0ff20__scene__004,01004009_忠孝全.pdf,D:\University_studies\Junior\data_visualization\experiment\final_self\opera_dataset\01000000\01004009_忠孝全.pdf,01000000/01004009_忠孝全.pdf,49bfac8f-ad5c-4639-829d-be1bd24f8504,4,【第四场】,133,dialogue,dialogue,秦季龙,pdf_01000000__01004009___abe4e0ff20__char__3e8f57054a,白,,,,,,,念白,0,,,,秦季龙 （白）
pdf_01000000__01004009___abe4e0ff20,忠孝全,pdf_01000000__01004009___abe4e0ff20__line__000135,pdf_01000000__01004009___abe4e0ff20__scene__004,01004009_忠孝全.pdf,D:\University_studies\Junior\data_visualization\experiment\final_self\opera_dataset\01000000\01004009_忠孝全.pdf,01000000/01004009_忠孝全.pdf,49bfac8f-ad5c-4639-829d-be1bd24f8504,4,【第四场】,135,dialogue,dialogue,中军,pdf_01000000__01004009___abe4e0ff20__char__a476b9af3e,念,,,,,,,,0,,,,中军 （念）
pdf_01000000__01004009___abe4e0ff20,忠孝全,pdf_01000000__01004009___abe4e0ff20__line__000137,pdf_01000000__01004009___abe4e0ff20__scene__004,01004009_忠孝全.pdf,D:\University_studies\Junior\data_visualization\experiment\final_self\opera_dataset\01000000\01004009_忠孝全.pdf,01000000/01004009_忠孝全.pdf,49bfac8f-ad5c-4639-829d-be1bd24f8504,4,【第四场】,137,dialogue,dialogue,秦季龙,pdf_01000000__01004009___abe4e0ff20__char__3e8f57054a,念,,,,,,,,0,,,,秦季龙 （念）
pdf_01000000__01004009___abe4e0ff20,忠孝全,pdf_01000000__01004009___abe4e0ff20__line__000139,pdf_01000000__01004009___abe4e0ff20__scene__004,01004009_忠孝全.pdf,D:\University_studies\Junior\data_visualization\experiment\final_self\opera_dataset\01000000\01004009_忠孝全.pdf,01000000/01004009_忠孝全.pdf,49bfac8f-ad5c-4639-829d-be1bd24f8504,4,【第四场】,139,stage_direction,stage_direction,,,中军下。,,,,,,,下,0,,,,（中军下。）
pdf_01000000__01004009___abe4e0ff20,忠孝全,pdf_01000000__01004009___abe4e0ff20__line__000141,pdf_01000000__01004009___abe4e0ff20__scene__004,01004009_忠孝全.pdf,D:\University_studies\Junior\data_visualization\experiment\final_self\opera_dataset\01000000\01004009_忠孝全.pdf,01000000/01004009_忠孝全.pdf,49bfac8f-ad5c-4639-829d-be1bd24f8504,4,【第四场】,141,dialogue,dialogue,秦季龙,pdf_01000000__01004009___abe4e0ff20__char__3e8f57054a,白,,,,,,,念白,0,,,,秦季龙 （白）
pdf_01000000__01004009___abe4e0ff20,忠孝全,pdf_01000000__01004009___abe4e0ff20__line__000143,pdf_01000000__01004009___abe4e0ff20__scene__004,01004009_忠孝全.pdf,D:\University_studies\Junior\data_visualization\experiment\final_self\opera_dataset\01000000\01004009_忠孝全.pdf,01000000/01004009_忠孝全.pdf,49bfac8f-ad5c-4639-829d-be1bd24f8504,4,【第四场】,143,narration,narration,,,,皇家印悬挂，交锋哪顾家。,秦季龙,pdf_01000000__01004009___abe4e0ff20__char__3e8f57054a,,,,,0,,rule,,皇家印悬挂，交锋哪顾家。
pdf_01000000__01004009___abe4e0ff20,忠孝全,pdf_01000000__01004009___abe4e0ff20__line__000145,pdf_01000000__01004009___abe4e0ff20__scene__004,01004009_忠孝全.pdf,D:\University_studies\Junior\data_visualization\experiment\final_self\opera_dataset\01000000\01004009_忠孝全.pdf,01000000/01004009_忠孝全.pdf,49bfac8f-ad5c-4639-829d-be1bd24f8504,4,【第四场】,145,narration,narration,,,,公公令下。,秦季龙,pdf_01000000__01004009___abe4e0ff20__char__3e8f57054a,,,,下；令,0,,rule,,公公令下。
pdf_01000000__01004009___abe4e0ff20,忠孝全,pdf_01000000__01004009___abe4e0ff20__line__000147,pdf_01000000__01004009___abe4e0ff20__scene__004,01004009_忠孝全.pdf,D:\University_studies\Junior\data_visualization\experiment\final_self\opera_dataset\01000000\01004009_忠孝全.pdf,01000000/01004009_忠孝全.pdf,49bfac8f-ad5c-4639-829d-be1bd24f8504,4,【第四场】,147,narration,narration,,,,千岁有命，令后营都府，监斩福建运粮官，不得有误。,秦季龙,pdf_01000000__01004009___abe4e0ff20__char__3e8f57054a,,,,命；令,1,,rule,,千岁有命，令后营都府，监斩福建运粮官，不得有误。
pdf_01000000__01004009___abe4e0ff20,忠孝全,pdf_01000000__01004009___abe4e0ff20__line__000149,pdf_01000000__01004009___abe4e0ff20__scene__004,01004009_忠孝全.pdf,D:\University_studies\Junior\data_visualization\experiment\final_self\opera_dataset\01000000\01004009_忠孝全.pdf,01000000/01004009_忠孝全.pdf,49bfac8f-ad5c-4639-829d-be1bd24f8504,4,【第四场】,149,narration,narration,,,,是。,秦季龙,pdf_01000000__01004009___abe4e0ff20__char__3e8f57054a,,,,,0,,rule,,是。
pdf_01000000__01004009___abe4e0ff20,忠孝全,pdf_01000000__01004009___abe4e0ff20__line__000151,pdf_01000000__01004009___abe4e0ff20__scene__004,01004009_忠孝全.pdf,D:\University_studies\Junior\data_visualization\experiment\final_self\opera_dataset\01000000\01004009_忠孝全.pdf,01000000/01004009_忠孝全.pdf,49bfac8f-ad5c-4639-829d-be1bd24f8504,4,【第四场】,151,narration,narration,,,,令出山摇动。,秦季龙,pdf_01000000__01004009___abe4e0ff20__char__3e8f57054a,,,,令,0,,rule,,令出山摇动。
pdf_01000000__01004009___abe4e0ff20,忠孝全,pdf_01000000__01004009___abe4e0ff20__line__000153,pdf_01000000__01004009___abe4e0ff20__scene__004,01004009_忠孝全.pdf,D:\University_studies\Junior\data_visualization\experiment\final_self\opera_dataset\01000000\01004009_忠孝全.pdf,01000000/01004009_忠孝全.pdf,49bfac8f-ad5c-4639-829d-be1bd24f8504,4,【第四场】,153,narration,narration,,,,严法鬼神惊。,秦季龙,pdf_01000000__01004009___abe4e0ff20__char__3e8f57054a,紧张,,,惊,0,rule,rule,,严法鬼神惊。
pdf_01000000__01004009___abe4e0ff20,忠孝全,pdf_01000000__01004009___abe4e0ff20__line__000155,pdf_01000000__01004009___abe4e0ff20__scene__004,01004009_忠孝全.pdf,D:\University_studies\Junior\data_visualization\experiment\final_self\opera_dataset\01000000\01004009_忠孝全.pdf,01000000/01004009_忠孝全.pdf,49bfac8f-ad5c-4639-829d-be1bd24f8504,4,【第四场】,155,narration,narration,,,,且住，想我爹爹现在福建为官，千岁令监斩福建运粮官，莫非是我爹爹前来？,秦季龙,pdf_01000000__01004009___abe4e0ff20__char__3e8f57054a,,,,来；令,1,,rule,,且住，想我爹爹现在福建为官，千岁令监斩福建运粮官，莫非是我爹爹前来？
pdf_01000000__01004009___abe4e0ff20,忠孝全,pdf_01000000__01004009___abe4e0ff20__line__000157,pdf_01000000__01004009___abe4e0ff20__scene__004,01004009_忠孝全.pdf,D:\University_studies\Junior\data_visualization\experiment\final_self\opera_dataset\01000000\01004009_忠孝全.pdf,01000000/01004009_忠孝全.pdf,49bfac8f-ad5c-4639-829d-be1bd24f8504,4,【第四场】,157,narration,narration,,,,且到法场便知明白。,秦季龙,pdf_01000000__01004009___abe4e0ff20__char__3e8f57054a,,,,,0,,rule,,且到法场便知明白。
pdf_01000000__01004009___abe4e0ff20,忠孝全,pdf_01000000__01004009___abe4e0ff20__line__000159,pdf_01000000__01004009___abe4e0ff20__scene__004,01004009_忠孝全.pdf,D:\University_studies\Junior\data_visualization\experiment\final_self\opera_dataset\01000000\01004009_忠孝全.pdf,01000000/01004009_忠孝全.pdf,49bfac8f-ad5c-4639-829d-be1bd24f8504,4,【第四场】,159,narration,narration,,,,打道法场。,秦季龙,pdf_01000000__01004009___abe4e0ff20__char__3e8f57054a,,,,道；打,0,,rule,,打道法场。
pdf_01000000__01004009___abe4e0ff20,忠孝全,pdf_01000000__01004009___abe4e0ff20__line__000161,pdf_01000000__01004009___abe4e0ff20__scene__004,01004009_忠孝全.pdf,D:\University_studies\Junior\data_visualization\experiment\final_self\opera_dataset\01000000\01004009_忠孝全.pdf,01000000/01004009_忠孝全.pdf,49bfac8f-ad5c-4639-829d-be1bd24f8504,4,【第四场】,161,stage_direction,stage_direction,,,众人同下。,,,,,,,下,0,,,,（众人同下。）
pdf_01000000__01004009___abe4e0ff20,忠孝全,pdf_01000000__01004009___abe4e0ff20__line__000165,pdf_01000000__01004009___abe4e0ff20__scene__005,01004009_忠孝全.pdf,D:\University_studies\Junior\data_visualization\experiment\final_self\opera_dataset\01000000\01004009_忠孝全.pdf,01000000/01004009_忠孝全.pdf,49bfac8f-ad5c-4639-829d-be1bd24f8504,5,【第五场】,165,dialogue,dialogue,秦洪,pdf_01000000__01004009___abe4e0ff20__char__d1234dcda6,内二黄导板,犯官受刑身无主，,秦季龙,pdf_01000000__01004009___abe4e0ff20__char__3e8f57054a,悲,陈述,,,1,llm,rule,0.8,秦洪 （内二黄导板） 犯官受刑身无主，
pdf_01000000__01004009___abe4e0ff20,忠孝全,pdf_01000000__01004009___abe4e0ff20__line__000167,pdf_01000000__01004009___abe4e0ff20__scene__005,01004009_忠孝全.pdf,D:\University_studies\Junior\data_visualization\experiment\final_self\opera_dataset\01000000\01004009_忠孝全.pdf,01000000/01004009_忠孝全.pdf,49bfac8f-ad5c-4639-829d-be1bd24f8504,5,【第五场】,167,dialogue,dialogue,秦洪,pdf_01000000__01004009___abe4e0ff20__char__d1234dcda6,二黄慢板,二目无精好伤情。,,,,,,,1,,,,秦洪（二黄慢板）二目无精好伤情。
pdf_01000000__01004009___abe4e0ff20,忠孝全,pdf_01000000__01004009___abe4e0ff20__line__000167,pdf_01000000__01004009___abe4e0ff20__scene__005,01004009_忠孝全.pdf,D:\University_studies\Junior\data_visualization\experiment\final_self\opera_dataset\01000000\01004009_忠孝全.pdf,01000000/01004009_忠孝全.pdf,49bfac8f-ad5c-4639-829d-be1bd24f8504,5,【第五场】,167,dialogue,dialogue,秦季龙,pdf_01000000__01004009___abe4e0ff20__char__3e8f57054a,二黄导板,"营中奉了千岁命,",秦洪,pdf_01000000__01004009___abe4e0ff20__char__d1234dcda6,,,,命,1,,rule,,"秦季龙（二黄导板）营中奉了千岁命,"
pdf_01000000__01004009___abe4e0ff20,忠孝全,pdf_01000000__01004009___abe4e0ff20__line__000167,pdf_01000000__01004009___abe4e0ff20__scene__005,01004009_忠孝全.pdf,D:\University_studies\Junior\data_visualization\experiment\final_self\opera_dataset\01000000\01004009_忠孝全.pdf,01000000/01004009_忠孝全.pdf,49bfac8f-ad5c-4639-829d-be1bd24f8504,5,【第五场】,167,dialogue,dialogue,刀斧手,pdf_01000000__01004009___abe4e0ff20__char__d196dc36f7,白,"这一犯官,家住哪里,姓字名谁?典刑之后,也好收你尸首。",秦季龙,pdf_01000000__01004009___abe4e0ff20__char__3e8f57054a,,,,收；念白,1,,rule,,"刀斧手（白）这一犯官,家住哪里,姓字名谁?典刑之后,也好收你尸首。"
pdf_01000000__01004009___abe4e0ff20,忠孝全,pdf_01000000__01004009___abe4e0ff20__line__000167,pdf_01000000__01004009___abe4e0ff20__scene__005,01004009_忠孝全.pdf,D:\University_studies\Junior\data_visualization\experiment\final_self\opera_dataset\01000000\01004009_忠孝全.pdf,01000000/01004009_忠孝全.pdf,49bfac8f-ad5c-4639-829d-be1bd24f8504,5,【第五场】,167,dialogue,dialogue,秦洪,pdf_01000000__01004009___abe4e0ff20__char__d1234dcda6,白,请爷打坐近前。,刀斧手,pdf_01000000__01004009___abe4e0ff20__char__d196dc36f7,,,,请；打；坐；念白,0,,rule,,秦洪（白）请爷打坐近前。
pdf_01000000__01004009___abe4e0ff20,忠孝全,pdf_01000000__01004009___abe4e0ff20__line__000167,pdf_01000000__01004009___abe4e0ff20__scene__005,01004009_忠孝全.pdf,D:\University_studies\Junior\data_visualization\experiment\final_self\opera_dataset\01000000\01004009_忠孝全.pdf,01000000/01004009_忠孝全.pdf,49bfac8f-ad5c-4639-829d-be1bd24f8504,5,【第五场】,167,dialogue,dialogue,秦季龙,pdf_01000000__01004009___abe4e0ff20__char__3e8f57054a,白,——讲来。,秦洪,pdf_01000000__01004009___abe4e0ff20__char__d1234dcda6,,,,来；念白,0,,rule,,秦季龙（白）——讲来。
pdf_01000000__01004009___abe4e0ff20,忠孝全,pdf_01000000__01004009___abe4e0ff20__line__000167,pdf_01000000__01004009___abe4e0ff20__scene__005,01004009_忠孝全.pdf,D:\University_studies\Junior\data_visualization\experiment\final_self\opera_dataset\01000000\01004009_忠孝全.pdf,01000000/01004009_忠孝全.pdf,49bfac8f-ad5c-4639-829d-be1bd24f8504,5,【第五场】,167,dialogue,dialogue,秦洪,pdf_01000000__01004009___abe4e0ff20__char__d1234dcda6,白,容禀。,秦季龙,pdf_01000000__01004009___abe4e0ff20__char__3e8f57054a,,,,禀；念白,0,,rule,,秦洪（白）容禀。
pdf_01000000__01004009___abe4e0ff20,忠孝全,pdf_01000000__01004009___abe4e0ff20__line__000167,pdf_01000000__01004009___abe4e0ff20__scene__005,01004009_忠孝全.pdf,D:\University_studies\Junior\data_visualization\experiment\final_self\opera_dataset\01000000\01004009_忠孝全.pdf,01000000/01004009_忠孝全.pdf,49bfac8f-ad5c-4639-829d-be1bd24f8504,5,【第五场】,167,dialogue,dialogue,秦季龙,pdf_01000000__01004009___abe4e0ff20__char__3e8f57054a,白,家住哪里?,秦洪,pdf_01000000__01004009___abe4e0ff20__char__d1234dcda6,,,,念白,0,,rule,,秦季龙（白）家住哪里?
pdf_01000000__01004009___abe4e0ff20,忠孝全,pdf_01000000__01004009___abe4e0ff20__line__000167,pdf_01000000__01004009___abe4e0ff20__scene__005,01004009_忠孝全.pdf,D:\University_studies\Junior\data_visualization\experiment\final_self\opera_dataset\01000000\01004009_忠孝全.pdf,01000000/01004009_忠孝全.pdf,49bfac8f-ad5c-4639-829d-be1bd24f8504,5,【第五场】,167,dialogue,dialogue,秦洪,pdf_01000000__01004009___abe4e0ff20__char__d1234dcda6,二黄慢板,"家住山东莱州郡,",秦季龙,pdf_01000000__01004009___abe4e0ff20__char__3e8f57054a,,,,,1,,rule,,"秦洪（二黄慢板）家住山东莱州郡,"
pdf_01000000__01004009___abe4e0ff20,忠孝全,pdf_01000000__01004009___abe4e0ff20__line__000167,pdf_01000000__01004009___abe4e0ff20__scene__005,01004009_忠孝全.pdf,D:\University_studies\Junior\data_visualization\experiment\final_self\opera_dataset\01000000\01004009_忠孝全.pdf,01000000/01004009_忠孝全.pdf,49bfac8f-ad5c-4639-829d-be1bd24f8504,5,【第五场】,167,dialogue,dialogue,秦季龙,pdf_01000000__01004009___abe4e0ff20__char__3e8f57054a,白,哪里有家?,秦洪,pdf_01000000__01004009___abe4e0ff20__char__d1234dcda6,,,,念白,0,,rule,,秦季龙（白）哪里有家?
pdf_01000000__01004009___abe4e0ff20,忠孝全,pdf_01000000__01004009___abe4e0ff20__line__000167,pdf_01000000__01004009___abe4e0ff20__scene__005,01004009_忠孝全.pdf,D:\University_studies\Junior\data_visualization\experiment\final_self\opera_dataset\01000000\01004009_忠孝全.pdf,01000000/01004009_忠孝全.pdf,49bfac8f-ad5c-4639-829d-be1bd24f8504,5,【第五场】,167,dialogue,dialogue,秦洪,pdf_01000000__01004009___abe4e0ff20__char__d1234dcda6,二黄慢板,黎英县内有家门。,秦季龙,pdf_01000000__01004009___abe4e0ff20__char__3e8f57054a,,,,,1,,rule,,秦洪（二黄慢板）黎英县内有家门。
pdf_01000000__01004009___abe4e0ff20,忠孝全,pdf_01000000__01004009___abe4e0ff20__line__000167,pdf_01000000__01004009___abe4e0ff20__scene__005,01004009_忠孝全.pdf,D:\University_studies\Junior\data_visualization\experiment\final_self\opera_dataset\01000000\01004009_忠孝全.pdf,01000000/01004009_忠孝全.pdf,49bfac8f-ad5c-4639-829d-be1bd24f8504,5,【第五场】,167,dialogue,dialogue,秦季龙,pdf_01000000__01004009___abe4e0ff20__char__3e8f57054a,白,哪一科得中?,秦洪,pdf_01000000__01004009___abe4e0ff20__char__d1234dcda6,,,,念白,0,,rule,,秦季龙（白）哪一科得中?
pdf_01000000__01004009___abe4e0ff20,忠孝全,pdf_01000000__01004009___abe4e0ff20__line__000167,pdf_01000000__01004009___abe4e0ff20__scene__005,01004009_忠孝全.pdf,D:\University_studies\Junior\data_visualization\experiment\final_self\opera_dataset\01000000\01004009_忠孝全.pdf,01000000/01004009_忠孝全.pdf,49bfac8f-ad5c-4639-829d-be1bd24f8504,5,【第五场】,167,dialogue,dialogue,秦洪,pdf_01000000__01004009___abe4e0ff20__char__d1234dcda6,二黄慢板,"甲午年前曾中举,",秦季龙,pdf_01000000__01004009___abe4e0ff20__char__3e8f57054a,,,,,1,,rule,,"秦洪（二黄慢板）甲午年前曾中举,"
pdf_01000000__01004009___abe4e0ff20,忠孝全,pdf_01000000__01004009___abe4e0ff20__line__000167,pdf_01000000__01004009___abe4e0ff20__scene__005,01004009_忠孝全.pdf,D:\University_studies\Junior\data_visualization\experiment\final_self\opera_dataset\01000000\01004009_忠孝全.pdf,01000000/01004009_忠孝全.pdf,49bfac8f-ad5c-4639-829d-be1bd24f8504,5,【第五场】,167,dialogue,dialogue,秦季龙,pdf_01000000__01004009___abe4e0ff20__char__3e8f57054a,白,可曾会进?,秦洪,pdf_01000000__01004009___abe4e0ff20__char__d1234dcda6,,,,进；念白,0,,rule,,秦季龙（白）可曾会进?
pdf_01000000__01004009___abe4e0ff20,忠孝全,pdf_01000000__01004009___abe4e0ff20__line__000167,pdf_01000000__01004009___abe4e0ff20__scene__005,01004009_忠孝全.pdf,D:\University_studies\Junior\data_visualization\experiment\final_self\opera_dataset\01000000\01004009_忠孝全.pdf,01000000/01004009_忠孝全.pdf,49bfac8f-ad5c-4639-829d-be1bd24f8504,5,【第五场】,167,dialogue,dialogue,秦洪,pdf_01000000__01004009___abe4e0ff20__char__d1234dcda6,二黄慢板,连科得中进士身。,秦季龙,pdf_01000000__01004009___abe4e0ff20__char__3e8f57054a,,,,进,1,,rule,,秦洪（二黄慢板）连科得中进士身。
pdf_01000000__01004009___abe4e0ff20,忠孝全,pdf_01000000__01004009___abe4e0ff20__line__000167,pdf_01000000__01004009___abe4e0ff20__scene__005,01004009_忠孝全.pdf,D:\University_studies\Junior\data_visualization\experiment\final_self\opera_dataset\01000000\01004009_忠孝全.pdf,01000000/01004009_忠孝全.pdf,49bfac8f-ad5c-4639-829d-be1bd24f8504,5,【第五场】,167,dialogue,dialogue,秦季龙,pdf_01000000__01004009___abe4e0ff20__char__3e8f57054a,白,初任在哪里为官?,秦洪,pdf_01000000__01004009___abe4e0ff20__char__d1234dcda6,,,,念白,0,,rule,,秦季龙（白）初任在哪里为官?
pdf_01000000__01004009___abe4e0ff20,忠孝全,pdf_01000000__01004009___abe4e0ff20__line__000167,pdf_01000000__01004009___abe4e0ff20__scene__005,01004009_忠孝全.pdf,D:\University_studies\Junior\data_visualization\experiment\final_self\opera_dataset\01000000\01004009_忠孝全.pdf,01000000/01004009_忠孝全.pdf,49bfac8f-ad5c-4639-829d-be1bd24f8504,5,【第五场】,167,dialogue,dialogue,秦洪,pdf_01000000__01004009___abe4e0ff20__char__d1234dcda6,二黄慢板,"初任宛平为正印,",秦季龙,pdf_01000000__01004009___abe4e0ff20__char__3e8f57054a,,,,,1,,rule,,"秦洪（二黄慢板）初任宛平为正印,"
pdf_01000000__01004009___abe4e0ff20,忠孝全,pdf_01000000__01004009___abe4e0ff20__line__000167,pdf_01000000__01004009___abe4e0ff20__scene__005,01004009_忠孝全.pdf,D:\University_studies\Junior\data_visualization\experiment\final_self\opera_dataset\01000000\01004009_忠孝全.pdf,01000000/01004009_忠孝全.pdf,49bfac8f-ad5c-4639-829d-be1bd24f8504,5,【第五场】,167,dialogue,dialogue,秦季龙,pdf_01000000__01004009___abe4e0ff20__char__3e8f57054a,白,可曾升出?,秦洪,pdf_01000000__01004009___abe4e0ff20__char__d1234dcda6,,,,念白,0,,rule,,秦季龙（白）可曾升出?
pdf_01000000__01004009___abe4e0ff20,忠孝全,pdf_01000000__01004009___abe4e0ff20__line__000167,pdf_01000000__01004009___abe4e0ff20__scene__005,01004009_忠孝全.pdf,D:\University_studies\Junior\data_visualization\experiment\final_self\opera_dataset\01000000\01004009_忠孝全.pdf,01000000/01004009_忠孝全.pdf,49bfac8f-ad5c-4639-829d-be1bd24f8504,5,【第五场】,167,dialogue,dialogue,秦洪,pdf_01000000__01004009___abe4e0ff20__char__d1234dcda6,二黄慢板,加升福建管黎民。,秦季龙,pdf_01000000__01004009___abe4e0ff20__char__3e8f57054a,,,,,1,,rule,,秦洪（二黄慢板）加升福建管黎民。
pdf_01000000__01004009___abe4e0ff20,忠孝全,pdf_01000000__01004009___abe4e0ff20__line__000167,pdf_01000000__01004009___abe4e0ff20__scene__005,01004009_忠孝全.pdf,D:\University_studies\Junior\data_visualization\experiment\final_self\opera_dataset\01000000\01004009_忠孝全.pdf,01000000/01004009_忠孝全.pdf,49bfac8f-ad5c-4639-829d-be1bd24f8504,5,【第五场】,167,dialogue,dialogue,秦季龙,pdf_01000000__01004009___abe4e0ff20__char__3e8f57054a,白,为了何事将你斩首?,秦洪,pdf_01000000__01004009___abe4e0ff20__char__d1234dcda6,,,,念白,1,,rule,,秦季龙（白）为了何事将你斩首?
pdf_01000000__01004009___abe4e0ff20,忠孝全,pdf_01000000__01004009___abe4e0ff20__line__000167,pdf_01000000__01004009___abe4e0ff20__scene__005,01004009_忠孝全.pdf,D:\University_studies\Junior\data_visualization\experiment\final_self\opera_dataset\01000000\01004009_忠孝全.pdf,01000000/01004009_忠孝全.pdf,49bfac8f-ad5c-4639-829d-be1bd24f8504,5,【第五场】,167,dialogue,dialogue,秦洪,pdf_01000000__01004009___abe4e0ff20__char__d1234dcda6,二黄慢板,"都只为金鳌犯边境,",秦季龙,pdf_01000000__01004009___abe4e0ff20__char__3e8f57054a,,,,,1,,rule,,"秦洪（二黄慢板）都只为金鳌犯边境,"
pdf_01000000__01004009___abe4e0ff20,忠孝全,pdf_01000000__01004009___abe4e0ff20__line__000167,pdf_01000000__01004009___abe4e0ff20__scene__005,01004009_忠孝全.pdf,D:\University_studies\Junior\data_visualization\experiment\final_self\opera_dataset\01000000\01004009_忠孝全.pdf,01000000/01004009_忠孝全.pdf,49bfac8f-ad5c-4639-829d-be1bd24f8504,5,【第五场】,167,dialogue,dialogue,秦季龙,pdf_01000000__01004009___abe4e0ff20__char__3e8f57054a,白,可有儿子?,秦洪,pdf_01000000__01004009___abe4e0ff20__char__d1234dcda6,,,,念白,0,,rule,,秦季龙（白）可有儿子?
pdf_01000000__01004009___abe4e0ff20,忠孝全,pdf_01000000__01004009___abe4e0ff20__line__000167,pdf_01000000__01004009___abe4e0ff20__scene__005,01004009_忠孝全.pdf,D:\University_studies\Junior\data_visualization\experiment\final_self\opera_dataset\01000000\01004009_忠孝全.pdf,01000000/01004009_忠孝全.pdf,49bfac8f-ad5c-4639-829d-be1bd24f8504,5,【第五场】,167,dialogue,dialogue,秦洪,pdf_01000000__01004009___abe4e0ff20__char__d1234dcda6,二黄慢板,"犯官膝下有三子,",秦季龙,pdf_01000000__01004009___abe4e0ff20__char__3e8f57054a,,,,下,1,,rule,,"秦洪（二黄慢板）犯官膝下有三子,"
pdf_01000000__01004009___abe4e0ff20,忠孝全,pdf_01000000__01004009___abe4e0ff20__line__000167,pdf_01000000__01004009___abe4e0ff20__scene__005,01004009_忠孝全.pdf,D:\University_studies\Junior\data_visualization\experiment\final_self\opera_dataset\01000000\01004009_忠孝全.pdf,01000000/01004009_忠孝全.pdf,49bfac8f-ad5c-4639-829d-be1bd24f8504,5,【第五场】,167,dialogue,dialogue,秦季龙,pdf_01000000__01004009___abe4e0ff20__char__3e8f57054a,白,亲生还是螟蛉?,秦洪,pdf_01000000__01004009___abe4e0ff20__char__d1234dcda6,,,,念白,0,,rule,,秦季龙（白）亲生还是螟蛉?
pdf_01000000__01004009___abe4e0ff20,忠孝全,pdf_01000000__01004009___abe4e0ff20__line__000167,pdf_01000000__01004009___abe4e0ff20__scene__005,01004009_忠孝全.pdf,D:\University_studies\Junior\data_visualization\experiment\final_self\opera_dataset\01000000\01004009_忠孝全.pdf,01000000/01004009_忠孝全.pdf,49bfac8f-ad5c-4639-829d-be1bd24f8504,5,【第五场】,167,dialogue,dialogue,秦洪,pdf_01000000__01004009___abe4e0ff20__char__d1234dcda6,二黄慢板,"秦季英、秦季远是我亲生子,",秦季龙,pdf_01000000__01004009___abe4e0ff20__char__3e8f57054a,,,,,1,,rule,,"秦洪（二黄慢板）秦季英、秦季远是我亲生子,"
pdf_01000000__01004009___abe4e0ff20,忠孝全,pdf_01000000__01004009___abe4e0ff20__line__000167,pdf_01000000__01004009___abe4e0ff20__scene__005,01004009_忠孝全.pdf,D:\University_studies\Junior\data_visualization\experiment\final_self\opera_dataset\01000000\01004009_忠孝全.pdf,01000000/01004009_忠孝全.pdf,49bfac8f-ad5c-4639-829d-be1bd24f8504,5,【第五场】,167,dialogue,dialogue,秦季龙,pdf_01000000__01004009___abe4e0ff20__char__3e8f57054a,白,螟蛉叫什么?,秦洪,pdf_01000000__01004009___abe4e0ff20__char__d1234dcda6,,,,叫；念白,0,,rule,,秦季龙（白）螟蛉叫什么?
pdf_01000000__01004009___abe4e0ff20,忠孝全,pdf_01000000__01004009___abe4e0ff20__line__000167,pdf_01000000__01004009___abe4e0ff20__scene__005,01004009_忠孝全.pdf,D:\University_studies\Junior\data_visualization\experiment\final_self\opera_dataset\01000000\01004009_忠孝全.pdf,01000000/01004009_忠孝全.pdf,49bfac8f-ad5c-4639-829d-be1bd24f8504,5,【第五场】,167,dialogue,dialogue,秦洪,pdf_01000000__01004009___abe4e0ff20__char__d1234dcda6,二黄慢板,秦季龙就是我一螟蛉。,秦季龙,pdf_01000000__01004009___abe4e0ff20__char__3e8f57054a,,,秦季龙,,1,,rule,,秦洪（二黄慢板）秦季龙就是我一螟蛉。
pdf_01000000__01004009___abe4e0ff20,忠孝全,pdf_01000000__01004009___abe4e0ff20__line__000167,pdf_01000000__01004009___abe4e0ff20__scene__005,01004009_忠孝全.pdf,D:\University_studies\Junior\data_visualization\experiment\final_self\opera_dataset\01000000\01004009_忠孝全.pdf,01000000/01004009_忠孝全.pdf,49bfac8f-ad5c-4639-829d-be1bd24f8504,5,【第五场】,167,dialogue,dialogue,秦季龙,pdf_01000000__01004009___abe4e0ff20__char__3e8f57054a,白,季龙在家做些什么?,秦洪,pdf_01000000__01004009___abe4e0ff20__char__d1234dcda6,,,,念白,0,,rule,,秦季龙（白）季龙在家做些什么?
pdf_01000000__01004009___abe4e0ff20,忠孝全,pdf_01000000__01004009___abe4e0ff20__line__000167,pdf_01000000__01004009___abe4e0ff20__scene__005,01004009_忠孝全.pdf,D:\University_studies\Junior\data_visualization\experiment\final_self\opera_dataset\01000000\01004009_忠孝全.pdf,01000000/01004009_忠孝全.pdf,49bfac8f-ad5c-4639-829d-be1bd24f8504,5,【第五场】,167,dialogue,dialogue,秦洪,pdf_01000000__01004009___abe4e0ff20__char__d1234dcda6,二黄慢板,"他弃文从武不听教训,",秦季龙,pdf_01000000__01004009___abe4e0ff20__char__3e8f57054a,,,,,1,,rule,,"秦洪（二黄慢板）他弃文从武不听教训,"
pdf_01000000__01004009___abe4e0ff20,忠孝全,pdf_01000000__01004009___abe4e0ff20__line__000167,pdf_01000000__01004009___abe4e0ff20__scene__005,01004009_忠孝全.pdf,D:\University_studies\Junior\data_visualization\experiment\final_self\opera_dataset\01000000\01004009_忠孝全.pdf,01000000/01004009_忠孝全.pdf,49bfac8f-ad5c-4639-829d-be1bd24f8504,5,【第五场】,167,dialogue,dialogue,秦季龙,pdf_01000000__01004009___abe4e0ff20__char__3e8f57054a,白,如今可想他?,秦洪,pdf_01000000__01004009___abe4e0ff20__char__d1234dcda6,,,,念白,0,,rule,,秦季龙（白）如今可想他?
pdf_01000000__01004009___abe4e0ff20,忠孝全,pdf_01000000__01004009___abe4e0ff20__line__000167,pdf_01000000__01004009___abe4e0ff20__scene__005,01004009_忠孝全.pdf,D:\University_studies\Junior\data_visualization\experiment\final_self\opera_dataset\01000000\01004009_忠孝全.pdf,01000000/01004009_忠孝全.pdf,49bfac8f-ad5c-4639-829d-be1bd24f8504,5,【第五场】,167,dialogue,dialogue,秦洪,pdf_01000000__01004009___abe4e0ff20__char__d1234dcda6,二黄慢板,"眼前若见姣生子,虽死黄泉也甘心。",秦季龙,pdf_01000000__01004009___abe4e0ff20__char__3e8f57054a,,,,,1,,rule,,"秦洪（二黄慢板）眼前若见姣生子,虽死黄泉也甘心。"
pdf_01000000__01004009___abe4e0ff20,忠孝全,pdf_01000000__01004009___abe4e0ff20__line__000167,pdf_01000000__01004009___abe4e0ff20__scene__005,01004009_忠孝全.pdf,D:\University_studies\Junior\data_visualization\experiment\final_self\opera_dataset\01000000\01004009_忠孝全.pdf,01000000/01004009_忠孝全.pdf,49bfac8f-ad5c-4639-829d-be1bd24f8504,5,【第五场】,167,dialogue,dialogue,秦季龙,pdf_01000000__01004009___abe4e0ff20__char__3e8f57054a,白,你叫什么名字?,秦洪,pdf_01000000__01004009___abe4e0ff20__char__d1234dcda6,,,,叫；念白,0,,rule,,秦季龙（白）你叫什么名字?
pdf_01000000__01004009___abe4e0ff20,忠孝全,pdf_01000000__01004009___abe4e0ff20__line__000167,pdf_01000000__01004009___abe4e0ff20__scene__005,01004009_忠孝全.pdf,D:\University_studies\Junior\data_visualization\experiment\final_self\opera_dataset\01000000\01004009_忠孝全.pdf,01000000/01004009_忠孝全.pdf,49bfac8f-ad5c-4639-829d-be1bd24f8504,5,【第五场】,167,dialogue,dialogue,秦洪,pdf_01000000__01004009___abe4e0ff20__char__d1234dcda6,二黄慢板,"监斩爷问我的名和姓,请来看,红旗下现有犯官名。",秦季龙,pdf_01000000__01004009___abe4e0ff20__char__3e8f57054a,,,,下；来；看；问；请,1,,rule,,"秦洪（二黄慢板）监斩爷问我的名和姓,请来看,红旗下现有犯官名。"
pdf_01000000__01004009___abe4e0ff20,忠孝全,pdf_01000000__01004009___abe4e0ff20__line__000167,pdf_01000000__01004009___abe4e0ff20__scene__005,01004009_忠孝全.pdf,D:\University_studies\Junior\data_visualization\experiment\final_self\opera_dataset\01000000\01004009_忠孝全.pdf,01000000/01004009_忠孝全.pdf,49bfac8f-ad5c-4639-829d-be1bd24f8504,5,【第五场】,167,dialogue,dialogue,秦季龙,pdf_01000000__01004009___abe4e0ff20__char__3e8f57054a,白,"哎呀!听罢言来晓其情,原来爹爹到边庭。刀斧手与爷忙松绑,",秦洪,pdf_01000000__01004009___abe4e0ff20__char__d1234dcda6,,,,来；念白,1,,rule,,"秦季龙（白）哎呀!听罢言来晓其情,原来爹爹到边庭。刀斧手与爷忙松绑,"
pdf_01000000__01004009___abe4e0ff20,忠孝全,pdf_01000000__01004009___abe4e0ff20__line__000167,pdf_01000000__01004009___abe4e0ff20__scene__005,01004009_忠孝全.pdf,D:\University_studies\Junior\data_visualization\experiment\final_self\opera_dataset\01000000\01004009_忠孝全.pdf,01000000/01004009_忠孝全.pdf,49bfac8f-ad5c-4639-829d-be1bd24f8504,5,【第五场】,167,dialogue,dialogue,秦季龙,pdf_01000000__01004009___abe4e0ff20__char__3e8f57054a,二黄摇板,双膝跪在地埃尘。,,,,,,跪,1,,,,秦季龙（二黄摇板）双膝跪在地埃尘。
pdf_01000000__01004009___abe4e0ff20,忠孝全,pdf_01000000__01004009___abe4e0ff20__line__000167,pdf_01000000__01004009___abe4e0ff20__scene__005,01004009_忠孝全.pdf,D:\University_studies\Junior\data_visualization\experiment\final_self\opera_dataset\01000000\01004009_忠孝全.pdf,01000000/01004009_忠孝全.pdf,49bfac8f-ad5c-4639-829d-be1bd24f8504,5,【第五场】,167,dialogue,dialogue,秦洪,pdf_01000000__01004009___abe4e0ff20__char__d1234dcda6,二黄导板,"法场上绑得我昏迷不醒,七魄悠悠又还魂。猛然间睁开昏花眼,",秦季龙,pdf_01000000__01004009___abe4e0ff20__char__3e8f57054a,,,,上,1,,rule,,"秦洪（二黄导板）法场上绑得我昏迷不醒,七魄悠悠又还魂。猛然间睁开昏花眼,"
pdf_01000000__01004009___abe4e0ff20,忠孝全,pdf_01000000__01004009___abe4e0ff20__line__000167,pdf_01000000__01004009___abe4e0ff20__scene__005,01004009_忠孝全.pdf,D:\University_studies\Junior\data_visualization\experiment\final_self\opera_dataset\01000000\01004009_忠孝全.pdf,01000000/01004009_忠孝全.pdf,49bfac8f-ad5c-4639-829d-be1bd24f8504,5,【第五场】,167,dialogue,dialogue,秦洪,pdf_01000000__01004009___abe4e0ff20__char__d1234dcda6,二黄摇板,"问声监斩是何人?爹爹把孩儿忘怀了,不孝季龙是儿名。",,,,,,问,1,,,,"秦洪（二黄摇板）问声监斩是何人?爹爹把孩儿忘怀了,不孝季龙是儿名。"
pdf_01000000__01004009___abe4e0ff20,忠孝全,pdf_01000000__01004009___abe4e0ff20__line__000167,pdf_01000000__01004009___abe4e0ff20__scene__005,01004009_忠孝全.pdf,D:\University_studies\Junior\data_visualization\experiment\final_self\opera_dataset\01000000\01004009_忠孝全.pdf,01000000/01004009_忠孝全.pdf,49bfac8f-ad5c-4639-829d-be1bd24f8504,5,【第五场】,167,dialogue,dialogue,秦洪,pdf_01000000__01004009___abe4e0ff20__char__d1234dcda6,白,儿是季龙?,,,,,,念白,0,,,,秦洪（白）儿是季龙?
pdf_01000000__01004009___abe4e0ff20,忠孝全,pdf_01000000__01004009___abe4e0ff20__line__000167,pdf_01000000__01004009___abe4e0ff20__scene__005,01004009_忠孝全.pdf,D:\University_studies\Junior\data_visualization\experiment\final_self\opera_dataset\01000000\01004009_忠孝全.pdf,01000000/01004009_忠孝全.pdf,49bfac8f-ad5c-4639-829d-be1bd24f8504,5,【第五场】,167,dialogue,dialogue,秦季龙,pdf_01000000__01004009___abe4e0ff20__char__3e8f57054a,白,正是。,秦洪,pdf_01000000__01004009___abe4e0ff20__char__d1234dcda6,,,,念白,0,,rule,,秦季龙（白）正是。
pdf_01000000__01004009___abe4e0ff20,忠孝全,pdf_01000000__01004009___abe4e0ff20__line__000167,pdf_01000000__01004009___abe4e0ff20__scene__005,01004009_忠孝全.pdf,D:\University_studies\Junior\data_visualization\experiment\final_self\opera_dataset\01000000\01004009_忠孝全.pdf,01000000/01004009_忠孝全.pdf,49bfac8f-ad5c-4639-829d-be1bd24f8504,5,【第五场】,167,dialogue,dialogue,秦洪,pdf_01000000__01004009___abe4e0ff20__char__d1234dcda6,白,姣儿!,秦季龙,pdf_01000000__01004009___abe4e0ff20__char__3e8f57054a,,,,念白,0,,rule,,秦洪（白）姣儿!
pdf_01000000__01004009___abe4e0ff20,忠孝全,pdf_01000000__01004009___abe4e0ff20__line__000167,pdf_01000000__01004009___abe4e0ff20__scene__005,01004009_忠孝全.pdf,D:\University_studies\Junior\data_visualization\experiment\final_self\opera_dataset\01000000\01004009_忠孝全.pdf,01000000/01004009_忠孝全.pdf,49bfac8f-ad5c-4639-829d-be1bd24f8504,5,【第五场】,167,dialogue,dialogue,秦季龙,pdf_01000000__01004009___abe4e0ff20__char__3e8f57054a,白,是。,秦洪,pdf_01000000__01004009___abe4e0ff20__char__d1234dcda6,,,,念白,0,,rule,,秦季龙（白）是。
pdf_01000000__01004009___abe4e0ff20,忠孝全,pdf_01000000__01004009___abe4e0ff20__line__000167,pdf_01000000__01004009___abe4e0ff20__scene__005,01004009_忠孝全.pdf,D:\University_studies\Junior\data_visualization\experiment\final_self\opera_dataset\01000000\01004009_忠孝全.pdf,01000000/01004009_忠孝全.pdf,49bfac8f-ad5c-4639-829d-be1bd24f8504,5,【第五场】,167,dialogue,dialogue,秦洪,pdf_01000000__01004009___abe4e0ff20__char__d1234dcda6,白,儿吓。,秦季龙,pdf_01000000__01004009___abe4e0ff20__char__3e8f57054a,,,,念白,0,,rule,,秦洪（白）儿吓。
pdf_01000000__01004009___abe4e0ff20,忠孝全,pdf_01000000__01004009___abe4e0ff20__line__000167,pdf_01000000__01004009___abe4e0ff20__scene__005,01004009_忠孝全.pdf,D:\University_studies\Junior\data_visualization\experiment\final_self\opera_dataset\01000000\01004009_忠孝全.pdf,01000000/01004009_忠孝全.pdf,49bfac8f-ad5c-4639-829d-be1bd24f8504,5,【第五场】,167,dialogue,dialogue,秦季龙,pdf_01000000__01004009___abe4e0ff20__char__3e8f57054a,白,没有。,秦洪,pdf_01000000__01004009___abe4e0ff20__char__d1234dcda6,,,,念白,0,,rule,,秦季龙（白）没有。
pdf_01000000__01004009___abe4e0ff20,忠孝全,pdf_01000000__01004009___abe4e0ff20__line__000167,pdf_01000000__01004009___abe4e0ff20__scene__005,01004009_忠孝全.pdf,D:\University_studies\Junior\data_visualization\experiment\final_self\opera_dataset\01000000\01004009_忠孝全.pdf,01000000/01004009_忠孝全.pdf,49bfac8f-ad5c-4639-829d-be1bd24f8504,5,【第五场】,167,dialogue,dialogue,秦洪,pdf_01000000__01004009___abe4e0ff20__char__d1234dcda6,白,王公公将令?,秦季龙,pdf_01000000__01004009___abe4e0ff20__char__3e8f57054a,,,,令；念白,0,,rule,,秦洪（白）王公公将令?
pdf_01000000__01004009___abe4e0ff20,忠孝全,pdf_01000000__01004009___abe4e0ff20__line__000167,pdf_01000000__01004009___abe4e0ff20__scene__005,01004009_忠孝全.pdf,D:\University_studies\Junior\data_visualization\experiment\final_self\opera_dataset\01000000\01004009_忠孝全.pdf,01000000/01004009_忠孝全.pdf,49bfac8f-ad5c-4639-829d-be1bd24f8504,5,【第五场】,167,dialogue,dialogue,秦季龙,pdf_01000000__01004009___abe4e0ff20__char__3e8f57054a,白,也没有。,秦洪,pdf_01000000__01004009___abe4e0ff20__char__d1234dcda6,,,,念白,0,,rule,,秦季龙（白）也没有。
pdf_01000000__01004009___abe4e0ff20,忠孝全,pdf_01000000__01004009___abe4e0ff20__line__000167,pdf_01000000__01004009___abe4e0ff20__scene__005,01004009_忠孝全.pdf,D:\University_studies\Junior\data_visualization\experiment\final_self\opera_dataset\01000000\01004009_忠孝全.pdf,01000000/01004009_忠孝全.pdf,49bfac8f-ad5c-4639-829d-be1bd24f8504,5,【第五场】,167,dialogue,dialogue,秦洪,pdf_01000000__01004009___abe4e0ff20__char__d1234dcda6,白,不好了!,秦季龙,pdf_01000000__01004009___abe4e0ff20__char__3e8f57054a,,,,念白,0,,rule,,秦洪（白）不好了!
pdf_01000000__01004009___abe4e0ff20,忠孝全,pdf_01000000__01004009___abe4e0ff20__line__000167,pdf_01000000__01004009___abe4e0ff20__scene__005,01004009_忠孝全.pdf,D:\University_studies\Junior\data_visualization\experiment\final_self\opera_dataset\01000000\01004009_忠孝全.pdf,01000000/01004009_忠孝全.pdf,49bfac8f-ad5c-4639-829d-be1bd24f8504,5,【第五场】,167,dialogue,dialogue,秦季龙,pdf_01000000__01004009___abe4e0ff20__char__3e8f57054a,二黄摇板,"爹爹只管放宽心,孩儿言来听分明:你养儿小来我养父老,报答你养育一番恩。人来将爷上了捆,王公公营前求人情。",秦洪,pdf_01000000__01004009___abe4e0ff20__char__d1234dcda6,,,,上；来；答；报,1,,rule,,"秦季龙（二黄摇板）爹爹只管放宽心,孩儿言来听分明:你养儿小来我养父老,报答你养育一番恩。人来将爷上了捆,王公公营前求人情。"
pdf_01000000__01004009___abe4e0ff20,忠孝全,pdf_01000000__01004009___abe4e0ff20__line__000167,pdf_01000000__01004009___abe4e0ff20__scene__005,01004009_忠孝全.pdf,D:\University_studies\Junior\data_visualization\experiment\final_self\opera_dataset\01000000\01004009_忠孝全.pdf,01000000/01004009_忠孝全.pdf,49bfac8f-ad5c-4639-829d-be1bd24f8504,5,【第五场】,167,dialogue,dialogue,王振,pdf_01000000__01004009___abe4e0ff20__char__4bbc7c76fc,白,"吓,怎么?后军都府如何绑起来了?",秦季龙,pdf_01000000__01004009___abe4e0ff20__char__3e8f57054a,,,,来；念白,1,,rule,,"王振（白）吓,怎么?后军都府如何绑起来了?"
pdf_01000000__01004009___abe4e0ff20,忠孝全,pdf_01000000__01004009___abe4e0ff20__line__000167,pdf_01000000__01004009___abe4e0ff20__scene__005,01004009_忠孝全.pdf,D:\University_studies\Junior\data_visualization\experiment\final_self\opera_dataset\01000000\01004009_忠孝全.pdf,01000000/01004009_忠孝全.pdf,49bfac8f-ad5c-4639-829d-be1bd24f8504,5,【第五场】,167,dialogue,dialogue,秦季龙,pdf_01000000__01004009___abe4e0ff20__char__3e8f57054a,白,替父受绑。,王振,pdf_01000000__01004009___abe4e0ff20__char__4bbc7c76fc,,,,念白,0,,rule,,秦季龙（白）替父受绑。
pdf_01000000__01004009___abe4e0ff20,忠孝全,pdf_01000000__01004009___abe4e0ff20__line__000167,pdf_01000000__01004009___abe4e0ff20__scene__005,01004009_忠孝全.pdf,D:\University_studies\Junior\data_visualization\experiment\final_self\opera_dataset\01000000\01004009_忠孝全.pdf,01000000/01004009_忠孝全.pdf,49bfac8f-ad5c-4639-829d-be1bd24f8504,5,【第五场】,167,dialogue,dialogue,王振,pdf_01000000__01004009___abe4e0ff20__char__4bbc7c76fc,白,"先前问你说没有父亲,如今这个父亲是从天上掉下来的不成?",秦季龙,pdf_01000000__01004009___abe4e0ff20__char__3e8f57054a,,,,上；下；来；问；念白,1,,rule,,"王振（白）先前问你说没有父亲,如今这个父亲是从天上掉下来的不成?"
pdf_01000000__01004009___abe4e0ff20,忠孝全,pdf_01000000__01004009___abe4e0ff20__line__000167,pdf_01000000__01004009___abe4e0ff20__scene__005,01004009_忠孝全.pdf,D:\University_studies\Junior\data_visualization\experiment\final_self\opera_dataset\01000000\01004009_忠孝全.pdf,01000000/01004009_忠孝全.pdf,49bfac8f-ad5c-4639-829d-be1bd24f8504,5,【第五场】,167,dialogue,dialogue,秦季龙,pdf_01000000__01004009___abe4e0ff20__char__3e8f57054a,白,此乃养身之父。,王振,pdf_01000000__01004009___abe4e0ff20__char__4bbc7c76fc,,,,念白,0,,rule,,秦季龙（白）此乃养身之父。
pdf_01000000__01004009___abe4e0ff20,忠孝全,pdf_01000000__01004009___abe4e0ff20__line__000167,pdf_01000000__01004009___abe4e0ff20__scene__005,01004009_忠孝全.pdf,D:\University_studies\Junior\data_visualization\experiment\final_self\opera_dataset\01000000\01004009_忠孝全.pdf,01000000/01004009_忠孝全.pdf,49bfac8f-ad5c-4639-829d-be1bd24f8504,5,【第五场】,167,dialogue,dialogue,王振,pdf_01000000__01004009___abe4e0ff20__char__4bbc7c76fc,白,"好,起来。",秦季龙,pdf_01000000__01004009___abe4e0ff20__char__3e8f57054a,,,,来；念白,0,,rule,,"王振（白）好,起来。"
pdf_01000000__01004009___abe4e0ff20,忠孝全,pdf_01000000__01004009___abe4e0ff20__line__000167,pdf_01000000__01004009___abe4e0ff20__scene__005,01004009_忠孝全.pdf,D:\University_studies\Junior\data_visualization\experiment\final_self\opera_dataset\01000000\01004009_忠孝全.pdf,01000000/01004009_忠孝全.pdf,49bfac8f-ad5c-4639-829d-be1bd24f8504,5,【第五场】,167,dialogue,dialogue,秦季龙,pdf_01000000__01004009___abe4e0ff20__char__3e8f57054a,白,哪有子站父跪的道理?,王振,pdf_01000000__01004009___abe4e0ff20__char__4bbc7c76fc,,,,道；跪；念白,0,,rule,,秦季龙（白）哪有子站父跪的道理?
pdf_01000000__01004009___abe4e0ff20,忠孝全,pdf_01000000__01004009___abe4e0ff20__line__000167,pdf_01000000__01004009___abe4e0ff20__scene__005,01004009_忠孝全.pdf,D:\University_studies\Junior\data_visualization\experiment\final_self\opera_dataset\01000000\01004009_忠孝全.pdf,01000000/01004009_忠孝全.pdf,49bfac8f-ad5c-4639-829d-be1bd24f8504,5,【第五场】,167,dialogue,dialogue,王振,pdf_01000000__01004009___abe4e0ff20__char__4bbc7c76fc,白,都起来罢。,秦季龙,pdf_01000000__01004009___abe4e0ff20__char__3e8f57054a,悲,陈述,,来；念白,0,llm,llm,0.8,王振（白）都起来罢。
pdf_01000000__01004009___abe4e0ff20,忠孝全,pdf_01000000__01004009___abe4e0ff20__line__000169,pdf_01000000__01004009___abe4e0ff20__scene__005,01004009_忠孝全.pdf,D:\University_studies\Junior\data_visualization\experiment\final_self\opera_dataset\01000000\01004009_忠孝全.pdf,01000000/01004009_忠孝全.pdf,49bfac8f-ad5c-4639-829d-be1bd24f8504,5,【第五场】,169,dialogue,dialogue,秦季龙,pdf_01000000__01004009___abe4e0ff20__char__3e8f57054a,同白,谢千岁!,王振,pdf_01000000__01004009___abe4e0ff20__char__4bbc7c76fc,,,,念白,0,,rule,,秦季龙（同白）谢千岁!
pdf_01000000__01004009___abe4e0ff20,忠孝全,pdf_01000000__01004009___abe4e0ff20__line__000169,pdf_01000000__01004009___abe4e0ff20__scene__005,01004009_忠孝全.pdf,D:\University_studies\Junior\data_visualization\experiment\final_self\opera_dataset\01000000\01004009_忠孝全.pdf,01000000/01004009_忠孝全.pdf,49bfac8f-ad5c-4639-829d-be1bd24f8504,5,【第五场】,169,dialogue,dialogue,王振,pdf_01000000__01004009___abe4e0ff20__char__4bbc7c76fc,白,"秦季龙法场救父,又有大功,待咱家与你奏转。",秦季龙,pdf_01000000__01004009___abe4e0ff20__char__3e8f57054a,,,秦季龙,念白,1,,rule,,"王振（白）秦季龙法场救父,又有大功,待咱家与你奏转。"
pdf_01000000__01004009___abe4e0ff20,忠孝全,pdf_01000000__01004009___abe4e0ff20__line__000169,pdf_01000000__01004009___abe4e0ff20__scene__005,01004009_忠孝全.pdf,D:\University_studies\Junior\data_visualization\experiment\final_self\opera_dataset\01000000\01004009_忠孝全.pdf,01000000/01004009_忠孝全.pdf,49bfac8f-ad5c-4639-829d-be1bd24f8504,5,【第五场】,169,dialogue,dialogue,秦洪,pdf_01000000__01004009___abe4e0ff20__char__d1234dcda6,白,"儿吓,分别之后,哪有这身荣耀?",王振,pdf_01000000__01004009___abe4e0ff20__char__4bbc7c76fc,,,,念白,0,,rule,,"秦洪（白）儿吓,分别之后,哪有这身荣耀?"
pdf_01000000__01004009___abe4e0ff20,忠孝全,pdf_01000000__01004009___abe4e0ff20__line__000169,pdf_01000000__01004009___abe4e0ff20__scene__005,01004009_忠孝全.pdf,D:\University_studies\Junior\data_visualization\experiment\final_self\opera_dataset\01000000\01004009_忠孝全.pdf,01000000/01004009_忠孝全.pdf,49bfac8f-ad5c-4639-829d-be1bd24f8504,5,【第五场】,169,dialogue,dialogue,秦季龙,pdf_01000000__01004009___abe4e0ff20__char__3e8f57054a,白,一言难尽。,秦洪,pdf_01000000__01004009___abe4e0ff20__char__d1234dcda6,,,,念白,0,,rule,,秦季龙（白）一言难尽。
pdf_01000000__01004009___abe4e0ff20,忠孝全,pdf_01000000__01004009___abe4e0ff20__line__000169,pdf_01000000__01004009___abe4e0ff20__scene__005,01004009_忠孝全.pdf,D:\University_studies\Junior\data_visualization\experiment\final_self\opera_dataset\01000000\01004009_忠孝全.pdf,01000000/01004009_忠孝全.pdf,49bfac8f-ad5c-4639-829d-be1bd24f8504,5,【第五场】,169,dialogue,dialogue,王振,pdf_01000000__01004009___abe4e0ff20__char__4bbc7c76fc,内白,圣旨下!,秦季龙,pdf_01000000__01004009___abe4e0ff20__char__3e8f57054a,,,,下；念白,0,,rule,,王振（内白）圣旨下!
pdf_01000000__01004009___abe4e0ff20,忠孝全,pdf_01000000__01004009___abe4e0ff20__line__000169,pdf_01000000__01004009___abe4e0ff20__scene__005,01004009_忠孝全.pdf,D:\University_studies\Junior\data_visualization\experiment\final_self\opera_dataset\01000000\01004009_忠孝全.pdf,01000000/01004009_忠孝全.pdf,49bfac8f-ad5c-4639-829d-be1bd24f8504,5,【第五场】,169,dialogue,dialogue,王振,pdf_01000000__01004009___abe4e0ff20__char__4bbc7c76fc,白,"圣旨下,跪。",,,,,,下；跪；念白,0,,,,"王振（白）圣旨下,跪。"
pdf_01000000__01004009___abe4e0ff20,忠孝全,pdf_01000000__01004009___abe4e0ff20__line__000169,pdf_01000000__01004009___abe4e0ff20__scene__005,01004009_忠孝全.pdf,D:\University_studies\Junior\data_visualization\experiment\final_self\opera_dataset\01000000\01004009_忠孝全.pdf,01000000/01004009_忠孝全.pdf,49bfac8f-ad5c-4639-829d-be1bd24f8504,5,【第五场】,169,dialogue,dialogue,秦季龙,pdf_01000000__01004009___abe4e0ff20__char__3e8f57054a,同白,万岁。,王振,pdf_01000000__01004009___abe4e0ff20__char__4bbc7c76fc,,,,念白,0,,rule,,秦季龙（同白）万岁。
pdf_01000000__01004009___abe4e0ff20,忠孝全,pdf_01000000__01004009___abe4e0ff20__line__000169,pdf_01000000__01004009___abe4e0ff20__scene__005,01004009_忠孝全.pdf,D:\University_studies\Junior\data_visualization\experiment\final_self\opera_dataset\01000000\01004009_忠孝全.pdf,01000000/01004009_忠孝全.pdf,49bfac8f-ad5c-4639-829d-be1bd24f8504,5,【第五场】,169,dialogue,dialogue,王振,pdf_01000000__01004009___abe4e0ff20__char__4bbc7c76fc,白,"宣读诏曰:秦洪运粮不到,理当取斩。念在秦季龙征战金鳌有功,赦却死罪,封为养老太师。秦季龙征剿番王,得胜回朝,可算一忠;法场救父,可算一孝,封为忠孝王。妻一品夫人,福建知府女,正宫见喜,认为义女。钦赐半副銮驾,归家祭祖。一路之上,旱路让成八尺,水路准备彩船,外赐尚方宝剑。先斩后奏,动身之时。合朝文武,长亭饯行。祭祖一毕,来京供职。旨意读罢,望阙谢恩。",秦洪,pdf_01000000__01004009___abe4e0ff20__char__d1234dcda6,得意,,秦季龙；秦洪,上；来；念白,1,rule,rule,,"王振（白）宣读诏曰:秦洪运粮不到,理当取斩。念在秦季龙征战金鳌有功,赦却死罪,封为养老太师。秦季龙征剿番王,得胜回朝,可算一忠;法场救父,可算一孝,封为忠孝王。妻一品夫人,福建知府女,正宫见喜,认为义女。钦赐半副銮驾,归家祭祖。一路之上,旱路让成八尺,水路准备彩船,外赐尚方宝剑。先斩后奏,动身之时。合朝文武,长亭饯行。祭祖一毕,来京供职。旨意读罢,望阙谢恩。"
pdf_01000000__01004009___abe4e0ff20,忠孝全,pdf_01000000__01004009___abe4e0ff20__line__000169,pdf_01000000__01004009___abe4e0ff20__scene__005,01004009_忠孝全.pdf,D:\University_studies\Junior\data_visualization\experiment\final_self\opera_dataset\01000000\01004009_忠孝全.pdf,01000000/01004009_忠孝全.pdf,49bfac8f-ad5c-4639-829d-be1bd24f8504,5,【第五场】,169,dialogue,dialogue,秦季龙,pdf_01000000__01004009___abe4e0ff20__char__3e8f57054a,同白,万万岁!,王振,pdf_01000000__01004009___abe4e0ff20__char__4bbc7c76fc,,,,念白,0,,rule,,秦季龙（同白）万万岁!
pdf_01000000__01004009___abe4e0ff20,忠孝全,pdf_01000000__01004009___abe4e0ff20__line__000169,pdf_01000000__01004009___abe4e0ff20__scene__005,01004009_忠孝全.pdf,D:\University_studies\Junior\data_visualization\experiment\final_self\opera_dataset\01000000\01004009_忠孝全.pdf,01000000/01004009_忠孝全.pdf,49bfac8f-ad5c-4639-829d-be1bd24f8504,5,【第五场】,169,dialogue,dialogue,王振,pdf_01000000__01004009___abe4e0ff20__char__4bbc7c76fc,白,请旨意。,秦季龙,pdf_01000000__01004009___abe4e0ff20__char__3e8f57054a,,,,请；念白,0,,rule,,王振（白）请旨意。
pdf_01000000__01004009___abe4e0ff20,忠孝全,pdf_01000000__01004009___abe4e0ff20__line__000169,pdf_01000000__01004009___abe4e0ff20__scene__005,01004009_忠孝全.pdf,D:\University_studies\Junior\data_visualization\experiment\final_self\opera_dataset\01000000\01004009_忠孝全.pdf,01000000/01004009_忠孝全.pdf,49bfac8f-ad5c-4639-829d-be1bd24f8504,5,【第五场】,169,dialogue,dialogue,秦季龙,pdf_01000000__01004009___abe4e0ff20__char__3e8f57054a,白,多谢千岁!,王振,pdf_01000000__01004009___abe4e0ff20__char__4bbc7c76fc,,,,念白,0,,rule,,秦季龙（白）多谢千岁!
pdf_01000000__01004009___abe4e0ff20,忠孝全,pdf_01000000__01004009___abe4e0ff20__line__000169,pdf_01000000__01004009___abe4e0ff20__scene__005,01004009_忠孝全.pdf,D:\University_studies\Junior\data_visualization\experiment\final_self\opera_dataset\01000000\01004009_忠孝全.pdf,01000000/01004009_忠孝全.pdf,49bfac8f-ad5c-4639-829d-be1bd24f8504,5,【第五场】,169,dialogue,dialogue,王振,pdf_01000000__01004009___abe4e0ff20__char__4bbc7c76fc,白,"老太师你好造化,犯罪有忠孝王求情,咱家好恨。",秦季龙,pdf_01000000__01004009___abe4e0ff20__char__3e8f57054a,愤怒,,,念白,1,rule,rule,,"王振（白）老太师你好造化,犯罪有忠孝王求情,咱家好恨。"
pdf_01000000__01004009___abe4e0ff20,忠孝全,pdf_01000000__01004009___abe4e0ff20__line__000169,pdf_01000000__01004009___abe4e0ff20__scene__005,01004009_忠孝全.pdf,D:\University_studies\Junior\data_visualization\experiment\final_self\opera_dataset\01000000\01004009_忠孝全.pdf,01000000/01004009_忠孝全.pdf,49bfac8f-ad5c-4639-829d-be1bd24f8504,5,【第五场】,169,dialogue,dialogue,秦洪,pdf_01000000__01004009___abe4e0ff20__char__d1234dcda6,白,敢是恨我父子?,王振,pdf_01000000__01004009___abe4e0ff20__char__4bbc7c76fc,愤怒,,,念白,0,rule,rule,,秦洪（白）敢是恨我父子?
pdf_01000000__01004009___abe4e0ff20,忠孝全,pdf_01000000__01004009___abe4e0ff20__line__000169,pdf_01000000__01004009___abe4e0ff20__scene__005,01004009_忠孝全.pdf,D:\University_studies\Junior\data_visualization\experiment\final_self\opera_dataset\01000000\01004009_忠孝全.pdf,01000000/01004009_忠孝全.pdf,49bfac8f-ad5c-4639-829d-be1bd24f8504,5,【第五场】,169,dialogue,dialogue,王振,pdf_01000000__01004009___abe4e0ff20__char__4bbc7c76fc,白,"咱家身在帝王边,如羊伴虎,老太师我事不周全......",秦洪,pdf_01000000__01004009___abe4e0ff20__char__d1234dcda6,,,,念白,1,,rule,,"王振（白）咱家身在帝王边,如羊伴虎,老太师我事不周全......"
pdf_01000000__01004009___abe4e0ff20,忠孝全,pdf_01000000__01004009___abe4e0ff20__line__000169,pdf_01000000__01004009___abe4e0ff20__scene__005,01004009_忠孝全.pdf,D:\University_studies\Junior\data_visualization\experiment\final_self\opera_dataset\01000000\01004009_忠孝全.pdf,01000000/01004009_忠孝全.pdf,49bfac8f-ad5c-4639-829d-be1bd24f8504,5,【第五场】,169,dialogue,dialogue,秦洪,pdf_01000000__01004009___abe4e0ff20__char__d1234dcda6,白,如此将小儿拜在膝下。,王振,pdf_01000000__01004009___abe4e0ff20__char__4bbc7c76fc,,,,下；拜；念白,0,,rule,,秦洪（白）如此将小儿拜在膝下。
pdf_01000000__01004009___abe4e0ff20,忠孝全,pdf_01000000__01004009___abe4e0ff20__line__000169,pdf_01000000__01004009___abe4e0ff20__scene__005,01004009_忠孝全.pdf,D:\University_studies\Junior\data_visualization\experiment\final_self\opera_dataset\01000000\01004009_忠孝全.pdf,01000000/01004009_忠孝全.pdf,49bfac8f-ad5c-4639-829d-be1bd24f8504,5,【第五场】,169,dialogue,dialogue,王振,pdf_01000000__01004009___abe4e0ff20__char__4bbc7c76fc,白,"他是忠孝王,你是老太师。咱一个太监,敢受忠孝王拜么?",秦洪,pdf_01000000__01004009___abe4e0ff20__char__d1234dcda6,,,,拜；念白,1,,rule,,"王振（白）他是忠孝王,你是老太师。咱一个太监,敢受忠孝王拜么?"
pdf_01000000__01004009___abe4e0ff20,忠孝全,pdf_01000000__01004009___abe4e0ff20__line__000169,pdf_01000000__01004009___abe4e0ff20__scene__005,01004009_忠孝全.pdf,D:\University_studies\Junior\data_visualization\experiment\final_self\opera_dataset\01000000\01004009_忠孝全.pdf,01000000/01004009_忠孝全.pdf,49bfac8f-ad5c-4639-829d-be1bd24f8504,5,【第五场】,169,dialogue,dialogue,秦洪,pdf_01000000__01004009___abe4e0ff20__char__d1234dcda6,白,"儿吓,拜过千岁。",王振,pdf_01000000__01004009___abe4e0ff20__char__4bbc7c76fc,,,,拜；念白,0,,rule,,"秦洪（白）儿吓,拜过千岁。"
pdf_01000000__01004009___abe4e0ff20,忠孝全,pdf_01000000__01004009___abe4e0ff20__line__000169,pdf_01000000__01004009___abe4e0ff20__scene__005,01004009_忠孝全.pdf,D:\University_studies\Junior\data_visualization\experiment\final_self\opera_dataset\01000000\01004009_忠孝全.pdf,01000000/01004009_忠孝全.pdf,49bfac8f-ad5c-4639-829d-be1bd24f8504,5,【第五场】,169,dialogue,dialogue,王振,pdf_01000000__01004009___abe4e0ff20__char__4bbc7c76fc,白,金豆银豆送与忠孝王。随我上殿谢恩去者!,秦季龙,pdf_01000000__01004009___abe4e0ff20__char__3e8f57054a,平,命令,,上；去；念白,1,llm,llm,0.9,王振（白）金豆银豆送与忠孝王。随我上殿谢恩去者!
