doc_id,doc_title,line_id,scene_id,source_file,source_path,relative_path,batch_id,scene_index,scene,line_no,row_type,line_category,speaker,speaker_char_id,cue,perform_type,perform_subtype,action_tags,participants,text,raw_line
pdf_01000000__01004004___a91ecdeeef,盗宗卷,pdf_01000000__01004004___a91ecdeeef__line__000001,pdf_01000000__01004004___a91ecdeeef__scene__000,01004004_盗宗卷.pdf,D:\University_studies\Junior\data_visualization\experiment\final_self\opera_dataset\01000000\01004004_盗宗卷.pdf,01000000/01004004_盗宗卷.pdf,49bfac8f-ad5c-4639-829d-be1bd24f8504,0,序幕/前置内容,1,narration,narration,,,,说明,,,《盗宗卷》,# 《盗宗卷》,# 《盗宗卷》
pdf_01000000__01004004___a91ecdeeef,盗宗卷,pdf_01000000__01004004___a91ecdeeef__line__000003,pdf_01000000__01004004___a91ecdeeef__scene__000,01004004_盗宗卷.pdf,D:\University_studies\Junior\data_visualization\experiment\final_self\opera_dataset\01000000\01004004_盗宗卷.pdf,01000000/01004004_盗宗卷.pdf,49bfac8f-ad5c-4639-829d-be1bd24f8504,0,序幕/前置内容,3,narration,narration,,,,说明,,,（一名：《兴汉图》；一名：《火烧宗卷》,# （一名：《兴汉图》；一名：《火烧宗卷》）,# （一名：《兴汉图》；一名：《火烧宗卷》）
pdf_01000000__01004004___a91ecdeeef,盗宗卷,pdf_01000000__01004004___a91ecdeeef__line__000033,pdf_01000000__01004004___a91ecdeeef__scene__001,01004004_盗宗卷.pdf,D:\University_studies\Junior\data_visualization\experiment\final_self\opera_dataset\01000000\01004004_盗宗卷.pdf,01000000/01004004_盗宗卷.pdf,49bfac8f-ad5c-4639-829d-be1bd24f8504,1,【第一场】,33,stage_direction,stage_direction,,,四太监、四宫女引吕后同上。,做,四太监、四宫女引吕后同上。,上,吕后,,（四太监、四宫女引吕后同上。）
pdf_01000000__01004004___a91ecdeeef,盗宗卷,pdf_01000000__01004004___a91ecdeeef__line__000035,pdf_01000000__01004004___a91ecdeeef__scene__001,01004004_盗宗卷.pdf,D:\University_studies\Junior\data_visualization\experiment\final_self\opera_dataset\01000000\01004004_盗宗卷.pdf,01000000/01004004_盗宗卷.pdf,49bfac8f-ad5c-4639-829d-be1bd24f8504,1,【第一场】,35,dialogue,dialogue,吕后,pdf_01000000__01004004___a91ecdeeef__char__c17d915cca,引子,对白,引子,,吕后,"身在深宫院,重整汉室锦江山。","吕后（引子）身在深宫院,重整汉室锦江山。"
pdf_01000000__01004004___a91ecdeeef,盗宗卷,pdf_01000000__01004004___a91ecdeeef__line__000035,pdf_01000000__01004004___a91ecdeeef__scene__001,01004004_盗宗卷.pdf,D:\University_studies\Junior\data_visualization\experiment\final_self\opera_dataset\01000000\01004004_盗宗卷.pdf,01000000/01004004_盗宗卷.pdf,49bfac8f-ad5c-4639-829d-be1bd24f8504,1,【第一场】,35,dialogue,dialogue,太监,pdf_01000000__01004004___a91ecdeeef__char__30190ad64d,白,白,白,上；念白,太监；张苍,宣张苍上殿。,太监（白）宣张苍上殿。
pdf_01000000__01004004___a91ecdeeef,盗宗卷,pdf_01000000__01004004___a91ecdeeef__line__000035,pdf_01000000__01004004___a91ecdeeef__scene__001,01004004_盗宗卷.pdf,D:\University_studies\Junior\data_visualization\experiment\final_self\opera_dataset\01000000\01004004_盗宗卷.pdf,01000000/01004004_盗宗卷.pdf,49bfac8f-ad5c-4639-829d-be1bd24f8504,1,【第一场】,35,dialogue,dialogue,张苍,pdf_01000000__01004004___a91ecdeeef__char__f7e0ecae2c,白,白,白,上；念白,张苍,"忽听国太宣,迈步上金銮。","张苍（白）忽听国太宣,迈步上金銮。"
pdf_01000000__01004004___a91ecdeeef,盗宗卷,pdf_01000000__01004004___a91ecdeeef__line__000035,pdf_01000000__01004004___a91ecdeeef__scene__001,01004004_盗宗卷.pdf,D:\University_studies\Junior\data_visualization\experiment\final_self\opera_dataset\01000000\01004004_盗宗卷.pdf,01000000/01004004_盗宗卷.pdf,49bfac8f-ad5c-4639-829d-be1bd24f8504,1,【第一场】,35,dialogue,dialogue,吕后,pdf_01000000__01004004___a91ecdeeef__char__c17d915cca,白,白,白,念白,吕后,平身。,吕后（白）平身。
pdf_01000000__01004004___a91ecdeeef,盗宗卷,pdf_01000000__01004004___a91ecdeeef__line__000035,pdf_01000000__01004004___a91ecdeeef__scene__001,01004004_盗宗卷.pdf,D:\University_studies\Junior\data_visualization\experiment\final_self\opera_dataset\01000000\01004004_盗宗卷.pdf,01000000/01004004_盗宗卷.pdf,49bfac8f-ad5c-4639-829d-be1bd24f8504,1,【第一场】,35,dialogue,dialogue,张苍,pdf_01000000__01004004___a91ecdeeef__char__f7e0ecae2c,白,白,白,上；念白,张苍,"千千岁!宣臣上殿,有何国事议论?","张苍（白）千千岁!宣臣上殿,有何国事议论?"
pdf_01000000__01004004___a91ecdeeef,盗宗卷,pdf_01000000__01004004___a91ecdeeef__line__000035,pdf_01000000__01004004___a91ecdeeef__scene__001,01004004_盗宗卷.pdf,D:\University_studies\Junior\data_visualization\experiment\final_self\opera_dataset\01000000\01004004_盗宗卷.pdf,01000000/01004004_盗宗卷.pdf,49bfac8f-ad5c-4639-829d-be1bd24f8504,1,【第一场】,35,dialogue,dialogue,吕后,pdf_01000000__01004004___a91ecdeeef__char__c17d915cca,白,白,白,看；念白,吕后,宗卷可是卿家看守?,吕后（白）宗卷可是卿家看守?
pdf_01000000__01004004___a91ecdeeef,盗宗卷,pdf_01000000__01004004___a91ecdeeef__line__000035,pdf_01000000__01004004___a91ecdeeef__scene__001,01004004_盗宗卷.pdf,D:\University_studies\Junior\data_visualization\experiment\final_self\opera_dataset\01000000\01004004_盗宗卷.pdf,01000000/01004004_盗宗卷.pdf,49bfac8f-ad5c-4639-829d-be1bd24f8504,1,【第一场】,35,dialogue,dialogue,张苍,pdf_01000000__01004004___a91ecdeeef__char__f7e0ecae2c,白,白,白,看；念白,张苍,是臣看守。,张苍（白）是臣看守。
pdf_01000000__01004004___a91ecdeeef,盗宗卷,pdf_01000000__01004004___a91ecdeeef__line__000035,pdf_01000000__01004004___a91ecdeeef__scene__001,01004004_盗宗卷.pdf,D:\University_studies\Junior\data_visualization\experiment\final_self\opera_dataset\01000000\01004004_盗宗卷.pdf,01000000/01004004_盗宗卷.pdf,49bfac8f-ad5c-4639-829d-be1bd24f8504,1,【第一场】,35,dialogue,dialogue,吕后,pdf_01000000__01004004___a91ecdeeef__char__c17d915cca,白,白,白,上；来；看；念白,吕后,"何不呈上殿来,哀家一看。","吕后（白）何不呈上殿来,哀家一看。"
pdf_01000000__01004004___a91ecdeeef,盗宗卷,pdf_01000000__01004004___a91ecdeeef__line__000035,pdf_01000000__01004004___a91ecdeeef__scene__001,01004004_盗宗卷.pdf,D:\University_studies\Junior\data_visualization\experiment\final_self\opera_dataset\01000000\01004004_盗宗卷.pdf,01000000/01004004_盗宗卷.pdf,49bfac8f-ad5c-4639-829d-be1bd24f8504,1,【第一场】,35,dialogue,dialogue,张苍,pdf_01000000__01004004___a91ecdeeef__char__f7e0ecae2c,白,白,白,来；念白,张苍,待臣取来。,张苍（白）待臣取来。
pdf_01000000__01004004___a91ecdeeef,盗宗卷,pdf_01000000__01004004___a91ecdeeef__line__000035,pdf_01000000__01004004___a91ecdeeef__scene__001,01004004_盗宗卷.pdf,D:\University_studies\Junior\data_visualization\experiment\final_self\opera_dataset\01000000\01004004_盗宗卷.pdf,01000000/01004004_盗宗卷.pdf,49bfac8f-ad5c-4639-829d-be1bd24f8504,1,【第一场】,35,dialogue,dialogue,张苍,pdf_01000000__01004004___a91ecdeeef__char__f7e0ecae2c,念,念,念,,张苍,"手捧皇家卷,急忙献君前,","张苍（念）手捧皇家卷,急忙献君前,"
pdf_01000000__01004004___a91ecdeeef,盗宗卷,pdf_01000000__01004004___a91ecdeeef__line__000035,pdf_01000000__01004004___a91ecdeeef__scene__001,01004004_盗宗卷.pdf,D:\University_studies\Junior\data_visualization\experiment\final_self\opera_dataset\01000000\01004004_盗宗卷.pdf,01000000/01004004_盗宗卷.pdf,49bfac8f-ad5c-4639-829d-be1bd24f8504,1,【第一场】,35,dialogue,dialogue,吕后,pdf_01000000__01004004___a91ecdeeef__char__c17d915cca,白,白,白,看；念白,吕后,"卿家看守宗卷有功,赐卿御酒一斗,","吕后（白）卿家看守宗卷有功,赐卿御酒一斗,"
pdf_01000000__01004004___a91ecdeeef,盗宗卷,pdf_01000000__01004004___a91ecdeeef__line__000035,pdf_01000000__01004004___a91ecdeeef__scene__001,01004004_盗宗卷.pdf,D:\University_studies\Junior\data_visualization\experiment\final_self\opera_dataset\01000000\01004004_盗宗卷.pdf,01000000/01004004_盗宗卷.pdf,49bfac8f-ad5c-4639-829d-be1bd24f8504,1,【第一场】,35,dialogue,dialogue,张苍,pdf_01000000__01004004___a91ecdeeef__char__f7e0ecae2c,白,白,白,念白,吕后；张苍,"谢国太!且住,人言吕后之酒,实实难饮,待我将酒敬过天地。","张苍（白）谢国太!且住,人言吕后之酒,实实难饮,待我将酒敬过天地。"
pdf_01000000__01004004___a91ecdeeef,盗宗卷,pdf_01000000__01004004___a91ecdeeef__line__000037,pdf_01000000__01004004___a91ecdeeef__scene__001,01004004_盗宗卷.pdf,D:\University_studies\Junior\data_visualization\experiment\final_self\opera_dataset\01000000\01004004_盗宗卷.pdf,01000000/01004004_盗宗卷.pdf,49bfac8f-ad5c-4639-829d-be1bd24f8504,1,【第一场】,37,dialogue,dialogue,张苍,pdf_01000000__01004004___a91ecdeeef__char__f7e0ecae2c,白,白,白,念白,张苍,哎呀!,张苍（白）哎呀!
pdf_01000000__01004004___a91ecdeeef,盗宗卷,pdf_01000000__01004004___a91ecdeeef__line__000037,pdf_01000000__01004004___a91ecdeeef__scene__001,01004004_盗宗卷.pdf,D:\University_studies\Junior\data_visualization\experiment\final_self\opera_dataset\01000000\01004004_盗宗卷.pdf,01000000/01004004_盗宗卷.pdf,49bfac8f-ad5c-4639-829d-be1bd24f8504,1,【第一场】,37,lyric,lyric,陈平,pdf_01000000__01004004___a91ecdeeef__char__48d2ecb259,西皮摇板,唱,西皮摇板,上；唱段,陈平,"金銮殿上红光现,急忙上殿奏君前。","陈平（西皮摇板）金銮殿上红光现,急忙上殿奏君前。"
pdf_01000000__01004004___a91ecdeeef,盗宗卷,pdf_01000000__01004004___a91ecdeeef__line__000037,pdf_01000000__01004004___a91ecdeeef__scene__001,01004004_盗宗卷.pdf,D:\University_studies\Junior\data_visualization\experiment\final_self\opera_dataset\01000000\01004004_盗宗卷.pdf,01000000/01004004_盗宗卷.pdf,49bfac8f-ad5c-4639-829d-be1bd24f8504,1,【第一场】,37,dialogue,dialogue,吕后,pdf_01000000__01004004___a91ecdeeef__char__c17d915cca,白,白,白,念白,吕后,平身。,吕后（白）平身。
pdf_01000000__01004004___a91ecdeeef,盗宗卷,pdf_01000000__01004004___a91ecdeeef__line__000037,pdf_01000000__01004004___a91ecdeeef__scene__001,01004004_盗宗卷.pdf,D:\University_studies\Junior\data_visualization\experiment\final_self\opera_dataset\01000000\01004004_盗宗卷.pdf,01000000/01004004_盗宗卷.pdf,49bfac8f-ad5c-4639-829d-be1bd24f8504,1,【第一场】,37,dialogue,dialogue,陈平,pdf_01000000__01004004___a91ecdeeef__char__48d2ecb259,白,白,白,念白,陈平,千千岁!,陈平（白）千千岁!
pdf_01000000__01004004___a91ecdeeef,盗宗卷,pdf_01000000__01004004___a91ecdeeef__line__000037,pdf_01000000__01004004___a91ecdeeef__scene__001,01004004_盗宗卷.pdf,D:\University_studies\Junior\data_visualization\experiment\final_self\opera_dataset\01000000\01004004_盗宗卷.pdf,01000000/01004004_盗宗卷.pdf,49bfac8f-ad5c-4639-829d-be1bd24f8504,1,【第一场】,37,dialogue,dialogue,吕后,pdf_01000000__01004004___a91ecdeeef__char__c17d915cca,白,白,白,上；念白,吕后,"卿家上殿,有何本奏?","吕后（白）卿家上殿,有何本奏?"
pdf_01000000__01004004___a91ecdeeef,盗宗卷,pdf_01000000__01004004___a91ecdeeef__line__000037,pdf_01000000__01004004___a91ecdeeef__scene__001,01004004_盗宗卷.pdf,D:\University_studies\Junior\data_visualization\experiment\final_self\opera_dataset\01000000\01004004_盗宗卷.pdf,01000000/01004004_盗宗卷.pdf,49bfac8f-ad5c-4639-829d-be1bd24f8504,1,【第一场】,37,dialogue,dialogue,陈平,pdf_01000000__01004004___a91ecdeeef__char__48d2ecb259,白,白,白,上；念白,陈平,"臣见火光一起,特地上殿,保全江山。","陈平（白）臣见火光一起,特地上殿,保全江山。"
pdf_01000000__01004004___a91ecdeeef,盗宗卷,pdf_01000000__01004004___a91ecdeeef__line__000037,pdf_01000000__01004004___a91ecdeeef__scene__001,01004004_盗宗卷.pdf,D:\University_studies\Junior\data_visualization\experiment\final_self\opera_dataset\01000000\01004004_盗宗卷.pdf,01000000/01004004_盗宗卷.pdf,49bfac8f-ad5c-4639-829d-be1bd24f8504,1,【第一场】,37,dialogue,dialogue,吕后,pdf_01000000__01004004___a91ecdeeef__char__c17d915cca,白,白,白,念白,吕后,卿家可知哀家火焚宗卷之事?,吕后（白）卿家可知哀家火焚宗卷之事?
pdf_01000000__01004004___a91ecdeeef,盗宗卷,pdf_01000000__01004004___a91ecdeeef__line__000037,pdf_01000000__01004004___a91ecdeeef__scene__001,01004004_盗宗卷.pdf,D:\University_studies\Junior\data_visualization\experiment\final_self\opera_dataset\01000000\01004004_盗宗卷.pdf,01000000/01004004_盗宗卷.pdf,49bfac8f-ad5c-4639-829d-be1bd24f8504,1,【第一场】,37,dialogue,dialogue,陈平,pdf_01000000__01004004___a91ecdeeef__char__48d2ecb259,白,白,白,念白,陈平,国太莫非要谋汉?,陈平（白）国太莫非要谋汉?
pdf_01000000__01004004___a91ecdeeef,盗宗卷,pdf_01000000__01004004___a91ecdeeef__line__000037,pdf_01000000__01004004___a91ecdeeef__scene__001,01004004_盗宗卷.pdf,D:\University_studies\Junior\data_visualization\experiment\final_self\opera_dataset\01000000\01004004_盗宗卷.pdf,01000000/01004004_盗宗卷.pdf,49bfac8f-ad5c-4639-829d-be1bd24f8504,1,【第一场】,37,dialogue,dialogue,吕后,pdf_01000000__01004004___a91ecdeeef__char__c17d915cca,白,白,白,念白,吕后,"嘿嘿,卿家果有出将入相之才。","吕后（白）嘿嘿,卿家果有出将入相之才。"
pdf_01000000__01004004___a91ecdeeef,盗宗卷,pdf_01000000__01004004___a91ecdeeef__line__000037,pdf_01000000__01004004___a91ecdeeef__scene__001,01004004_盗宗卷.pdf,D:\University_studies\Junior\data_visualization\experiment\final_self\opera_dataset\01000000\01004004_盗宗卷.pdf,01000000/01004004_盗宗卷.pdf,49bfac8f-ad5c-4639-829d-be1bd24f8504,1,【第一场】,37,dialogue,dialogue,陈平,pdf_01000000__01004004___a91ecdeeef__char__48d2ecb259,白,白,白,念白,陈平,谢国太。,陈平（白）谢国太。
pdf_01000000__01004004___a91ecdeeef,盗宗卷,pdf_01000000__01004004___a91ecdeeef__line__000037,pdf_01000000__01004004___a91ecdeeef__scene__001,01004004_盗宗卷.pdf,D:\University_studies\Junior\data_visualization\experiment\final_self\opera_dataset\01000000\01004004_盗宗卷.pdf,01000000/01004004_盗宗卷.pdf,49bfac8f-ad5c-4639-829d-be1bd24f8504,1,【第一场】,37,dialogue,dialogue,吕后,pdf_01000000__01004004___a91ecdeeef__char__c17d915cca,白,白,白,退；念白,吕后,退班。,吕后（白）退班。
pdf_01000000__01004004___a91ecdeeef,盗宗卷,pdf_01000000__01004004___a91ecdeeef__line__000037,pdf_01000000__01004004___a91ecdeeef__scene__001,01004004_盗宗卷.pdf,D:\University_studies\Junior\data_visualization\experiment\final_self\opera_dataset\01000000\01004004_盗宗卷.pdf,01000000/01004004_盗宗卷.pdf,49bfac8f-ad5c-4639-829d-be1bd24f8504,1,【第一场】,37,dialogue,dialogue,陈平,pdf_01000000__01004004___a91ecdeeef__char__48d2ecb259,白,白,白,念白,陈平,呵呵!,陈平（白）呵呵!
pdf_01000000__01004004___a91ecdeeef,盗宗卷,pdf_01000000__01004004___a91ecdeeef__line__000037,pdf_01000000__01004004___a91ecdeeef__scene__001,01004004_盗宗卷.pdf,D:\University_studies\Junior\data_visualization\experiment\final_self\opera_dataset\01000000\01004004_盗宗卷.pdf,01000000/01004004_盗宗卷.pdf,49bfac8f-ad5c-4639-829d-be1bd24f8504,1,【第一场】,37,dialogue,dialogue,张苍,pdf_01000000__01004004___a91ecdeeef__char__f7e0ecae2c,白,白,白,看；念白,张苍,只因国太要看。,张苍（白）只因国太要看。
pdf_01000000__01004004___a91ecdeeef,盗宗卷,pdf_01000000__01004004___a91ecdeeef__line__000037,pdf_01000000__01004004___a91ecdeeef__scene__001,01004004_盗宗卷.pdf,D:\University_studies\Junior\data_visualization\experiment\final_self\opera_dataset\01000000\01004004_盗宗卷.pdf,01000000/01004004_盗宗卷.pdf,49bfac8f-ad5c-4639-829d-be1bd24f8504,1,【第一场】,37,dialogue,dialogue,陈平,pdf_01000000__01004004___a91ecdeeef__char__48d2ecb259,白,白,白,念白,陈平,呀呀呸!,陈平（白）呀呀呸!
pdf_01000000__01004004___a91ecdeeef,盗宗卷,pdf_01000000__01004004___a91ecdeeef__line__000037,pdf_01000000__01004004___a91ecdeeef__scene__001,01004004_盗宗卷.pdf,D:\University_studies\Junior\data_visualization\experiment\final_self\opera_dataset\01000000\01004004_盗宗卷.pdf,01000000/01004004_盗宗卷.pdf,49bfac8f-ad5c-4639-829d-be1bd24f8504,1,【第一场】,37,dialogue,dialogue,张苍,pdf_01000000__01004004___a91ecdeeef__char__f7e0ecae2c,白,白,白,念白,张苍,哎呀!,张苍（白）哎呀!
pdf_01000000__01004004___a91ecdeeef,盗宗卷,pdf_01000000__01004004___a91ecdeeef__line__000041,pdf_01000000__01004004___a91ecdeeef__scene__002,01004004_盗宗卷.pdf,D:\University_studies\Junior\data_visualization\experiment\final_self\opera_dataset\01000000\01004004_盗宗卷.pdf,01000000/01004004_盗宗卷.pdf,49bfac8f-ad5c-4639-829d-be1bd24f8504,2,【第二场】,41,stage_direction,stage_direction,,,小锣。田子春上。,做,小锣。田子春上。,上,田子春,,（小锣。田子春上。）
pdf_01000000__01004004___a91ecdeeef,盗宗卷,pdf_01000000__01004004___a91ecdeeef__line__000043,pdf_01000000__01004004___a91ecdeeef__scene__002,01004004_盗宗卷.pdf,D:\University_studies\Junior\data_visualization\experiment\final_self\opera_dataset\01000000\01004004_盗宗卷.pdf,01000000/01004004_盗宗卷.pdf,49bfac8f-ad5c-4639-829d-be1bd24f8504,2,【第二场】,43,lyric,lyric,田子春,pdf_01000000__01004004___a91ecdeeef__char__138e569484,西皮摇板,唱,西皮摇板,道；唱段,田子春,"道家模样改装扮,不分昼夜往长安。","田子春（西皮摇板）道家模样改装扮,不分昼夜往长安。"
pdf_01000000__01004004___a91ecdeeef,盗宗卷,pdf_01000000__01004004___a91ecdeeef__line__000045,pdf_01000000__01004004___a91ecdeeef__scene__002,01004004_盗宗卷.pdf,D:\University_studies\Junior\data_visualization\experiment\final_self\opera_dataset\01000000\01004004_盗宗卷.pdf,01000000/01004004_盗宗卷.pdf,49bfac8f-ad5c-4639-829d-be1bd24f8504,2,【第二场】,45,narration,narration,,,,说明,,,汗马功劳今何在,汗马功劳今何在，,汗马功劳今何在，
pdf_01000000__01004004___a91ecdeeef,盗宗卷,pdf_01000000__01004004___a91ecdeeef__line__000047,pdf_01000000__01004004___a91ecdeeef__scene__002,01004004_盗宗卷.pdf,D:\University_studies\Junior\data_visualization\experiment\final_self\opera_dataset\01000000\01004004_盗宗卷.pdf,01000000/01004004_盗宗卷.pdf,49bfac8f-ad5c-4639-829d-be1bd24f8504,2,【第二场】,47,narration,narration,,,,说明,,下,为国忠良无；场,为国忠良无下场。,为国忠良无下场。
pdf_01000000__01004004___a91ecdeeef,盗宗卷,pdf_01000000__01004004___a91ecdeeef__line__000049,pdf_01000000__01004004___a91ecdeeef__scene__002,01004004_盗宗卷.pdf,D:\University_studies\Junior\data_visualization\experiment\final_self\opera_dataset\01000000\01004004_盗宗卷.pdf,01000000/01004004_盗宗卷.pdf,49bfac8f-ad5c-4639-829d-be1bd24f8504,2,【第二场】,49,stage_direction,stage_direction,,,田子春下。,做,田子春下。,下,田子春,,（田子春下。）
pdf_01000000__01004004___a91ecdeeef,盗宗卷,pdf_01000000__01004004___a91ecdeeef__line__000053,pdf_01000000__01004004___a91ecdeeef__scene__003,01004004_盗宗卷.pdf,D:\University_studies\Junior\data_visualization\experiment\final_self\opera_dataset\01000000\01004004_盗宗卷.pdf,01000000/01004004_盗宗卷.pdf,49bfac8f-ad5c-4639-829d-be1bd24f8504,3,【第三场】,53,dialogue,dialogue,陈平,pdf_01000000__01004004___a91ecdeeef__char__48d2ecb259,白,白,白,上；来；看；念白,陈平,"老夫陈平。只因国太在金殿之上,火焚宗卷,莫非淮河有人前来盗卷,不免在八卦之中,查看明白。来,看香案伺侯。","陈平（白）老夫陈平。只因国太在金殿之上,火焚宗卷,莫非淮河有人前来盗卷,不免在八卦之中,查看明白。来,看香案伺侯。"
pdf_01000000__01004004___a91ecdeeef,盗宗卷,pdf_01000000__01004004___a91ecdeeef__line__000053,pdf_01000000__01004004___a91ecdeeef__scene__003,01004004_盗宗卷.pdf,D:\University_studies\Junior\data_visualization\experiment\final_self\opera_dataset\01000000\01004004_盗宗卷.pdf,01000000/01004004_盗宗卷.pdf,49bfac8f-ad5c-4639-829d-be1bd24f8504,3,【第三场】,53,dialogue,dialogue,陈平,pdf_01000000__01004004___a91ecdeeef__char__48d2ecb259,念,念,念,,田子春；陈平,"十字口内吞,了字加一横。三人间一日,凑成田子春。","陈平（念）十字口内吞,了字加一横。三人间一日,凑成田子春。"
pdf_01000000__01004004___a91ecdeeef,盗宗卷,pdf_01000000__01004004___a91ecdeeef__line__000053,pdf_01000000__01004004___a91ecdeeef__scene__003,01004004_盗宗卷.pdf,D:\University_studies\Junior\data_visualization\experiment\final_self\opera_dataset\01000000\01004004_盗宗卷.pdf,01000000/01004004_盗宗卷.pdf,49bfac8f-ad5c-4639-829d-be1bd24f8504,3,【第三场】,53,dialogue,dialogue,院子,pdf_01000000__01004004___a91ecdeeef__char__b255eb4e9b,白,白,白,上；走；收；念白,院子,夜不收走上。,院子（白）夜不收走上。
pdf_01000000__01004004___a91ecdeeef,盗宗卷,pdf_01000000__01004004___a91ecdeeef__line__000053,pdf_01000000__01004004___a91ecdeeef__scene__003,01004004_盗宗卷.pdf,D:\University_studies\Junior\data_visualization\experiment\final_self\opera_dataset\01000000\01004004_盗宗卷.pdf,01000000/01004004_盗宗卷.pdf,49bfac8f-ad5c-4639-829d-be1bd24f8504,3,【第三场】,53,dialogue,dialogue,衙役甲,pdf_01000000__01004004___a91ecdeeef__char__5c7a6ab0be,念,念,念,,衙役甲,"人平不语,","衙役甲（念）人平不语,"
pdf_01000000__01004004___a91ecdeeef,盗宗卷,pdf_01000000__01004004___a91ecdeeef__line__000053,pdf_01000000__01004004___a91ecdeeef__scene__003,01004004_盗宗卷.pdf,D:\University_studies\Junior\data_visualization\experiment\final_self\opera_dataset\01000000\01004004_盗宗卷.pdf,01000000/01004004_盗宗卷.pdf,49bfac8f-ad5c-4639-829d-be1bd24f8504,3,【第三场】,53,dialogue,dialogue,衙役乙,pdf_01000000__01004004___a91ecdeeef__char__384c2cbcbf,念,念,念,,衙役乙,水平不流。,衙役乙（念）水平不流。
pdf_01000000__01004004___a91ecdeeef,盗宗卷,pdf_01000000__01004004___a91ecdeeef__line__000053,pdf_01000000__01004004___a91ecdeeef__scene__003,01004004_盗宗卷.pdf,D:\University_studies\Junior\data_visualization\experiment\final_self\opera_dataset\01000000\01004004_盗宗卷.pdf,01000000/01004004_盗宗卷.pdf,49bfac8f-ad5c-4639-829d-be1bd24f8504,3,【第三场】,53,dialogue,dialogue,衙役甲,pdf_01000000__01004004___a91ecdeeef__char__5c7a6ab0be,念,念,念,唤,衙役甲,"相爷呼唤,","衙役甲（念）相爷呼唤,"
pdf_01000000__01004004___a91ecdeeef,盗宗卷,pdf_01000000__01004004___a91ecdeeef__line__000053,pdf_01000000__01004004___a91ecdeeef__scene__003,01004004_盗宗卷.pdf,D:\University_studies\Junior\data_visualization\experiment\final_self\opera_dataset\01000000\01004004_盗宗卷.pdf,01000000/01004004_盗宗卷.pdf,49bfac8f-ad5c-4639-829d-be1bd24f8504,3,【第三场】,53,dialogue,dialogue,衙役乙,pdf_01000000__01004004___a91ecdeeef__char__384c2cbcbf,念,念,念,,衙役乙,急忙叩头。,衙役乙（念）急忙叩头。
pdf_01000000__01004004___a91ecdeeef,盗宗卷,pdf_01000000__01004004___a91ecdeeef__line__000053,pdf_01000000__01004004___a91ecdeeef__scene__003,01004004_盗宗卷.pdf,D:\University_studies\Junior\data_visualization\experiment\final_self\opera_dataset\01000000\01004004_盗宗卷.pdf,01000000/01004004_盗宗卷.pdf,49bfac8f-ad5c-4639-829d-be1bd24f8504,3,【第三场】,53,dialogue,dialogue,陈平,pdf_01000000__01004004___a91ecdeeef__char__48d2ecb259,白,白,白,念白,陈平,罢了。,陈平（白）罢了。
pdf_01000000__01004004___a91ecdeeef,盗宗卷,pdf_01000000__01004004___a91ecdeeef__line__000053,pdf_01000000__01004004___a91ecdeeef__scene__003,01004004_盗宗卷.pdf,D:\University_studies\Junior\data_visualization\experiment\final_self\opera_dataset\01000000\01004004_盗宗卷.pdf,01000000/01004004_盗宗卷.pdf,49bfac8f-ad5c-4639-829d-be1bd24f8504,3,【第三场】,53,dialogue,dialogue,二衙役,pdf_01000000__01004004___a91ecdeeef__char__a1baa6b168,同白,白,同白,唤；念白,二衙役,"呼唤小人,有何吩咐?","二衙役（同白）呼唤小人,有何吩咐?"
pdf_01000000__01004004___a91ecdeeef,盗宗卷,pdf_01000000__01004004___a91ecdeeef__line__000053,pdf_01000000__01004004___a91ecdeeef__scene__003,01004004_盗宗卷.pdf,D:\University_studies\Junior\data_visualization\experiment\final_self\opera_dataset\01000000\01004004_盗宗卷.pdf,01000000/01004004_盗宗卷.pdf,49bfac8f-ad5c-4639-829d-be1bd24f8504,3,【第三场】,53,dialogue,dialogue,陈平,pdf_01000000__01004004___a91ecdeeef__char__48d2ecb259,白,白,白,上；来；去；问；命；道；拿；念白,陈平,"命尔等手拿灯亮火把,去到大街之上,说道:“会犯夜的前来犯夜,不会犯夜的不要犯夜,若是犯了夜,先见都御史陈爷,然后发到有司衙门审问。”","陈平（白）命尔等手拿灯亮火把,去到大街之上,说道:“会犯夜的前来犯夜,不会犯夜的不要犯夜,若是犯了夜,先见都御史陈爷,然后发到有司衙门审问。”"
pdf_01000000__01004004___a91ecdeeef,盗宗卷,pdf_01000000__01004004___a91ecdeeef__line__000053,pdf_01000000__01004004___a91ecdeeef__scene__003,01004004_盗宗卷.pdf,D:\University_studies\Junior\data_visualization\experiment\final_self\opera_dataset\01000000\01004004_盗宗卷.pdf,01000000/01004004_盗宗卷.pdf,49bfac8f-ad5c-4639-829d-be1bd24f8504,3,【第三场】,53,dialogue,dialogue,二衙役,pdf_01000000__01004004___a91ecdeeef__char__a1baa6b168,同白,白,同白,来；叫；念白,二衙役,"启相爷:古来只有惧犯夜,哪有掌灯亮叫人犯夜之理?","二衙役（同白）启相爷:古来只有惧犯夜,哪有掌灯亮叫人犯夜之理?"
pdf_01000000__01004004___a91ecdeeef,盗宗卷,pdf_01000000__01004004___a91ecdeeef__line__000053,pdf_01000000__01004004___a91ecdeeef__scene__003,01004004_盗宗卷.pdf,D:\University_studies\Junior\data_visualization\experiment\final_self\opera_dataset\01000000\01004004_盗宗卷.pdf,01000000/01004004_盗宗卷.pdf,49bfac8f-ad5c-4639-829d-be1bd24f8504,3,【第三场】,53,dialogue,dialogue,陈平,pdf_01000000__01004004___a91ecdeeef__char__48d2ecb259,白,白,白,去；念白,陈平,"唔,还不快去!","陈平（白）唔,还不快去!"
pdf_01000000__01004004___a91ecdeeef,盗宗卷,pdf_01000000__01004004___a91ecdeeef__line__000053,pdf_01000000__01004004___a91ecdeeef__scene__003,01004004_盗宗卷.pdf,D:\University_studies\Junior\data_visualization\experiment\final_self\opera_dataset\01000000\01004004_盗宗卷.pdf,01000000/01004004_盗宗卷.pdf,49bfac8f-ad5c-4639-829d-be1bd24f8504,3,【第三场】,53,dialogue,dialogue,衙役乙,pdf_01000000__01004004___a91ecdeeef__char__384c2cbcbf,白,白,白,进；去；看；念白,衙役乙,"相爷改差进去了。吓,伙计,你看我家相爷,有点老糊涂了。","衙役乙（白）相爷改差进去了。吓,伙计,你看我家相爷,有点老糊涂了。"
pdf_01000000__01004004___a91ecdeeef,盗宗卷,pdf_01000000__01004004___a91ecdeeef__line__000053,pdf_01000000__01004004___a91ecdeeef__scene__003,01004004_盗宗卷.pdf,D:\University_studies\Junior\data_visualization\experiment\final_self\opera_dataset\01000000\01004004_盗宗卷.pdf,01000000/01004004_盗宗卷.pdf,49bfac8f-ad5c-4639-829d-be1bd24f8504,3,【第三场】,53,dialogue,dialogue,衙役甲,pdf_01000000__01004004___a91ecdeeef__char__5c7a6ab0be,白,白,白,念白,衙役甲,怎么着?,衙役甲（白）怎么着?
pdf_01000000__01004004___a91ecdeeef,盗宗卷,pdf_01000000__01004004___a91ecdeeef__line__000053,pdf_01000000__01004004___a91ecdeeef__scene__003,01004004_盗宗卷.pdf,D:\University_studies\Junior\data_visualization\experiment\final_self\opera_dataset\01000000\01004004_盗宗卷.pdf,01000000/01004004_盗宗卷.pdf,49bfac8f-ad5c-4639-829d-be1bd24f8504,3,【第三场】,53,dialogue,dialogue,衙役乙,pdf_01000000__01004004___a91ecdeeef__char__384c2cbcbf,白,白,白,叫；念白,衙役乙,哪有掌灯叫人犯夜之理?,衙役乙（白）哪有掌灯叫人犯夜之理?
pdf_01000000__01004004___a91ecdeeef,盗宗卷,pdf_01000000__01004004___a91ecdeeef__line__000053,pdf_01000000__01004004___a91ecdeeef__scene__003,01004004_盗宗卷.pdf,D:\University_studies\Junior\data_visualization\experiment\final_self\opera_dataset\01000000\01004004_盗宗卷.pdf,01000000/01004004_盗宗卷.pdf,49bfac8f-ad5c-4639-829d-be1bd24f8504,3,【第三场】,53,dialogue,dialogue,衙役甲,pdf_01000000__01004004___a91ecdeeef__char__5c7a6ab0be,白,白,白,念白,衙役甲,"也不要管他糊涂不糊涂,拉他几个就结了。","衙役甲（白）也不要管他糊涂不糊涂,拉他几个就结了。"
pdf_01000000__01004004___a91ecdeeef,盗宗卷,pdf_01000000__01004004___a91ecdeeef__line__000053,pdf_01000000__01004004___a91ecdeeef__scene__003,01004004_盗宗卷.pdf,D:\University_studies\Junior\data_visualization\experiment\final_self\opera_dataset\01000000\01004004_盗宗卷.pdf,01000000/01004004_盗宗卷.pdf,49bfac8f-ad5c-4639-829d-be1bd24f8504,3,【第三场】,53,dialogue,dialogue,衙役乙,pdf_01000000__01004004___a91ecdeeef__char__384c2cbcbf,白,白,白,请；念白,衙役乙,有理。请。,衙役乙（白）有理。请。
pdf_01000000__01004004___a91ecdeeef,盗宗卷,pdf_01000000__01004004___a91ecdeeef__line__000053,pdf_01000000__01004004___a91ecdeeef__scene__003,01004004_盗宗卷.pdf,D:\University_studies\Junior\data_visualization\experiment\final_self\opera_dataset\01000000\01004004_盗宗卷.pdf,01000000/01004004_盗宗卷.pdf,49bfac8f-ad5c-4639-829d-be1bd24f8504,3,【第三场】,53,lyric,lyric,田子春,pdf_01000000__01004004___a91ecdeeef__char__138e569484,西皮摇板,唱,西皮摇板,来；唱段,田子春,"行来不觉天色晚,冷冷清清到长安,","田子春（西皮摇板）行来不觉天色晚,冷冷清清到长安,"
pdf_01000000__01004004___a91ecdeeef,盗宗卷,pdf_01000000__01004004___a91ecdeeef__line__000053,pdf_01000000__01004004___a91ecdeeef__scene__003,01004004_盗宗卷.pdf,D:\University_studies\Junior\data_visualization\experiment\final_self\opera_dataset\01000000\01004004_盗宗卷.pdf,01000000/01004004_盗宗卷.pdf,49bfac8f-ad5c-4639-829d-be1bd24f8504,3,【第三场】,53,dialogue,dialogue,二衙役,pdf_01000000__01004004___a91ecdeeef__char__a1baa6b168,同白,白,同白,问；念白,二衙役,"哇,诸位听者:会犯夜就犯夜,不会犯夜不要犯夜,若犯了夜,先见都御史陈爷,然后发到有司衙门审问!","二衙役（同白）哇,诸位听者:会犯夜就犯夜,不会犯夜不要犯夜,若犯了夜,先见都御史陈爷,然后发到有司衙门审问!"
pdf_01000000__01004004___a91ecdeeef,盗宗卷,pdf_01000000__01004004___a91ecdeeef__line__000053,pdf_01000000__01004004___a91ecdeeef__scene__003,01004004_盗宗卷.pdf,D:\University_studies\Junior\data_visualization\experiment\final_self\opera_dataset\01000000\01004004_盗宗卷.pdf,01000000/01004004_盗宗卷.pdf,49bfac8f-ad5c-4639-829d-be1bd24f8504,3,【第三场】,53,dialogue,dialogue,田子春,pdf_01000000__01004004___a91ecdeeef__char__138e569484,白,白,白,上；去；叫；念白,田子春；陈平,"吓,世上只有惧犯夜,哪有点灯火把叫人犯夜之理?唔,不知这都御史是谁?哦,莫非又是陈平?这老儿巧计多端,我到要去领他一领,趁此将计就计。","田子春（白）吓,世上只有惧犯夜,哪有点灯火把叫人犯夜之理?唔,不知这都御史是谁?哦,莫非又是陈平?这老儿巧计多端,我到要去领他一领,趁此将计就计。"
pdf_01000000__01004004___a91ecdeeef,盗宗卷,pdf_01000000__01004004___a91ecdeeef__line__000053,pdf_01000000__01004004___a91ecdeeef__scene__003,01004004_盗宗卷.pdf,D:\University_studies\Junior\data_visualization\experiment\final_self\opera_dataset\01000000\01004004_盗宗卷.pdf,01000000/01004004_盗宗卷.pdf,49bfac8f-ad5c-4639-829d-be1bd24f8504,3,【第三场】,53,dialogue,dialogue,衙役乙,pdf_01000000__01004004___a91ecdeeef__char__384c2cbcbf,白,白,白,来；念白,衙役乙,"哙,犯夜的快来吓!","衙役乙（白）哙,犯夜的快来吓!"
pdf_01000000__01004004___a91ecdeeef,盗宗卷,pdf_01000000__01004004___a91ecdeeef__line__000053,pdf_01000000__01004004___a91ecdeeef__scene__003,01004004_盗宗卷.pdf,D:\University_studies\Junior\data_visualization\experiment\final_self\opera_dataset\01000000\01004004_盗宗卷.pdf,01000000/01004004_盗宗卷.pdf,49bfac8f-ad5c-4639-829d-be1bd24f8504,3,【第三场】,53,dialogue,dialogue,田子春,pdf_01000000__01004004___a91ecdeeef__char__138e569484,白,白,白,来；念白,田子春,"众位,我是远方来的,又无亲友,又无宿店,我倒要犯夜。","田子春（白）众位,我是远方来的,又无亲友,又无宿店,我倒要犯夜。"
pdf_01000000__01004004___a91ecdeeef,盗宗卷,pdf_01000000__01004004___a91ecdeeef__line__000053,pdf_01000000__01004004___a91ecdeeef__scene__003,01004004_盗宗卷.pdf,D:\University_studies\Junior\data_visualization\experiment\final_self\opera_dataset\01000000\01004004_盗宗卷.pdf,01000000/01004004_盗宗卷.pdf,49bfac8f-ad5c-4639-829d-be1bd24f8504,3,【第三场】,53,dialogue,dialogue,衙役乙,pdf_01000000__01004004___a91ecdeeef__char__384c2cbcbf,白,白,白,去；念白,衙役乙,带你去见我家老爷。,衙役乙（白）带你去见我家老爷。
pdf_01000000__01004004___a91ecdeeef,盗宗卷,pdf_01000000__01004004___a91ecdeeef__line__000053,pdf_01000000__01004004___a91ecdeeef__scene__003,01004004_盗宗卷.pdf,D:\University_studies\Junior\data_visualization\experiment\final_self\opera_dataset\01000000\01004004_盗宗卷.pdf,01000000/01004004_盗宗卷.pdf,49bfac8f-ad5c-4639-829d-be1bd24f8504,3,【第三场】,53,dialogue,dialogue,田子春,pdf_01000000__01004004___a91ecdeeef__char__138e569484,白,白,白,念白,田子春；陈平,敢是陈平?,田子春（白）敢是陈平?
pdf_01000000__01004004___a91ecdeeef,盗宗卷,pdf_01000000__01004004___a91ecdeeef__line__000053,pdf_01000000__01004004___a91ecdeeef__scene__003,01004004_盗宗卷.pdf,D:\University_studies\Junior\data_visualization\experiment\final_self\opera_dataset\01000000\01004004_盗宗卷.pdf,01000000/01004004_盗宗卷.pdf,49bfac8f-ad5c-4639-829d-be1bd24f8504,3,【第三场】,53,dialogue,dialogue,衙役甲,pdf_01000000__01004004___a91ecdeeef__char__5c7a6ab0be,白,白,白,叫；念白,衙役甲,"掌嘴!你是何人,敢叫我家相爷的名讳!","衙役甲（白）掌嘴!你是何人,敢叫我家相爷的名讳!"
pdf_01000000__01004004___a91ecdeeef,盗宗卷,pdf_01000000__01004004___a91ecdeeef__line__000053,pdf_01000000__01004004___a91ecdeeef__scene__003,01004004_盗宗卷.pdf,D:\University_studies\Junior\data_visualization\experiment\final_self\opera_dataset\01000000\01004004_盗宗卷.pdf,01000000/01004004_盗宗卷.pdf,49bfac8f-ad5c-4639-829d-be1bd24f8504,3,【第三场】,53,dialogue,dialogue,田子春,pdf_01000000__01004004___a91ecdeeef__char__138e569484,白,白,白,打；念白,田子春,"不要打不要打,我是你家相爷的外甥。","田子春（白）不要打不要打,我是你家相爷的外甥。"
pdf_01000000__01004004___a91ecdeeef,盗宗卷,pdf_01000000__01004004___a91ecdeeef__line__000053,pdf_01000000__01004004___a91ecdeeef__scene__003,01004004_盗宗卷.pdf,D:\University_studies\Junior\data_visualization\experiment\final_self\opera_dataset\01000000\01004004_盗宗卷.pdf,01000000/01004004_盗宗卷.pdf,49bfac8f-ad5c-4639-829d-be1bd24f8504,3,【第三场】,53,dialogue,dialogue,衙役乙,pdf_01000000__01004004___a91ecdeeef__char__384c2cbcbf,白,白,白,去；念白,衙役乙,"也不管外甥不外甥,带他去见我家相爷。","衙役乙（白）也不管外甥不外甥,带他去见我家相爷。"
pdf_01000000__01004004___a91ecdeeef,盗宗卷,pdf_01000000__01004004___a91ecdeeef__line__000053,pdf_01000000__01004004___a91ecdeeef__scene__003,01004004_盗宗卷.pdf,D:\University_studies\Junior\data_visualization\experiment\final_self\opera_dataset\01000000\01004004_盗宗卷.pdf,01000000/01004004_盗宗卷.pdf,49bfac8f-ad5c-4639-829d-be1bd24f8504,3,【第三场】,53,dialogue,dialogue,陈平,pdf_01000000__01004004___a91ecdeeef__char__48d2ecb259,念,念,念,,陈平,"只因焚化宗卷事,老夫昼夜把心耽。","陈平（念）只因焚化宗卷事,老夫昼夜把心耽。"
pdf_01000000__01004004___a91ecdeeef,盗宗卷,pdf_01000000__01004004___a91ecdeeef__line__000053,pdf_01000000__01004004___a91ecdeeef__scene__003,01004004_盗宗卷.pdf,D:\University_studies\Junior\data_visualization\experiment\final_self\opera_dataset\01000000\01004004_盗宗卷.pdf,01000000/01004004_盗宗卷.pdf,49bfac8f-ad5c-4639-829d-be1bd24f8504,3,【第三场】,53,dialogue,dialogue,二衙役,pdf_01000000__01004004___a91ecdeeef__char__a1baa6b168,同白,白,同白,禀；拿；念白,二衙役,禀相爷:小人们拿住了一个犯夜的。,二衙役（同白）禀相爷:小人们拿住了一个犯夜的。
pdf_01000000__01004004___a91ecdeeef,盗宗卷,pdf_01000000__01004004___a91ecdeeef__line__000053,pdf_01000000__01004004___a91ecdeeef__scene__003,01004004_盗宗卷.pdf,D:\University_studies\Junior\data_visualization\experiment\final_self\opera_dataset\01000000\01004004_盗宗卷.pdf,01000000/01004004_盗宗卷.pdf,49bfac8f-ad5c-4639-829d-be1bd24f8504,3,【第三场】,53,dialogue,dialogue,陈平,pdf_01000000__01004004___a91ecdeeef__char__48d2ecb259,白,白,白,念白,陈平,哦。,陈平（白）哦。
pdf_01000000__01004004___a91ecdeeef,盗宗卷,pdf_01000000__01004004___a91ecdeeef__line__000053,pdf_01000000__01004004___a91ecdeeef__scene__003,01004004_盗宗卷.pdf,D:\University_studies\Junior\data_visualization\experiment\final_self\opera_dataset\01000000\01004004_盗宗卷.pdf,01000000/01004004_盗宗卷.pdf,49bfac8f-ad5c-4639-829d-be1bd24f8504,3,【第三场】,53,dialogue,dialogue,二衙役,pdf_01000000__01004004___a91ecdeeef__char__a1baa6b168,同白,白,同白,来；念白,二衙役,"来,见过相爷。","二衙役（同白）来,见过相爷。"
pdf_01000000__01004004___a91ecdeeef,盗宗卷,pdf_01000000__01004004___a91ecdeeef__line__000053,pdf_01000000__01004004___a91ecdeeef__scene__003,01004004_盗宗卷.pdf,D:\University_studies\Junior\data_visualization\experiment\final_self\opera_dataset\01000000\01004004_盗宗卷.pdf,01000000/01004004_盗宗卷.pdf,49bfac8f-ad5c-4639-829d-be1bd24f8504,3,【第三场】,53,dialogue,dialogue,田子春,pdf_01000000__01004004___a91ecdeeef__char__138e569484,白,白,白,念白,田子春,"是是是。哈哈哈,好醉吓好醉!","田子春（白）是是是。哈哈哈,好醉吓好醉!"
pdf_01000000__01004004___a91ecdeeef,盗宗卷,pdf_01000000__01004004___a91ecdeeef__line__000053,pdf_01000000__01004004___a91ecdeeef__scene__003,01004004_盗宗卷.pdf,D:\University_studies\Junior\data_visualization\experiment\final_self\opera_dataset\01000000\01004004_盗宗卷.pdf,01000000/01004004_盗宗卷.pdf,49bfac8f-ad5c-4639-829d-be1bd24f8504,3,【第三场】,53,dialogue,dialogue,二衙役,pdf_01000000__01004004___a91ecdeeef__char__a1baa6b168,同白,白,同白,念白,二衙役,他说是相爷的外甥。,二衙役（同白）他说是相爷的外甥。
pdf_01000000__01004004___a91ecdeeef,盗宗卷,pdf_01000000__01004004___a91ecdeeef__line__000053,pdf_01000000__01004004___a91ecdeeef__scene__003,01004004_盗宗卷.pdf,D:\University_studies\Junior\data_visualization\experiment\final_self\opera_dataset\01000000\01004004_盗宗卷.pdf,01000000/01004004_盗宗卷.pdf,49bfac8f-ad5c-4639-829d-be1bd24f8504,3,【第三场】,53,dialogue,dialogue,陈平,pdf_01000000__01004004___a91ecdeeef__char__48d2ecb259,白,白,白,下；念白,陈平,"唔,皇子犯法,与庶民同罪,尔等有功之人,下面领赏。","陈平（白）唔,皇子犯法,与庶民同罪,尔等有功之人,下面领赏。"
pdf_01000000__01004004___a91ecdeeef,盗宗卷,pdf_01000000__01004004___a91ecdeeef__line__000053,pdf_01000000__01004004___a91ecdeeef__scene__003,01004004_盗宗卷.pdf,D:\University_studies\Junior\data_visualization\experiment\final_self\opera_dataset\01000000\01004004_盗宗卷.pdf,01000000/01004004_盗宗卷.pdf,49bfac8f-ad5c-4639-829d-be1bd24f8504,3,【第三场】,53,dialogue,dialogue,二衙役,pdf_01000000__01004004___a91ecdeeef__char__a1baa6b168,同白,白,同白,下；打；念白,二衙役,"谢相爷,他还被小人们打了几下。","二衙役（同白）谢相爷,他还被小人们打了几下。"
pdf_01000000__01004004___a91ecdeeef,盗宗卷,pdf_01000000__01004004___a91ecdeeef__line__000053,pdf_01000000__01004004___a91ecdeeef__scene__003,01004004_盗宗卷.pdf,D:\University_studies\Junior\data_visualization\experiment\final_self\opera_dataset\01000000\01004004_盗宗卷.pdf,01000000/01004004_盗宗卷.pdf,49bfac8f-ad5c-4639-829d-be1bd24f8504,3,【第三场】,53,dialogue,dialogue,陈平,pdf_01000000__01004004___a91ecdeeef__char__48d2ecb259,白,白,白,下；来；去；传；打；念白,陈平,"我把你这两个狗才,相爷的外甥,岂是尔等打的么!来,传长班扯下去打。","陈平（白）我把你这两个狗才,相爷的外甥,岂是尔等打的么!来,传长班扯下去打。"
pdf_01000000__01004004___a91ecdeeef,盗宗卷,pdf_01000000__01004004___a91ecdeeef__line__000053,pdf_01000000__01004004___a91ecdeeef__scene__003,01004004_盗宗卷.pdf,D:\University_studies\Junior\data_visualization\experiment\final_self\opera_dataset\01000000\01004004_盗宗卷.pdf,01000000/01004004_盗宗卷.pdf,49bfac8f-ad5c-4639-829d-be1bd24f8504,3,【第三场】,53,dialogue,dialogue,田子春,pdf_01000000__01004004___a91ecdeeef__char__138e569484,白,白,白,念白,田子春,"唔,好醉。","田子春（白）唔,好醉。"
pdf_01000000__01004004___a91ecdeeef,盗宗卷,pdf_01000000__01004004___a91ecdeeef__line__000053,pdf_01000000__01004004___a91ecdeeef__scene__003,01004004_盗宗卷.pdf,D:\University_studies\Junior\data_visualization\experiment\final_self\opera_dataset\01000000\01004004_盗宗卷.pdf,01000000/01004004_盗宗卷.pdf,49bfac8f-ad5c-4639-829d-be1bd24f8504,3,【第三场】,53,dialogue,dialogue,陈平,pdf_01000000__01004004___a91ecdeeef__char__48d2ecb259,白,白,白,看；念白,陈平,"看他一点酒气没有,自言好醉。吓,那旁敢是田?","陈平（白）看他一点酒气没有,自言好醉。吓,那旁敢是田?"
pdf_01000000__01004004___a91ecdeeef,盗宗卷,pdf_01000000__01004004___a91ecdeeef__line__000053,pdf_01000000__01004004___a91ecdeeef__scene__003,01004004_盗宗卷.pdf,D:\University_studies\Junior\data_visualization\experiment\final_self\opera_dataset\01000000\01004004_盗宗卷.pdf,01000000/01004004_盗宗卷.pdf,49bfac8f-ad5c-4639-829d-be1bd24f8504,3,【第三场】,53,dialogue,dialogue,田子春,pdf_01000000__01004004___a91ecdeeef__char__138e569484,白,白,白,念白,田子春,这厢敢是陈?,田子春（白）这厢敢是陈?
pdf_01000000__01004004___a91ecdeeef,盗宗卷,pdf_01000000__01004004___a91ecdeeef__line__000053,pdf_01000000__01004004___a91ecdeeef__scene__003,01004004_盗宗卷.pdf,D:\University_studies\Junior\data_visualization\experiment\final_self\opera_dataset\01000000\01004004_盗宗卷.pdf,01000000/01004004_盗宗卷.pdf,49bfac8f-ad5c-4639-829d-be1bd24f8504,3,【第三场】,53,dialogue,dialogue,陈平,pdf_01000000__01004004___a91ecdeeef__char__48d2ecb259,白,白,白,念白,陈平,田大人。,陈平（白）田大人。
pdf_01000000__01004004___a91ecdeeef,盗宗卷,pdf_01000000__01004004___a91ecdeeef__line__000053,pdf_01000000__01004004___a91ecdeeef__scene__003,01004004_盗宗卷.pdf,D:\University_studies\Junior\data_visualization\experiment\final_self\opera_dataset\01000000\01004004_盗宗卷.pdf,01000000/01004004_盗宗卷.pdf,49bfac8f-ad5c-4639-829d-be1bd24f8504,3,【第三场】,53,dialogue,dialogue,田子春,pdf_01000000__01004004___a91ecdeeef__char__138e569484,白,白,白,念白,田子春,陈大人。,田子春（白）陈大人。
pdf_01000000__01004004___a91ecdeeef,盗宗卷,pdf_01000000__01004004___a91ecdeeef__line__000053,pdf_01000000__01004004___a91ecdeeef__scene__003,01004004_盗宗卷.pdf,D:\University_studies\Junior\data_visualization\experiment\final_self\opera_dataset\01000000\01004004_盗宗卷.pdf,01000000/01004004_盗宗卷.pdf,49bfac8f-ad5c-4639-829d-be1bd24f8504,3,【第三场】,53,dialogue,dialogue,陈平,pdf_01000000__01004004___a91ecdeeef__char__48d2ecb259,白,白,白,请；坐；念白,陈平,"如此,田大人请坐。","陈平（白）如此,田大人请坐。"
pdf_01000000__01004004___a91ecdeeef,盗宗卷,pdf_01000000__01004004___a91ecdeeef__line__000053,pdf_01000000__01004004___a91ecdeeef__scene__003,01004004_盗宗卷.pdf,D:\University_studies\Junior\data_visualization\experiment\final_self\opera_dataset\01000000\01004004_盗宗卷.pdf,01000000/01004004_盗宗卷.pdf,49bfac8f-ad5c-4639-829d-be1bd24f8504,3,【第三场】,53,dialogue,dialogue,田子春,pdf_01000000__01004004___a91ecdeeef__char__138e569484,白,白,白,念白,田子春,有座。,田子春（白）有座。
pdf_01000000__01004004___a91ecdeeef,盗宗卷,pdf_01000000__01004004___a91ecdeeef__line__000053,pdf_01000000__01004004___a91ecdeeef__scene__003,01004004_盗宗卷.pdf,D:\University_studies\Junior\data_visualization\experiment\final_self\opera_dataset\01000000\01004004_盗宗卷.pdf,01000000/01004004_盗宗卷.pdf,49bfac8f-ad5c-4639-829d-be1bd24f8504,3,【第三场】,53,dialogue,dialogue,陈平,pdf_01000000__01004004___a91ecdeeef__char__48d2ecb259,白,白,白,念白,陈平,田大人为何口称老夫的外甥?,陈平（白）田大人为何口称老夫的外甥?
pdf_01000000__01004004___a91ecdeeef,盗宗卷,pdf_01000000__01004004___a91ecdeeef__line__000053,pdf_01000000__01004004___a91ecdeeef__scene__003,01004004_盗宗卷.pdf,D:\University_studies\Junior\data_visualization\experiment\final_self\opera_dataset\01000000\01004004_盗宗卷.pdf,01000000/01004004_盗宗卷.pdf,49bfac8f-ad5c-4639-829d-be1bd24f8504,3,【第三场】,53,dialogue,dialogue,田子春,pdf_01000000__01004004___a91ecdeeef__char__138e569484,白,白,白,道；念白,田子春,"哎,有道是,好汉不吃眼前亏。","田子春（白）哎,有道是,好汉不吃眼前亏。"
pdf_01000000__01004004___a91ecdeeef,盗宗卷,pdf_01000000__01004004___a91ecdeeef__line__000053,pdf_01000000__01004004___a91ecdeeef__scene__003,01004004_盗宗卷.pdf,D:\University_studies\Junior\data_visualization\experiment\final_self\opera_dataset\01000000\01004004_盗宗卷.pdf,01000000/01004004_盗宗卷.pdf,49bfac8f-ad5c-4639-829d-be1bd24f8504,3,【第三场】,53,dialogue,dialogue,陈平,pdf_01000000__01004004___a91ecdeeef__char__48d2ecb259,白,白,白,念白,陈平,"嘿嘿,好个“好汉不吃眼前亏”。大人到此,有何贵干?","陈平（白）嘿嘿,好个“好汉不吃眼前亏”。大人到此,有何贵干?"
pdf_01000000__01004004___a91ecdeeef,盗宗卷,pdf_01000000__01004004___a91ecdeeef__line__000053,pdf_01000000__01004004___a91ecdeeef__scene__003,01004004_盗宗卷.pdf,D:\University_studies\Junior\data_visualization\experiment\final_self\opera_dataset\01000000\01004004_盗宗卷.pdf,01000000/01004004_盗宗卷.pdf,49bfac8f-ad5c-4639-829d-be1bd24f8504,3,【第三场】,53,dialogue,dialogue,田子春,pdf_01000000__01004004___a91ecdeeef__char__138e569484,白,白,白,来；念白,田子春,"奉了千岁旨意,前来盗卷。","田子春（白）奉了千岁旨意,前来盗卷。"
pdf_01000000__01004004___a91ecdeeef,盗宗卷,pdf_01000000__01004004___a91ecdeeef__line__000053,pdf_01000000__01004004___a91ecdeeef__scene__003,01004004_盗宗卷.pdf,D:\University_studies\Junior\data_visualization\experiment\final_self\opera_dataset\01000000\01004004_盗宗卷.pdf,01000000/01004004_盗宗卷.pdf,49bfac8f-ad5c-4639-829d-be1bd24f8504,3,【第三场】,53,dialogue,dialogue,陈平,pdf_01000000__01004004___a91ecdeeef__char__48d2ecb259,白,白,白,来；念白,陈平,"嘿嘿,田大人你来迟了。","陈平（白）嘿嘿,田大人你来迟了。"
pdf_01000000__01004004___a91ecdeeef,盗宗卷,pdf_01000000__01004004___a91ecdeeef__line__000053,pdf_01000000__01004004___a91ecdeeef__scene__003,01004004_盗宗卷.pdf,D:\University_studies\Junior\data_visualization\experiment\final_self\opera_dataset\01000000\01004004_盗宗卷.pdf,01000000/01004004_盗宗卷.pdf,49bfac8f-ad5c-4639-829d-be1bd24f8504,3,【第三场】,53,dialogue,dialogue,田子春,pdf_01000000__01004004___a91ecdeeef__char__138e569484,白,白,白,来；念白,田子春,怎么来迟了?,田子春（白）怎么来迟了?
pdf_01000000__01004004___a91ecdeeef,盗宗卷,pdf_01000000__01004004___a91ecdeeef__line__000053,pdf_01000000__01004004___a91ecdeeef__scene__003,01004004_盗宗卷.pdf,D:\University_studies\Junior\data_visualization\experiment\final_self\opera_dataset\01000000\01004004_盗宗卷.pdf,01000000/01004004_盗宗卷.pdf,49bfac8f-ad5c-4639-829d-be1bd24f8504,3,【第三场】,53,dialogue,dialogue,陈平,pdf_01000000__01004004___a91ecdeeef__char__48d2ecb259,白,白,白,念白,陈平,"这宗卷,昨日国太在那金殿,用火焚化了。","陈平（白）这宗卷,昨日国太在那金殿,用火焚化了。"
pdf_01000000__01004004___a91ecdeeef,盗宗卷,pdf_01000000__01004004___a91ecdeeef__line__000053,pdf_01000000__01004004___a91ecdeeef__scene__003,01004004_盗宗卷.pdf,D:\University_studies\Junior\data_visualization\experiment\final_self\opera_dataset\01000000\01004004_盗宗卷.pdf,01000000/01004004_盗宗卷.pdf,49bfac8f-ad5c-4639-829d-be1bd24f8504,3,【第三场】,53,dialogue,dialogue,田子春,pdf_01000000__01004004___a91ecdeeef__char__138e569484,白,白,白,念白,田子春,怎么讲?,田子春（白）怎么讲?
pdf_01000000__01004004___a91ecdeeef,盗宗卷,pdf_01000000__01004004___a91ecdeeef__line__000053,pdf_01000000__01004004___a91ecdeeef__scene__003,01004004_盗宗卷.pdf,D:\University_studies\Junior\data_visualization\experiment\final_self\opera_dataset\01000000\01004004_盗宗卷.pdf,01000000/01004004_盗宗卷.pdf,49bfac8f-ad5c-4639-829d-be1bd24f8504,3,【第三场】,53,dialogue,dialogue,陈平,pdf_01000000__01004004___a91ecdeeef__char__48d2ecb259,白,白,白,念白,陈平,用火焚化了!,陈平（白）用火焚化了!
pdf_01000000__01004004___a91ecdeeef,盗宗卷,pdf_01000000__01004004___a91ecdeeef__line__000053,pdf_01000000__01004004___a91ecdeeef__scene__003,01004004_盗宗卷.pdf,D:\University_studies\Junior\data_visualization\experiment\final_self\opera_dataset\01000000\01004004_盗宗卷.pdf,01000000/01004004_盗宗卷.pdf,49bfac8f-ad5c-4639-829d-be1bd24f8504,3,【第三场】,53,dialogue,dialogue,田子春,pdf_01000000__01004004___a91ecdeeef__char__138e569484,白,白,白,念白,田子春,"哎呀,不、不、不好了!","田子春（白）哎呀,不、不、不好了!"
pdf_01000000__01004004___a91ecdeeef,盗宗卷,pdf_01000000__01004004___a91ecdeeef__line__000053,pdf_01000000__01004004___a91ecdeeef__scene__003,01004004_盗宗卷.pdf,D:\University_studies\Junior\data_visualization\experiment\final_self\opera_dataset\01000000\01004004_盗宗卷.pdf,01000000/01004004_盗宗卷.pdf,49bfac8f-ad5c-4639-829d-be1bd24f8504,3,【第三场】,53,dialogue,dialogue,陈平,pdf_01000000__01004004___a91ecdeeef__char__48d2ecb259,白,白,白,去；令；念白,陈平,大人回去搭救令郎才是。,陈平（白）大人回去搭救令郎才是。
pdf_01000000__01004004___a91ecdeeef,盗宗卷,pdf_01000000__01004004___a91ecdeeef__line__000053,pdf_01000000__01004004___a91ecdeeef__scene__003,01004004_盗宗卷.pdf,D:\University_studies\Junior\data_visualization\experiment\final_self\opera_dataset\01000000\01004004_盗宗卷.pdf,01000000/01004004_盗宗卷.pdf,49bfac8f-ad5c-4639-829d-be1bd24f8504,3,【第三场】,53,dialogue,dialogue,田子春,pdf_01000000__01004004___a91ecdeeef__char__138e569484,白,白,白,去；念白,田子春,我是不回去了。,田子春（白）我是不回去了。
pdf_01000000__01004004___a91ecdeeef,盗宗卷,pdf_01000000__01004004___a91ecdeeef__line__000053,pdf_01000000__01004004___a91ecdeeef__scene__003,01004004_盗宗卷.pdf,D:\University_studies\Junior\data_visualization\experiment\final_self\opera_dataset\01000000\01004004_盗宗卷.pdf,01000000/01004004_盗宗卷.pdf,49bfac8f-ad5c-4639-829d-be1bd24f8504,3,【第三场】,53,dialogue,dialogue,陈平,pdf_01000000__01004004___a91ecdeeef__char__48d2ecb259,白,白,白,念白,陈平,你在哪里居住?,陈平（白）你在哪里居住?
pdf_01000000__01004004___a91ecdeeef,盗宗卷,pdf_01000000__01004004___a91ecdeeef__line__000053,pdf_01000000__01004004___a91ecdeeef__scene__003,01004004_盗宗卷.pdf,D:\University_studies\Junior\data_visualization\experiment\final_self\opera_dataset\01000000\01004004_盗宗卷.pdf,01000000/01004004_盗宗卷.pdf,49bfac8f-ad5c-4639-829d-be1bd24f8504,3,【第三场】,53,dialogue,dialogue,田子春,pdf_01000000__01004004___a91ecdeeef__char__138e569484,白,白,白,念白,田子春,我就住在你府。,田子春（白）我就住在你府。
pdf_01000000__01004004___a91ecdeeef,盗宗卷,pdf_01000000__01004004___a91ecdeeef__line__000053,pdf_01000000__01004004___a91ecdeeef__scene__003,01004004_盗宗卷.pdf,D:\University_studies\Junior\data_visualization\experiment\final_self\opera_dataset\01000000\01004004_盗宗卷.pdf,01000000/01004004_盗宗卷.pdf,49bfac8f-ad5c-4639-829d-be1bd24f8504,3,【第三场】,53,dialogue,dialogue,陈平,pdf_01000000__01004004___a91ecdeeef__char__48d2ecb259,白,白,白,道；念白,陈平,"倘若国太知道,那是怎么?","陈平（白）倘若国太知道,那是怎么?"
pdf_01000000__01004004___a91ecdeeef,盗宗卷,pdf_01000000__01004004___a91ecdeeef__line__000053,pdf_01000000__01004004___a91ecdeeef__scene__003,01004004_盗宗卷.pdf,D:\University_studies\Junior\data_visualization\experiment\final_self\opera_dataset\01000000\01004004_盗宗卷.pdf,01000000/01004004_盗宗卷.pdf,49bfac8f-ad5c-4639-829d-be1bd24f8504,3,【第三场】,53,dialogue,dialogue,田子春,pdf_01000000__01004004___a91ecdeeef__char__138e569484,白,白,白,来；叫；道；念白,田子春,"国太知道,就说你叫我来的吓!","田子春（白）国太知道,就说你叫我来的吓!"
pdf_01000000__01004004___a91ecdeeef,盗宗卷,pdf_01000000__01004004___a91ecdeeef__line__000053,pdf_01000000__01004004___a91ecdeeef__scene__003,01004004_盗宗卷.pdf,D:\University_studies\Junior\data_visualization\experiment\final_self\opera_dataset\01000000\01004004_盗宗卷.pdf,01000000/01004004_盗宗卷.pdf,49bfac8f-ad5c-4639-829d-be1bd24f8504,3,【第三场】,53,dialogue,dialogue,陈平,pdf_01000000__01004004___a91ecdeeef__char__48d2ecb259,白,白,白,念白,陈平,你是犯夜的。,陈平（白）你是犯夜的。
pdf_01000000__01004004___a91ecdeeef,盗宗卷,pdf_01000000__01004004___a91ecdeeef__line__000053,pdf_01000000__01004004___a91ecdeeef__scene__003,01004004_盗宗卷.pdf,D:\University_studies\Junior\data_visualization\experiment\final_self\opera_dataset\01000000\01004004_盗宗卷.pdf,01000000/01004004_盗宗卷.pdf,49bfac8f-ad5c-4639-829d-be1bd24f8504,3,【第三场】,53,dialogue,dialogue,田子春,pdf_01000000__01004004___a91ecdeeef__char__138e569484,白,白,白,上；叫；打；念白,田子春,"犯夜?呀呀呸!世上只有懊犯夜,哪有打起灯亮,叫人犯夜之理?","田子春（白）犯夜?呀呀呸!世上只有懊犯夜,哪有打起灯亮,叫人犯夜之理?"
pdf_01000000__01004004___a91ecdeeef,盗宗卷,pdf_01000000__01004004___a91ecdeeef__line__000053,pdf_01000000__01004004___a91ecdeeef__scene__003,01004004_盗宗卷.pdf,D:\University_studies\Junior\data_visualization\experiment\final_self\opera_dataset\01000000\01004004_盗宗卷.pdf,01000000/01004004_盗宗卷.pdf,49bfac8f-ad5c-4639-829d-be1bd24f8504,3,【第三场】,53,dialogue,dialogue,陈平,pdf_01000000__01004004___a91ecdeeef__char__48d2ecb259,白,白,白,请；念白,陈平,"呀,田大人请到书房。","陈平（白）呀,田大人请到书房。"
pdf_01000000__01004004___a91ecdeeef,盗宗卷,pdf_01000000__01004004___a91ecdeeef__line__000053,pdf_01000000__01004004___a91ecdeeef__scene__003,01004004_盗宗卷.pdf,D:\University_studies\Junior\data_visualization\experiment\final_self\opera_dataset\01000000\01004004_盗宗卷.pdf,01000000/01004004_盗宗卷.pdf,49bfac8f-ad5c-4639-829d-be1bd24f8504,3,【第三场】,53,dialogue,dialogue,田子春,pdf_01000000__01004004___a91ecdeeef__char__138e569484,念,念,念,去,田子春,"天堂有路我不去,","田子春（念）天堂有路我不去,"
pdf_01000000__01004004___a91ecdeeef,盗宗卷,pdf_01000000__01004004___a91ecdeeef__line__000053,pdf_01000000__01004004___a91ecdeeef__scene__003,01004004_盗宗卷.pdf,D:\University_studies\Junior\data_visualization\experiment\final_self\opera_dataset\01000000\01004004_盗宗卷.pdf,01000000/01004004_盗宗卷.pdf,49bfac8f-ad5c-4639-829d-be1bd24f8504,3,【第三场】,53,dialogue,dialogue,陈平,pdf_01000000__01004004___a91ecdeeef__char__48d2ecb259,念,念,念,进；来,陈平,地狱无门闯进来。,陈平（念）地狱无门闯进来。
pdf_01000000__01004004___a91ecdeeef,盗宗卷,pdf_01000000__01004004___a91ecdeeef__line__000053,pdf_01000000__01004004___a91ecdeeef__scene__003,01004004_盗宗卷.pdf,D:\University_studies\Junior\data_visualization\experiment\final_self\opera_dataset\01000000\01004004_盗宗卷.pdf,01000000/01004004_盗宗卷.pdf,49bfac8f-ad5c-4639-829d-be1bd24f8504,3,【第三场】,53,dialogue,dialogue,田子春,pdf_01000000__01004004___a91ecdeeef__char__138e569484,念,念,念,,田子春,"根深那怕风摇动,","田子春（念）根深那怕风摇动,"
pdf_01000000__01004004___a91ecdeeef,盗宗卷,pdf_01000000__01004004___a91ecdeeef__line__000053,pdf_01000000__01004004___a91ecdeeef__scene__003,01004004_盗宗卷.pdf,D:\University_studies\Junior\data_visualization\experiment\final_self\opera_dataset\01000000\01004004_盗宗卷.pdf,01000000/01004004_盗宗卷.pdf,49bfac8f-ad5c-4639-829d-be1bd24f8504,3,【第三场】,53,dialogue,dialogue,陈平,pdf_01000000__01004004___a91ecdeeef__char__48d2ecb259,念,念,念,,陈平,准备棺木把你埋。,陈平（念）准备棺木把你埋。
pdf_01000000__01004004___a91ecdeeef,盗宗卷,pdf_01000000__01004004___a91ecdeeef__line__000053,pdf_01000000__01004004___a91ecdeeef__scene__003,01004004_盗宗卷.pdf,D:\University_studies\Junior\data_visualization\experiment\final_self\opera_dataset\01000000\01004004_盗宗卷.pdf,01000000/01004004_盗宗卷.pdf,49bfac8f-ad5c-4639-829d-be1bd24f8504,3,【第三场】,53,dialogue,dialogue,田子春,pdf_01000000__01004004___a91ecdeeef__char__138e569484,白,白,白,念白,田子春,你埋哪个?,田子春（白）你埋哪个?
pdf_01000000__01004004___a91ecdeeef,盗宗卷,pdf_01000000__01004004___a91ecdeeef__line__000053,pdf_01000000__01004004___a91ecdeeef__scene__003,01004004_盗宗卷.pdf,D:\University_studies\Junior\data_visualization\experiment\final_self\opera_dataset\01000000\01004004_盗宗卷.pdf,01000000/01004004_盗宗卷.pdf,49bfac8f-ad5c-4639-829d-be1bd24f8504,3,【第三场】,53,dialogue,dialogue,陈平,pdf_01000000__01004004___a91ecdeeef__char__48d2ecb259,白,白,白,念白,陈平,埋你。,陈平（白）埋你。
pdf_01000000__01004004___a91ecdeeef,盗宗卷,pdf_01000000__01004004___a91ecdeeef__line__000053,pdf_01000000__01004004___a91ecdeeef__scene__003,01004004_盗宗卷.pdf,D:\University_studies\Junior\data_visualization\experiment\final_self\opera_dataset\01000000\01004004_盗宗卷.pdf,01000000/01004004_盗宗卷.pdf,49bfac8f-ad5c-4639-829d-be1bd24f8504,3,【第三场】,53,dialogue,dialogue,田子春,pdf_01000000__01004004___a91ecdeeef__char__138e569484,白,白,白,叫；念白,田子春；陈平,"陈平吓陈平,限你三天,有了宗卷便罢,若无宗卷,管叫你全家诛戮!","田子春（白）陈平吓陈平,限你三天,有了宗卷便罢,若无宗卷,管叫你全家诛戮!"
pdf_01000000__01004004___a91ecdeeef,盗宗卷,pdf_01000000__01004004___a91ecdeeef__line__000053,pdf_01000000__01004004___a91ecdeeef__scene__003,01004004_盗宗卷.pdf,D:\University_studies\Junior\data_visualization\experiment\final_self\opera_dataset\01000000\01004004_盗宗卷.pdf,01000000/01004004_盗宗卷.pdf,49bfac8f-ad5c-4639-829d-be1bd24f8504,3,【第三场】,53,dialogue,dialogue,陈平,pdf_01000000__01004004___a91ecdeeef__char__48d2ecb259,白,白,白,来；拿；念白,陈平,"这、这、这便怎么处?哦呵有了,我有个填被的。来,拿我名帖,接张大人夤夜赴宴。","陈平（白）这、这、这便怎么处?哦呵有了,我有个填被的。来,拿我名帖,接张大人夤夜赴宴。"
pdf_01000000__01004004___a91ecdeeef,盗宗卷,pdf_01000000__01004004___a91ecdeeef__line__000053,pdf_01000000__01004004___a91ecdeeef__scene__003,01004004_盗宗卷.pdf,D:\University_studies\Junior\data_visualization\experiment\final_self\opera_dataset\01000000\01004004_盗宗卷.pdf,01000000/01004004_盗宗卷.pdf,49bfac8f-ad5c-4639-829d-be1bd24f8504,3,【第三场】,53,dialogue,dialogue,陈平,pdf_01000000__01004004___a91ecdeeef__char__48d2ecb259,念,念,念,,陈平,"若是留得宗卷在,免却文武费心怀。","陈平（念）若是留得宗卷在,免却文武费心怀。"
pdf_01000000__01004004___a91ecdeeef,盗宗卷,pdf_01000000__01004004___a91ecdeeef__line__000055,pdf_01000000__01004004___a91ecdeeef__scene__003,01004004_盗宗卷.pdf,D:\University_studies\Junior\data_visualization\experiment\final_self\opera_dataset\01000000\01004004_盗宗卷.pdf,01000000/01004004_盗宗卷.pdf,49bfac8f-ad5c-4639-829d-be1bd24f8504,3,【第三场】,55,stage_direction,stage_direction,,,陈平下。,做,陈平下。,下,陈平,,（陈平下。）
pdf_01000000__01004004___a91ecdeeef,盗宗卷,pdf_01000000__01004004___a91ecdeeef__line__000063,pdf_01000000__01004004___a91ecdeeef__scene__005,01004004_盗宗卷.pdf,D:\University_studies\Junior\data_visualization\experiment\final_self\opera_dataset\01000000\01004004_盗宗卷.pdf,01000000/01004004_盗宗卷.pdf,49bfac8f-ad5c-4639-829d-be1bd24f8504,5,【第五场】,63,lyric,lyric,陈平,pdf_01000000__01004004___a91ecdeeef__char__48d2ecb259,西皮摇板,唱,西皮摇板,来；叫；坐；惊；唱段,田子春；陈平；张苍,"淮河来了田子春,倒叫老夫心着惊。将身坐在二堂等,等候张苍说分明。","陈平（西皮摇板）淮河来了田子春,倒叫老夫心着惊。将身坐在二堂等,等候张苍说分明。"
pdf_01000000__01004004___a91ecdeeef,盗宗卷,pdf_01000000__01004004___a91ecdeeef__line__000063,pdf_01000000__01004004___a91ecdeeef__scene__005,01004004_盗宗卷.pdf,D:\University_studies\Junior\data_visualization\experiment\final_self\opera_dataset\01000000\01004004_盗宗卷.pdf,01000000/01004004_盗宗卷.pdf,49bfac8f-ad5c-4639-829d-be1bd24f8504,5,【第五场】,63,lyric,lyric,张苍,pdf_01000000__01004004___a91ecdeeef__char__f7e0ecae2c,西皮摇板,唱,西皮摇板,来；唱段,张苍,"时才朝房来叙话,想必言语有错差。今晚接我过府衙,也要一礼相还他。","张苍（西皮摇板）时才朝房来叙话,想必言语有错差。今晚接我过府衙,也要一礼相还他。"
pdf_01000000__01004004___a91ecdeeef,盗宗卷,pdf_01000000__01004004___a91ecdeeef__line__000063,pdf_01000000__01004004___a91ecdeeef__scene__005,01004004_盗宗卷.pdf,D:\University_studies\Junior\data_visualization\experiment\final_self\opera_dataset\01000000\01004004_盗宗卷.pdf,01000000/01004004_盗宗卷.pdf,49bfac8f-ad5c-4639-829d-be1bd24f8504,5,【第五场】,63,dialogue,dialogue,家院,pdf_01000000__01004004___a91ecdeeef__char__86956c08c7,白,白,白,来；念白,家院,来此已是相府。,家院（白）来此已是相府。
pdf_01000000__01004004___a91ecdeeef,盗宗卷,pdf_01000000__01004004___a91ecdeeef__line__000063,pdf_01000000__01004004___a91ecdeeef__scene__005,01004004_盗宗卷.pdf,D:\University_studies\Junior\data_visualization\experiment\final_self\opera_dataset\01000000\01004004_盗宗卷.pdf,01000000/01004004_盗宗卷.pdf,49bfac8f-ad5c-4639-829d-be1bd24f8504,5,【第五场】,63,dialogue,dialogue,张苍,pdf_01000000__01004004___a91ecdeeef__char__f7e0ecae2c,白,白,白,念白,张苍,"尔在外面等候,一同回府。","张苍（白）尔在外面等候,一同回府。"
pdf_01000000__01004004___a91ecdeeef,盗宗卷,pdf_01000000__01004004___a91ecdeeef__line__000063,pdf_01000000__01004004___a91ecdeeef__scene__005,01004004_盗宗卷.pdf,D:\University_studies\Junior\data_visualization\experiment\final_self\opera_dataset\01000000\01004004_盗宗卷.pdf,01000000/01004004_盗宗卷.pdf,49bfac8f-ad5c-4639-829d-be1bd24f8504,5,【第五场】,63,dialogue,dialogue,家院,pdf_01000000__01004004___a91ecdeeef__char__86956c08c7,白,白,白,念白,家院,三花要少喝点儿。,家院（白）三花要少喝点儿。
pdf_01000000__01004004___a91ecdeeef,盗宗卷,pdf_01000000__01004004___a91ecdeeef__line__000063,pdf_01000000__01004004___a91ecdeeef__scene__005,01004004_盗宗卷.pdf,D:\University_studies\Junior\data_visualization\experiment\final_self\opera_dataset\01000000\01004004_盗宗卷.pdf,01000000/01004004_盗宗卷.pdf,49bfac8f-ad5c-4639-829d-be1bd24f8504,5,【第五场】,63,dialogue,dialogue,张苍,pdf_01000000__01004004___a91ecdeeef__char__f7e0ecae2c,念,念,念,来,张苍,"将身府门来站定,他必然出府将我迎。","张苍（念）将身府门来站定,他必然出府将我迎。"
pdf_01000000__01004004___a91ecdeeef,盗宗卷,pdf_01000000__01004004___a91ecdeeef__line__000063,pdf_01000000__01004004___a91ecdeeef__scene__005,01004004_盗宗卷.pdf,D:\University_studies\Junior\data_visualization\experiment\final_self\opera_dataset\01000000\01004004_盗宗卷.pdf,01000000/01004004_盗宗卷.pdf,49bfac8f-ad5c-4639-829d-be1bd24f8504,5,【第五场】,63,dialogue,dialogue,陈平,pdf_01000000__01004004___a91ecdeeef__char__48d2ecb259,白,白,白,念白,陈平,哎!,陈平（白）哎!
pdf_01000000__01004004___a91ecdeeef,盗宗卷,pdf_01000000__01004004___a91ecdeeef__line__000063,pdf_01000000__01004004___a91ecdeeef__scene__005,01004004_盗宗卷.pdf,D:\University_studies\Junior\data_visualization\experiment\final_self\opera_dataset\01000000\01004004_盗宗卷.pdf,01000000/01004004_盗宗卷.pdf,49bfac8f-ad5c-4639-829d-be1bd24f8504,5,【第五场】,63,dialogue,dialogue,张苍,pdf_01000000__01004004___a91ecdeeef__char__f7e0ecae2c,白,白,白,上；下；来；道；念白,张苍,"哎呀,大人这是不敢不敢!哎呀,我道是他下位迎接于我,谁想他背地表起的忠心来了,咳,想我张苍也是汉室忠臣,要表大家表上几表。","张苍（白）哎呀,大人这是不敢不敢!哎呀,我道是他下位迎接于我,谁想他背地表起的忠心来了,咳,想我张苍也是汉室忠臣,要表大家表上几表。"
pdf_01000000__01004004___a91ecdeeef,盗宗卷,pdf_01000000__01004004___a91ecdeeef__line__000063,pdf_01000000__01004004___a91ecdeeef__scene__005,01004004_盗宗卷.pdf,D:\University_studies\Junior\data_visualization\experiment\final_self\opera_dataset\01000000\01004004_盗宗卷.pdf,01000000/01004004_盗宗卷.pdf,49bfac8f-ad5c-4639-829d-be1bd24f8504,5,【第五场】,63,dialogue,dialogue,陈平,pdf_01000000__01004004___a91ecdeeef__char__48d2ecb259,白,白,白,来；念白,陈平,"哦,原来是张大人。","陈平（白）哦,原来是张大人。"
pdf_01000000__01004004___a91ecdeeef,盗宗卷,pdf_01000000__01004004___a91ecdeeef__line__000063,pdf_01000000__01004004___a91ecdeeef__scene__005,01004004_盗宗卷.pdf,D:\University_studies\Junior\data_visualization\experiment\final_self\opera_dataset\01000000\01004004_盗宗卷.pdf,01000000/01004004_盗宗卷.pdf,49bfac8f-ad5c-4639-829d-be1bd24f8504,5,【第五场】,63,dialogue,dialogue,张苍,pdf_01000000__01004004___a91ecdeeef__char__f7e0ecae2c,白,白,白,念白,张苍,卑职在此。,张苍（白）卑职在此。
pdf_01000000__01004004___a91ecdeeef,盗宗卷,pdf_01000000__01004004___a91ecdeeef__line__000063,pdf_01000000__01004004___a91ecdeeef__scene__005,01004004_盗宗卷.pdf,D:\University_studies\Junior\data_visualization\experiment\final_self\opera_dataset\01000000\01004004_盗宗卷.pdf,01000000/01004004_盗宗卷.pdf,49bfac8f-ad5c-4639-829d-be1bd24f8504,5,【第五场】,63,dialogue,dialogue,陈平,pdf_01000000__01004004___a91ecdeeef__char__48d2ecb259,白,白,白,来；拿；念白,陈平,"你夜静更深,来到我府,莫非要拿老夫的弊病不成?","陈平（白）你夜静更深,来到我府,莫非要拿老夫的弊病不成?"
pdf_01000000__01004004___a91ecdeeef,盗宗卷,pdf_01000000__01004004___a91ecdeeef__line__000063,pdf_01000000__01004004___a91ecdeeef__scene__005,01004004_盗宗卷.pdf,D:\University_studies\Junior\data_visualization\experiment\final_self\opera_dataset\01000000\01004004_盗宗卷.pdf,01000000/01004004_盗宗卷.pdf,49bfac8f-ad5c-4639-829d-be1bd24f8504,5,【第五场】,63,dialogue,dialogue,张苍,pdf_01000000__01004004___a91ecdeeef__char__f7e0ecae2c,白,白,白,来；念白,张苍,"吓吓,相爷有帖,邀我过府饮宴,怎么反说此话来了?","张苍（白）吓吓,相爷有帖,邀我过府饮宴,怎么反说此话来了?"
pdf_01000000__01004004___a91ecdeeef,盗宗卷,pdf_01000000__01004004___a91ecdeeef__line__000063,pdf_01000000__01004004___a91ecdeeef__scene__005,01004004_盗宗卷.pdf,D:\University_studies\Junior\data_visualization\experiment\final_self\opera_dataset\01000000\01004004_盗宗卷.pdf,01000000/01004004_盗宗卷.pdf,49bfac8f-ad5c-4639-829d-be1bd24f8504,5,【第五场】,63,dialogue,dialogue,陈平,pdf_01000000__01004004___a91ecdeeef__char__48d2ecb259,白,白,白,来；请；念白,陈平,"哦呵,你不说起,倒是老夫忘怀了。来来来,备宴不及,还有残酒,大人请来吃酒!","陈平（白）哦呵,你不说起,倒是老夫忘怀了。来来来,备宴不及,还有残酒,大人请来吃酒!"
pdf_01000000__01004004___a91ecdeeef,盗宗卷,pdf_01000000__01004004___a91ecdeeef__line__000063,pdf_01000000__01004004___a91ecdeeef__scene__005,01004004_盗宗卷.pdf,D:\University_studies\Junior\data_visualization\experiment\final_self\opera_dataset\01000000\01004004_盗宗卷.pdf,01000000/01004004_盗宗卷.pdf,49bfac8f-ad5c-4639-829d-be1bd24f8504,5,【第五场】,63,dialogue,dialogue,张苍,pdf_01000000__01004004___a91ecdeeef__char__f7e0ecae2c,白,白,白,上；下；念白,张苍,"大人这酒乃是小事,为何掀在下官面上?","张苍（白）大人这酒乃是小事,为何掀在下官面上?"
pdf_01000000__01004004___a91ecdeeef,盗宗卷,pdf_01000000__01004004___a91ecdeeef__line__000063,pdf_01000000__01004004___a91ecdeeef__scene__005,01004004_盗宗卷.pdf,D:\University_studies\Junior\data_visualization\experiment\final_self\opera_dataset\01000000\01004004_盗宗卷.pdf,01000000/01004004_盗宗卷.pdf,49bfac8f-ad5c-4639-829d-be1bd24f8504,5,【第五场】,63,dialogue,dialogue,陈平,pdf_01000000__01004004___a91ecdeeef__char__48d2ecb259,白,白,白,念白,陈平,"老夫这酒要汉家忠臣,方可吃得。","陈平（白）老夫这酒要汉家忠臣,方可吃得。"
pdf_01000000__01004004___a91ecdeeef,盗宗卷,pdf_01000000__01004004___a91ecdeeef__line__000063,pdf_01000000__01004004___a91ecdeeef__scene__005,01004004_盗宗卷.pdf,D:\University_studies\Junior\data_visualization\experiment\final_self\opera_dataset\01000000\01004004_盗宗卷.pdf,01000000/01004004_盗宗卷.pdf,49bfac8f-ad5c-4639-829d-be1bd24f8504,5,【第五场】,63,dialogue,dialogue,张苍,pdf_01000000__01004004___a91ecdeeef__char__f7e0ecae2c,白,白,白,道；念白,张苍,"相爷,难道我张苍不是汉家忠良不成么?","张苍（白）相爷,难道我张苍不是汉家忠良不成么?"
pdf_01000000__01004004___a91ecdeeef,盗宗卷,pdf_01000000__01004004___a91ecdeeef__line__000063,pdf_01000000__01004004___a91ecdeeef__scene__005,01004004_盗宗卷.pdf,D:\University_studies\Junior\data_visualization\experiment\final_self\opera_dataset\01000000\01004004_盗宗卷.pdf,01000000/01004004_盗宗卷.pdf,49bfac8f-ad5c-4639-829d-be1bd24f8504,5,【第五场】,63,dialogue,dialogue,陈平,pdf_01000000__01004004___a91ecdeeef__char__48d2ecb259,白,白,白,问；念白,陈平,我且问你官居何职?,陈平（白）我且问你官居何职?
pdf_01000000__01004004___a91ecdeeef,盗宗卷,pdf_01000000__01004004___a91ecdeeef__line__000063,pdf_01000000__01004004___a91ecdeeef__scene__005,01004004_盗宗卷.pdf,D:\University_studies\Junior\data_visualization\experiment\final_self\opera_dataset\01000000\01004004_盗宗卷.pdf,01000000/01004004_盗宗卷.pdf,49bfac8f-ad5c-4639-829d-be1bd24f8504,5,【第五场】,63,dialogue,dialogue,张苍,pdf_01000000__01004004___a91ecdeeef__char__f7e0ecae2c,白,白,白,念白,张苍,西台御史。,张苍（白）西台御史。
pdf_01000000__01004004___a91ecdeeef,盗宗卷,pdf_01000000__01004004___a91ecdeeef__line__000063,pdf_01000000__01004004___a91ecdeeef__scene__005,01004004_盗宗卷.pdf,D:\University_studies\Junior\data_visualization\experiment\final_self\opera_dataset\01000000\01004004_盗宗卷.pdf,01000000/01004004_盗宗卷.pdf,49bfac8f-ad5c-4639-829d-be1bd24f8504,5,【第五场】,63,dialogue,dialogue,陈平,pdf_01000000__01004004___a91ecdeeef__char__48d2ecb259,白,白,白,念白,陈平,所管何事?,陈平（白）所管何事?
pdf_01000000__01004004___a91ecdeeef,盗宗卷,pdf_01000000__01004004___a91ecdeeef__line__000063,pdf_01000000__01004004___a91ecdeeef__scene__005,01004004_盗宗卷.pdf,D:\University_studies\Junior\data_visualization\experiment\final_self\opera_dataset\01000000\01004004_盗宗卷.pdf,01000000/01004004_盗宗卷.pdf,49bfac8f-ad5c-4639-829d-be1bd24f8504,5,【第五场】,63,dialogue,dialogue,张苍,pdf_01000000__01004004___a91ecdeeef__char__f7e0ecae2c,白,白,白,看；念白,张苍,看守宗卷。,张苍（白）看守宗卷。
pdf_01000000__01004004___a91ecdeeef,盗宗卷,pdf_01000000__01004004___a91ecdeeef__line__000063,pdf_01000000__01004004___a91ecdeeef__scene__005,01004004_盗宗卷.pdf,D:\University_studies\Junior\data_visualization\experiment\final_self\opera_dataset\01000000\01004004_盗宗卷.pdf,01000000/01004004_盗宗卷.pdf,49bfac8f-ad5c-4639-829d-be1bd24f8504,5,【第五场】,63,dialogue,dialogue,张苍,pdf_01000000__01004004___a91ecdeeef__char__f7e0ecae2c,白,白,白,来；拿；念白,张苍,拿来。,张苍（白）拿来。
pdf_01000000__01004004___a91ecdeeef,盗宗卷,pdf_01000000__01004004___a91ecdeeef__line__000063,pdf_01000000__01004004___a91ecdeeef__scene__005,01004004_盗宗卷.pdf,D:\University_studies\Junior\data_visualization\experiment\final_self\opera_dataset\01000000\01004004_盗宗卷.pdf,01000000/01004004_盗宗卷.pdf,49bfac8f-ad5c-4639-829d-be1bd24f8504,5,【第五场】,63,dialogue,dialogue,张苍,pdf_01000000__01004004___a91ecdeeef__char__f7e0ecae2c,白,白,白,来；拿；念白,张苍,拿什么来?,张苍（白）拿什么来?
pdf_01000000__01004004___a91ecdeeef,盗宗卷,pdf_01000000__01004004___a91ecdeeef__line__000063,pdf_01000000__01004004___a91ecdeeef__scene__005,01004004_盗宗卷.pdf,D:\University_studies\Junior\data_visualization\experiment\final_self\opera_dataset\01000000\01004004_盗宗卷.pdf,01000000/01004004_盗宗卷.pdf,49bfac8f-ad5c-4639-829d-be1bd24f8504,5,【第五场】,63,dialogue,dialogue,陈平,pdf_01000000__01004004___a91ecdeeef__char__48d2ecb259,白,白,白,来；拿；念白,陈平,拿宗卷来。,陈平（白）拿宗卷来。
pdf_01000000__01004004___a91ecdeeef,盗宗卷,pdf_01000000__01004004___a91ecdeeef__line__000063,pdf_01000000__01004004___a91ecdeeef__scene__005,01004004_盗宗卷.pdf,D:\University_studies\Junior\data_visualization\experiment\final_self\opera_dataset\01000000\01004004_盗宗卷.pdf,01000000/01004004_盗宗卷.pdf,49bfac8f-ad5c-4639-829d-be1bd24f8504,5,【第五场】,63,dialogue,dialogue,张苍,pdf_01000000__01004004___a91ecdeeef__char__f7e0ecae2c,白,白,白,念白,张苍,"这个......被国太用火焚化了,","张苍（白）这个......被国太用火焚化了,"
pdf_01000000__01004004___a91ecdeeef,盗宗卷,pdf_01000000__01004004___a91ecdeeef__line__000063,pdf_01000000__01004004___a91ecdeeef__scene__005,01004004_盗宗卷.pdf,D:\University_studies\Junior\data_visualization\experiment\final_self\opera_dataset\01000000\01004004_盗宗卷.pdf,01000000/01004004_盗宗卷.pdf,49bfac8f-ad5c-4639-829d-be1bd24f8504,5,【第五场】,63,dialogue,dialogue,陈平,pdf_01000000__01004004___a91ecdeeef__char__48d2ecb259,白,白,白,叫；念白,陈平,"呀呀呸,限你三天,有了宗卷便罢,如若不然,管叫你全家诛戮!","陈平（白）呀呀呸,限你三天,有了宗卷便罢,如若不然,管叫你全家诛戮!"
pdf_01000000__01004004___a91ecdeeef,盗宗卷,pdf_01000000__01004004___a91ecdeeef__line__000063,pdf_01000000__01004004___a91ecdeeef__scene__005,01004004_盗宗卷.pdf,D:\University_studies\Junior\data_visualization\experiment\final_self\opera_dataset\01000000\01004004_盗宗卷.pdf,01000000/01004004_盗宗卷.pdf,49bfac8f-ad5c-4639-829d-be1bd24f8504,5,【第五场】,63,dialogue,dialogue,张苍,pdf_01000000__01004004___a91ecdeeef__char__f7e0ecae2c,白,白,白,念白,张苍,哎呀!,张苍（白）哎呀!
pdf_01000000__01004004___a91ecdeeef,盗宗卷,pdf_01000000__01004004___a91ecdeeef__line__000063,pdf_01000000__01004004___a91ecdeeef__scene__005,01004004_盗宗卷.pdf,D:\University_studies\Junior\data_visualization\experiment\final_self\opera_dataset\01000000\01004004_盗宗卷.pdf,01000000/01004004_盗宗卷.pdf,49bfac8f-ad5c-4639-829d-be1bd24f8504,5,【第五场】,63,dialogue,dialogue,陈平,pdf_01000000__01004004___a91ecdeeef__char__48d2ecb259,白,白,白,念白,陈平；张苍,"唔,张苍这是什么所在?","陈平（白）唔,张苍这是什么所在?"
pdf_01000000__01004004___a91ecdeeef,盗宗卷,pdf_01000000__01004004___a91ecdeeef__line__000063,pdf_01000000__01004004___a91ecdeeef__scene__005,01004004_盗宗卷.pdf,D:\University_studies\Junior\data_visualization\experiment\final_self\opera_dataset\01000000\01004004_盗宗卷.pdf,01000000/01004004_盗宗卷.pdf,49bfac8f-ad5c-4639-829d-be1bd24f8504,5,【第五场】,63,dialogue,dialogue,张苍,pdf_01000000__01004004___a91ecdeeef__char__f7e0ecae2c,白,白,白,念白,张苍,这是堂堂相府。,张苍（白）这是堂堂相府。
pdf_01000000__01004004___a91ecdeeef,盗宗卷,pdf_01000000__01004004___a91ecdeeef__line__000063,pdf_01000000__01004004___a91ecdeeef__scene__005,01004004_盗宗卷.pdf,D:\University_studies\Junior\data_visualization\experiment\final_self\opera_dataset\01000000\01004004_盗宗卷.pdf,01000000/01004004_盗宗卷.pdf,49bfac8f-ad5c-4639-829d-be1bd24f8504,5,【第五场】,63,dialogue,dialogue,陈平,pdf_01000000__01004004___a91ecdeeef__char__48d2ecb259,白,白,白,去；叫；念白,陈平；家院,"你既知堂堂相府,在此大呼喧叫!家院赶了出去!","陈平（白）你既知堂堂相府,在此大呼喧叫!家院赶了出去!"
pdf_01000000__01004004___a91ecdeeef,盗宗卷,pdf_01000000__01004004___a91ecdeeef__line__000063,pdf_01000000__01004004___a91ecdeeef__scene__005,01004004_盗宗卷.pdf,D:\University_studies\Junior\data_visualization\experiment\final_self\opera_dataset\01000000\01004004_盗宗卷.pdf,01000000/01004004_盗宗卷.pdf,49bfac8f-ad5c-4639-829d-be1bd24f8504,5,【第五场】,63,dialogue,dialogue,张苍,pdf_01000000__01004004___a91ecdeeef__char__f7e0ecae2c,白,白,白,念白,张苍,咳!,张苍（白）咳!
pdf_01000000__01004004___a91ecdeeef,盗宗卷,pdf_01000000__01004004___a91ecdeeef__line__000063,pdf_01000000__01004004___a91ecdeeef__scene__005,01004004_盗宗卷.pdf,D:\University_studies\Junior\data_visualization\experiment\final_self\opera_dataset\01000000\01004004_盗宗卷.pdf,01000000/01004004_盗宗卷.pdf,49bfac8f-ad5c-4639-829d-be1bd24f8504,5,【第五场】,63,dialogue,dialogue,张苍,pdf_01000000__01004004___a91ecdeeef__char__f7e0ecae2c,白,白,白,念白,张苍,掌灯。,张苍（白）掌灯。
pdf_01000000__01004004___a91ecdeeef,盗宗卷,pdf_01000000__01004004___a91ecdeeef__line__000063,pdf_01000000__01004004___a91ecdeeef__scene__005,01004004_盗宗卷.pdf,D:\University_studies\Junior\data_visualization\experiment\final_self\opera_dataset\01000000\01004004_盗宗卷.pdf,01000000/01004004_盗宗卷.pdf,49bfac8f-ad5c-4639-829d-be1bd24f8504,5,【第五场】,63,dialogue,dialogue,家院,pdf_01000000__01004004___a91ecdeeef__char__86956c08c7,白,白,白,念白,家院,灯灭了。,家院（白）灯灭了。
pdf_01000000__01004004___a91ecdeeef,盗宗卷,pdf_01000000__01004004___a91ecdeeef__line__000063,pdf_01000000__01004004___a91ecdeeef__scene__005,01004004_盗宗卷.pdf,D:\University_studies\Junior\data_visualization\experiment\final_self\opera_dataset\01000000\01004004_盗宗卷.pdf,01000000/01004004_盗宗卷.pdf,49bfac8f-ad5c-4639-829d-be1bd24f8504,5,【第五场】,63,dialogue,dialogue,张苍,pdf_01000000__01004004___a91ecdeeef__char__f7e0ecae2c,白,白,白,念白,张苍,好狗才吓!,张苍（白）好狗才吓!
pdf_01000000__01004004___a91ecdeeef,盗宗卷,pdf_01000000__01004004___a91ecdeeef__line__000063,pdf_01000000__01004004___a91ecdeeef__scene__005,01004004_盗宗卷.pdf,D:\University_studies\Junior\data_visualization\experiment\final_self\opera_dataset\01000000\01004004_盗宗卷.pdf,01000000/01004004_盗宗卷.pdf,49bfac8f-ad5c-4639-829d-be1bd24f8504,5,【第五场】,63,lyric,lyric,张夫人,pdf_01000000__01004004___a91ecdeeef__char__4e1093d1a9,西皮摇板)(白,唱,西皮摇板)(白,自刎；唱段,张夫人,"老爷为何自刎身?吓,老爷为何寻此短见?","张夫人（西皮摇板)(白）老爷为何自刎身?吓,老爷为何寻此短见?"
pdf_01000000__01004004___a91ecdeeef,盗宗卷,pdf_01000000__01004004___a91ecdeeef__line__000063,pdf_01000000__01004004___a91ecdeeef__scene__005,01004004_盗宗卷.pdf,D:\University_studies\Junior\data_visualization\experiment\final_self\opera_dataset\01000000\01004004_盗宗卷.pdf,01000000/01004004_盗宗卷.pdf,49bfac8f-ad5c-4639-829d-be1bd24f8504,5,【第五场】,63,dialogue,dialogue,张苍,pdf_01000000__01004004___a91ecdeeef__char__f7e0ecae2c,白,白,白,念白,陈平；张苍,"咳,夫人有所不知,只因陈平限我三天,有了汉室宗卷便罢,倘若无有,我的全家就要诛戮吓!","张苍（白）咳,夫人有所不知,只因陈平限我三天,有了汉室宗卷便罢,倘若无有,我的全家就要诛戮吓!"
pdf_01000000__01004004___a91ecdeeef,盗宗卷,pdf_01000000__01004004___a91ecdeeef__line__000063,pdf_01000000__01004004___a91ecdeeef__scene__005,01004004_盗宗卷.pdf,D:\University_studies\Junior\data_visualization\experiment\final_self\opera_dataset\01000000\01004004_盗宗卷.pdf,01000000/01004004_盗宗卷.pdf,49bfac8f-ad5c-4639-829d-be1bd24f8504,5,【第五场】,63,dialogue,dialogue,张夫人,pdf_01000000__01004004___a91ecdeeef__char__4e1093d1a9,白)(西皮摇板,对白,白)(西皮摇板,,张夫人；陈平,"哎呀!心中只把陈平恨,因何害我灭满门?","张夫人（白)(西皮摇板）哎呀!心中只把陈平恨,因何害我灭满门?"
pdf_01000000__01004004___a91ecdeeef,盗宗卷,pdf_01000000__01004004___a91ecdeeef__line__000063,pdf_01000000__01004004___a91ecdeeef__scene__005,01004004_盗宗卷.pdf,D:\University_studies\Junior\data_visualization\experiment\final_self\opera_dataset\01000000\01004004_盗宗卷.pdf,01000000/01004004_盗宗卷.pdf,49bfac8f-ad5c-4639-829d-be1bd24f8504,5,【第五场】,63,lyric,lyric,张秀玉,pdf_01000000__01004004___a91ecdeeef__char__fbce69208f,西皮摇板,唱,西皮摇板,看；唱段,张秀玉,"正在后堂看经纶,忽听前堂乱纷纷。","张秀玉（西皮摇板）正在后堂看经纶,忽听前堂乱纷纷。"
pdf_01000000__01004004___a91ecdeeef,盗宗卷,pdf_01000000__01004004___a91ecdeeef__line__000063,pdf_01000000__01004004___a91ecdeeef__scene__005,01004004_盗宗卷.pdf,D:\University_studies\Junior\data_visualization\experiment\final_self\opera_dataset\01000000\01004004_盗宗卷.pdf,01000000/01004004_盗宗卷.pdf,49bfac8f-ad5c-4639-829d-be1bd24f8504,5,【第五场】,63,dialogue,dialogue,张夫人,pdf_01000000__01004004___a91ecdeeef__char__4e1093d1a9,白,白,白,念白,张夫人,罢了。,张夫人（白）罢了。
pdf_01000000__01004004___a91ecdeeef,盗宗卷,pdf_01000000__01004004___a91ecdeeef__line__000063,pdf_01000000__01004004___a91ecdeeef__scene__005,01004004_盗宗卷.pdf,D:\University_studies\Junior\data_visualization\experiment\final_self\opera_dataset\01000000\01004004_盗宗卷.pdf,01000000/01004004_盗宗卷.pdf,49bfac8f-ad5c-4639-829d-be1bd24f8504,5,【第五场】,63,dialogue,dialogue,张苍,pdf_01000000__01004004___a91ecdeeef__char__f7e0ecae2c,白,白,白,念白,张苍,哎呀!,张苍（白）哎呀!
pdf_01000000__01004004___a91ecdeeef,盗宗卷,pdf_01000000__01004004___a91ecdeeef__line__000063,pdf_01000000__01004004___a91ecdeeef__scene__005,01004004_盗宗卷.pdf,D:\University_studies\Junior\data_visualization\experiment\final_self\opera_dataset\01000000\01004004_盗宗卷.pdf,01000000/01004004_盗宗卷.pdf,49bfac8f-ad5c-4639-829d-be1bd24f8504,5,【第五场】,63,dialogue,dialogue,张秀玉,pdf_01000000__01004004___a91ecdeeef__char__fbce69208f,白,白,白,念白,张秀玉,"吓,爹爹为何这等模样?","张秀玉（白）吓,爹爹为何这等模样?"
pdf_01000000__01004004___a91ecdeeef,盗宗卷,pdf_01000000__01004004___a91ecdeeef__line__000063,pdf_01000000__01004004___a91ecdeeef__scene__005,01004004_盗宗卷.pdf,D:\University_studies\Junior\data_visualization\experiment\final_self\opera_dataset\01000000\01004004_盗宗卷.pdf,01000000/01004004_盗宗卷.pdf,49bfac8f-ad5c-4639-829d-be1bd24f8504,5,【第五场】,63,dialogue,dialogue,张苍,pdf_01000000__01004004___a91ecdeeef__char__f7e0ecae2c,白,白,白,来；念白,张苍,"秀玉儿你来了,你、你、你来得好。","张苍（白）秀玉儿你来了,你、你、你来得好。"
pdf_01000000__01004004___a91ecdeeef,盗宗卷,pdf_01000000__01004004___a91ecdeeef__line__000063,pdf_01000000__01004004___a91ecdeeef__scene__005,01004004_盗宗卷.pdf,D:\University_studies\Junior\data_visualization\experiment\final_self\opera_dataset\01000000\01004004_盗宗卷.pdf,01000000/01004004_盗宗卷.pdf,49bfac8f-ad5c-4639-829d-be1bd24f8504,5,【第五场】,63,dialogue,dialogue,张秀玉,pdf_01000000__01004004___a91ecdeeef__char__fbce69208f,白,白,白,念白,张秀玉,爹爹因何于此?,张秀玉（白）爹爹因何于此?
pdf_01000000__01004004___a91ecdeeef,盗宗卷,pdf_01000000__01004004___a91ecdeeef__line__000063,pdf_01000000__01004004___a91ecdeeef__scene__005,01004004_盗宗卷.pdf,D:\University_studies\Junior\data_visualization\experiment\final_self\opera_dataset\01000000\01004004_盗宗卷.pdf,01000000/01004004_盗宗卷.pdf,49bfac8f-ad5c-4639-829d-be1bd24f8504,5,【第五场】,63,dialogue,dialogue,张苍,pdf_01000000__01004004___a91ecdeeef__char__f7e0ecae2c,白,白,白,念白,张苍,"你小小年纪,休管为父的闲事。","张苍（白）你小小年纪,休管为父的闲事。"
pdf_01000000__01004004___a91ecdeeef,盗宗卷,pdf_01000000__01004004___a91ecdeeef__line__000063,pdf_01000000__01004004___a91ecdeeef__scene__005,01004004_盗宗卷.pdf,D:\University_studies\Junior\data_visualization\experiment\final_self\opera_dataset\01000000\01004004_盗宗卷.pdf,01000000/01004004_盗宗卷.pdf,49bfac8f-ad5c-4639-829d-be1bd24f8504,5,【第五场】,63,dialogue,dialogue,张秀玉,pdf_01000000__01004004___a91ecdeeef__char__fbce69208f,白,白,白,道；念白,张秀玉,"吓,爹爹有道是朝中有事,君臣共议;家中有事,父子商议。这有何妨?","张秀玉（白）吓,爹爹有道是朝中有事,君臣共议;家中有事,父子商议。这有何妨?"
pdf_01000000__01004004___a91ecdeeef,盗宗卷,pdf_01000000__01004004___a91ecdeeef__line__000063,pdf_01000000__01004004___a91ecdeeef__scene__005,01004004_盗宗卷.pdf,D:\University_studies\Junior\data_visualization\experiment\final_self\opera_dataset\01000000\01004004_盗宗卷.pdf,01000000/01004004_盗宗卷.pdf,49bfac8f-ad5c-4639-829d-be1bd24f8504,5,【第五场】,63,dialogue,dialogue,张夫人,pdf_01000000__01004004___a91ecdeeef__char__4e1093d1a9,白,白,白,念白,张夫人,老爷对孩儿说了罢!,张夫人（白）老爷对孩儿说了罢!
pdf_01000000__01004004___a91ecdeeef,盗宗卷,pdf_01000000__01004004___a91ecdeeef__line__000063,pdf_01000000__01004004___a91ecdeeef__scene__005,01004004_盗宗卷.pdf,D:\University_studies\Junior\data_visualization\experiment\final_self\opera_dataset\01000000\01004004_盗宗卷.pdf,01000000/01004004_盗宗卷.pdf,49bfac8f-ad5c-4639-829d-be1bd24f8504,5,【第五场】,63,dialogue,dialogue,张苍,pdf_01000000__01004004___a91ecdeeef__char__f7e0ecae2c,白,白,白,念白,陈平；张苍,"儿吓,只因陈平老儿,限为父的在这三日之内,有了宗卷便罢,若还无有,全家诛戮。","张苍（白）儿吓,只因陈平老儿,限为父的在这三日之内,有了宗卷便罢,若还无有,全家诛戮。"
pdf_01000000__01004004___a91ecdeeef,盗宗卷,pdf_01000000__01004004___a91ecdeeef__line__000063,pdf_01000000__01004004___a91ecdeeef__scene__005,01004004_盗宗卷.pdf,D:\University_studies\Junior\data_visualization\experiment\final_self\opera_dataset\01000000\01004004_盗宗卷.pdf,01000000/01004004_盗宗卷.pdf,49bfac8f-ad5c-4639-829d-be1bd24f8504,5,【第五场】,63,dialogue,dialogue,张秀玉,pdf_01000000__01004004___a91ecdeeef__char__fbce69208f,白,白,白,念白,张秀玉,"嘿嘿,宗卷乃是小事。","张秀玉（白）嘿嘿,宗卷乃是小事。"
pdf_01000000__01004004___a91ecdeeef,盗宗卷,pdf_01000000__01004004___a91ecdeeef__line__000063,pdf_01000000__01004004___a91ecdeeef__scene__005,01004004_盗宗卷.pdf,D:\University_studies\Junior\data_visualization\experiment\final_self\opera_dataset\01000000\01004004_盗宗卷.pdf,01000000/01004004_盗宗卷.pdf,49bfac8f-ad5c-4639-829d-be1bd24f8504,5,【第五场】,63,dialogue,dialogue,张苍,pdf_01000000__01004004___a91ecdeeef__char__f7e0ecae2c,白,白,白,念白,张苍,哇!,张苍（白）哇!
pdf_01000000__01004004___a91ecdeeef,盗宗卷,pdf_01000000__01004004___a91ecdeeef__line__000063,pdf_01000000__01004004___a91ecdeeef__scene__005,01004004_盗宗卷.pdf,D:\University_studies\Junior\data_visualization\experiment\final_self\opera_dataset\01000000\01004004_盗宗卷.pdf,01000000/01004004_盗宗卷.pdf,49bfac8f-ad5c-4639-829d-be1bd24f8504,5,【第五场】,63,dialogue,dialogue,张夫人,pdf_01000000__01004004___a91ecdeeef__char__4e1093d1a9,白,白,白,来；打；念白,张夫人,"吓,老爷为何打起孩儿来了?","张夫人（白）吓,老爷为何打起孩儿来了?"
pdf_01000000__01004004___a91ecdeeef,盗宗卷,pdf_01000000__01004004___a91ecdeeef__line__000063,pdf_01000000__01004004___a91ecdeeef__scene__005,01004004_盗宗卷.pdf,D:\University_studies\Junior\data_visualization\experiment\final_self\opera_dataset\01000000\01004004_盗宗卷.pdf,01000000/01004004_盗宗卷.pdf,49bfac8f-ad5c-4639-829d-be1bd24f8504,5,【第五场】,63,dialogue,dialogue,张苍,pdf_01000000__01004004___a91ecdeeef__char__f7e0ecae2c,白,白,白,看；念白,张苍,"你、你、你看祸事临门,他还说小事!","张苍（白）你、你、你看祸事临门,他还说小事!"
pdf_01000000__01004004___a91ecdeeef,盗宗卷,pdf_01000000__01004004___a91ecdeeef__line__000063,pdf_01000000__01004004___a91ecdeeef__scene__005,01004004_盗宗卷.pdf,D:\University_studies\Junior\data_visualization\experiment\final_self\opera_dataset\01000000\01004004_盗宗卷.pdf,01000000/01004004_盗宗卷.pdf,49bfac8f-ad5c-4639-829d-be1bd24f8504,5,【第五场】,63,lyric,lyric,张秀玉,pdf_01000000__01004004___a91ecdeeef__char__fbce69208f,西皮摇板,唱,西皮摇板,上；唱段,张秀玉,"汉室宗卷手捧定,上前交与老爹尊。","张秀玉（西皮摇板）汉室宗卷手捧定,上前交与老爹尊。"
pdf_01000000__01004004___a91ecdeeef,盗宗卷,pdf_01000000__01004004___a91ecdeeef__line__000063,pdf_01000000__01004004___a91ecdeeef__scene__005,01004004_盗宗卷.pdf,D:\University_studies\Junior\data_visualization\experiment\final_self\opera_dataset\01000000\01004004_盗宗卷.pdf,01000000/01004004_盗宗卷.pdf,49bfac8f-ad5c-4639-829d-be1bd24f8504,5,【第五场】,63,dialogue,dialogue,张苍,pdf_01000000__01004004___a91ecdeeef__char__f7e0ecae2c,白,白,白,看；拿；念白,张苍,"嘿嘿,夫人你看这奴才,被我唬糊涂了,拿部经史搪塞老夫了。","张苍（白）嘿嘿,夫人你看这奴才,被我唬糊涂了,拿部经史搪塞老夫了。"
pdf_01000000__01004004___a91ecdeeef,盗宗卷,pdf_01000000__01004004___a91ecdeeef__line__000063,pdf_01000000__01004004___a91ecdeeef__scene__005,01004004_盗宗卷.pdf,D:\University_studies\Junior\data_visualization\experiment\final_self\opera_dataset\01000000\01004004_盗宗卷.pdf,01000000/01004004_盗宗卷.pdf,49bfac8f-ad5c-4639-829d-be1bd24f8504,5,【第五场】,63,dialogue,dialogue,张夫人,pdf_01000000__01004004___a91ecdeeef__char__4e1093d1a9,白,白,白,看；念白,张夫人,"吓,老爷管它是与不是,看过明白。","张夫人（白）吓,老爷管它是与不是,看过明白。"
pdf_01000000__01004004___a91ecdeeef,盗宗卷,pdf_01000000__01004004___a91ecdeeef__line__000063,pdf_01000000__01004004___a91ecdeeef__scene__005,01004004_盗宗卷.pdf,D:\University_studies\Junior\data_visualization\experiment\final_self\opera_dataset\01000000\01004004_盗宗卷.pdf,01000000/01004004_盗宗卷.pdf,49bfac8f-ad5c-4639-829d-be1bd24f8504,5,【第五场】,63,dialogue,dialogue,张苍,pdf_01000000__01004004___a91ecdeeef__char__f7e0ecae2c,白,白,白,念白,张苍,"如此,夫人掌灯。","张苍（白）如此,夫人掌灯。"
pdf_01000000__01004004___a91ecdeeef,盗宗卷,pdf_01000000__01004004___a91ecdeeef__line__000063,pdf_01000000__01004004___a91ecdeeef__scene__005,01004004_盗宗卷.pdf,D:\University_studies\Junior\data_visualization\experiment\final_self\opera_dataset\01000000\01004004_盗宗卷.pdf,01000000/01004004_盗宗卷.pdf,49bfac8f-ad5c-4639-829d-be1bd24f8504,5,【第五场】,63,dialogue,dialogue,张夫人,pdf_01000000__01004004___a91ecdeeef__char__4e1093d1a9,白,白,白,看；念白,张夫人,看吓!,张夫人（白）看吓!
pdf_01000000__01004004___a91ecdeeef,盗宗卷,pdf_01000000__01004004___a91ecdeeef__line__000063,pdf_01000000__01004004___a91ecdeeef__scene__005,01004004_盗宗卷.pdf,D:\University_studies\Junior\data_visualization\experiment\final_self\opera_dataset\01000000\01004004_盗宗卷.pdf,01000000/01004004_盗宗卷.pdf,49bfac8f-ad5c-4639-829d-be1bd24f8504,5,【第五场】,63,dialogue,dialogue,张苍,pdf_01000000__01004004___a91ecdeeef__char__f7e0ecae2c,白,白,白,念白,张苍,只怕在此做梦吓!,张苍（白）只怕在此做梦吓!
pdf_01000000__01004004___a91ecdeeef,盗宗卷,pdf_01000000__01004004___a91ecdeeef__line__000063,pdf_01000000__01004004___a91ecdeeef__scene__005,01004004_盗宗卷.pdf,D:\University_studies\Junior\data_visualization\experiment\final_self\opera_dataset\01000000\01004004_盗宗卷.pdf,01000000/01004004_盗宗卷.pdf,49bfac8f-ad5c-4639-829d-be1bd24f8504,5,【第五场】,63,dialogue,dialogue,张夫人,pdf_01000000__01004004___a91ecdeeef__char__4e1093d1a9,白,白,白,念白,张夫人,不是做梦。,张夫人（白）不是做梦。
pdf_01000000__01004004___a91ecdeeef,盗宗卷,pdf_01000000__01004004___a91ecdeeef__line__000063,pdf_01000000__01004004___a91ecdeeef__scene__005,01004004_盗宗卷.pdf,D:\University_studies\Junior\data_visualization\experiment\final_self\opera_dataset\01000000\01004004_盗宗卷.pdf,01000000/01004004_盗宗卷.pdf,49bfac8f-ad5c-4639-829d-be1bd24f8504,5,【第五场】,63,dialogue,dialogue,张苍,pdf_01000000__01004004___a91ecdeeef__char__f7e0ecae2c,白,白,白,念白,张苍,"既不是做梦,夫人将灯掌高些。","张苍（白）既不是做梦,夫人将灯掌高些。"
pdf_01000000__01004004___a91ecdeeef,盗宗卷,pdf_01000000__01004004___a91ecdeeef__line__000063,pdf_01000000__01004004___a91ecdeeef__scene__005,01004004_盗宗卷.pdf,D:\University_studies\Junior\data_visualization\experiment\final_self\opera_dataset\01000000\01004004_盗宗卷.pdf,01000000/01004004_盗宗卷.pdf,49bfac8f-ad5c-4639-829d-be1bd24f8504,5,【第五场】,63,dialogue,dialogue,张夫人,pdf_01000000__01004004___a91ecdeeef__char__4e1093d1a9,白,白,白,念白,张夫人,"是,掌高些。","张夫人（白）是,掌高些。"
pdf_01000000__01004004___a91ecdeeef,盗宗卷,pdf_01000000__01004004___a91ecdeeef__line__000063,pdf_01000000__01004004___a91ecdeeef__scene__005,01004004_盗宗卷.pdf,D:\University_studies\Junior\data_visualization\experiment\final_self\opera_dataset\01000000\01004004_盗宗卷.pdf,01000000/01004004_盗宗卷.pdf,49bfac8f-ad5c-4639-829d-be1bd24f8504,5,【第五场】,63,dialogue,dialogue,张苍,pdf_01000000__01004004___a91ecdeeef__char__f7e0ecae2c,白,白,白,念白,张苍,"太高了,要低些。","张苍（白）太高了,要低些。"
pdf_01000000__01004004___a91ecdeeef,盗宗卷,pdf_01000000__01004004___a91ecdeeef__line__000063,pdf_01000000__01004004___a91ecdeeef__scene__005,01004004_盗宗卷.pdf,D:\University_studies\Junior\data_visualization\experiment\final_self\opera_dataset\01000000\01004004_盗宗卷.pdf,01000000/01004004_盗宗卷.pdf,49bfac8f-ad5c-4639-829d-be1bd24f8504,5,【第五场】,63,dialogue,dialogue,张夫人,pdf_01000000__01004004___a91ecdeeef__char__4e1093d1a9,白,白,白,念白,张夫人,"是,低些。","张夫人（白）是,低些。"
pdf_01000000__01004004___a91ecdeeef,盗宗卷,pdf_01000000__01004004___a91ecdeeef__line__000063,pdf_01000000__01004004___a91ecdeeef__scene__005,01004004_盗宗卷.pdf,D:\University_studies\Junior\data_visualization\experiment\final_self\opera_dataset\01000000\01004004_盗宗卷.pdf,01000000/01004004_盗宗卷.pdf,49bfac8f-ad5c-4639-829d-be1bd24f8504,5,【第五场】,63,dialogue,dialogue,张苍,pdf_01000000__01004004___a91ecdeeef__char__f7e0ecae2c,白,白,白,来；念白,张苍,"太低了,要齐眉。烧了眉毛了!儿吓,将你母亲的灯亮接过来。","张苍（白）太低了,要齐眉。烧了眉毛了!儿吓,将你母亲的灯亮接过来。"
pdf_01000000__01004004___a91ecdeeef,盗宗卷,pdf_01000000__01004004___a91ecdeeef__line__000063,pdf_01000000__01004004___a91ecdeeef__scene__005,01004004_盗宗卷.pdf,D:\University_studies\Junior\data_visualization\experiment\final_self\opera_dataset\01000000\01004004_盗宗卷.pdf,01000000/01004004_盗宗卷.pdf,49bfac8f-ad5c-4639-829d-be1bd24f8504,5,【第五场】,63,dialogue,dialogue,张秀玉,pdf_01000000__01004004___a91ecdeeef__char__fbce69208f,白,白,白,念白,张秀玉,是。,张秀玉（白）是。
pdf_01000000__01004004___a91ecdeeef,盗宗卷,pdf_01000000__01004004___a91ecdeeef__line__000063,pdf_01000000__01004004___a91ecdeeef__scene__005,01004004_盗宗卷.pdf,D:\University_studies\Junior\data_visualization\experiment\final_self\opera_dataset\01000000\01004004_盗宗卷.pdf,01000000/01004004_盗宗卷.pdf,49bfac8f-ad5c-4639-829d-be1bd24f8504,5,【第五场】,63,dialogue,dialogue,张苍,pdf_01000000__01004004___a91ecdeeef__char__f7e0ecae2c,白,白,白,念白,张苍,"夫人,我的儿子掌灯,比你还强吓!","张苍（白）夫人,我的儿子掌灯,比你还强吓!"
pdf_01000000__01004004___a91ecdeeef,盗宗卷,pdf_01000000__01004004___a91ecdeeef__line__000063,pdf_01000000__01004004___a91ecdeeef__scene__005,01004004_盗宗卷.pdf,D:\University_studies\Junior\data_visualization\experiment\final_self\opera_dataset\01000000\01004004_盗宗卷.pdf,01000000/01004004_盗宗卷.pdf,49bfac8f-ad5c-4639-829d-be1bd24f8504,5,【第五场】,63,dialogue,dialogue,张苍,pdf_01000000__01004004___a91ecdeeef__char__f7e0ecae2c,白,白,白,来；念白,吕后；张苍,"这宗卷已被吕后用火焚化了,此卷是哪里来的?","张苍（白）这宗卷已被吕后用火焚化了,此卷是哪里来的?"
pdf_01000000__01004004___a91ecdeeef,盗宗卷,pdf_01000000__01004004___a91ecdeeef__line__000063,pdf_01000000__01004004___a91ecdeeef__scene__005,01004004_盗宗卷.pdf,D:\University_studies\Junior\data_visualization\experiment\final_self\opera_dataset\01000000\01004004_盗宗卷.pdf,01000000/01004004_盗宗卷.pdf,49bfac8f-ad5c-4639-829d-be1bd24f8504,5,【第五场】,63,dialogue,dialogue,张秀玉,pdf_01000000__01004004___a91ecdeeef__char__fbce69208f,白,白,白,下；看；命；念白,张秀玉,"只因癸未年,爹爹有病在床,命儿看守宗卷,看到第七部第七册,见香国赵娘娘死得可惨,儿就抄下一部,以防后患。用黄蜡刻成玉玺。金殿焚的,乃是假的,这是历代老宗卷。","张秀玉（白）只因癸未年,爹爹有病在床,命儿看守宗卷,看到第七部第七册,见香国赵娘娘死得可惨,儿就抄下一部,以防后患。用黄蜡刻成玉玺。金殿焚的,乃是假的,这是历代老宗卷。"
pdf_01000000__01004004___a91ecdeeef,盗宗卷,pdf_01000000__01004004___a91ecdeeef__line__000063,pdf_01000000__01004004___a91ecdeeef__scene__005,01004004_盗宗卷.pdf,D:\University_studies\Junior\data_visualization\experiment\final_self\opera_dataset\01000000\01004004_盗宗卷.pdf,01000000/01004004_盗宗卷.pdf,49bfac8f-ad5c-4639-829d-be1bd24f8504,5,【第五场】,63,dialogue,dialogue,张苍,pdf_01000000__01004004___a91ecdeeef__char__f7e0ecae2c,白,白,白,念白,张苍,当真?,张苍（白）当真?
pdf_01000000__01004004___a91ecdeeef,盗宗卷,pdf_01000000__01004004___a91ecdeeef__line__000063,pdf_01000000__01004004___a91ecdeeef__scene__005,01004004_盗宗卷.pdf,D:\University_studies\Junior\data_visualization\experiment\final_self\opera_dataset\01000000\01004004_盗宗卷.pdf,01000000/01004004_盗宗卷.pdf,49bfac8f-ad5c-4639-829d-be1bd24f8504,5,【第五场】,63,dialogue,dialogue,张秀玉,pdf_01000000__01004004___a91ecdeeef__char__fbce69208f,白,白,白,念白,张秀玉,当真。,张秀玉（白）当真。
pdf_01000000__01004004___a91ecdeeef,盗宗卷,pdf_01000000__01004004___a91ecdeeef__line__000063,pdf_01000000__01004004___a91ecdeeef__scene__005,01004004_盗宗卷.pdf,D:\University_studies\Junior\data_visualization\experiment\final_self\opera_dataset\01000000\01004004_盗宗卷.pdf,01000000/01004004_盗宗卷.pdf,49bfac8f-ad5c-4639-829d-be1bd24f8504,5,【第五场】,63,dialogue,dialogue,张苍,pdf_01000000__01004004___a91ecdeeef__char__f7e0ecae2c,白,白,白,念白,张苍,果然?,张苍（白）果然?
pdf_01000000__01004004___a91ecdeeef,盗宗卷,pdf_01000000__01004004___a91ecdeeef__line__000063,pdf_01000000__01004004___a91ecdeeef__scene__005,01004004_盗宗卷.pdf,D:\University_studies\Junior\data_visualization\experiment\final_self\opera_dataset\01000000\01004004_盗宗卷.pdf,01000000/01004004_盗宗卷.pdf,49bfac8f-ad5c-4639-829d-be1bd24f8504,5,【第五场】,63,dialogue,dialogue,张秀玉,pdf_01000000__01004004___a91ecdeeef__char__fbce69208f,白,白,白,念白,张秀玉,果然。,张秀玉（白）果然。
pdf_01000000__01004004___a91ecdeeef,盗宗卷,pdf_01000000__01004004___a91ecdeeef__line__000063,pdf_01000000__01004004___a91ecdeeef__scene__005,01004004_盗宗卷.pdf,D:\University_studies\Junior\data_visualization\experiment\final_self\opera_dataset\01000000\01004004_盗宗卷.pdf,01000000/01004004_盗宗卷.pdf,49bfac8f-ad5c-4639-829d-be1bd24f8504,5,【第五场】,63,dialogue,dialogue,张苍,pdf_01000000__01004004___a91ecdeeef__char__f7e0ecae2c,白,白,白,念白,张苍,"夫人,这样的好儿子,你与我多养几个。","张苍（白）夫人,这样的好儿子,你与我多养几个。"
pdf_01000000__01004004___a91ecdeeef,盗宗卷,pdf_01000000__01004004___a91ecdeeef__line__000063,pdf_01000000__01004004___a91ecdeeef__scene__005,01004004_盗宗卷.pdf,D:\University_studies\Junior\data_visualization\experiment\final_self\opera_dataset\01000000\01004004_盗宗卷.pdf,01000000/01004004_盗宗卷.pdf,49bfac8f-ad5c-4639-829d-be1bd24f8504,5,【第五场】,63,dialogue,dialogue,张秀玉,pdf_01000000__01004004___a91ecdeeef__char__fbce69208f,白,白,白,来；念白,张秀玉,"爹爹有了宗卷,还怕他何来?","张秀玉（白）爹爹有了宗卷,还怕他何来?"
pdf_01000000__01004004___a91ecdeeef,盗宗卷,pdf_01000000__01004004___a91ecdeeef__line__000063,pdf_01000000__01004004___a91ecdeeef__scene__005,01004004_盗宗卷.pdf,D:\University_studies\Junior\data_visualization\experiment\final_self\opera_dataset\01000000\01004004_盗宗卷.pdf,01000000/01004004_盗宗卷.pdf,49bfac8f-ad5c-4639-829d-be1bd24f8504,5,【第五场】,63,dialogue,dialogue,张苍,pdf_01000000__01004004___a91ecdeeef__char__f7e0ecae2c,白,白,白,来；念白,陈平；张苍,"是吓,我还怕他何来,我还要与那陈平老儿,大闹一场吓!","张苍（白）是吓,我还怕他何来,我还要与那陈平老儿,大闹一场吓!"
pdf_01000000__01004004___a91ecdeeef,盗宗卷,pdf_01000000__01004004___a91ecdeeef__line__000063,pdf_01000000__01004004___a91ecdeeef__scene__005,01004004_盗宗卷.pdf,D:\University_studies\Junior\data_visualization\experiment\final_self\opera_dataset\01000000\01004004_盗宗卷.pdf,01000000/01004004_盗宗卷.pdf,49bfac8f-ad5c-4639-829d-be1bd24f8504,5,【第五场】,63,dialogue,dialogue,张秀玉,pdf_01000000__01004004___a91ecdeeef__char__fbce69208f,白,白,白,念白,张秀玉,在这里。,张秀玉（白）在这里。
pdf_01000000__01004004___a91ecdeeef,盗宗卷,pdf_01000000__01004004___a91ecdeeef__line__000063,pdf_01000000__01004004___a91ecdeeef__scene__005,01004004_盗宗卷.pdf,D:\University_studies\Junior\data_visualization\experiment\final_self\opera_dataset\01000000\01004004_盗宗卷.pdf,01000000/01004004_盗宗卷.pdf,49bfac8f-ad5c-4639-829d-be1bd24f8504,5,【第五场】,63,dialogue,dialogue,张苍,pdf_01000000__01004004___a91ecdeeef__char__f7e0ecae2c,白,白,白,念白,张苍,好儿子!,张苍（白）好儿子!
pdf_01000000__01004004___a91ecdeeef,盗宗卷,pdf_01000000__01004004___a91ecdeeef__line__000063,pdf_01000000__01004004___a91ecdeeef__scene__005,01004004_盗宗卷.pdf,D:\University_studies\Junior\data_visualization\experiment\final_self\opera_dataset\01000000\01004004_盗宗卷.pdf,01000000/01004004_盗宗卷.pdf,49bfac8f-ad5c-4639-829d-be1bd24f8504,5,【第五场】,63,lyric,lyric,张夫人,pdf_01000000__01004004___a91ecdeeef__char__4e1093d1a9,西皮摇板,唱,西皮摇板,坐；唱段,张夫人,"一见老爷出府门,静坐内衙等信音。","张夫人（西皮摇板）一见老爷出府门,静坐内衙等信音。"
pdf_01000000__01004004___a91ecdeeef,盗宗卷,pdf_01000000__01004004___a91ecdeeef__line__000067,pdf_01000000__01004004___a91ecdeeef__scene__006,01004004_盗宗卷.pdf,D:\University_studies\Junior\data_visualization\experiment\final_self\opera_dataset\01000000\01004004_盗宗卷.pdf,01000000/01004004_盗宗卷.pdf,49bfac8f-ad5c-4639-829d-be1bd24f8504,6,【第六场】,67,stage_direction,stage_direction,,,家院引张苍同上。,做,家院引张苍同上。,上,张苍；家院,,（家院引张苍同上。）
pdf_01000000__01004004___a91ecdeeef,盗宗卷,pdf_01000000__01004004___a91ecdeeef__line__000069,pdf_01000000__01004004___a91ecdeeef__scene__006,01004004_盗宗卷.pdf,D:\University_studies\Junior\data_visualization\experiment\final_self\opera_dataset\01000000\01004004_盗宗卷.pdf,01000000/01004004_盗宗卷.pdf,49bfac8f-ad5c-4639-829d-be1bd24f8504,6,【第六场】,69,dialogue,dialogue,张苍,pdf_01000000__01004004___a91ecdeeef__char__f7e0ecae2c,白,白,白,走；念白,张苍,走吓!,张苍（白）走吓!
pdf_01000000__01004004___a91ecdeeef,盗宗卷,pdf_01000000__01004004___a91ecdeeef__line__000069,pdf_01000000__01004004___a91ecdeeef__scene__006,01004004_盗宗卷.pdf,D:\University_studies\Junior\data_visualization\experiment\final_self\opera_dataset\01000000\01004004_盗宗卷.pdf,01000000/01004004_盗宗卷.pdf,49bfac8f-ad5c-4639-829d-be1bd24f8504,6,【第六场】,69,dialogue,dialogue,家院,pdf_01000000__01004004___a91ecdeeef__char__86956c08c7,白,白,白,念白,家院,在这里。,家院（白）在这里。
pdf_01000000__01004004___a91ecdeeef,盗宗卷,pdf_01000000__01004004___a91ecdeeef__line__000069,pdf_01000000__01004004___a91ecdeeef__scene__006,01004004_盗宗卷.pdf,D:\University_studies\Junior\data_visualization\experiment\final_self\opera_dataset\01000000\01004004_盗宗卷.pdf,01000000/01004004_盗宗卷.pdf,49bfac8f-ad5c-4639-829d-be1bd24f8504,6,【第六场】,69,lyric,lyric,张苍,pdf_01000000__01004004___a91ecdeeef__char__f7e0ecae2c,西皮摇板,唱,西皮摇板,唱段,张苍,不由我心中喜十分。,张苍（西皮摇板）不由我心中喜十分。
pdf_01000000__01004004___a91ecdeeef,盗宗卷,pdf_01000000__01004004___a91ecdeeef__line__000069,pdf_01000000__01004004___a91ecdeeef__scene__006,01004004_盗宗卷.pdf,D:\University_studies\Junior\data_visualization\experiment\final_self\opera_dataset\01000000\01004004_盗宗卷.pdf,01000000/01004004_盗宗卷.pdf,49bfac8f-ad5c-4639-829d-be1bd24f8504,6,【第六场】,69,dialogue,dialogue,陈平,pdf_01000000__01004004___a91ecdeeef__char__48d2ecb259,白,白,白,来；念白,陈平；张苍,"吓,张苍你来了?","陈平（白）吓,张苍你来了?"
pdf_01000000__01004004___a91ecdeeef,盗宗卷,pdf_01000000__01004004___a91ecdeeef__line__000069,pdf_01000000__01004004___a91ecdeeef__scene__006,01004004_盗宗卷.pdf,D:\University_studies\Junior\data_visualization\experiment\final_self\opera_dataset\01000000\01004004_盗宗卷.pdf,01000000/01004004_盗宗卷.pdf,49bfac8f-ad5c-4639-829d-be1bd24f8504,6,【第六场】,69,dialogue,dialogue,张苍,pdf_01000000__01004004___a91ecdeeef__char__f7e0ecae2c,白,白,白,来；念白,张苍,我不来还是怕你不成?,张苍（白）我不来还是怕你不成?
pdf_01000000__01004004___a91ecdeeef,盗宗卷,pdf_01000000__01004004___a91ecdeeef__line__000069,pdf_01000000__01004004___a91ecdeeef__scene__006,01004004_盗宗卷.pdf,D:\University_studies\Junior\data_visualization\experiment\final_self\opera_dataset\01000000\01004004_盗宗卷.pdf,01000000/01004004_盗宗卷.pdf,49bfac8f-ad5c-4639-829d-be1bd24f8504,6,【第六场】,69,dialogue,dialogue,陈平,pdf_01000000__01004004___a91ecdeeef__char__48d2ecb259,白,白,白,念白,陈平,"这是什么所在,连品级台都没有了。","陈平（白）这是什么所在,连品级台都没有了。"
pdf_01000000__01004004___a91ecdeeef,盗宗卷,pdf_01000000__01004004___a91ecdeeef__line__000069,pdf_01000000__01004004___a91ecdeeef__scene__006,01004004_盗宗卷.pdf,D:\University_studies\Junior\data_visualization\experiment\final_self\opera_dataset\01000000\01004004_盗宗卷.pdf,01000000/01004004_盗宗卷.pdf,49bfac8f-ad5c-4639-829d-be1bd24f8504,6,【第六场】,69,dialogue,dialogue,张苍,pdf_01000000__01004004___a91ecdeeef__char__f7e0ecae2c,白,白,白,坐；念白,张苍,"太平年间,有品级台;如今离乱年间,还有什么品级台不品级台,待你张老爷,坐坐何妨。","张苍（白）太平年间,有品级台;如今离乱年间,还有什么品级台不品级台,待你张老爷,坐坐何妨。"
pdf_01000000__01004004___a91ecdeeef,盗宗卷,pdf_01000000__01004004___a91ecdeeef__line__000069,pdf_01000000__01004004___a91ecdeeef__scene__006,01004004_盗宗卷.pdf,D:\University_studies\Junior\data_visualization\experiment\final_self\opera_dataset\01000000\01004004_盗宗卷.pdf,01000000/01004004_盗宗卷.pdf,49bfac8f-ad5c-4639-829d-be1bd24f8504,6,【第六场】,69,dialogue,dialogue,陈平,pdf_01000000__01004004___a91ecdeeef__char__48d2ecb259,白,白,白,来；拿；念白,陈平,拿来。,陈平（白）拿来。
pdf_01000000__01004004___a91ecdeeef,盗宗卷,pdf_01000000__01004004___a91ecdeeef__line__000069,pdf_01000000__01004004___a91ecdeeef__scene__006,01004004_盗宗卷.pdf,D:\University_studies\Junior\data_visualization\experiment\final_self\opera_dataset\01000000\01004004_盗宗卷.pdf,01000000/01004004_盗宗卷.pdf,49bfac8f-ad5c-4639-829d-be1bd24f8504,6,【第六场】,69,dialogue,dialogue,张苍,pdf_01000000__01004004___a91ecdeeef__char__f7e0ecae2c,白,白,白,来；拿；念白,张苍,拿什么来?,张苍（白）拿什么来?
pdf_01000000__01004004___a91ecdeeef,盗宗卷,pdf_01000000__01004004___a91ecdeeef__line__000069,pdf_01000000__01004004___a91ecdeeef__scene__006,01004004_盗宗卷.pdf,D:\University_studies\Junior\data_visualization\experiment\final_self\opera_dataset\01000000\01004004_盗宗卷.pdf,01000000/01004004_盗宗卷.pdf,49bfac8f-ad5c-4639-829d-be1bd24f8504,6,【第六场】,69,dialogue,dialogue,陈平,pdf_01000000__01004004___a91ecdeeef__char__48d2ecb259,白,白,白,来；念白,陈平,宗卷来吓!,陈平（白）宗卷来吓!
pdf_01000000__01004004___a91ecdeeef,盗宗卷,pdf_01000000__01004004___a91ecdeeef__line__000069,pdf_01000000__01004004___a91ecdeeef__scene__006,01004004_盗宗卷.pdf,D:\University_studies\Junior\data_visualization\experiment\final_self\opera_dataset\01000000\01004004_盗宗卷.pdf,01000000/01004004_盗宗卷.pdf,49bfac8f-ad5c-4639-829d-be1bd24f8504,6,【第六场】,69,dialogue,dialogue,张苍,pdf_01000000__01004004___a91ecdeeef__char__f7e0ecae2c,白,白,白,念白,张苍,要几十部?,张苍（白）要几十部?
pdf_01000000__01004004___a91ecdeeef,盗宗卷,pdf_01000000__01004004___a91ecdeeef__line__000069,pdf_01000000__01004004___a91ecdeeef__scene__006,01004004_盗宗卷.pdf,D:\University_studies\Junior\data_visualization\experiment\final_self\opera_dataset\01000000\01004004_盗宗卷.pdf,01000000/01004004_盗宗卷.pdf,49bfac8f-ad5c-4639-829d-be1bd24f8504,6,【第六场】,69,dialogue,dialogue,陈平,pdf_01000000__01004004___a91ecdeeef__char__48d2ecb259,白,白,白,念白,陈平,只要一部吓!,陈平（白）只要一部吓!
pdf_01000000__01004004___a91ecdeeef,盗宗卷,pdf_01000000__01004004___a91ecdeeef__line__000069,pdf_01000000__01004004___a91ecdeeef__scene__006,01004004_盗宗卷.pdf,D:\University_studies\Junior\data_visualization\experiment\final_self\opera_dataset\01000000\01004004_盗宗卷.pdf,01000000/01004004_盗宗卷.pdf,49bfac8f-ad5c-4639-829d-be1bd24f8504,6,【第六场】,69,dialogue,dialogue,张苍,pdf_01000000__01004004___a91ecdeeef__char__f7e0ecae2c,白,白,白,去；拿；念白,张苍,"哦,要一部,你就拿了去!","张苍（白）哦,要一部,你就拿了去!"
pdf_01000000__01004004___a91ecdeeef,盗宗卷,pdf_01000000__01004004___a91ecdeeef__line__000069,pdf_01000000__01004004___a91ecdeeef__scene__006,01004004_盗宗卷.pdf,D:\University_studies\Junior\data_visualization\experiment\final_self\opera_dataset\01000000\01004004_盗宗卷.pdf,01000000/01004004_盗宗卷.pdf,49bfac8f-ad5c-4639-829d-be1bd24f8504,6,【第六场】,69,dialogue,dialogue,陈平,pdf_01000000__01004004___a91ecdeeef__char__48d2ecb259,白,白,白,来；拿；念白,陈平,"他被我唬糊涂了,拿部经史搪塞老夫来了。","陈平（白）他被我唬糊涂了,拿部经史搪塞老夫来了。"
pdf_01000000__01004004___a91ecdeeef,盗宗卷,pdf_01000000__01004004___a91ecdeeef__line__000069,pdf_01000000__01004004___a91ecdeeef__scene__006,01004004_盗宗卷.pdf,D:\University_studies\Junior\data_visualization\experiment\final_self\opera_dataset\01000000\01004004_盗宗卷.pdf,01000000/01004004_盗宗卷.pdf,49bfac8f-ad5c-4639-829d-be1bd24f8504,6,【第六场】,69,dialogue,dialogue,张苍,pdf_01000000__01004004___a91ecdeeef__char__f7e0ecae2c,白,白,白,看；念白,张苍,"是与不是,你且看个明白。","张苍（白）是与不是,你且看个明白。"
pdf_01000000__01004004___a91ecdeeef,盗宗卷,pdf_01000000__01004004___a91ecdeeef__line__000069,pdf_01000000__01004004___a91ecdeeef__scene__006,01004004_盗宗卷.pdf,D:\University_studies\Junior\data_visualization\experiment\final_self\opera_dataset\01000000\01004004_盗宗卷.pdf,01000000/01004004_盗宗卷.pdf,49bfac8f-ad5c-4639-829d-be1bd24f8504,6,【第六场】,69,dialogue,dialogue,陈平,pdf_01000000__01004004___a91ecdeeef__char__48d2ecb259,白,白,白,来；念白,陈平,"“初起义来在关东”......吓,张大人,这是宗卷吓!","陈平（白）“初起义来在关东”......吓,张大人,这是宗卷吓!"
pdf_01000000__01004004___a91ecdeeef,盗宗卷,pdf_01000000__01004004___a91ecdeeef__line__000069,pdf_01000000__01004004___a91ecdeeef__scene__006,01004004_盗宗卷.pdf,D:\University_studies\Junior\data_visualization\experiment\final_self\opera_dataset\01000000\01004004_盗宗卷.pdf,01000000/01004004_盗宗卷.pdf,49bfac8f-ad5c-4639-829d-be1bd24f8504,6,【第六场】,69,dialogue,dialogue,张苍,pdf_01000000__01004004___a91ecdeeef__char__f7e0ecae2c,白,白,白,念白,张苍,不是宗卷。,张苍（白）不是宗卷。
pdf_01000000__01004004___a91ecdeeef,盗宗卷,pdf_01000000__01004004___a91ecdeeef__line__000069,pdf_01000000__01004004___a91ecdeeef__scene__006,01004004_盗宗卷.pdf,D:\University_studies\Junior\data_visualization\experiment\final_self\opera_dataset\01000000\01004004_盗宗卷.pdf,01000000/01004004_盗宗卷.pdf,49bfac8f-ad5c-4639-829d-be1bd24f8504,6,【第六场】,69,dialogue,dialogue,陈平,pdf_01000000__01004004___a91ecdeeef__char__48d2ecb259,白,白,白,念白,陈平,是什么?,陈平（白）是什么?
pdf_01000000__01004004___a91ecdeeef,盗宗卷,pdf_01000000__01004004___a91ecdeeef__line__000069,pdf_01000000__01004004___a91ecdeeef__scene__006,01004004_盗宗卷.pdf,D:\University_studies\Junior\data_visualization\experiment\final_self\opera_dataset\01000000\01004004_盗宗卷.pdf,01000000/01004004_盗宗卷.pdf,49bfac8f-ad5c-4639-829d-be1bd24f8504,6,【第六场】,69,dialogue,dialogue,张苍,pdf_01000000__01004004___a91ecdeeef__char__f7e0ecae2c,白,白,白,念白,张苍,是卷宗吓!,张苍（白）是卷宗吓!
pdf_01000000__01004004___a91ecdeeef,盗宗卷,pdf_01000000__01004004___a91ecdeeef__line__000069,pdf_01000000__01004004___a91ecdeeef__scene__006,01004004_盗宗卷.pdf,D:\University_studies\Junior\data_visualization\experiment\final_self\opera_dataset\01000000\01004004_盗宗卷.pdf,01000000/01004004_盗宗卷.pdf,49bfac8f-ad5c-4639-829d-be1bd24f8504,6,【第六场】,69,dialogue,dialogue,陈平,pdf_01000000__01004004___a91ecdeeef__char__48d2ecb259,白,白,白,上；来；请；坐；念白,陈平,"哈哈!有了宗卷,请来上坐。国太焚化了,这哪里来的?","陈平（白）哈哈!有了宗卷,请来上坐。国太焚化了,这哪里来的?"
pdf_01000000__01004004___a91ecdeeef,盗宗卷,pdf_01000000__01004004___a91ecdeeef__line__000069,pdf_01000000__01004004___a91ecdeeef__scene__006,01004004_盗宗卷.pdf,D:\University_studies\Junior\data_visualization\experiment\final_self\opera_dataset\01000000\01004004_盗宗卷.pdf,01000000/01004004_盗宗卷.pdf,49bfac8f-ad5c-4639-829d-be1bd24f8504,6,【第六场】,69,dialogue,dialogue,张苍,pdf_01000000__01004004___a91ecdeeef__char__f7e0ecae2c,白,白,白,上；下；看；命；念白,张苍,"相爷有所不知,只因癸未年间,下官染病在床,命小儿替我看守此卷,他看到第七部七册上,见香国娘娘,死得可惨,故而誊写一部,以备后患。","张苍（白）相爷有所不知,只因癸未年间,下官染病在床,命小儿替我看守此卷,他看到第七部七册上,见香国娘娘,死得可惨,故而誊写一部,以备后患。"
pdf_01000000__01004004___a91ecdeeef,盗宗卷,pdf_01000000__01004004___a91ecdeeef__line__000069,pdf_01000000__01004004___a91ecdeeef__scene__006,01004004_盗宗卷.pdf,D:\University_studies\Junior\data_visualization\experiment\final_self\opera_dataset\01000000\01004004_盗宗卷.pdf,01000000/01004004_盗宗卷.pdf,49bfac8f-ad5c-4639-829d-be1bd24f8504,6,【第六场】,69,dialogue,dialogue,陈平,pdf_01000000__01004004___a91ecdeeef__char__48d2ecb259,白,白,白,上；打；念白,陈平,"这皇家宗卷玉玺,怎的打在上面?","陈平（白）这皇家宗卷玉玺,怎的打在上面?"
pdf_01000000__01004004___a91ecdeeef,盗宗卷,pdf_01000000__01004004___a91ecdeeef__line__000069,pdf_01000000__01004004___a91ecdeeef__scene__006,01004004_盗宗卷.pdf,D:\University_studies\Junior\data_visualization\experiment\final_self\opera_dataset\01000000\01004004_盗宗卷.pdf,01000000/01004004_盗宗卷.pdf,49bfac8f-ad5c-4639-829d-be1bd24f8504,6,【第六场】,69,dialogue,dialogue,张苍,pdf_01000000__01004004___a91ecdeeef__char__f7e0ecae2c,白,白,白,上；打；念白,张苍,"这是小儿一时聪敏,将黄蜡镌成玉玺,打在上面。在金殿焚化的,乃是假的;这是历代历代的老宗卷。","张苍（白）这是小儿一时聪敏,将黄蜡镌成玉玺,打在上面。在金殿焚化的,乃是假的;这是历代历代的老宗卷。"
pdf_01000000__01004004___a91ecdeeef,盗宗卷,pdf_01000000__01004004___a91ecdeeef__line__000069,pdf_01000000__01004004___a91ecdeeef__scene__006,01004004_盗宗卷.pdf,D:\University_studies\Junior\data_visualization\experiment\final_self\opera_dataset\01000000\01004004_盗宗卷.pdf,01000000/01004004_盗宗卷.pdf,49bfac8f-ad5c-4639-829d-be1bd24f8504,6,【第六场】,69,dialogue,dialogue,陈平,pdf_01000000__01004004___a91ecdeeef__char__48d2ecb259,白,白,白,令；念白,陈平,如今令郎有多大年纪?,陈平（白）如今令郎有多大年纪?
pdf_01000000__01004004___a91ecdeeef,盗宗卷,pdf_01000000__01004004___a91ecdeeef__line__000069,pdf_01000000__01004004___a91ecdeeef__scene__006,01004004_盗宗卷.pdf,D:\University_studies\Junior\data_visualization\experiment\final_self\opera_dataset\01000000\01004004_盗宗卷.pdf,01000000/01004004_盗宗卷.pdf,49bfac8f-ad5c-4639-829d-be1bd24f8504,6,【第六场】,69,dialogue,dialogue,张苍,pdf_01000000__01004004___a91ecdeeef__char__f7e0ecae2c,白,白,白,念白,张苍,一十四岁。,张苍（白）一十四岁。
pdf_01000000__01004004___a91ecdeeef,盗宗卷,pdf_01000000__01004004___a91ecdeeef__line__000069,pdf_01000000__01004004___a91ecdeeef__scene__006,01004004_盗宗卷.pdf,D:\University_studies\Junior\data_visualization\experiment\final_self\opera_dataset\01000000\01004004_盗宗卷.pdf,01000000/01004004_盗宗卷.pdf,49bfac8f-ad5c-4639-829d-be1bd24f8504,6,【第六场】,69,dialogue,dialogue,陈平,pdf_01000000__01004004___a91ecdeeef__char__48d2ecb259,白,白,白,念白,陈平,"哦,一十四岁,有此大才,日后必有出将入相之才。","陈平（白）哦,一十四岁,有此大才,日后必有出将入相之才。"
pdf_01000000__01004004___a91ecdeeef,盗宗卷,pdf_01000000__01004004___a91ecdeeef__line__000069,pdf_01000000__01004004___a91ecdeeef__scene__006,01004004_盗宗卷.pdf,D:\University_studies\Junior\data_visualization\experiment\final_self\opera_dataset\01000000\01004004_盗宗卷.pdf,01000000/01004004_盗宗卷.pdf,49bfac8f-ad5c-4639-829d-be1bd24f8504,6,【第六场】,69,dialogue,dialogue,张苍,pdf_01000000__01004004___a91ecdeeef__char__f7e0ecae2c,白,白,白,念白,张苍,"不错,我的儿子有你的位份!","张苍（白）不错,我的儿子有你的位份!"
pdf_01000000__01004004___a91ecdeeef,盗宗卷,pdf_01000000__01004004___a91ecdeeef__line__000069,pdf_01000000__01004004___a91ecdeeef__scene__006,01004004_盗宗卷.pdf,D:\University_studies\Junior\data_visualization\experiment\final_self\opera_dataset\01000000\01004004_盗宗卷.pdf,01000000/01004004_盗宗卷.pdf,49bfac8f-ad5c-4639-829d-be1bd24f8504,6,【第六场】,69,dialogue,dialogue,陈平,pdf_01000000__01004004___a91ecdeeef__char__48d2ecb259,白,白,白,来；念白,陈平,"我不过奉承他几句,他在老夫面前,好起高来了!待我来唬他一唬。","陈平（白）我不过奉承他几句,他在老夫面前,好起高来了!待我来唬他一唬。"
pdf_01000000__01004004___a91ecdeeef,盗宗卷,pdf_01000000__01004004___a91ecdeeef__line__000069,pdf_01000000__01004004___a91ecdeeef__scene__006,01004004_盗宗卷.pdf,D:\University_studies\Junior\data_visualization\experiment\final_self\opera_dataset\01000000\01004004_盗宗卷.pdf,01000000/01004004_盗宗卷.pdf,49bfac8f-ad5c-4639-829d-be1bd24f8504,6,【第六场】,69,dialogue,dialogue,张苍,pdf_01000000__01004004___a91ecdeeef__char__f7e0ecae2c,白,白,白,念白,张苍,我怎么不好?,张苍（白）我怎么不好?
pdf_01000000__01004004___a91ecdeeef,盗宗卷,pdf_01000000__01004004___a91ecdeeef__line__000069,pdf_01000000__01004004___a91ecdeeef__scene__006,01004004_盗宗卷.pdf,D:\University_studies\Junior\data_visualization\experiment\final_self\opera_dataset\01000000\01004004_盗宗卷.pdf,01000000/01004004_盗宗卷.pdf,49bfac8f-ad5c-4639-829d-be1bd24f8504,6,【第六场】,69,dialogue,dialogue,陈平,pdf_01000000__01004004___a91ecdeeef__char__48d2ecb259,白,白,白,走；念白,陈平,"你私造皇家玉玺,欲谋江山之意!走!","陈平（白）你私造皇家玉玺,欲谋江山之意!走!"
pdf_01000000__01004004___a91ecdeeef,盗宗卷,pdf_01000000__01004004___a91ecdeeef__line__000069,pdf_01000000__01004004___a91ecdeeef__scene__006,01004004_盗宗卷.pdf,D:\University_studies\Junior\data_visualization\experiment\final_self\opera_dataset\01000000\01004004_盗宗卷.pdf,01000000/01004004_盗宗卷.pdf,49bfac8f-ad5c-4639-829d-be1bd24f8504,6,【第六场】,69,dialogue,dialogue,张苍,pdf_01000000__01004004___a91ecdeeef__char__f7e0ecae2c,白,白,白,去；念白,张苍,哪里去?,张苍（白）哪里去?
pdf_01000000__01004004___a91ecdeeef,盗宗卷,pdf_01000000__01004004___a91ecdeeef__line__000069,pdf_01000000__01004004___a91ecdeeef__scene__006,01004004_盗宗卷.pdf,D:\University_studies\Junior\data_visualization\experiment\final_self\opera_dataset\01000000\01004004_盗宗卷.pdf,01000000/01004004_盗宗卷.pdf,49bfac8f-ad5c-4639-829d-be1bd24f8504,6,【第六场】,69,dialogue,dialogue,陈平,pdf_01000000__01004004___a91ecdeeef__char__48d2ecb259,白,白,白,去；念白,陈平,去见国太。,陈平（白）去见国太。
pdf_01000000__01004004___a91ecdeeef,盗宗卷,pdf_01000000__01004004___a91ecdeeef__line__000069,pdf_01000000__01004004___a91ecdeeef__scene__006,01004004_盗宗卷.pdf,D:\University_studies\Junior\data_visualization\experiment\final_self\opera_dataset\01000000\01004004_盗宗卷.pdf,01000000/01004004_盗宗卷.pdf,49bfac8f-ad5c-4639-829d-be1bd24f8504,6,【第六场】,69,dialogue,dialogue,张苍,pdf_01000000__01004004___a91ecdeeef__char__f7e0ecae2c,白,白,白,念白,张苍,"相爷息怒,我有策悔。","张苍（白）相爷息怒,我有策悔。"
pdf_01000000__01004004___a91ecdeeef,盗宗卷,pdf_01000000__01004004___a91ecdeeef__line__000069,pdf_01000000__01004004___a91ecdeeef__scene__006,01004004_盗宗卷.pdf,D:\University_studies\Junior\data_visualization\experiment\final_self\opera_dataset\01000000\01004004_盗宗卷.pdf,01000000/01004004_盗宗卷.pdf,49bfac8f-ad5c-4639-829d-be1bd24f8504,6,【第六场】,69,dialogue,dialogue,陈平,pdf_01000000__01004004___a91ecdeeef__char__48d2ecb259,白,白,白,看；念白,陈平,看你的策悔。,陈平（白）看你的策悔。
pdf_01000000__01004004___a91ecdeeef,盗宗卷,pdf_01000000__01004004___a91ecdeeef__line__000069,pdf_01000000__01004004___a91ecdeeef__scene__006,01004004_盗宗卷.pdf,D:\University_studies\Junior\data_visualization\experiment\final_self\opera_dataset\01000000\01004004_盗宗卷.pdf,01000000/01004004_盗宗卷.pdf,49bfac8f-ad5c-4639-829d-be1bd24f8504,6,【第六场】,69,dialogue,dialogue,张苍,pdf_01000000__01004004___a91ecdeeef__char__f7e0ecae2c,白,白,白,下；来；念白,张苍,"这宗卷交待明白。就是我与他好的什么高,知今生起祸事来了,不免与他赔个礼儿就是了。吓相爷,方才下官的不是,这厢赔礼了。","张苍（白）这宗卷交待明白。就是我与他好的什么高,知今生起祸事来了,不免与他赔个礼儿就是了。吓相爷,方才下官的不是,这厢赔礼了。"
pdf_01000000__01004004___a91ecdeeef,盗宗卷,pdf_01000000__01004004___a91ecdeeef__line__000069,pdf_01000000__01004004___a91ecdeeef__scene__006,01004004_盗宗卷.pdf,D:\University_studies\Junior\data_visualization\experiment\final_self\opera_dataset\01000000\01004004_盗宗卷.pdf,01000000/01004004_盗宗卷.pdf,49bfac8f-ad5c-4639-829d-be1bd24f8504,6,【第六场】,69,dialogue,dialogue,陈平,pdf_01000000__01004004___a91ecdeeef__char__48d2ecb259,白,白,白,道；念白,陈平,"哎,你是父子同谋江山,作了个揖,难道就罢了么?这的不够!","陈平（白）哎,你是父子同谋江山,作了个揖,难道就罢了么?这的不够!"
pdf_01000000__01004004___a91ecdeeef,盗宗卷,pdf_01000000__01004004___a91ecdeeef__line__000069,pdf_01000000__01004004___a91ecdeeef__scene__006,01004004_盗宗卷.pdf,D:\University_studies\Junior\data_visualization\experiment\final_self\opera_dataset\01000000\01004004_盗宗卷.pdf,01000000/01004004_盗宗卷.pdf,49bfac8f-ad5c-4639-829d-be1bd24f8504,6,【第六场】,69,dialogue,dialogue,张苍,pdf_01000000__01004004___a91ecdeeef__char__f7e0ecae2c,白,白,白,念白,张苍,"是是是,只怕不够。","张苍（白）是是是,只怕不够。"
pdf_01000000__01004004___a91ecdeeef,盗宗卷,pdf_01000000__01004004___a91ecdeeef__line__000069,pdf_01000000__01004004___a91ecdeeef__scene__006,01004004_盗宗卷.pdf,D:\University_studies\Junior\data_visualization\experiment\final_self\opera_dataset\01000000\01004004_盗宗卷.pdf,01000000/01004004_盗宗卷.pdf,49bfac8f-ad5c-4639-829d-be1bd24f8504,6,【第六场】,69,dialogue,dialogue,陈平,pdf_01000000__01004004___a91ecdeeef__char__48d2ecb259,白,白,白,念白,陈平；张苍,"张苍,何苦怕老夫?","陈平（白）张苍,何苦怕老夫?"
pdf_01000000__01004004___a91ecdeeef,盗宗卷,pdf_01000000__01004004___a91ecdeeef__line__000069,pdf_01000000__01004004___a91ecdeeef__scene__006,01004004_盗宗卷.pdf,D:\University_studies\Junior\data_visualization\experiment\final_self\opera_dataset\01000000\01004004_盗宗卷.pdf,01000000/01004004_盗宗卷.pdf,49bfac8f-ad5c-4639-829d-be1bd24f8504,6,【第六场】,69,dialogue,dialogue,张苍,pdf_01000000__01004004___a91ecdeeef__char__f7e0ecae2c,白,白,白,念白,张苍,实实的怕相爷!,张苍（白）实实的怕相爷!
pdf_01000000__01004004___a91ecdeeef,盗宗卷,pdf_01000000__01004004___a91ecdeeef__line__000069,pdf_01000000__01004004___a91ecdeeef__scene__006,01004004_盗宗卷.pdf,D:\University_studies\Junior\data_visualization\experiment\final_self\opera_dataset\01000000\01004004_盗宗卷.pdf,01000000/01004004_盗宗卷.pdf,49bfac8f-ad5c-4639-829d-be1bd24f8504,6,【第六场】,69,dialogue,dialogue,陈平,pdf_01000000__01004004___a91ecdeeef__char__48d2ecb259,白,白,白,念白,陈平,你服老夫不服?,陈平（白）你服老夫不服?
pdf_01000000__01004004___a91ecdeeef,盗宗卷,pdf_01000000__01004004___a91ecdeeef__line__000069,pdf_01000000__01004004___a91ecdeeef__scene__006,01004004_盗宗卷.pdf,D:\University_studies\Junior\data_visualization\experiment\final_self\opera_dataset\01000000\01004004_盗宗卷.pdf,01000000/01004004_盗宗卷.pdf,49bfac8f-ad5c-4639-829d-be1bd24f8504,6,【第六场】,69,dialogue,dialogue,张苍,pdf_01000000__01004004___a91ecdeeef__char__f7e0ecae2c,白,白,白,念白,张苍,服了你。,张苍（白）服了你。
pdf_01000000__01004004___a91ecdeeef,盗宗卷,pdf_01000000__01004004___a91ecdeeef__line__000069,pdf_01000000__01004004___a91ecdeeef__scene__006,01004004_盗宗卷.pdf,D:\University_studies\Junior\data_visualization\experiment\final_self\opera_dataset\01000000\01004004_盗宗卷.pdf,01000000/01004004_盗宗卷.pdf,49bfac8f-ad5c-4639-829d-be1bd24f8504,6,【第六场】,69,dialogue,dialogue,陈平,pdf_01000000__01004004___a91ecdeeef__char__48d2ecb259,白,白,白,来；念白,陈平,起来。,陈平（白）起来。
pdf_01000000__01004004___a91ecdeeef,盗宗卷,pdf_01000000__01004004___a91ecdeeef__line__000069,pdf_01000000__01004004___a91ecdeeef__scene__006,01004004_盗宗卷.pdf,D:\University_studies\Junior\data_visualization\experiment\final_self\opera_dataset\01000000\01004004_盗宗卷.pdf,01000000/01004004_盗宗卷.pdf,49bfac8f-ad5c-4639-829d-be1bd24f8504,6,【第六场】,69,dialogue,dialogue,张苍,pdf_01000000__01004004___a91ecdeeef__char__f7e0ecae2c,白,白,白,念白,张苍,是。,张苍（白）是。
pdf_01000000__01004004___a91ecdeeef,盗宗卷,pdf_01000000__01004004___a91ecdeeef__line__000069,pdf_01000000__01004004___a91ecdeeef__scene__006,01004004_盗宗卷.pdf,D:\University_studies\Junior\data_visualization\experiment\final_self\opera_dataset\01000000\01004004_盗宗卷.pdf,01000000/01004004_盗宗卷.pdf,49bfac8f-ad5c-4639-829d-be1bd24f8504,6,【第六场】,69,dialogue,dialogue,陈平,pdf_01000000__01004004___a91ecdeeef__char__48d2ecb259,白,白,白,念白,陈平,"唔。哈哈,我是与你作耍的。","陈平（白）唔。哈哈,我是与你作耍的。"
pdf_01000000__01004004___a91ecdeeef,盗宗卷,pdf_01000000__01004004___a91ecdeeef__line__000069,pdf_01000000__01004004___a91ecdeeef__scene__006,01004004_盗宗卷.pdf,D:\University_studies\Junior\data_visualization\experiment\final_self\opera_dataset\01000000\01004004_盗宗卷.pdf,01000000/01004004_盗宗卷.pdf,49bfac8f-ad5c-4639-829d-be1bd24f8504,6,【第六场】,69,dialogue,dialogue,张苍,pdf_01000000__01004004___a91ecdeeef__char__f7e0ecae2c,白,白,白,来；念白,张苍,你唬出我一身冷汗来了!,张苍（白）你唬出我一身冷汗来了!
pdf_01000000__01004004___a91ecdeeef,盗宗卷,pdf_01000000__01004004___a91ecdeeef__line__000069,pdf_01000000__01004004___a91ecdeeef__scene__006,01004004_盗宗卷.pdf,D:\University_studies\Junior\data_visualization\experiment\final_self\opera_dataset\01000000\01004004_盗宗卷.pdf,01000000/01004004_盗宗卷.pdf,49bfac8f-ad5c-4639-829d-be1bd24f8504,6,【第六场】,69,dialogue,dialogue,陈平,pdf_01000000__01004004___a91ecdeeef__char__48d2ecb259,白,白,白,去；念白,陈平,"大人如今宗卷有了,你回去吧。","陈平（白）大人如今宗卷有了,你回去吧。"
pdf_01000000__01004004___a91ecdeeef,盗宗卷,pdf_01000000__01004004___a91ecdeeef__line__000069,pdf_01000000__01004004___a91ecdeeef__scene__006,01004004_盗宗卷.pdf,D:\University_studies\Junior\data_visualization\experiment\final_self\opera_dataset\01000000\01004004_盗宗卷.pdf,01000000/01004004_盗宗卷.pdf,49bfac8f-ad5c-4639-829d-be1bd24f8504,6,【第六场】,69,dialogue,dialogue,张苍,pdf_01000000__01004004___a91ecdeeef__char__f7e0ecae2c,白,白,白,念白,张苍,如此告辞了。,张苍（白）如此告辞了。
pdf_01000000__01004004___a91ecdeeef,盗宗卷,pdf_01000000__01004004___a91ecdeeef__line__000069,pdf_01000000__01004004___a91ecdeeef__scene__006,01004004_盗宗卷.pdf,D:\University_studies\Junior\data_visualization\experiment\final_self\opera_dataset\01000000\01004004_盗宗卷.pdf,01000000/01004004_盗宗卷.pdf,49bfac8f-ad5c-4639-829d-be1bd24f8504,6,【第六场】,69,dialogue,dialogue,陈平,pdf_01000000__01004004___a91ecdeeef__char__48d2ecb259,白,白,白,去；念白,陈平,"吓,大人为何去而复返?","陈平（白）吓,大人为何去而复返?"
pdf_01000000__01004004___a91ecdeeef,盗宗卷,pdf_01000000__01004004___a91ecdeeef__line__000069,pdf_01000000__01004004___a91ecdeeef__scene__006,01004004_盗宗卷.pdf,D:\University_studies\Junior\data_visualization\experiment\final_self\opera_dataset\01000000\01004004_盗宗卷.pdf,01000000/01004004_盗宗卷.pdf,49bfac8f-ad5c-4639-829d-be1bd24f8504,6,【第六场】,69,dialogue,dialogue,张苍,pdf_01000000__01004004___a91ecdeeef__char__f7e0ecae2c,白,白,白,下；去；看；问；请；追；念白,张苍,"非是下官去而复返,想那宗卷,乃是我张苍看守,请问相爷为何苦苦追究,莫非城皋有人盗卷?","张苍（白）非是下官去而复返,想那宗卷,乃是我张苍看守,请问相爷为何苦苦追究,莫非城皋有人盗卷?"
pdf_01000000__01004004___a91ecdeeef,盗宗卷,pdf_01000000__01004004___a91ecdeeef__line__000069,pdf_01000000__01004004___a91ecdeeef__scene__006,01004004_盗宗卷.pdf,D:\University_studies\Junior\data_visualization\experiment\final_self\opera_dataset\01000000\01004004_盗宗卷.pdf,01000000/01004004_盗宗卷.pdf,49bfac8f-ad5c-4639-829d-be1bd24f8504,6,【第六场】,69,dialogue,dialogue,陈平,pdf_01000000__01004004___a91ecdeeef__char__48d2ecb259,白,白,白,念白,陈平,没有。,陈平（白）没有。
pdf_01000000__01004004___a91ecdeeef,盗宗卷,pdf_01000000__01004004___a91ecdeeef__line__000069,pdf_01000000__01004004___a91ecdeeef__scene__006,01004004_盗宗卷.pdf,D:\University_studies\Junior\data_visualization\experiment\final_self\opera_dataset\01000000\01004004_盗宗卷.pdf,01000000/01004004_盗宗卷.pdf,49bfac8f-ad5c-4639-829d-be1bd24f8504,6,【第六场】,69,dialogue,dialogue,张苍,pdf_01000000__01004004___a91ecdeeef__char__f7e0ecae2c,白,白,白,走；念白,田子春；张苍,"田子春可是么?你窝藏奸细,意欲同谋国太江山,走走走!","张苍（白）田子春可是么?你窝藏奸细,意欲同谋国太江山,走走走!"
pdf_01000000__01004004___a91ecdeeef,盗宗卷,pdf_01000000__01004004___a91ecdeeef__line__000069,pdf_01000000__01004004___a91ecdeeef__scene__006,01004004_盗宗卷.pdf,D:\University_studies\Junior\data_visualization\experiment\final_self\opera_dataset\01000000\01004004_盗宗卷.pdf,01000000/01004004_盗宗卷.pdf,49bfac8f-ad5c-4639-829d-be1bd24f8504,6,【第六场】,69,dialogue,dialogue,陈平,pdf_01000000__01004004___a91ecdeeef__char__48d2ecb259,白,白,白,去；念白,陈平,哪里去?,陈平（白）哪里去?
pdf_01000000__01004004___a91ecdeeef,盗宗卷,pdf_01000000__01004004___a91ecdeeef__line__000069,pdf_01000000__01004004___a91ecdeeef__scene__006,01004004_盗宗卷.pdf,D:\University_studies\Junior\data_visualization\experiment\final_self\opera_dataset\01000000\01004004_盗宗卷.pdf,01000000/01004004_盗宗卷.pdf,49bfac8f-ad5c-4639-829d-be1bd24f8504,6,【第六场】,69,dialogue,dialogue,张苍,pdf_01000000__01004004___a91ecdeeef__char__f7e0ecae2c,白,白,白,念白,张苍,面见国太。,张苍（白）面见国太。
pdf_01000000__01004004___a91ecdeeef,盗宗卷,pdf_01000000__01004004___a91ecdeeef__line__000069,pdf_01000000__01004004___a91ecdeeef__scene__006,01004004_盗宗卷.pdf,D:\University_studies\Junior\data_visualization\experiment\final_self\opera_dataset\01000000\01004004_盗宗卷.pdf,01000000/01004004_盗宗卷.pdf,49bfac8f-ad5c-4639-829d-be1bd24f8504,6,【第六场】,69,dialogue,dialogue,陈平,pdf_01000000__01004004___a91ecdeeef__char__48d2ecb259,白,白,白,念白,陈平,我有策悔。,陈平（白）我有策悔。
pdf_01000000__01004004___a91ecdeeef,盗宗卷,pdf_01000000__01004004___a91ecdeeef__line__000069,pdf_01000000__01004004___a91ecdeeef__scene__006,01004004_盗宗卷.pdf,D:\University_studies\Junior\data_visualization\experiment\final_self\opera_dataset\01000000\01004004_盗宗卷.pdf,01000000/01004004_盗宗卷.pdf,49bfac8f-ad5c-4639-829d-be1bd24f8504,6,【第六场】,69,dialogue,dialogue,张苍,pdf_01000000__01004004___a91ecdeeef__char__f7e0ecae2c,白,白,白,看；念白,张苍,你看我是好高不好高!,张苍（白）你看我是好高不好高!
pdf_01000000__01004004___a91ecdeeef,盗宗卷,pdf_01000000__01004004___a91ecdeeef__line__000069,pdf_01000000__01004004___a91ecdeeef__scene__006,01004004_盗宗卷.pdf,D:\University_studies\Junior\data_visualization\experiment\final_self\opera_dataset\01000000\01004004_盗宗卷.pdf,01000000/01004004_盗宗卷.pdf,49bfac8f-ad5c-4639-829d-be1bd24f8504,6,【第六场】,69,dialogue,dialogue,陈平,pdf_01000000__01004004___a91ecdeeef__char__48d2ecb259,白,白,白,来；念白,陈平,"咳,有了宗卷,就该平安无事,与他作的什么耍,如今反惹一场祸事来了。也罢,与他赔个不是,也就是了。吓,张大人,方才老朽的不是,如今与张大人作揖赔礼。","陈平（白）咳,有了宗卷,就该平安无事,与他作的什么耍,如今反惹一场祸事来了。也罢,与他赔个不是,也就是了。吓,张大人,方才老朽的不是,如今与张大人作揖赔礼。"
pdf_01000000__01004004___a91ecdeeef,盗宗卷,pdf_01000000__01004004___a91ecdeeef__line__000069,pdf_01000000__01004004___a91ecdeeef__scene__006,01004004_盗宗卷.pdf,D:\University_studies\Junior\data_visualization\experiment\final_self\opera_dataset\01000000\01004004_盗宗卷.pdf,01000000/01004004_盗宗卷.pdf,49bfac8f-ad5c-4639-829d-be1bd24f8504,6,【第六场】,69,dialogue,dialogue,张苍,pdf_01000000__01004004___a91ecdeeef__char__f7e0ecae2c,白,白,白,道；念白,张苍,"哼哼,你窝藏奸细,有谋国太江山之意,作了个揖,难道就罢了不成么?嘿嘿,只怕有些不够本!","张苍（白）哼哼,你窝藏奸细,有谋国太江山之意,作了个揖,难道就罢了不成么?嘿嘿,只怕有些不够本!"
pdf_01000000__01004004___a91ecdeeef,盗宗卷,pdf_01000000__01004004___a91ecdeeef__line__000069,pdf_01000000__01004004___a91ecdeeef__scene__006,01004004_盗宗卷.pdf,D:\University_studies\Junior\data_visualization\experiment\final_self\opera_dataset\01000000\01004004_盗宗卷.pdf,01000000/01004004_盗宗卷.pdf,49bfac8f-ad5c-4639-829d-be1bd24f8504,6,【第六场】,69,dialogue,dialogue,陈平,pdf_01000000__01004004___a91ecdeeef__char__48d2ecb259,白,白,白,下；退；念白,陈平,"哦是了,他要老夫原礼退还。哎,我想俱是炎汉忠良,下个全礼,这又何妨?吓,张大人,方才老朽的不是,如今与大人磕头赔礼!","陈平（白）哦是了,他要老夫原礼退还。哎,我想俱是炎汉忠良,下个全礼,这又何妨?吓,张大人,方才老朽的不是,如今与大人磕头赔礼!"
pdf_01000000__01004004___a91ecdeeef,盗宗卷,pdf_01000000__01004004___a91ecdeeef__line__000069,pdf_01000000__01004004___a91ecdeeef__scene__006,01004004_盗宗卷.pdf,D:\University_studies\Junior\data_visualization\experiment\final_self\opera_dataset\01000000\01004004_盗宗卷.pdf,01000000/01004004_盗宗卷.pdf,49bfac8f-ad5c-4639-829d-be1bd24f8504,6,【第六场】,69,dialogue,dialogue,张苍,pdf_01000000__01004004___a91ecdeeef__char__f7e0ecae2c,白,白,白,下；跪；念白,张苍,下跪何人?,张苍（白）下跪何人?
pdf_01000000__01004004___a91ecdeeef,盗宗卷,pdf_01000000__01004004___a91ecdeeef__line__000069,pdf_01000000__01004004___a91ecdeeef__scene__006,01004004_盗宗卷.pdf,D:\University_studies\Junior\data_visualization\experiment\final_self\opera_dataset\01000000\01004004_盗宗卷.pdf,01000000/01004004_盗宗卷.pdf,49bfac8f-ad5c-4639-829d-be1bd24f8504,6,【第六场】,69,dialogue,dialogue,陈平,pdf_01000000__01004004___a91ecdeeef__char__48d2ecb259,白,白,白,念白,陈平,陈平。,陈平（白）陈平。
pdf_01000000__01004004___a91ecdeeef,盗宗卷,pdf_01000000__01004004___a91ecdeeef__line__000069,pdf_01000000__01004004___a91ecdeeef__scene__006,01004004_盗宗卷.pdf,D:\University_studies\Junior\data_visualization\experiment\final_self\opera_dataset\01000000\01004004_盗宗卷.pdf,01000000/01004004_盗宗卷.pdf,49bfac8f-ad5c-4639-829d-be1bd24f8504,6,【第六场】,69,dialogue,dialogue,张苍,pdf_01000000__01004004___a91ecdeeef__char__f7e0ecae2c,白,白,白,念白,张苍,你怕我不怕?,张苍（白）你怕我不怕?
pdf_01000000__01004004___a91ecdeeef,盗宗卷,pdf_01000000__01004004___a91ecdeeef__line__000069,pdf_01000000__01004004___a91ecdeeef__scene__006,01004004_盗宗卷.pdf,D:\University_studies\Junior\data_visualization\experiment\final_self\opera_dataset\01000000\01004004_盗宗卷.pdf,01000000/01004004_盗宗卷.pdf,49bfac8f-ad5c-4639-829d-be1bd24f8504,6,【第六场】,69,dialogue,dialogue,陈平,pdf_01000000__01004004___a91ecdeeef__char__48d2ecb259,白,白,白,念白,陈平,怕了你了。,陈平（白）怕了你了。
pdf_01000000__01004004___a91ecdeeef,盗宗卷,pdf_01000000__01004004___a91ecdeeef__line__000069,pdf_01000000__01004004___a91ecdeeef__scene__006,01004004_盗宗卷.pdf,D:\University_studies\Junior\data_visualization\experiment\final_self\opera_dataset\01000000\01004004_盗宗卷.pdf,01000000/01004004_盗宗卷.pdf,49bfac8f-ad5c-4639-829d-be1bd24f8504,6,【第六场】,69,dialogue,dialogue,张苍,pdf_01000000__01004004___a91ecdeeef__char__f7e0ecae2c,白,白,白,念白,张苍,服我不服?,张苍（白）服我不服?
pdf_01000000__01004004___a91ecdeeef,盗宗卷,pdf_01000000__01004004___a91ecdeeef__line__000069,pdf_01000000__01004004___a91ecdeeef__scene__006,01004004_盗宗卷.pdf,D:\University_studies\Junior\data_visualization\experiment\final_self\opera_dataset\01000000\01004004_盗宗卷.pdf,01000000/01004004_盗宗卷.pdf,49bfac8f-ad5c-4639-829d-be1bd24f8504,6,【第六场】,69,dialogue,dialogue,陈平,pdf_01000000__01004004___a91ecdeeef__char__48d2ecb259,白,白,白,念白,陈平,实实的服了你了。,陈平（白）实实的服了你了。
pdf_01000000__01004004___a91ecdeeef,盗宗卷,pdf_01000000__01004004___a91ecdeeef__line__000069,pdf_01000000__01004004___a91ecdeeef__scene__006,01004004_盗宗卷.pdf,D:\University_studies\Junior\data_visualization\experiment\final_self\opera_dataset\01000000\01004004_盗宗卷.pdf,01000000/01004004_盗宗卷.pdf,49bfac8f-ad5c-4639-829d-be1bd24f8504,6,【第六场】,69,dialogue,dialogue,张苍,pdf_01000000__01004004___a91ecdeeef__char__f7e0ecae2c,白,白,白,来；念白,张苍,抬起头来。,张苍（白）抬起头来。
pdf_01000000__01004004___a91ecdeeef,盗宗卷,pdf_01000000__01004004___a91ecdeeef__line__000069,pdf_01000000__01004004___a91ecdeeef__scene__006,01004004_盗宗卷.pdf,D:\University_studies\Junior\data_visualization\experiment\final_self\opera_dataset\01000000\01004004_盗宗卷.pdf,01000000/01004004_盗宗卷.pdf,49bfac8f-ad5c-4639-829d-be1bd24f8504,6,【第六场】,69,dialogue,dialogue,陈平,pdf_01000000__01004004___a91ecdeeef__char__48d2ecb259,白,白,白,念白,陈平,不敢抬头。,陈平（白）不敢抬头。
pdf_01000000__01004004___a91ecdeeef,盗宗卷,pdf_01000000__01004004___a91ecdeeef__line__000069,pdf_01000000__01004004___a91ecdeeef__scene__006,01004004_盗宗卷.pdf,D:\University_studies\Junior\data_visualization\experiment\final_self\opera_dataset\01000000\01004004_盗宗卷.pdf,01000000/01004004_盗宗卷.pdf,49bfac8f-ad5c-4639-829d-be1bd24f8504,6,【第六场】,69,dialogue,dialogue,张苍,pdf_01000000__01004004___a91ecdeeef__char__f7e0ecae2c,白,白,白,念白,张苍,恕你无罪。,张苍（白）恕你无罪。
pdf_01000000__01004004___a91ecdeeef,盗宗卷,pdf_01000000__01004004___a91ecdeeef__line__000069,pdf_01000000__01004004___a91ecdeeef__scene__006,01004004_盗宗卷.pdf,D:\University_studies\Junior\data_visualization\experiment\final_self\opera_dataset\01000000\01004004_盗宗卷.pdf,01000000/01004004_盗宗卷.pdf,49bfac8f-ad5c-4639-829d-be1bd24f8504,6,【第六场】,69,dialogue,dialogue,陈平,pdf_01000000__01004004___a91ecdeeef__char__48d2ecb259,白,白,白,念白,陈平,谢大人。,陈平（白）谢大人。
pdf_01000000__01004004___a91ecdeeef,盗宗卷,pdf_01000000__01004004___a91ecdeeef__line__000069,pdf_01000000__01004004___a91ecdeeef__scene__006,01004004_盗宗卷.pdf,D:\University_studies\Junior\data_visualization\experiment\final_self\opera_dataset\01000000\01004004_盗宗卷.pdf,01000000/01004004_盗宗卷.pdf,49bfac8f-ad5c-4639-829d-be1bd24f8504,6,【第六场】,69,dialogue,dialogue,张苍,pdf_01000000__01004004___a91ecdeeef__char__f7e0ecae2c,白,白,白,下；念白,张苍,"唔,下官也是与你作耍。你可有此人?","张苍（白）唔,下官也是与你作耍。你可有此人?"
pdf_01000000__01004004___a91ecdeeef,盗宗卷,pdf_01000000__01004004___a91ecdeeef__line__000069,pdf_01000000__01004004___a91ecdeeef__scene__006,01004004_盗宗卷.pdf,D:\University_studies\Junior\data_visualization\experiment\final_self\opera_dataset\01000000\01004004_盗宗卷.pdf,01000000/01004004_盗宗卷.pdf,49bfac8f-ad5c-4639-829d-be1bd24f8504,6,【第六场】,69,dialogue,dialogue,陈平,pdf_01000000__01004004___a91ecdeeef__char__48d2ecb259,白,白,白,念白,陈平,"有的,你怎么知晓?","陈平（白）有的,你怎么知晓?"
pdf_01000000__01004004___a91ecdeeef,盗宗卷,pdf_01000000__01004004___a91ecdeeef__line__000069,pdf_01000000__01004004___a91ecdeeef__scene__006,01004004_盗宗卷.pdf,D:\University_studies\Junior\data_visualization\experiment\final_self\opera_dataset\01000000\01004004_盗宗卷.pdf,01000000/01004004_盗宗卷.pdf,49bfac8f-ad5c-4639-829d-be1bd24f8504,6,【第六场】,69,dialogue,dialogue,张苍,pdf_01000000__01004004___a91ecdeeef__char__f7e0ecae2c,白,白,白,念白,张苍,"被我糊里糊涂,这一猜就猜着了,","张苍（白）被我糊里糊涂,这一猜就猜着了,"
pdf_01000000__01004004___a91ecdeeef,盗宗卷,pdf_01000000__01004004___a91ecdeeef__line__000069,pdf_01000000__01004004___a91ecdeeef__scene__006,01004004_盗宗卷.pdf,D:\University_studies\Junior\data_visualization\experiment\final_self\opera_dataset\01000000\01004004_盗宗卷.pdf,01000000/01004004_盗宗卷.pdf,49bfac8f-ad5c-4639-829d-be1bd24f8504,6,【第六场】,69,dialogue,dialogue,陈平,pdf_01000000__01004004___a91ecdeeef__char__48d2ecb259,白,白,白,念白,陈平,老夫服你的猜。,陈平（白）老夫服你的猜。
pdf_01000000__01004004___a91ecdeeef,盗宗卷,pdf_01000000__01004004___a91ecdeeef__line__000069,pdf_01000000__01004004___a91ecdeeef__scene__006,01004004_盗宗卷.pdf,D:\University_studies\Junior\data_visualization\experiment\final_self\opera_dataset\01000000\01004004_盗宗卷.pdf,01000000/01004004_盗宗卷.pdf,49bfac8f-ad5c-4639-829d-be1bd24f8504,6,【第六场】,69,dialogue,dialogue,张苍,pdf_01000000__01004004___a91ecdeeef__char__f7e0ecae2c,白,白,白,来；请；念白,张苍,何不请来相见?,张苍（白）何不请来相见?
pdf_01000000__01004004___a91ecdeeef,盗宗卷,pdf_01000000__01004004___a91ecdeeef__line__000069,pdf_01000000__01004004___a91ecdeeef__scene__006,01004004_盗宗卷.pdf,D:\University_studies\Junior\data_visualization\experiment\final_self\opera_dataset\01000000\01004004_盗宗卷.pdf,01000000/01004004_盗宗卷.pdf,49bfac8f-ad5c-4639-829d-be1bd24f8504,6,【第六场】,69,dialogue,dialogue,陈平,pdf_01000000__01004004___a91ecdeeef__char__48d2ecb259,白,白,白,请；念白,陈平,"田大人,有请。","陈平（白）田大人,有请。"
pdf_01000000__01004004___a91ecdeeef,盗宗卷,pdf_01000000__01004004___a91ecdeeef__line__000069,pdf_01000000__01004004___a91ecdeeef__scene__006,01004004_盗宗卷.pdf,D:\University_studies\Junior\data_visualization\experiment\final_self\opera_dataset\01000000\01004004_盗宗卷.pdf,01000000/01004004_盗宗卷.pdf,49bfac8f-ad5c-4639-829d-be1bd24f8504,6,【第六场】,69,dialogue,dialogue,田子春,pdf_01000000__01004004___a91ecdeeef__char__138e569484,白,白,白,念白,田子春,何事?,田子春（白）何事?
pdf_01000000__01004004___a91ecdeeef,盗宗卷,pdf_01000000__01004004___a91ecdeeef__line__000069,pdf_01000000__01004004___a91ecdeeef__scene__006,01004004_盗宗卷.pdf,D:\University_studies\Junior\data_visualization\experiment\final_self\opera_dataset\01000000\01004004_盗宗卷.pdf,01000000/01004004_盗宗卷.pdf,49bfac8f-ad5c-4639-829d-be1bd24f8504,6,【第六场】,69,dialogue,dialogue,陈平,pdf_01000000__01004004___a91ecdeeef__char__48d2ecb259,白,白,白,请；念白,陈平,张大人请你相见。,陈平（白）张大人请你相见。
pdf_01000000__01004004___a91ecdeeef,盗宗卷,pdf_01000000__01004004___a91ecdeeef__line__000069,pdf_01000000__01004004___a91ecdeeef__scene__006,01004004_盗宗卷.pdf,D:\University_studies\Junior\data_visualization\experiment\final_self\opera_dataset\01000000\01004004_盗宗卷.pdf,01000000/01004004_盗宗卷.pdf,49bfac8f-ad5c-4639-829d-be1bd24f8504,6,【第六场】,69,dialogue,dialogue,田子春,pdf_01000000__01004004___a91ecdeeef__char__138e569484,白,白,白,来；请；念白,田子春,请来相见。,田子春（白）请来相见。
pdf_01000000__01004004___a91ecdeeef,盗宗卷,pdf_01000000__01004004___a91ecdeeef__line__000069,pdf_01000000__01004004___a91ecdeeef__scene__006,01004004_盗宗卷.pdf,D:\University_studies\Junior\data_visualization\experiment\final_self\opera_dataset\01000000\01004004_盗宗卷.pdf,01000000/01004004_盗宗卷.pdf,49bfac8f-ad5c-4639-829d-be1bd24f8504,6,【第六场】,69,dialogue,dialogue,张苍,pdf_01000000__01004004___a91ecdeeef__char__f7e0ecae2c,白,白,白,来；拿；念白,张苍,待我来唬他一唬。拿奸细!,张苍（白）待我来唬他一唬。拿奸细!
pdf_01000000__01004004___a91ecdeeef,盗宗卷,pdf_01000000__01004004___a91ecdeeef__line__000069,pdf_01000000__01004004___a91ecdeeef__scene__006,01004004_盗宗卷.pdf,D:\University_studies\Junior\data_visualization\experiment\final_self\opera_dataset\01000000\01004004_盗宗卷.pdf,01000000/01004004_盗宗卷.pdf,49bfac8f-ad5c-4639-829d-be1bd24f8504,6,【第六场】,69,dialogue,dialogue,田子春,pdf_01000000__01004004___a91ecdeeef__char__138e569484,白,白,白,念白,田子春,这是为何?,田子春（白）这是为何?
pdf_01000000__01004004___a91ecdeeef,盗宗卷,pdf_01000000__01004004___a91ecdeeef__line__000069,pdf_01000000__01004004___a91ecdeeef__scene__006,01004004_盗宗卷.pdf,D:\University_studies\Junior\data_visualization\experiment\final_self\opera_dataset\01000000\01004004_盗宗卷.pdf,01000000/01004004_盗宗卷.pdf,49bfac8f-ad5c-4639-829d-be1bd24f8504,6,【第六场】,69,dialogue,dialogue,张苍,pdf_01000000__01004004___a91ecdeeef__char__f7e0ecae2c,白,白,白,念白,张苍,试试你的胆量。,张苍（白）试试你的胆量。
pdf_01000000__01004004___a91ecdeeef,盗宗卷,pdf_01000000__01004004___a91ecdeeef__line__000069,pdf_01000000__01004004___a91ecdeeef__scene__006,01004004_盗宗卷.pdf,D:\University_studies\Junior\data_visualization\experiment\final_self\opera_dataset\01000000\01004004_盗宗卷.pdf,01000000/01004004_盗宗卷.pdf,49bfac8f-ad5c-4639-829d-be1bd24f8504,6,【第六场】,69,dialogue,dialogue,陈平,pdf_01000000__01004004___a91ecdeeef__char__48d2ecb259,白,白,白,念白,陈平,他的胆量是好的。,陈平（白）他的胆量是好的。
pdf_01000000__01004004___a91ecdeeef,盗宗卷,pdf_01000000__01004004___a91ecdeeef__line__000069,pdf_01000000__01004004___a91ecdeeef__scene__006,01004004_盗宗卷.pdf,D:\University_studies\Junior\data_visualization\experiment\final_self\opera_dataset\01000000\01004004_盗宗卷.pdf,01000000/01004004_盗宗卷.pdf,49bfac8f-ad5c-4639-829d-be1bd24f8504,6,【第六场】,69,dialogue,dialogue,田子春,pdf_01000000__01004004___a91ecdeeef__char__138e569484,白,白,白,请；坐；念白,田子春,请坐。,田子春（白）请坐。
pdf_01000000__01004004___a91ecdeeef,盗宗卷,pdf_01000000__01004004___a91ecdeeef__line__000069,pdf_01000000__01004004___a91ecdeeef__scene__006,01004004_盗宗卷.pdf,D:\University_studies\Junior\data_visualization\experiment\final_self\opera_dataset\01000000\01004004_盗宗卷.pdf,01000000/01004004_盗宗卷.pdf,49bfac8f-ad5c-4639-829d-be1bd24f8504,6,【第六场】,69,dialogue,dialogue,陈平,pdf_01000000__01004004___a91ecdeeef__char__48d2ecb259,白,白,白,念白,陈平,如今宗卷有了。,陈平（白）如今宗卷有了。
pdf_01000000__01004004___a91ecdeeef,盗宗卷,pdf_01000000__01004004___a91ecdeeef__line__000069,pdf_01000000__01004004___a91ecdeeef__scene__006,01004004_盗宗卷.pdf,D:\University_studies\Junior\data_visualization\experiment\final_self\opera_dataset\01000000\01004004_盗宗卷.pdf,01000000/01004004_盗宗卷.pdf,49bfac8f-ad5c-4639-829d-be1bd24f8504,6,【第六场】,69,dialogue,dialogue,田子春,pdf_01000000__01004004___a91ecdeeef__char__138e569484,白,白,白,来；念白,田子春,"宗卷被国太用火焚化,这部是哪里来的?","田子春（白）宗卷被国太用火焚化,这部是哪里来的?"
pdf_01000000__01004004___a91ecdeeef,盗宗卷,pdf_01000000__01004004___a91ecdeeef__line__000069,pdf_01000000__01004004___a91ecdeeef__scene__006,01004004_盗宗卷.pdf,D:\University_studies\Junior\data_visualization\experiment\final_self\opera_dataset\01000000\01004004_盗宗卷.pdf,01000000/01004004_盗宗卷.pdf,49bfac8f-ad5c-4639-829d-be1bd24f8504,6,【第六场】,69,dialogue,dialogue,张苍,pdf_01000000__01004004___a91ecdeeef__char__f7e0ecae2c,白,白,白,上；下；看；命；念白,张苍,"只因癸未年间,下官染病在床,命小儿替我看守此卷,他看到第七部七册上,见香国娘娘,死得可惨,故而誊写一部,以备后患。","张苍（白）只因癸未年间,下官染病在床,命小儿替我看守此卷,他看到第七部七册上,见香国娘娘,死得可惨,故而誊写一部,以备后患。"
pdf_01000000__01004004___a91ecdeeef,盗宗卷,pdf_01000000__01004004___a91ecdeeef__line__000069,pdf_01000000__01004004___a91ecdeeef__scene__006,01004004_盗宗卷.pdf,D:\University_studies\Junior\data_visualization\experiment\final_self\opera_dataset\01000000\01004004_盗宗卷.pdf,01000000/01004004_盗宗卷.pdf,49bfac8f-ad5c-4639-829d-be1bd24f8504,6,【第六场】,69,dialogue,dialogue,陈平,pdf_01000000__01004004___a91ecdeeef__char__48d2ecb259,白,白,白,看；令；念白,陈平,"田大人看,张大人的令郎,日后必有出将入相之位。","陈平（白）田大人看,张大人的令郎,日后必有出将入相之位。"
pdf_01000000__01004004___a91ecdeeef,盗宗卷,pdf_01000000__01004004___a91ecdeeef__line__000069,pdf_01000000__01004004___a91ecdeeef__scene__006,01004004_盗宗卷.pdf,D:\University_studies\Junior\data_visualization\experiment\final_self\opera_dataset\01000000\01004004_盗宗卷.pdf,01000000/01004004_盗宗卷.pdf,49bfac8f-ad5c-4639-829d-be1bd24f8504,6,【第六场】,69,dialogue,dialogue,张苍,pdf_01000000__01004004___a91ecdeeef__char__f7e0ecae2c,白,白,白,来；念白,张苍,我的儿子后来必定像他!,张苍（白）我的儿子后来必定像他!
pdf_01000000__01004004___a91ecdeeef,盗宗卷,pdf_01000000__01004004___a91ecdeeef__line__000069,pdf_01000000__01004004___a91ecdeeef__scene__006,01004004_盗宗卷.pdf,D:\University_studies\Junior\data_visualization\experiment\final_self\opera_dataset\01000000\01004004_盗宗卷.pdf,01000000/01004004_盗宗卷.pdf,49bfac8f-ad5c-4639-829d-be1bd24f8504,6,【第六场】,69,dialogue,dialogue,陈平,pdf_01000000__01004004___a91ecdeeef__char__48d2ecb259,白,白,白,来；念白,陈平,你又好高起来了!,陈平（白）你又好高起来了!
pdf_01000000__01004004___a91ecdeeef,盗宗卷,pdf_01000000__01004004___a91ecdeeef__line__000069,pdf_01000000__01004004___a91ecdeeef__scene__006,01004004_盗宗卷.pdf,D:\University_studies\Junior\data_visualization\experiment\final_self\opera_dataset\01000000\01004004_盗宗卷.pdf,01000000/01004004_盗宗卷.pdf,49bfac8f-ad5c-4639-829d-be1bd24f8504,6,【第六场】,69,dialogue,dialogue,陈平,pdf_01000000__01004004___a91ecdeeef__char__48d2ecb259,同笑,对白,同笑,笑,陈平,哈哈!,陈平（同笑）哈哈!
pdf_01000000__01004004___a91ecdeeef,盗宗卷,pdf_01000000__01004004___a91ecdeeef__line__000069,pdf_01000000__01004004___a91ecdeeef__scene__006,01004004_盗宗卷.pdf,D:\University_studies\Junior\data_visualization\experiment\final_self\opera_dataset\01000000\01004004_盗宗卷.pdf,01000000/01004004_盗宗卷.pdf,49bfac8f-ad5c-4639-829d-be1bd24f8504,6,【第六场】,69,dialogue,dialogue,田子春,pdf_01000000__01004004___a91ecdeeef__char__138e569484,白,白,白,来；念白,田子春,"二位大人,倘若淮王兴兵前来,相烦二位作一内应。","田子春（白）二位大人,倘若淮王兴兵前来,相烦二位作一内应。"
pdf_01000000__01004004___a91ecdeeef,盗宗卷,pdf_01000000__01004004___a91ecdeeef__line__000069,pdf_01000000__01004004___a91ecdeeef__scene__006,01004004_盗宗卷.pdf,D:\University_studies\Junior\data_visualization\experiment\final_self\opera_dataset\01000000\01004004_盗宗卷.pdf,01000000/01004004_盗宗卷.pdf,49bfac8f-ad5c-4639-829d-be1bd24f8504,6,【第六场】,69,dialogue,dialogue,陈平,pdf_01000000__01004004___a91ecdeeef__char__48d2ecb259,同白,白,同白,念白,陈平,"那个自然,","陈平（同白）那个自然,"
pdf_01000000__01004004___a91ecdeeef,盗宗卷,pdf_01000000__01004004___a91ecdeeef__line__000069,pdf_01000000__01004004___a91ecdeeef__scene__006,01004004_盗宗卷.pdf,D:\University_studies\Junior\data_visualization\experiment\final_self\opera_dataset\01000000\01004004_盗宗卷.pdf,01000000/01004004_盗宗卷.pdf,49bfac8f-ad5c-4639-829d-be1bd24f8504,6,【第六场】,69,dialogue,dialogue,田子春,pdf_01000000__01004004___a91ecdeeef__char__138e569484,白,白,白,念白,田子春,告辞了。,田子春（白）告辞了。
pdf_01000000__01004004___a91ecdeeef,盗宗卷,pdf_01000000__01004004___a91ecdeeef__line__000069,pdf_01000000__01004004___a91ecdeeef__scene__006,01004004_盗宗卷.pdf,D:\University_studies\Junior\data_visualization\experiment\final_self\opera_dataset\01000000\01004004_盗宗卷.pdf,01000000/01004004_盗宗卷.pdf,49bfac8f-ad5c-4639-829d-be1bd24f8504,6,【第六场】,69,dialogue,dialogue,陈平,pdf_01000000__01004004___a91ecdeeef__char__48d2ecb259,同白,白,同白,请；念白,陈平,请。,陈平（同白）请。
pdf_01000000__01004004___a91ecdeeef,盗宗卷,pdf_01000000__01004004___a91ecdeeef__line__000069,pdf_01000000__01004004___a91ecdeeef__scene__006,01004004_盗宗卷.pdf,D:\University_studies\Junior\data_visualization\experiment\final_self\opera_dataset\01000000\01004004_盗宗卷.pdf,01000000/01004004_盗宗卷.pdf,49bfac8f-ad5c-4639-829d-be1bd24f8504,6,【第六场】,69,dialogue,dialogue,张苍,pdf_01000000__01004004___a91ecdeeef__char__f7e0ecae2c,白,白,白,念白,张苍,"卑职告辞了,","张苍（白）卑职告辞了,"
pdf_01000000__01004004___a91ecdeeef,盗宗卷,pdf_01000000__01004004___a91ecdeeef__line__000069,pdf_01000000__01004004___a91ecdeeef__scene__006,01004004_盗宗卷.pdf,D:\University_studies\Junior\data_visualization\experiment\final_self\opera_dataset\01000000\01004004_盗宗卷.pdf,01000000/01004004_盗宗卷.pdf,49bfac8f-ad5c-4639-829d-be1bd24f8504,6,【第六场】,69,dialogue,dialogue,陈平,pdf_01000000__01004004___a91ecdeeef__char__48d2ecb259,白,白,白,念白,陈平,"且慢,大人不必回府,在老夫府中,吃了太平宴。","陈平（白）且慢,大人不必回府,在老夫府中,吃了太平宴。"
pdf_01000000__01004004___a91ecdeeef,盗宗卷,pdf_01000000__01004004___a91ecdeeef__line__000069,pdf_01000000__01004004___a91ecdeeef__scene__006,01004004_盗宗卷.pdf,D:\University_studies\Junior\data_visualization\experiment\final_self\opera_dataset\01000000\01004004_盗宗卷.pdf,01000000/01004004_盗宗卷.pdf,49bfac8f-ad5c-4639-829d-be1bd24f8504,6,【第六场】,69,dialogue,dialogue,张苍,pdf_01000000__01004004___a91ecdeeef__char__f7e0ecae2c,白,白,白,念白,张苍,如此要豁拳。,张苍（白）如此要豁拳。
pdf_01000000__01004004___a91ecdeeef,盗宗卷,pdf_01000000__01004004___a91ecdeeef__line__000071,pdf_01000000__01004004___a91ecdeeef__scene__006,01004004_盗宗卷.pdf,D:\University_studies\Junior\data_visualization\experiment\final_self\opera_dataset\01000000\01004004_盗宗卷.pdf,01000000/01004004_盗宗卷.pdf,49bfac8f-ad5c-4639-829d-be1bd24f8504,6,【第六场】,71,dialogue,dialogue,陈平,pdf_01000000__01004004___a91ecdeeef__char__48d2ecb259,白,白,白,请；念白,陈平,请。,陈平（白）请。
pdf_01000000__01004004___a91ecdeeef,盗宗卷,pdf_01000000__01004004___a91ecdeeef__line__000071,pdf_01000000__01004004___a91ecdeeef__scene__006,01004004_盗宗卷.pdf,D:\University_studies\Junior\data_visualization\experiment\final_self\opera_dataset\01000000\01004004_盗宗卷.pdf,01000000/01004004_盗宗卷.pdf,49bfac8f-ad5c-4639-829d-be1bd24f8504,6,【第六场】,71,dialogue,dialogue,张苍,pdf_01000000__01004004___a91ecdeeef__char__f7e0ecae2c,白,白,白,念白,张苍,八马。,张苍（白）八马。
pdf_01000000__01004004___a91ecdeeef,盗宗卷,pdf_01000000__01004004___a91ecdeeef__line__000071,pdf_01000000__01004004___a91ecdeeef__scene__006,01004004_盗宗卷.pdf,D:\University_studies\Junior\data_visualization\experiment\final_self\opera_dataset\01000000\01004004_盗宗卷.pdf,01000000/01004004_盗宗卷.pdf,49bfac8f-ad5c-4639-829d-be1bd24f8504,6,【第六场】,71,dialogue,dialogue,陈平,pdf_01000000__01004004___a91ecdeeef__char__48d2ecb259,白,白,白,念白,陈平,四喜红。,陈平（白）四喜红。
pdf_01000000__01004004___a91ecdeeef,盗宗卷,pdf_01000000__01004004___a91ecdeeef__line__000071,pdf_01000000__01004004___a91ecdeeef__scene__006,01004004_盗宗卷.pdf,D:\University_studies\Junior\data_visualization\experiment\final_self\opera_dataset\01000000\01004004_盗宗卷.pdf,01000000/01004004_盗宗卷.pdf,49bfac8f-ad5c-4639-829d-be1bd24f8504,6,【第六场】,71,dialogue,dialogue,张苍、陈平,pdf_01000000__01004004___a91ecdeeef__char__c80a36920e,同笑,对白,同笑,笑,张苍、陈平；陈平；张苍,哈哈!,张苍、陈平（同笑）哈哈!
