doc_id,doc_title,line_id,scene_id,source_file,source_path,relative_path,batch_id,scene_index,scene,line_no,row_type,line_category,speaker,speaker_char_id,cue,perform_type,perform_subtype,action_tags,participants,text,raw_line
pdf_01000000__01005001___8bae4c8a7d,武家坡,pdf_01000000__01005001___8bae4c8a7d__line__000001,pdf_01000000__01005001___8bae4c8a7d__scene__000,01005001_武家坡.pdf,D:\University_studies\Junior\data_visualization\experiment\final_self\opera_dataset\01000000\01005001_武家坡.pdf,01000000/01005001_武家坡.pdf,49bfac8f-ad5c-4639-829d-be1bd24f8504,0,序幕/前置内容,1,narration,narration,,,,说明,,,《武家坡》,# 《武家坡》,# 《武家坡》
pdf_01000000__01005001___8bae4c8a7d,武家坡,pdf_01000000__01005001___8bae4c8a7d__line__000003,pdf_01000000__01005001___8bae4c8a7d__scene__000,01005001_武家坡.pdf,D:\University_studies\Junior\data_visualization\experiment\final_self\opera_dataset\01000000\01005001_武家坡.pdf,01000000/01005001_武家坡.pdf,49bfac8f-ad5c-4639-829d-be1bd24f8504,0,序幕/前置内容,3,narration,narration,,,,说明,,,（一名：《平贵回窑》；一名：《跑坡》,# （一名：《平贵回窑》；一名：《跑坡》）,# （一名：《平贵回窑》；一名：《跑坡》）
pdf_01000000__01005001___8bae4c8a7d,武家坡,pdf_01000000__01005001___8bae4c8a7d__line__000023,pdf_01000000__01005001___8bae4c8a7d__scene__001,01005001_武家坡.pdf,D:\University_studies\Junior\data_visualization\experiment\final_self\opera_dataset\01000000\01005001_武家坡.pdf,01000000/01005001_武家坡.pdf,49bfac8f-ad5c-4639-829d-be1bd24f8504,1,【第一场】,23,lyric,lyric,薛平贵,pdf_01000000__01005001___8bae4c8a7d__char__b74cd28ad0,西皮原板,唱,西皮原板,下；来；问；唱段,薛平贵,"不分昼夜回家园。在三关辞别了公主代战,一马儿来至在武家坡前。绿阴树下拴了红鬃马,尊一声众大嫂借问一言。","薛平贵（西皮原板）不分昼夜回家园。在三关辞别了公主代战,一马儿来至在武家坡前。绿阴树下拴了红鬃马,尊一声众大嫂借问一言。"
pdf_01000000__01005001___8bae4c8a7d,武家坡,pdf_01000000__01005001___8bae4c8a7d__line__000023,pdf_01000000__01005001___8bae4c8a7d__scene__001,01005001_武家坡.pdf,D:\University_studies\Junior\data_visualization\experiment\final_self\opera_dataset\01000000\01005001_武家坡.pdf,01000000/01005001_武家坡.pdf,49bfac8f-ad5c-4639-829d-be1bd24f8504,1,【第一场】,23,dialogue,dialogue,大嫂,pdf_01000000__01005001___8bae4c8a7d__char__fd85e697a4,内白,白,内白,请；念白,大嫂,请了。军爷敢是失迷路途?,大嫂（内白）请了。军爷敢是失迷路途?
pdf_01000000__01005001___8bae4c8a7d,武家坡,pdf_01000000__01005001___8bae4c8a7d__line__000023,pdf_01000000__01005001___8bae4c8a7d__scene__001,01005001_武家坡.pdf,D:\University_studies\Junior\data_visualization\experiment\final_self\opera_dataset\01000000\01005001_武家坡.pdf,01000000/01005001_武家坡.pdf,49bfac8f-ad5c-4639-829d-be1bd24f8504,1,【第一场】,23,dialogue,dialogue,薛平贵,pdf_01000000__01005001___8bae4c8a7d__char__b74cd28ad0,白,白,白,问；念白,薛平贵,"并非失迷路途,乃是找名问姓的。","薛平贵（白）并非失迷路途,乃是找名问姓的。"
pdf_01000000__01005001___8bae4c8a7d,武家坡,pdf_01000000__01005001___8bae4c8a7d__line__000023,pdf_01000000__01005001___8bae4c8a7d__scene__001,01005001_武家坡.pdf,D:\University_studies\Junior\data_visualization\experiment\final_self\opera_dataset\01000000\01005001_武家坡.pdf,01000000/01005001_武家坡.pdf,49bfac8f-ad5c-4639-829d-be1bd24f8504,1,【第一场】,23,dialogue,dialogue,大嫂,pdf_01000000__01005001___8bae4c8a7d__char__fd85e697a4,内白,白,内白,问；念白,大嫂,不知问的是哪一家呢?,大嫂（内白）不知问的是哪一家呢?
pdf_01000000__01005001___8bae4c8a7d,武家坡,pdf_01000000__01005001___8bae4c8a7d__line__000023,pdf_01000000__01005001___8bae4c8a7d__scene__001,01005001_武家坡.pdf,D:\University_studies\Junior\data_visualization\experiment\final_self\opera_dataset\01000000\01005001_武家坡.pdf,01000000/01005001_武家坡.pdf,49bfac8f-ad5c-4639-829d-be1bd24f8504,1,【第一场】,23,dialogue,dialogue,薛平贵,pdf_01000000__01005001___8bae4c8a7d__char__b74cd28ad0,白,白,白,念白,薛平贵,"王丞相之女,薛平贵之妻,王氏宝钏。","薛平贵（白）王丞相之女,薛平贵之妻,王氏宝钏。"
pdf_01000000__01005001___8bae4c8a7d,武家坡,pdf_01000000__01005001___8bae4c8a7d__line__000023,pdf_01000000__01005001___8bae4c8a7d__scene__001,01005001_武家坡.pdf,D:\University_studies\Junior\data_visualization\experiment\final_self\opera_dataset\01000000\01005001_武家坡.pdf,01000000/01005001_武家坡.pdf,49bfac8f-ad5c-4639-829d-be1bd24f8504,1,【第一场】,23,dialogue,dialogue,大嫂,pdf_01000000__01005001___8bae4c8a7d__char__fd85e697a4,内白,白,内白,问；念白,大嫂,军爷问她则甚?,大嫂（内白）军爷问她则甚?
pdf_01000000__01005001___8bae4c8a7d,武家坡,pdf_01000000__01005001___8bae4c8a7d__line__000023,pdf_01000000__01005001___8bae4c8a7d__scene__001,01005001_武家坡.pdf,D:\University_studies\Junior\data_visualization\experiment\final_self\opera_dataset\01000000\01005001_武家坡.pdf,01000000/01005001_武家坡.pdf,49bfac8f-ad5c-4639-829d-be1bd24f8504,1,【第一场】,23,dialogue,dialogue,薛平贵,pdf_01000000__01005001___8bae4c8a7d__char__b74cd28ad0,白,白,白,来；问；念白,薛平贵,"我与她丈夫同营吃粮,托我带来万金家书,故而动问。","薛平贵（白）我与她丈夫同营吃粮,托我带来万金家书,故而动问。"
pdf_01000000__01005001___8bae4c8a7d,武家坡,pdf_01000000__01005001___8bae4c8a7d__line__000023,pdf_01000000__01005001___8bae4c8a7d__scene__001,01005001_武家坡.pdf,D:\University_studies\Junior\data_visualization\experiment\final_self\opera_dataset\01000000\01005001_武家坡.pdf,01000000/01005001_武家坡.pdf,49bfac8f-ad5c-4639-829d-be1bd24f8504,1,【第一场】,23,dialogue,dialogue,大嫂,pdf_01000000__01005001___8bae4c8a7d__char__fd85e697a4,内白,白,内白,念白,大嫂,王三姐。,大嫂（内白）王三姐。
pdf_01000000__01005001___8bae4c8a7d,武家坡,pdf_01000000__01005001___8bae4c8a7d__line__000023,pdf_01000000__01005001___8bae4c8a7d__scene__001,01005001_武家坡.pdf,D:\University_studies\Junior\data_visualization\experiment\final_self\opera_dataset\01000000\01005001_武家坡.pdf,01000000/01005001_武家坡.pdf,49bfac8f-ad5c-4639-829d-be1bd24f8504,1,【第一场】,23,dialogue,dialogue,王宝钏,pdf_01000000__01005001___8bae4c8a7d__char__1d2367a08b,内白,白,内白,念白,王宝钏,做什么?,王宝钏（内白）做什么?
pdf_01000000__01005001___8bae4c8a7d,武家坡,pdf_01000000__01005001___8bae4c8a7d__line__000023,pdf_01000000__01005001___8bae4c8a7d__scene__001,01005001_武家坡.pdf,D:\University_studies\Junior\data_visualization\experiment\final_self\opera_dataset\01000000\01005001_武家坡.pdf,01000000/01005001_武家坡.pdf,49bfac8f-ad5c-4639-829d-be1bd24f8504,1,【第一场】,23,dialogue,dialogue,大嫂,pdf_01000000__01005001___8bae4c8a7d__char__fd85e697a4,内白,白,内白,来；去；叫；收；念白,大嫂,"有人与你带来万金家书,叫你前去接收。","大嫂（内白）有人与你带来万金家书,叫你前去接收。"
pdf_01000000__01005001___8bae4c8a7d,武家坡,pdf_01000000__01005001___8bae4c8a7d__line__000023,pdf_01000000__01005001___8bae4c8a7d__scene__001,01005001_武家坡.pdf,D:\University_studies\Junior\data_visualization\experiment\final_self\opera_dataset\01000000\01005001_武家坡.pdf,01000000/01005001_武家坡.pdf,49bfac8f-ad5c-4639-829d-be1bd24f8504,1,【第一场】,23,dialogue,dialogue,王宝钏,pdf_01000000__01005001___8bae4c8a7d__char__1d2367a08b,内白,白,内白,念白,王宝钏,有劳了。,王宝钏（内白）有劳了。
pdf_01000000__01005001___8bae4c8a7d,武家坡,pdf_01000000__01005001___8bae4c8a7d__line__000023,pdf_01000000__01005001___8bae4c8a7d__scene__001,01005001_武家坡.pdf,D:\University_studies\Junior\data_visualization\experiment\final_self\opera_dataset\01000000\01005001_武家坡.pdf,01000000/01005001_武家坡.pdf,49bfac8f-ad5c-4639-829d-be1bd24f8504,1,【第一场】,23,lyric,lyric,王宝钏,pdf_01000000__01005001___8bae4c8a7d__char__1d2367a08b,西皮慢板,唱,西皮慢板,来；看；问；答；立；唱段,王宝钏；薛平贵,"寒窑内来了王氏宝钏。站立在坡前抬头观看,武家坡站定了一位军官:前形好像薛平贵,后影好似儿夫男。我这里假意把菜剜,他问一声答一言。","王宝钏（西皮慢板）寒窑内来了王氏宝钏。站立在坡前抬头观看,武家坡站定了一位军官:前形好像薛平贵,后影好似儿夫男。我这里假意把菜剜,他问一声答一言。"
pdf_01000000__01005001___8bae4c8a7d,武家坡,pdf_01000000__01005001___8bae4c8a7d__line__000025,pdf_01000000__01005001___8bae4c8a7d__scene__001,01005001_武家坡.pdf,D:\University_studies\Junior\data_visualization\experiment\final_self\opera_dataset\01000000\01005001_武家坡.pdf,01000000/01005001_武家坡.pdf,49bfac8f-ad5c-4639-829d-be1bd24f8504,1,【第一场】,25,lyric,lyric,薛平贵,pdf_01000000__01005001___8bae4c8a7d__char__b74cd28ad0,西皮原板,唱,西皮原板,传；唱段,薛平贵,"这大嫂传话太迟慢,","薛平贵（西皮原板）这大嫂传话太迟慢,"
pdf_01000000__01005001___8bae4c8a7d,武家坡,pdf_01000000__01005001___8bae4c8a7d__line__000025,pdf_01000000__01005001___8bae4c8a7d__scene__001,01005001_武家坡.pdf,D:\University_studies\Junior\data_visualization\experiment\final_self\opera_dataset\01000000\01005001_武家坡.pdf,01000000/01005001_武家坡.pdf,49bfac8f-ad5c-4639-829d-be1bd24f8504,1,【第一场】,25,dialogue,dialogue,王宝钏,pdf_01000000__01005001___8bae4c8a7d__char__1d2367a08b,白,白,白,念白,王宝钏,军爷敢是失迷路途?,王宝钏（白）军爷敢是失迷路途?
pdf_01000000__01005001___8bae4c8a7d,武家坡,pdf_01000000__01005001___8bae4c8a7d__line__000025,pdf_01000000__01005001___8bae4c8a7d__scene__001,01005001_武家坡.pdf,D:\University_studies\Junior\data_visualization\experiment\final_self\opera_dataset\01000000\01005001_武家坡.pdf,01000000/01005001_武家坡.pdf,49bfac8f-ad5c-4639-829d-be1bd24f8504,1,【第一场】,25,dialogue,dialogue,薛平贵,pdf_01000000__01005001___8bae4c8a7d__char__b74cd28ad0,白,白,白,问；道；念白,薛平贵,"阳关大道,哪有失迷路途之理。我是找名问姓的。","薛平贵（白）阳关大道,哪有失迷路途之理。我是找名问姓的。"
pdf_01000000__01005001___8bae4c8a7d,武家坡,pdf_01000000__01005001___8bae4c8a7d__line__000025,pdf_01000000__01005001___8bae4c8a7d__scene__001,01005001_武家坡.pdf,D:\University_studies\Junior\data_visualization\experiment\final_self\opera_dataset\01000000\01005001_武家坡.pdf,01000000/01005001_武家坡.pdf,49bfac8f-ad5c-4639-829d-be1bd24f8504,1,【第一场】,25,dialogue,dialogue,王宝钏,pdf_01000000__01005001___8bae4c8a7d__char__1d2367a08b,白,白,白,念白,王宝钏,"有名便知,无名不晓。","王宝钏（白）有名便知,无名不晓。"
pdf_01000000__01005001___8bae4c8a7d,武家坡,pdf_01000000__01005001___8bae4c8a7d__line__000025,pdf_01000000__01005001___8bae4c8a7d__scene__001,01005001_武家坡.pdf,D:\University_studies\Junior\data_visualization\experiment\final_self\opera_dataset\01000000\01005001_武家坡.pdf,01000000/01005001_武家坡.pdf,49bfac8f-ad5c-4639-829d-be1bd24f8504,1,【第一场】,25,dialogue,dialogue,薛平贵,pdf_01000000__01005001___8bae4c8a7d__char__b74cd28ad0,白,白,白,念白,薛平贵,"提起此人,大大有名。就是王丞相之女,薛平贵之妻,王氏宝钏。","薛平贵（白）提起此人,大大有名。就是王丞相之女,薛平贵之妻,王氏宝钏。"
pdf_01000000__01005001___8bae4c8a7d,武家坡,pdf_01000000__01005001___8bae4c8a7d__line__000025,pdf_01000000__01005001___8bae4c8a7d__scene__001,01005001_武家坡.pdf,D:\University_studies\Junior\data_visualization\experiment\final_self\opera_dataset\01000000\01005001_武家坡.pdf,01000000/01005001_武家坡.pdf,49bfac8f-ad5c-4639-829d-be1bd24f8504,1,【第一场】,25,dialogue,dialogue,王宝钏,pdf_01000000__01005001___8bae4c8a7d__char__1d2367a08b,白,白,白,念白,王宝钏,军爷敢是与她有亲?,王宝钏（白）军爷敢是与她有亲?
pdf_01000000__01005001___8bae4c8a7d,武家坡,pdf_01000000__01005001___8bae4c8a7d__line__000025,pdf_01000000__01005001___8bae4c8a7d__scene__001,01005001_武家坡.pdf,D:\University_studies\Junior\data_visualization\experiment\final_self\opera_dataset\01000000\01005001_武家坡.pdf,01000000/01005001_武家坡.pdf,49bfac8f-ad5c-4639-829d-be1bd24f8504,1,【第一场】,25,dialogue,dialogue,薛平贵,pdf_01000000__01005001___8bae4c8a7d__char__b74cd28ad0,白,白,白,念白,薛平贵,非亲。,薛平贵（白）非亲。
pdf_01000000__01005001___8bae4c8a7d,武家坡,pdf_01000000__01005001___8bae4c8a7d__line__000025,pdf_01000000__01005001___8bae4c8a7d__scene__001,01005001_武家坡.pdf,D:\University_studies\Junior\data_visualization\experiment\final_self\opera_dataset\01000000\01005001_武家坡.pdf,01000000/01005001_武家坡.pdf,49bfac8f-ad5c-4639-829d-be1bd24f8504,1,【第一场】,25,dialogue,dialogue,王宝钏,pdf_01000000__01005001___8bae4c8a7d__char__1d2367a08b,白,白,白,念白,王宝钏,有故?,王宝钏（白）有故?
pdf_01000000__01005001___8bae4c8a7d,武家坡,pdf_01000000__01005001___8bae4c8a7d__line__000025,pdf_01000000__01005001___8bae4c8a7d__scene__001,01005001_武家坡.pdf,D:\University_studies\Junior\data_visualization\experiment\final_self\opera_dataset\01000000\01005001_武家坡.pdf,01000000/01005001_武家坡.pdf,49bfac8f-ad5c-4639-829d-be1bd24f8504,1,【第一场】,25,dialogue,dialogue,薛平贵,pdf_01000000__01005001___8bae4c8a7d__char__b74cd28ad0,白,白,白,念白,薛平贵,非故。,薛平贵（白）非故。
pdf_01000000__01005001___8bae4c8a7d,武家坡,pdf_01000000__01005001___8bae4c8a7d__line__000025,pdf_01000000__01005001___8bae4c8a7d__scene__001,01005001_武家坡.pdf,D:\University_studies\Junior\data_visualization\experiment\final_self\opera_dataset\01000000\01005001_武家坡.pdf,01000000/01005001_武家坡.pdf,49bfac8f-ad5c-4639-829d-be1bd24f8504,1,【第一场】,25,dialogue,dialogue,王宝钏,pdf_01000000__01005001___8bae4c8a7d__char__1d2367a08b,白,白,白,问；念白,王宝钏,"非亲非故,问她则甚?","王宝钏（白）非亲非故,问她则甚?"
pdf_01000000__01005001___8bae4c8a7d,武家坡,pdf_01000000__01005001___8bae4c8a7d__line__000025,pdf_01000000__01005001___8bae4c8a7d__scene__001,01005001_武家坡.pdf,D:\University_studies\Junior\data_visualization\experiment\final_self\opera_dataset\01000000\01005001_武家坡.pdf,01000000/01005001_武家坡.pdf,49bfac8f-ad5c-4639-829d-be1bd24f8504,1,【第一场】,25,dialogue,dialogue,薛平贵,pdf_01000000__01005001___8bae4c8a7d__char__b74cd28ad0,白,白,白,问；念白,薛平贵,"大嫂有所不知,我与她丈夫同营吃粮,托有带有万金家书,故而动问。","薛平贵（白）大嫂有所不知,我与她丈夫同营吃粮,托有带有万金家书,故而动问。"
pdf_01000000__01005001___8bae4c8a7d,武家坡,pdf_01000000__01005001___8bae4c8a7d__line__000025,pdf_01000000__01005001___8bae4c8a7d__scene__001,01005001_武家坡.pdf,D:\University_studies\Junior\data_visualization\experiment\final_self\opera_dataset\01000000\01005001_武家坡.pdf,01000000/01005001_武家坡.pdf,49bfac8f-ad5c-4639-829d-be1bd24f8504,1,【第一场】,25,dialogue,dialogue,王宝钏,pdf_01000000__01005001___8bae4c8a7d__char__1d2367a08b,白,白,白,上；下；去；念白,王宝钏,"王宝钏,在下边上前不远,军爷将书交付与我,我与她带去就是。","王宝钏（白）王宝钏,在下边上前不远,军爷将书交付与我,我与她带去就是。"
pdf_01000000__01005001___8bae4c8a7d,武家坡,pdf_01000000__01005001___8bae4c8a7d__line__000025,pdf_01000000__01005001___8bae4c8a7d__scene__001,01005001_武家坡.pdf,D:\University_studies\Junior\data_visualization\experiment\final_self\opera_dataset\01000000\01005001_武家坡.pdf,01000000/01005001_武家坡.pdf,49bfac8f-ad5c-4639-829d-be1bd24f8504,1,【第一场】,25,dialogue,dialogue,薛平贵,pdf_01000000__01005001___8bae4c8a7d__char__b74cd28ad0,白,白,白,道；念白,薛平贵,我那薛大哥言道:“书信要交本人”。,薛平贵（白）我那薛大哥言道:“书信要交本人”。
pdf_01000000__01005001___8bae4c8a7d,武家坡,pdf_01000000__01005001___8bae4c8a7d__line__000025,pdf_01000000__01005001___8bae4c8a7d__scene__001,01005001_武家坡.pdf,D:\University_studies\Junior\data_visualization\experiment\final_self\opera_dataset\01000000\01005001_武家坡.pdf,01000000/01005001_武家坡.pdf,49bfac8f-ad5c-4639-829d-be1bd24f8504,1,【第一场】,25,dialogue,dialogue,王宝钏,pdf_01000000__01005001___8bae4c8a7d__char__1d2367a08b,白,白,白,念白,王宝钏,倘若不见本人呢。,王宝钏（白）倘若不见本人呢。
pdf_01000000__01005001___8bae4c8a7d,武家坡,pdf_01000000__01005001___8bae4c8a7d__line__000025,pdf_01000000__01005001___8bae4c8a7d__scene__001,01005001_武家坡.pdf,D:\University_studies\Junior\data_visualization\experiment\final_self\opera_dataset\01000000\01005001_武家坡.pdf,01000000/01005001_武家坡.pdf,49bfac8f-ad5c-4639-829d-be1bd24f8504,1,【第一场】,25,dialogue,dialogue,薛平贵,pdf_01000000__01005001___8bae4c8a7d__char__b74cd28ad0,白,白,白,念白,薛平贵,将原书带回。,薛平贵（白）将原书带回。
pdf_01000000__01005001___8bae4c8a7d,武家坡,pdf_01000000__01005001___8bae4c8a7d__line__000025,pdf_01000000__01005001___8bae4c8a7d__scene__001,01005001_武家坡.pdf,D:\University_studies\Junior\data_visualization\experiment\final_self\opera_dataset\01000000\01005001_武家坡.pdf,01000000/01005001_武家坡.pdf,49bfac8f-ad5c-4639-829d-be1bd24f8504,1,【第一场】,25,dialogue,dialogue,王宝钏,pdf_01000000__01005001___8bae4c8a7d__char__1d2367a08b,白,白,白,念白,王宝钏,少待。,王宝钏（白）少待。
pdf_01000000__01005001___8bae4c8a7d,武家坡,pdf_01000000__01005001___8bae4c8a7d__line__000025,pdf_01000000__01005001___8bae4c8a7d__scene__001,01005001_武家坡.pdf,D:\University_studies\Junior\data_visualization\experiment\final_self\opera_dataset\01000000\01005001_武家坡.pdf,01000000/01005001_武家坡.pdf,49bfac8f-ad5c-4639-829d-be1bd24f8504,1,【第一场】,25,dialogue,dialogue,薛平贵,pdf_01000000__01005001___8bae4c8a7d__char__b74cd28ad0,白,白,白,请；念白,薛平贵,请便。,薛平贵（白）请便。
pdf_01000000__01005001___8bae4c8a7d,武家坡,pdf_01000000__01005001___8bae4c8a7d__line__000025,pdf_01000000__01005001___8bae4c8a7d__scene__001,01005001_武家坡.pdf,D:\University_studies\Junior\data_visualization\experiment\final_self\opera_dataset\01000000\01005001_武家坡.pdf,01000000/01005001_武家坡.pdf,49bfac8f-ad5c-4639-829d-be1bd24f8504,1,【第一场】,25,dialogue,dialogue,薛平贵,pdf_01000000__01005001___8bae4c8a7d__char__b74cd28ad0,白,白,白,上；去；念白,薛平贵,"本当上前接书,怎奈衣衫褴褛;欲待不去接书,夫妻分别一十八载,今日纸上不能相逢,这便如何是好?吓,有了。","薛平贵（白）本当上前接书,怎奈衣衫褴褛;欲待不去接书,夫妻分别一十八载,今日纸上不能相逢,这便如何是好?吓,有了。"
pdf_01000000__01005001___8bae4c8a7d,武家坡,pdf_01000000__01005001___8bae4c8a7d__line__000025,pdf_01000000__01005001___8bae4c8a7d__scene__001,01005001_武家坡.pdf,D:\University_studies\Junior\data_visualization\experiment\final_self\opera_dataset\01000000\01005001_武家坡.pdf,01000000/01005001_武家坡.pdf,49bfac8f-ad5c-4639-829d-be1bd24f8504,1,【第一场】,25,dialogue,dialogue,薛平贵,pdf_01000000__01005001___8bae4c8a7d__char__b74cd28ad0,白,白,白,念白,薛平贵,略知一二。,薛平贵（白）略知一二。
pdf_01000000__01005001___8bae4c8a7d,武家坡,pdf_01000000__01005001___8bae4c8a7d__line__000025,pdf_01000000__01005001___8bae4c8a7d__scene__001,01005001_武家坡.pdf,D:\University_studies\Junior\data_visualization\experiment\final_self\opera_dataset\01000000\01005001_武家坡.pdf,01000000/01005001_武家坡.pdf,49bfac8f-ad5c-4639-829d-be1bd24f8504,1,【第一场】,25,dialogue,dialogue,王宝钏,pdf_01000000__01005001___8bae4c8a7d__char__1d2367a08b,白,白,白,念白,王宝钏,远?,王宝钏（白）远?
pdf_01000000__01005001___8bae4c8a7d,武家坡,pdf_01000000__01005001___8bae4c8a7d__line__000025,pdf_01000000__01005001___8bae4c8a7d__scene__001,01005001_武家坡.pdf,D:\University_studies\Junior\data_visualization\experiment\final_self\opera_dataset\01000000\01005001_武家坡.pdf,01000000/01005001_武家坡.pdf,49bfac8f-ad5c-4639-829d-be1bd24f8504,1,【第一场】,25,dialogue,dialogue,薛平贵,pdf_01000000__01005001___8bae4c8a7d__char__b74cd28ad0,白,白,白,念白,薛平贵,"远在天边,不能相见。","薛平贵（白）远在天边,不能相见。"
pdf_01000000__01005001___8bae4c8a7d,武家坡,pdf_01000000__01005001___8bae4c8a7d__line__000025,pdf_01000000__01005001___8bae4c8a7d__scene__001,01005001_武家坡.pdf,D:\University_studies\Junior\data_visualization\experiment\final_self\opera_dataset\01000000\01005001_武家坡.pdf,01000000/01005001_武家坡.pdf,49bfac8f-ad5c-4639-829d-be1bd24f8504,1,【第一场】,25,dialogue,dialogue,王宝钏,pdf_01000000__01005001___8bae4c8a7d__char__1d2367a08b,白,白,白,念白,王宝钏,这近?,王宝钏（白）这近?
pdf_01000000__01005001___8bae4c8a7d,武家坡,pdf_01000000__01005001___8bae4c8a7d__line__000025,pdf_01000000__01005001___8bae4c8a7d__scene__001,01005001_武家坡.pdf,D:\University_studies\Junior\data_visualization\experiment\final_self\opera_dataset\01000000\01005001_武家坡.pdf,01000000/01005001_武家坡.pdf,49bfac8f-ad5c-4639-829d-be1bd24f8504,1,【第一场】,25,dialogue,dialogue,薛平贵,pdf_01000000__01005001___8bae4c8a7d__char__b74cd28ad0,白,白,白,念白,薛平贵,"近,莫非你是薛大嫂?","薛平贵（白）近,莫非你是薛大嫂?"
pdf_01000000__01005001___8bae4c8a7d,武家坡,pdf_01000000__01005001___8bae4c8a7d__line__000025,pdf_01000000__01005001___8bae4c8a7d__scene__001,01005001_武家坡.pdf,D:\University_studies\Junior\data_visualization\experiment\final_self\opera_dataset\01000000\01005001_武家坡.pdf,01000000/01005001_武家坡.pdf,49bfac8f-ad5c-4639-829d-be1bd24f8504,1,【第一场】,25,dialogue,dialogue,王宝钏,pdf_01000000__01005001___8bae4c8a7d__char__1d2367a08b,白,白,白,念白,王宝钏,"不敢,就是平贵之妻。","王宝钏（白）不敢,就是平贵之妻。"
pdf_01000000__01005001___8bae4c8a7d,武家坡,pdf_01000000__01005001___8bae4c8a7d__line__000025,pdf_01000000__01005001___8bae4c8a7d__scene__001,01005001_武家坡.pdf,D:\University_studies\Junior\data_visualization\experiment\final_self\opera_dataset\01000000\01005001_武家坡.pdf,01000000/01005001_武家坡.pdf,49bfac8f-ad5c-4639-829d-be1bd24f8504,1,【第一场】,25,dialogue,dialogue,薛平贵,pdf_01000000__01005001___8bae4c8a7d__char__b74cd28ad0,白,白,白,念白,薛平贵,重见一礼。,薛平贵（白）重见一礼。
pdf_01000000__01005001___8bae4c8a7d,武家坡,pdf_01000000__01005001___8bae4c8a7d__line__000025,pdf_01000000__01005001___8bae4c8a7d__scene__001,01005001_武家坡.pdf,D:\University_studies\Junior\data_visualization\experiment\final_self\opera_dataset\01000000\01005001_武家坡.pdf,01000000/01005001_武家坡.pdf,49bfac8f-ad5c-4639-829d-be1bd24f8504,1,【第一场】,25,dialogue,dialogue,王宝钏,pdf_01000000__01005001___8bae4c8a7d__char__1d2367a08b,白,白,白,念白,王宝钏,先前见过礼了。,王宝钏（白）先前见过礼了。
pdf_01000000__01005001___8bae4c8a7d,武家坡,pdf_01000000__01005001___8bae4c8a7d__line__000025,pdf_01000000__01005001___8bae4c8a7d__scene__001,01005001_武家坡.pdf,D:\University_studies\Junior\data_visualization\experiment\final_self\opera_dataset\01000000\01005001_武家坡.pdf,01000000/01005001_武家坡.pdf,49bfac8f-ad5c-4639-829d-be1bd24f8504,1,【第一场】,25,dialogue,dialogue,薛平贵,pdf_01000000__01005001___8bae4c8a7d__char__b74cd28ad0,白,白,白,道；念白,薛平贵,有道是:礼多人不怪。,薛平贵（白）有道是:礼多人不怪。
pdf_01000000__01005001___8bae4c8a7d,武家坡,pdf_01000000__01005001___8bae4c8a7d__line__000025,pdf_01000000__01005001___8bae4c8a7d__scene__001,01005001_武家坡.pdf,D:\University_studies\Junior\data_visualization\experiment\final_self\opera_dataset\01000000\01005001_武家坡.pdf,01000000/01005001_武家坡.pdf,49bfac8f-ad5c-4639-829d-be1bd24f8504,1,【第一场】,25,dialogue,dialogue,王宝钏,pdf_01000000__01005001___8bae4c8a7d__char__1d2367a08b,白,白,白,来；拿；念白,王宝钏,"好一个“礼多人不怪”,拿书来吓。","王宝钏（白）好一个“礼多人不怪”,拿书来吓。"
pdf_01000000__01005001___8bae4c8a7d,武家坡,pdf_01000000__01005001___8bae4c8a7d__line__000025,pdf_01000000__01005001___8bae4c8a7d__scene__001,01005001_武家坡.pdf,D:\University_studies\Junior\data_visualization\experiment\final_self\opera_dataset\01000000\01005001_武家坡.pdf,01000000/01005001_武家坡.pdf,49bfac8f-ad5c-4639-829d-be1bd24f8504,1,【第一场】,25,dialogue,dialogue,薛平贵,pdf_01000000__01005001___8bae4c8a7d__char__b74cd28ad0,白,白,白,念白,薛平贵,"且慢,少待。","薛平贵（白）且慢,少待。"
pdf_01000000__01005001___8bae4c8a7d,武家坡,pdf_01000000__01005001___8bae4c8a7d__line__000025,pdf_01000000__01005001___8bae4c8a7d__scene__001,01005001_武家坡.pdf,D:\University_studies\Junior\data_visualization\experiment\final_self\opera_dataset\01000000\01005001_武家坡.pdf,01000000/01005001_武家坡.pdf,49bfac8f-ad5c-4639-829d-be1bd24f8504,1,【第一场】,25,dialogue,dialogue,王宝钏,pdf_01000000__01005001___8bae4c8a7d__char__1d2367a08b,白,白,白,请；念白,王宝钏,请便。,王宝钏（白）请便。
pdf_01000000__01005001___8bae4c8a7d,武家坡,pdf_01000000__01005001___8bae4c8a7d__line__000025,pdf_01000000__01005001___8bae4c8a7d__scene__001,01005001_武家坡.pdf,D:\University_studies\Junior\data_visualization\experiment\final_self\opera_dataset\01000000\01005001_武家坡.pdf,01000000/01005001_武家坡.pdf,49bfac8f-ad5c-4639-829d-be1bd24f8504,1,【第一场】,25,dialogue,dialogue,薛平贵,pdf_01000000__01005001___8bae4c8a7d__char__b74cd28ad0,白,白,白,念白,薛平贵,"哎呀,且住。想我平贵离家一十八载,不知她节操如何,不免调戏她一番。她若贞节,与她相会,她若失节,将她一刀两断,回转西凉,也好见我那代战公主也。","薛平贵（白）哎呀,且住。想我平贵离家一十八载,不知她节操如何,不免调戏她一番。她若贞节,与她相会,她若失节,将她一刀两断,回转西凉,也好见我那代战公主也。"
pdf_01000000__01005001___8bae4c8a7d,武家坡,pdf_01000000__01005001___8bae4c8a7d__line__000025,pdf_01000000__01005001___8bae4c8a7d__scene__001,01005001_武家坡.pdf,D:\University_studies\Junior\data_visualization\experiment\final_self\opera_dataset\01000000\01005001_武家坡.pdf,01000000/01005001_武家坡.pdf,49bfac8f-ad5c-4639-829d-be1bd24f8504,1,【第一场】,25,dialogue,dialogue,王宝钏,pdf_01000000__01005001___8bae4c8a7d__char__1d2367a08b,白,白,白,念白,王宝钏,书信呢?,王宝钏（白）书信呢?
pdf_01000000__01005001___8bae4c8a7d,武家坡,pdf_01000000__01005001___8bae4c8a7d__line__000025,pdf_01000000__01005001___8bae4c8a7d__scene__001,01005001_武家坡.pdf,D:\University_studies\Junior\data_visualization\experiment\final_self\opera_dataset\01000000\01005001_武家坡.pdf,01000000/01005001_武家坡.pdf,49bfac8f-ad5c-4639-829d-be1bd24f8504,1,【第一场】,25,dialogue,dialogue,薛平贵,pdf_01000000__01005001___8bae4c8a7d__char__b74cd28ad0,白,白,白,念白,薛平贵,失落了。,薛平贵（白）失落了。
pdf_01000000__01005001___8bae4c8a7d,武家坡,pdf_01000000__01005001___8bae4c8a7d__line__000025,pdf_01000000__01005001___8bae4c8a7d__scene__001,01005001_武家坡.pdf,D:\University_studies\Junior\data_visualization\experiment\final_self\opera_dataset\01000000\01005001_武家坡.pdf,01000000/01005001_武家坡.pdf,49bfac8f-ad5c-4639-829d-be1bd24f8504,1,【第一场】,25,dialogue,dialogue,王宝钏,pdf_01000000__01005001___8bae4c8a7d__char__1d2367a08b,白,白,白,念白,王宝钏,放在何处?,王宝钏（白）放在何处?
pdf_01000000__01005001___8bae4c8a7d,武家坡,pdf_01000000__01005001___8bae4c8a7d__line__000025,pdf_01000000__01005001___8bae4c8a7d__scene__001,01005001_武家坡.pdf,D:\University_studies\Junior\data_visualization\experiment\final_self\opera_dataset\01000000\01005001_武家坡.pdf,01000000/01005001_武家坡.pdf,49bfac8f-ad5c-4639-829d-be1bd24f8504,1,【第一场】,25,dialogue,dialogue,薛平贵,pdf_01000000__01005001___8bae4c8a7d__char__b74cd28ad0,白,白,白,念白,薛平贵,弓囊袋内。,薛平贵（白）弓囊袋内。
pdf_01000000__01005001___8bae4c8a7d,武家坡,pdf_01000000__01005001___8bae4c8a7d__line__000025,pdf_01000000__01005001___8bae4c8a7d__scene__001,01005001_武家坡.pdf,D:\University_studies\Junior\data_visualization\experiment\final_self\opera_dataset\01000000\01005001_武家坡.pdf,01000000/01005001_武家坡.pdf,49bfac8f-ad5c-4639-829d-be1bd24f8504,1,【第一场】,25,dialogue,dialogue,王宝钏,pdf_01000000__01005001___8bae4c8a7d__char__1d2367a08b,白,白,白,念白,王宝钏,敢是不要紧所在?,王宝钏（白）敢是不要紧所在?
pdf_01000000__01005001___8bae4c8a7d,武家坡,pdf_01000000__01005001___8bae4c8a7d__line__000025,pdf_01000000__01005001___8bae4c8a7d__scene__001,01005001_武家坡.pdf,D:\University_studies\Junior\data_visualization\experiment\final_self\opera_dataset\01000000\01005001_武家坡.pdf,01000000/01005001_武家坡.pdf,49bfac8f-ad5c-4639-829d-be1bd24f8504,1,【第一场】,25,dialogue,dialogue,薛平贵,pdf_01000000__01005001___8bae4c8a7d__char__b74cd28ad0,白,白,白,念白,薛平贵,倒是要紧的所在在。,薛平贵（白）倒是要紧的所在在。
pdf_01000000__01005001___8bae4c8a7d,武家坡,pdf_01000000__01005001___8bae4c8a7d__line__000025,pdf_01000000__01005001___8bae4c8a7d__scene__001,01005001_武家坡.pdf,D:\University_studies\Junior\data_visualization\experiment\final_self\opera_dataset\01000000\01005001_武家坡.pdf,01000000/01005001_武家坡.pdf,49bfac8f-ad5c-4639-829d-be1bd24f8504,1,【第一场】,25,dialogue,dialogue,王宝钏,pdf_01000000__01005001___8bae4c8a7d__char__1d2367a08b,白,白,白,念白,王宝钏,为何失落了?,王宝钏（白）为何失落了?
pdf_01000000__01005001___8bae4c8a7d,武家坡,pdf_01000000__01005001___8bae4c8a7d__line__000025,pdf_01000000__01005001___8bae4c8a7d__scene__001,01005001_武家坡.pdf,D:\University_studies\Junior\data_visualization\experiment\final_self\opera_dataset\01000000\01005001_武家坡.pdf,01000000/01005001_武家坡.pdf,49bfac8f-ad5c-4639-829d-be1bd24f8504,1,【第一场】,25,dialogue,dialogue,薛平贵,pdf_01000000__01005001___8bae4c8a7d__char__b74cd28ad0,白,白,白,打；念白,薛平贵,我在前面抽弓打雁。,薛平贵（白）我在前面抽弓打雁。
pdf_01000000__01005001___8bae4c8a7d,武家坡,pdf_01000000__01005001___8bae4c8a7d__line__000025,pdf_01000000__01005001___8bae4c8a7d__scene__001,01005001_武家坡.pdf,D:\University_studies\Junior\data_visualization\experiment\final_self\opera_dataset\01000000\01005001_武家坡.pdf,01000000/01005001_武家坡.pdf,49bfac8f-ad5c-4639-829d-be1bd24f8504,1,【第一场】,25,dialogue,dialogue,王宝钏,pdf_01000000__01005001___8bae4c8a7d__char__1d2367a08b,白,白,白,打；念白,王宝钏,打雁则甚?,王宝钏（白）打雁则甚?
pdf_01000000__01005001___8bae4c8a7d,武家坡,pdf_01000000__01005001___8bae4c8a7d__line__000025,pdf_01000000__01005001___8bae4c8a7d__scene__001,01005001_武家坡.pdf,D:\University_studies\Junior\data_visualization\experiment\final_self\opera_dataset\01000000\01005001_武家坡.pdf,01000000/01005001_武家坡.pdf,49bfac8f-ad5c-4639-829d-be1bd24f8504,1,【第一场】,25,dialogue,dialogue,薛平贵,pdf_01000000__01005001___8bae4c8a7d__char__b74cd28ad0,白,白,白,打；念白,薛平贵,打雁充饥。,薛平贵（白）打雁充饥。
pdf_01000000__01005001___8bae4c8a7d,武家坡,pdf_01000000__01005001___8bae4c8a7d__line__000025,pdf_01000000__01005001___8bae4c8a7d__scene__001,01005001_武家坡.pdf,D:\University_studies\Junior\data_visualization\experiment\final_self\opera_dataset\01000000\01005001_武家坡.pdf,01000000/01005001_武家坡.pdf,49bfac8f-ad5c-4639-829d-be1bd24f8504,1,【第一场】,25,dialogue,dialogue,王宝钏,pdf_01000000__01005001___8bae4c8a7d__char__1d2367a08b,白,白,白,念白,王宝钏,想是那雁吃了你的心肝不成!,王宝钏（白）想是那雁吃了你的心肝不成!
pdf_01000000__01005001___8bae4c8a7d,武家坡,pdf_01000000__01005001___8bae4c8a7d__line__000025,pdf_01000000__01005001___8bae4c8a7d__scene__001,01005001_武家坡.pdf,D:\University_studies\Junior\data_visualization\experiment\final_self\opera_dataset\01000000\01005001_武家坡.pdf,01000000/01005001_武家坡.pdf,49bfac8f-ad5c-4639-829d-be1bd24f8504,1,【第一场】,25,dialogue,dialogue,薛平贵,pdf_01000000__01005001___8bae4c8a7d__char__b74cd28ad0,白,白,白,念白,薛平贵,"吓,大嫂,一封书信,能值几何,为何开口伤人?","薛平贵（白）吓,大嫂,一封书信,能值几何,为何开口伤人?"
pdf_01000000__01005001___8bae4c8a7d,武家坡,pdf_01000000__01005001___8bae4c8a7d__line__000025,pdf_01000000__01005001___8bae4c8a7d__scene__001,01005001_武家坡.pdf,D:\University_studies\Junior\data_visualization\experiment\final_self\opera_dataset\01000000\01005001_武家坡.pdf,01000000/01005001_武家坡.pdf,49bfac8f-ad5c-4639-829d-be1bd24f8504,1,【第一场】,25,dialogue,dialogue,王宝钏,pdf_01000000__01005001___8bae4c8a7d__char__1d2367a08b,白,白,白,叫；念白,王宝钏,"你岂不知,曾子曰:吾日三省吾身,与朋友交而不信乎。你失落人家书信,呕 呀,岂不叫人心痛?","王宝钏（白）你岂不知,曾子曰:吾日三省吾身,与朋友交而不信乎。你失落人家书信,呕 呀,岂不叫人心痛?"
pdf_01000000__01005001___8bae4c8a7d,武家坡,pdf_01000000__01005001___8bae4c8a7d__line__000025,pdf_01000000__01005001___8bae4c8a7d__scene__001,01005001_武家坡.pdf,D:\University_studies\Junior\data_visualization\experiment\final_self\opera_dataset\01000000\01005001_武家坡.pdf,01000000/01005001_武家坡.pdf,49bfac8f-ad5c-4639-829d-be1bd24f8504,1,【第一场】,25,dialogue,dialogue,薛平贵,pdf_01000000__01005001___8bae4c8a7d__char__b74cd28ad0,白,白,白,上；哭；念白,薛平贵,"吓,大嫂不必啼哭,那书信上面言语,我还记得几句。","薛平贵（白）吓,大嫂不必啼哭,那书信上面言语,我还记得几句。"
pdf_01000000__01005001___8bae4c8a7d,武家坡,pdf_01000000__01005001___8bae4c8a7d__line__000025,pdf_01000000__01005001___8bae4c8a7d__scene__001,01005001_武家坡.pdf,D:\University_studies\Junior\data_visualization\experiment\final_self\opera_dataset\01000000\01005001_武家坡.pdf,01000000/01005001_武家坡.pdf,49bfac8f-ad5c-4639-829d-be1bd24f8504,1,【第一场】,25,dialogue,dialogue,王宝钏,pdf_01000000__01005001___8bae4c8a7d__char__1d2367a08b,白,白,白,上；来；念白,王宝钏,"吓,是了,想是我那丈夫带来书信,一路之上,你将银子花费,故而你还记得 几句。","王宝钏（白）吓,是了,想是我那丈夫带来书信,一路之上,你将银子花费,故而你还记得 几句。"
pdf_01000000__01005001___8bae4c8a7d,武家坡,pdf_01000000__01005001___8bae4c8a7d__line__000025,pdf_01000000__01005001___8bae4c8a7d__scene__001,01005001_武家坡.pdf,D:\University_studies\Junior\data_visualization\experiment\final_self\opera_dataset\01000000\01005001_武家坡.pdf,01000000/01005001_武家坡.pdf,49bfac8f-ad5c-4639-829d-be1bd24f8504,1,【第一场】,25,dialogue,dialogue,薛平贵,pdf_01000000__01005001___8bae4c8a7d__char__b74cd28ad0,白,白,白,看；打；念白,薛平贵,"大嫂,非是这样讲。因那日薛大哥修书,我在一旁打点行李,是我偷看了几句。","薛平贵（白）大嫂,非是这样讲。因那日薛大哥修书,我在一旁打点行李,是我偷看了几句。"
pdf_01000000__01005001___8bae4c8a7d,武家坡,pdf_01000000__01005001___8bae4c8a7d__line__000025,pdf_01000000__01005001___8bae4c8a7d__scene__001,01005001_武家坡.pdf,D:\University_studies\Junior\data_visualization\experiment\final_self\opera_dataset\01000000\01005001_武家坡.pdf,01000000/01005001_武家坡.pdf,49bfac8f-ad5c-4639-829d-be1bd24f8504,1,【第一场】,25,dialogue,dialogue,王宝钏,pdf_01000000__01005001___8bae4c8a7d__char__1d2367a08b,白,白,白,来；念白,王宝钏,如此说来你倒是个有心人了。,王宝钏（白）如此说来你倒是个有心人了。
pdf_01000000__01005001___8bae4c8a7d,武家坡,pdf_01000000__01005001___8bae4c8a7d__line__000025,pdf_01000000__01005001___8bae4c8a7d__scene__001,01005001_武家坡.pdf,D:\University_studies\Junior\data_visualization\experiment\final_self\opera_dataset\01000000\01005001_武家坡.pdf,01000000/01005001_武家坡.pdf,49bfac8f-ad5c-4639-829d-be1bd24f8504,1,【第一场】,25,dialogue,dialogue,薛平贵,pdf_01000000__01005001___8bae4c8a7d__char__b74cd28ad0,白,白,白,念白,薛平贵,"我有心,还不失了你的书信。","薛平贵（白）我有心,还不失了你的书信。"
pdf_01000000__01005001___8bae4c8a7d,武家坡,pdf_01000000__01005001___8bae4c8a7d__line__000025,pdf_01000000__01005001___8bae4c8a7d__scene__001,01005001_武家坡.pdf,D:\University_studies\Junior\data_visualization\experiment\final_self\opera_dataset\01000000\01005001_武家坡.pdf,01000000/01005001_武家坡.pdf,49bfac8f-ad5c-4639-829d-be1bd24f8504,1,【第一场】,25,dialogue,dialogue,王宝钏,pdf_01000000__01005001___8bae4c8a7d__char__1d2367a08b,白,白,白,念白,王宝钏,你要讲吓。,王宝钏（白）你要讲吓。
pdf_01000000__01005001___8bae4c8a7d,武家坡,pdf_01000000__01005001___8bae4c8a7d__line__000025,pdf_01000000__01005001___8bae4c8a7d__scene__001,01005001_武家坡.pdf,D:\University_studies\Junior\data_visualization\experiment\final_self\opera_dataset\01000000\01005001_武家坡.pdf,01000000/01005001_武家坡.pdf,49bfac8f-ad5c-4639-829d-be1bd24f8504,1,【第一场】,25,dialogue,dialogue,薛平贵,pdf_01000000__01005001___8bae4c8a7d__char__b74cd28ad0,白,白,白,念白,薛平贵,你且听了。,薛平贵（白）你且听了。
pdf_01000000__01005001___8bae4c8a7d,武家坡,pdf_01000000__01005001___8bae4c8a7d__line__000025,pdf_01000000__01005001___8bae4c8a7d__scene__001,01005001_武家坡.pdf,D:\University_studies\Junior\data_visualization\experiment\final_self\opera_dataset\01000000\01005001_武家坡.pdf,01000000/01005001_武家坡.pdf,49bfac8f-ad5c-4639-829d-be1bd24f8504,1,【第一场】,25,dialogue,dialogue,王宝钏,pdf_01000000__01005001___8bae4c8a7d__char__1d2367a08b,白,白,白,念白,王宝钏,住了。军营中连灯亮也无有?,王宝钏（白）住了。军营中连灯亮也无有?
pdf_01000000__01005001___8bae4c8a7d,武家坡,pdf_01000000__01005001___8bae4c8a7d__line__000025,pdf_01000000__01005001___8bae4c8a7d__scene__001,01005001_武家坡.pdf,D:\University_studies\Junior\data_visualization\experiment\final_self\opera_dataset\01000000\01005001_武家坡.pdf,01000000/01005001_武家坡.pdf,49bfac8f-ad5c-4639-829d-be1bd24f8504,1,【第一场】,25,dialogue,dialogue,薛平贵,pdf_01000000__01005001___8bae4c8a7d__char__b74cd28ad0,白,白,白,来；念白,薛平贵,"军营中哪里来的灯亮,全凭皓月当空。","薛平贵（白）军营中哪里来的灯亮,全凭皓月当空。"
pdf_01000000__01005001___8bae4c8a7d,武家坡,pdf_01000000__01005001___8bae4c8a7d__line__000025,pdf_01000000__01005001___8bae4c8a7d__scene__001,01005001_武家坡.pdf,D:\University_studies\Junior\data_visualization\experiment\final_self\opera_dataset\01000000\01005001_武家坡.pdf,01000000/01005001_武家坡.pdf,49bfac8f-ad5c-4639-829d-be1bd24f8504,1,【第一场】,25,lyric,lyric,王宝钏,pdf_01000000__01005001___8bae4c8a7d__char__1d2367a08b,西皮原板,唱,西皮原板,问；唱段,王宝钏,我问他好?,王宝钏（西皮原板）我问他好?
pdf_01000000__01005001___8bae4c8a7d,武家坡,pdf_01000000__01005001___8bae4c8a7d__line__000025,pdf_01000000__01005001___8bae4c8a7d__scene__001,01005001_武家坡.pdf,D:\University_studies\Junior\data_visualization\experiment\final_self\opera_dataset\01000000\01005001_武家坡.pdf,01000000/01005001_武家坡.pdf,49bfac8f-ad5c-4639-829d-be1bd24f8504,1,【第一场】,25,lyric,lyric,薛平贵,pdf_01000000__01005001___8bae4c8a7d__char__b74cd28ad0,西皮原板,唱,西皮原板,唱段,薛平贵,"他倒好,","薛平贵（西皮原板）他倒好,"
pdf_01000000__01005001___8bae4c8a7d,武家坡,pdf_01000000__01005001___8bae4c8a7d__line__000025,pdf_01000000__01005001___8bae4c8a7d__scene__001,01005001_武家坡.pdf,D:\University_studies\Junior\data_visualization\experiment\final_self\opera_dataset\01000000\01005001_武家坡.pdf,01000000/01005001_武家坡.pdf,49bfac8f-ad5c-4639-829d-be1bd24f8504,1,【第一场】,25,lyric,lyric,王宝钏,pdf_01000000__01005001___8bae4c8a7d__char__1d2367a08b,西皮原板,唱,西皮原板,问；唱段,王宝钏,再问他安宁?,王宝钏（西皮原板）再问他安宁?
pdf_01000000__01005001___8bae4c8a7d,武家坡,pdf_01000000__01005001___8bae4c8a7d__line__000025,pdf_01000000__01005001___8bae4c8a7d__scene__001,01005001_武家坡.pdf,D:\University_studies\Junior\data_visualization\experiment\final_self\opera_dataset\01000000\01005001_武家坡.pdf,01000000/01005001_武家坡.pdf,49bfac8f-ad5c-4639-829d-be1bd24f8504,1,【第一场】,25,lyric,lyric,薛平贵,pdf_01000000__01005001___8bae4c8a7d__char__b74cd28ad0,西皮原板,唱,西皮原板,唱段,薛平贵,他倒安宁。,薛平贵（西皮原板）他倒安宁。
pdf_01000000__01005001___8bae4c8a7d,武家坡,pdf_01000000__01005001___8bae4c8a7d__line__000025,pdf_01000000__01005001___8bae4c8a7d__scene__001,01005001_武家坡.pdf,D:\University_studies\Junior\data_visualization\experiment\final_self\opera_dataset\01000000\01005001_武家坡.pdf,01000000/01005001_武家坡.pdf,49bfac8f-ad5c-4639-829d-be1bd24f8504,1,【第一场】,25,lyric,lyric,王宝钏,pdf_01000000__01005001___8bae4c8a7d__char__1d2367a08b,西皮原板,唱,西皮原板,唱段,王宝钏,三餐茶饭?,王宝钏（西皮原板）三餐茶饭?
pdf_01000000__01005001___8bae4c8a7d,武家坡,pdf_01000000__01005001___8bae4c8a7d__line__000025,pdf_01000000__01005001___8bae4c8a7d__scene__001,01005001_武家坡.pdf,D:\University_studies\Junior\data_visualization\experiment\final_self\opera_dataset\01000000\01005001_武家坡.pdf,01000000/01005001_武家坡.pdf,49bfac8f-ad5c-4639-829d-be1bd24f8504,1,【第一场】,25,lyric,lyric,薛平贵,pdf_01000000__01005001___8bae4c8a7d__char__b74cd28ad0,西皮原板,唱,西皮原板,唱段,薛平贵,"小军造,","薛平贵（西皮原板）小军造,"
pdf_01000000__01005001___8bae4c8a7d,武家坡,pdf_01000000__01005001___8bae4c8a7d__line__000025,pdf_01000000__01005001___8bae4c8a7d__scene__001,01005001_武家坡.pdf,D:\University_studies\Junior\data_visualization\experiment\final_self\opera_dataset\01000000\01005001_武家坡.pdf,01000000/01005001_武家坡.pdf,49bfac8f-ad5c-4639-829d-be1bd24f8504,1,【第一场】,25,lyric,lyric,王宝钏,pdf_01000000__01005001___8bae4c8a7d__char__1d2367a08b,西皮原板,唱,西皮原板,唱段,王宝钏,衣服破了?,王宝钏（西皮原板）衣服破了?
pdf_01000000__01005001___8bae4c8a7d,武家坡,pdf_01000000__01005001___8bae4c8a7d__line__000025,pdf_01000000__01005001___8bae4c8a7d__scene__001,01005001_武家坡.pdf,D:\University_studies\Junior\data_visualization\experiment\final_self\opera_dataset\01000000\01005001_武家坡.pdf,01000000/01005001_武家坡.pdf,49bfac8f-ad5c-4639-829d-be1bd24f8504,1,【第一场】,25,lyric,lyric,薛平贵,pdf_01000000__01005001___8bae4c8a7d__char__b74cd28ad0,西皮原板,唱,西皮原板,唱段,薛平贵,自己缝。,薛平贵（西皮原板）自己缝。
pdf_01000000__01005001___8bae4c8a7d,武家坡,pdf_01000000__01005001___8bae4c8a7d__line__000025,pdf_01000000__01005001___8bae4c8a7d__scene__001,01005001_武家坡.pdf,D:\University_studies\Junior\data_visualization\experiment\final_self\opera_dataset\01000000\01005001_武家坡.pdf,01000000/01005001_武家坡.pdf,49bfac8f-ad5c-4639-829d-be1bd24f8504,1,【第一场】,25,dialogue,dialogue,王宝钏,pdf_01000000__01005001___8bae4c8a7d__char__1d2367a08b,白,白,白,打；念白,王宝钏,"吓,受了刑,想是挨了打?","王宝钏（白）吓,受了刑,想是挨了打?"
pdf_01000000__01005001___8bae4c8a7d,武家坡,pdf_01000000__01005001___8bae4c8a7d__line__000025,pdf_01000000__01005001___8bae4c8a7d__scene__001,01005001_武家坡.pdf,D:\University_studies\Junior\data_visualization\experiment\final_self\opera_dataset\01000000\01005001_武家坡.pdf,01000000/01005001_武家坡.pdf,49bfac8f-ad5c-4639-829d-be1bd24f8504,1,【第一场】,25,dialogue,dialogue,薛平贵,pdf_01000000__01005001___8bae4c8a7d__char__b74cd28ad0,白,白,白,打；念白,薛平贵,正是挨了打。,薛平贵（白）正是挨了打。
pdf_01000000__01005001___8bae4c8a7d,武家坡,pdf_01000000__01005001___8bae4c8a7d__line__000025,pdf_01000000__01005001___8bae4c8a7d__scene__001,01005001_武家坡.pdf,D:\University_studies\Junior\data_visualization\experiment\final_self\opera_dataset\01000000\01005001_武家坡.pdf,01000000/01005001_武家坡.pdf,49bfac8f-ad5c-4639-829d-be1bd24f8504,1,【第一场】,25,dialogue,dialogue,王宝钏,pdf_01000000__01005001___8bae4c8a7d__char__1d2367a08b,白,白,白,打；念白,王宝钏,不知打了多少。,王宝钏（白）不知打了多少。
pdf_01000000__01005001___8bae4c8a7d,武家坡,pdf_01000000__01005001___8bae4c8a7d__line__000025,pdf_01000000__01005001___8bae4c8a7d__scene__001,01005001_武家坡.pdf,D:\University_studies\Junior\data_visualization\experiment\final_self\opera_dataset\01000000\01005001_武家坡.pdf,01000000/01005001_武家坡.pdf,49bfac8f-ad5c-4639-829d-be1bd24f8504,1,【第一场】,25,dialogue,dialogue,薛平贵,pdf_01000000__01005001___8bae4c8a7d__char__b74cd28ad0,白,白,白,念白,薛平贵,一捆四十。,薛平贵（白）一捆四十。
pdf_01000000__01005001___8bae4c8a7d,武家坡,pdf_01000000__01005001___8bae4c8a7d__line__000025,pdf_01000000__01005001___8bae4c8a7d__scene__001,01005001_武家坡.pdf,D:\University_studies\Junior\data_visualization\experiment\final_self\opera_dataset\01000000\01005001_武家坡.pdf,01000000/01005001_武家坡.pdf,49bfac8f-ad5c-4639-829d-be1bd24f8504,1,【第一场】,25,dialogue,dialogue,王宝钏,pdf_01000000__01005001___8bae4c8a7d__char__1d2367a08b,白,白,白,命；念白,王宝钏,"喂呀,我那苦命的夫呀!","王宝钏（白）喂呀,我那苦命的夫呀!"
pdf_01000000__01005001___8bae4c8a7d,武家坡,pdf_01000000__01005001___8bae4c8a7d__line__000025,pdf_01000000__01005001___8bae4c8a7d__scene__001,01005001_武家坡.pdf,D:\University_studies\Junior\data_visualization\experiment\final_self\opera_dataset\01000000\01005001_武家坡.pdf,01000000/01005001_武家坡.pdf,49bfac8f-ad5c-4639-829d-be1bd24f8504,1,【第一场】,25,dialogue,dialogue,薛平贵,pdf_01000000__01005001___8bae4c8a7d__char__b74cd28ad0,白,白,白,哭；念白,薛平贵,"吓,大嫂不必啼哭,有苦还在后呢!","薛平贵（白）吓,大嫂不必啼哭,有苦还在后呢!"
pdf_01000000__01005001___8bae4c8a7d,武家坡,pdf_01000000__01005001___8bae4c8a7d__line__000025,pdf_01000000__01005001___8bae4c8a7d__scene__001,01005001_武家坡.pdf,D:\University_studies\Junior\data_visualization\experiment\final_self\opera_dataset\01000000\01005001_武家坡.pdf,01000000/01005001_武家坡.pdf,49bfac8f-ad5c-4639-829d-be1bd24f8504,1,【第一场】,25,dialogue,dialogue,王宝钏,pdf_01000000__01005001___8bae4c8a7d__char__1d2367a08b,白,白,白,念白,王宝钏,"还是官马,还是私马?","王宝钏（白）还是官马,还是私马?"
pdf_01000000__01005001___8bae4c8a7d,武家坡,pdf_01000000__01005001___8bae4c8a7d__line__000025,pdf_01000000__01005001___8bae4c8a7d__scene__001,01005001_武家坡.pdf,D:\University_studies\Junior\data_visualization\experiment\final_self\opera_dataset\01000000\01005001_武家坡.pdf,01000000/01005001_武家坡.pdf,49bfac8f-ad5c-4639-829d-be1bd24f8504,1,【第一场】,25,dialogue,dialogue,薛平贵,pdf_01000000__01005001___8bae4c8a7d__char__b74cd28ad0,白,白,白,念白,薛平贵,自然官马。,薛平贵（白）自然官马。
pdf_01000000__01005001___8bae4c8a7d,武家坡,pdf_01000000__01005001___8bae4c8a7d__line__000025,pdf_01000000__01005001___8bae4c8a7d__scene__001,01005001_武家坡.pdf,D:\University_studies\Junior\data_visualization\experiment\final_self\opera_dataset\01000000\01005001_武家坡.pdf,01000000/01005001_武家坡.pdf,49bfac8f-ad5c-4639-829d-be1bd24f8504,1,【第一场】,25,dialogue,dialogue,王宝钏,pdf_01000000__01005001___8bae4c8a7d__char__1d2367a08b,白,白,白,念白,王宝钏,官马岂不要赔?,王宝钏（白）官马岂不要赔?
pdf_01000000__01005001___8bae4c8a7d,武家坡,pdf_01000000__01005001___8bae4c8a7d__line__000025,pdf_01000000__01005001___8bae4c8a7d__scene__001,01005001_武家坡.pdf,D:\University_studies\Junior\data_visualization\experiment\final_self\opera_dataset\01000000\01005001_武家坡.pdf,01000000/01005001_武家坡.pdf,49bfac8f-ad5c-4639-829d-be1bd24f8504,1,【第一场】,25,dialogue,dialogue,薛平贵,pdf_01000000__01005001___8bae4c8a7d__char__b74cd28ad0,白,白,白,念白,薛平贵,哪怕他不赔?,薛平贵（白）哪怕他不赔?
pdf_01000000__01005001___8bae4c8a7d,武家坡,pdf_01000000__01005001___8bae4c8a7d__line__000025,pdf_01000000__01005001___8bae4c8a7d__scene__001,01005001_武家坡.pdf,D:\University_studies\Junior\data_visualization\experiment\final_self\opera_dataset\01000000\01005001_武家坡.pdf,01000000/01005001_武家坡.pdf,49bfac8f-ad5c-4639-829d-be1bd24f8504,1,【第一场】,25,dialogue,dialogue,王宝钏,pdf_01000000__01005001___8bae4c8a7d__char__1d2367a08b,白,白,白,来；念白,王宝钏,他哪里来的银钱赔马?,王宝钏（白）他哪里来的银钱赔马?
pdf_01000000__01005001___8bae4c8a7d,武家坡,pdf_01000000__01005001___8bae4c8a7d__line__000025,pdf_01000000__01005001___8bae4c8a7d__scene__001,01005001_武家坡.pdf,D:\University_studies\Junior\data_visualization\experiment\final_self\opera_dataset\01000000\01005001_武家坡.pdf,01000000/01005001_武家坡.pdf,49bfac8f-ad5c-4639-829d-be1bd24f8504,1,【第一场】,25,dialogue,dialogue,薛平贵,pdf_01000000__01005001___8bae4c8a7d__char__b74cd28ad0,白,白,白,念白,薛平贵,自然有呢。,薛平贵（白）自然有呢。
pdf_01000000__01005001___8bae4c8a7d,武家坡,pdf_01000000__01005001___8bae4c8a7d__line__000025,pdf_01000000__01005001___8bae4c8a7d__scene__001,01005001_武家坡.pdf,D:\University_studies\Junior\data_visualization\experiment\final_self\opera_dataset\01000000\01005001_武家坡.pdf,01000000/01005001_武家坡.pdf,49bfac8f-ad5c-4639-829d-be1bd24f8504,1,【第一场】,25,dialogue,dialogue,王宝钏,pdf_01000000__01005001___8bae4c8a7d__char__1d2367a08b,白,白,白,来；问；念白,王宝钏,"住了,我来问你,你在营中,吃的几份钱粮?","王宝钏（白）住了,我来问你,你在营中,吃的几份钱粮?"
pdf_01000000__01005001___8bae4c8a7d,武家坡,pdf_01000000__01005001___8bae4c8a7d__line__000025,pdf_01000000__01005001___8bae4c8a7d__scene__001,01005001_武家坡.pdf,D:\University_studies\Junior\data_visualization\experiment\final_self\opera_dataset\01000000\01005001_武家坡.pdf,01000000/01005001_武家坡.pdf,49bfac8f-ad5c-4639-829d-be1bd24f8504,1,【第一场】,25,dialogue,dialogue,薛平贵,pdf_01000000__01005001___8bae4c8a7d__char__b74cd28ad0,白,白,白,念白,薛平贵,一份。,薛平贵（白）一份。
pdf_01000000__01005001___8bae4c8a7d,武家坡,pdf_01000000__01005001___8bae4c8a7d__line__000025,pdf_01000000__01005001___8bae4c8a7d__scene__001,01005001_武家坡.pdf,D:\University_studies\Junior\data_visualization\experiment\final_self\opera_dataset\01000000\01005001_武家坡.pdf,01000000/01005001_武家坡.pdf,49bfac8f-ad5c-4639-829d-be1bd24f8504,1,【第一场】,25,dialogue,dialogue,王宝钏,pdf_01000000__01005001___8bae4c8a7d__char__1d2367a08b,白,白,白,念白,王宝钏,我那丈夫呢。,王宝钏（白）我那丈夫呢。
pdf_01000000__01005001___8bae4c8a7d,武家坡,pdf_01000000__01005001___8bae4c8a7d__line__000025,pdf_01000000__01005001___8bae4c8a7d__scene__001,01005001_武家坡.pdf,D:\University_studies\Junior\data_visualization\experiment\final_self\opera_dataset\01000000\01005001_武家坡.pdf,01000000/01005001_武家坡.pdf,49bfac8f-ad5c-4639-829d-be1bd24f8504,1,【第一场】,25,dialogue,dialogue,薛平贵,pdf_01000000__01005001___8bae4c8a7d__char__b74cd28ad0,白,白,白,念白,薛平贵,也是一份。,薛平贵（白）也是一份。
pdf_01000000__01005001___8bae4c8a7d,武家坡,pdf_01000000__01005001___8bae4c8a7d__line__000025,pdf_01000000__01005001___8bae4c8a7d__scene__001,01005001_武家坡.pdf,D:\University_studies\Junior\data_visualization\experiment\final_self\opera_dataset\01000000\01005001_武家坡.pdf,01000000/01005001_武家坡.pdf,49bfac8f-ad5c-4639-829d-be1bd24f8504,1,【第一场】,25,dialogue,dialogue,王宝钏,pdf_01000000__01005001___8bae4c8a7d__char__1d2367a08b,白,白,白,来；念白,王宝钏,你二人俱是一份。你哪里来的银子放账?,王宝钏（白）你二人俱是一份。你哪里来的银子放账?
pdf_01000000__01005001___8bae4c8a7d,武家坡,pdf_01000000__01005001___8bae4c8a7d__line__000025,pdf_01000000__01005001___8bae4c8a7d__scene__001,01005001_武家坡.pdf,D:\University_studies\Junior\data_visualization\experiment\final_self\opera_dataset\01000000\01005001_武家坡.pdf,01000000/01005001_武家坡.pdf,49bfac8f-ad5c-4639-829d-be1bd24f8504,1,【第一场】,25,dialogue,dialogue,薛平贵,pdf_01000000__01005001___8bae4c8a7d__char__b74cd28ad0,白,白,白,下；念白,薛平贵,"大嫂有所不知,我那薛大哥,乃是风流浪子,将银子俱都花费了。我乃贫寒出身,故而积的下。","薛平贵（白）大嫂有所不知,我那薛大哥,乃是风流浪子,将银子俱都花费了。我乃贫寒出身,故而积的下。"
pdf_01000000__01005001___8bae4c8a7d,武家坡,pdf_01000000__01005001___8bae4c8a7d__line__000025,pdf_01000000__01005001___8bae4c8a7d__scene__001,01005001_武家坡.pdf,D:\University_studies\Junior\data_visualization\experiment\final_self\opera_dataset\01000000\01005001_武家坡.pdf,01000000/01005001_武家坡.pdf,49bfac8f-ad5c-4639-829d-be1bd24f8504,1,【第一场】,25,dialogue,dialogue,王宝钏,pdf_01000000__01005001___8bae4c8a7d__char__1d2367a08b,白,白,白,念白,王宝钏,"这就不对了。我那丈夫也是贫寒出身,不会花费银钱。","王宝钏（白）这就不对了。我那丈夫也是贫寒出身,不会花费银钱。"
pdf_01000000__01005001___8bae4c8a7d,武家坡,pdf_01000000__01005001___8bae4c8a7d__line__000025,pdf_01000000__01005001___8bae4c8a7d__scene__001,01005001_武家坡.pdf,D:\University_studies\Junior\data_visualization\experiment\final_self\opera_dataset\01000000\01005001_武家坡.pdf,01000000/01005001_武家坡.pdf,49bfac8f-ad5c-4639-829d-be1bd24f8504,1,【第一场】,25,dialogue,dialogue,薛平贵,pdf_01000000__01005001___8bae4c8a7d__char__b74cd28ad0,白,白,白,念白,薛平贵,"薛大哥,薛大哥,我今才知你也是贫寒出身吓!","薛平贵（白）薛大哥,薛大哥,我今才知你也是贫寒出身吓!"
pdf_01000000__01005001___8bae4c8a7d,武家坡,pdf_01000000__01005001___8bae4c8a7d__line__000025,pdf_01000000__01005001___8bae4c8a7d__scene__001,01005001_武家坡.pdf,D:\University_studies\Junior\data_visualization\experiment\final_self\opera_dataset\01000000\01005001_武家坡.pdf,01000000/01005001_武家坡.pdf,49bfac8f-ad5c-4639-829d-be1bd24f8504,1,【第一场】,25,dialogue,dialogue,王宝钏,pdf_01000000__01005001___8bae4c8a7d__char__1d2367a08b,白,白,白,笑；念白,王宝钏,被他取笑了。,王宝钏（白）被他取笑了。
pdf_01000000__01005001___8bae4c8a7d,武家坡,pdf_01000000__01005001___8bae4c8a7d__line__000025,pdf_01000000__01005001___8bae4c8a7d__scene__001,01005001_武家坡.pdf,D:\University_studies\Junior\data_visualization\experiment\final_self\opera_dataset\01000000\01005001_武家坡.pdf,01000000/01005001_武家坡.pdf,49bfac8f-ad5c-4639-829d-be1bd24f8504,1,【第一场】,25,lyric,lyric,薛平贵,pdf_01000000__01005001___8bae4c8a7d__char__b74cd28ad0,西皮原板,唱,西皮原板,来；唱段,薛平贵,"本利算来二十两,并无有还我半毫分。","薛平贵（西皮原板）本利算来二十两,并无有还我半毫分。"
pdf_01000000__01005001___8bae4c8a7d,武家坡,pdf_01000000__01005001___8bae4c8a7d__line__000025,pdf_01000000__01005001___8bae4c8a7d__scene__001,01005001_武家坡.pdf,D:\University_studies\Junior\data_visualization\experiment\final_self\opera_dataset\01000000\01005001_武家坡.pdf,01000000/01005001_武家坡.pdf,49bfac8f-ad5c-4639-829d-be1bd24f8504,1,【第一场】,25,dialogue,dialogue,王宝钏,pdf_01000000__01005001___8bae4c8a7d__char__1d2367a08b,白,白,白,问；念白,王宝钏,你就该问他要。,王宝钏（白）你就该问他要。
pdf_01000000__01005001___8bae4c8a7d,武家坡,pdf_01000000__01005001___8bae4c8a7d__line__000025,pdf_01000000__01005001___8bae4c8a7d__scene__001,01005001_武家坡.pdf,D:\University_studies\Junior\data_visualization\experiment\final_self\opera_dataset\01000000\01005001_武家坡.pdf,01000000/01005001_武家坡.pdf,49bfac8f-ad5c-4639-829d-be1bd24f8504,1,【第一场】,25,dialogue,dialogue,薛平贵,pdf_01000000__01005001___8bae4c8a7d__char__b74cd28ad0,白,白,白,念白,薛平贵,他无有也是枉然。,薛平贵（白）他无有也是枉然。
pdf_01000000__01005001___8bae4c8a7d,武家坡,pdf_01000000__01005001___8bae4c8a7d__line__000025,pdf_01000000__01005001___8bae4c8a7d__scene__001,01005001_武家坡.pdf,D:\University_studies\Junior\data_visualization\experiment\final_self\opera_dataset\01000000\01005001_武家坡.pdf,01000000/01005001_武家坡.pdf,49bfac8f-ad5c-4639-829d-be1bd24f8504,1,【第一场】,25,dialogue,dialogue,王宝钏,pdf_01000000__01005001___8bae4c8a7d__char__1d2367a08b,白,白,白,问；打；念白,王宝钏,你就该打骂问他要。,王宝钏（白）你就该打骂问他要。
pdf_01000000__01005001___8bae4c8a7d,武家坡,pdf_01000000__01005001___8bae4c8a7d__line__000025,pdf_01000000__01005001___8bae4c8a7d__scene__001,01005001_武家坡.pdf,D:\University_studies\Junior\data_visualization\experiment\final_self\opera_dataset\01000000\01005001_武家坡.pdf,01000000/01005001_武家坡.pdf,49bfac8f-ad5c-4639-829d-be1bd24f8504,1,【第一场】,25,dialogue,dialogue,薛平贵,pdf_01000000__01005001___8bae4c8a7d__char__b74cd28ad0,白,白,白,念白,薛平贵,岂不伤了兄弟的和气?,薛平贵（白）岂不伤了兄弟的和气?
pdf_01000000__01005001___8bae4c8a7d,武家坡,pdf_01000000__01005001___8bae4c8a7d__line__000025,pdf_01000000__01005001___8bae4c8a7d__scene__001,01005001_武家坡.pdf,D:\University_studies\Junior\data_visualization\experiment\final_self\opera_dataset\01000000\01005001_武家坡.pdf,01000000/01005001_武家坡.pdf,49bfac8f-ad5c-4639-829d-be1bd24f8504,1,【第一场】,25,dialogue,dialogue,王宝钏,pdf_01000000__01005001___8bae4c8a7d__char__1d2367a08b,白,白,白,念白,王宝钏,军爷身带何物?,王宝钏（白）军爷身带何物?
pdf_01000000__01005001___8bae4c8a7d,武家坡,pdf_01000000__01005001___8bae4c8a7d__line__000025,pdf_01000000__01005001___8bae4c8a7d__scene__001,01005001_武家坡.pdf,D:\University_studies\Junior\data_visualization\experiment\final_self\opera_dataset\01000000\01005001_武家坡.pdf,01000000/01005001_武家坡.pdf,49bfac8f-ad5c-4639-829d-be1bd24f8504,1,【第一场】,25,dialogue,dialogue,薛平贵,pdf_01000000__01005001___8bae4c8a7d__char__b74cd28ad0,白,白,白,念白,薛平贵,防身宝剑。,薛平贵（白）防身宝剑。
pdf_01000000__01005001___8bae4c8a7d,武家坡,pdf_01000000__01005001___8bae4c8a7d__line__000025,pdf_01000000__01005001___8bae4c8a7d__scene__001,01005001_武家坡.pdf,D:\University_studies\Junior\data_visualization\experiment\final_self\opera_dataset\01000000\01005001_武家坡.pdf,01000000/01005001_武家坡.pdf,49bfac8f-ad5c-4639-829d-be1bd24f8504,1,【第一场】,25,dialogue,dialogue,王宝钏,pdf_01000000__01005001___8bae4c8a7d__char__1d2367a08b,白,白,白,问；杀；念白,王宝钏,你就该杀了他问他要。,王宝钏（白）你就该杀了他问他要。
pdf_01000000__01005001___8bae4c8a7d,武家坡,pdf_01000000__01005001___8bae4c8a7d__line__000025,pdf_01000000__01005001___8bae4c8a7d__scene__001,01005001_武家坡.pdf,D:\University_studies\Junior\data_visualization\experiment\final_self\opera_dataset\01000000\01005001_武家坡.pdf,01000000/01005001_武家坡.pdf,49bfac8f-ad5c-4639-829d-be1bd24f8504,1,【第一场】,25,dialogue,dialogue,薛平贵,pdf_01000000__01005001___8bae4c8a7d__char__b74cd28ad0,白,白,白,命；杀；念白,薛平贵,"清平世界,浩荡乾坤,杀了人岂不要偿命。","薛平贵（白）清平世界,浩荡乾坤,杀了人岂不要偿命。"
pdf_01000000__01005001___8bae4c8a7d,武家坡,pdf_01000000__01005001___8bae4c8a7d__line__000025,pdf_01000000__01005001___8bae4c8a7d__scene__001,01005001_武家坡.pdf,D:\University_studies\Junior\data_visualization\experiment\final_self\opera_dataset\01000000\01005001_武家坡.pdf,01000000/01005001_武家坡.pdf,49bfac8f-ad5c-4639-829d-be1bd24f8504,1,【第一场】,25,dialogue,dialogue,王宝钏,pdf_01000000__01005001___8bae4c8a7d__char__1d2367a08b,白,白,白,道；念白,王宝钏,难道你就舍了不成?,王宝钏（白）难道你就舍了不成?
pdf_01000000__01005001___8bae4c8a7d,武家坡,pdf_01000000__01005001___8bae4c8a7d__line__000025,pdf_01000000__01005001___8bae4c8a7d__scene__001,01005001_武家坡.pdf,D:\University_studies\Junior\data_visualization\experiment\final_self\opera_dataset\01000000\01005001_武家坡.pdf,01000000/01005001_武家坡.pdf,49bfac8f-ad5c-4639-829d-be1bd24f8504,1,【第一场】,25,dialogue,dialogue,薛平贵,pdf_01000000__01005001___8bae4c8a7d__char__b74cd28ad0,白,白,白,道；念白,薛平贵,"哎呀大嫂,又道善财难舍吓!","薛平贵（白）哎呀大嫂,又道善财难舍吓!"
pdf_01000000__01005001___8bae4c8a7d,武家坡,pdf_01000000__01005001___8bae4c8a7d__line__000025,pdf_01000000__01005001___8bae4c8a7d__scene__001,01005001_武家坡.pdf,D:\University_studies\Junior\data_visualization\experiment\final_self\opera_dataset\01000000\01005001_武家坡.pdf,01000000/01005001_武家坡.pdf,49bfac8f-ad5c-4639-829d-be1bd24f8504,1,【第一场】,25,dialogue,dialogue,王宝钏,pdf_01000000__01005001___8bae4c8a7d__char__1d2367a08b,白,白,白,念白,王宝钏,"啐,哇!王宝钏该你的?","王宝钏（白）啐,哇!王宝钏该你的?"
pdf_01000000__01005001___8bae4c8a7d,武家坡,pdf_01000000__01005001___8bae4c8a7d__line__000025,pdf_01000000__01005001___8bae4c8a7d__scene__001,01005001_武家坡.pdf,D:\University_studies\Junior\data_visualization\experiment\final_self\opera_dataset\01000000\01005001_武家坡.pdf,01000000/01005001_武家坡.pdf,49bfac8f-ad5c-4639-829d-be1bd24f8504,1,【第一场】,25,dialogue,dialogue,薛平贵,pdf_01000000__01005001___8bae4c8a7d__char__b74cd28ad0,白,白,白,念白,薛平贵,不该。,薛平贵（白）不该。
pdf_01000000__01005001___8bae4c8a7d,武家坡,pdf_01000000__01005001___8bae4c8a7d__line__000025,pdf_01000000__01005001___8bae4c8a7d__scene__001,01005001_武家坡.pdf,D:\University_studies\Junior\data_visualization\experiment\final_self\opera_dataset\01000000\01005001_武家坡.pdf,01000000/01005001_武家坡.pdf,49bfac8f-ad5c-4639-829d-be1bd24f8504,1,【第一场】,25,dialogue,dialogue,王宝钏,pdf_01000000__01005001___8bae4c8a7d__char__1d2367a08b,白,白,白,念白,王宝钏,欠你的?,王宝钏（白）欠你的?
pdf_01000000__01005001___8bae4c8a7d,武家坡,pdf_01000000__01005001___8bae4c8a7d__line__000025,pdf_01000000__01005001___8bae4c8a7d__scene__001,01005001_武家坡.pdf,D:\University_studies\Junior\data_visualization\experiment\final_self\opera_dataset\01000000\01005001_武家坡.pdf,01000000/01005001_武家坡.pdf,49bfac8f-ad5c-4639-829d-be1bd24f8504,1,【第一场】,25,dialogue,dialogue,薛平贵,pdf_01000000__01005001___8bae4c8a7d__char__b74cd28ad0,白,白,白,念白,薛平贵,也不欠。,薛平贵（白）也不欠。
pdf_01000000__01005001___8bae4c8a7d,武家坡,pdf_01000000__01005001___8bae4c8a7d__line__000025,pdf_01000000__01005001___8bae4c8a7d__scene__001,01005001_武家坡.pdf,D:\University_studies\Junior\data_visualization\experiment\final_self\opera_dataset\01000000\01005001_武家坡.pdf,01000000/01005001_武家坡.pdf,49bfac8f-ad5c-4639-829d-be1bd24f8504,1,【第一场】,25,dialogue,dialogue,王宝钏,pdf_01000000__01005001___8bae4c8a7d__char__1d2367a08b,白,白,白,问；念白,王宝钏,"一不该,二不欠。问她则甚?","王宝钏（白）一不该,二不欠。问她则甚?"
pdf_01000000__01005001___8bae4c8a7d,武家坡,pdf_01000000__01005001___8bae4c8a7d__line__000025,pdf_01000000__01005001___8bae4c8a7d__scene__001,01005001_武家坡.pdf,D:\University_studies\Junior\data_visualization\experiment\final_self\opera_dataset\01000000\01005001_武家坡.pdf,01000000/01005001_武家坡.pdf,49bfac8f-ad5c-4639-829d-be1bd24f8504,1,【第一场】,25,dialogue,dialogue,薛平贵,pdf_01000000__01005001___8bae4c8a7d__char__b74cd28ad0,白,白,白,问；念白,薛平贵,"我且问你,父债?","薛平贵（白）我且问你,父债?"
pdf_01000000__01005001___8bae4c8a7d,武家坡,pdf_01000000__01005001___8bae4c8a7d__line__000025,pdf_01000000__01005001___8bae4c8a7d__scene__001,01005001_武家坡.pdf,D:\University_studies\Junior\data_visualization\experiment\final_self\opera_dataset\01000000\01005001_武家坡.pdf,01000000/01005001_武家坡.pdf,49bfac8f-ad5c-4639-829d-be1bd24f8504,1,【第一场】,25,dialogue,dialogue,王宝钏,pdf_01000000__01005001___8bae4c8a7d__char__1d2367a08b,白,白,白,念白,王宝钏,子还。,王宝钏（白）子还。
pdf_01000000__01005001___8bae4c8a7d,武家坡,pdf_01000000__01005001___8bae4c8a7d__line__000025,pdf_01000000__01005001___8bae4c8a7d__scene__001,01005001_武家坡.pdf,D:\University_studies\Junior\data_visualization\experiment\final_self\opera_dataset\01000000\01005001_武家坡.pdf,01000000/01005001_武家坡.pdf,49bfac8f-ad5c-4639-829d-be1bd24f8504,1,【第一场】,25,dialogue,dialogue,薛平贵,pdf_01000000__01005001___8bae4c8a7d__char__b74cd28ad0,白,白,白,念白,薛平贵,夫债?,薛平贵（白）夫债?
pdf_01000000__01005001___8bae4c8a7d,武家坡,pdf_01000000__01005001___8bae4c8a7d__line__000025,pdf_01000000__01005001___8bae4c8a7d__scene__001,01005001_武家坡.pdf,D:\University_studies\Junior\data_visualization\experiment\final_self\opera_dataset\01000000\01005001_武家坡.pdf,01000000/01005001_武家坡.pdf,49bfac8f-ad5c-4639-829d-be1bd24f8504,1,【第一场】,25,dialogue,dialogue,王宝钏,pdf_01000000__01005001___8bae4c8a7d__char__1d2367a08b,白,白,白,念白,王宝钏,夫债妻不管!,王宝钏（白）夫债妻不管!
pdf_01000000__01005001___8bae4c8a7d,武家坡,pdf_01000000__01005001___8bae4c8a7d__line__000025,pdf_01000000__01005001___8bae4c8a7d__scene__001,01005001_武家坡.pdf,D:\University_studies\Junior\data_visualization\experiment\final_self\opera_dataset\01000000\01005001_武家坡.pdf,01000000/01005001_武家坡.pdf,49bfac8f-ad5c-4639-829d-be1bd24f8504,1,【第一场】,25,dialogue,dialogue,薛平贵,pdf_01000000__01005001___8bae4c8a7d__char__b74cd28ad0,白,白,白,上；念白,薛平贵,你倒推得干净。只怕这银子还要出在你的身上!,薛平贵（白）你倒推得干净。只怕这银子还要出在你的身上!
pdf_01000000__01005001___8bae4c8a7d,武家坡,pdf_01000000__01005001___8bae4c8a7d__line__000025,pdf_01000000__01005001___8bae4c8a7d__scene__001,01005001_武家坡.pdf,D:\University_studies\Junior\data_visualization\experiment\final_self\opera_dataset\01000000\01005001_武家坡.pdf,01000000/01005001_武家坡.pdf,49bfac8f-ad5c-4639-829d-be1bd24f8504,1,【第一场】,25,dialogue,dialogue,王宝钏,pdf_01000000__01005001___8bae4c8a7d__char__1d2367a08b,白,白,白,念白,王宝钏,吓。当军人是哪个?,王宝钏（白）吓。当军人是哪个?
pdf_01000000__01005001___8bae4c8a7d,武家坡,pdf_01000000__01005001___8bae4c8a7d__line__000025,pdf_01000000__01005001___8bae4c8a7d__scene__001,01005001_武家坡.pdf,D:\University_studies\Junior\data_visualization\experiment\final_self\opera_dataset\01000000\01005001_武家坡.pdf,01000000/01005001_武家坡.pdf,49bfac8f-ad5c-4639-829d-be1bd24f8504,1,【第一场】,25,dialogue,dialogue,薛平贵,pdf_01000000__01005001___8bae4c8a7d__char__b74cd28ad0,白,白,白,下；念白,薛平贵,"哪哪哪,就是在下。","薛平贵（白）哪哪哪,就是在下。"
pdf_01000000__01005001___8bae4c8a7d,武家坡,pdf_01000000__01005001___8bae4c8a7d__line__000025,pdf_01000000__01005001___8bae4c8a7d__scene__001,01005001_武家坡.pdf,D:\University_studies\Junior\data_visualization\experiment\final_self\opera_dataset\01000000\01005001_武家坡.pdf,01000000/01005001_武家坡.pdf,49bfac8f-ad5c-4639-829d-be1bd24f8504,1,【第一场】,25,dialogue,dialogue,王宝钏,pdf_01000000__01005001___8bae4c8a7d__char__1d2367a08b,白,白,白,念白,王宝钏,有何为证?,王宝钏（白）有何为证?
pdf_01000000__01005001___8bae4c8a7d,武家坡,pdf_01000000__01005001___8bae4c8a7d__line__000025,pdf_01000000__01005001___8bae4c8a7d__scene__001,01005001_武家坡.pdf,D:\University_studies\Junior\data_visualization\experiment\final_self\opera_dataset\01000000\01005001_武家坡.pdf,01000000/01005001_武家坡.pdf,49bfac8f-ad5c-4639-829d-be1bd24f8504,1,【第一场】,25,dialogue,dialogue,薛平贵,pdf_01000000__01005001___8bae4c8a7d__char__b74cd28ad0,白,白,白,立；念白,薛平贵,立有婚书为证。,薛平贵（白）立有婚书为证。
pdf_01000000__01005001___8bae4c8a7d,武家坡,pdf_01000000__01005001___8bae4c8a7d__line__000025,pdf_01000000__01005001___8bae4c8a7d__scene__001,01005001_武家坡.pdf,D:\University_studies\Junior\data_visualization\experiment\final_self\opera_dataset\01000000\01005001_武家坡.pdf,01000000/01005001_武家坡.pdf,49bfac8f-ad5c-4639-829d-be1bd24f8504,1,【第一场】,25,dialogue,dialogue,王宝钏,pdf_01000000__01005001___8bae4c8a7d__char__1d2367a08b,白,白,白,来；看；拿；念白,王宝钏,拿来我看。,王宝钏（白）拿来我看。
pdf_01000000__01005001___8bae4c8a7d,武家坡,pdf_01000000__01005001___8bae4c8a7d__line__000025,pdf_01000000__01005001___8bae4c8a7d__scene__001,01005001_武家坡.pdf,D:\University_studies\Junior\data_visualization\experiment\final_self\opera_dataset\01000000\01005001_武家坡.pdf,01000000/01005001_武家坡.pdf,49bfac8f-ad5c-4639-829d-be1bd24f8504,1,【第一场】,25,dialogue,dialogue,薛平贵,pdf_01000000__01005001___8bae4c8a7d__char__b74cd28ad0,白,白,白,拿；念白,薛平贵,"大嫂,你乃有志气之人,将书拿到你手,三把两把扯碎。我岂不落个人财两空?","薛平贵（白）大嫂,你乃有志气之人,将书拿到你手,三把两把扯碎。我岂不落个人财两空?"
pdf_01000000__01005001___8bae4c8a7d,武家坡,pdf_01000000__01005001___8bae4c8a7d__line__000025,pdf_01000000__01005001___8bae4c8a7d__scene__001,01005001_武家坡.pdf,D:\University_studies\Junior\data_visualization\experiment\final_self\opera_dataset\01000000\01005001_武家坡.pdf,01000000/01005001_武家坡.pdf,49bfac8f-ad5c-4639-829d-be1bd24f8504,1,【第一场】,25,dialogue,dialogue,王宝钏,pdf_01000000__01005001___8bae4c8a7d__char__1d2367a08b,白,白,白,念白,王宝钏,依你之见?,王宝钏（白）依你之见?
pdf_01000000__01005001___8bae4c8a7d,武家坡,pdf_01000000__01005001___8bae4c8a7d__line__000025,pdf_01000000__01005001___8bae4c8a7d__scene__001,01005001_武家坡.pdf,D:\University_studies\Junior\data_visualization\experiment\final_self\opera_dataset\01000000\01005001_武家坡.pdf,01000000/01005001_武家坡.pdf,49bfac8f-ad5c-4639-829d-be1bd24f8504,1,【第一场】,25,dialogue,dialogue,薛平贵,pdf_01000000__01005001___8bae4c8a7d__char__b74cd28ad0,白,白,白,上；去；请；念白,薛平贵,"依我之见,去到前村大户人家,请上三老四少,同扯同观。","薛平贵（白）依我之见,去到前村大户人家,请上三老四少,同扯同观。"
pdf_01000000__01005001___8bae4c8a7d,武家坡,pdf_01000000__01005001___8bae4c8a7d__line__000025,pdf_01000000__01005001___8bae4c8a7d__scene__001,01005001_武家坡.pdf,D:\University_studies\Junior\data_visualization\experiment\final_self\opera_dataset\01000000\01005001_武家坡.pdf,01000000/01005001_武家坡.pdf,49bfac8f-ad5c-4639-829d-be1bd24f8504,1,【第一场】,25,dialogue,dialogue,王宝钏,pdf_01000000__01005001___8bae4c8a7d__char__1d2367a08b,白,白,白,念白,王宝钏,此事当真?,王宝钏（白）此事当真?
pdf_01000000__01005001___8bae4c8a7d,武家坡,pdf_01000000__01005001___8bae4c8a7d__line__000025,pdf_01000000__01005001___8bae4c8a7d__scene__001,01005001_武家坡.pdf,D:\University_studies\Junior\data_visualization\experiment\final_self\opera_dataset\01000000\01005001_武家坡.pdf,01000000/01005001_武家坡.pdf,49bfac8f-ad5c-4639-829d-be1bd24f8504,1,【第一场】,25,dialogue,dialogue,薛平贵,pdf_01000000__01005001___8bae4c8a7d__char__b74cd28ad0,白,白,白,念白,薛平贵,"不当真,还当假不成?","薛平贵（白）不当真,还当假不成?"
pdf_01000000__01005001___8bae4c8a7d,武家坡,pdf_01000000__01005001___8bae4c8a7d__line__000025,pdf_01000000__01005001___8bae4c8a7d__scene__001,01005001_武家坡.pdf,D:\University_studies\Junior\data_visualization\experiment\final_self\opera_dataset\01000000\01005001_武家坡.pdf,01000000/01005001_武家坡.pdf,49bfac8f-ad5c-4639-829d-be1bd24f8504,1,【第一场】,25,dialogue,dialogue,王宝钏,pdf_01000000__01005001___8bae4c8a7d__char__1d2367a08b,白,白,白,念白,王宝钏,"哎,狠心的夫吓!","王宝钏（白）哎,狠心的夫吓!"
pdf_01000000__01005001___8bae4c8a7d,武家坡,pdf_01000000__01005001___8bae4c8a7d__line__000027,pdf_01000000__01005001___8bae4c8a7d__scene__001,01005001_武家坡.pdf,D:\University_studies\Junior\data_visualization\experiment\final_self\opera_dataset\01000000\01005001_武家坡.pdf,01000000/01005001_武家坡.pdf,49bfac8f-ad5c-4639-829d-be1bd24f8504,1,【第一场】,27,lyric,lyric,薛平贵,pdf_01000000__01005001___8bae4c8a7d__char__b74cd28ad0,西皮快板,唱,西皮快板,唱段,薛平贵,"那苏龙魏虎为媒证,王丞相就是主婚人。","薛平贵（西皮快板）那苏龙魏虎为媒证,王丞相就是主婚人。"
pdf_01000000__01005001___8bae4c8a7d,武家坡,pdf_01000000__01005001___8bae4c8a7d__line__000027,pdf_01000000__01005001___8bae4c8a7d__scene__001,01005001_武家坡.pdf,D:\University_studies\Junior\data_visualization\experiment\final_self\opera_dataset\01000000\01005001_武家坡.pdf,01000000/01005001_武家坡.pdf,49bfac8f-ad5c-4639-829d-be1bd24f8504,1,【第一场】,27,lyric,lyric,王宝钏,pdf_01000000__01005001___8bae4c8a7d__char__1d2367a08b,西皮快板,唱,西皮快板,进；唱段,王宝钏,"你说此话我不信,苏龙魏虎是内亲。你我同把相府进,三人对面要说明。","王宝钏（西皮快板）你说此话我不信,苏龙魏虎是内亲。你我同把相府进,三人对面要说明。"
pdf_01000000__01005001___8bae4c8a7d,武家坡,pdf_01000000__01005001___8bae4c8a7d__line__000027,pdf_01000000__01005001___8bae4c8a7d__scene__001,01005001_武家坡.pdf,D:\University_studies\Junior\data_visualization\experiment\final_self\opera_dataset\01000000\01005001_武家坡.pdf,01000000/01005001_武家坡.pdf,49bfac8f-ad5c-4639-829d-be1bd24f8504,1,【第一场】,27,lyric,lyric,薛平贵,pdf_01000000__01005001___8bae4c8a7d__char__b74cd28ad0,西皮快板,唱,西皮快板,唱段,薛平贵,"他三人与我有仇恨,咬定牙关不认亲。","薛平贵（西皮快板）他三人与我有仇恨,咬定牙关不认亲。"
pdf_01000000__01005001___8bae4c8a7d,武家坡,pdf_01000000__01005001___8bae4c8a7d__line__000027,pdf_01000000__01005001___8bae4c8a7d__scene__001,01005001_武家坡.pdf,D:\University_studies\Junior\data_visualization\experiment\final_self\opera_dataset\01000000\01005001_武家坡.pdf,01000000/01005001_武家坡.pdf,49bfac8f-ad5c-4639-829d-be1bd24f8504,1,【第一场】,27,lyric,lyric,王宝钏,pdf_01000000__01005001___8bae4c8a7d__char__1d2367a08b,西皮快板,唱,西皮快板,来；唱段,王宝钏,"我的父在朝为官宦,金银珠宝堆成山。算来本利该多少,一马送到西凉川。","王宝钏（西皮快板）我的父在朝为官宦,金银珠宝堆成山。算来本利该多少,一马送到西凉川。"
pdf_01000000__01005001___8bae4c8a7d,武家坡,pdf_01000000__01005001___8bae4c8a7d__line__000027,pdf_01000000__01005001___8bae4c8a7d__scene__001,01005001_武家坡.pdf,D:\University_studies\Junior\data_visualization\experiment\final_self\opera_dataset\01000000\01005001_武家坡.pdf,01000000/01005001_武家坡.pdf,49bfac8f-ad5c-4639-829d-be1bd24f8504,1,【第一场】,27,lyric,lyric,薛平贵,pdf_01000000__01005001___8bae4c8a7d__char__b74cd28ad0,西皮快板,唱,西皮快板,唱段,薛平贵,"西凉川四十零八站,为军的要人不要钱。","薛平贵（西皮快板）西凉川四十零八站,为军的要人不要钱。"
pdf_01000000__01005001___8bae4c8a7d,武家坡,pdf_01000000__01005001___8bae4c8a7d__line__000027,pdf_01000000__01005001___8bae4c8a7d__scene__001,01005001_武家坡.pdf,D:\University_studies\Junior\data_visualization\experiment\final_self\opera_dataset\01000000\01005001_武家坡.pdf,01000000/01005001_武家坡.pdf,49bfac8f-ad5c-4639-829d-be1bd24f8504,1,【第一场】,27,lyric,lyric,王宝钏,pdf_01000000__01005001___8bae4c8a7d__char__1d2367a08b,西皮快板,唱,西皮快板,来；去；拿；打；唱段,王宝钏,"你若在此胡言乱,定然拿你送当官。板子打来夹棍夹,管教你去时后悔难!","王宝钏（西皮快板）你若在此胡言乱,定然拿你送当官。板子打来夹棍夹,管教你去时后悔难!"
pdf_01000000__01005001___8bae4c8a7d,武家坡,pdf_01000000__01005001___8bae4c8a7d__line__000027,pdf_01000000__01005001___8bae4c8a7d__scene__001,01005001_武家坡.pdf,D:\University_studies\Junior\data_visualization\experiment\final_self\opera_dataset\01000000\01005001_武家坡.pdf,01000000/01005001_武家坡.pdf,49bfac8f-ad5c-4639-829d-be1bd24f8504,1,【第一场】,27,lyric,lyric,薛平贵,pdf_01000000__01005001___8bae4c8a7d__char__b74cd28ad0,西皮快板,唱,西皮快板,打；唱段,薛平贵,"大嫂说话言语颠,为军的哪怕到当官。衙内衙外吾打点,管保大嫂断与咱。","薛平贵（西皮快板）大嫂说话言语颠,为军的哪怕到当官。衙内衙外吾打点,管保大嫂断与咱。"
pdf_01000000__01005001___8bae4c8a7d,武家坡,pdf_01000000__01005001___8bae4c8a7d__line__000027,pdf_01000000__01005001___8bae4c8a7d__scene__001,01005001_武家坡.pdf,D:\University_studies\Junior\data_visualization\experiment\final_self\opera_dataset\01000000\01005001_武家坡.pdf,01000000/01005001_武家坡.pdf,49bfac8f-ad5c-4639-829d-be1bd24f8504,1,【第一场】,27,lyric,lyric,王宝钏,pdf_01000000__01005001___8bae4c8a7d__char__1d2367a08b,西皮快板,唱,西皮快板,杀；唱段,王宝钏,"军爷说话礼不端,欺人犹如欺了天。西凉鞑子杀了你,管教你一家大小尸不全!","王宝钏（西皮快板）军爷说话礼不端,欺人犹如欺了天。西凉鞑子杀了你,管教你一家大小尸不全!"
pdf_01000000__01005001___8bae4c8a7d,武家坡,pdf_01000000__01005001___8bae4c8a7d__line__000027,pdf_01000000__01005001___8bae4c8a7d__scene__001,01005001_武家坡.pdf,D:\University_studies\Junior\data_visualization\experiment\final_self\opera_dataset\01000000\01005001_武家坡.pdf,01000000/01005001_武家坡.pdf,49bfac8f-ad5c-4639-829d-be1bd24f8504,1,【第一场】,27,lyric,lyric,薛平贵,pdf_01000000__01005001___8bae4c8a7d__char__b74cd28ad0,西皮快板,唱,西皮快板,下；唱段,薛平贵,"是烈女就该在家园,为何站在大街前?为军的起下不良意,一马双跨到西凉川。","薛平贵（西皮快板）是烈女就该在家园,为何站在大街前?为军的起下不良意,一马双跨到西凉川。"
pdf_01000000__01005001___8bae4c8a7d,武家坡,pdf_01000000__01005001___8bae4c8a7d__line__000027,pdf_01000000__01005001___8bae4c8a7d__scene__001,01005001_武家坡.pdf,D:\University_studies\Junior\data_visualization\experiment\final_self\opera_dataset\01000000\01005001_武家坡.pdf,01000000/01005001_武家坡.pdf,49bfac8f-ad5c-4639-829d-be1bd24f8504,1,【第一场】,27,lyric,lyric,王宝钏,pdf_01000000__01005001___8bae4c8a7d__char__1d2367a08b,西皮快板,唱,西皮快板,下；来；唱段,王宝钏,"一见军爷翻了脸,不由宝钏心胆寒。底下头来暗思念,有了。","王宝钏（西皮快板）一见军爷翻了脸,不由宝钏心胆寒。底下头来暗思念,有了。"
pdf_01000000__01005001___8bae4c8a7d,武家坡,pdf_01000000__01005001___8bae4c8a7d__line__000027,pdf_01000000__01005001___8bae4c8a7d__scene__001,01005001_武家坡.pdf,D:\University_studies\Junior\data_visualization\experiment\final_self\opera_dataset\01000000\01005001_武家坡.pdf,01000000/01005001_武家坡.pdf,49bfac8f-ad5c-4639-829d-be1bd24f8504,1,【第一场】,27,dialogue,dialogue,薛平贵,pdf_01000000__01005001___8bae4c8a7d__char__b74cd28ad0,白,白,白,念白,薛平贵,在哪里?,薛平贵（白）在哪里?
pdf_01000000__01005001___8bae4c8a7d,武家坡,pdf_01000000__01005001___8bae4c8a7d__line__000027,pdf_01000000__01005001___8bae4c8a7d__scene__001,01005001_武家坡.pdf,D:\University_studies\Junior\data_visualization\experiment\final_self\opera_dataset\01000000\01005001_武家坡.pdf,01000000/01005001_武家坡.pdf,49bfac8f-ad5c-4639-829d-be1bd24f8504,1,【第一场】,27,lyric,lyric,王宝钏,pdf_01000000__01005001___8bae4c8a7d__char__1d2367a08b,西皮摇板,唱,西皮摇板,唱段,王宝钏,急忙跑回寒窑间。,王宝钏（西皮摇板）急忙跑回寒窑间。
pdf_01000000__01005001___8bae4c8a7d,武家坡,pdf_01000000__01005001___8bae4c8a7d__line__000027,pdf_01000000__01005001___8bae4c8a7d__scene__001,01005001_武家坡.pdf,D:\University_studies\Junior\data_visualization\experiment\final_self\opera_dataset\01000000\01005001_武家坡.pdf,01000000/01005001_武家坡.pdf,49bfac8f-ad5c-4639-829d-be1bd24f8504,1,【第一场】,27,dialogue,dialogue,薛平贵,pdf_01000000__01005001___8bae4c8a7d__char__b74cd28ad0,笑,做,笑,笑,薛平贵,哈哈哈!,薛平贵（笑）哈哈哈!
pdf_01000000__01005001___8bae4c8a7d,武家坡,pdf_01000000__01005001___8bae4c8a7d__line__000031,pdf_01000000__01005001___8bae4c8a7d__scene__002,01005001_武家坡.pdf,D:\University_studies\Junior\data_visualization\experiment\final_self\opera_dataset\01000000\01005001_武家坡.pdf,01000000/01005001_武家坡.pdf,49bfac8f-ad5c-4639-829d-be1bd24f8504,2,【第二场】,31,stage_direction,stage_direction,,,王宝钏上。,做,王宝钏上。,上,王宝钏,,（王宝钏上。）
pdf_01000000__01005001___8bae4c8a7d,武家坡,pdf_01000000__01005001___8bae4c8a7d__line__000033,pdf_01000000__01005001___8bae4c8a7d__scene__002,01005001_武家坡.pdf,D:\University_studies\Junior\data_visualization\experiment\final_self\opera_dataset\01000000\01005001_武家坡.pdf,01000000/01005001_武家坡.pdf,49bfac8f-ad5c-4639-829d-be1bd24f8504,2,【第二场】,33,lyric,lyric,王宝钏,pdf_01000000__01005001___8bae4c8a7d__char__1d2367a08b,西皮摇板,唱,西皮摇板,上；走；唱段,王宝钏；薛平贵,前面走的王三姐，（薛平贵上。）,王宝钏 （西皮摇板） 前面走的王三姐，（薛平贵上。）
pdf_01000000__01005001___8bae4c8a7d,武家坡,pdf_01000000__01005001___8bae4c8a7d__line__000035,pdf_01000000__01005001___8bae4c8a7d__scene__002,01005001_武家坡.pdf,D:\University_studies\Junior\data_visualization\experiment\final_self\opera_dataset\01000000\01005001_武家坡.pdf,01000000/01005001_武家坡.pdf,49bfac8f-ad5c-4639-829d-be1bd24f8504,2,【第二场】,35,lyric,lyric,薛平贵,pdf_01000000__01005001___8bae4c8a7d__char__b74cd28ad0,西皮摇板,唱,西皮摇板,唱段,薛平贵,后面跟随薛平贵。,薛平贵（西皮摇板）后面跟随薛平贵。
pdf_01000000__01005001___8bae4c8a7d,武家坡,pdf_01000000__01005001___8bae4c8a7d__line__000035,pdf_01000000__01005001___8bae4c8a7d__scene__002,01005001_武家坡.pdf,D:\University_studies\Junior\data_visualization\experiment\final_self\opera_dataset\01000000\01005001_武家坡.pdf,01000000/01005001_武家坡.pdf,49bfac8f-ad5c-4639-829d-be1bd24f8504,2,【第二场】,35,lyric,lyric,王宝钏,pdf_01000000__01005001___8bae4c8a7d__char__1d2367a08b,西皮摇板,唱,西皮摇板,进；来；唱段,王宝钏,"进得窑来把门掩,将丈夫关至在窑外边。","王宝钏（西皮摇板）进得窑来把门掩,将丈夫关至在窑外边。"
pdf_01000000__01005001___8bae4c8a7d,武家坡,pdf_01000000__01005001___8bae4c8a7d__line__000035,pdf_01000000__01005001___8bae4c8a7d__scene__002,01005001_武家坡.pdf,D:\University_studies\Junior\data_visualization\experiment\final_self\opera_dataset\01000000\01005001_武家坡.pdf,01000000/01005001_武家坡.pdf,49bfac8f-ad5c-4639-829d-be1bd24f8504,2,【第二场】,35,lyric,lyric,王宝钏,pdf_01000000__01005001___8bae4c8a7d__char__1d2367a08b,西皮快板,唱,西皮快板,来；唱段,王宝钏,"先前说是当军汉,如今又说儿夫男。若得夫妻重相见,说明来见面难!","王宝钏（西皮快板）先前说是当军汉,如今又说儿夫男。若得夫妻重相见,说明来见面难!"
pdf_01000000__01005001___8bae4c8a7d,武家坡,pdf_01000000__01005001___8bae4c8a7d__line__000035,pdf_01000000__01005001___8bae4c8a7d__scene__002,01005001_武家坡.pdf,D:\University_studies\Junior\data_visualization\experiment\final_self\opera_dataset\01000000\01005001_武家坡.pdf,01000000/01005001_武家坡.pdf,49bfac8f-ad5c-4639-829d-be1bd24f8504,2,【第二场】,35,dialogue,dialogue,薛平贵,pdf_01000000__01005001___8bae4c8a7d__char__b74cd28ad0,白,白,白,念白,薛平贵,你且听了!,薛平贵（白）你且听了!
pdf_01000000__01005001___8bae4c8a7d,武家坡,pdf_01000000__01005001___8bae4c8a7d__line__000035,pdf_01000000__01005001___8bae4c8a7d__scene__002,01005001_武家坡.pdf,D:\University_studies\Junior\data_visualization\experiment\final_self\opera_dataset\01000000\01005001_武家坡.pdf,01000000/01005001_武家坡.pdf,49bfac8f-ad5c-4639-829d-be1bd24f8504,2,【第二场】,35,lyric,lyric,王宝钏,pdf_01000000__01005001___8bae4c8a7d__char__1d2367a08b,西皮摇板,唱,西皮摇板,传；唱段,王宝钏,"既是儿父回家转,前日可有书信传?","王宝钏（西皮摇板）既是儿父回家转,前日可有书信传?"
pdf_01000000__01005001___8bae4c8a7d,武家坡,pdf_01000000__01005001___8bae4c8a7d__line__000035,pdf_01000000__01005001___8bae4c8a7d__scene__002,01005001_武家坡.pdf,D:\University_studies\Junior\data_visualization\experiment\final_self\opera_dataset\01000000\01005001_武家坡.pdf,01000000/01005001_武家坡.pdf,49bfac8f-ad5c-4639-829d-be1bd24f8504,2,【第二场】,35,lyric,lyric,薛平贵,pdf_01000000__01005001___8bae4c8a7d__char__b74cd28ad0,西皮摇板,唱,西皮摇板,唱段,王宝钏；薛平贵,"水流千遭还相见,原物交还王宝钏。","薛平贵（西皮摇板）水流千遭还相见,原物交还王宝钏。"
pdf_01000000__01005001___8bae4c8a7d,武家坡,pdf_01000000__01005001___8bae4c8a7d__line__000035,pdf_01000000__01005001___8bae4c8a7d__scene__002,01005001_武家坡.pdf,D:\University_studies\Junior\data_visualization\experiment\final_self\opera_dataset\01000000\01005001_武家坡.pdf,01000000/01005001_武家坡.pdf,49bfac8f-ad5c-4639-829d-be1bd24f8504,2,【第二场】,35,lyric,lyric,王宝钏,pdf_01000000__01005001___8bae4c8a7d__char__1d2367a08b,西皮摇板,唱,西皮摇板,唱段,王宝钏,"用手接过书信篇,果然儿夫转家园。开了窑门夫妻见,哇!","王宝钏（西皮摇板）用手接过书信篇,果然儿夫转家园。开了窑门夫妻见,哇!"
pdf_01000000__01005001___8bae4c8a7d,武家坡,pdf_01000000__01005001___8bae4c8a7d__line__000035,pdf_01000000__01005001___8bae4c8a7d__scene__002,01005001_武家坡.pdf,D:\University_studies\Junior\data_visualization\experiment\final_self\opera_dataset\01000000\01005001_武家坡.pdf,01000000/01005001_武家坡.pdf,49bfac8f-ad5c-4639-829d-be1bd24f8504,2,【第二场】,35,dialogue,dialogue,薛平贵,pdf_01000000__01005001___8bae4c8a7d__char__b74cd28ad0,白,白,白,念白,薛平贵,儿夫哪有五绺髯?,薛平贵（白）儿夫哪有五绺髯?
pdf_01000000__01005001___8bae4c8a7d,武家坡,pdf_01000000__01005001___8bae4c8a7d__line__000035,pdf_01000000__01005001___8bae4c8a7d__scene__002,01005001_武家坡.pdf,D:\University_studies\Junior\data_visualization\experiment\final_self\opera_dataset\01000000\01005001_武家坡.pdf,01000000/01005001_武家坡.pdf,49bfac8f-ad5c-4639-829d-be1bd24f8504,2,【第二场】,35,lyric,lyric,王宝钏,pdf_01000000__01005001___8bae4c8a7d__char__1d2367a08b,西皮摇板,唱,西皮摇板,唱段,王宝钏,"寒窑内哪有菱花镜,水盆里面,","王宝钏（西皮摇板）寒窑内哪有菱花镜,水盆里面,"
pdf_01000000__01005001___8bae4c8a7d,武家坡,pdf_01000000__01005001___8bae4c8a7d__line__000037,pdf_01000000__01005001___8bae4c8a7d__scene__002,01005001_武家坡.pdf,D:\University_studies\Junior\data_visualization\experiment\final_self\opera_dataset\01000000\01005001_武家坡.pdf,01000000/01005001_武家坡.pdf,49bfac8f-ad5c-4639-829d-be1bd24f8504,2,【第二场】,37,lyric,lyric,王宝钏,pdf_01000000__01005001___8bae4c8a7d__char__1d2367a08b,西皮摇板,唱,西皮摇板,唱段,王宝钏,"水盆里面照容颜。老了老了真老了,十八年老了王宝钏。","王宝钏（西皮摇板）水盆里面照容颜。老了老了真老了,十八年老了王宝钏。"
pdf_01000000__01005001___8bae4c8a7d,武家坡,pdf_01000000__01005001___8bae4c8a7d__line__000037,pdf_01000000__01005001___8bae4c8a7d__scene__002,01005001_武家坡.pdf,D:\University_studies\Junior\data_visualization\experiment\final_self\opera_dataset\01000000\01005001_武家坡.pdf,01000000/01005001_武家坡.pdf,49bfac8f-ad5c-4639-829d-be1bd24f8504,2,【第二场】,37,dialogue,dialogue,薛平贵,pdf_01000000__01005001___8bae4c8a7d__char__b74cd28ad0,白,白,白,念白,薛平贵,"话已说明,开了窑门,夫妻相会。","薛平贵（白）话已说明,开了窑门,夫妻相会。"
pdf_01000000__01005001___8bae4c8a7d,武家坡,pdf_01000000__01005001___8bae4c8a7d__line__000037,pdf_01000000__01005001___8bae4c8a7d__scene__002,01005001_武家坡.pdf,D:\University_studies\Junior\data_visualization\experiment\final_self\opera_dataset\01000000\01005001_武家坡.pdf,01000000/01005001_武家坡.pdf,49bfac8f-ad5c-4639-829d-be1bd24f8504,2,【第二场】,37,dialogue,dialogue,王宝钏,pdf_01000000__01005001___8bae4c8a7d__char__1d2367a08b,白,白,白,念白,王宝钏,"要我开门,倒也不难,要你依我一件。","王宝钏（白）要我开门,倒也不难,要你依我一件。"
pdf_01000000__01005001___8bae4c8a7d,武家坡,pdf_01000000__01005001___8bae4c8a7d__line__000037,pdf_01000000__01005001___8bae4c8a7d__scene__002,01005001_武家坡.pdf,D:\University_studies\Junior\data_visualization\experiment\final_self\opera_dataset\01000000\01005001_武家坡.pdf,01000000/01005001_武家坡.pdf,49bfac8f-ad5c-4639-829d-be1bd24f8504,2,【第二场】,37,dialogue,dialogue,薛平贵,pdf_01000000__01005001___8bae4c8a7d__char__b74cd28ad0,白,白,白,念白,薛平贵,哪一件?,薛平贵（白）哪一件?
pdf_01000000__01005001___8bae4c8a7d,武家坡,pdf_01000000__01005001___8bae4c8a7d__line__000037,pdf_01000000__01005001___8bae4c8a7d__scene__002,01005001_武家坡.pdf,D:\University_studies\Junior\data_visualization\experiment\final_self\opera_dataset\01000000\01005001_武家坡.pdf,01000000/01005001_武家坡.pdf,49bfac8f-ad5c-4639-829d-be1bd24f8504,2,【第二场】,37,dialogue,dialogue,王宝钏,pdf_01000000__01005001___8bae4c8a7d__char__1d2367a08b,白,白,白,上；退；念白,王宝钏,你往后退上一步。,王宝钏（白）你往后退上一步。
pdf_01000000__01005001___8bae4c8a7d,武家坡,pdf_01000000__01005001___8bae4c8a7d__line__000037,pdf_01000000__01005001___8bae4c8a7d__scene__002,01005001_武家坡.pdf,D:\University_studies\Junior\data_visualization\experiment\final_self\opera_dataset\01000000\01005001_武家坡.pdf,01000000/01005001_武家坡.pdf,49bfac8f-ad5c-4639-829d-be1bd24f8504,2,【第二场】,37,dialogue,dialogue,薛平贵,pdf_01000000__01005001___8bae4c8a7d__char__b74cd28ad0,白,白,白,上；退；念白,薛平贵,我退上一步。,薛平贵（白）我退上一步。
pdf_01000000__01005001___8bae4c8a7d,武家坡,pdf_01000000__01005001___8bae4c8a7d__line__000037,pdf_01000000__01005001___8bae4c8a7d__scene__002,01005001_武家坡.pdf,D:\University_studies\Junior\data_visualization\experiment\final_self\opera_dataset\01000000\01005001_武家坡.pdf,01000000/01005001_武家坡.pdf,49bfac8f-ad5c-4639-829d-be1bd24f8504,2,【第二场】,37,dialogue,dialogue,王宝钏,pdf_01000000__01005001___8bae4c8a7d__char__1d2367a08b,白,白,白,上；退；念白,王宝钏,你再退上一步。,王宝钏（白）你再退上一步。
pdf_01000000__01005001___8bae4c8a7d,武家坡,pdf_01000000__01005001___8bae4c8a7d__line__000037,pdf_01000000__01005001___8bae4c8a7d__scene__002,01005001_武家坡.pdf,D:\University_studies\Junior\data_visualization\experiment\final_self\opera_dataset\01000000\01005001_武家坡.pdf,01000000/01005001_武家坡.pdf,49bfac8f-ad5c-4639-829d-be1bd24f8504,2,【第二场】,37,dialogue,dialogue,薛平贵,pdf_01000000__01005001___8bae4c8a7d__char__b74cd28ad0,白,白,白,上；退；念白,薛平贵,再退上一步。,薛平贵（白）再退上一步。
pdf_01000000__01005001___8bae4c8a7d,武家坡,pdf_01000000__01005001___8bae4c8a7d__line__000037,pdf_01000000__01005001___8bae4c8a7d__scene__002,01005001_武家坡.pdf,D:\University_studies\Junior\data_visualization\experiment\final_self\opera_dataset\01000000\01005001_武家坡.pdf,01000000/01005001_武家坡.pdf,49bfac8f-ad5c-4639-829d-be1bd24f8504,2,【第二场】,37,dialogue,dialogue,王宝钏,pdf_01000000__01005001___8bae4c8a7d__char__1d2367a08b,白,白,白,上；退；念白,王宝钏,还要退上一步。,王宝钏（白）还要退上一步。
pdf_01000000__01005001___8bae4c8a7d,武家坡,pdf_01000000__01005001___8bae4c8a7d__line__000037,pdf_01000000__01005001___8bae4c8a7d__scene__002,01005001_武家坡.pdf,D:\University_studies\Junior\data_visualization\experiment\final_self\opera_dataset\01000000\01005001_武家坡.pdf,01000000/01005001_武家坡.pdf,49bfac8f-ad5c-4639-829d-be1bd24f8504,2,【第二场】,37,dialogue,dialogue,薛平贵,pdf_01000000__01005001___8bae4c8a7d__char__b74cd28ad0,白,白,白,念白,薛平贵,"哎呀,妻呀,后面无有路了。","薛平贵（白）哎呀,妻呀,后面无有路了。"
pdf_01000000__01005001___8bae4c8a7d,武家坡,pdf_01000000__01005001___8bae4c8a7d__line__000037,pdf_01000000__01005001___8bae4c8a7d__scene__002,01005001_武家坡.pdf,D:\University_studies\Junior\data_visualization\experiment\final_self\opera_dataset\01000000\01005001_武家坡.pdf,01000000/01005001_武家坡.pdf,49bfac8f-ad5c-4639-829d-be1bd24f8504,2,【第二场】,37,dialogue,dialogue,王宝钏,pdf_01000000__01005001___8bae4c8a7d__char__1d2367a08b,白,白,白,来；念白,王宝钏,后面有路你还不回来呢!,王宝钏（白）后面有路你还不回来呢!
pdf_01000000__01005001___8bae4c8a7d,武家坡,pdf_01000000__01005001___8bae4c8a7d__line__000037,pdf_01000000__01005001___8bae4c8a7d__scene__002,01005001_武家坡.pdf,D:\University_studies\Junior\data_visualization\experiment\final_self\opera_dataset\01000000\01005001_武家坡.pdf,01000000/01005001_武家坡.pdf,49bfac8f-ad5c-4639-829d-be1bd24f8504,2,【第二场】,37,lyric,lyric,薛平贵,pdf_01000000__01005001___8bae4c8a7d__char__b74cd28ad0,西皮摇板,唱,西皮摇板,跪；唱段,薛平贵,"三姐不必寻短见,为夫跪在寒窑前。","薛平贵（西皮摇板）三姐不必寻短见,为夫跪在寒窑前。"
pdf_01000000__01005001___8bae4c8a7d,武家坡,pdf_01000000__01005001___8bae4c8a7d__line__000037,pdf_01000000__01005001___8bae4c8a7d__scene__002,01005001_武家坡.pdf,D:\University_studies\Junior\data_visualization\experiment\final_self\opera_dataset\01000000\01005001_武家坡.pdf,01000000/01005001_武家坡.pdf,49bfac8f-ad5c-4639-829d-be1bd24f8504,2,【第二场】,37,lyric,lyric,王宝钏,pdf_01000000__01005001___8bae4c8a7d__char__1d2367a08b,西皮摇板,唱,西皮摇板,搀；唱段,王宝钏,"用手搀起无义汉,十八年作的什么官?","王宝钏（西皮摇板）用手搀起无义汉,十八年作的什么官?"
pdf_01000000__01005001___8bae4c8a7d,武家坡,pdf_01000000__01005001___8bae4c8a7d__line__000037,pdf_01000000__01005001___8bae4c8a7d__scene__002,01005001_武家坡.pdf,D:\University_studies\Junior\data_visualization\experiment\final_self\opera_dataset\01000000\01005001_武家坡.pdf,01000000/01005001_武家坡.pdf,49bfac8f-ad5c-4639-829d-be1bd24f8504,2,【第二场】,37,dialogue,dialogue,薛平贵,pdf_01000000__01005001___8bae4c8a7d__char__b74cd28ad0,白,白,白,问；道；念白,薛平贵,"吓,为夫千里而回,不问我“茶饭”二字,就问我作的什么官,难道你吃官穿官不成?","薛平贵（白）吓,为夫千里而回,不问我“茶饭”二字,就问我作的什么官,难道你吃官穿官不成?"
pdf_01000000__01005001___8bae4c8a7d,武家坡,pdf_01000000__01005001___8bae4c8a7d__line__000037,pdf_01000000__01005001___8bae4c8a7d__scene__002,01005001_武家坡.pdf,D:\University_studies\Junior\data_visualization\experiment\final_self\opera_dataset\01000000\01005001_武家坡.pdf,01000000/01005001_武家坡.pdf,49bfac8f-ad5c-4639-829d-be1bd24f8504,2,【第二场】,37,dialogue,dialogue,王宝钏,pdf_01000000__01005001___8bae4c8a7d__char__1d2367a08b,白,白,白,问；念白,王宝钏,"你不问我,哪个问你?","王宝钏（白）你不问我,哪个问你?"
pdf_01000000__01005001___8bae4c8a7d,武家坡,pdf_01000000__01005001___8bae4c8a7d__line__000037,pdf_01000000__01005001___8bae4c8a7d__scene__002,01005001_武家坡.pdf,D:\University_studies\Junior\data_visualization\experiment\final_self\opera_dataset\01000000\01005001_武家坡.pdf,01000000/01005001_武家坡.pdf,49bfac8f-ad5c-4639-829d-be1bd24f8504,2,【第二场】,37,dialogue,dialogue,薛平贵,pdf_01000000__01005001___8bae4c8a7d__char__b74cd28ad0,白,白,白,念白,薛平贵,"我临行之时,有安家度用。","薛平贵（白）我临行之时,有安家度用。"
pdf_01000000__01005001___8bae4c8a7d,武家坡,pdf_01000000__01005001___8bae4c8a7d__line__000037,pdf_01000000__01005001___8bae4c8a7d__scene__002,01005001_武家坡.pdf,D:\University_studies\Junior\data_visualization\experiment\final_self\opera_dataset\01000000\01005001_武家坡.pdf,01000000/01005001_武家坡.pdf,49bfac8f-ad5c-4639-829d-be1bd24f8504,2,【第二场】,37,dialogue,dialogue,王宝钏,pdf_01000000__01005001___8bae4c8a7d__char__1d2367a08b,白,白,白,念白,王宝钏,什么度用。,王宝钏（白）什么度用。
pdf_01000000__01005001___8bae4c8a7d,武家坡,pdf_01000000__01005001___8bae4c8a7d__line__000037,pdf_01000000__01005001___8bae4c8a7d__scene__002,01005001_武家坡.pdf,D:\University_studies\Junior\data_visualization\experiment\final_self\opera_dataset\01000000\01005001_武家坡.pdf,01000000/01005001_武家坡.pdf,49bfac8f-ad5c-4639-829d-be1bd24f8504,2,【第二场】,37,dialogue,dialogue,薛平贵,pdf_01000000__01005001___8bae4c8a7d__char__b74cd28ad0,白,白,白,念白,薛平贵,"十担干柴,八斗老米。","薛平贵（白）十担干柴,八斗老米。"
pdf_01000000__01005001___8bae4c8a7d,武家坡,pdf_01000000__01005001___8bae4c8a7d__line__000037,pdf_01000000__01005001___8bae4c8a7d__scene__002,01005001_武家坡.pdf,D:\University_studies\Junior\data_visualization\experiment\final_self\opera_dataset\01000000\01005001_武家坡.pdf,01000000/01005001_武家坡.pdf,49bfac8f-ad5c-4639-829d-be1bd24f8504,2,【第二场】,37,dialogue,dialogue,王宝钏,pdf_01000000__01005001___8bae4c8a7d__char__1d2367a08b,白,白,白,念白,王宝钏,"十担干柴,八斗老米,慢说是吃,就是数也数完了。","王宝钏（白）十担干柴,八斗老米,慢说是吃,就是数也数完了。"
pdf_01000000__01005001___8bae4c8a7d,武家坡,pdf_01000000__01005001___8bae4c8a7d__line__000037,pdf_01000000__01005001___8bae4c8a7d__scene__002,01005001_武家坡.pdf,D:\University_studies\Junior\data_visualization\experiment\final_self\opera_dataset\01000000\01005001_武家坡.pdf,01000000/01005001_武家坡.pdf,49bfac8f-ad5c-4639-829d-be1bd24f8504,2,【第二场】,37,dialogue,dialogue,薛平贵,pdf_01000000__01005001___8bae4c8a7d__char__b74cd28ad0,白,白,白,去；念白,薛平贵,"吃完了,就该去借。","薛平贵（白）吃完了,就该去借。"
pdf_01000000__01005001___8bae4c8a7d,武家坡,pdf_01000000__01005001___8bae4c8a7d__line__000037,pdf_01000000__01005001___8bae4c8a7d__scene__002,01005001_武家坡.pdf,D:\University_studies\Junior\data_visualization\experiment\final_self\opera_dataset\01000000\01005001_武家坡.pdf,01000000/01005001_武家坡.pdf,49bfac8f-ad5c-4639-829d-be1bd24f8504,2,【第二场】,37,dialogue,dialogue,王宝钏,pdf_01000000__01005001___8bae4c8a7d__char__1d2367a08b,白,白,白,去；念白,王宝钏,哪里去借?,王宝钏（白）哪里去借?
pdf_01000000__01005001___8bae4c8a7d,武家坡,pdf_01000000__01005001___8bae4c8a7d__line__000037,pdf_01000000__01005001___8bae4c8a7d__scene__002,01005001_武家坡.pdf,D:\University_studies\Junior\data_visualization\experiment\final_self\opera_dataset\01000000\01005001_武家坡.pdf,01000000/01005001_武家坡.pdf,49bfac8f-ad5c-4639-829d-be1bd24f8504,2,【第二场】,37,dialogue,dialogue,薛平贵,pdf_01000000__01005001___8bae4c8a7d__char__b74cd28ad0,白,白,白,去；念白,薛平贵,相府去借。,薛平贵（白）相府去借。
pdf_01000000__01005001___8bae4c8a7d,武家坡,pdf_01000000__01005001___8bae4c8a7d__line__000037,pdf_01000000__01005001___8bae4c8a7d__scene__002,01005001_武家坡.pdf,D:\University_studies\Junior\data_visualization\experiment\final_self\opera_dataset\01000000\01005001_武家坡.pdf,01000000/01005001_武家坡.pdf,49bfac8f-ad5c-4639-829d-be1bd24f8504,2,【第二场】,37,dialogue,dialogue,王宝钏,pdf_01000000__01005001___8bae4c8a7d__char__1d2367a08b,白,白,白,上；去；念白,王宝钏,"自从你去后,我并不曾上相府。","王宝钏（白）自从你去后,我并不曾上相府。"
pdf_01000000__01005001___8bae4c8a7d,武家坡,pdf_01000000__01005001___8bae4c8a7d__line__000037,pdf_01000000__01005001___8bae4c8a7d__scene__002,01005001_武家坡.pdf,D:\University_studies\Junior\data_visualization\experiment\final_self\opera_dataset\01000000\01005001_武家坡.pdf,01000000/01005001_武家坡.pdf,49bfac8f-ad5c-4639-829d-be1bd24f8504,2,【第二场】,37,dialogue,dialogue,薛平贵,pdf_01000000__01005001___8bae4c8a7d__char__b74cd28ad0,白,白,白,念白,薛平贵,好有志气!少陪了。,薛平贵（白）好有志气!少陪了。
pdf_01000000__01005001___8bae4c8a7d,武家坡,pdf_01000000__01005001___8bae4c8a7d__line__000037,pdf_01000000__01005001___8bae4c8a7d__scene__002,01005001_武家坡.pdf,D:\University_studies\Junior\data_visualization\experiment\final_self\opera_dataset\01000000\01005001_武家坡.pdf,01000000/01005001_武家坡.pdf,49bfac8f-ad5c-4639-829d-be1bd24f8504,2,【第二场】,37,dialogue,dialogue,王宝钏,pdf_01000000__01005001___8bae4c8a7d__char__1d2367a08b,白,白,白,去；念白,王宝钏,哪里去?,王宝钏（白）哪里去?
pdf_01000000__01005001___8bae4c8a7d,武家坡,pdf_01000000__01005001___8bae4c8a7d__line__000037,pdf_01000000__01005001___8bae4c8a7d__scene__002,01005001_武家坡.pdf,D:\University_studies\Junior\data_visualization\experiment\final_self\opera_dataset\01000000\01005001_武家坡.pdf,01000000/01005001_武家坡.pdf,49bfac8f-ad5c-4639-829d-be1bd24f8504,2,【第二场】,37,dialogue,dialogue,薛平贵,pdf_01000000__01005001___8bae4c8a7d__char__b74cd28ad0,白,白,白,上；去；念白,薛平贵,去上相府算粮。,薛平贵（白）去上相府算粮。
pdf_01000000__01005001___8bae4c8a7d,武家坡,pdf_01000000__01005001___8bae4c8a7d__line__000037,pdf_01000000__01005001___8bae4c8a7d__scene__002,01005001_武家坡.pdf,D:\University_studies\Junior\data_visualization\experiment\final_self\opera_dataset\01000000\01005001_武家坡.pdf,01000000/01005001_武家坡.pdf,49bfac8f-ad5c-4639-829d-be1bd24f8504,2,【第二场】,37,dialogue,dialogue,王宝钏,pdf_01000000__01005001___8bae4c8a7d__char__1d2367a08b,白,白,白,去；念白,王宝钏,"不要去了,我那爹爹得了病了。","王宝钏（白）不要去了,我那爹爹得了病了。"
pdf_01000000__01005001___8bae4c8a7d,武家坡,pdf_01000000__01005001___8bae4c8a7d__line__000037,pdf_01000000__01005001___8bae4c8a7d__scene__002,01005001_武家坡.pdf,D:\University_studies\Junior\data_visualization\experiment\final_self\opera_dataset\01000000\01005001_武家坡.pdf,01000000/01005001_武家坡.pdf,49bfac8f-ad5c-4639-829d-be1bd24f8504,2,【第二场】,37,dialogue,dialogue,薛平贵,pdf_01000000__01005001___8bae4c8a7d__char__b74cd28ad0,白,白,白,念白,薛平贵,得了什么病?,薛平贵（白）得了什么病?
pdf_01000000__01005001___8bae4c8a7d,武家坡,pdf_01000000__01005001___8bae4c8a7d__line__000037,pdf_01000000__01005001___8bae4c8a7d__scene__002,01005001_武家坡.pdf,D:\University_studies\Junior\data_visualization\experiment\final_self\opera_dataset\01000000\01005001_武家坡.pdf,01000000/01005001_武家坡.pdf,49bfac8f-ad5c-4639-829d-be1bd24f8504,2,【第二场】,37,dialogue,dialogue,王宝钏,pdf_01000000__01005001___8bae4c8a7d__char__1d2367a08b,白,白,白,念白,王宝钏,见不得你的病。,王宝钏（白）见不得你的病。
pdf_01000000__01005001___8bae4c8a7d,武家坡,pdf_01000000__01005001___8bae4c8a7d__line__000037,pdf_01000000__01005001___8bae4c8a7d__scene__002,01005001_武家坡.pdf,D:\University_studies\Junior\data_visualization\experiment\final_self\opera_dataset\01000000\01005001_武家坡.pdf,01000000/01005001_武家坡.pdf,49bfac8f-ad5c-4639-829d-be1bd24f8504,2,【第二场】,37,dialogue,dialogue,薛平贵,pdf_01000000__01005001___8bae4c8a7d__char__b74cd28ad0,白,白,白,念白,薛平贵,"他见不得我,我还见不得他不成!","薛平贵（白）他见不得我,我还见不得他不成!"
pdf_01000000__01005001___8bae4c8a7d,武家坡,pdf_01000000__01005001___8bae4c8a7d__line__000037,pdf_01000000__01005001___8bae4c8a7d__scene__002,01005001_武家坡.pdf,D:\University_studies\Junior\data_visualization\experiment\final_self\opera_dataset\01000000\01005001_武家坡.pdf,01000000/01005001_武家坡.pdf,49bfac8f-ad5c-4639-829d-be1bd24f8504,2,【第二场】,37,dialogue,dialogue,王宝钏,pdf_01000000__01005001___8bae4c8a7d__char__1d2367a08b,白,白,白,念白,王宝钏,"我爹爹当朝首相,他还见不得你了?","王宝钏（白）我爹爹当朝首相,他还见不得你了?"
pdf_01000000__01005001___8bae4c8a7d,武家坡,pdf_01000000__01005001___8bae4c8a7d__line__000037,pdf_01000000__01005001___8bae4c8a7d__scene__002,01005001_武家坡.pdf,D:\University_studies\Junior\data_visualization\experiment\final_self\opera_dataset\01000000\01005001_武家坡.pdf,01000000/01005001_武家坡.pdf,49bfac8f-ad5c-4639-829d-be1bd24f8504,2,【第二场】,37,dialogue,dialogue,薛平贵,pdf_01000000__01005001___8bae4c8a7d__char__b74cd28ad0,白,白,白,下；道；念白,薛平贵,"你道他当朝首相,有日我得了唐室天下,他与我牵马坠镫,我还嫌他老了!","薛平贵（白）你道他当朝首相,有日我得了唐室天下,他与我牵马坠镫,我还嫌他老了!"
pdf_01000000__01005001___8bae4c8a7d,武家坡,pdf_01000000__01005001___8bae4c8a7d__line__000037,pdf_01000000__01005001___8bae4c8a7d__scene__002,01005001_武家坡.pdf,D:\University_studies\Junior\data_visualization\experiment\final_self\opera_dataset\01000000\01005001_武家坡.pdf,01000000/01005001_武家坡.pdf,49bfac8f-ad5c-4639-829d-be1bd24f8504,2,【第二场】,37,dialogue,dialogue,王宝钏,pdf_01000000__01005001___8bae4c8a7d__char__1d2367a08b,白,白,白,来；念白,王宝钏,"薛郎醒来,不要说些梦话。","王宝钏（白）薛郎醒来,不要说些梦话。"
pdf_01000000__01005001___8bae4c8a7d,武家坡,pdf_01000000__01005001___8bae4c8a7d__line__000037,pdf_01000000__01005001___8bae4c8a7d__scene__002,01005001_武家坡.pdf,D:\University_studies\Junior\data_visualization\experiment\final_self\opera_dataset\01000000\01005001_武家坡.pdf,01000000/01005001_武家坡.pdf,49bfac8f-ad5c-4639-829d-be1bd24f8504,2,【第二场】,37,dialogue,dialogue,薛平贵,pdf_01000000__01005001___8bae4c8a7d__char__b74cd28ad0,白,白,白,念白,薛平贵,"句句实言,我还有宝。","薛平贵（白）句句实言,我还有宝。"
pdf_01000000__01005001___8bae4c8a7d,武家坡,pdf_01000000__01005001___8bae4c8a7d__line__000037,pdf_01000000__01005001___8bae4c8a7d__scene__002,01005001_武家坡.pdf,D:\University_studies\Junior\data_visualization\experiment\final_self\opera_dataset\01000000\01005001_武家坡.pdf,01000000/01005001_武家坡.pdf,49bfac8f-ad5c-4639-829d-be1bd24f8504,2,【第二场】,37,dialogue,dialogue,王宝钏,pdf_01000000__01005001___8bae4c8a7d__char__1d2367a08b,白,白,白,念白,王宝钏,有宝现宝。,王宝钏（白）有宝现宝。
pdf_01000000__01005001___8bae4c8a7d,武家坡,pdf_01000000__01005001___8bae4c8a7d__line__000037,pdf_01000000__01005001___8bae4c8a7d__scene__002,01005001_武家坡.pdf,D:\University_studies\Junior\data_visualization\experiment\final_self\opera_dataset\01000000\01005001_武家坡.pdf,01000000/01005001_武家坡.pdf,49bfac8f-ad5c-4639-829d-be1bd24f8504,2,【第二场】,37,dialogue,dialogue,薛平贵,pdf_01000000__01005001___8bae4c8a7d__char__b74cd28ad0,白,白,白,念白,薛平贵,无宝呢?,薛平贵（白）无宝呢?
pdf_01000000__01005001___8bae4c8a7d,武家坡,pdf_01000000__01005001___8bae4c8a7d__line__000037,pdf_01000000__01005001___8bae4c8a7d__scene__002,01005001_武家坡.pdf,D:\University_studies\Junior\data_visualization\experiment\final_self\opera_dataset\01000000\01005001_武家坡.pdf,01000000/01005001_武家坡.pdf,49bfac8f-ad5c-4639-829d-be1bd24f8504,2,【第二场】,37,dialogue,dialogue,王宝钏,pdf_01000000__01005001___8bae4c8a7d__char__1d2367a08b,白,白,白,念白,王宝钏,无宝却是你那现世宝。,王宝钏（白）无宝却是你那现世宝。
pdf_01000000__01005001___8bae4c8a7d,武家坡,pdf_01000000__01005001___8bae4c8a7d__line__000037,pdf_01000000__01005001___8bae4c8a7d__scene__002,01005001_武家坡.pdf,D:\University_studies\Junior\data_visualization\experiment\final_self\opera_dataset\01000000\01005001_武家坡.pdf,01000000/01005001_武家坡.pdf,49bfac8f-ad5c-4639-829d-be1bd24f8504,2,【第二场】,37,dialogue,dialogue,薛平贵,pdf_01000000__01005001___8bae4c8a7d__char__b74cd28ad0,白,白,白,看；念白,薛平贵,"三姐,你要看宝吓!","薛平贵（白）三姐,你要看宝吓!"
pdf_01000000__01005001___8bae4c8a7d,武家坡,pdf_01000000__01005001___8bae4c8a7d__line__000037,pdf_01000000__01005001___8bae4c8a7d__scene__002,01005001_武家坡.pdf,D:\University_studies\Junior\data_visualization\experiment\final_self\opera_dataset\01000000\01005001_武家坡.pdf,01000000/01005001_武家坡.pdf,49bfac8f-ad5c-4639-829d-be1bd24f8504,2,【第二场】,37,lyric,lyric,王宝钏,pdf_01000000__01005001___8bae4c8a7d__char__1d2367a08b,西皮流水板,唱,西皮流水板,跪；唱段,王宝钏,"用手接过番王宝,宝钏用目仔细瞧。迈步撩衣忙跪倒,","王宝钏（西皮流水板）用手接过番王宝,宝钏用目仔细瞧。迈步撩衣忙跪倒,"
pdf_01000000__01005001___8bae4c8a7d,武家坡,pdf_01000000__01005001___8bae4c8a7d__line__000039,pdf_01000000__01005001___8bae4c8a7d__scene__002,01005001_武家坡.pdf,D:\University_studies\Junior\data_visualization\experiment\final_self\opera_dataset\01000000\01005001_武家坡.pdf,01000000/01005001_武家坡.pdf,49bfac8f-ad5c-4639-829d-be1bd24f8504,2,【第二场】,39,dialogue,dialogue,薛平贵,pdf_01000000__01005001___8bae4c8a7d__char__b74cd28ad0,白,白,白,下；跪；念白,薛平贵,下跪何人?,薛平贵（白）下跪何人?
pdf_01000000__01005001___8bae4c8a7d,武家坡,pdf_01000000__01005001___8bae4c8a7d__line__000039,pdf_01000000__01005001___8bae4c8a7d__scene__002,01005001_武家坡.pdf,D:\University_studies\Junior\data_visualization\experiment\final_self\opera_dataset\01000000\01005001_武家坡.pdf,01000000/01005001_武家坡.pdf,49bfac8f-ad5c-4639-829d-be1bd24f8504,2,【第二场】,39,dialogue,dialogue,王宝钏,pdf_01000000__01005001___8bae4c8a7d__char__1d2367a08b,白,白,白,念白,王宝钏,王氏宝钏。,王宝钏（白）王氏宝钏。
pdf_01000000__01005001___8bae4c8a7d,武家坡,pdf_01000000__01005001___8bae4c8a7d__line__000039,pdf_01000000__01005001___8bae4c8a7d__scene__002,01005001_武家坡.pdf,D:\University_studies\Junior\data_visualization\experiment\final_self\opera_dataset\01000000\01005001_武家坡.pdf,01000000/01005001_武家坡.pdf,49bfac8f-ad5c-4639-829d-be1bd24f8504,2,【第二场】,39,dialogue,dialogue,薛平贵,pdf_01000000__01005001___8bae4c8a7d__char__b74cd28ad0,白,白,白,来；念白,薛平贵,前来则甚?,薛平贵（白）前来则甚?
pdf_01000000__01005001___8bae4c8a7d,武家坡,pdf_01000000__01005001___8bae4c8a7d__line__000039,pdf_01000000__01005001___8bae4c8a7d__scene__002,01005001_武家坡.pdf,D:\University_studies\Junior\data_visualization\experiment\final_self\opera_dataset\01000000\01005001_武家坡.pdf,01000000/01005001_武家坡.pdf,49bfac8f-ad5c-4639-829d-be1bd24f8504,2,【第二场】,39,dialogue,dialogue,王宝钏,pdf_01000000__01005001___8bae4c8a7d__char__1d2367a08b,白,白,白,来；念白,王宝钏,前来讨封。,王宝钏（白）前来讨封。
pdf_01000000__01005001___8bae4c8a7d,武家坡,pdf_01000000__01005001___8bae4c8a7d__line__000039,pdf_01000000__01005001___8bae4c8a7d__scene__002,01005001_武家坡.pdf,D:\University_studies\Junior\data_visualization\experiment\final_self\opera_dataset\01000000\01005001_武家坡.pdf,01000000/01005001_武家坡.pdf,49bfac8f-ad5c-4639-829d-be1bd24f8504,2,【第二场】,39,dialogue,dialogue,薛平贵,pdf_01000000__01005001___8bae4c8a7d__char__b74cd28ad0,白,白,白,念白,薛平贵,你在武家坡前骂得我好苦。我是不封你的!,薛平贵（白）你在武家坡前骂得我好苦。我是不封你的!
pdf_01000000__01005001___8bae4c8a7d,武家坡,pdf_01000000__01005001___8bae4c8a7d__line__000039,pdf_01000000__01005001___8bae4c8a7d__scene__002,01005001_武家坡.pdf,D:\University_studies\Junior\data_visualization\experiment\final_self\opera_dataset\01000000\01005001_武家坡.pdf,01000000/01005001_武家坡.pdf,49bfac8f-ad5c-4639-829d-be1bd24f8504,2,【第二场】,39,dialogue,dialogue,王宝钏,pdf_01000000__01005001___8bae4c8a7d__char__1d2367a08b,白,白,白,念白,王宝钏,"武家坡前,不知是你。","王宝钏（白）武家坡前,不知是你。"
pdf_01000000__01005001___8bae4c8a7d,武家坡,pdf_01000000__01005001___8bae4c8a7d__line__000039,pdf_01000000__01005001___8bae4c8a7d__scene__002,01005001_武家坡.pdf,D:\University_studies\Junior\data_visualization\experiment\final_self\opera_dataset\01000000\01005001_武家坡.pdf,01000000/01005001_武家坡.pdf,49bfac8f-ad5c-4639-829d-be1bd24f8504,2,【第二场】,39,dialogue,dialogue,薛平贵,pdf_01000000__01005001___8bae4c8a7d__char__b74cd28ad0,白,白,白,念白,薛平贵,"若知是我,想必就不骂了。","薛平贵（白）若知是我,想必就不骂了。"
pdf_01000000__01005001___8bae4c8a7d,武家坡,pdf_01000000__01005001___8bae4c8a7d__line__000039,pdf_01000000__01005001___8bae4c8a7d__scene__002,01005001_武家坡.pdf,D:\University_studies\Junior\data_visualization\experiment\final_self\opera_dataset\01000000\01005001_武家坡.pdf,01000000/01005001_武家坡.pdf,49bfac8f-ad5c-4639-829d-be1bd24f8504,2,【第二场】,39,dialogue,dialogue,王宝钏,pdf_01000000__01005001___8bae4c8a7d__char__1d2367a08b,白,白,白,上；念白,王宝钏,"若知是你,还要多骂上几句。","王宝钏（白）若知是你,还要多骂上几句。"
pdf_01000000__01005001___8bae4c8a7d,武家坡,pdf_01000000__01005001___8bae4c8a7d__line__000039,pdf_01000000__01005001___8bae4c8a7d__scene__002,01005001_武家坡.pdf,D:\University_studies\Junior\data_visualization\experiment\final_self\opera_dataset\01000000\01005001_武家坡.pdf,01000000/01005001_武家坡.pdf,49bfac8f-ad5c-4639-829d-be1bd24f8504,2,【第二场】,39,dialogue,dialogue,薛平贵,pdf_01000000__01005001___8bae4c8a7d__char__b74cd28ad0,白,白,白,念白,薛平贵,越发不封了。,薛平贵（白）越发不封了。
pdf_01000000__01005001___8bae4c8a7d,武家坡,pdf_01000000__01005001___8bae4c8a7d__line__000039,pdf_01000000__01005001___8bae4c8a7d__scene__002,01005001_武家坡.pdf,D:\University_studies\Junior\data_visualization\experiment\final_self\opera_dataset\01000000\01005001_武家坡.pdf,01000000/01005001_武家坡.pdf,49bfac8f-ad5c-4639-829d-be1bd24f8504,2,【第二场】,39,dialogue,dialogue,王宝钏,pdf_01000000__01005001___8bae4c8a7d__char__1d2367a08b,白,白,白,念白,王宝钏,"你若不封,我还要骂。","王宝钏（白）你若不封,我还要骂。"
pdf_01000000__01005001___8bae4c8a7d,武家坡,pdf_01000000__01005001___8bae4c8a7d__line__000039,pdf_01000000__01005001___8bae4c8a7d__scene__002,01005001_武家坡.pdf,D:\University_studies\Junior\data_visualization\experiment\final_self\opera_dataset\01000000\01005001_武家坡.pdf,01000000/01005001_武家坡.pdf,49bfac8f-ad5c-4639-829d-be1bd24f8504,2,【第二场】,39,dialogue,dialogue,薛平贵,pdf_01000000__01005001___8bae4c8a7d__char__b74cd28ad0,白,白,白,念白,薛平贵,三姐听封。,薛平贵（白）三姐听封。
pdf_01000000__01005001___8bae4c8a7d,武家坡,pdf_01000000__01005001___8bae4c8a7d__line__000039,pdf_01000000__01005001___8bae4c8a7d__scene__002,01005001_武家坡.pdf,D:\University_studies\Junior\data_visualization\experiment\final_self\opera_dataset\01000000\01005001_武家坡.pdf,01000000/01005001_武家坡.pdf,49bfac8f-ad5c-4639-829d-be1bd24f8504,2,【第二场】,39,dialogue,dialogue,王宝钏,pdf_01000000__01005001___8bae4c8a7d__char__1d2367a08b,白,白,白,来；念白,王宝钏,你与我带了什么好东西来了?,王宝钏（白）你与我带了什么好东西来了?
pdf_01000000__01005001___8bae4c8a7d,武家坡,pdf_01000000__01005001___8bae4c8a7d__line__000039,pdf_01000000__01005001___8bae4c8a7d__scene__002,01005001_武家坡.pdf,D:\University_studies\Junior\data_visualization\experiment\final_self\opera_dataset\01000000\01005001_武家坡.pdf,01000000/01005001_武家坡.pdf,49bfac8f-ad5c-4639-829d-be1bd24f8504,2,【第二场】,39,dialogue,dialogue,薛平贵,pdf_01000000__01005001___8bae4c8a7d__char__b74cd28ad0,白,白,白,念白,薛平贵,你且听了。,薛平贵（白）你且听了。
pdf_01000000__01005001___8bae4c8a7d,武家坡,pdf_01000000__01005001___8bae4c8a7d__line__000039,pdf_01000000__01005001___8bae4c8a7d__scene__002,01005001_武家坡.pdf,D:\University_studies\Junior\data_visualization\experiment\final_self\opera_dataset\01000000\01005001_武家坡.pdf,01000000/01005001_武家坡.pdf,49bfac8f-ad5c-4639-829d-be1bd24f8504,2,【第二场】,39,lyric,lyric,王宝钏,pdf_01000000__01005001___8bae4c8a7d__char__1d2367a08b,西皮摇板,唱,西皮摇板,来；唱段,王宝钏,"西凉国有一个女代战,她为正来奴为偏。","王宝钏（西皮摇板）西凉国有一个女代战,她为正来奴为偏。"
pdf_01000000__01005001___8bae4c8a7d,武家坡,pdf_01000000__01005001___8bae4c8a7d__line__000039,pdf_01000000__01005001___8bae4c8a7d__scene__002,01005001_武家坡.pdf,D:\University_studies\Junior\data_visualization\experiment\final_self\opera_dataset\01000000\01005001_武家坡.pdf,01000000/01005001_武家坡.pdf,49bfac8f-ad5c-4639-829d-be1bd24f8504,2,【第二场】,39,lyric,lyric,薛平贵,pdf_01000000__01005001___8bae4c8a7d__char__b74cd28ad0,西皮摇板,唱,西皮摇板,来；唱段,薛平贵,"说什么她为正来你为偏,你我夫妻还在先。孤王有日登宝殿,封你昭阳掌正权。","薛平贵（西皮摇板）说什么她为正来你为偏,你我夫妻还在先。孤王有日登宝殿,封你昭阳掌正权。"
pdf_01000000__01005001___8bae4c8a7d,武家坡,pdf_01000000__01005001___8bae4c8a7d__line__000039,pdf_01000000__01005001___8bae4c8a7d__scene__002,01005001_武家坡.pdf,D:\University_studies\Junior\data_visualization\experiment\final_self\opera_dataset\01000000\01005001_武家坡.pdf,01000000/01005001_武家坡.pdf,49bfac8f-ad5c-4639-829d-be1bd24f8504,2,【第二场】,39,lyric,lyric,王宝钏,pdf_01000000__01005001___8bae4c8a7d__char__1d2367a08b,西皮摇板,唱,西皮摇板,唱段,王宝钏,"谢罢万岁龙恩典,今日才得凤衣穿。","王宝钏（西皮摇板）谢罢万岁龙恩典,今日才得凤衣穿。"
pdf_01000000__01005001___8bae4c8a7d,武家坡,pdf_01000000__01005001___8bae4c8a7d__line__000039,pdf_01000000__01005001___8bae4c8a7d__scene__002,01005001_武家坡.pdf,D:\University_studies\Junior\data_visualization\experiment\final_self\opera_dataset\01000000\01005001_武家坡.pdf,01000000/01005001_武家坡.pdf,49bfac8f-ad5c-4639-829d-be1bd24f8504,2,【第二场】,39,dialogue,dialogue,薛平贵,pdf_01000000__01005001___8bae4c8a7d__char__b74cd28ad0,念,念,念,,薛平贵,"平贵离家十八年,","薛平贵（念）平贵离家十八年,"
pdf_01000000__01005001___8bae4c8a7d,武家坡,pdf_01000000__01005001___8bae4c8a7d__line__000039,pdf_01000000__01005001___8bae4c8a7d__scene__002,01005001_武家坡.pdf,D:\University_studies\Junior\data_visualization\experiment\final_self\opera_dataset\01000000\01005001_武家坡.pdf,01000000/01005001_武家坡.pdf,49bfac8f-ad5c-4639-829d-be1bd24f8504,2,【第二场】,39,dialogue,dialogue,王宝钏,pdf_01000000__01005001___8bae4c8a7d__char__1d2367a08b,念,念,念,,王宝钏,受苦受难王宝钏。,王宝钏（念）受苦受难王宝钏。
pdf_01000000__01005001___8bae4c8a7d,武家坡,pdf_01000000__01005001___8bae4c8a7d__line__000039,pdf_01000000__01005001___8bae4c8a7d__scene__002,01005001_武家坡.pdf,D:\University_studies\Junior\data_visualization\experiment\final_self\opera_dataset\01000000\01005001_武家坡.pdf,01000000/01005001_武家坡.pdf,49bfac8f-ad5c-4639-829d-be1bd24f8504,2,【第二场】,39,dialogue,dialogue,薛平贵,pdf_01000000__01005001___8bae4c8a7d__char__b74cd28ad0,念,念,念,,薛平贵,"今日夫妻重相见,","薛平贵（念）今日夫妻重相见,"
pdf_01000000__01005001___8bae4c8a7d,武家坡,pdf_01000000__01005001___8bae4c8a7d__line__000039,pdf_01000000__01005001___8bae4c8a7d__scene__002,01005001_武家坡.pdf,D:\University_studies\Junior\data_visualization\experiment\final_self\opera_dataset\01000000\01005001_武家坡.pdf,01000000/01005001_武家坡.pdf,49bfac8f-ad5c-4639-829d-be1bd24f8504,2,【第二场】,39,dialogue,dialogue,王宝钏,pdf_01000000__01005001___8bae4c8a7d__char__1d2367a08b,念,念,念,,王宝钏,只怕相逢在梦间。,王宝钏（念）只怕相逢在梦间。
pdf_01000000__01005001___8bae4c8a7d,武家坡,pdf_01000000__01005001___8bae4c8a7d__line__000039,pdf_01000000__01005001___8bae4c8a7d__scene__002,01005001_武家坡.pdf,D:\University_studies\Junior\data_visualization\experiment\final_self\opera_dataset\01000000\01005001_武家坡.pdf,01000000/01005001_武家坡.pdf,49bfac8f-ad5c-4639-829d-be1bd24f8504,2,【第二场】,39,dialogue,dialogue,薛平贵,pdf_01000000__01005001___8bae4c8a7d__char__b74cd28ad0,白,白,白,看；念白,薛平贵,"三姐,你看红日当空,非是做梦。","薛平贵（白）三姐,你看红日当空,非是做梦。"
pdf_01000000__01005001___8bae4c8a7d,武家坡,pdf_01000000__01005001___8bae4c8a7d__line__000039,pdf_01000000__01005001___8bae4c8a7d__scene__002,01005001_武家坡.pdf,D:\University_studies\Junior\data_visualization\experiment\final_self\opera_dataset\01000000\01005001_武家坡.pdf,01000000/01005001_武家坡.pdf,49bfac8f-ad5c-4639-829d-be1bd24f8504,2,【第二场】,39,dialogue,dialogue,王宝钏,pdf_01000000__01005001___8bae4c8a7d__char__1d2367a08b,白,白,白,念白,王宝钏,此乃当真?,王宝钏（白）此乃当真?
pdf_01000000__01005001___8bae4c8a7d,武家坡,pdf_01000000__01005001___8bae4c8a7d__line__000039,pdf_01000000__01005001___8bae4c8a7d__scene__002,01005001_武家坡.pdf,D:\University_studies\Junior\data_visualization\experiment\final_self\opera_dataset\01000000\01005001_武家坡.pdf,01000000/01005001_武家坡.pdf,49bfac8f-ad5c-4639-829d-be1bd24f8504,2,【第二场】,39,dialogue,dialogue,薛平贵,pdf_01000000__01005001___8bae4c8a7d__char__b74cd28ad0,白,白,白,念白,薛平贵,当真。,薛平贵（白）当真。
pdf_01000000__01005001___8bae4c8a7d,武家坡,pdf_01000000__01005001___8bae4c8a7d__line__000039,pdf_01000000__01005001___8bae4c8a7d__scene__002,01005001_武家坡.pdf,D:\University_studies\Junior\data_visualization\experiment\final_self\opera_dataset\01000000\01005001_武家坡.pdf,01000000/01005001_武家坡.pdf,49bfac8f-ad5c-4639-829d-be1bd24f8504,2,【第二场】,39,dialogue,dialogue,王宝钏,pdf_01000000__01005001___8bae4c8a7d__char__1d2367a08b,白,白,白,念白,王宝钏,果然?,王宝钏（白）果然?
pdf_01000000__01005001___8bae4c8a7d,武家坡,pdf_01000000__01005001___8bae4c8a7d__line__000039,pdf_01000000__01005001___8bae4c8a7d__scene__002,01005001_武家坡.pdf,D:\University_studies\Junior\data_visualization\experiment\final_self\opera_dataset\01000000\01005001_武家坡.pdf,01000000/01005001_武家坡.pdf,49bfac8f-ad5c-4639-829d-be1bd24f8504,2,【第二场】,39,dialogue,dialogue,薛平贵,pdf_01000000__01005001___8bae4c8a7d__char__b74cd28ad0,白,白,白,念白,薛平贵,果然。,薛平贵（白）果然。
pdf_01000000__01005001___8bae4c8a7d,武家坡,pdf_01000000__01005001___8bae4c8a7d__line__000039,pdf_01000000__01005001___8bae4c8a7d__scene__002,01005001_武家坡.pdf,D:\University_studies\Junior\data_visualization\experiment\final_self\opera_dataset\01000000\01005001_武家坡.pdf,01000000/01005001_武家坡.pdf,49bfac8f-ad5c-4639-829d-be1bd24f8504,2,【第二场】,39,dialogue,dialogue,王宝钏,pdf_01000000__01005001___8bae4c8a7d__char__1d2367a08b,笑,做,笑,笑,王宝钏,哈哈哈......,王宝钏（笑）哈哈哈......
pdf_01000000__01005001___8bae4c8a7d,武家坡,pdf_01000000__01005001___8bae4c8a7d__line__000039,pdf_01000000__01005001___8bae4c8a7d__scene__002,01005001_武家坡.pdf,D:\University_studies\Junior\data_visualization\experiment\final_self\opera_dataset\01000000\01005001_武家坡.pdf,01000000/01005001_武家坡.pdf,49bfac8f-ad5c-4639-829d-be1bd24f8504,2,【第二场】,39,dialogue,dialogue,薛平贵,pdf_01000000__01005001___8bae4c8a7d__char__b74cd28ad0,白,白,白,来；念白,薛平贵,三姐随我来吓!,薛平贵（白）三姐随我来吓!
