doc_id,doc_title,line_id,scene_id,source_file,source_path,relative_path,batch_id,scene_index,scene,line_no,row_type,line_category,speaker,speaker_char_id,cue,perform_type,perform_subtype,action_tags,participants,text,raw_line
pdf_01000000__01005011___ce48065512,回荆州,pdf_01000000__01005011___ce48065512__line__000001,pdf_01000000__01005011___ce48065512__scene__000,01005011_回荆州.pdf,D:\University_studies\Junior\data_visualization\experiment\final_self\opera_dataset\01000000\01005011_回荆州.pdf,01000000/01005011_回荆州.pdf,49bfac8f-ad5c-4639-829d-be1bd24f8504,0,序幕/前置内容,1,narration,narration,,,,说明,,,《回荆州》,# 《回荆州》,# 《回荆州》
pdf_01000000__01005011___ce48065512,回荆州,pdf_01000000__01005011___ce48065512__line__000003,pdf_01000000__01005011___ce48065512__scene__000,01005011_回荆州.pdf,D:\University_studies\Junior\data_visualization\experiment\final_self\opera_dataset\01000000\01005011_回荆州.pdf,01000000/01005011_回荆州.pdf,49bfac8f-ad5c-4639-829d-be1bd24f8504,0,序幕/前置内容,3,narration,narration,,,,说明,,,（一名：《美人计》；一名：《龙凤呈祥》,# （一名：《美人计》；一名：《龙凤呈祥》）,# （一名：《美人计》；一名：《龙凤呈祥》）
pdf_01000000__01005011___ce48065512,回荆州,pdf_01000000__01005011___ce48065512__line__000031,pdf_01000000__01005011___ce48065512__scene__001,01005011_回荆州.pdf,D:\University_studies\Junior\data_visualization\experiment\final_self\opera_dataset\01000000\01005011_回荆州.pdf,01000000/01005011_回荆州.pdf,49bfac8f-ad5c-4639-829d-be1bd24f8504,1,【第一场】,31,stage_direction,stage_direction,,,孙尚香上。,做,孙尚香上。,上,孙尚香,,（孙尚香上。）
pdf_01000000__01005011___ce48065512,回荆州,pdf_01000000__01005011___ce48065512__line__000035,pdf_01000000__01005011___ce48065512__scene__001,01005011_回荆州.pdf,D:\University_studies\Junior\data_visualization\experiment\final_self\opera_dataset\01000000\01005011_回荆州.pdf,01000000/01005011_回荆州.pdf,49bfac8f-ad5c-4639-829d-be1bd24f8504,1,【第一场】,35,stage_direction,stage_direction,,,侍儿允。,做,侍儿允。,,侍儿允,,（侍儿允。）
pdf_01000000__01005011___ce48065512,回荆州,pdf_01000000__01005011___ce48065512__line__000037,pdf_01000000__01005011___ce48065512__scene__001,01005011_回荆州.pdf,D:\University_studies\Junior\data_visualization\experiment\final_self\opera_dataset\01000000\01005011_回荆州.pdf,01000000/01005011_回荆州.pdf,49bfac8f-ad5c-4639-829d-be1bd24f8504,1,【第一场】,37,dialogue,dialogue,孙尚香,pdf_01000000__01005011___ce48065512__char__a6db6ffa1c,白,白,白,念白,孙尚香,两廊摆设枪刀剑戟。,孙尚香 （白） 两廊摆设枪刀剑戟。
pdf_01000000__01005011___ce48065512,回荆州,pdf_01000000__01005011___ce48065512__line__000039,pdf_01000000__01005011___ce48065512__scene__001,01005011_回荆州.pdf,D:\University_studies\Junior\data_visualization\experiment\final_self\opera_dataset\01000000\01005011_回荆州.pdf,01000000/01005011_回荆州.pdf,49bfac8f-ad5c-4639-829d-be1bd24f8504,1,【第一场】,39,dialogue,dialogue,侍儿,pdf_01000000__01005011___ce48065512__char__765851fa1e,白,白,白,念白,侍儿,晓得。,侍儿 （白） 晓得。
pdf_01000000__01005011___ce48065512,回荆州,pdf_01000000__01005011___ce48065512__line__000041,pdf_01000000__01005011___ce48065512__scene__001,01005011_回荆州.pdf,D:\University_studies\Junior\data_visualization\experiment\final_self\opera_dataset\01000000\01005011_回荆州.pdf,01000000/01005011_回荆州.pdf,49bfac8f-ad5c-4639-829d-be1bd24f8504,1,【第一场】,41,stage_direction,stage_direction,,,小过门。侍儿摆设。,做,小过门。侍儿摆设。,,小过门。侍儿摆设,,（小过门。侍儿摆设。）
pdf_01000000__01005011___ce48065512,回荆州,pdf_01000000__01005011___ce48065512__line__000043,pdf_01000000__01005011___ce48065512__scene__001,01005011_回荆州.pdf,D:\University_studies\Junior\data_visualization\experiment\final_self\opera_dataset\01000000\01005011_回荆州.pdf,01000000/01005011_回荆州.pdf,49bfac8f-ad5c-4639-829d-be1bd24f8504,1,【第一场】,43,dialogue,dialogue,侍儿,pdf_01000000__01005011___ce48065512__char__765851fa1e,白,白,白,念白,侍儿,摆设已毕。,侍儿 （白） 摆设已毕。
pdf_01000000__01005011___ce48065512,回荆州,pdf_01000000__01005011___ce48065512__line__000045,pdf_01000000__01005011___ce48065512__scene__001,01005011_回荆州.pdf,D:\University_studies\Junior\data_visualization\experiment\final_self\opera_dataset\01000000\01005011_回荆州.pdf,01000000/01005011_回荆州.pdf,49bfac8f-ad5c-4639-829d-be1bd24f8504,1,【第一场】,45,dialogue,dialogue,孙尚香,pdf_01000000__01005011___ce48065512__char__a6db6ffa1c,白,白,白,来；问；念白,孙尚香,等贵人到来。不问便罢；倘若问起，尔就说我家皇姑好武，摆列枪刀与为迎接宾客之理。伺候了。,孙尚香 （白） 等贵人到来。不问便罢；倘若问起，尔就说我家皇姑好武，摆列枪刀与为迎接宾客之理。伺候了。
pdf_01000000__01005011___ce48065512,回荆州,pdf_01000000__01005011___ce48065512__line__000047,pdf_01000000__01005011___ce48065512__scene__001,01005011_回荆州.pdf,D:\University_studies\Junior\data_visualization\experiment\final_self\opera_dataset\01000000\01005011_回荆州.pdf,01000000/01005011_回荆州.pdf,49bfac8f-ad5c-4639-829d-be1bd24f8504,1,【第一场】,47,narration,narration,,,,说明,,上；下；进；来；看；坐；叹,孙尚香,"<table><tr><td>(西皮慢板)</td><td>孙尚香坐宫院自思自叹,这才是为荆州结下凤鸾。我兄长与周郎暗地定计,要害那刘皇叔所为哪般?乔国老进宫来细讲一遍,因此上我母后主配鸾凰。两廊下摆枪刀威严极壮,等贵人他到来细看一番。</td></tr></table>","<table><tr><td>(西皮慢板)</td><td>孙尚香坐宫院自思自叹,这才是为荆州结下凤鸾。我兄长与周郎暗地定计,要害那刘皇叔所为哪般?乔国老进宫来细讲一遍,因此上我母后主配鸾凰。两廊下摆枪刀威严极壮,等贵人他到来细看一番。</td></tr></table>"
pdf_01000000__01005011___ce48065512,回荆州,pdf_01000000__01005011___ce48065512__line__000049,pdf_01000000__01005011___ce48065512__scene__001,01005011_回荆州.pdf,D:\University_studies\Junior\data_visualization\experiment\final_self\opera_dataset\01000000\01005011_回荆州.pdf,01000000/01005011_回荆州.pdf,49bfac8f-ad5c-4639-829d-be1bd24f8504,1,【第一场】,49,lyric,lyric,刘备,pdf_01000000__01005011___ce48065512__char__d094123d43,西皮原板,唱,西皮原板,下；来；看；唱段,刘备,"挂红彩铺地毡甚是气旺,皇宫院与黎民大不一般。行来在宫门外用目观看,两廊下排剑戟孤躬胆寒。","刘备（西皮原板）挂红彩铺地毡甚是气旺,皇宫院与黎民大不一般。行来在宫门外用目观看,两廊下排剑戟孤躬胆寒。"
pdf_01000000__01005011___ce48065512,回荆州,pdf_01000000__01005011___ce48065512__line__000049,pdf_01000000__01005011___ce48065512__scene__001,01005011_回荆州.pdf,D:\University_studies\Junior\data_visualization\experiment\final_self\opera_dataset\01000000\01005011_回荆州.pdf,01000000/01005011_回荆州.pdf,49bfac8f-ad5c-4639-829d-be1bd24f8504,1,【第一场】,49,dialogue,dialogue,侍儿,pdf_01000000__01005011___ce48065512__char__765851fa1e,白,白,白,念白,侍儿,与贵人叩喜。,侍儿（白）与贵人叩喜。
pdf_01000000__01005011___ce48065512,回荆州,pdf_01000000__01005011___ce48065512__line__000049,pdf_01000000__01005011___ce48065512__scene__001,01005011_回荆州.pdf,D:\University_studies\Junior\data_visualization\experiment\final_self\opera_dataset\01000000\01005011_回荆州.pdf,01000000/01005011_回荆州.pdf,49bfac8f-ad5c-4639-829d-be1bd24f8504,1,【第一场】,49,dialogue,dialogue,刘备,pdf_01000000__01005011___ce48065512__char__d094123d43,白,白,白,下；念白,刘备,"侍儿,你家皇姑,两廊排下枪刀,不知为了何事?","刘备（白）侍儿,你家皇姑,两廊排下枪刀,不知为了何事?"
pdf_01000000__01005011___ce48065512,回荆州,pdf_01000000__01005011___ce48065512__line__000049,pdf_01000000__01005011___ce48065512__scene__001,01005011_回荆州.pdf,D:\University_studies\Junior\data_visualization\experiment\final_self\opera_dataset\01000000\01005011_回荆州.pdf,01000000/01005011_回荆州.pdf,49bfac8f-ad5c-4639-829d-be1bd24f8504,1,【第一场】,49,dialogue,dialogue,侍儿,pdf_01000000__01005011___ce48065512__char__765851fa1e,白,白,白,念白,侍儿,"我家皇姑摆设刀枪剑戟,乃是迎接贵客之理。","侍儿（白）我家皇姑摆设刀枪剑戟,乃是迎接贵客之理。"
pdf_01000000__01005011___ce48065512,回荆州,pdf_01000000__01005011___ce48065512__line__000049,pdf_01000000__01005011___ce48065512__scene__001,01005011_回荆州.pdf,D:\University_studies\Junior\data_visualization\experiment\final_self\opera_dataset\01000000\01005011_回荆州.pdf,01000000/01005011_回荆州.pdf,49bfac8f-ad5c-4639-829d-be1bd24f8504,1,【第一场】,49,dialogue,dialogue,刘备,pdf_01000000__01005011___ce48065512__char__d094123d43,白,白,白,进；去；念白,刘备,"侍儿对皇姑去说:撤了枪刀,方能进宫。","刘备（白）侍儿对皇姑去说:撤了枪刀,方能进宫。"
pdf_01000000__01005011___ce48065512,回荆州,pdf_01000000__01005011___ce48065512__line__000049,pdf_01000000__01005011___ce48065512__scene__001,01005011_回荆州.pdf,D:\University_studies\Junior\data_visualization\experiment\final_self\opera_dataset\01000000\01005011_回荆州.pdf,01000000/01005011_回荆州.pdf,49bfac8f-ad5c-4639-829d-be1bd24f8504,1,【第一场】,49,dialogue,dialogue,侍儿,pdf_01000000__01005011___ce48065512__char__765851fa1e,白,白,白,进；去；禀；道；念白,侍儿,"回禀皇姑,贵人言道:去了枪刀,方能进宫。","侍儿（白）回禀皇姑,贵人言道:去了枪刀,方能进宫。"
pdf_01000000__01005011___ce48065512,回荆州,pdf_01000000__01005011___ce48065512__line__000049,pdf_01000000__01005011___ce48065512__scene__001,01005011_回荆州.pdf,D:\University_studies\Junior\data_visualization\experiment\final_self\opera_dataset\01000000\01005011_回荆州.pdf,01000000/01005011_回荆州.pdf,49bfac8f-ad5c-4639-829d-be1bd24f8504,1,【第一场】,49,dialogue,dialogue,孙尚香,pdf_01000000__01005011___ce48065512__char__a6db6ffa1c,白,白,白,来；去；念白,孙尚香,"闻听人说,他弟兄大破黄巾,大小战场见过。今日一见,原来胆小之人。侍儿们两廊撤去枪刀。","孙尚香（白）闻听人说,他弟兄大破黄巾,大小战场见过。今日一见,原来胆小之人。侍儿们两廊撤去枪刀。"
pdf_01000000__01005011___ce48065512,回荆州,pdf_01000000__01005011___ce48065512__line__000049,pdf_01000000__01005011___ce48065512__scene__001,01005011_回荆州.pdf,D:\University_studies\Junior\data_visualization\experiment\final_self\opera_dataset\01000000\01005011_回荆州.pdf,01000000/01005011_回荆州.pdf,49bfac8f-ad5c-4639-829d-be1bd24f8504,1,【第一场】,49,dialogue,dialogue,侍儿,pdf_01000000__01005011___ce48065512__char__765851fa1e,白,白,白,去；念白,侍儿,两廊去了枪刀剑戟。,侍儿（白）两廊去了枪刀剑戟。
pdf_01000000__01005011___ce48065512,回荆州,pdf_01000000__01005011___ce48065512__line__000049,pdf_01000000__01005011___ce48065512__scene__001,01005011_回荆州.pdf,D:\University_studies\Junior\data_visualization\experiment\final_self\opera_dataset\01000000\01005011_回荆州.pdf,01000000/01005011_回荆州.pdf,49bfac8f-ad5c-4639-829d-be1bd24f8504,1,【第一场】,49,dialogue,dialogue,孙尚香,pdf_01000000__01005011___ce48065512__char__a6db6ffa1c,白,白,白,请；念白,孙尚香,"侍儿,有请贵人。","孙尚香（白）侍儿,有请贵人。"
pdf_01000000__01005011___ce48065512,回荆州,pdf_01000000__01005011___ce48065512__line__000049,pdf_01000000__01005011___ce48065512__scene__001,01005011_回荆州.pdf,D:\University_studies\Junior\data_visualization\experiment\final_self\opera_dataset\01000000\01005011_回荆州.pdf,01000000/01005011_回荆州.pdf,49bfac8f-ad5c-4639-829d-be1bd24f8504,1,【第一场】,49,dialogue,dialogue,侍儿,pdf_01000000__01005011___ce48065512__char__765851fa1e,白,白,白,请；念白,侍儿,有请贵人。,侍儿（白）有请贵人。
pdf_01000000__01005011___ce48065512,回荆州,pdf_01000000__01005011___ce48065512__line__000049,pdf_01000000__01005011___ce48065512__scene__001,01005011_回荆州.pdf,D:\University_studies\Junior\data_visualization\experiment\final_self\opera_dataset\01000000\01005011_回荆州.pdf,01000000/01005011_回荆州.pdf,49bfac8f-ad5c-4639-829d-be1bd24f8504,1,【第一场】,49,dialogue,dialogue,刘备,pdf_01000000__01005011___ce48065512__char__d094123d43,白,白,白,念白,刘备,吓。,刘备（白）吓。
pdf_01000000__01005011___ce48065512,回荆州,pdf_01000000__01005011___ce48065512__line__000049,pdf_01000000__01005011___ce48065512__scene__001,01005011_回荆州.pdf,D:\University_studies\Junior\data_visualization\experiment\final_self\opera_dataset\01000000\01005011_回荆州.pdf,01000000/01005011_回荆州.pdf,49bfac8f-ad5c-4639-829d-be1bd24f8504,1,【第一场】,49,dialogue,dialogue,侍儿,pdf_01000000__01005011___ce48065512__char__765851fa1e,白,白,白,进；退；禀；念白,侍儿,禀皇姑:贵人进而又退。,侍儿（白）禀皇姑:贵人进而又退。
pdf_01000000__01005011___ce48065512,回荆州,pdf_01000000__01005011___ce48065512__line__000049,pdf_01000000__01005011___ce48065512__scene__001,01005011_回荆州.pdf,D:\University_studies\Junior\data_visualization\experiment\final_self\opera_dataset\01000000\01005011_回荆州.pdf,01000000/01005011_回荆州.pdf,49bfac8f-ad5c-4639-829d-be1bd24f8504,1,【第一场】,49,dialogue,dialogue,孙尚香,pdf_01000000__01005011___ce48065512__char__a6db6ffa1c,白,白,白,进；退；来；道；念白,孙尚香,"哪里是进而又退,他道皇姑是孙权之妹,不晓得迎接之礼。侍儿随我来。","孙尚香（白）哪里是进而又退,他道皇姑是孙权之妹,不晓得迎接之礼。侍儿随我来。"
pdf_01000000__01005011___ce48065512,回荆州,pdf_01000000__01005011___ce48065512__line__000049,pdf_01000000__01005011___ce48065512__scene__001,01005011_回荆州.pdf,D:\University_studies\Junior\data_visualization\experiment\final_self\opera_dataset\01000000\01005011_回荆州.pdf,01000000/01005011_回荆州.pdf,49bfac8f-ad5c-4639-829d-be1bd24f8504,1,【第一场】,49,dialogue,dialogue,侍儿,pdf_01000000__01005011___ce48065512__char__765851fa1e,白,白,白,请；念白,侍儿,有请贵人。,侍儿（白）有请贵人。
pdf_01000000__01005011___ce48065512,回荆州,pdf_01000000__01005011___ce48065512__line__000049,pdf_01000000__01005011___ce48065512__scene__001,01005011_回荆州.pdf,D:\University_studies\Junior\data_visualization\experiment\final_self\opera_dataset\01000000\01005011_回荆州.pdf,01000000/01005011_回荆州.pdf,49bfac8f-ad5c-4639-829d-be1bd24f8504,1,【第一场】,49,lyric,lyric,孙尚香,pdf_01000000__01005011___ce48065512__char__a6db6ffa1c,西皮慢板,唱,西皮慢板,唱段,孙尚香,只羞得孙尚香满脸红颜。吓。,孙尚香（西皮慢板）只羞得孙尚香满脸红颜。吓。
pdf_01000000__01005011___ce48065512,回荆州,pdf_01000000__01005011___ce48065512__line__000049,pdf_01000000__01005011___ce48065512__scene__001,01005011_回荆州.pdf,D:\University_studies\Junior\data_visualization\experiment\final_self\opera_dataset\01000000\01005011_回荆州.pdf,01000000/01005011_回荆州.pdf,49bfac8f-ad5c-4639-829d-be1bd24f8504,1,【第一场】,49,lyric,lyric,孙尚香,pdf_01000000__01005011___ce48065512__char__a6db6ffa1c,西皮原板,唱,西皮原板,下；唱段,孙尚香,"孙尚香站宫院偷眼观望,三柳须耳垂肩果是贵男。怪不得乔国老暗地夸奖,这也是月下老配就鸾凰。","孙尚香（西皮原板）孙尚香站宫院偷眼观望,三柳须耳垂肩果是贵男。怪不得乔国老暗地夸奖,这也是月下老配就鸾凰。"
pdf_01000000__01005011___ce48065512,回荆州,pdf_01000000__01005011___ce48065512__line__000049,pdf_01000000__01005011___ce48065512__scene__001,01005011_回荆州.pdf,D:\University_studies\Junior\data_visualization\experiment\final_self\opera_dataset\01000000\01005011_回荆州.pdf,01000000/01005011_回荆州.pdf,49bfac8f-ad5c-4639-829d-be1bd24f8504,1,【第一场】,49,lyric,lyric,刘备,pdf_01000000__01005011___ce48065512__char__d094123d43,西皮原板,唱,西皮原板,上；走；来；唱段,刘备,"我这里走上前把礼来见,有孤躬把来路细对你言。","刘备（西皮原板）我这里走上前把礼来见,有孤躬把来路细对你言。"
pdf_01000000__01005011___ce48065512,回荆州,pdf_01000000__01005011___ce48065512__line__000049,pdf_01000000__01005011___ce48065512__scene__001,01005011_回荆州.pdf,D:\University_studies\Junior\data_visualization\experiment\final_self\opera_dataset\01000000\01005011_回荆州.pdf,01000000/01005011_回荆州.pdf,49bfac8f-ad5c-4639-829d-be1bd24f8504,1,【第一场】,49,dialogue,dialogue,孙尚香,pdf_01000000__01005011___ce48065512__char__a6db6ffa1c,白,白,白,请；坐；念白,孙尚香,贵人请坐。,孙尚香（白）贵人请坐。
pdf_01000000__01005011___ce48065512,回荆州,pdf_01000000__01005011___ce48065512__line__000049,pdf_01000000__01005011___ce48065512__scene__001,01005011_回荆州.pdf,D:\University_studies\Junior\data_visualization\experiment\final_self\opera_dataset\01000000\01005011_回荆州.pdf,01000000/01005011_回荆州.pdf,49bfac8f-ad5c-4639-829d-be1bd24f8504,1,【第一场】,49,dialogue,dialogue,刘备,pdf_01000000__01005011___ce48065512__char__d094123d43,白,白,白,请；坐；念白,刘备,"皇姑请坐,皇姑非知。只因你兄与周郎定计,要害孤躬,有什么大事,全仗皇姑。","刘备（白）皇姑请坐,皇姑非知。只因你兄与周郎定计,要害孤躬,有什么大事,全仗皇姑。"
pdf_01000000__01005011___ce48065512,回荆州,pdf_01000000__01005011___ce48065512__line__000049,pdf_01000000__01005011___ce48065512__scene__001,01005011_回荆州.pdf,D:\University_studies\Junior\data_visualization\experiment\final_self\opera_dataset\01000000\01005011_回荆州.pdf,01000000/01005011_回荆州.pdf,49bfac8f-ad5c-4639-829d-be1bd24f8504,1,【第一场】,49,dialogue,dialogue,孙尚香,pdf_01000000__01005011___ce48065512__char__a6db6ffa1c,白,白,白,念白,孙尚香,"那是自然,只要我母担当,谅也无妨。","孙尚香（白）那是自然,只要我母担当,谅也无妨。"
pdf_01000000__01005011___ce48065512,回荆州,pdf_01000000__01005011___ce48065512__line__000049,pdf_01000000__01005011___ce48065512__scene__001,01005011_回荆州.pdf,D:\University_studies\Junior\data_visualization\experiment\final_self\opera_dataset\01000000\01005011_回荆州.pdf,01000000/01005011_回荆州.pdf,49bfac8f-ad5c-4639-829d-be1bd24f8504,1,【第一场】,49,lyric,lyric,刘备,pdf_01000000__01005011___ce48065512__char__d094123d43,西皮原板,唱,西皮原板,传；唱段,刘备,"汉刘备听此话把心放定,果然是女英雄话不虚传。从今后把愁肠一概不管,把愁肠一旦间不挂在心头。","刘备（西皮原板）汉刘备听此话把心放定,果然是女英雄话不虚传。从今后把愁肠一概不管,把愁肠一旦间不挂在心头。"
pdf_01000000__01005011___ce48065512,回荆州,pdf_01000000__01005011___ce48065512__line__000049,pdf_01000000__01005011___ce48065512__scene__001,01005011_回荆州.pdf,D:\University_studies\Junior\data_visualization\experiment\final_self\opera_dataset\01000000\01005011_回荆州.pdf,01000000/01005011_回荆州.pdf,49bfac8f-ad5c-4639-829d-be1bd24f8504,1,【第一场】,49,dialogue,dialogue,孙尚香,pdf_01000000__01005011___ce48065512__char__a6db6ffa1c,白,白,白,去；念白,孙尚香,那个自然。明日着人前去就是。,孙尚香（白）那个自然。明日着人前去就是。
pdf_01000000__01005011___ce48065512,回荆州,pdf_01000000__01005011___ce48065512__line__000049,pdf_01000000__01005011___ce48065512__scene__001,01005011_回荆州.pdf,D:\University_studies\Junior\data_visualization\experiment\final_self\opera_dataset\01000000\01005011_回荆州.pdf,01000000/01005011_回荆州.pdf,49bfac8f-ad5c-4639-829d-be1bd24f8504,1,【第一场】,49,dialogue,dialogue,侍儿,pdf_01000000__01005011___ce48065512__char__765851fa1e,白,白,白,请；念白,侍儿,请贵人、皇姑安眠。,侍儿（白）请贵人、皇姑安眠。
pdf_01000000__01005011___ce48065512,回荆州,pdf_01000000__01005011___ce48065512__line__000049,pdf_01000000__01005011___ce48065512__scene__001,01005011_回荆州.pdf,D:\University_studies\Junior\data_visualization\experiment\final_self\opera_dataset\01000000\01005011_回荆州.pdf,01000000/01005011_回荆州.pdf,49bfac8f-ad5c-4639-829d-be1bd24f8504,1,【第一场】,49,dialogue,dialogue,刘备,pdf_01000000__01005011___ce48065512__char__d094123d43,白,白,白,念白,刘备,正是:,刘备（白）正是:
pdf_01000000__01005011___ce48065512,回荆州,pdf_01000000__01005011___ce48065512__line__000049,pdf_01000000__01005011___ce48065512__scene__001,01005011_回荆州.pdf,D:\University_studies\Junior\data_visualization\experiment\final_self\opera_dataset\01000000\01005011_回荆州.pdf,01000000/01005011_回荆州.pdf,49bfac8f-ad5c-4639-829d-be1bd24f8504,1,【第一场】,49,dialogue,dialogue,孙尚香,pdf_01000000__01005011___ce48065512__char__a6db6ffa1c,念,念,念,,孙尚香,千里姻缘路千千。,孙尚香（念）千里姻缘路千千。
pdf_01000000__01005011___ce48065512,回荆州,pdf_01000000__01005011___ce48065512__line__000049,pdf_01000000__01005011___ce48065512__scene__001,01005011_回荆州.pdf,D:\University_studies\Junior\data_visualization\experiment\final_self\opera_dataset\01000000\01005011_回荆州.pdf,01000000/01005011_回荆州.pdf,49bfac8f-ad5c-4639-829d-be1bd24f8504,1,【第一场】,49,dialogue,dialogue,刘备,pdf_01000000__01005011___ce48065512__char__d094123d43,念,念,念,,刘备,"久住他乡归故里,","刘备（念）久住他乡归故里,"
pdf_01000000__01005011___ce48065512,回荆州,pdf_01000000__01005011___ce48065512__line__000049,pdf_01000000__01005011___ce48065512__scene__001,01005011_回荆州.pdf,D:\University_studies\Junior\data_visualization\experiment\final_self\opera_dataset\01000000\01005011_回荆州.pdf,01000000/01005011_回荆州.pdf,49bfac8f-ad5c-4639-829d-be1bd24f8504,1,【第一场】,49,dialogue,dialogue,孙尚香,pdf_01000000__01005011___ce48065512__char__a6db6ffa1c,念,念,念,,孙尚香,好一似天台赴广寒。,孙尚香（念）好一似天台赴广寒。
pdf_01000000__01005011___ce48065512,回荆州,pdf_01000000__01005011___ce48065512__line__000049,pdf_01000000__01005011___ce48065512__scene__001,01005011_回荆州.pdf,D:\University_studies\Junior\data_visualization\experiment\final_self\opera_dataset\01000000\01005011_回荆州.pdf,01000000/01005011_回荆州.pdf,49bfac8f-ad5c-4639-829d-be1bd24f8504,1,【第一场】,49,dialogue,dialogue,刘备,pdf_01000000__01005011___ce48065512__char__d094123d43,白,白,白,念白,刘备,"好么,好一个“天台赴广寒”!","刘备（白）好么,好一个“天台赴广寒”!"
pdf_01000000__01005011___ce48065512,回荆州,pdf_01000000__01005011___ce48065512__line__000049,pdf_01000000__01005011___ce48065512__scene__001,01005011_回荆州.pdf,D:\University_studies\Junior\data_visualization\experiment\final_self\opera_dataset\01000000\01005011_回荆州.pdf,01000000/01005011_回荆州.pdf,49bfac8f-ad5c-4639-829d-be1bd24f8504,1,【第一场】,49,dialogue,dialogue,孙尚香,pdf_01000000__01005011___ce48065512__char__a6db6ffa1c,白,白,白,请；念白,孙尚香,贵人请。,孙尚香（白）贵人请。
pdf_01000000__01005011___ce48065512,回荆州,pdf_01000000__01005011___ce48065512__line__000049,pdf_01000000__01005011___ce48065512__scene__001,01005011_回荆州.pdf,D:\University_studies\Junior\data_visualization\experiment\final_self\opera_dataset\01000000\01005011_回荆州.pdf,01000000/01005011_回荆州.pdf,49bfac8f-ad5c-4639-829d-be1bd24f8504,1,【第一场】,49,dialogue,dialogue,刘备,pdf_01000000__01005011___ce48065512__char__d094123d43,白,白,白,请；念白,刘备,皇姑请。,刘备（白）皇姑请。
pdf_01000000__01005011___ce48065512,回荆州,pdf_01000000__01005011___ce48065512__line__000049,pdf_01000000__01005011___ce48065512__scene__001,01005011_回荆州.pdf,D:\University_studies\Junior\data_visualization\experiment\final_self\opera_dataset\01000000\01005011_回荆州.pdf,01000000/01005011_回荆州.pdf,49bfac8f-ad5c-4639-829d-be1bd24f8504,1,【第一场】,49,dialogue,dialogue,刘备、孙尚香,pdf_01000000__01005011___ce48065512__char__15dd9ab106,同白,白,同白,请；念白,刘备、孙尚香；孙尚香；刘备,请。,刘备、孙尚香（同白）请。
pdf_01000000__01005011___ce48065512,回荆州,pdf_01000000__01005011___ce48065512__line__000053,pdf_01000000__01005011___ce48065512__scene__002,01005011_回荆州.pdf,D:\University_studies\Junior\data_visualization\experiment\final_self\opera_dataset\01000000\01005011_回荆州.pdf,01000000/01005011_回荆州.pdf,49bfac8f-ad5c-4639-829d-be1bd24f8504,2,【第二场】,53,dialogue,dialogue,周瑜,pdf_01000000__01005011___ce48065512__char__16b311e0b6,引子,对白,引子,,周瑜,"一扣玉带,紧束腰,照遂江南。","周瑜（引子）一扣玉带,紧束腰,照遂江南。"
pdf_01000000__01005011___ce48065512,回荆州,pdf_01000000__01005011___ce48065512__line__000053,pdf_01000000__01005011___ce48065512__scene__002,01005011_回荆州.pdf,D:\University_studies\Junior\data_visualization\experiment\final_self\opera_dataset\01000000\01005011_回荆州.pdf,01000000/01005011_回荆州.pdf,49bfac8f-ad5c-4639-829d-be1bd24f8504,2,【第二场】,53,dialogue,dialogue,徐盛,pdf_01000000__01005011___ce48065512__char__3cc17a3dd0,内同白,对白,内同白,来,徐盛,马来。,徐盛（内同白）马来。
pdf_01000000__01005011___ce48065512,回荆州,pdf_01000000__01005011___ce48065512__line__000053,pdf_01000000__01005011___ce48065512__scene__002,01005011_回荆州.pdf,D:\University_studies\Junior\data_visualization\experiment\final_self\opera_dataset\01000000\01005011_回荆州.pdf,01000000/01005011_回荆州.pdf,49bfac8f-ad5c-4639-829d-be1bd24f8504,2,【第二场】,53,dialogue,dialogue,徐盛,pdf_01000000__01005011___ce48065512__char__3cc17a3dd0,同白,白,同白,念白,徐盛,参见都督。,徐盛（同白）参见都督。
pdf_01000000__01005011___ce48065512,回荆州,pdf_01000000__01005011___ce48065512__line__000053,pdf_01000000__01005011___ce48065512__scene__002,01005011_回荆州.pdf,D:\University_studies\Junior\data_visualization\experiment\final_self\opera_dataset\01000000\01005011_回荆州.pdf,01000000/01005011_回荆州.pdf,49bfac8f-ad5c-4639-829d-be1bd24f8504,2,【第二场】,53,dialogue,dialogue,周瑜,pdf_01000000__01005011___ce48065512__char__16b311e0b6,白,白,白,下；命；念白,周瑜；刘备,"站下。丁奉、徐盛,命你二人探听刘备之事如何?","周瑜（白）站下。丁奉、徐盛,命你二人探听刘备之事如何?"
pdf_01000000__01005011___ce48065512,回荆州,pdf_01000000__01005011___ce48065512__line__000053,pdf_01000000__01005011___ce48065512__scene__002,01005011_回荆州.pdf,D:\University_studies\Junior\data_visualization\experiment\final_self\opera_dataset\01000000\01005011_回荆州.pdf,01000000/01005011_回荆州.pdf,49bfac8f-ad5c-4639-829d-be1bd24f8504,2,【第二场】,53,dialogue,dialogue,丁奉,pdf_01000000__01005011___ce48065512__char__99a16e2653,白,白,白,禀；念白,丁奉,都督容禀:,丁奉（白）都督容禀:
pdf_01000000__01005011___ce48065512,回荆州,pdf_01000000__01005011___ce48065512__line__000053,pdf_01000000__01005011___ce48065512__scene__002,01005011_回荆州.pdf,D:\University_studies\Junior\data_visualization\experiment\final_self\opera_dataset\01000000\01005011_回荆州.pdf,01000000/01005011_回荆州.pdf,49bfac8f-ad5c-4639-829d-be1bd24f8504,2,【第二场】,53,dialogue,dialogue,徐盛,pdf_01000000__01005011___ce48065512__char__3cc17a3dd0,念,念,念,问,徐盛,"吴侯差人问消息,为的荆州那是非。","徐盛（念）吴侯差人问消息,为的荆州那是非。"
pdf_01000000__01005011___ce48065512,回荆州,pdf_01000000__01005011___ce48065512__line__000053,pdf_01000000__01005011___ce48065512__scene__002,01005011_回荆州.pdf,D:\University_studies\Junior\data_visualization\experiment\final_self\opera_dataset\01000000\01005011_回荆州.pdf,01000000/01005011_回荆州.pdf,49bfac8f-ad5c-4639-829d-be1bd24f8504,2,【第二场】,53,dialogue,dialogue,丁奉,pdf_01000000__01005011___ce48065512__char__99a16e2653,念,念,念,叫；拿,丁奉,"国太恨天又怨地,叫声都督拿主意。","丁奉（念）国太恨天又怨地,叫声都督拿主意。"
pdf_01000000__01005011___ce48065512,回荆州,pdf_01000000__01005011___ce48065512__line__000053,pdf_01000000__01005011___ce48065512__scene__002,01005011_回荆州.pdf,D:\University_studies\Junior\data_visualization\experiment\final_self\opera_dataset\01000000\01005011_回荆州.pdf,01000000/01005011_回荆州.pdf,49bfac8f-ad5c-4639-829d-be1bd24f8504,2,【第二场】,53,dialogue,dialogue,周瑜,pdf_01000000__01005011___ce48065512__char__16b311e0b6,白,白,白,念白,周瑜,你才怎讲?,周瑜（白）你才怎讲?
pdf_01000000__01005011___ce48065512,回荆州,pdf_01000000__01005011___ce48065512__line__000053,pdf_01000000__01005011___ce48065512__scene__002,01005011_回荆州.pdf,D:\University_studies\Junior\data_visualization\experiment\final_self\opera_dataset\01000000\01005011_回荆州.pdf,01000000/01005011_回荆州.pdf,49bfac8f-ad5c-4639-829d-be1bd24f8504,2,【第二场】,53,dialogue,dialogue,徐盛,pdf_01000000__01005011___ce48065512__char__3cc17a3dd0,同念,对白,同念,叫；拿,徐盛,叫声都督拿主意!,徐盛（同念）叫声都督拿主意!
pdf_01000000__01005011___ce48065512,回荆州,pdf_01000000__01005011___ce48065512__line__000053,pdf_01000000__01005011___ce48065512__scene__002,01005011_回荆州.pdf,D:\University_studies\Junior\data_visualization\experiment\final_self\opera_dataset\01000000\01005011_回荆州.pdf,01000000/01005011_回荆州.pdf,49bfac8f-ad5c-4639-829d-be1bd24f8504,2,【第二场】,53,dialogue,dialogue,周瑜,pdf_01000000__01005011___ce48065512__char__16b311e0b6,白,白,白,念白,周瑜；刘备,"听你二人之言,莫非刘备在江南招亲么?","周瑜（白）听你二人之言,莫非刘备在江南招亲么?"
pdf_01000000__01005011___ce48065512,回荆州,pdf_01000000__01005011___ce48065512__line__000053,pdf_01000000__01005011___ce48065512__scene__002,01005011_回荆州.pdf,D:\University_studies\Junior\data_visualization\experiment\final_self\opera_dataset\01000000\01005011_回荆州.pdf,01000000/01005011_回荆州.pdf,49bfac8f-ad5c-4639-829d-be1bd24f8504,2,【第二场】,53,dialogue,dialogue,徐盛,pdf_01000000__01005011___ce48065512__char__3cc17a3dd0,同白,白,同白,念白,徐盛,正是。,徐盛（同白）正是。
pdf_01000000__01005011___ce48065512,回荆州,pdf_01000000__01005011___ce48065512__line__000053,pdf_01000000__01005011___ce48065512__scene__002,01005011_回荆州.pdf,D:\University_studies\Junior\data_visualization\experiment\final_self\opera_dataset\01000000\01005011_回荆州.pdf,01000000/01005011_回荆州.pdf,49bfac8f-ad5c-4639-829d-be1bd24f8504,2,【第二场】,53,dialogue,dialogue,周瑜,pdf_01000000__01005011___ce48065512__char__16b311e0b6,白,白,白,念白,周瑜,"天吓天!想俺周瑜用计不成,可不气么!","周瑜（白）天吓天!想俺周瑜用计不成,可不气么!"
pdf_01000000__01005011___ce48065512,回荆州,pdf_01000000__01005011___ce48065512__line__000053,pdf_01000000__01005011___ce48065512__scene__002,01005011_回荆州.pdf,D:\University_studies\Junior\data_visualization\experiment\final_self\opera_dataset\01000000\01005011_回荆州.pdf,01000000/01005011_回荆州.pdf,49bfac8f-ad5c-4639-829d-be1bd24f8504,2,【第二场】,53,dialogue,dialogue,徐盛,pdf_01000000__01005011___ce48065512__char__3cc17a3dd0,同白,白,同白,来；念白,徐盛,都督醒来!,徐盛（同白）都督醒来!
pdf_01000000__01005011___ce48065512,回荆州,pdf_01000000__01005011___ce48065512__line__000053,pdf_01000000__01005011___ce48065512__scene__002,01005011_回荆州.pdf,D:\University_studies\Junior\data_visualization\experiment\final_self\opera_dataset\01000000\01005011_回荆州.pdf,01000000/01005011_回荆州.pdf,49bfac8f-ad5c-4639-829d-be1bd24f8504,2,【第二场】,53,dialogue,dialogue,周瑜,pdf_01000000__01005011___ce48065512__char__16b311e0b6,白,白,白,念白,周瑜,此计甚好。容墨伺候。,周瑜（白）此计甚好。容墨伺候。
pdf_01000000__01005011___ce48065512,回荆州,pdf_01000000__01005011___ce48065512__line__000053,pdf_01000000__01005011___ce48065512__scene__002,01005011_回荆州.pdf,D:\University_studies\Junior\data_visualization\experiment\final_self\opera_dataset\01000000\01005011_回荆州.pdf,01000000/01005011_回荆州.pdf,49bfac8f-ad5c-4639-829d-be1bd24f8504,2,【第二场】,53,dialogue,dialogue,周瑜,pdf_01000000__01005011___ce48065512__char__16b311e0b6,白,白,白,下；请；念白,周瑜,"这有小书一封,下在吴侯那里,请他照书行事。","周瑜（白）这有小书一封,下在吴侯那里,请他照书行事。"
pdf_01000000__01005011___ce48065512,回荆州,pdf_01000000__01005011___ce48065512__line__000053,pdf_01000000__01005011___ce48065512__scene__002,01005011_回荆州.pdf,D:\University_studies\Junior\data_visualization\experiment\final_self\opera_dataset\01000000\01005011_回荆州.pdf,01000000/01005011_回荆州.pdf,49bfac8f-ad5c-4639-829d-be1bd24f8504,2,【第二场】,53,dialogue,dialogue,徐盛,pdf_01000000__01005011___ce48065512__char__3cc17a3dd0,同白,白,同白,令；念白,徐盛,得令。,徐盛（同白）得令。
pdf_01000000__01005011___ce48065512,回荆州,pdf_01000000__01005011___ce48065512__line__000053,pdf_01000000__01005011___ce48065512__scene__002,01005011_回荆州.pdf,D:\University_studies\Junior\data_visualization\experiment\final_self\opera_dataset\01000000\01005011_回荆州.pdf,01000000/01005011_回荆州.pdf,49bfac8f-ad5c-4639-829d-be1bd24f8504,2,【第二场】,53,lyric,lyric,周瑜,pdf_01000000__01005011___ce48065512__char__16b311e0b6,西皮原板,唱,西皮原板,来；令；杀；唱段,诸葛亮；周瑜；刘备,"汉刘备过江来令人可恨,诸葛亮他本是惹祸根源。心儿里恨诸葛恼恨曹操,何日里杀关、张才把气消。","周瑜（西皮原板）汉刘备过江来令人可恨,诸葛亮他本是惹祸根源。心儿里恨诸葛恼恨曹操,何日里杀关、张才把气消。"
pdf_01000000__01005011___ce48065512,回荆州,pdf_01000000__01005011___ce48065512__line__000053,pdf_01000000__01005011___ce48065512__scene__002,01005011_回荆州.pdf,D:\University_studies\Junior\data_visualization\experiment\final_self\opera_dataset\01000000\01005011_回荆州.pdf,01000000/01005011_回荆州.pdf,49bfac8f-ad5c-4639-829d-be1bd24f8504,2,【第二场】,53,lyric,lyric,赵云,pdf_01000000__01005011___ce48065512__char__539a8f3d2a,西皮原板,唱,西皮原板,唱段,赵云,"主公招亲在江东,事付南阳诸孔明。","赵云（西皮原板）主公招亲在江东,事付南阳诸孔明。"
pdf_01000000__01005011___ce48065512,回荆州,pdf_01000000__01005011___ce48065512__line__000053,pdf_01000000__01005011___ce48065512__scene__002,01005011_回荆州.pdf,D:\University_studies\Junior\data_visualization\experiment\final_self\opera_dataset\01000000\01005011_回荆州.pdf,01000000/01005011_回荆州.pdf,49bfac8f-ad5c-4639-829d-be1bd24f8504,2,【第二场】,53,dialogue,dialogue,赵云,pdf_01000000__01005011___ce48065512__char__539a8f3d2a,念,念,念,报,赵云,"“青铜宴月出王庄,假报曹操夺荆州,君臣若不离虎口,成恐学了楚霸王。”","赵云（念）“青铜宴月出王庄,假报曹操夺荆州,君臣若不离虎口,成恐学了楚霸王。”"
pdf_01000000__01005011___ce48065512,回荆州,pdf_01000000__01005011___ce48065512__line__000053,pdf_01000000__01005011___ce48065512__scene__002,01005011_回荆州.pdf,D:\University_studies\Junior\data_visualization\experiment\final_self\opera_dataset\01000000\01005011_回荆州.pdf,01000000/01005011_回荆州.pdf,49bfac8f-ad5c-4639-829d-be1bd24f8504,2,【第二场】,53,dialogue,dialogue,刘备,pdf_01000000__01005011___ce48065512__char__d094123d43,白,白,白,上；来；念白,刘备,"孤躬招亲在江东,事付南阳诸葛公。舍身才把牡丹戏,胜似王母斗牛宫。俺刘备。过江以来,孙权与我起盖新府。每日弹唱歌舞,好不美哉人也。正是:天上神仙府,人间宰相家。要论真富贵,还是我帝王家。","刘备（白）孤躬招亲在江东,事付南阳诸葛公。舍身才把牡丹戏,胜似王母斗牛宫。俺刘备。过江以来,孙权与我起盖新府。每日弹唱歌舞,好不美哉人也。正是:天上神仙府,人间宰相家。要论真富贵,还是我帝王家。"
pdf_01000000__01005011___ce48065512,回荆州,pdf_01000000__01005011___ce48065512__line__000053,pdf_01000000__01005011___ce48065512__scene__002,01005011_回荆州.pdf,D:\University_studies\Junior\data_visualization\experiment\final_self\opera_dataset\01000000\01005011_回荆州.pdf,01000000/01005011_回荆州.pdf,49bfac8f-ad5c-4639-829d-be1bd24f8504,2,【第二场】,53,dialogue,dialogue,赵云,pdf_01000000__01005011___ce48065512__char__539a8f3d2a,念,念,念,令,赵云,"先生军令大,谁敢不惧他。","赵云（念）先生军令大,谁敢不惧他。"
pdf_01000000__01005011___ce48065512,回荆州,pdf_01000000__01005011___ce48065512__line__000053,pdf_01000000__01005011___ce48065512__scene__002,01005011_回荆州.pdf,D:\University_studies\Junior\data_visualization\experiment\final_self\opera_dataset\01000000\01005011_回荆州.pdf,01000000/01005011_回荆州.pdf,49bfac8f-ad5c-4639-829d-be1bd24f8504,2,【第二场】,53,dialogue,dialogue,刘备,pdf_01000000__01005011___ce48065512__char__d094123d43,白,白,白,念白,刘备,四弟慌张为何?,刘备（白）四弟慌张为何?
pdf_01000000__01005011___ce48065512,回荆州,pdf_01000000__01005011___ce48065512__line__000053,pdf_01000000__01005011___ce48065512__scene__002,01005011_回荆州.pdf,D:\University_studies\Junior\data_visualization\experiment\final_self\opera_dataset\01000000\01005011_回荆州.pdf,01000000/01005011_回荆州.pdf,49bfac8f-ad5c-4639-829d-be1bd24f8504,2,【第二场】,53,dialogue,dialogue,赵云,pdf_01000000__01005011___ce48065512__char__539a8f3d2a,白,白,白,念白,赵云,大事不好了!,赵云（白）大事不好了!
pdf_01000000__01005011___ce48065512,回荆州,pdf_01000000__01005011___ce48065512__line__000053,pdf_01000000__01005011___ce48065512__scene__002,01005011_回荆州.pdf,D:\University_studies\Junior\data_visualization\experiment\final_self\opera_dataset\01000000\01005011_回荆州.pdf,01000000/01005011_回荆州.pdf,49bfac8f-ad5c-4639-829d-be1bd24f8504,2,【第二场】,53,dialogue,dialogue,刘备,pdf_01000000__01005011___ce48065512__char__d094123d43,白,白,白,惊；念白,刘备,何事惊慌?,刘备（白）何事惊慌?
pdf_01000000__01005011___ce48065512,回荆州,pdf_01000000__01005011___ce48065512__line__000053,pdf_01000000__01005011___ce48065512__scene__002,01005011_回荆州.pdf,D:\University_studies\Junior\data_visualization\experiment\final_self\opera_dataset\01000000\01005011_回荆州.pdf,01000000/01005011_回荆州.pdf,49bfac8f-ad5c-4639-829d-be1bd24f8504,2,【第二场】,53,dialogue,dialogue,赵云,pdf_01000000__01005011___ce48065512__char__539a8f3d2a,白,白,白,来；命；念白,赵云,"只因曹操命夏侯惇,带领四十五万人马,索讨荆州来了!","赵云（白）只因曹操命夏侯惇,带领四十五万人马,索讨荆州来了!"
pdf_01000000__01005011___ce48065512,回荆州,pdf_01000000__01005011___ce48065512__line__000053,pdf_01000000__01005011___ce48065512__scene__002,01005011_回荆州.pdf,D:\University_studies\Junior\data_visualization\experiment\final_self\opera_dataset\01000000\01005011_回荆州.pdf,01000000/01005011_回荆州.pdf,49bfac8f-ad5c-4639-829d-be1bd24f8504,2,【第二场】,53,dialogue,dialogue,刘备,pdf_01000000__01005011___ce48065512__char__d094123d43,白,白,白,念白,刘备,这便如何是好?,刘备（白）这便如何是好?
pdf_01000000__01005011___ce48065512,回荆州,pdf_01000000__01005011___ce48065512__line__000053,pdf_01000000__01005011___ce48065512__scene__002,01005011_回荆州.pdf,D:\University_studies\Junior\data_visualization\experiment\final_self\opera_dataset\01000000\01005011_回荆州.pdf,01000000/01005011_回荆州.pdf,49bfac8f-ad5c-4639-829d-be1bd24f8504,2,【第二场】,53,dialogue,dialogue,赵云,pdf_01000000__01005011___ce48065512__char__539a8f3d2a,白,白,白,走；念白,赵云,"大谅孙权准备,你我君臣,不免暗暗逃走了罢。","赵云（白）大谅孙权准备,你我君臣,不免暗暗逃走了罢。"
pdf_01000000__01005011___ce48065512,回荆州,pdf_01000000__01005011___ce48065512__line__000053,pdf_01000000__01005011___ce48065512__scene__002,01005011_回荆州.pdf,D:\University_studies\Junior\data_visualization\experiment\final_self\opera_dataset\01000000\01005011_回荆州.pdf,01000000/01005011_回荆州.pdf,49bfac8f-ad5c-4639-829d-be1bd24f8504,2,【第二场】,53,dialogue,dialogue,刘备,pdf_01000000__01005011___ce48065512__char__d094123d43,白,白,白,走；念白,刘备,怎么说走得的?,刘备（白）怎么说走得的?
pdf_01000000__01005011___ce48065512,回荆州,pdf_01000000__01005011___ce48065512__line__000053,pdf_01000000__01005011___ce48065512__scene__002,01005011_回荆州.pdf,D:\University_studies\Junior\data_visualization\experiment\final_self\opera_dataset\01000000\01005011_回荆州.pdf,01000000/01005011_回荆州.pdf,49bfac8f-ad5c-4639-829d-be1bd24f8504,2,【第二场】,53,dialogue,dialogue,赵云,pdf_01000000__01005011___ce48065512__char__539a8f3d2a,白,白,白,走；念白,赵云,走得了!,赵云（白）走得了!
pdf_01000000__01005011___ce48065512,回荆州,pdf_01000000__01005011___ce48065512__line__000053,pdf_01000000__01005011___ce48065512__scene__002,01005011_回荆州.pdf,D:\University_studies\Junior\data_visualization\experiment\final_self\opera_dataset\01000000\01005011_回荆州.pdf,01000000/01005011_回荆州.pdf,49bfac8f-ad5c-4639-829d-be1bd24f8504,2,【第二场】,53,dialogue,dialogue,刘备,pdf_01000000__01005011___ce48065512__char__d094123d43,白,白,白,走；念白,刘备,咱走。,刘备（白）咱走。
pdf_01000000__01005011___ce48065512,回荆州,pdf_01000000__01005011___ce48065512__line__000053,pdf_01000000__01005011___ce48065512__scene__002,01005011_回荆州.pdf,D:\University_studies\Junior\data_visualization\experiment\final_self\opera_dataset\01000000\01005011_回荆州.pdf,01000000/01005011_回荆州.pdf,49bfac8f-ad5c-4639-829d-be1bd24f8504,2,【第二场】,53,dialogue,dialogue,孙尚香,pdf_01000000__01005011___ce48065512__char__a6db6ffa1c,白,白,白,进；念白,孙尚香,"呀啐!什么人大胆闯进门宫,口称“主公”?","孙尚香（白）呀啐!什么人大胆闯进门宫,口称“主公”?"
pdf_01000000__01005011___ce48065512,回荆州,pdf_01000000__01005011___ce48065512__line__000053,pdf_01000000__01005011___ce48065512__scene__002,01005011_回荆州.pdf,D:\University_studies\Junior\data_visualization\experiment\final_self\opera_dataset\01000000\01005011_回荆州.pdf,01000000/01005011_回荆州.pdf,49bfac8f-ad5c-4639-829d-be1bd24f8504,2,【第二场】,53,dialogue,dialogue,刘备,pdf_01000000__01005011___ce48065512__char__d094123d43,白,白,白,念白,刘备；赵云,他、他是我四弟赵云。,刘备（白）他、他是我四弟赵云。
pdf_01000000__01005011___ce48065512,回荆州,pdf_01000000__01005011___ce48065512__line__000053,pdf_01000000__01005011___ce48065512__scene__002,01005011_回荆州.pdf,D:\University_studies\Junior\data_visualization\experiment\final_self\opera_dataset\01000000\01005011_回荆州.pdf,01000000/01005011_回荆州.pdf,49bfac8f-ad5c-4639-829d-be1bd24f8504,2,【第二场】,53,dialogue,dialogue,孙尚香,pdf_01000000__01005011___ce48065512__char__a6db6ffa1c,白,白,白,走；念白,孙尚香,"你君臣,为何逃走?","孙尚香（白）你君臣,为何逃走?"
pdf_01000000__01005011___ce48065512,回荆州,pdf_01000000__01005011___ce48065512__line__000053,pdf_01000000__01005011___ce48065512__scene__002,01005011_回荆州.pdf,D:\University_studies\Junior\data_visualization\experiment\final_self\opera_dataset\01000000\01005011_回荆州.pdf,01000000/01005011_回荆州.pdf,49bfac8f-ad5c-4639-829d-be1bd24f8504,2,【第二场】,53,dialogue,dialogue,刘备,pdf_01000000__01005011___ce48065512__char__d094123d43,白,白,白,走；来；命；杀；念白,刘备,"皇姑吓!只因曹操命夏侯惇,带四十五万人马,索讨荆州来了。杀得我君臣不能相见,弟兄不得团圆。怎的不走?咱就不走,四弟你走了罢!","刘备（白）皇姑吓!只因曹操命夏侯惇,带四十五万人马,索讨荆州来了。杀得我君臣不能相见,弟兄不得团圆。怎的不走?咱就不走,四弟你走了罢!"
pdf_01000000__01005011___ce48065512,回荆州,pdf_01000000__01005011___ce48065512__line__000053,pdf_01000000__01005011___ce48065512__scene__002,01005011_回荆州.pdf,D:\University_studies\Junior\data_visualization\experiment\final_self\opera_dataset\01000000\01005011_回荆州.pdf,01000000/01005011_回荆州.pdf,49bfac8f-ad5c-4639-829d-be1bd24f8504,2,【第二场】,53,dialogue,dialogue,孙尚香,pdf_01000000__01005011___ce48065512__char__a6db6ffa1c,白,白,白,进；走；来；去；看；念白,孙尚香,"哪里是夏侯惇带领人马,索讨荆州?分明是撇奴在江南。也罢,不免进得宫去,奏与母后,母后晓谕我兄,我兄发来一哨人马,将这新府团团围住,看你哪里走,哪里逃,我看你走在哪里!","孙尚香（白）哪里是夏侯惇带领人马,索讨荆州?分明是撇奴在江南。也罢,不免进得宫去,奏与母后,母后晓谕我兄,我兄发来一哨人马,将这新府团团围住,看你哪里走,哪里逃,我看你走在哪里!"
pdf_01000000__01005011___ce48065512,回荆州,pdf_01000000__01005011___ce48065512__line__000053,pdf_01000000__01005011___ce48065512__scene__002,01005011_回荆州.pdf,D:\University_studies\Junior\data_visualization\experiment\final_self\opera_dataset\01000000\01005011_回荆州.pdf,01000000/01005011_回荆州.pdf,49bfac8f-ad5c-4639-829d-be1bd24f8504,2,【第二场】,53,dialogue,dialogue,刘备,pdf_01000000__01005011___ce48065512__char__d094123d43,叫头,叫头,叫头,叫,刘备,皇姑吓!,刘备（叫头）皇姑吓!
pdf_01000000__01005011___ce48065512,回荆州,pdf_01000000__01005011___ce48065512__line__000053,pdf_01000000__01005011___ce48065512__scene__002,01005011_回荆州.pdf,D:\University_studies\Junior\data_visualization\experiment\final_self\opera_dataset\01000000\01005011_回荆州.pdf,01000000/01005011_回荆州.pdf,49bfac8f-ad5c-4639-829d-be1bd24f8504,2,【第二场】,53,lyric,lyric,赵云,pdf_01000000__01005011___ce48065512__char__539a8f3d2a,西皮慢板,唱,西皮慢板,来；请；跪；唱段,赵云,"有赵云在宫院双膝跪落,请主母近前来细听我说:望主母你那里搭救于我,搭救我君臣们逃出网罗。","赵云（西皮慢板）有赵云在宫院双膝跪落,请主母近前来细听我说:望主母你那里搭救于我,搭救我君臣们逃出网罗。"
pdf_01000000__01005011___ce48065512,回荆州,pdf_01000000__01005011___ce48065512__line__000053,pdf_01000000__01005011___ce48065512__scene__002,01005011_回荆州.pdf,D:\University_studies\Junior\data_visualization\experiment\final_self\opera_dataset\01000000\01005011_回荆州.pdf,01000000/01005011_回荆州.pdf,49bfac8f-ad5c-4639-829d-be1bd24f8504,2,【第二场】,53,lyric,lyric,孙尚香,pdf_01000000__01005011___ce48065512__char__a6db6ffa1c,西皮慢板,唱,西皮慢板,上；走；来；叫；搀；跪；唱段,孙尚香,"他君臣在宫院双膝跪落,倒叫我孙尚香无有话说。走上前来忙搀起,再叫贵人听端的。","孙尚香（西皮慢板）他君臣在宫院双膝跪落,倒叫我孙尚香无有话说。走上前来忙搀起,再叫贵人听端的。"
pdf_01000000__01005011___ce48065512,回荆州,pdf_01000000__01005011___ce48065512__line__000053,pdf_01000000__01005011___ce48065512__scene__002,01005011_回荆州.pdf,D:\University_studies\Junior\data_visualization\experiment\final_self\opera_dataset\01000000\01005011_回荆州.pdf,01000000/01005011_回荆州.pdf,49bfac8f-ad5c-4639-829d-be1bd24f8504,2,【第二场】,53,dialogue,dialogue,刘备,pdf_01000000__01005011___ce48065512__char__d094123d43,白,白,白,看；念白,刘备,"四弟,你看皇姑虽然女流,倒有男子的肚才!","刘备（白）四弟,你看皇姑虽然女流,倒有男子的肚才!"
pdf_01000000__01005011___ce48065512,回荆州,pdf_01000000__01005011___ce48065512__line__000053,pdf_01000000__01005011___ce48065512__scene__002,01005011_回荆州.pdf,D:\University_studies\Junior\data_visualization\experiment\final_self\opera_dataset\01000000\01005011_回荆州.pdf,01000000/01005011_回荆州.pdf,49bfac8f-ad5c-4639-829d-be1bd24f8504,2,【第二场】,53,dialogue,dialogue,赵云,pdf_01000000__01005011___ce48065512__char__539a8f3d2a,白,白,白,念白,赵云,果有男子的肚才!,赵云（白）果有男子的肚才!
pdf_01000000__01005011___ce48065512,回荆州,pdf_01000000__01005011___ce48065512__line__000053,pdf_01000000__01005011___ce48065512__scene__002,01005011_回荆州.pdf,D:\University_studies\Junior\data_visualization\experiment\final_self\opera_dataset\01000000\01005011_回荆州.pdf,01000000/01005011_回荆州.pdf,49bfac8f-ad5c-4639-829d-be1bd24f8504,2,【第二场】,53,dialogue,dialogue,刘备,pdf_01000000__01005011___ce48065512__char__d094123d43,白,白,白,进；禀；念白,刘备,"四弟,皇姑进宫,禀知国太;四弟准备车辆伺候。正是:","刘备（白）四弟,皇姑进宫,禀知国太;四弟准备车辆伺候。正是:"
pdf_01000000__01005011___ce48065512,回荆州,pdf_01000000__01005011___ce48065512__line__000053,pdf_01000000__01005011___ce48065512__scene__002,01005011_回荆州.pdf,D:\University_studies\Junior\data_visualization\experiment\final_self\opera_dataset\01000000\01005011_回荆州.pdf,01000000/01005011_回荆州.pdf,49bfac8f-ad5c-4639-829d-be1bd24f8504,2,【第二场】,53,dialogue,dialogue,孙尚香,pdf_01000000__01005011___ce48065512__char__a6db6ffa1c,念,念,念,走,孙尚香,随夫逃走礼当然。,孙尚香（念）随夫逃走礼当然。
pdf_01000000__01005011___ce48065512,回荆州,pdf_01000000__01005011___ce48065512__line__000053,pdf_01000000__01005011___ce48065512__scene__002,01005011_回荆州.pdf,D:\University_studies\Junior\data_visualization\experiment\final_self\opera_dataset\01000000\01005011_回荆州.pdf,01000000/01005011_回荆州.pdf,49bfac8f-ad5c-4639-829d-be1bd24f8504,2,【第二场】,53,dialogue,dialogue,赵云,pdf_01000000__01005011___ce48065512__char__539a8f3d2a,念,念,念,打,赵云,"打谅孙权无准备,","赵云（念）打谅孙权无准备,"
pdf_01000000__01005011___ce48065512,回荆州,pdf_01000000__01005011___ce48065512__line__000053,pdf_01000000__01005011___ce48065512__scene__002,01005011_回荆州.pdf,D:\University_studies\Junior\data_visualization\experiment\final_self\opera_dataset\01000000\01005011_回荆州.pdf,01000000/01005011_回荆州.pdf,49bfac8f-ad5c-4639-829d-be1bd24f8504,2,【第二场】,53,dialogue,dialogue,刘备,pdf_01000000__01005011___ce48065512__char__d094123d43,念,念,念,答,刘备,回在荆州答谢天。,刘备（念）回在荆州答谢天。
pdf_01000000__01005011___ce48065512,回荆州,pdf_01000000__01005011___ce48065512__line__000057,pdf_01000000__01005011___ce48065512__scene__003,01005011_回荆州.pdf,D:\University_studies\Junior\data_visualization\experiment\final_self\opera_dataset\01000000\01005011_回荆州.pdf,01000000/01005011_回荆州.pdf,49bfac8f-ad5c-4639-829d-be1bd24f8504,3,【第五场】,57,dialogue,dialogue,诸葛亮,pdf_01000000__01005011___ce48065512__char__3630d553f6,念,念,念,惊,诸葛亮,"家住南阳卧龙居,神机妙算鬼神惊。未出茅庐三分定,辅汉诸葛字孔明。","诸葛亮（念）家住南阳卧龙居,神机妙算鬼神惊。未出茅庐三分定,辅汉诸葛字孔明。"
pdf_01000000__01005011___ce48065512,回荆州,pdf_01000000__01005011___ce48065512__line__000057,pdf_01000000__01005011___ce48065512__scene__003,01005011_回荆州.pdf,D:\University_studies\Junior\data_visualization\experiment\final_self\opera_dataset\01000000\01005011_回荆州.pdf,01000000/01005011_回荆州.pdf,49bfac8f-ad5c-4639-829d-be1bd24f8504,3,【第五场】,57,dialogue,dialogue,张飞,pdf_01000000__01005011___ce48065512__char__d2c4b240f0,内白,白,内白,走；念白,张飞,走吓!,张飞（内白）走吓!
pdf_01000000__01005011___ce48065512,回荆州,pdf_01000000__01005011___ce48065512__line__000057,pdf_01000000__01005011___ce48065512__scene__003,01005011_回荆州.pdf,D:\University_studies\Junior\data_visualization\experiment\final_self\opera_dataset\01000000\01005011_回荆州.pdf,01000000/01005011_回荆州.pdf,49bfac8f-ad5c-4639-829d-be1bd24f8504,3,【第五场】,57,lyric,lyric,张飞,pdf_01000000__01005011___ce48065512__char__d2c4b240f0,西皮原板,唱,西皮原板,唱段,诸葛亮；张飞,"心中恼恨诸葛亮,作事不与某商量。怒气不息宝帐闯,快快还我大兄王!","张飞（西皮原板）心中恼恨诸葛亮,作事不与某商量。怒气不息宝帐闯,快快还我大兄王!"
pdf_01000000__01005011___ce48065512,回荆州,pdf_01000000__01005011___ce48065512__line__000057,pdf_01000000__01005011___ce48065512__scene__003,01005011_回荆州.pdf,D:\University_studies\Junior\data_visualization\experiment\final_self\opera_dataset\01000000\01005011_回荆州.pdf,01000000/01005011_回荆州.pdf,49bfac8f-ad5c-4639-829d-be1bd24f8504,3,【第五场】,57,dialogue,dialogue,诸葛亮,pdf_01000000__01005011___ce48065512__char__3630d553f6,白,白,白,进；来；念白,诸葛亮,"三千岁进得帐来,怒气不息,为着谁来?","诸葛亮（白）三千岁进得帐来,怒气不息,为着谁来?"
pdf_01000000__01005011___ce48065512,回荆州,pdf_01000000__01005011___ce48065512__line__000057,pdf_01000000__01005011___ce48065512__scene__003,01005011_回荆州.pdf,D:\University_studies\Junior\data_visualization\experiment\final_self\opera_dataset\01000000\01005011_回荆州.pdf,01000000/01005011_回荆州.pdf,49bfac8f-ad5c-4639-829d-be1bd24f8504,3,【第五场】,57,dialogue,dialogue,张飞,pdf_01000000__01005011___ce48065512__char__d2c4b240f0,白,白,白,来；念白,张飞,就为你来!,张飞（白）就为你来!
pdf_01000000__01005011___ce48065512,回荆州,pdf_01000000__01005011___ce48065512__line__000057,pdf_01000000__01005011___ce48065512__scene__003,01005011_回荆州.pdf,D:\University_studies\Junior\data_visualization\experiment\final_self\opera_dataset\01000000\01005011_回荆州.pdf,01000000/01005011_回荆州.pdf,49bfac8f-ad5c-4639-829d-be1bd24f8504,3,【第五场】,57,dialogue,dialogue,诸葛亮,pdf_01000000__01005011___ce48065512__char__3630d553f6,白,白,白,来；念白,诸葛亮,为山人何来?,诸葛亮（白）为山人何来?
pdf_01000000__01005011___ce48065512,回荆州,pdf_01000000__01005011___ce48065512__line__000057,pdf_01000000__01005011___ce48065512__scene__003,01005011_回荆州.pdf,D:\University_studies\Junior\data_visualization\experiment\final_self\opera_dataset\01000000\01005011_回荆州.pdf,01000000/01005011_回荆州.pdf,49bfac8f-ad5c-4639-829d-be1bd24f8504,3,【第五场】,57,dialogue,dialogue,张飞,pdf_01000000__01005011___ce48065512__char__d2c4b240f0,白,白,白,来；去；问；叫；念白,张飞,"我来问你,我家大哥过江,去了久日,没有音信到来。叫俺老张怎的不恼。","张飞（白）我来问你,我家大哥过江,去了久日,没有音信到来。叫俺老张怎的不恼。"
pdf_01000000__01005011___ce48065512,回荆州,pdf_01000000__01005011___ce48065512__line__000057,pdf_01000000__01005011___ce48065512__scene__003,01005011_回荆州.pdf,D:\University_studies\Junior\data_visualization\experiment\final_self\opera_dataset\01000000\01005011_回荆州.pdf,01000000/01005011_回荆州.pdf,49bfac8f-ad5c-4639-829d-be1bd24f8504,3,【第五场】,57,dialogue,dialogue,诸葛亮,pdf_01000000__01005011___ce48065512__char__3630d553f6,白,白,白,来；念白,诸葛亮,"雁飞万里,必有来日。何为着恼?","诸葛亮（白）雁飞万里,必有来日。何为着恼?"
pdf_01000000__01005011___ce48065512,回荆州,pdf_01000000__01005011___ce48065512__line__000057,pdf_01000000__01005011___ce48065512__scene__003,01005011_回荆州.pdf,D:\University_studies\Junior\data_visualization\experiment\final_self\opera_dataset\01000000\01005011_回荆州.pdf,01000000/01005011_回荆州.pdf,49bfac8f-ad5c-4639-829d-be1bd24f8504,3,【第五场】,57,dialogue,dialogue,张飞,pdf_01000000__01005011___ce48065512__char__d2c4b240f0,白,白,白,传；令；念白,张飞,先生就该传令。,张飞（白）先生就该传令。
pdf_01000000__01005011___ce48065512,回荆州,pdf_01000000__01005011___ce48065512__line__000057,pdf_01000000__01005011___ce48065512__scene__003,01005011_回荆州.pdf,D:\University_studies\Junior\data_visualization\experiment\final_self\opera_dataset\01000000\01005011_回荆州.pdf,01000000/01005011_回荆州.pdf,49bfac8f-ad5c-4639-829d-be1bd24f8504,3,【第五场】,57,dialogue,dialogue,诸葛亮,pdf_01000000__01005011___ce48065512__char__3630d553f6,白,白,白,来；命；令；拿；杀；念白,诸葛亮；周瑜,"三千岁听令:命你带领三千人马。埋伏在芦花荡,等候周瑜到来,只拿不杀。","诸葛亮（白）三千岁听令:命你带领三千人马。埋伏在芦花荡,等候周瑜到来,只拿不杀。"
pdf_01000000__01005011___ce48065512,回荆州,pdf_01000000__01005011___ce48065512__line__000057,pdf_01000000__01005011___ce48065512__scene__003,01005011_回荆州.pdf,D:\University_studies\Junior\data_visualization\experiment\final_self\opera_dataset\01000000\01005011_回荆州.pdf,01000000/01005011_回荆州.pdf,49bfac8f-ad5c-4639-829d-be1bd24f8504,3,【第五场】,57,dialogue,dialogue,张飞,pdf_01000000__01005011___ce48065512__char__d2c4b240f0,白,白,白,拿；杀；念白,张飞,为何只拿不杀?,张飞（白）为何只拿不杀?
pdf_01000000__01005011___ce48065512,回荆州,pdf_01000000__01005011___ce48065512__line__000057,pdf_01000000__01005011___ce48065512__scene__003,01005011_回荆州.pdf,D:\University_studies\Junior\data_visualization\experiment\final_self\opera_dataset\01000000\01005011_回荆州.pdf,01000000/01005011_回荆州.pdf,49bfac8f-ad5c-4639-829d-be1bd24f8504,3,【第五场】,57,dialogue,dialogue,诸葛亮,pdf_01000000__01005011___ce48065512__char__3630d553f6,白,白,白,命；念白,诸葛亮,"只因他赤壁交兵,火烧战船,有这样的功劳,不要伤他性命。","诸葛亮（白）只因他赤壁交兵,火烧战船,有这样的功劳,不要伤他性命。"
pdf_01000000__01005011___ce48065512,回荆州,pdf_01000000__01005011___ce48065512__line__000057,pdf_01000000__01005011___ce48065512__scene__003,01005011_回荆州.pdf,D:\University_studies\Junior\data_visualization\experiment\final_self\opera_dataset\01000000\01005011_回荆州.pdf,01000000/01005011_回荆州.pdf,49bfac8f-ad5c-4639-829d-be1bd24f8504,3,【第五场】,57,dialogue,dialogue,张飞,pdf_01000000__01005011___ce48065512__char__d2c4b240f0,白,白,白,来；令；念白,张飞,得令。马来!,张飞（白）得令。马来!
pdf_01000000__01005011___ce48065512,回荆州,pdf_01000000__01005011___ce48065512__line__000057,pdf_01000000__01005011___ce48065512__scene__003,01005011_回荆州.pdf,D:\University_studies\Junior\data_visualization\experiment\final_self\opera_dataset\01000000\01005011_回荆州.pdf,01000000/01005011_回荆州.pdf,49bfac8f-ad5c-4639-829d-be1bd24f8504,3,【第五场】,57,lyric,lyric,张飞,pdf_01000000__01005011___ce48065512__char__d2c4b240f0,西皮原板,唱,西皮原板,走；令；唱段,张飞,"宝帐领了先生令,芦花荡埋伏走一程。","张飞（西皮原板）宝帐领了先生令,芦花荡埋伏走一程。"
pdf_01000000__01005011___ce48065512,回荆州,pdf_01000000__01005011___ce48065512__line__000057,pdf_01000000__01005011___ce48065512__scene__003,01005011_回荆州.pdf,D:\University_studies\Junior\data_visualization\experiment\final_self\opera_dataset\01000000\01005011_回荆州.pdf,01000000/01005011_回荆州.pdf,49bfac8f-ad5c-4639-829d-be1bd24f8504,3,【第五场】,57,dialogue,dialogue,诸葛亮,pdf_01000000__01005011___ce48065512__char__3630d553f6,白,白,白,来；看；念白,诸葛亮,"来,看衣更换。","诸葛亮（白）来,看衣更换。"
pdf_01000000__01005011___ce48065512,回荆州,pdf_01000000__01005011___ce48065512__line__000057,pdf_01000000__01005011___ce48065512__scene__003,01005011_回荆州.pdf,D:\University_studies\Junior\data_visualization\experiment\final_self\opera_dataset\01000000\01005011_回荆州.pdf,01000000/01005011_回荆州.pdf,49bfac8f-ad5c-4639-829d-be1bd24f8504,3,【第五场】,57,dialogue,dialogue,诸葛亮,pdf_01000000__01005011___ce48065512__char__3630d553f6,念,念,念,上；下,诸葛亮,"山人把船上,思念小周郎。撒下钩和网,准备钓金鳌。","诸葛亮（念）山人把船上,思念小周郎。撒下钩和网,准备钓金鳌。"
pdf_01000000__01005011___ce48065512,回荆州,pdf_01000000__01005011___ce48065512__line__000061,pdf_01000000__01005011___ce48065512__scene__004,01005011_回荆州.pdf,D:\University_studies\Junior\data_visualization\experiment\final_self\opera_dataset\01000000\01005011_回荆州.pdf,01000000/01005011_回荆州.pdf,49bfac8f-ad5c-4639-829d-be1bd24f8504,4,【第六场】,61,stage_direction,stage_direction,,,张飞上，过场，下。,做,张飞上，过场，下。,上；下,张飞,,（张飞上，过场，下。）
pdf_01000000__01005011___ce48065512,回荆州,pdf_01000000__01005011___ce48065512__line__000065,pdf_01000000__01005011___ce48065512__scene__005,01005011_回荆州.pdf,D:\University_studies\Junior\data_visualization\experiment\final_self\opera_dataset\01000000\01005011_回荆州.pdf,01000000/01005011_回荆州.pdf,49bfac8f-ad5c-4639-829d-be1bd24f8504,5,【第七场】,65,stage_direction,stage_direction,,,赵云上，四白龙套、车夫同上。,做,赵云上，四白龙套、车夫同上。,上,四白龙套；龙套；赵云,,（赵云上，四白龙套、车夫同上。）
pdf_01000000__01005011___ce48065512,回荆州,pdf_01000000__01005011___ce48065512__line__000067,pdf_01000000__01005011___ce48065512__scene__005,01005011_回荆州.pdf,D:\University_studies\Junior\data_visualization\experiment\final_self\opera_dataset\01000000\01005011_回荆州.pdf,01000000/01005011_回荆州.pdf,49bfac8f-ad5c-4639-829d-be1bd24f8504,5,【第七场】,67,dialogue,dialogue,赵云,pdf_01000000__01005011___ce48065512__char__539a8f3d2a,念,念,念,,赵云,"准备金马蹬,即刻便登程。","赵云（念）准备金马蹬,即刻便登程。"
pdf_01000000__01005011___ce48065512,回荆州,pdf_01000000__01005011___ce48065512__line__000067,pdf_01000000__01005011___ce48065512__scene__005,01005011_回荆州.pdf,D:\University_studies\Junior\data_visualization\experiment\final_self\opera_dataset\01000000\01005011_回荆州.pdf,01000000/01005011_回荆州.pdf,49bfac8f-ad5c-4639-829d-be1bd24f8504,5,【第七场】,67,dialogue,dialogue,刘备,pdf_01000000__01005011___ce48065512__char__d094123d43,内白,白,内白,念白,刘备,哽咳。,刘备（内白）哽咳。
pdf_01000000__01005011___ce48065512,回荆州,pdf_01000000__01005011___ce48065512__line__000069,pdf_01000000__01005011___ce48065512__scene__005,01005011_回荆州.pdf,D:\University_studies\Junior\data_visualization\experiment\final_self\opera_dataset\01000000\01005011_回荆州.pdf,01000000/01005011_回荆州.pdf,49bfac8f-ad5c-4639-829d-be1bd24f8504,5,【第七场】,69,stage_direction,stage_direction,,,刘备上。,做,刘备上。,上,刘备,,（刘备上。）
pdf_01000000__01005011___ce48065512,回荆州,pdf_01000000__01005011___ce48065512__line__000071,pdf_01000000__01005011___ce48065512__scene__005,01005011_回荆州.pdf,D:\University_studies\Junior\data_visualization\experiment\final_self\opera_dataset\01000000\01005011_回荆州.pdf,01000000/01005011_回荆州.pdf,49bfac8f-ad5c-4639-829d-be1bd24f8504,5,【第七场】,71,dialogue,dialogue,刘备,pdf_01000000__01005011___ce48065512__char__d094123d43,念,念,念,,刘备,大事安排定，,刘备 （念） 大事安排定，
pdf_01000000__01005011___ce48065512,回荆州,pdf_01000000__01005011___ce48065512__line__000073,pdf_01000000__01005011___ce48065512__scene__005,01005011_回荆州.pdf,D:\University_studies\Junior\data_visualization\experiment\final_self\opera_dataset\01000000\01005011_回荆州.pdf,01000000/01005011_回荆州.pdf,49bfac8f-ad5c-4639-829d-be1bd24f8504,5,【第七场】,73,stage_direction,stage_direction,,,孙尚香上。,做,孙尚香上。,上,孙尚香,,（孙尚香上。）
pdf_01000000__01005011___ce48065512,回荆州,pdf_01000000__01005011___ce48065512__line__000075,pdf_01000000__01005011___ce48065512__scene__005,01005011_回荆州.pdf,D:\University_studies\Junior\data_visualization\experiment\final_self\opera_dataset\01000000\01005011_回荆州.pdf,01000000/01005011_回荆州.pdf,49bfac8f-ad5c-4639-829d-be1bd24f8504,5,【第七场】,75,dialogue,dialogue,孙尚香,pdf_01000000__01005011___ce48065512__char__a6db6ffa1c,念,念,念,,孙尚香,即刻离江东。,孙尚香（念）即刻离江东。
pdf_01000000__01005011___ce48065512,回荆州,pdf_01000000__01005011___ce48065512__line__000075,pdf_01000000__01005011___ce48065512__scene__005,01005011_回荆州.pdf,D:\University_studies\Junior\data_visualization\experiment\final_self\opera_dataset\01000000\01005011_回荆州.pdf,01000000/01005011_回荆州.pdf,49bfac8f-ad5c-4639-829d-be1bd24f8504,5,【第七场】,75,dialogue,dialogue,赵云,pdf_01000000__01005011___ce48065512__char__539a8f3d2a,白,白,白,念白,赵云,参见主公。,赵云（白）参见主公。
pdf_01000000__01005011___ce48065512,回荆州,pdf_01000000__01005011___ce48065512__line__000075,pdf_01000000__01005011___ce48065512__scene__005,01005011_回荆州.pdf,D:\University_studies\Junior\data_visualization\experiment\final_self\opera_dataset\01000000\01005011_回荆州.pdf,01000000/01005011_回荆州.pdf,49bfac8f-ad5c-4639-829d-be1bd24f8504,5,【第七场】,75,dialogue,dialogue,刘备,pdf_01000000__01005011___ce48065512__char__d094123d43,白,白,白,念白,刘备,"四弟准备车马,可曾齐备?","刘备（白）四弟准备车马,可曾齐备?"
pdf_01000000__01005011___ce48065512,回荆州,pdf_01000000__01005011___ce48065512__line__000075,pdf_01000000__01005011___ce48065512__scene__005,01005011_回荆州.pdf,D:\University_studies\Junior\data_visualization\experiment\final_self\opera_dataset\01000000\01005011_回荆州.pdf,01000000/01005011_回荆州.pdf,49bfac8f-ad5c-4639-829d-be1bd24f8504,5,【第七场】,75,dialogue,dialogue,赵云,pdf_01000000__01005011___ce48065512__char__539a8f3d2a,白,白,白,念白,赵云,齐备多时。,赵云（白）齐备多时。
pdf_01000000__01005011___ce48065512,回荆州,pdf_01000000__01005011___ce48065512__line__000075,pdf_01000000__01005011___ce48065512__scene__005,01005011_回荆州.pdf,D:\University_studies\Junior\data_visualization\experiment\final_self\opera_dataset\01000000\01005011_回荆州.pdf,01000000/01005011_回荆州.pdf,49bfac8f-ad5c-4639-829d-be1bd24f8504,5,【第七场】,75,dialogue,dialogue,刘备,pdf_01000000__01005011___ce48065512__char__d094123d43,白,白,白,念白,刘备,带马伺候。,刘备（白）带马伺候。
pdf_01000000__01005011___ce48065512,回荆州,pdf_01000000__01005011___ce48065512__line__000075,pdf_01000000__01005011___ce48065512__scene__005,01005011_回荆州.pdf,D:\University_studies\Junior\data_visualization\experiment\final_self\opera_dataset\01000000\01005011_回荆州.pdf,01000000/01005011_回荆州.pdf,49bfac8f-ad5c-4639-829d-be1bd24f8504,5,【第七场】,75,dialogue,dialogue,孙尚香,pdf_01000000__01005011___ce48065512__char__a6db6ffa1c,念,念,念,叫,孙尚香,"回头望江南,叫人好惨伤。","孙尚香（念）回头望江南,叫人好惨伤。"
pdf_01000000__01005011___ce48065512,回荆州,pdf_01000000__01005011___ce48065512__line__000075,pdf_01000000__01005011___ce48065512__scene__005,01005011_回荆州.pdf,D:\University_studies\Junior\data_visualization\experiment\final_self\opera_dataset\01000000\01005011_回荆州.pdf,01000000/01005011_回荆州.pdf,49bfac8f-ad5c-4639-829d-be1bd24f8504,5,【第七场】,75,dialogue,dialogue,赵云,pdf_01000000__01005011___ce48065512__char__539a8f3d2a,念,念,念,下,赵云,"放下滔天胆,保定主公还。","赵云（念）放下滔天胆,保定主公还。"
pdf_01000000__01005011___ce48065512,回荆州,pdf_01000000__01005011___ce48065512__line__000077,pdf_01000000__01005011___ce48065512__scene__005,01005011_回荆州.pdf,D:\University_studies\Junior\data_visualization\experiment\final_self\opera_dataset\01000000\01005011_回荆州.pdf,01000000/01005011_回荆州.pdf,49bfac8f-ad5c-4639-829d-be1bd24f8504,5,【第七场】,77,stage_direction,stage_direction,,,孙尚香、车夫、刘备、赵云、四白龙套同下。,做,孙尚香、车夫、刘备、赵云、四白龙套同下。,下,四白龙套；孙尚香；刘备；龙套；赵云,,（孙尚香、车夫、刘备、赵云、四白龙套同下。）
pdf_01000000__01005011___ce48065512,回荆州,pdf_01000000__01005011___ce48065512__line__000081,pdf_01000000__01005011___ce48065512__scene__006,01005011_回荆州.pdf,D:\University_studies\Junior\data_visualization\experiment\final_self\opera_dataset\01000000\01005011_回荆州.pdf,01000000/01005011_回荆州.pdf,49bfac8f-ad5c-4639-829d-be1bd24f8504,6,【第八场】,81,stage_direction,stage_direction,,,丁奉、徐盛同上。,做,丁奉、徐盛同上。,上,丁奉；徐盛,,（丁奉、徐盛同上。）
pdf_01000000__01005011___ce48065512,回荆州,pdf_01000000__01005011___ce48065512__line__000083,pdf_01000000__01005011___ce48065512__scene__006,01005011_回荆州.pdf,D:\University_studies\Junior\data_visualization\experiment\final_self\opera_dataset\01000000\01005011_回荆州.pdf,01000000/01005011_回荆州.pdf,49bfac8f-ad5c-4639-829d-be1bd24f8504,6,【第八场】,83,narration,narration,,,,说明,,,丁奉,丁奉、,丁奉、
pdf_01000000__01005011___ce48065512,回荆州,pdf_01000000__01005011___ce48065512__line__000085,pdf_01000000__01005011___ce48065512__scene__006,01005011_回荆州.pdf,D:\University_studies\Junior\data_visualization\experiment\final_self\opera_dataset\01000000\01005011_回荆州.pdf,01000000/01005011_回荆州.pdf,49bfac8f-ad5c-4639-829d-be1bd24f8504,6,【第八场】,85,dialogue,dialogue,徐盛,pdf_01000000__01005011___ce48065512__char__3cc17a3dd0,同白,白,同白,请；念白,徐盛,请了。,徐盛 （同白） 请了。
pdf_01000000__01005011___ce48065512,回荆州,pdf_01000000__01005011___ce48065512__line__000087,pdf_01000000__01005011___ce48065512__scene__006,01005011_回荆州.pdf,D:\University_studies\Junior\data_visualization\experiment\final_self\opera_dataset\01000000\01005011_回荆州.pdf,01000000/01005011_回荆州.pdf,49bfac8f-ad5c-4639-829d-be1bd24f8504,6,【第八场】,87,dialogue,dialogue,丁奉,pdf_01000000__01005011___ce48065512__char__99a16e2653,白,白,白,来；令；追；念白,刘备；丁奉,奉了都督将令，追赶刘备。一言未尽，刘备、皇姑来也。,丁奉 （白） 奉了都督将令，追赶刘备。一言未尽，刘备、皇姑来也。
pdf_01000000__01005011___ce48065512,回荆州,pdf_01000000__01005011___ce48065512__line__000089,pdf_01000000__01005011___ce48065512__scene__006,01005011_回荆州.pdf,D:\University_studies\Junior\data_visualization\experiment\final_self\opera_dataset\01000000\01005011_回荆州.pdf,01000000/01005011_回荆州.pdf,49bfac8f-ad5c-4639-829d-be1bd24f8504,6,【第八场】,89,stage_direction,stage_direction,,,刘备、赵云、孙尚香、车夫、四白龙套同上。,做,刘备、赵云、孙尚香、车夫、四白龙套同上。,上,四白龙套；孙尚香；刘备；龙套；赵云,,（刘备、赵云、孙尚香、车夫、四白龙套同上。）
pdf_01000000__01005011___ce48065512,回荆州,pdf_01000000__01005011___ce48065512__line__000091,pdf_01000000__01005011___ce48065512__scene__006,01005011_回荆州.pdf,D:\University_studies\Junior\data_visualization\experiment\final_self\opera_dataset\01000000\01005011_回荆州.pdf,01000000/01005011_回荆州.pdf,49bfac8f-ad5c-4639-829d-be1bd24f8504,6,【第八场】,91,dialogue,dialogue,刘备,pdf_01000000__01005011___ce48065512__char__d094123d43,念,念,念,,刘备,"好比笼中鸟,插翅腾了空。","刘备（念）好比笼中鸟,插翅腾了空。"
pdf_01000000__01005011___ce48065512,回荆州,pdf_01000000__01005011___ce48065512__line__000091,pdf_01000000__01005011___ce48065512__scene__006,01005011_回荆州.pdf,D:\University_studies\Junior\data_visualization\experiment\final_self\opera_dataset\01000000\01005011_回荆州.pdf,01000000/01005011_回荆州.pdf,49bfac8f-ad5c-4639-829d-be1bd24f8504,6,【第八场】,91,dialogue,dialogue,孙尚香,pdf_01000000__01005011___ce48065512__char__a6db6ffa1c,念,念,念,走,孙尚香,"一路飞彩凤,金锁走蛟龙。","孙尚香（念）一路飞彩凤,金锁走蛟龙。"
pdf_01000000__01005011___ce48065512,回荆州,pdf_01000000__01005011___ce48065512__line__000091,pdf_01000000__01005011___ce48065512__scene__006,01005011_回荆州.pdf,D:\University_studies\Junior\data_visualization\experiment\final_self\opera_dataset\01000000\01005011_回荆州.pdf,01000000/01005011_回荆州.pdf,49bfac8f-ad5c-4639-829d-be1bd24f8504,6,【第八场】,91,dialogue,dialogue,赵云,pdf_01000000__01005011___ce48065512__char__539a8f3d2a,念,念,念,,赵云,"为臣枪马在,哪怕百万兵。","赵云（念）为臣枪马在,哪怕百万兵。"
pdf_01000000__01005011___ce48065512,回荆州,pdf_01000000__01005011___ce48065512__line__000093,pdf_01000000__01005011___ce48065512__scene__006,01005011_回荆州.pdf,D:\University_studies\Junior\data_visualization\experiment\final_self\opera_dataset\01000000\01005011_回荆州.pdf,01000000/01005011_回荆州.pdf,49bfac8f-ad5c-4639-829d-be1bd24f8504,6,【第八场】,93,narration,narration,,,,说明,,,丁奉,丁奉、,丁奉、
pdf_01000000__01005011___ce48065512,回荆州,pdf_01000000__01005011___ce48065512__line__000095,pdf_01000000__01005011___ce48065512__scene__006,01005011_回荆州.pdf,D:\University_studies\Junior\data_visualization\experiment\final_self\opera_dataset\01000000\01005011_回荆州.pdf,01000000/01005011_回荆州.pdf,49bfac8f-ad5c-4639-829d-be1bd24f8504,6,【第八场】,95,dialogue,dialogue,徐盛,pdf_01000000__01005011___ce48065512__char__3cc17a3dd0,同白,白,同白,看；念白,徐盛,看枪！,徐盛 （同白） 看枪！
pdf_01000000__01005011___ce48065512,回荆州,pdf_01000000__01005011___ce48065512__line__000097,pdf_01000000__01005011___ce48065512__scene__006,01005011_回荆州.pdf,D:\University_studies\Junior\data_visualization\experiment\final_self\opera_dataset\01000000\01005011_回荆州.pdf,01000000/01005011_回荆州.pdf,49bfac8f-ad5c-4639-829d-be1bd24f8504,6,【第八场】,97,dialogue,dialogue,刘备,pdf_01000000__01005011___ce48065512__char__d094123d43,白,白,白,拦；念白,刘备,四弟，那边有徐盛、丁奉，在前拦路。这便如何是好？,刘备 （白） 四弟，那边有徐盛、丁奉，在前拦路。这便如何是好？
pdf_01000000__01005011___ce48065512,回荆州,pdf_01000000__01005011___ce48065512__line__000099,pdf_01000000__01005011___ce48065512__scene__006,01005011_回荆州.pdf,D:\University_studies\Junior\data_visualization\experiment\final_self\opera_dataset\01000000\01005011_回荆州.pdf,01000000/01005011_回荆州.pdf,49bfac8f-ad5c-4639-829d-be1bd24f8504,6,【第八场】,99,dialogue,dialogue,赵云,pdf_01000000__01005011___ce48065512__char__539a8f3d2a,白,白,白,看；道；打；惊；念白,赵云,主公不必惊慌，临行之时，先生赐我三道锦囊。为臣看过二道，打开三道一看，便知明白。,赵云 （白） 主公不必惊慌，临行之时，先生赐我三道锦囊。为臣看过二道，打开三道一看，便知明白。
pdf_01000000__01005011___ce48065512,回荆州,pdf_01000000__01005011___ce48065512__line__000101,pdf_01000000__01005011___ce48065512__scene__006,01005011_回荆州.pdf,D:\University_studies\Junior\data_visualization\experiment\final_self\opera_dataset\01000000\01005011_回荆州.pdf,01000000/01005011_回荆州.pdf,49bfac8f-ad5c-4639-829d-be1bd24f8504,6,【第八场】,101,narration,narration,,,,说明,,上；看,为臣在马；递与我主看,为臣在马上，递与我主看。,为臣在马上，递与我主看。
pdf_01000000__01005011___ce48065512,回荆州,pdf_01000000__01005011___ce48065512__line__000103,pdf_01000000__01005011___ce48065512__scene__006,01005011_回荆州.pdf,D:\University_studies\Junior\data_visualization\experiment\final_self\opera_dataset\01000000\01005011_回荆州.pdf,01000000/01005011_回荆州.pdf,49bfac8f-ad5c-4639-829d-be1bd24f8504,6,【第八场】,103,stage_direction,stage_direction,,,赵云递锦囊，刘备看。,做,赵云递锦囊，刘备看。,看,刘备；赵云,,（赵云递锦囊，刘备看。）
pdf_01000000__01005011___ce48065512,回荆州,pdf_01000000__01005011___ce48065512__line__000105,pdf_01000000__01005011___ce48065512__scene__006,01005011_回荆州.pdf,D:\University_studies\Junior\data_visualization\experiment\final_self\opera_dataset\01000000\01005011_回荆州.pdf,01000000/01005011_回荆州.pdf,49bfac8f-ad5c-4639-829d-be1bd24f8504,6,【第八场】,105,dialogue,dialogue,刘备,pdf_01000000__01005011___ce48065512__char__d094123d43,念,念,念,上；退；走,刘备,“江南住一年，元旦转回还。若退吴兵计，皇姑走上前。”,刘备 （念） “江南住一年，元旦转回还。若退吴兵计，皇姑走上前。”
pdf_01000000__01005011___ce48065512,回荆州,pdf_01000000__01005011___ce48065512__line__000107,pdf_01000000__01005011___ce48065512__scene__006,01005011_回荆州.pdf,D:\University_studies\Junior\data_visualization\experiment\final_self\opera_dataset\01000000\01005011_回荆州.pdf,01000000/01005011_回荆州.pdf,49bfac8f-ad5c-4639-829d-be1bd24f8504,6,【第八场】,107,dialogue,dialogue,,,白,白,白,拦；念白,白）；哎呀；皇姑吓！丁奉；徐盛在前拦路；这便如何是好,哎呀，皇姑吓！丁奉、徐盛在前拦路，这便如何是好？,（白） 哎呀，皇姑吓！丁奉、徐盛在前拦路，这便如何是好？
pdf_01000000__01005011___ce48065512,回荆州,pdf_01000000__01005011___ce48065512__line__000109,pdf_01000000__01005011___ce48065512__scene__006,01005011_回荆州.pdf,D:\University_studies\Junior\data_visualization\experiment\final_self\opera_dataset\01000000\01005011_回荆州.pdf,01000000/01005011_回荆州.pdf,49bfac8f-ad5c-4639-829d-be1bd24f8504,6,【第八场】,109,dialogue,dialogue,孙尚香,pdf_01000000__01005011___ce48065512__char__a6db6ffa1c,白,白,白,退；去；惊；念白,孙尚香,贵人不必惊慌，我既随你前去，慢说退兵，就是刀山，我也敢闯。,孙尚香 （白） 贵人不必惊慌，我既随你前去，慢说退兵，就是刀山，我也敢闯。
pdf_01000000__01005011___ce48065512,回荆州,pdf_01000000__01005011___ce48065512__line__000111,pdf_01000000__01005011___ce48065512__scene__006,01005011_回荆州.pdf,D:\University_studies\Junior\data_visualization\experiment\final_self\opera_dataset\01000000\01005011_回荆州.pdf,01000000/01005011_回荆州.pdf,49bfac8f-ad5c-4639-829d-be1bd24f8504,6,【第八场】,111,narration,narration,,,,说明,,来；看,四弟保护车辆；看他来将是谁,四弟保护车辆，看他来将是谁！,四弟保护车辆，看他来将是谁！
pdf_01000000__01005011___ce48065512,回荆州,pdf_01000000__01005011___ce48065512__line__000113,pdf_01000000__01005011___ce48065512__scene__006,01005011_回荆州.pdf,D:\University_studies\Junior\data_visualization\experiment\final_self\opera_dataset\01000000\01005011_回荆州.pdf,01000000/01005011_回荆州.pdf,49bfac8f-ad5c-4639-829d-be1bd24f8504,6,【第八场】,113,narration,narration,,,,说明,,,丁奉,丁奉、,丁奉、
pdf_01000000__01005011___ce48065512,回荆州,pdf_01000000__01005011___ce48065512__line__000115,pdf_01000000__01005011___ce48065512__scene__006,01005011_回荆州.pdf,D:\University_studies\Junior\data_visualization\experiment\final_self\opera_dataset\01000000\01005011_回荆州.pdf,01000000/01005011_回荆州.pdf,49bfac8f-ad5c-4639-829d-be1bd24f8504,6,【第八场】,115,dialogue,dialogue,徐盛,pdf_01000000__01005011___ce48065512__char__3cc17a3dd0,同白,白,同白,看；念白,徐盛,看枪！,徐盛 （同白） 看枪！
pdf_01000000__01005011___ce48065512,回荆州,pdf_01000000__01005011___ce48065512__line__000117,pdf_01000000__01005011___ce48065512__scene__006,01005011_回荆州.pdf,D:\University_studies\Junior\data_visualization\experiment\final_self\opera_dataset\01000000\01005011_回荆州.pdf,01000000/01005011_回荆州.pdf,49bfac8f-ad5c-4639-829d-be1bd24f8504,6,【第八场】,117,dialogue,dialogue,孙尚香,pdf_01000000__01005011___ce48065512__char__a6db6ffa1c,白,白,白,念白,孙尚香,唗！,孙尚香 （白） 唗！
pdf_01000000__01005011___ce48065512,回荆州,pdf_01000000__01005011___ce48065512__line__000119,pdf_01000000__01005011___ce48065512__scene__006,01005011_回荆州.pdf,D:\University_studies\Junior\data_visualization\experiment\final_self\opera_dataset\01000000\01005011_回荆州.pdf,01000000/01005011_回荆州.pdf,49bfac8f-ad5c-4639-829d-be1bd24f8504,6,【第八场】,119,narration,narration,,,,说明,,,丁奉,丁奉、,丁奉、
pdf_01000000__01005011___ce48065512,回荆州,pdf_01000000__01005011___ce48065512__line__000121,pdf_01000000__01005011___ce48065512__scene__006,01005011_回荆州.pdf,D:\University_studies\Junior\data_visualization\experiment\final_self\opera_dataset\01000000\01005011_回荆州.pdf,01000000/01005011_回荆州.pdf,49bfac8f-ad5c-4639-829d-be1bd24f8504,6,【第八场】,121,dialogue,dialogue,徐盛,pdf_01000000__01005011___ce48065512__char__3cc17a3dd0,同白,白,同白,下；拜；念白,徐盛,皇姑在此，下马参拜。,徐盛 （同白） 皇姑在此，下马参拜。
pdf_01000000__01005011___ce48065512,回荆州,pdf_01000000__01005011___ce48065512__line__000123,pdf_01000000__01005011___ce48065512__scene__006,01005011_回荆州.pdf,D:\University_studies\Junior\data_visualization\experiment\final_self\opera_dataset\01000000\01005011_回荆州.pdf,01000000/01005011_回荆州.pdf,49bfac8f-ad5c-4639-829d-be1bd24f8504,6,【第八场】,123,narration,narration,,,,说明,,,参见皇姑,参见皇姑！,参见皇姑！
pdf_01000000__01005011___ce48065512,回荆州,pdf_01000000__01005011___ce48065512__line__000125,pdf_01000000__01005011___ce48065512__scene__006,01005011_回荆州.pdf,D:\University_studies\Junior\data_visualization\experiment\final_self\opera_dataset\01000000\01005011_回荆州.pdf,01000000/01005011_回荆州.pdf,49bfac8f-ad5c-4639-829d-be1bd24f8504,6,【第八场】,125,dialogue,dialogue,孙尚香,pdf_01000000__01005011___ce48065512__char__a6db6ffa1c,白,白,白,念白,孙尚香,免。,孙尚香 （白） 免。
pdf_01000000__01005011___ce48065512,回荆州,pdf_01000000__01005011___ce48065512__line__000127,pdf_01000000__01005011___ce48065512__scene__006,01005011_回荆州.pdf,D:\University_studies\Junior\data_visualization\experiment\final_self\opera_dataset\01000000\01005011_回荆州.pdf,01000000/01005011_回荆州.pdf,49bfac8f-ad5c-4639-829d-be1bd24f8504,6,【第八场】,127,narration,narration,,,,说明,,,刘备,刘备、,刘备、
pdf_01000000__01005011___ce48065512,回荆州,pdf_01000000__01005011___ce48065512__line__000129,pdf_01000000__01005011___ce48065512__scene__006,01005011_回荆州.pdf,D:\University_studies\Junior\data_visualization\experiment\final_self\opera_dataset\01000000\01005011_回荆州.pdf,01000000/01005011_回荆州.pdf,49bfac8f-ad5c-4639-829d-be1bd24f8504,6,【第八场】,129,dialogue,dialogue,赵云,pdf_01000000__01005011___ce48065512__char__539a8f3d2a,同白,白,同白,念白,赵云,免。,赵云 （同白） 免。
pdf_01000000__01005011___ce48065512,回荆州,pdf_01000000__01005011___ce48065512__line__000131,pdf_01000000__01005011___ce48065512__scene__006,01005011_回荆州.pdf,D:\University_studies\Junior\data_visualization\experiment\final_self\opera_dataset\01000000\01005011_回荆州.pdf,01000000/01005011_回荆州.pdf,49bfac8f-ad5c-4639-829d-be1bd24f8504,6,【第八场】,131,dialogue,dialogue,孙尚香,pdf_01000000__01005011___ce48065512__char__a6db6ffa1c,白,白,白,来；念白,孙尚香,"丁奉、徐盛,你二人赶来则甚?","孙尚香（白）丁奉、徐盛,你二人赶来则甚?"
pdf_01000000__01005011___ce48065512,回荆州,pdf_01000000__01005011___ce48065512__line__000131,pdf_01000000__01005011___ce48065512__scene__006,01005011_回荆州.pdf,D:\University_studies\Junior\data_visualization\experiment\final_self\opera_dataset\01000000\01005011_回荆州.pdf,01000000/01005011_回荆州.pdf,49bfac8f-ad5c-4639-829d-be1bd24f8504,6,【第八场】,131,dialogue,dialogue,徐盛,pdf_01000000__01005011___ce48065512__char__3cc17a3dd0,同白,白,同白,去；令；追；念白,徐盛,"奉了都督将令,追赶皇姑回去。","徐盛（同白）奉了都督将令,追赶皇姑回去。"
pdf_01000000__01005011___ce48065512,回荆州,pdf_01000000__01005011___ce48065512__line__000131,pdf_01000000__01005011___ce48065512__scene__006,01005011_回荆州.pdf,D:\University_studies\Junior\data_visualization\experiment\final_self\opera_dataset\01000000\01005011_回荆州.pdf,01000000/01005011_回荆州.pdf,49bfac8f-ad5c-4639-829d-be1bd24f8504,6,【第八场】,131,dialogue,dialogue,孙尚香,pdf_01000000__01005011___ce48065512__char__a6db6ffa1c,白,白,白,下；去；命；杀；念白,孙尚香；刘备,"呀呸!哪里是赶我回去,分明是你们截杀刘备。你把刘备当做什么人,他乃中山靖王之后,汉景帝阁下之玄孙,大汉天子之皇叔。这还罢了,况且又是奴的夫主。我也非随刘备私自而逃,我夫妻今领母命,江边祭祖。祭祖以毕,早早回去。","孙尚香（白）呀呸!哪里是赶我回去,分明是你们截杀刘备。你把刘备当做什么人,他乃中山靖王之后,汉景帝阁下之玄孙,大汉天子之皇叔。这还罢了,况且又是奴的夫主。我也非随刘备私自而逃,我夫妻今领母命,江边祭祖。祭祖以毕,早早回去。"
pdf_01000000__01005011___ce48065512,回荆州,pdf_01000000__01005011___ce48065512__line__000131,pdf_01000000__01005011___ce48065512__scene__006,01005011_回荆州.pdf,D:\University_studies\Junior\data_visualization\experiment\final_self\opera_dataset\01000000\01005011_回荆州.pdf,01000000/01005011_回荆州.pdf,49bfac8f-ad5c-4639-829d-be1bd24f8504,6,【第八场】,131,dialogue,dialogue,刘备,pdf_01000000__01005011___ce48065512__char__d094123d43,白,白,白,念白,刘备,着吓!,刘备（白）着吓!
pdf_01000000__01005011___ce48065512,回荆州,pdf_01000000__01005011___ce48065512__line__000131,pdf_01000000__01005011___ce48065512__scene__006,01005011_回荆州.pdf,D:\University_studies\Junior\data_visualization\experiment\final_self\opera_dataset\01000000\01005011_回荆州.pdf,01000000/01005011_回荆州.pdf,49bfac8f-ad5c-4639-829d-be1bd24f8504,6,【第八场】,131,dialogue,dialogue,孙尚香,pdf_01000000__01005011___ce48065512__char__a6db6ffa1c,白,白,白,下；来；念白,孙尚香；周瑜,"周瑜他是甚等之人。差你前来赶我,他不过是我兄王手下一员战将!两个大胆匹夫听者!","孙尚香（白）周瑜他是甚等之人。差你前来赶我,他不过是我兄王手下一员战将!两个大胆匹夫听者!"
pdf_01000000__01005011___ce48065512,回荆州,pdf_01000000__01005011___ce48065512__line__000131,pdf_01000000__01005011___ce48065512__scene__006,01005011_回荆州.pdf,D:\University_studies\Junior\data_visualization\experiment\final_self\opera_dataset\01000000\01005011_回荆州.pdf,01000000/01005011_回荆州.pdf,49bfac8f-ad5c-4639-829d-be1bd24f8504,6,【第八场】,131,lyric,lyric,赵云,pdf_01000000__01005011___ce48065512__char__539a8f3d2a,西皮快板,唱,西皮快板,上；唱段,赵云,"赵子龙在一旁威风抖擞,再多言管取尔项上人头!","赵云（西皮快板）赵子龙在一旁威风抖擞,再多言管取尔项上人头!"
pdf_01000000__01005011___ce48065512,回荆州,pdf_01000000__01005011___ce48065512__line__000131,pdf_01000000__01005011___ce48065512__scene__006,01005011_回荆州.pdf,D:\University_studies\Junior\data_visualization\experiment\final_self\opera_dataset\01000000\01005011_回荆州.pdf,01000000/01005011_回荆州.pdf,49bfac8f-ad5c-4639-829d-be1bd24f8504,6,【第八场】,131,lyric,lyric,丁奉,pdf_01000000__01005011___ce48065512__char__99a16e2653,西皮原板,唱,西皮原板,叫；唱段,丁奉,"忽听皇姑讲一遍,倒叫某家无话言。","丁奉（西皮原板）忽听皇姑讲一遍,倒叫某家无话言。"
pdf_01000000__01005011___ce48065512,回荆州,pdf_01000000__01005011___ce48065512__line__000131,pdf_01000000__01005011___ce48065512__scene__006,01005011_回荆州.pdf,D:\University_studies\Junior\data_visualization\experiment\final_self\opera_dataset\01000000\01005011_回荆州.pdf,01000000/01005011_回荆州.pdf,49bfac8f-ad5c-4639-829d-be1bd24f8504,6,【第八场】,131,dialogue,dialogue,徐盛,pdf_01000000__01005011___ce48065512__char__3cc17a3dd0,白,白,白,念白,徐盛,"话讲当面。皇姑,放你君臣回往荆州就是。","徐盛（白）话讲当面。皇姑,放你君臣回往荆州就是。"
pdf_01000000__01005011___ce48065512,回荆州,pdf_01000000__01005011___ce48065512__line__000131,pdf_01000000__01005011___ce48065512__scene__006,01005011_回荆州.pdf,D:\University_studies\Junior\data_visualization\experiment\final_self\opera_dataset\01000000\01005011_回荆州.pdf,01000000/01005011_回荆州.pdf,49bfac8f-ad5c-4639-829d-be1bd24f8504,6,【第八场】,131,dialogue,dialogue,孙尚香,pdf_01000000__01005011___ce48065512__char__a6db6ffa1c,白,白,白,念白,孙尚香,"哽,这还罢了。","孙尚香（白）哽,这还罢了。"
pdf_01000000__01005011___ce48065512,回荆州,pdf_01000000__01005011___ce48065512__line__000131,pdf_01000000__01005011___ce48065512__scene__006,01005011_回荆州.pdf,D:\University_studies\Junior\data_visualization\experiment\final_self\opera_dataset\01000000\01005011_回荆州.pdf,01000000/01005011_回荆州.pdf,49bfac8f-ad5c-4639-829d-be1bd24f8504,6,【第八场】,131,dialogue,dialogue,刘备,pdf_01000000__01005011___ce48065512__char__d094123d43,念,念,念,,刘备,孔明妙计真神人。,刘备（念）孔明妙计真神人。
pdf_01000000__01005011___ce48065512,回荆州,pdf_01000000__01005011___ce48065512__line__000131,pdf_01000000__01005011___ce48065512__scene__006,01005011_回荆州.pdf,D:\University_studies\Junior\data_visualization\experiment\final_self\opera_dataset\01000000\01005011_回荆州.pdf,01000000/01005011_回荆州.pdf,49bfac8f-ad5c-4639-829d-be1bd24f8504,6,【第八场】,131,dialogue,dialogue,徐盛,pdf_01000000__01005011___ce48065512__char__3cc17a3dd0,同念,对白,同念,杀,徐盛,"或杀或放全有罪,","徐盛（同念）或杀或放全有罪,"
pdf_01000000__01005011___ce48065512,回荆州,pdf_01000000__01005011___ce48065512__line__000131,pdf_01000000__01005011___ce48065512__scene__006,01005011_回荆州.pdf,D:\University_studies\Junior\data_visualization\experiment\final_self\opera_dataset\01000000\01005011_回荆州.pdf,01000000/01005011_回荆州.pdf,49bfac8f-ad5c-4639-829d-be1bd24f8504,6,【第八场】,131,dialogue,dialogue,赵云,pdf_01000000__01005011___ce48065512__char__539a8f3d2a,念,念,念,,赵云,盘河大战方称心!,赵云（念）盘河大战方称心!
pdf_01000000__01005011___ce48065512,回荆州,pdf_01000000__01005011___ce48065512__line__000131,pdf_01000000__01005011___ce48065512__scene__006,01005011_回荆州.pdf,D:\University_studies\Junior\data_visualization\experiment\final_self\opera_dataset\01000000\01005011_回荆州.pdf,01000000/01005011_回荆州.pdf,49bfac8f-ad5c-4639-829d-be1bd24f8504,6,【第八场】,131,dialogue,dialogue,徐盛,pdf_01000000__01005011___ce48065512__char__3cc17a3dd0,同白,白,同白,念白,徐盛,送赵将军。,徐盛（同白）送赵将军。
pdf_01000000__01005011___ce48065512,回荆州,pdf_01000000__01005011___ce48065512__line__000131,pdf_01000000__01005011___ce48065512__scene__006,01005011_回荆州.pdf,D:\University_studies\Junior\data_visualization\experiment\final_self\opera_dataset\01000000\01005011_回荆州.pdf,01000000/01005011_回荆州.pdf,49bfac8f-ad5c-4639-829d-be1bd24f8504,6,【第八场】,131,dialogue,dialogue,赵云,pdf_01000000__01005011___ce48065512__char__539a8f3d2a,白,白,白,上；来；念白,赵云,"丁奉徐盛听准:你赵老爷过江以来,数月盘恒不战,你们哪一个粗心胆大,与你赵老爷战上几十回合。权当抖抖精神,壮壮胆气!","赵云（白）丁奉徐盛听准:你赵老爷过江以来,数月盘恒不战,你们哪一个粗心胆大,与你赵老爷战上几十回合。权当抖抖精神,壮壮胆气!"
pdf_01000000__01005011___ce48065512,回荆州,pdf_01000000__01005011___ce48065512__line__000131,pdf_01000000__01005011___ce48065512__scene__006,01005011_回荆州.pdf,D:\University_studies\Junior\data_visualization\experiment\final_self\opera_dataset\01000000\01005011_回荆州.pdf,01000000/01005011_回荆州.pdf,49bfac8f-ad5c-4639-829d-be1bd24f8504,6,【第八场】,131,dialogue,dialogue,徐盛,pdf_01000000__01005011___ce48065512__char__3cc17a3dd0,同白,白,同白,念白,徐盛,"孙、刘和好,何必伤了和气?","徐盛（同白）孙、刘和好,何必伤了和气?"
pdf_01000000__01005011___ce48065512,回荆州,pdf_01000000__01005011___ce48065512__line__000131,pdf_01000000__01005011___ce48065512__scene__006,01005011_回荆州.pdf,D:\University_studies\Junior\data_visualization\experiment\final_self\opera_dataset\01000000\01005011_回荆州.pdf,01000000/01005011_回荆州.pdf,49bfac8f-ad5c-4639-829d-be1bd24f8504,6,【第八场】,131,dialogue,dialogue,赵云,pdf_01000000__01005011___ce48065512__char__539a8f3d2a,白,白,白,念白,赵云,大大的便宜尔等了!,赵云（白）大大的便宜尔等了!
pdf_01000000__01005011___ce48065512,回荆州,pdf_01000000__01005011___ce48065512__line__000131,pdf_01000000__01005011___ce48065512__scene__006,01005011_回荆州.pdf,D:\University_studies\Junior\data_visualization\experiment\final_self\opera_dataset\01000000\01005011_回荆州.pdf,01000000/01005011_回荆州.pdf,49bfac8f-ad5c-4639-829d-be1bd24f8504,6,【第八场】,131,dialogue,dialogue,徐盛,pdf_01000000__01005011___ce48065512__char__3cc17a3dd0,同白,白,同白,去；报；禀；道；念白,刘备；徐盛,"放刘备、皇姑过去,禀报都督知道。","徐盛（同白）放刘备、皇姑过去,禀报都督知道。"
pdf_01000000__01005011___ce48065512,回荆州,pdf_01000000__01005011___ce48065512__line__000135,pdf_01000000__01005011___ce48065512__scene__007,01005011_回荆州.pdf,D:\University_studies\Junior\data_visualization\experiment\final_self\opera_dataset\01000000\01005011_回荆州.pdf,01000000/01005011_回荆州.pdf,49bfac8f-ad5c-4639-829d-be1bd24f8504,7,【第九场】,135,stage_direction,stage_direction,,,潘璋、陈武、四龙套同上。,做,潘璋、陈武、四龙套同上。,上,四龙套；龙套,,（潘璋、陈武、四龙套同上。）
pdf_01000000__01005011___ce48065512,回荆州,pdf_01000000__01005011___ce48065512__line__000137,pdf_01000000__01005011___ce48065512__scene__007,01005011_回荆州.pdf,D:\University_studies\Junior\data_visualization\experiment\final_self\opera_dataset\01000000\01005011_回荆州.pdf,01000000/01005011_回荆州.pdf,49bfac8f-ad5c-4639-829d-be1bd24f8504,7,【第九场】,137,narration,narration,,,,说明,,,潘璋,潘璋、,潘璋、
pdf_01000000__01005011___ce48065512,回荆州,pdf_01000000__01005011___ce48065512__line__000139,pdf_01000000__01005011___ce48065512__scene__007,01005011_回荆州.pdf,D:\University_studies\Junior\data_visualization\experiment\final_self\opera_dataset\01000000\01005011_回荆州.pdf,01000000/01005011_回荆州.pdf,49bfac8f-ad5c-4639-829d-be1bd24f8504,7,【第九场】,139,dialogue,dialogue,陈武,pdf_01000000__01005011___ce48065512__char__12977c3274,同西皮快板,对白,同西皮快板,令,陈武,帐中奉了都督令，,陈武 （同西皮快板） 帐中奉了都督令，
pdf_01000000__01005011___ce48065512,回荆州,pdf_01000000__01005011___ce48065512__line__000141,pdf_01000000__01005011___ce48065512__scene__007,01005011_回荆州.pdf,D:\University_studies\Junior\data_visualization\experiment\final_self\opera_dataset\01000000\01005011_回荆州.pdf,01000000/01005011_回荆州.pdf,49bfac8f-ad5c-4639-829d-be1bd24f8504,7,【第九场】,141,narration,narration,,,,说明,,追,刘备,追赶刘备要小心。,追赶刘备要小心。
pdf_01000000__01005011___ce48065512,回荆州,pdf_01000000__01005011___ce48065512__line__000143,pdf_01000000__01005011___ce48065512__scene__007,01005011_回荆州.pdf,D:\University_studies\Junior\data_visualization\experiment\final_self\opera_dataset\01000000\01005011_回荆州.pdf,01000000/01005011_回荆州.pdf,49bfac8f-ad5c-4639-829d-be1bd24f8504,7,【第九场】,143,dialogue,dialogue,潘璋,pdf_01000000__01005011___ce48065512__char__98209296be,白,白,白,念白,潘璋,俺潘璋字文贵。,潘璋 （白） 俺潘璋字文贵。
pdf_01000000__01005011___ce48065512,回荆州,pdf_01000000__01005011___ce48065512__line__000145,pdf_01000000__01005011___ce48065512__scene__007,01005011_回荆州.pdf,D:\University_studies\Junior\data_visualization\experiment\final_self\opera_dataset\01000000\01005011_回荆州.pdf,01000000/01005011_回荆州.pdf,49bfac8f-ad5c-4639-829d-be1bd24f8504,7,【第九场】,145,dialogue,dialogue,陈武,pdf_01000000__01005011___ce48065512__char__12977c3274,白,白,白,念白,陈武,俺陈武字之烈。,陈武 （白） 俺陈武字之烈。
pdf_01000000__01005011___ce48065512,回荆州,pdf_01000000__01005011___ce48065512__line__000147,pdf_01000000__01005011___ce48065512__scene__007,01005011_回荆州.pdf,D:\University_studies\Junior\data_visualization\experiment\final_self\opera_dataset\01000000\01005011_回荆州.pdf,01000000/01005011_回荆州.pdf,49bfac8f-ad5c-4639-829d-be1bd24f8504,7,【第九场】,147,narration,narration,,,,说明,,,潘璋,潘璋、,潘璋、
pdf_01000000__01005011___ce48065512,回荆州,pdf_01000000__01005011___ce48065512__line__000149,pdf_01000000__01005011___ce48065512__scene__007,01005011_回荆州.pdf,D:\University_studies\Junior\data_visualization\experiment\final_self\opera_dataset\01000000\01005011_回荆州.pdf,01000000/01005011_回荆州.pdf,49bfac8f-ad5c-4639-829d-be1bd24f8504,7,【第九场】,149,dialogue,dialogue,陈武,pdf_01000000__01005011___ce48065512__char__12977c3274,同白,白,同白,请；念白,陈武,请了。,陈武 （同白） 请了。
pdf_01000000__01005011___ce48065512,回荆州,pdf_01000000__01005011___ce48065512__line__000151,pdf_01000000__01005011___ce48065512__scene__007,01005011_回荆州.pdf,D:\University_studies\Junior\data_visualization\experiment\final_self\opera_dataset\01000000\01005011_回荆州.pdf,01000000/01005011_回荆州.pdf,49bfac8f-ad5c-4639-829d-be1bd24f8504,7,【第九场】,151,dialogue,dialogue,潘璋,pdf_01000000__01005011___ce48065512__char__98209296be,白,白,白,传；令；追；念白,刘备；潘璋,奉了都督将令，追赶刘备。将军传令。,潘璋 （白） 奉了都督将令，追赶刘备。将军传令。
pdf_01000000__01005011___ce48065512,回荆州,pdf_01000000__01005011___ce48065512__line__000153,pdf_01000000__01005011___ce48065512__scene__007,01005011_回荆州.pdf,D:\University_studies\Junior\data_visualization\experiment\final_self\opera_dataset\01000000\01005011_回荆州.pdf,01000000/01005011_回荆州.pdf,49bfac8f-ad5c-4639-829d-be1bd24f8504,7,【第九场】,153,dialogue,dialogue,陈武,pdf_01000000__01005011___ce48065512__char__12977c3274,白,白,白,传；令；念白,陈武,将军传令。,陈武 （白） 将军传令。
pdf_01000000__01005011___ce48065512,回荆州,pdf_01000000__01005011___ce48065512__line__000155,pdf_01000000__01005011___ce48065512__scene__007,01005011_回荆州.pdf,D:\University_studies\Junior\data_visualization\experiment\final_self\opera_dataset\01000000\01005011_回荆州.pdf,01000000/01005011_回荆州.pdf,49bfac8f-ad5c-4639-829d-be1bd24f8504,7,【第九场】,155,dialogue,dialogue,潘璋,pdf_01000000__01005011___ce48065512__char__98209296be,白,白,白,念白,潘璋,不恭了。,潘璋 （白） 不恭了。
pdf_01000000__01005011___ce48065512,回荆州,pdf_01000000__01005011___ce48065512__line__000157,pdf_01000000__01005011___ce48065512__scene__007,01005011_回荆州.pdf,D:\University_studies\Junior\data_visualization\experiment\final_self\opera_dataset\01000000\01005011_回荆州.pdf,01000000/01005011_回荆州.pdf,49bfac8f-ad5c-4639-829d-be1bd24f8504,7,【第九场】,157,lyric,lyric,,,西皮原板,唱,西皮原板,下；传；令；唱段,西皮原板）；某家将令往；传,某家将令往下传，,（西皮原板） 某家将令往下传，
pdf_01000000__01005011___ce48065512,回荆州,pdf_01000000__01005011___ce48065512__line__000159,pdf_01000000__01005011___ce48065512__scene__007,01005011_回荆州.pdf,D:\University_studies\Junior\data_visualization\experiment\final_self\opera_dataset\01000000\01005011_回荆州.pdf,01000000/01005011_回荆州.pdf,49bfac8f-ad5c-4639-829d-be1bd24f8504,7,【第九场】,159,narration,narration,,,,说明,,,哪个大胆不听言,哪个大胆不听言！,哪个大胆不听言！
pdf_01000000__01005011___ce48065512,回荆州,pdf_01000000__01005011___ce48065512__line__000161,pdf_01000000__01005011___ce48065512__scene__007,01005011_回荆州.pdf,D:\University_studies\Junior\data_visualization\experiment\final_self\opera_dataset\01000000\01005011_回荆州.pdf,01000000/01005011_回荆州.pdf,49bfac8f-ad5c-4639-829d-be1bd24f8504,7,【第九场】,161,narration,narration,,,,说明,,,众将催马莫迟慢,众将催马莫迟慢，,众将催马莫迟慢，
pdf_01000000__01005011___ce48065512,回荆州,pdf_01000000__01005011___ce48065512__line__000163,pdf_01000000__01005011___ce48065512__scene__007,01005011_回荆州.pdf,D:\University_studies\Junior\data_visualization\experiment\final_self\opera_dataset\01000000\01005011_回荆州.pdf,01000000/01005011_回荆州.pdf,49bfac8f-ad5c-4639-829d-be1bd24f8504,7,【第九场】,163,narration,narration,,,,说明,,走；追,刘备,追赶刘备走一番。,追赶刘备走一番。
pdf_01000000__01005011___ce48065512,回荆州,pdf_01000000__01005011___ce48065512__line__000165,pdf_01000000__01005011___ce48065512__scene__007,01005011_回荆州.pdf,D:\University_studies\Junior\data_visualization\experiment\final_self\opera_dataset\01000000\01005011_回荆州.pdf,01000000/01005011_回荆州.pdf,49bfac8f-ad5c-4639-829d-be1bd24f8504,7,【第九场】,165,stage_direction,stage_direction,,,陈武、潘璋、四龙套同下。,做,陈武、潘璋、四龙套同下。,下,四龙套；龙套,,（陈武、潘璋、四龙套同下。）
pdf_01000000__01005011___ce48065512,回荆州,pdf_01000000__01005011___ce48065512__line__000169,pdf_01000000__01005011___ce48065512__scene__008,01005011_回荆州.pdf,D:\University_studies\Junior\data_visualization\experiment\final_self\opera_dataset\01000000\01005011_回荆州.pdf,01000000/01005011_回荆州.pdf,49bfac8f-ad5c-4639-829d-be1bd24f8504,8,【第十场】,169,dialogue,dialogue,刘备,pdf_01000000__01005011___ce48065512__char__d094123d43,白,白,白,念白,刘备,不、不好了!,刘备（白）不、不好了!
pdf_01000000__01005011___ce48065512,回荆州,pdf_01000000__01005011___ce48065512__line__000169,pdf_01000000__01005011___ce48065512__scene__008,01005011_回荆州.pdf,D:\University_studies\Junior\data_visualization\experiment\final_self\opera_dataset\01000000\01005011_回荆州.pdf,01000000/01005011_回荆州.pdf,49bfac8f-ad5c-4639-829d-be1bd24f8504,8,【第十场】,169,lyric,lyric,刘备,pdf_01000000__01005011___ce48065512__char__d094123d43,西皮原板,唱,西皮原板,唱段,刘备,眼巴巴我君臣逃出网罗。,刘备（西皮原板）眼巴巴我君臣逃出网罗。
pdf_01000000__01005011___ce48065512,回荆州,pdf_01000000__01005011___ce48065512__line__000169,pdf_01000000__01005011___ce48065512__scene__008,01005011_回荆州.pdf,D:\University_studies\Junior\data_visualization\experiment\final_self\opera_dataset\01000000\01005011_回荆州.pdf,01000000/01005011_回荆州.pdf,49bfac8f-ad5c-4639-829d-be1bd24f8504,8,【第十场】,169,dialogue,dialogue,孙尚香,pdf_01000000__01005011___ce48065512__char__a6db6ffa1c,白,白,白,来；看；惊；念白,孙尚香,"贵人不必惊慌,待我看来,来将是谁。","孙尚香（白）贵人不必惊慌,待我看来,来将是谁。"
pdf_01000000__01005011___ce48065512,回荆州,pdf_01000000__01005011___ce48065512__line__000169,pdf_01000000__01005011___ce48065512__scene__008,01005011_回荆州.pdf,D:\University_studies\Junior\data_visualization\experiment\final_self\opera_dataset\01000000\01005011_回荆州.pdf,01000000/01005011_回荆州.pdf,49bfac8f-ad5c-4639-829d-be1bd24f8504,8,【第十场】,169,dialogue,dialogue,刘备,pdf_01000000__01005011___ce48065512__char__d094123d43,念,念,念,退；去；打,刘备,"打马孤前行,夫人去退兵。","刘备（念）打马孤前行,夫人去退兵。"
pdf_01000000__01005011___ce48065512,回荆州,pdf_01000000__01005011___ce48065512__line__000169,pdf_01000000__01005011___ce48065512__scene__008,01005011_回荆州.pdf,D:\University_studies\Junior\data_visualization\experiment\final_self\opera_dataset\01000000\01005011_回荆州.pdf,01000000/01005011_回荆州.pdf,49bfac8f-ad5c-4639-829d-be1bd24f8504,8,【第十场】,169,dialogue,dialogue,潘璋,pdf_01000000__01005011___ce48065512__char__98209296be,念,念,念,,潘璋,"马头对马尾,","潘璋（念）马头对马尾,"
pdf_01000000__01005011___ce48065512,回荆州,pdf_01000000__01005011___ce48065512__line__000169,pdf_01000000__01005011___ce48065512__scene__008,01005011_回荆州.pdf,D:\University_studies\Junior\data_visualization\experiment\final_self\opera_dataset\01000000\01005011_回荆州.pdf,01000000/01005011_回荆州.pdf,49bfac8f-ad5c-4639-829d-be1bd24f8504,8,【第十场】,169,dialogue,dialogue,陈武,pdf_01000000__01005011___ce48065512__char__12977c3274,念,念,念,,陈武,马跑赛如云。,陈武（念）马跑赛如云。
pdf_01000000__01005011___ce48065512,回荆州,pdf_01000000__01005011___ce48065512__line__000169,pdf_01000000__01005011___ce48065512__scene__008,01005011_回荆州.pdf,D:\University_studies\Junior\data_visualization\experiment\final_self\opera_dataset\01000000\01005011_回荆州.pdf,01000000/01005011_回荆州.pdf,49bfac8f-ad5c-4639-829d-be1bd24f8504,8,【第十场】,169,dialogue,dialogue,潘璋、陈武,pdf_01000000__01005011___ce48065512__char__ca4528edc9,同白,白,同白,走；看；念白,潘璋、陈武；刘备,刘备哪里走!看刀!,潘璋、陈武（同白）刘备哪里走!看刀!
pdf_01000000__01005011___ce48065512,回荆州,pdf_01000000__01005011___ce48065512__line__000169,pdf_01000000__01005011___ce48065512__scene__008,01005011_回荆州.pdf,D:\University_studies\Junior\data_visualization\experiment\final_self\opera_dataset\01000000\01005011_回荆州.pdf,01000000/01005011_回荆州.pdf,49bfac8f-ad5c-4639-829d-be1bd24f8504,8,【第十场】,169,dialogue,dialogue,孙尚香,pdf_01000000__01005011___ce48065512__char__a6db6ffa1c,白,白,白,念白,孙尚香,哦!,孙尚香（白）哦!
pdf_01000000__01005011___ce48065512,回荆州,pdf_01000000__01005011___ce48065512__line__000169,pdf_01000000__01005011___ce48065512__scene__008,01005011_回荆州.pdf,D:\University_studies\Junior\data_visualization\experiment\final_self\opera_dataset\01000000\01005011_回荆州.pdf,01000000/01005011_回荆州.pdf,49bfac8f-ad5c-4639-829d-be1bd24f8504,8,【第十场】,169,dialogue,dialogue,潘璋、陈武,pdf_01000000__01005011___ce48065512__char__ca4528edc9,同白,白,同白,念白,潘璋、陈武,"皇姑在此,未将恭见。","潘璋、陈武（同白）皇姑在此,未将恭见。"
pdf_01000000__01005011___ce48065512,回荆州,pdf_01000000__01005011___ce48065512__line__000169,pdf_01000000__01005011___ce48065512__scene__008,01005011_回荆州.pdf,D:\University_studies\Junior\data_visualization\experiment\final_self\opera_dataset\01000000\01005011_回荆州.pdf,01000000/01005011_回荆州.pdf,49bfac8f-ad5c-4639-829d-be1bd24f8504,8,【第十场】,169,dialogue,dialogue,孙尚香,pdf_01000000__01005011___ce48065512__char__a6db6ffa1c,白,白,白,念白,孙尚香,"免。潘璋、陈武,到此为何?","孙尚香（白）免。潘璋、陈武,到此为何?"
pdf_01000000__01005011___ce48065512,回荆州,pdf_01000000__01005011___ce48065512__line__000169,pdf_01000000__01005011___ce48065512__scene__008,01005011_回荆州.pdf,D:\University_studies\Junior\data_visualization\experiment\final_self\opera_dataset\01000000\01005011_回荆州.pdf,01000000/01005011_回荆州.pdf,49bfac8f-ad5c-4639-829d-be1bd24f8504,8,【第十场】,169,dialogue,dialogue,潘璋、陈武,pdf_01000000__01005011___ce48065512__char__ca4528edc9,同白,白,同白,去；令；追；念白,潘璋、陈武,"奉了都督将令,追赶皇姑回去。","潘璋、陈武（同白）奉了都督将令,追赶皇姑回去。"
pdf_01000000__01005011___ce48065512,回荆州,pdf_01000000__01005011___ce48065512__line__000169,pdf_01000000__01005011___ce48065512__scene__008,01005011_回荆州.pdf,D:\University_studies\Junior\data_visualization\experiment\final_self\opera_dataset\01000000\01005011_回荆州.pdf,01000000/01005011_回荆州.pdf,49bfac8f-ad5c-4639-829d-be1bd24f8504,8,【第十场】,169,dialogue,dialogue,孙尚香,pdf_01000000__01005011___ce48065512__char__a6db6ffa1c,白,白,白,下；来；去；道；拿；追；哭；念白,孙尚香；周瑜,"哽。哪里是追赶我回去,分明你等在我兄王驾前,搬动是非,你们把周瑜当作什么人?他本是我兄王驾前一员战将,他就敢差你们前来赶我。拿把刀来,将我头割下,交与我兄,我兄交与我母,我母不过痛哭一场,以免我母牵肠挂肚,何劳你们赶来,真乃匹夫之辈!你且听道:","孙尚香（白）哽。哪里是追赶我回去,分明你等在我兄王驾前,搬动是非,你们把周瑜当作什么人?他本是我兄王驾前一员战将,他就敢差你们前来赶我。拿把刀来,将我头割下,交与我兄,我兄交与我母,我母不过痛哭一场,以免我母牵肠挂肚,何劳你们赶来,真乃匹夫之辈!你且听道:"
pdf_01000000__01005011___ce48065512,回荆州,pdf_01000000__01005011___ce48065512__line__000169,pdf_01000000__01005011___ce48065512__scene__008,01005011_回荆州.pdf,D:\University_studies\Junior\data_visualization\experiment\final_self\opera_dataset\01000000\01005011_回荆州.pdf,01000000/01005011_回荆州.pdf,49bfac8f-ad5c-4639-829d-be1bd24f8504,8,【第十场】,169,lyric,lyric,赵云,pdf_01000000__01005011___ce48065512__char__539a8f3d2a,西皮原板,唱,西皮原板,来；命；叫；唱段,赵云,"赵子龙怒气冲开言便骂,骂陈武和潘璋好没来由。再多言在中途要尔性命,管叫尔一个个命丧黄泉!","赵云（西皮原板）赵子龙怒气冲开言便骂,骂陈武和潘璋好没来由。再多言在中途要尔性命,管叫尔一个个命丧黄泉!"
pdf_01000000__01005011___ce48065512,回荆州,pdf_01000000__01005011___ce48065512__line__000169,pdf_01000000__01005011___ce48065512__scene__008,01005011_回荆州.pdf,D:\University_studies\Junior\data_visualization\experiment\final_self\opera_dataset\01000000\01005011_回荆州.pdf,01000000/01005011_回荆州.pdf,49bfac8f-ad5c-4639-829d-be1bd24f8504,8,【第十场】,169,dialogue,dialogue,潘璋、陈武,pdf_01000000__01005011___ce48065512__char__ca4528edc9,同西皮原板,对白,同西皮原板,叫,潘璋、陈武,"忽听皇姑说一遍,倒叫末将无话言。","潘璋、陈武（同西皮原板）忽听皇姑说一遍,倒叫末将无话言。"
pdf_01000000__01005011___ce48065512,回荆州,pdf_01000000__01005011___ce48065512__line__000169,pdf_01000000__01005011___ce48065512__scene__008,01005011_回荆州.pdf,D:\University_studies\Junior\data_visualization\experiment\final_self\opera_dataset\01000000\01005011_回荆州.pdf,01000000/01005011_回荆州.pdf,49bfac8f-ad5c-4639-829d-be1bd24f8504,8,【第十场】,169,dialogue,dialogue,潘璋,pdf_01000000__01005011___ce48065512__char__98209296be,白,白,白,念白,潘璋,"皇姑说的有理,不免放皇姑回至荆州如何?","潘璋（白）皇姑说的有理,不免放皇姑回至荆州如何?"
pdf_01000000__01005011___ce48065512,回荆州,pdf_01000000__01005011___ce48065512__line__000169,pdf_01000000__01005011___ce48065512__scene__008,01005011_回荆州.pdf,D:\University_studies\Junior\data_visualization\experiment\final_self\opera_dataset\01000000\01005011_回荆州.pdf,01000000/01005011_回荆州.pdf,49bfac8f-ad5c-4639-829d-be1bd24f8504,8,【第十场】,169,dialogue,dialogue,陈武,pdf_01000000__01005011___ce48065512__char__12977c3274,白,白,白,上；来；令；念白,陈武,"话言当面。皇姑,我们是奉令而来,概不由己。若不然,放皇姑回上荆州如何?","陈武（白）话言当面。皇姑,我们是奉令而来,概不由己。若不然,放皇姑回上荆州如何?"
pdf_01000000__01005011___ce48065512,回荆州,pdf_01000000__01005011___ce48065512__line__000169,pdf_01000000__01005011___ce48065512__scene__008,01005011_回荆州.pdf,D:\University_studies\Junior\data_visualization\experiment\final_self\opera_dataset\01000000\01005011_回荆州.pdf,01000000/01005011_回荆州.pdf,49bfac8f-ad5c-4639-829d-be1bd24f8504,8,【第十场】,169,dialogue,dialogue,孙尚香,pdf_01000000__01005011___ce48065512__char__a6db6ffa1c,白,白,白,念白,孙尚香,哽。这还罢了。,孙尚香（白）哽。这还罢了。
pdf_01000000__01005011___ce48065512,回荆州,pdf_01000000__01005011___ce48065512__line__000169,pdf_01000000__01005011___ce48065512__scene__008,01005011_回荆州.pdf,D:\University_studies\Junior\data_visualization\experiment\final_self\opera_dataset\01000000\01005011_回荆州.pdf,01000000/01005011_回荆州.pdf,49bfac8f-ad5c-4639-829d-be1bd24f8504,8,【第十场】,169,dialogue,dialogue,赵云,pdf_01000000__01005011___ce48065512__char__539a8f3d2a,念,念,念,,赵云,孙、刘何必结冤仇。,赵云（念）孙、刘何必结冤仇。
pdf_01000000__01005011___ce48065512,回荆州,pdf_01000000__01005011___ce48065512__line__000169,pdf_01000000__01005011___ce48065512__scene__008,01005011_回荆州.pdf,D:\University_studies\Junior\data_visualization\experiment\final_self\opera_dataset\01000000\01005011_回荆州.pdf,01000000/01005011_回荆州.pdf,49bfac8f-ad5c-4639-829d-be1bd24f8504,8,【第十场】,169,dialogue,dialogue,潘璋、陈武,pdf_01000000__01005011___ce48065512__char__ca4528edc9,同念,对白,同念,杀,潘璋、陈武,"或杀或放皆有罪,","潘璋、陈武（同念）或杀或放皆有罪,"
pdf_01000000__01005011___ce48065512,回荆州,pdf_01000000__01005011___ce48065512__line__000169,pdf_01000000__01005011___ce48065512__scene__008,01005011_回荆州.pdf,D:\University_studies\Junior\data_visualization\experiment\final_self\opera_dataset\01000000\01005011_回荆州.pdf,01000000/01005011_回荆州.pdf,49bfac8f-ad5c-4639-829d-be1bd24f8504,8,【第十场】,169,dialogue,dialogue,孙尚香,pdf_01000000__01005011___ce48065512__char__a6db6ffa1c,白,白,白,念白,孙尚香,"二将军,","孙尚香（白）二将军,"
pdf_01000000__01005011___ce48065512,回荆州,pdf_01000000__01005011___ce48065512__line__000169,pdf_01000000__01005011___ce48065512__scene__008,01005011_回荆州.pdf,D:\University_studies\Junior\data_visualization\experiment\final_self\opera_dataset\01000000\01005011_回荆州.pdf,01000000/01005011_回荆州.pdf,49bfac8f-ad5c-4639-829d-be1bd24f8504,8,【第十场】,169,dialogue,dialogue,潘璋、陈武,pdf_01000000__01005011___ce48065512__char__ca4528edc9,同白,白,同白,念白,潘璋、陈武,皇姑。,潘璋、陈武（同白）皇姑。
pdf_01000000__01005011___ce48065512,回荆州,pdf_01000000__01005011___ce48065512__line__000169,pdf_01000000__01005011___ce48065512__scene__008,01005011_回荆州.pdf,D:\University_studies\Junior\data_visualization\experiment\final_self\opera_dataset\01000000\01005011_回荆州.pdf,01000000/01005011_回荆州.pdf,49bfac8f-ad5c-4639-829d-be1bd24f8504,8,【第十场】,169,dialogue,dialogue,孙尚香,pdf_01000000__01005011___ce48065512__char__a6db6ffa1c,念,念,念,来,孙尚香,得罢休来且罢休。,孙尚香（念）得罢休来且罢休。
pdf_01000000__01005011___ce48065512,回荆州,pdf_01000000__01005011___ce48065512__line__000171,pdf_01000000__01005011___ce48065512__scene__008,01005011_回荆州.pdf,D:\University_studies\Junior\data_visualization\experiment\final_self\opera_dataset\01000000\01005011_回荆州.pdf,01000000/01005011_回荆州.pdf,49bfac8f-ad5c-4639-829d-be1bd24f8504,8,【第十场】,171,narration,narration,,,,说明,,,潘璋,潘璋、,潘璋、
pdf_01000000__01005011___ce48065512,回荆州,pdf_01000000__01005011___ce48065512__line__000173,pdf_01000000__01005011___ce48065512__scene__008,01005011_回荆州.pdf,D:\University_studies\Junior\data_visualization\experiment\final_self\opera_dataset\01000000\01005011_回荆州.pdf,01000000/01005011_回荆州.pdf,49bfac8f-ad5c-4639-829d-be1bd24f8504,8,【第十场】,173,dialogue,dialogue,陈武,pdf_01000000__01005011___ce48065512__char__12977c3274,同白,白,同白,念白,陈武,送皇姑。,陈武 （同白） 送皇姑。
pdf_01000000__01005011___ce48065512,回荆州,pdf_01000000__01005011___ce48065512__line__000175,pdf_01000000__01005011___ce48065512__scene__008,01005011_回荆州.pdf,D:\University_studies\Junior\data_visualization\experiment\final_self\opera_dataset\01000000\01005011_回荆州.pdf,01000000/01005011_回荆州.pdf,49bfac8f-ad5c-4639-829d-be1bd24f8504,8,【第十场】,175,dialogue,dialogue,孙尚香,pdf_01000000__01005011___ce48065512__char__a6db6ffa1c,白,白,白,念白,孙尚香,免。,孙尚香 （白） 免。
pdf_01000000__01005011___ce48065512,回荆州,pdf_01000000__01005011___ce48065512__line__000177,pdf_01000000__01005011___ce48065512__scene__008,01005011_回荆州.pdf,D:\University_studies\Junior\data_visualization\experiment\final_self\opera_dataset\01000000\01005011_回荆州.pdf,01000000/01005011_回荆州.pdf,49bfac8f-ad5c-4639-829d-be1bd24f8504,8,【第十场】,177,stage_direction,stage_direction,,,孙尚香、赵云同下。,做,孙尚香、赵云同下。,下,孙尚香；赵云,,（孙尚香、赵云同下。）
pdf_01000000__01005011___ce48065512,回荆州,pdf_01000000__01005011___ce48065512__line__000179,pdf_01000000__01005011___ce48065512__scene__008,01005011_回荆州.pdf,D:\University_studies\Junior\data_visualization\experiment\final_self\opera_dataset\01000000\01005011_回荆州.pdf,01000000/01005011_回荆州.pdf,49bfac8f-ad5c-4639-829d-be1bd24f8504,8,【第十场】,179,narration,narration,,,,说明,,,潘璋,潘璋、,潘璋、
pdf_01000000__01005011___ce48065512,回荆州,pdf_01000000__01005011___ce48065512__line__000181,pdf_01000000__01005011___ce48065512__scene__008,01005011_回荆州.pdf,D:\University_studies\Junior\data_visualization\experiment\final_self\opera_dataset\01000000\01005011_回荆州.pdf,01000000/01005011_回荆州.pdf,49bfac8f-ad5c-4639-829d-be1bd24f8504,8,【第十场】,181,dialogue,dialogue,陈武,pdf_01000000__01005011___ce48065512__char__12977c3274,同白,白,同白,禀；念白,刘备；陈武,放了刘备、皇姑，回禀都督得知。,陈武 （同白） 放了刘备、皇姑，回禀都督得知。
pdf_01000000__01005011___ce48065512,回荆州,pdf_01000000__01005011___ce48065512__line__000183,pdf_01000000__01005011___ce48065512__scene__008,01005011_回荆州.pdf,D:\University_studies\Junior\data_visualization\experiment\final_self\opera_dataset\01000000\01005011_回荆州.pdf,01000000/01005011_回荆州.pdf,49bfac8f-ad5c-4639-829d-be1bd24f8504,8,【第十场】,183,stage_direction,stage_direction,,,潘璋、陈武同下。,做,潘璋、陈武同下。,下,潘璋；陈武,,（潘璋、陈武同下。）
pdf_01000000__01005011___ce48065512,回荆州,pdf_01000000__01005011___ce48065512__line__000187,pdf_01000000__01005011___ce48065512__scene__009,01005011_回荆州.pdf,D:\University_studies\Junior\data_visualization\experiment\final_self\opera_dataset\01000000\01005011_回荆州.pdf,01000000/01005011_回荆州.pdf,49bfac8f-ad5c-4639-829d-be1bd24f8504,9,【第十一场】,187,stage_direction,stage_direction,,,四龙套同上，蒋钦、马忠、周泰、甘宁同上。,做,四龙套同上，蒋钦、马忠、周泰、甘宁同上。,上,四龙套；龙套,,（四龙套同上，蒋钦、马忠、周泰、甘宁同上。）
pdf_01000000__01005011___ce48065512,回荆州,pdf_01000000__01005011___ce48065512__line__000189,pdf_01000000__01005011___ce48065512__scene__009,01005011_回荆州.pdf,D:\University_studies\Junior\data_visualization\experiment\final_self\opera_dataset\01000000\01005011_回荆州.pdf,01000000/01005011_回荆州.pdf,49bfac8f-ad5c-4639-829d-be1bd24f8504,9,【第十一场】,189,narration,narration,,,,说明,,,蒋钦,蒋钦、,蒋钦、
pdf_01000000__01005011___ce48065512,回荆州,pdf_01000000__01005011___ce48065512__line__000191,pdf_01000000__01005011___ce48065512__scene__009,01005011_回荆州.pdf,D:\University_studies\Junior\data_visualization\experiment\final_self\opera_dataset\01000000\01005011_回荆州.pdf,01000000/01005011_回荆州.pdf,49bfac8f-ad5c-4639-829d-be1bd24f8504,9,【第十一场】,191,narration,narration,,,,说明,,,马忠,马忠、,马忠、
pdf_01000000__01005011___ce48065512,回荆州,pdf_01000000__01005011___ce48065512__line__000193,pdf_01000000__01005011___ce48065512__scene__009,01005011_回荆州.pdf,D:\University_studies\Junior\data_visualization\experiment\final_self\opera_dataset\01000000\01005011_回荆州.pdf,01000000/01005011_回荆州.pdf,49bfac8f-ad5c-4639-829d-be1bd24f8504,9,【第十一场】,193,narration,narration,,,,说明,,,周泰,周泰、,周泰、
pdf_01000000__01005011___ce48065512,回荆州,pdf_01000000__01005011___ce48065512__line__000195,pdf_01000000__01005011___ce48065512__scene__009,01005011_回荆州.pdf,D:\University_studies\Junior\data_visualization\experiment\final_self\opera_dataset\01000000\01005011_回荆州.pdf,01000000/01005011_回荆州.pdf,49bfac8f-ad5c-4639-829d-be1bd24f8504,9,【第十一场】,195,dialogue,dialogue,甘宁,pdf_01000000__01005011___ce48065512__char__40576cab11,同念,对白,同念,上；去,刘备；甘宁,奉旨赶刘备，马跑快如飞。此去要赶上，赶上定招回。,甘宁 （同念） 奉旨赶刘备，马跑快如飞。此去要赶上，赶上定招回。
pdf_01000000__01005011___ce48065512,回荆州,pdf_01000000__01005011___ce48065512__line__000197,pdf_01000000__01005011___ce48065512__scene__009,01005011_回荆州.pdf,D:\University_studies\Junior\data_visualization\experiment\final_self\opera_dataset\01000000\01005011_回荆州.pdf,01000000/01005011_回荆州.pdf,49bfac8f-ad5c-4639-829d-be1bd24f8504,9,【第十一场】,197,dialogue,dialogue,蒋钦,pdf_01000000__01005011___ce48065512__char__2b9dcd6a5f,白,白,白,念白,蒋钦,蒋钦。,蒋钦 （白） 蒋钦。
pdf_01000000__01005011___ce48065512,回荆州,pdf_01000000__01005011___ce48065512__line__000199,pdf_01000000__01005011___ce48065512__scene__009,01005011_回荆州.pdf,D:\University_studies\Junior\data_visualization\experiment\final_self\opera_dataset\01000000\01005011_回荆州.pdf,01000000/01005011_回荆州.pdf,49bfac8f-ad5c-4639-829d-be1bd24f8504,9,【第十一场】,199,dialogue,dialogue,马忠,pdf_01000000__01005011___ce48065512__char__40f261969e,白,白,白,念白,马忠,马忠。,马忠 （白） 马忠。
pdf_01000000__01005011___ce48065512,回荆州,pdf_01000000__01005011___ce48065512__line__000201,pdf_01000000__01005011___ce48065512__scene__009,01005011_回荆州.pdf,D:\University_studies\Junior\data_visualization\experiment\final_self\opera_dataset\01000000\01005011_回荆州.pdf,01000000/01005011_回荆州.pdf,49bfac8f-ad5c-4639-829d-be1bd24f8504,9,【第十一场】,201,dialogue,dialogue,周泰,pdf_01000000__01005011___ce48065512__char__2f818c772a,白,白,白,念白,周泰,周泰。,周泰 （白） 周泰。
pdf_01000000__01005011___ce48065512,回荆州,pdf_01000000__01005011___ce48065512__line__000203,pdf_01000000__01005011___ce48065512__scene__009,01005011_回荆州.pdf,D:\University_studies\Junior\data_visualization\experiment\final_self\opera_dataset\01000000\01005011_回荆州.pdf,01000000/01005011_回荆州.pdf,49bfac8f-ad5c-4639-829d-be1bd24f8504,9,【第十一场】,203,dialogue,dialogue,甘宁,pdf_01000000__01005011___ce48065512__char__40576cab11,白,白,白,念白,甘宁,甘宁。,甘宁 （白） 甘宁。
pdf_01000000__01005011___ce48065512,回荆州,pdf_01000000__01005011___ce48065512__line__000205,pdf_01000000__01005011___ce48065512__scene__009,01005011_回荆州.pdf,D:\University_studies\Junior\data_visualization\experiment\final_self\opera_dataset\01000000\01005011_回荆州.pdf,01000000/01005011_回荆州.pdf,49bfac8f-ad5c-4639-829d-be1bd24f8504,9,【第十一场】,205,narration,narration,,,,说明,,,马忠,马忠、,马忠、
pdf_01000000__01005011___ce48065512,回荆州,pdf_01000000__01005011___ce48065512__line__000207,pdf_01000000__01005011___ce48065512__scene__009,01005011_回荆州.pdf,D:\University_studies\Junior\data_visualization\experiment\final_self\opera_dataset\01000000\01005011_回荆州.pdf,01000000/01005011_回荆州.pdf,49bfac8f-ad5c-4639-829d-be1bd24f8504,9,【第十一场】,207,narration,narration,,,,说明,,,周泰,周泰、,周泰、
pdf_01000000__01005011___ce48065512,回荆州,pdf_01000000__01005011___ce48065512__line__000209,pdf_01000000__01005011___ce48065512__scene__009,01005011_回荆州.pdf,D:\University_studies\Junior\data_visualization\experiment\final_self\opera_dataset\01000000\01005011_回荆州.pdf,01000000/01005011_回荆州.pdf,49bfac8f-ad5c-4639-829d-be1bd24f8504,9,【第十一场】,209,dialogue,dialogue,甘宁,pdf_01000000__01005011___ce48065512__char__40576cab11,同白,白,同白,请；念白,甘宁,请了。,甘宁 （同白） 请了。
pdf_01000000__01005011___ce48065512,回荆州,pdf_01000000__01005011___ce48065512__line__000211,pdf_01000000__01005011___ce48065512__scene__009,01005011_回荆州.pdf,D:\University_studies\Junior\data_visualization\experiment\final_self\opera_dataset\01000000\01005011_回荆州.pdf,01000000/01005011_回荆州.pdf,49bfac8f-ad5c-4639-829d-be1bd24f8504,9,【第十一场】,211,dialogue,dialogue,蒋钦,pdf_01000000__01005011___ce48065512__char__2b9dcd6a5f,白,白,白,传；令；追；念白,刘备；蒋钦,奉了吴侯旨意，追赶刘备，哪位将军传令？,蒋钦 （白） 奉了吴侯旨意，追赶刘备，哪位将军传令？
pdf_01000000__01005011___ce48065512,回荆州,pdf_01000000__01005011___ce48065512__line__000213,pdf_01000000__01005011___ce48065512__scene__009,01005011_回荆州.pdf,D:\University_studies\Junior\data_visualization\experiment\final_self\opera_dataset\01000000\01005011_回荆州.pdf,01000000/01005011_回荆州.pdf,49bfac8f-ad5c-4639-829d-be1bd24f8504,9,【第十一场】,213,narration,narration,,,,说明,,,马忠,马忠、,马忠、
pdf_01000000__01005011___ce48065512,回荆州,pdf_01000000__01005011___ce48065512__line__000215,pdf_01000000__01005011___ce48065512__scene__009,01005011_回荆州.pdf,D:\University_studies\Junior\data_visualization\experiment\final_self\opera_dataset\01000000\01005011_回荆州.pdf,01000000/01005011_回荆州.pdf,49bfac8f-ad5c-4639-829d-be1bd24f8504,9,【第十一场】,215,narration,narration,,,,说明,,,周泰,周泰、,周泰、
pdf_01000000__01005011___ce48065512,回荆州,pdf_01000000__01005011___ce48065512__line__000217,pdf_01000000__01005011___ce48065512__scene__009,01005011_回荆州.pdf,D:\University_studies\Junior\data_visualization\experiment\final_self\opera_dataset\01000000\01005011_回荆州.pdf,01000000/01005011_回荆州.pdf,49bfac8f-ad5c-4639-829d-be1bd24f8504,9,【第十一场】,217,dialogue,dialogue,甘宁,pdf_01000000__01005011___ce48065512__char__40576cab11,同白,白,同白,传；令；念白,甘宁,还是将军传令。,甘宁 （同白） 还是将军传令。
pdf_01000000__01005011___ce48065512,回荆州,pdf_01000000__01005011___ce48065512__line__000219,pdf_01000000__01005011___ce48065512__scene__009,01005011_回荆州.pdf,D:\University_studies\Junior\data_visualization\experiment\final_self\opera_dataset\01000000\01005011_回荆州.pdf,01000000/01005011_回荆州.pdf,49bfac8f-ad5c-4639-829d-be1bd24f8504,9,【第十一场】,219,dialogue,dialogue,蒋钦,pdf_01000000__01005011___ce48065512__char__2b9dcd6a5f,白,白,白,念白,蒋钦,不公了。,蒋钦 （白） 不公了。
pdf_01000000__01005011___ce48065512,回荆州,pdf_01000000__01005011___ce48065512__line__000221,pdf_01000000__01005011___ce48065512__scene__009,01005011_回荆州.pdf,D:\University_studies\Junior\data_visualization\experiment\final_self\opera_dataset\01000000\01005011_回荆州.pdf,01000000/01005011_回荆州.pdf,49bfac8f-ad5c-4639-829d-be1bd24f8504,9,【第十一场】,221,lyric,lyric,,,西皮原板,唱,西皮原板,唱段,西皮原板）；众将催马往前赶,众将催马往前赶，,（西皮原板） 众将催马往前赶，
pdf_01000000__01005011___ce48065512,回荆州,pdf_01000000__01005011___ce48065512__line__000223,pdf_01000000__01005011___ce48065512__scene__009,01005011_回荆州.pdf,D:\University_studies\Junior\data_visualization\experiment\final_self\opera_dataset\01000000\01005011_回荆州.pdf,01000000/01005011_回荆州.pdf,49bfac8f-ad5c-4639-829d-be1bd24f8504,9,【第十一场】,223,narration,narration,,,,说明,,,见了四将说一番,见了四将说一番。,见了四将说一番。
pdf_01000000__01005011___ce48065512,回荆州,pdf_01000000__01005011___ce48065512__line__000225,pdf_01000000__01005011___ce48065512__scene__009,01005011_回荆州.pdf,D:\University_studies\Junior\data_visualization\experiment\final_self\opera_dataset\01000000\01005011_回荆州.pdf,01000000/01005011_回荆州.pdf,49bfac8f-ad5c-4639-829d-be1bd24f8504,9,【第十一场】,225,stage_direction,stage_direction,,,陈武、潘璋、丁奉、徐盛同上。,做,陈武、潘璋、丁奉、徐盛同上。,上,陈武；潘璋；丁奉；徐盛,,（陈武、潘璋、丁奉、徐盛同上。）
pdf_01000000__01005011___ce48065512,回荆州,pdf_01000000__01005011___ce48065512__line__000227,pdf_01000000__01005011___ce48065512__scene__009,01005011_回荆州.pdf,D:\University_studies\Junior\data_visualization\experiment\final_self\opera_dataset\01000000\01005011_回荆州.pdf,01000000/01005011_回荆州.pdf,49bfac8f-ad5c-4639-829d-be1bd24f8504,9,【第十一场】,227,dialogue,dialogue,蒋钦,pdf_01000000__01005011___ce48065512__char__2b9dcd6a5f,白,白,白,来；念白,蒋钦,众位将军回来了。,蒋钦 （白） 众位将军回来了。
pdf_01000000__01005011___ce48065512,回荆州,pdf_01000000__01005011___ce48065512__line__000229,pdf_01000000__01005011___ce48065512__scene__009,01005011_回荆州.pdf,D:\University_studies\Junior\data_visualization\experiment\final_self\opera_dataset\01000000\01005011_回荆州.pdf,01000000/01005011_回荆州.pdf,49bfac8f-ad5c-4639-829d-be1bd24f8504,9,【第十一场】,229,narration,narration,,,,说明,,,陈武,陈武、,陈武、
pdf_01000000__01005011___ce48065512,回荆州,pdf_01000000__01005011___ce48065512__line__000231,pdf_01000000__01005011___ce48065512__scene__009,01005011_回荆州.pdf,D:\University_studies\Junior\data_visualization\experiment\final_self\opera_dataset\01000000\01005011_回荆州.pdf,01000000/01005011_回荆州.pdf,49bfac8f-ad5c-4639-829d-be1bd24f8504,9,【第十一场】,231,narration,narration,,,,说明,,,潘璋,潘璋、,潘璋、
pdf_01000000__01005011___ce48065512,回荆州,pdf_01000000__01005011___ce48065512__line__000233,pdf_01000000__01005011___ce48065512__scene__009,01005011_回荆州.pdf,D:\University_studies\Junior\data_visualization\experiment\final_self\opera_dataset\01000000\01005011_回荆州.pdf,01000000/01005011_回荆州.pdf,49bfac8f-ad5c-4639-829d-be1bd24f8504,9,【第十一场】,233,dialogue,dialogue,徐盛,pdf_01000000__01005011___ce48065512__char__3cc17a3dd0,同白,白,同白,来；念白,徐盛,回来了。,徐盛 （同白） 回来了。
pdf_01000000__01005011___ce48065512,回荆州,pdf_01000000__01005011___ce48065512__line__000235,pdf_01000000__01005011___ce48065512__scene__009,01005011_回荆州.pdf,D:\University_studies\Junior\data_visualization\experiment\final_self\opera_dataset\01000000\01005011_回荆州.pdf,01000000/01005011_回荆州.pdf,49bfac8f-ad5c-4639-829d-be1bd24f8504,9,【第十一场】,235,dialogue,dialogue,蒋钦,pdf_01000000__01005011___ce48065512__char__2b9dcd6a5f,白,白,白,追；念白,刘备；蒋钦,追赶刘备、皇姑，怎么样了？,蒋钦 （白） 追赶刘备、皇姑，怎么样了？
pdf_01000000__01005011___ce48065512,回荆州,pdf_01000000__01005011___ce48065512__line__000237,pdf_01000000__01005011___ce48065512__scene__009,01005011_回荆州.pdf,D:\University_studies\Junior\data_visualization\experiment\final_self\opera_dataset\01000000\01005011_回荆州.pdf,01000000/01005011_回荆州.pdf,49bfac8f-ad5c-4639-829d-be1bd24f8504,9,【第十一场】,237,narration,narration,,,,说明,,,陈武,陈武、,陈武、
pdf_01000000__01005011___ce48065512,回荆州,pdf_01000000__01005011___ce48065512__line__000239,pdf_01000000__01005011___ce48065512__scene__009,01005011_回荆州.pdf,D:\University_studies\Junior\data_visualization\experiment\final_self\opera_dataset\01000000\01005011_回荆州.pdf,01000000/01005011_回荆州.pdf,49bfac8f-ad5c-4639-829d-be1bd24f8504,9,【第十一场】,239,narration,narration,,,,说明,,,潘璋,潘璋、,潘璋、
pdf_01000000__01005011___ce48065512,回荆州,pdf_01000000__01005011___ce48065512__line__000241,pdf_01000000__01005011___ce48065512__scene__009,01005011_回荆州.pdf,D:\University_studies\Junior\data_visualization\experiment\final_self\opera_dataset\01000000\01005011_回荆州.pdf,01000000/01005011_回荆州.pdf,49bfac8f-ad5c-4639-829d-be1bd24f8504,9,【第十一场】,241,narration,narration,,,,说明,,,丁奉,丁奉、,丁奉、
pdf_01000000__01005011___ce48065512,回荆州,pdf_01000000__01005011___ce48065512__line__000243,pdf_01000000__01005011___ce48065512__scene__009,01005011_回荆州.pdf,D:\University_studies\Junior\data_visualization\experiment\final_self\opera_dataset\01000000\01005011_回荆州.pdf,01000000/01005011_回荆州.pdf,49bfac8f-ad5c-4639-829d-be1bd24f8504,9,【第十一场】,243,dialogue,dialogue,徐盛,pdf_01000000__01005011___ce48065512__char__3cc17a3dd0,同白,白,同白,念白,刘备；徐盛,刘备、皇姑，俱已放了。,徐盛 （同白） 刘备、皇姑，俱已放了。
pdf_01000000__01005011___ce48065512,回荆州,pdf_01000000__01005011___ce48065512__line__000245,pdf_01000000__01005011___ce48065512__scene__009,01005011_回荆州.pdf,D:\University_studies\Junior\data_visualization\experiment\final_self\opera_dataset\01000000\01005011_回荆州.pdf,01000000/01005011_回荆州.pdf,49bfac8f-ad5c-4639-829d-be1bd24f8504,9,【第十一场】,245,dialogue,dialogue,蒋钦,pdf_01000000__01005011___ce48065512__char__2b9dcd6a5f,白,白,白,念白,蒋钦,果中张昭之言。,蒋钦 （白） 果中张昭之言。
pdf_01000000__01005011___ce48065512,回荆州,pdf_01000000__01005011___ce48065512__line__000247,pdf_01000000__01005011___ce48065512__scene__009,01005011_回荆州.pdf,D:\University_studies\Junior\data_visualization\experiment\final_self\opera_dataset\01000000\01005011_回荆州.pdf,01000000/01005011_回荆州.pdf,49bfac8f-ad5c-4639-829d-be1bd24f8504,9,【第十一场】,247,narration,narration,,,,说明,,,陈武,陈武、,陈武、
pdf_01000000__01005011___ce48065512,回荆州,pdf_01000000__01005011___ce48065512__line__000249,pdf_01000000__01005011___ce48065512__scene__009,01005011_回荆州.pdf,D:\University_studies\Junior\data_visualization\experiment\final_self\opera_dataset\01000000\01005011_回荆州.pdf,01000000/01005011_回荆州.pdf,49bfac8f-ad5c-4639-829d-be1bd24f8504,9,【第十一场】,249,narration,narration,,,,说明,,,潘璋,潘璋、,潘璋、
pdf_01000000__01005011___ce48065512,回荆州,pdf_01000000__01005011___ce48065512__line__000251,pdf_01000000__01005011___ce48065512__scene__009,01005011_回荆州.pdf,D:\University_studies\Junior\data_visualization\experiment\final_self\opera_dataset\01000000\01005011_回荆州.pdf,01000000/01005011_回荆州.pdf,49bfac8f-ad5c-4639-829d-be1bd24f8504,9,【第十一场】,251,narration,narration,,,,说明,,,丁奉,丁奉、,丁奉、
pdf_01000000__01005011___ce48065512,回荆州,pdf_01000000__01005011___ce48065512__line__000253,pdf_01000000__01005011___ce48065512__scene__009,01005011_回荆州.pdf,D:\University_studies\Junior\data_visualization\experiment\final_self\opera_dataset\01000000\01005011_回荆州.pdf,01000000/01005011_回荆州.pdf,49bfac8f-ad5c-4639-829d-be1bd24f8504,9,【第十一场】,253,dialogue,dialogue,徐盛,pdf_01000000__01005011___ce48065512__char__3cc17a3dd0,同白,白,同白,念白,徐盛,中他何言？,徐盛 （同白） 中他何言？
pdf_01000000__01005011___ce48065512,回荆州,pdf_01000000__01005011___ce48065512__line__000255,pdf_01000000__01005011___ce48065512__scene__009,01005011_回荆州.pdf,D:\University_studies\Junior\data_visualization\experiment\final_self\opera_dataset\01000000\01005011_回荆州.pdf,01000000/01005011_回荆州.pdf,49bfac8f-ad5c-4639-829d-be1bd24f8504,9,【第十一场】,255,dialogue,dialogue,蒋钦,pdf_01000000__01005011___ce48065512__char__2b9dcd6a5f,白,白,白,上；去；命；道；杀；念白,蒋钦,张昭言道：皇姑必不肯回。吴侯大怒，赐与我尚方宝剑，命我赶上前去，先杀,蒋钦 （白） 张昭言道：皇姑必不肯回。吴侯大怒，赐与我尚方宝剑，命我赶上前去，先杀
pdf_01000000__01005011___ce48065512,回荆州,pdf_01000000__01005011___ce48065512__line__000257,pdf_01000000__01005011___ce48065512__scene__009,01005011_回荆州.pdf,D:\University_studies\Junior\data_visualization\experiment\final_self\opera_dataset\01000000\01005011_回荆州.pdf,01000000/01005011_回荆州.pdf,49bfac8f-ad5c-4639-829d-be1bd24f8504,9,【第十一场】,257,narration,narration,,,,说明,,传；令,刘备；赵云,郡主、刘备，后却活捉赵云。宝剑在此，哪位将军传令？,郡主、刘备，后却活捉赵云。宝剑在此，哪位将军传令？
pdf_01000000__01005011___ce48065512,回荆州,pdf_01000000__01005011___ce48065512__line__000259,pdf_01000000__01005011___ce48065512__scene__009,01005011_回荆州.pdf,D:\University_studies\Junior\data_visualization\experiment\final_self\opera_dataset\01000000\01005011_回荆州.pdf,01000000/01005011_回荆州.pdf,49bfac8f-ad5c-4639-829d-be1bd24f8504,9,【第十一场】,259,narration,narration,,,,说明,,,陈武,陈武、,陈武、
pdf_01000000__01005011___ce48065512,回荆州,pdf_01000000__01005011___ce48065512__line__000261,pdf_01000000__01005011___ce48065512__scene__009,01005011_回荆州.pdf,D:\University_studies\Junior\data_visualization\experiment\final_self\opera_dataset\01000000\01005011_回荆州.pdf,01000000/01005011_回荆州.pdf,49bfac8f-ad5c-4639-829d-be1bd24f8504,9,【第十一场】,261,narration,narration,,,,说明,,,潘璋,潘璋、,潘璋、
pdf_01000000__01005011___ce48065512,回荆州,pdf_01000000__01005011___ce48065512__line__000263,pdf_01000000__01005011___ce48065512__scene__009,01005011_回荆州.pdf,D:\University_studies\Junior\data_visualization\experiment\final_self\opera_dataset\01000000\01005011_回荆州.pdf,01000000/01005011_回荆州.pdf,49bfac8f-ad5c-4639-829d-be1bd24f8504,9,【第十一场】,263,narration,narration,,,,说明,,,丁奉,丁奉、,丁奉、
pdf_01000000__01005011___ce48065512,回荆州,pdf_01000000__01005011___ce48065512__line__000265,pdf_01000000__01005011___ce48065512__scene__009,01005011_回荆州.pdf,D:\University_studies\Junior\data_visualization\experiment\final_self\opera_dataset\01000000\01005011_回荆州.pdf,01000000/01005011_回荆州.pdf,49bfac8f-ad5c-4639-829d-be1bd24f8504,9,【第十一场】,265,dialogue,dialogue,徐盛,pdf_01000000__01005011___ce48065512__char__3cc17a3dd0,同白,白,同白,传；令；念白,徐盛,还是将军传令。,徐盛 （同白） 还是将军传令。
pdf_01000000__01005011___ce48065512,回荆州,pdf_01000000__01005011___ce48065512__line__000267,pdf_01000000__01005011___ce48065512__scene__009,01005011_回荆州.pdf,D:\University_studies\Junior\data_visualization\experiment\final_self\opera_dataset\01000000\01005011_回荆州.pdf,01000000/01005011_回荆州.pdf,49bfac8f-ad5c-4639-829d-be1bd24f8504,9,【第十一场】,267,dialogue,dialogue,蒋钦,pdf_01000000__01005011___ce48065512__char__2b9dcd6a5f,白,白,白,念白,蒋钦,不公了。正是：,蒋钦 （白） 不公了。正是：
pdf_01000000__01005011___ce48065512,回荆州,pdf_01000000__01005011___ce48065512__line__000269,pdf_01000000__01005011___ce48065512__scene__009,01005011_回荆州.pdf,D:\University_studies\Junior\data_visualization\experiment\final_self\opera_dataset\01000000\01005011_回荆州.pdf,01000000/01005011_回荆州.pdf,49bfac8f-ad5c-4639-829d-be1bd24f8504,9,【第十一场】,269,dialogue,dialogue,马忠、周泰、甘宁、陈武、潘璋、丁奉、徐盛,pdf_01000000__01005011___ce48065512__char__4941fd3875,同念,对白,同念,上；去；令,马忠、周泰、甘宁、陈武、潘璋、丁奉、徐盛,"军令谁不遵!此去要赶上,","马忠、周泰、甘宁、陈武、潘璋、丁奉、徐盛（同念）军令谁不遵!此去要赶上,"
pdf_01000000__01005011___ce48065512,回荆州,pdf_01000000__01005011___ce48065512__line__000269,pdf_01000000__01005011___ce48065512__scene__009,01005011_回荆州.pdf,D:\University_studies\Junior\data_visualization\experiment\final_self\opera_dataset\01000000\01005011_回荆州.pdf,01000000/01005011_回荆州.pdf,49bfac8f-ad5c-4639-829d-be1bd24f8504,9,【第十一场】,269,dialogue,dialogue,马忠、周泰、甘宁、陈武、潘璋、丁奉、徐盛,pdf_01000000__01005011___ce48065512__char__4941fd3875,同念,对白,同念,下,马忠、周泰、甘宁、陈武、潘璋、丁奉、徐盛；众人,活捉在马前!(众人同下。),马忠、周泰、甘宁、陈武、潘璋、丁奉、徐盛（同念）活捉在马前!(众人同下。)
pdf_01000000__01005011___ce48065512,回荆州,pdf_01000000__01005011___ce48065512__line__000273,pdf_01000000__01005011___ce48065512__scene__010,01005011_回荆州.pdf,D:\University_studies\Junior\data_visualization\experiment\final_self\opera_dataset\01000000\01005011_回荆州.pdf,01000000/01005011_回荆州.pdf,49bfac8f-ad5c-4639-829d-be1bd24f8504,10,【第十二场】,273,dialogue,dialogue,周瑜,pdf_01000000__01005011___ce48065512__char__16b311e0b6,念,念,念,下；笑,周瑜,"千层罗网飞云雾,手中失落夜明珠。难免天下人耻笑,羞煞江南大丈夫。","周瑜（念）千层罗网飞云雾,手中失落夜明珠。难免天下人耻笑,羞煞江南大丈夫。"
pdf_01000000__01005011___ce48065512,回荆州,pdf_01000000__01005011___ce48065512__line__000275,pdf_01000000__01005011___ce48065512__scene__010,01005011_回荆州.pdf,D:\University_studies\Junior\data_visualization\experiment\final_self\opera_dataset\01000000\01005011_回荆州.pdf,01000000/01005011_回荆州.pdf,49bfac8f-ad5c-4639-829d-be1bd24f8504,10,【第十二场】,275,stage_direction,stage_direction,,,周瑜、四龙套同下。,做,周瑜、四龙套同下。,下,四龙套；周瑜；龙套,,（周瑜、四龙套同下。）
pdf_01000000__01005011___ce48065512,回荆州,pdf_01000000__01005011___ce48065512__line__000281,pdf_01000000__01005011___ce48065512__scene__011,01005011_回荆州.pdf,D:\University_studies\Junior\data_visualization\experiment\final_self\opera_dataset\01000000\01005011_回荆州.pdf,01000000/01005011_回荆州.pdf,49bfac8f-ad5c-4639-829d-be1bd24f8504,11,【第十三场】,281,dialogue,dialogue,蒋钦、马忠、周泰、甘宁、陈武、潘璋、丁奉、徐盛,pdf_01000000__01005011___ce48065512__char__cad032eab9,同白,白,同白,看；念白,蒋钦、马忠、周泰、甘宁、陈武、潘璋、丁奉、徐盛,看刀!,蒋钦、马忠、周泰、甘宁、陈武、潘璋、丁奉、徐盛（同白）看刀!
pdf_01000000__01005011___ce48065512,回荆州,pdf_01000000__01005011___ce48065512__line__000281,pdf_01000000__01005011___ce48065512__scene__011,01005011_回荆州.pdf,D:\University_studies\Junior\data_visualization\experiment\final_self\opera_dataset\01000000\01005011_回荆州.pdf,01000000/01005011_回荆州.pdf,49bfac8f-ad5c-4639-829d-be1bd24f8504,11,【第十三场】,281,dialogue,dialogue,诸葛亮,pdf_01000000__01005011___ce48065512__char__3630d553f6,白,白,白,上；来；去；道；拜；念白,诸葛亮,"我道是谁,原来是东吴八员大将,却原是陈武、潘璋、蒋钦、周泰、马忠、甘宁、丁奉、徐盛。我主过江招亲,多多有劳八员大将奉送一程。回去拜上你家都督,从今以后,休用脂粉之计,山人这里多。","诸葛亮（白）我道是谁,原来是东吴八员大将,却原是陈武、潘璋、蒋钦、周泰、马忠、甘宁、丁奉、徐盛。我主过江招亲,多多有劳八员大将奉送一程。回去拜上你家都督,从今以后,休用脂粉之计,山人这里多。"
pdf_01000000__01005011___ce48065512,回荆州,pdf_01000000__01005011___ce48065512__line__000281,pdf_01000000__01005011___ce48065512__scene__011,01005011_回荆州.pdf,D:\University_studies\Junior\data_visualization\experiment\final_self\opera_dataset\01000000\01005011_回荆州.pdf,01000000/01005011_回荆州.pdf,49bfac8f-ad5c-4639-829d-be1bd24f8504,11,【第十三场】,281,dialogue,dialogue,蒋钦、马忠、周泰、甘宁、陈武、潘璋、丁奉、徐盛,pdf_01000000__01005011___ce48065512__char__cad032eab9,同白,白,同白,来；念白,蒋钦、马忠、周泰、甘宁、陈武、潘璋、丁奉、徐盛,"来,一齐放箭!","蒋钦、马忠、周泰、甘宁、陈武、潘璋、丁奉、徐盛（同白）来,一齐放箭!"
pdf_01000000__01005011___ce48065512,回荆州,pdf_01000000__01005011___ce48065512__line__000281,pdf_01000000__01005011___ce48065512__scene__011,01005011_回荆州.pdf,D:\University_studies\Junior\data_visualization\experiment\final_self\opera_dataset\01000000\01005011_回荆州.pdf,01000000/01005011_回荆州.pdf,49bfac8f-ad5c-4639-829d-be1bd24f8504,11,【第十三场】,281,dialogue,dialogue,蒋钦、马忠、周泰、甘宁、陈武、潘璋、丁奉、徐盛,pdf_01000000__01005011___ce48065512__char__cad032eab9,同白,白,同白,上；报；禀；念白,蒋钦、马忠、周泰、甘宁、陈武、潘璋、丁奉、徐盛；刘备,"刘备回上荆州,禀报都督得知。正是:","蒋钦、马忠、周泰、甘宁、陈武、潘璋、丁奉、徐盛（同白）刘备回上荆州,禀报都督得知。正是:"
pdf_01000000__01005011___ce48065512,回荆州,pdf_01000000__01005011___ce48065512__line__000285,pdf_01000000__01005011___ce48065512__scene__012,01005011_回荆州.pdf,D:\University_studies\Junior\data_visualization\experiment\final_self\opera_dataset\01000000\01005011_回荆州.pdf,01000000/01005011_回荆州.pdf,49bfac8f-ad5c-4639-829d-be1bd24f8504,12,【第十四场】,285,dialogue,dialogue,诸葛亮,pdf_01000000__01005011___ce48065512__char__3630d553f6,白,白,白,惊；念白,诸葛亮,主公受惊了。,诸葛亮（白）主公受惊了。
pdf_01000000__01005011___ce48065512,回荆州,pdf_01000000__01005011___ce48065512__line__000285,pdf_01000000__01005011___ce48065512__scene__012,01005011_回荆州.pdf,D:\University_studies\Junior\data_visualization\experiment\final_self\opera_dataset\01000000\01005011_回荆州.pdf,01000000/01005011_回荆州.pdf,49bfac8f-ad5c-4639-829d-be1bd24f8504,12,【第十四场】,285,dialogue,dialogue,刘备,pdf_01000000__01005011___ce48065512__char__d094123d43,白,白,白,上；念白,刘备,"从今以后,休上这脂粉之计。","刘备（白）从今以后,休上这脂粉之计。"
pdf_01000000__01005011___ce48065512,回荆州,pdf_01000000__01005011___ce48065512__line__000285,pdf_01000000__01005011___ce48065512__scene__012,01005011_回荆州.pdf,D:\University_studies\Junior\data_visualization\experiment\final_self\opera_dataset\01000000\01005011_回荆州.pdf,01000000/01005011_回荆州.pdf,49bfac8f-ad5c-4639-829d-be1bd24f8504,12,【第十四场】,285,dialogue,dialogue,孙尚香,pdf_01000000__01005011___ce48065512__char__a6db6ffa1c,念,念,念,,孙尚香,"可恨周郎太无良,","孙尚香（念）可恨周郎太无良,"
pdf_01000000__01005011___ce48065512,回荆州,pdf_01000000__01005011___ce48065512__line__000285,pdf_01000000__01005011___ce48065512__scene__012,01005011_回荆州.pdf,D:\University_studies\Junior\data_visualization\experiment\final_self\opera_dataset\01000000\01005011_回荆州.pdf,01000000/01005011_回荆州.pdf,49bfac8f-ad5c-4639-829d-be1bd24f8504,12,【第十四场】,285,dialogue,dialogue,诸葛亮,pdf_01000000__01005011___ce48065512__char__3630d553f6,念,念,念,,诸葛亮,不该诓主过长江。,诸葛亮（念）不该诓主过长江。
pdf_01000000__01005011___ce48065512,回荆州,pdf_01000000__01005011___ce48065512__line__000285,pdf_01000000__01005011___ce48065512__scene__012,01005011_回荆州.pdf,D:\University_studies\Junior\data_visualization\experiment\final_self\opera_dataset\01000000\01005011_回荆州.pdf,01000000/01005011_回荆州.pdf,49bfac8f-ad5c-4639-829d-be1bd24f8504,12,【第十四场】,285,dialogue,dialogue,刘备,pdf_01000000__01005011___ce48065512__char__d094123d43,念,念,念,,刘备,"正要引鱼入罗网,","刘备（念）正要引鱼入罗网,"
pdf_01000000__01005011___ce48065512,回荆州,pdf_01000000__01005011___ce48065512__line__000285,pdf_01000000__01005011___ce48065512__scene__012,01005011_回荆州.pdf,D:\University_studies\Junior\data_visualization\experiment\final_self\opera_dataset\01000000\01005011_回荆州.pdf,01000000/01005011_回荆州.pdf,49bfac8f-ad5c-4639-829d-be1bd24f8504,12,【第十四场】,285,dialogue,dialogue,赵云,pdf_01000000__01005011___ce48065512__char__539a8f3d2a,念,念,念,杀,赵云,杀儿如同虎伴羊。,赵云（念）杀儿如同虎伴羊。
pdf_01000000__01005011___ce48065512,回荆州,pdf_01000000__01005011___ce48065512__line__000287,pdf_01000000__01005011___ce48065512__scene__012,01005011_回荆州.pdf,D:\University_studies\Junior\data_visualization\experiment\final_self\opera_dataset\01000000\01005011_回荆州.pdf,01000000/01005011_回荆州.pdf,49bfac8f-ad5c-4639-829d-be1bd24f8504,12,【第十四场】,287,stage_direction,stage_direction,,,刘备、孙尚香、赵云、诸葛亮同下。,做,刘备、孙尚香、赵云、诸葛亮同下。,下,诸葛亮；孙尚香；刘备；赵云,,（刘备、孙尚香、赵云、诸葛亮同下。）
pdf_01000000__01005011___ce48065512,回荆州,pdf_01000000__01005011___ce48065512__line__000293,pdf_01000000__01005011___ce48065512__scene__013,01005011_回荆州.pdf,D:\University_studies\Junior\data_visualization\experiment\final_self\opera_dataset\01000000\01005011_回荆州.pdf,01000000/01005011_回荆州.pdf,49bfac8f-ad5c-4639-829d-be1bd24f8504,13,【第十五场】,293,dialogue,dialogue,周泰、甘宁,pdf_01000000__01005011___ce48065512__char__fa09d5455d,同白,白,同白,念白,周泰、甘宁,参见都督。,周泰、甘宁（同白）参见都督。
pdf_01000000__01005011___ce48065512,回荆州,pdf_01000000__01005011___ce48065512__line__000293,pdf_01000000__01005011___ce48065512__scene__013,01005011_回荆州.pdf,D:\University_studies\Junior\data_visualization\experiment\final_self\opera_dataset\01000000\01005011_回荆州.pdf,01000000/01005011_回荆州.pdf,49bfac8f-ad5c-4639-829d-be1bd24f8504,13,【第十五场】,293,dialogue,dialogue,周瑜,pdf_01000000__01005011___ce48065512__char__16b311e0b6,白,白,白,来；念白,周瑜,众位将军回来了。,周瑜（白）众位将军回来了。
pdf_01000000__01005011___ce48065512,回荆州,pdf_01000000__01005011___ce48065512__line__000293,pdf_01000000__01005011___ce48065512__scene__013,01005011_回荆州.pdf,D:\University_studies\Junior\data_visualization\experiment\final_self\opera_dataset\01000000\01005011_回荆州.pdf,01000000/01005011_回荆州.pdf,49bfac8f-ad5c-4639-829d-be1bd24f8504,13,【第十五场】,293,dialogue,dialogue,陈武、潘璋、丁奉、徐盛、蒋钦、马忠、周泰、甘宁,pdf_01000000__01005011___ce48065512__char__a5d289b572,同白,白,同白,来；念白,陈武、潘璋、丁奉、徐盛、蒋钦、马忠、周泰、甘宁,"回来了,回来了。","陈武、潘璋、丁奉、徐盛、蒋钦、马忠、周泰、甘宁（同白）回来了,回来了。"
pdf_01000000__01005011___ce48065512,回荆州,pdf_01000000__01005011___ce48065512__line__000293,pdf_01000000__01005011___ce48065512__scene__013,01005011_回荆州.pdf,D:\University_studies\Junior\data_visualization\experiment\final_self\opera_dataset\01000000\01005011_回荆州.pdf,01000000/01005011_回荆州.pdf,49bfac8f-ad5c-4639-829d-be1bd24f8504,13,【第十五场】,293,dialogue,dialogue,周瑜,pdf_01000000__01005011___ce48065512__char__16b311e0b6,白,白,白,追；念白,周瑜；刘备,"追赶刘备,怎么样了?","周瑜（白）追赶刘备,怎么样了?"
pdf_01000000__01005011___ce48065512,回荆州,pdf_01000000__01005011___ce48065512__line__000293,pdf_01000000__01005011___ce48065512__scene__013,01005011_回荆州.pdf,D:\University_studies\Junior\data_visualization\experiment\final_self\opera_dataset\01000000\01005011_回荆州.pdf,01000000/01005011_回荆州.pdf,49bfac8f-ad5c-4639-829d-be1bd24f8504,13,【第十五场】,293,dialogue,dialogue,陈武、潘璋、丁奉、徐盛、蒋钦、马忠、周泰、甘宁,pdf_01000000__01005011___ce48065512__char__a5d289b572,同白,白,同白,念白,陈武、潘璋、丁奉、徐盛、蒋钦、马忠、周泰、甘宁；刘备,刘备已回荆州。,陈武、潘璋、丁奉、徐盛、蒋钦、马忠、周泰、甘宁（同白）刘备已回荆州。
pdf_01000000__01005011___ce48065512,回荆州,pdf_01000000__01005011___ce48065512__line__000293,pdf_01000000__01005011___ce48065512__scene__013,01005011_回荆州.pdf,D:\University_studies\Junior\data_visualization\experiment\final_self\opera_dataset\01000000\01005011_回荆州.pdf,01000000/01005011_回荆州.pdf,49bfac8f-ad5c-4639-829d-be1bd24f8504,13,【第十五场】,293,dialogue,dialogue,周瑜,pdf_01000000__01005011___ce48065512__char__16b311e0b6,白,白,白,上；念白,周瑜,"哇!念在用兵之际,不然定取你等首级。正是:翻身上雕鞍,心中似油煎。","周瑜（白）哇!念在用兵之际,不然定取你等首级。正是:翻身上雕鞍,心中似油煎。"
pdf_01000000__01005011___ce48065512,回荆州,pdf_01000000__01005011___ce48065512__line__000293,pdf_01000000__01005011___ce48065512__scene__013,01005011_回荆州.pdf,D:\University_studies\Junior\data_visualization\experiment\final_self\opera_dataset\01000000\01005011_回荆州.pdf,01000000/01005011_回荆州.pdf,49bfac8f-ad5c-4639-829d-be1bd24f8504,13,【第十五场】,293,dialogue,dialogue,陈武、潘璋、丁奉、徐盛、蒋钦、马忠、周泰、甘宁,pdf_01000000__01005011___ce48065512__char__a5d289b572,同念,对白,同念,上；去,陈武、潘璋、丁奉、徐盛、蒋钦、马忠、周泰、甘宁,"此去要赶上,活擒在马前。","陈武、潘璋、丁奉、徐盛、蒋钦、马忠、周泰、甘宁（同念）此去要赶上,活擒在马前。"
pdf_01000000__01005011___ce48065512,回荆州,pdf_01000000__01005011___ce48065512__line__000295,pdf_01000000__01005011___ce48065512__scene__013,01005011_回荆州.pdf,D:\University_studies\Junior\data_visualization\experiment\final_self\opera_dataset\01000000\01005011_回荆州.pdf,01000000/01005011_回荆州.pdf,49bfac8f-ad5c-4639-829d-be1bd24f8504,13,【第十五场】,295,stage_direction,stage_direction,,,周瑜、陈武、潘璋、丁奉、徐盛、蒋钦、马忠、周泰、甘宁同下。,做,周瑜、陈武、潘璋、丁奉、徐盛、蒋钦、马忠、周泰、甘宁同下。,下,周瑜,,（周瑜、陈武、潘璋、丁奉、徐盛、蒋钦、马忠、周泰、甘宁同下。）
pdf_01000000__01005011___ce48065512,回荆州,pdf_01000000__01005011___ce48065512__line__000299,pdf_01000000__01005011___ce48065512__scene__014,01005011_回荆州.pdf,D:\University_studies\Junior\data_visualization\experiment\final_self\opera_dataset\01000000\01005011_回荆州.pdf,01000000/01005011_回荆州.pdf,49bfac8f-ad5c-4639-829d-be1bd24f8504,14,【第十六场】,299,stage_direction,stage_direction,,,张飞上，起霸。,做,张飞上，起霸。,上,张飞,,（张飞上，起霸。）
pdf_01000000__01005011___ce48065512,回荆州,pdf_01000000__01005011___ce48065512__line__000301,pdf_01000000__01005011___ce48065512__scene__014,01005011_回荆州.pdf,D:\University_studies\Junior\data_visualization\experiment\final_self\opera_dataset\01000000\01005011_回荆州.pdf,01000000/01005011_回荆州.pdf,49bfac8f-ad5c-4639-829d-be1bd24f8504,14,【第十六场】,301,dialogue,dialogue,张飞,pdf_01000000__01005011___ce48065512__char__d2c4b240f0,白,白,白,念白,张飞,带马。,张飞 （白） 带马。
pdf_01000000__01005011___ce48065512,回荆州,pdf_01000000__01005011___ce48065512__line__000303,pdf_01000000__01005011___ce48065512__scene__014,01005011_回荆州.pdf,D:\University_studies\Junior\data_visualization\experiment\final_self\opera_dataset\01000000\01005011_回荆州.pdf,01000000/01005011_回荆州.pdf,49bfac8f-ad5c-4639-829d-be1bd24f8504,14,【第十六场】,303,stage_direction,stage_direction,,,周瑜上。,做,周瑜上。,上,周瑜,,（周瑜上。）
pdf_01000000__01005011___ce48065512,回荆州,pdf_01000000__01005011___ce48065512__line__000305,pdf_01000000__01005011___ce48065512__scene__014,01005011_回荆州.pdf,D:\University_studies\Junior\data_visualization\experiment\final_self\opera_dataset\01000000\01005011_回荆州.pdf,01000000/01005011_回荆州.pdf,49bfac8f-ad5c-4639-829d-be1bd24f8504,14,【第十六场】,305,dialogue,dialogue,张飞,pdf_01000000__01005011___ce48065512__char__d2c4b240f0,白,白,白,念白,周瑜；张飞,周瑜，我的儿吓！,张飞 （白） 周瑜，我的儿吓！
pdf_01000000__01005011___ce48065512,回荆州,pdf_01000000__01005011___ce48065512__line__000307,pdf_01000000__01005011___ce48065512__scene__014,01005011_回荆州.pdf,D:\University_studies\Junior\data_visualization\experiment\final_self\opera_dataset\01000000\01005011_回荆州.pdf,01000000/01005011_回荆州.pdf,49bfac8f-ad5c-4639-829d-be1bd24f8504,14,【第十六场】,307,dialogue,dialogue,周瑜,pdf_01000000__01005011___ce48065512__char__16b311e0b6,白,白,白,令；念白,周瑜；张飞,张飞，不遵军令，私自出马！,周瑜 （白） 张飞，不遵军令，私自出马！
pdf_01000000__01005011___ce48065512,回荆州,pdf_01000000__01005011___ce48065512__line__000309,pdf_01000000__01005011___ce48065512__scene__014,01005011_回荆州.pdf,D:\University_studies\Junior\data_visualization\experiment\final_self\opera_dataset\01000000\01005011_回荆州.pdf,01000000/01005011_回荆州.pdf,49bfac8f-ad5c-4639-829d-be1bd24f8504,14,【第十六场】,309,dialogue,dialogue,张飞,pdf_01000000__01005011___ce48065512__char__d2c4b240f0,白,白,白,来；道；念白,张飞,非三老子私自出马，听三老子道来！,张飞 （白） 非三老子私自出马，听三老子道来！
pdf_01000000__01005011___ce48065512,回荆州,pdf_01000000__01005011___ce48065512__line__000311,pdf_01000000__01005011___ce48065512__scene__014,01005011_回荆州.pdf,D:\University_studies\Junior\data_visualization\experiment\final_self\opera_dataset\01000000\01005011_回荆州.pdf,01000000/01005011_回荆州.pdf,49bfac8f-ad5c-4639-829d-be1bd24f8504,14,【第十六场】,311,stage_direction,stage_direction,,,张飞、周瑜同开打。,做,张飞、周瑜同开打。,打,周瑜；张飞,,（张飞、周瑜同开打。）
pdf_01000000__01005011___ce48065512,回荆州,pdf_01000000__01005011___ce48065512__line__000313,pdf_01000000__01005011___ce48065512__scene__014,01005011_回荆州.pdf,D:\University_studies\Junior\data_visualization\experiment\final_self\opera_dataset\01000000\01005011_回荆州.pdf,01000000/01005011_回荆州.pdf,49bfac8f-ad5c-4639-829d-be1bd24f8504,14,【第十六场】,313,dialogue,dialogue,周瑜,pdf_01000000__01005011___ce48065512__char__16b311e0b6,白,白,白,下；来；打；杀；念白,周瑜；张飞,张飞，打下马来，为何不杀？,周瑜 （白） 张飞，打下马来，为何不杀？
pdf_01000000__01005011___ce48065512,回荆州,pdf_01000000__01005011___ce48065512__line__000315,pdf_01000000__01005011___ce48065512__scene__014,01005011_回荆州.pdf,D:\University_studies\Junior\data_visualization\experiment\final_self\opera_dataset\01000000\01005011_回荆州.pdf,01000000/01005011_回荆州.pdf,49bfac8f-ad5c-4639-829d-be1bd24f8504,14,【第十六场】,315,dialogue,dialogue,张飞,pdf_01000000__01005011___ce48065512__char__d2c4b240f0,白,白,白,来；道；杀；念白,张飞,非是不杀于你，听三老子道来！,张飞 （白） 非是不杀于你，听三老子道来！
pdf_01000000__01005011___ce48065512,回荆州,pdf_01000000__01005011___ce48065512__line__000317,pdf_01000000__01005011___ce48065512__scene__014,01005011_回荆州.pdf,D:\University_studies\Junior\data_visualization\experiment\final_self\opera_dataset\01000000\01005011_回荆州.pdf,01000000/01005011_回荆州.pdf,49bfac8f-ad5c-4639-829d-be1bd24f8504,14,【第十六场】,317,stage_direction,stage_direction,,,唢呐。,做,唢呐。,,唢呐,,（唢呐。）
pdf_01000000__01005011___ce48065512,回荆州,pdf_01000000__01005011___ce48065512__line__000319,pdf_01000000__01005011___ce48065512__scene__014,01005011_回荆州.pdf,D:\University_studies\Junior\data_visualization\experiment\final_self\opera_dataset\01000000\01005011_回荆州.pdf,01000000/01005011_回荆州.pdf,49bfac8f-ad5c-4639-829d-be1bd24f8504,14,【第十六场】,319,dialogue,dialogue,张飞,pdf_01000000__01005011___ce48065512__char__d2c4b240f0,白,白,白,去；念白,张飞,去你娘的吧！,张飞 （白） 去你娘的吧！
pdf_01000000__01005011___ce48065512,回荆州,pdf_01000000__01005011___ce48065512__line__000321,pdf_01000000__01005011___ce48065512__scene__014,01005011_回荆州.pdf,D:\University_studies\Junior\data_visualization\experiment\final_self\opera_dataset\01000000\01005011_回荆州.pdf,01000000/01005011_回荆州.pdf,49bfac8f-ad5c-4639-829d-be1bd24f8504,14,【第十六场】,321,stage_direction,stage_direction,,,周瑜下。陈武、潘璋、丁奉、徐盛、蒋钦、马忠、周泰、甘宁同上，同开打。张飞下，陈武、潘璋、丁奉、徐盛、蒋钦、马忠、周泰、甘宁同下。诸葛亮上，张飞上。,做,周瑜下。陈武、潘璋、丁奉、徐盛、蒋钦、马忠、周泰、甘宁同上，同开打。张飞下，陈武、潘璋、丁奉、徐盛、蒋钦、马忠、周泰、甘宁同下。诸葛亮上，张飞上。,上；下；打,诸葛亮；周瑜；张飞,,（周瑜下。陈武、潘璋、丁奉、徐盛、蒋钦、马忠、周泰、甘宁同上，同开打。张飞下，陈武、潘璋、丁奉、徐盛、蒋钦、马忠、周泰、甘宁同下。诸葛亮上，张飞上。）
pdf_01000000__01005011___ce48065512,回荆州,pdf_01000000__01005011___ce48065512__line__000323,pdf_01000000__01005011___ce48065512__scene__014,01005011_回荆州.pdf,D:\University_studies\Junior\data_visualization\experiment\final_self\opera_dataset\01000000\01005011_回荆州.pdf,01000000/01005011_回荆州.pdf,49bfac8f-ad5c-4639-829d-be1bd24f8504,14,【第十六场】,323,dialogue,dialogue,张飞,pdf_01000000__01005011___ce48065512__char__d2c4b240f0,白,白,白,杀；念白,张飞,先生，东吴人马，越杀越勇，这便如何是好？,张飞 （白） 先生，东吴人马，越杀越勇，这便如何是好？
pdf_01000000__01005011___ce48065512,回荆州,pdf_01000000__01005011___ce48065512__line__000325,pdf_01000000__01005011___ce48065512__scene__014,01005011_回荆州.pdf,D:\University_studies\Junior\data_visualization\experiment\final_self\opera_dataset\01000000\01005011_回荆州.pdf,01000000/01005011_回荆州.pdf,49bfac8f-ad5c-4639-829d-be1bd24f8504,14,【第十六场】,325,dialogue,dialogue,诸葛亮,pdf_01000000__01005011___ce48065512__char__3630d553f6,白,白,白,上；下；叫；念白,诸葛亮,三将军站在高坡之上，大叫三声“周郎妙计安天下，赔了夫人又折兵”。,诸葛亮 （白） 三将军站在高坡之上，大叫三声“周郎妙计安天下，赔了夫人又折兵”。
pdf_01000000__01005011___ce48065512,回荆州,pdf_01000000__01005011___ce48065512__line__000327,pdf_01000000__01005011___ce48065512__scene__014,01005011_回荆州.pdf,D:\University_studies\Junior\data_visualization\experiment\final_self\opera_dataset\01000000\01005011_回荆州.pdf,01000000/01005011_回荆州.pdf,49bfac8f-ad5c-4639-829d-be1bd24f8504,14,【第十六场】,327,dialogue,dialogue,张飞,pdf_01000000__01005011___ce48065512__char__d2c4b240f0,白,白,白,退；令；念白,张飞,得令。先生退后。,张飞 （白） 得令。先生退后。
pdf_01000000__01005011___ce48065512,回荆州,pdf_01000000__01005011___ce48065512__line__000329,pdf_01000000__01005011___ce48065512__scene__014,01005011_回荆州.pdf,D:\University_studies\Junior\data_visualization\experiment\final_self\opera_dataset\01000000\01005011_回荆州.pdf,01000000/01005011_回荆州.pdf,49bfac8f-ad5c-4639-829d-be1bd24f8504,14,【第十六场】,329,stage_direction,stage_direction,,,四龙套引周瑜同上。,做,四龙套引周瑜同上。,上,四龙套；周瑜；龙套,,（四龙套引周瑜同上。）
pdf_01000000__01005011___ce48065512,回荆州,pdf_01000000__01005011___ce48065512__line__000331,pdf_01000000__01005011___ce48065512__scene__014,01005011_回荆州.pdf,D:\University_studies\Junior\data_visualization\experiment\final_self\opera_dataset\01000000\01005011_回荆州.pdf,01000000/01005011_回荆州.pdf,49bfac8f-ad5c-4639-829d-be1bd24f8504,14,【第十六场】,331,dialogue,dialogue,张飞,pdf_01000000__01005011___ce48065512__char__d2c4b240f0,白,白,白,下；念白,张飞,东吴人马听了：周郎妙计安天下，赔了夫人又折兵！从今以后，免用美人之计了！,张飞 （白） 东吴人马听了：周郎妙计安天下，赔了夫人又折兵！从今以后，免用美人之计了！
pdf_01000000__01005011___ce48065512,回荆州,pdf_01000000__01005011___ce48065512__line__000333,pdf_01000000__01005011___ce48065512__scene__014,01005011_回荆州.pdf,D:\University_studies\Junior\data_visualization\experiment\final_self\opera_dataset\01000000\01005011_回荆州.pdf,01000000/01005011_回荆州.pdf,49bfac8f-ad5c-4639-829d-be1bd24f8504,14,【第十六场】,333,dialogue,dialogue,周瑜,pdf_01000000__01005011___ce48065512__char__16b311e0b6,白,白,白,念白,周瑜,天吓天吓!,周瑜（白）天吓天吓!
pdf_01000000__01005011___ce48065512,回荆州,pdf_01000000__01005011___ce48065512__line__000333,pdf_01000000__01005011___ce48065512__scene__014,01005011_回荆州.pdf,D:\University_studies\Junior\data_visualization\experiment\final_self\opera_dataset\01000000\01005011_回荆州.pdf,01000000/01005011_回荆州.pdf,49bfac8f-ad5c-4639-829d-be1bd24f8504,14,【第十六场】,333,dialogue,dialogue,诸葛亮,pdf_01000000__01005011___ce48065512__char__3630d553f6,白,白,白,追；念白,诸葛亮,"三将军,败将不可深追。","诸葛亮（白）三将军,败将不可深追。"
pdf_01000000__01005011___ce48065512,回荆州,pdf_01000000__01005011___ce48065512__line__000333,pdf_01000000__01005011___ce48065512__scene__014,01005011_回荆州.pdf,D:\University_studies\Junior\data_visualization\experiment\final_self\opera_dataset\01000000\01005011_回荆州.pdf,01000000/01005011_回荆州.pdf,49bfac8f-ad5c-4639-829d-be1bd24f8504,14,【第十六场】,333,dialogue,dialogue,张飞,pdf_01000000__01005011___ce48065512__char__d2c4b240f0,白,白,白,念白,张飞,便宜尔等了!,张飞（白）便宜尔等了!
pdf_01000000__01005011___ce48065512,回荆州,pdf_01000000__01005011___ce48065512__line__000337,pdf_01000000__01005011___ce48065512__scene__015,01005011_回荆州.pdf,D:\University_studies\Junior\data_visualization\experiment\final_self\opera_dataset\01000000\01005011_回荆州.pdf,01000000/01005011_回荆州.pdf,49bfac8f-ad5c-4639-829d-be1bd24f8504,15,【第十七场】,337,dialogue,dialogue,刘备,pdf_01000000__01005011___ce48065512__char__d094123d43,念,念,念,,刘备,"孤躬离江南,才把心放宽。","刘备（念）孤躬离江南,才把心放宽。"
pdf_01000000__01005011___ce48065512,回荆州,pdf_01000000__01005011___ce48065512__line__000337,pdf_01000000__01005011___ce48065512__scene__015,01005011_回荆州.pdf,D:\University_studies\Junior\data_visualization\experiment\final_self\opera_dataset\01000000\01005011_回荆州.pdf,01000000/01005011_回荆州.pdf,49bfac8f-ad5c-4639-829d-be1bd24f8504,15,【第十七场】,337,dialogue,dialogue,孙尚香,pdf_01000000__01005011___ce48065512__char__a6db6ffa1c,念,念,念,叫,孙尚香,"回面望江南,叫人好心酸。","孙尚香（念）回面望江南,叫人好心酸。"
pdf_01000000__01005011___ce48065512,回荆州,pdf_01000000__01005011___ce48065512__line__000337,pdf_01000000__01005011___ce48065512__scene__015,01005011_回荆州.pdf,D:\University_studies\Junior\data_visualization\experiment\final_self\opera_dataset\01000000\01005011_回荆州.pdf,01000000/01005011_回荆州.pdf,49bfac8f-ad5c-4639-829d-be1bd24f8504,15,【第十七场】,337,dialogue,dialogue,诸葛亮,pdf_01000000__01005011___ce48065512__char__3630d553f6,念,念,念,去；道,诸葛亮,"三道锦囊去,保管主公还。","诸葛亮（念）三道锦囊去,保管主公还。"
pdf_01000000__01005011___ce48065512,回荆州,pdf_01000000__01005011___ce48065512__line__000337,pdf_01000000__01005011___ce48065512__scene__015,01005011_回荆州.pdf,D:\University_studies\Junior\data_visualization\experiment\final_self\opera_dataset\01000000\01005011_回荆州.pdf,01000000/01005011_回荆州.pdf,49bfac8f-ad5c-4639-829d-be1bd24f8504,15,【第十七场】,337,dialogue,dialogue,赵云,pdf_01000000__01005011___ce48065512__char__539a8f3d2a,念,念,念,下,赵云,"没有先生计,怎敢下江南。","赵云（念）没有先生计,怎敢下江南。"
pdf_01000000__01005011___ce48065512,回荆州,pdf_01000000__01005011___ce48065512__line__000337,pdf_01000000__01005011___ce48065512__scene__015,01005011_回荆州.pdf,D:\University_studies\Junior\data_visualization\experiment\final_self\opera_dataset\01000000\01005011_回荆州.pdf,01000000/01005011_回荆州.pdf,49bfac8f-ad5c-4639-829d-be1bd24f8504,15,【第十七场】,337,dialogue,dialogue,张飞,pdf_01000000__01005011___ce48065512__char__d2c4b240f0,念,念,念,来,张飞,"娶来新嫂嫂,老张喜眉梢。","张飞（念）娶来新嫂嫂,老张喜眉梢。"
pdf_01000000__01005011___ce48065512,回荆州,pdf_01000000__01005011___ce48065512__line__000337,pdf_01000000__01005011___ce48065512__scene__015,01005011_回荆州.pdf,D:\University_studies\Junior\data_visualization\experiment\final_self\opera_dataset\01000000\01005011_回荆州.pdf,01000000/01005011_回荆州.pdf,49bfac8f-ad5c-4639-829d-be1bd24f8504,15,【第十七场】,337,dialogue,dialogue,刘备,pdf_01000000__01005011___ce48065512__char__d094123d43,白,白,白,念白,刘备,见过皇嫂。,刘备（白）见过皇嫂。
pdf_01000000__01005011___ce48065512,回荆州,pdf_01000000__01005011___ce48065512__line__000337,pdf_01000000__01005011___ce48065512__scene__015,01005011_回荆州.pdf,D:\University_studies\Junior\data_visualization\experiment\final_self\opera_dataset\01000000\01005011_回荆州.pdf,01000000/01005011_回荆州.pdf,49bfac8f-ad5c-4639-829d-be1bd24f8504,15,【第十七场】,337,dialogue,dialogue,孙尚香,pdf_01000000__01005011___ce48065512__char__a6db6ffa1c,白,白,白,念白,孙尚香,免礼。,孙尚香（白）免礼。
pdf_01000000__01005011___ce48065512,回荆州,pdf_01000000__01005011___ce48065512__line__000337,pdf_01000000__01005011___ce48065512__scene__015,01005011_回荆州.pdf,D:\University_studies\Junior\data_visualization\experiment\final_self\opera_dataset\01000000\01005011_回荆州.pdf,01000000/01005011_回荆州.pdf,49bfac8f-ad5c-4639-829d-be1bd24f8504,15,【第十七场】,337,dialogue,dialogue,张飞,pdf_01000000__01005011___ce48065512__char__d2c4b240f0,白,白,白,念白,张飞,还礼。,张飞（白）还礼。
pdf_01000000__01005011___ce48065512,回荆州,pdf_01000000__01005011___ce48065512__line__000337,pdf_01000000__01005011___ce48065512__scene__015,01005011_回荆州.pdf,D:\University_studies\Junior\data_visualization\experiment\final_self\opera_dataset\01000000\01005011_回荆州.pdf,01000000/01005011_回荆州.pdf,49bfac8f-ad5c-4639-829d-be1bd24f8504,15,【第十七场】,337,dialogue,dialogue,刘备,pdf_01000000__01005011___ce48065512__char__d094123d43,白,白,白,念白,刘备,"先生不要用计了,这一计,就把孤躬吓坏了!正是:","刘备（白）先生不要用计了,这一计,就把孤躬吓坏了!正是:"
pdf_01000000__01005011___ce48065512,回荆州,pdf_01000000__01005011___ce48065512__line__000337,pdf_01000000__01005011___ce48065512__scene__015,01005011_回荆州.pdf,D:\University_studies\Junior\data_visualization\experiment\final_self\opera_dataset\01000000\01005011_回荆州.pdf,01000000/01005011_回荆州.pdf,49bfac8f-ad5c-4639-829d-be1bd24f8504,15,【第十七场】,337,dialogue,dialogue,诸葛亮,pdf_01000000__01005011___ce48065512__char__3630d553f6,念,念,念,,诸葛亮,不该诓主把亲招。,诸葛亮（念）不该诓主把亲招。
pdf_01000000__01005011___ce48065512,回荆州,pdf_01000000__01005011___ce48065512__line__000337,pdf_01000000__01005011___ce48065512__scene__015,01005011_回荆州.pdf,D:\University_studies\Junior\data_visualization\experiment\final_self\opera_dataset\01000000\01005011_回荆州.pdf,01000000/01005011_回荆州.pdf,49bfac8f-ad5c-4639-829d-be1bd24f8504,15,【第十七场】,337,dialogue,dialogue,孙尚香,pdf_01000000__01005011___ce48065512__char__a6db6ffa1c,念,念,念,,孙尚香,"千里姻缘千里找,","孙尚香（念）千里姻缘千里找,"
pdf_01000000__01005011___ce48065512,回荆州,pdf_01000000__01005011___ce48065512__line__000337,pdf_01000000__01005011___ce48065512__scene__015,01005011_回荆州.pdf,D:\University_studies\Junior\data_visualization\experiment\final_self\opera_dataset\01000000\01005011_回荆州.pdf,01000000/01005011_回荆州.pdf,49bfac8f-ad5c-4639-829d-be1bd24f8504,15,【第十七场】,337,dialogue,dialogue,张飞,pdf_01000000__01005011___ce48065512__char__d2c4b240f0,白,白,白,念白,张飞,"大哥,皇嫂,先生,四弟:","张飞（白）大哥,皇嫂,先生,四弟:"
pdf_01000000__01005011___ce48065512,回荆州,pdf_01000000__01005011___ce48065512__line__000337,pdf_01000000__01005011___ce48065512__scene__015,01005011_回荆州.pdf,D:\University_studies\Junior\data_visualization\experiment\final_self\opera_dataset\01000000\01005011_回荆州.pdf,01000000/01005011_回荆州.pdf,49bfac8f-ad5c-4639-829d-be1bd24f8504,15,【第十七场】,337,dialogue,dialogue,诸葛亮,pdf_01000000__01005011___ce48065512__char__3630d553f6,同白,白,同白,上；念白,诸葛亮,好一个“锦绣头上鸾凤交”!,诸葛亮（同白）好一个“锦绣头上鸾凤交”!
pdf_01000000__01005011___ce48065512,回荆州,pdf_01000000__01005011___ce48065512__line__000337,pdf_01000000__01005011___ce48065512__scene__015,01005011_回荆州.pdf,D:\University_studies\Junior\data_visualization\experiment\final_self\opera_dataset\01000000\01005011_回荆州.pdf,01000000/01005011_回荆州.pdf,49bfac8f-ad5c-4639-829d-be1bd24f8504,15,【第十七场】,337,dialogue,dialogue,诸葛亮,pdf_01000000__01005011___ce48065512__char__3630d553f6,白,白,白,惊；念白,诸葛亮,"准备酒宴,与主公压惊。","诸葛亮（白）准备酒宴,与主公压惊。"
pdf_01000000__01005011___ce48065512,回荆州,pdf_01000000__01005011___ce48065512__line__000337,pdf_01000000__01005011___ce48065512__scene__015,01005011_回荆州.pdf,D:\University_studies\Junior\data_visualization\experiment\final_self\opera_dataset\01000000\01005011_回荆州.pdf,01000000/01005011_回荆州.pdf,49bfac8f-ad5c-4639-829d-be1bd24f8504,15,【第十七场】,337,dialogue,dialogue,张飞,pdf_01000000__01005011___ce48065512__char__d2c4b240f0,同白,白,同白,请；念白,张飞,请。,张飞（同白）请。
