doc_id,doc_title,line_id,scene_id,source_file,source_path,relative_path,batch_id,scene_index,scene,line_no,row_type,line_category,speaker,speaker_char_id,cue,perform_type,perform_subtype,action_tags,participants,text,raw_line
pdf_01000000__01006001___9c7557117a,连营寨,pdf_01000000__01006001___9c7557117a__line__000001,pdf_01000000__01006001___9c7557117a__scene__000,01006001_连营寨.pdf,D:\University_studies\Junior\data_visualization\experiment\final_self\opera_dataset\01000000\01006001_连营寨.pdf,01000000/01006001_连营寨.pdf,a2504dd0-9a22-485e-848c-d08f96ade7ca,0,序幕/前置内容,1,narration,narration,,,,说明,,,《连营寨》,# 《连营寨》 （一名：《火烧连营七百里》）,# 《连营寨》 （一名：《火烧连营七百里》）
pdf_01000000__01006001___9c7557117a,连营寨,pdf_01000000__01006001___9c7557117a__line__000027,pdf_01000000__01006001___9c7557117a__scene__001,01006001_连营寨.pdf,D:\University_studies\Junior\data_visualization\experiment\final_self\opera_dataset\01000000\01006001_连营寨.pdf,01000000/01006001_连营寨.pdf,a2504dd0-9a22-485e-848c-d08f96ade7ca,1,【第一场】,27,stage_direction,stage_direction,,,韩当、周泰、糜芳、傅士仁、马忠、夏旬同上，同起霸。〖点绛唇〗。,做,韩当、周泰、糜芳、傅士仁、马忠、夏旬同上，同起霸。〖点绛唇〗。,上,韩当；周泰；糜芳；傅士仁；马忠；夏旬；同起霸。〖点绛唇〗,,（韩当、周泰、糜芳、傅士仁、马忠、夏旬同上，同起霸。〖点绛唇〗。）
pdf_01000000__01006001___9c7557117a,连营寨,pdf_01000000__01006001___9c7557117a__line__000029,pdf_01000000__01006001___9c7557117a__scene__001,01006001_连营寨.pdf,D:\University_studies\Junior\data_visualization\experiment\final_self\opera_dataset\01000000\01006001_连营寨.pdf,01000000/01006001_连营寨.pdf,a2504dd0-9a22-485e-848c-d08f96ade7ca,1,【第一场】,29,dialogue,dialogue,众将,pdf_01000000__01006001___9c7557117a__char__7b28a9cc8c,同白,白,同白,念白,众将,"俺,","众将（同白）俺,"
pdf_01000000__01006001___9c7557117a,连营寨,pdf_01000000__01006001___9c7557117a__line__000029,pdf_01000000__01006001___9c7557117a__scene__001,01006001_连营寨.pdf,D:\University_studies\Junior\data_visualization\experiment\final_self\opera_dataset\01000000\01006001_连营寨.pdf,01000000/01006001_连营寨.pdf,a2504dd0-9a22-485e-848c-d08f96ade7ca,1,【第一场】,29,dialogue,dialogue,韩当,pdf_01000000__01006001___9c7557117a__char__a27d322c75,白,白,白,念白,韩当,韩当。,韩当（白）韩当。
pdf_01000000__01006001___9c7557117a,连营寨,pdf_01000000__01006001___9c7557117a__line__000029,pdf_01000000__01006001___9c7557117a__scene__001,01006001_连营寨.pdf,D:\University_studies\Junior\data_visualization\experiment\final_self\opera_dataset\01000000\01006001_连营寨.pdf,01000000/01006001_连营寨.pdf,a2504dd0-9a22-485e-848c-d08f96ade7ca,1,【第一场】,29,dialogue,dialogue,周泰,pdf_01000000__01006001___9c7557117a__char__a5c672b91e,白,白,白,念白,周泰,周泰。,周泰（白）周泰。
pdf_01000000__01006001___9c7557117a,连营寨,pdf_01000000__01006001___9c7557117a__line__000029,pdf_01000000__01006001___9c7557117a__scene__001,01006001_连营寨.pdf,D:\University_studies\Junior\data_visualization\experiment\final_self\opera_dataset\01000000\01006001_连营寨.pdf,01000000/01006001_连营寨.pdf,a2504dd0-9a22-485e-848c-d08f96ade7ca,1,【第一场】,29,dialogue,dialogue,糜芳,pdf_01000000__01006001___9c7557117a__char__30c8977426,白,白,白,念白,糜芳,糜芳。,糜芳（白）糜芳。
pdf_01000000__01006001___9c7557117a,连营寨,pdf_01000000__01006001___9c7557117a__line__000029,pdf_01000000__01006001___9c7557117a__scene__001,01006001_连营寨.pdf,D:\University_studies\Junior\data_visualization\experiment\final_self\opera_dataset\01000000\01006001_连营寨.pdf,01000000/01006001_连营寨.pdf,a2504dd0-9a22-485e-848c-d08f96ade7ca,1,【第一场】,29,dialogue,dialogue,傅士仁,pdf_01000000__01006001___9c7557117a__char__66179c4406,白,白,白,念白,傅士仁,傅士仁。,傅士仁（白）傅士仁。
pdf_01000000__01006001___9c7557117a,连营寨,pdf_01000000__01006001___9c7557117a__line__000029,pdf_01000000__01006001___9c7557117a__scene__001,01006001_连营寨.pdf,D:\University_studies\Junior\data_visualization\experiment\final_self\opera_dataset\01000000\01006001_连营寨.pdf,01000000/01006001_连营寨.pdf,a2504dd0-9a22-485e-848c-d08f96ade7ca,1,【第一场】,29,dialogue,dialogue,马忠,pdf_01000000__01006001___9c7557117a__char__a0da4d915a,白,白,白,念白,马忠,马忠。,马忠（白）马忠。
pdf_01000000__01006001___9c7557117a,连营寨,pdf_01000000__01006001___9c7557117a__line__000029,pdf_01000000__01006001___9c7557117a__scene__001,01006001_连营寨.pdf,D:\University_studies\Junior\data_visualization\experiment\final_self\opera_dataset\01000000\01006001_连营寨.pdf,01000000/01006001_连营寨.pdf,a2504dd0-9a22-485e-848c-d08f96ade7ca,1,【第一场】,29,dialogue,dialogue,夏旬,pdf_01000000__01006001___9c7557117a__char__4c5bc62434,白,白,白,念白,夏旬,夏旬。,夏旬（白）夏旬。
pdf_01000000__01006001___9c7557117a,连营寨,pdf_01000000__01006001___9c7557117a__line__000029,pdf_01000000__01006001___9c7557117a__scene__001,01006001_连营寨.pdf,D:\University_studies\Junior\data_visualization\experiment\final_self\opera_dataset\01000000\01006001_连营寨.pdf,01000000/01006001_连营寨.pdf,a2504dd0-9a22-485e-848c-d08f96ade7ca,1,【第一场】,29,dialogue,dialogue,韩当,pdf_01000000__01006001___9c7557117a__char__a27d322c75,白,白,白,请；念白,韩当,"请了,元","韩当（白）请了,元"
pdf_01000000__01006001___9c7557117a,连营寨,pdf_01000000__01006001___9c7557117a__line__000029,pdf_01000000__01006001___9c7557117a__scene__001,01006001_连营寨.pdf,D:\University_studies\Junior\data_visualization\experiment\final_self\opera_dataset\01000000\01006001_连营寨.pdf,01000000/01006001_连营寨.pdf,a2504dd0-9a22-485e-848c-d08f96ade7ca,1,【第一场】,29,dialogue,dialogue,众将,pdf_01000000__01006001___9c7557117a__char__7b28a9cc8c,同白,白,同白,请；念白,众将,请。,众将（同白）请。
pdf_01000000__01006001___9c7557117a,连营寨,pdf_01000000__01006001___9c7557117a__line__000031,pdf_01000000__01006001___9c7557117a__scene__001,01006001_连营寨.pdf,D:\University_studies\Junior\data_visualization\experiment\final_self\opera_dataset\01000000\01006001_连营寨.pdf,01000000/01006001_连营寨.pdf,a2504dd0-9a22-485e-848c-d08f96ade7ca,1,【第一场】,31,stage_direction,stage_direction,,,八红小军、四大铠、甘宁同上。〖点绛唇〗。,做,八红小军、四大铠、甘宁同上。〖点绛唇〗。,上,八红小军；四大铠；甘宁；。〖点绛唇〗,,（八红小军、四大铠、甘宁同上。〖点绛唇〗。）
pdf_01000000__01006001___9c7557117a,连营寨,pdf_01000000__01006001___9c7557117a__line__000033,pdf_01000000__01006001___9c7557117a__scene__001,01006001_连营寨.pdf,D:\University_studies\Junior\data_visualization\experiment\final_self\opera_dataset\01000000\01006001_连营寨.pdf,01000000/01006001_连营寨.pdf,a2504dd0-9a22-485e-848c-d08f96ade7ca,1,【第一场】,33,dialogue,dialogue,众将,pdf_01000000__01006001___9c7557117a__char__7b28a9cc8c,同白,白,同白,念白,众将,参见元帅。,众将（同白）参见元帅。
pdf_01000000__01006001___9c7557117a,连营寨,pdf_01000000__01006001___9c7557117a__line__000033,pdf_01000000__01006001___9c7557117a__scene__001,01006001_连营寨.pdf,D:\University_studies\Junior\data_visualization\experiment\final_self\opera_dataset\01000000\01006001_连营寨.pdf,01000000/01006001_连营寨.pdf,a2504dd0-9a22-485e-848c-d08f96ade7ca,1,【第一场】,33,dialogue,dialogue,甘宁,pdf_01000000__01006001___9c7557117a__char__864dbe974a,白,白,白,念白,甘宁,众位将军少礼。,甘宁（白）众位将军少礼。
pdf_01000000__01006001___9c7557117a,连营寨,pdf_01000000__01006001___9c7557117a__line__000033,pdf_01000000__01006001___9c7557117a__scene__001,01006001_连营寨.pdf,D:\University_studies\Junior\data_visualization\experiment\final_self\opera_dataset\01000000\01006001_连营寨.pdf,01000000/01006001_连营寨.pdf,a2504dd0-9a22-485e-848c-d08f96ade7ca,1,【第一场】,33,dialogue,dialogue,众将,pdf_01000000__01006001___9c7557117a__char__7b28a9cc8c,同白,白,同白,念白,众将,吓。,众将（同白）吓。
pdf_01000000__01006001___9c7557117a,连营寨,pdf_01000000__01006001___9c7557117a__line__000035,pdf_01000000__01006001___9c7557117a__scene__001,01006001_连营寨.pdf,D:\University_studies\Junior\data_visualization\experiment\final_self\opera_dataset\01000000\01006001_连营寨.pdf,01000000/01006001_连营寨.pdf,a2504dd0-9a22-485e-848c-d08f96ade7ca,1,【第一场】,35,dialogue,dialogue,甘宁,pdf_01000000__01006001___9c7557117a__char__864dbe974a,念,念,念,下；令；杀；惊,甘宁,"战鼓响惊天震地,杀气腾鸟不敢飞。帐下有雄兵百万,号令出敢不遵依!","甘宁（念）战鼓响惊天震地,杀气腾鸟不敢飞。帐下有雄兵百万,号令出敢不遵依!"
pdf_01000000__01006001___9c7557117a,连营寨,pdf_01000000__01006001___9c7557117a__line__000037,pdf_01000000__01006001___9c7557117a__scene__001,01006001_连营寨.pdf,D:\University_studies\Junior\data_visualization\experiment\final_self\opera_dataset\01000000\01006001_连营寨.pdf,01000000/01006001_连营寨.pdf,a2504dd0-9a22-485e-848c-d08f96ade7ca,1,【第一场】,37,dialogue,dialogue,众将,pdf_01000000__01006001___9c7557117a__char__7b28a9cc8c,同白,白,同白,念白,众将,具已齐备。,众将（同白）具已齐备。
pdf_01000000__01006001___9c7557117a,连营寨,pdf_01000000__01006001___9c7557117a__line__000037,pdf_01000000__01006001___9c7557117a__scene__001,01006001_连营寨.pdf,D:\University_studies\Junior\data_visualization\experiment\final_self\opera_dataset\01000000\01006001_连营寨.pdf,01000000/01006001_连营寨.pdf,a2504dd0-9a22-485e-848c-d08f96ade7ca,1,【第一场】,37,dialogue,dialogue,甘宁,pdf_01000000__01006001___9c7557117a__char__864dbe974a,白,白,白,念白,甘宁,起兵前往。,甘宁（白）起兵前往。
pdf_01000000__01006001___9c7557117a,连营寨,pdf_01000000__01006001___9c7557117a__line__000037,pdf_01000000__01006001___9c7557117a__scene__001,01006001_连营寨.pdf,D:\University_studies\Junior\data_visualization\experiment\final_self\opera_dataset\01000000\01006001_连营寨.pdf,01000000/01006001_连营寨.pdf,a2504dd0-9a22-485e-848c-d08f96ade7ca,1,【第一场】,37,dialogue,dialogue,众将,pdf_01000000__01006001___9c7557117a__char__7b28a9cc8c,同白,白,同白,念白,众将,众将官起兵齐往。,众将（同白）众将官起兵齐往。
pdf_01000000__01006001___9c7557117a,连营寨,pdf_01000000__01006001___9c7557117a__line__000039,pdf_01000000__01006001___9c7557117a__scene__001,01006001_连营寨.pdf,D:\University_studies\Junior\data_visualization\experiment\final_self\opera_dataset\01000000\01006001_连营寨.pdf,01000000/01006001_连营寨.pdf,a2504dd0-9a22-485e-848c-d08f96ade7ca,1,【第一场】,39,stage_direction,stage_direction,,,〖风入松〗，众人同下。,做,〖风入松〗，众人同下。,下,众人,,（〖风入松〗，众人同下。）
pdf_01000000__01006001___9c7557117a,连营寨,pdf_01000000__01006001___9c7557117a__line__000045,pdf_01000000__01006001___9c7557117a__scene__002,01006001_连营寨.pdf,D:\University_studies\Junior\data_visualization\experiment\final_self\opera_dataset\01000000\01006001_连营寨.pdf,01000000/01006001_连营寨.pdf,a2504dd0-9a22-485e-848c-d08f96ade7ca,2,【第二场】,45,stage_direction,stage_direction,,,张南允。,做,张南允。,,张南允,,（张南允。）
pdf_01000000__01006001___9c7557117a,连营寨,pdf_01000000__01006001___9c7557117a__line__000047,pdf_01000000__01006001___9c7557117a__scene__002,01006001_连营寨.pdf,D:\University_studies\Junior\data_visualization\experiment\final_self\opera_dataset\01000000\01006001_连营寨.pdf,01000000/01006001_连营寨.pdf,a2504dd0-9a22-485e-848c-d08f96ade7ca,2,【第二场】,47,dialogue,dialogue,刘备,pdf_01000000__01006001___9c7557117a__char__fe7cc1b6d6,白,白,白,念白,刘备,,刘备 （白）
pdf_01000000__01006001___9c7557117a,连营寨,pdf_01000000__01006001___9c7557117a__line__000049,pdf_01000000__01006001___9c7557117a__scene__002,01006001_连营寨.pdf,D:\University_studies\Junior\data_visualization\experiment\final_self\opera_dataset\01000000\01006001_连营寨.pdf,01000000/01006001_连营寨.pdf,a2504dd0-9a22-485e-848c-d08f96ade7ca,2,【第二场】,49,narration,narration,,,,说明,,上；传,传番王沙摩柯；将台听点,传番王沙摩柯上将台听点。,传番王沙摩柯上将台听点。
pdf_01000000__01006001___9c7557117a,连营寨,pdf_01000000__01006001___9c7557117a__line__000051,pdf_01000000__01006001___9c7557117a__scene__002,01006001_连营寨.pdf,D:\University_studies\Junior\data_visualization\experiment\final_self\opera_dataset\01000000\01006001_连营寨.pdf,01000000/01006001_连营寨.pdf,a2504dd0-9a22-485e-848c-d08f96ade7ca,2,【第二场】,51,dialogue,dialogue,张南,pdf_01000000__01006001___9c7557117a__char__e8536fb687,白,白,白,念白,张南,,张南 （白）
pdf_01000000__01006001___9c7557117a,连营寨,pdf_01000000__01006001___9c7557117a__line__000053,pdf_01000000__01006001___9c7557117a__scene__002,01006001_连营寨.pdf,D:\University_studies\Junior\data_visualization\experiment\final_self\opera_dataset\01000000\01006001_连营寨.pdf,01000000/01006001_连营寨.pdf,a2504dd0-9a22-485e-848c-d08f96ade7ca,2,【第二场】,53,narration,narration,,,,说明,,上,番王沙摩柯；将台听点,番王沙摩柯上将台听点。,番王沙摩柯上将台听点。
pdf_01000000__01006001___9c7557117a,连营寨,pdf_01000000__01006001___9c7557117a__line__000055,pdf_01000000__01006001___9c7557117a__scene__002,01006001_连营寨.pdf,D:\University_studies\Junior\data_visualization\experiment\final_self\opera_dataset\01000000\01006001_连营寨.pdf,01000000/01006001_连营寨.pdf,a2504dd0-9a22-485e-848c-d08f96ade7ca,2,【第二场】,55,stage_direction,stage_direction,,,沙摩柯上。,做,沙摩柯上。,上,沙摩柯,,（沙摩柯上。）
pdf_01000000__01006001___9c7557117a,连营寨,pdf_01000000__01006001___9c7557117a__line__000057,pdf_01000000__01006001___9c7557117a__scene__002,01006001_连营寨.pdf,D:\University_studies\Junior\data_visualization\experiment\final_self\opera_dataset\01000000\01006001_连营寨.pdf,01000000/01006001_连营寨.pdf,a2504dd0-9a22-485e-848c-d08f96ade7ca,2,【第二场】,57,dialogue,dialogue,沙摩柯,pdf_01000000__01006001___9c7557117a__char__e020c2ce49,白,白,白,念白,沙摩柯,,沙摩柯 （白）
pdf_01000000__01006001___9c7557117a,连营寨,pdf_01000000__01006001___9c7557117a__line__000059,pdf_01000000__01006001___9c7557117a__scene__002,01006001_连营寨.pdf,D:\University_studies\Junior\data_visualization\experiment\final_self\opera_dataset\01000000\01006001_连营寨.pdf,01000000/01006001_连营寨.pdf,a2504dd0-9a22-485e-848c-d08f96ade7ca,2,【第二场】,59,narration,narration,,,,说明,,,这金里金波；伊里波；藏安呵；沙摩柯；嗑膝,这金里金波，伊里波，藏安呵，沙摩柯，嗑膝。,这金里金波，伊里波，藏安呵，沙摩柯，嗑膝。
pdf_01000000__01006001___9c7557117a,连营寨,pdf_01000000__01006001___9c7557117a__line__000061,pdf_01000000__01006001___9c7557117a__scene__002,01006001_连营寨.pdf,D:\University_studies\Junior\data_visualization\experiment\final_self\opera_dataset\01000000\01006001_连营寨.pdf,01000000/01006001_连营寨.pdf,a2504dd0-9a22-485e-848c-d08f96ade7ca,2,【第二场】,61,dialogue,dialogue,刘备,pdf_01000000__01006001___9c7557117a__char__fe7cc1b6d6,白,白,白,念白,刘备,,刘备 （白）
pdf_01000000__01006001___9c7557117a,连营寨,pdf_01000000__01006001___9c7557117a__line__000063,pdf_01000000__01006001___9c7557117a__scene__002,01006001_连营寨.pdf,D:\University_studies\Junior\data_visualization\experiment\final_self\opera_dataset\01000000\01006001_连营寨.pdf,01000000/01006001_连营寨.pdf,a2504dd0-9a22-485e-848c-d08f96ade7ca,2,【第二场】,63,narration,narration,,,,说明,,传；令,你兵初入内地；不知兵势若何；传令开操；待孤一观,你兵初入内地，不知兵势若何，传令开操，待孤一观。,你兵初入内地，不知兵势若何，传令开操，待孤一观。
pdf_01000000__01006001___9c7557117a,连营寨,pdf_01000000__01006001___9c7557117a__line__000065,pdf_01000000__01006001___9c7557117a__scene__002,01006001_连营寨.pdf,D:\University_studies\Junior\data_visualization\experiment\final_self\opera_dataset\01000000\01006001_连营寨.pdf,01000000/01006001_连营寨.pdf,a2504dd0-9a22-485e-848c-d08f96ade7ca,2,【第二场】,65,dialogue,dialogue,沙摩柯,pdf_01000000__01006001___9c7557117a__char__e020c2ce49,白,白,白,念白,沙摩柯,,沙摩柯 （白）
pdf_01000000__01006001___9c7557117a,连营寨,pdf_01000000__01006001___9c7557117a__line__000067,pdf_01000000__01006001___9c7557117a__scene__002,01006001_连营寨.pdf,D:\University_studies\Junior\data_visualization\experiment\final_self\opera_dataset\01000000\01006001_连营寨.pdf,01000000/01006001_连营寨.pdf,a2504dd0-9a22-485e-848c-d08f96ade7ca,2,【第二场】,67,narration,narration,,,,说明,,,这蛮兵们开操,这蛮兵们开操。,这蛮兵们开操。
pdf_01000000__01006001___9c7557117a,连营寨,pdf_01000000__01006001___9c7557117a__line__000069,pdf_01000000__01006001___9c7557117a__scene__002,01006001_连营寨.pdf,D:\University_studies\Junior\data_visualization\experiment\final_self\opera_dataset\01000000\01006001_连营寨.pdf,01000000/01006001_连营寨.pdf,a2504dd0-9a22-485e-848c-d08f96ade7ca,2,【第二场】,69,stage_direction,stage_direction,,,八蛮兵、四长枪、四短刀同上，操演，同下。,做,八蛮兵、四长枪、四短刀同上，操演，同下。,上；下,八蛮兵；四长枪；四短刀；操演,,（八蛮兵、四长枪、四短刀同上，操演，同下。）
pdf_01000000__01006001___9c7557117a,连营寨,pdf_01000000__01006001___9c7557117a__line__000071,pdf_01000000__01006001___9c7557117a__scene__002,01006001_连营寨.pdf,D:\University_studies\Junior\data_visualization\experiment\final_self\opera_dataset\01000000\01006001_连营寨.pdf,01000000/01006001_连营寨.pdf,a2504dd0-9a22-485e-848c-d08f96ade7ca,2,【第二场】,71,dialogue,dialogue,刘备,pdf_01000000__01006001___9c7557117a__char__fe7cc1b6d6,白,白,白,念白,刘备,,刘备 （白）
pdf_01000000__01006001___9c7557117a,连营寨,pdf_01000000__01006001___9c7557117a__line__000073,pdf_01000000__01006001___9c7557117a__scene__002,01006001_连营寨.pdf,D:\University_studies\Junior\data_visualization\experiment\final_self\opera_dataset\01000000\01006001_连营寨.pdf,01000000/01006001_连营寨.pdf,a2504dd0-9a22-485e-848c-d08f96ade7ca,2,【第二场】,73,narration,narration,,,,说明,,令,孤观你兵势；倒也精壮；令人难敌也,孤观你兵势，倒也精壮，令人难敌也。,孤观你兵势，倒也精壮，令人难敌也。
pdf_01000000__01006001___9c7557117a,连营寨,pdf_01000000__01006001___9c7557117a__line__000075,pdf_01000000__01006001___9c7557117a__scene__002,01006001_连营寨.pdf,D:\University_studies\Junior\data_visualization\experiment\final_self\opera_dataset\01000000\01006001_连营寨.pdf,01000000/01006001_连营寨.pdf,a2504dd0-9a22-485e-848c-d08f96ade7ca,2,【第二场】,75,stage_direction,stage_direction,,,〖下半段泣颜回〗。,做,〖下半段泣颜回〗。,下,半段泣颜回〗,,（〖下半段泣颜回〗。）
pdf_01000000__01006001___9c7557117a,连营寨,pdf_01000000__01006001___9c7557117a__line__000077,pdf_01000000__01006001___9c7557117a__scene__002,01006001_连营寨.pdf,D:\University_studies\Junior\data_visualization\experiment\final_self\opera_dataset\01000000\01006001_连营寨.pdf,01000000/01006001_连营寨.pdf,a2504dd0-9a22-485e-848c-d08f96ade7ca,2,【第二场】,77,dialogue,dialogue,沙摩柯,pdf_01000000__01006001___9c7557117a__char__e020c2ce49,白,白,白,念白,沙摩柯,,沙摩柯 （白）
pdf_01000000__01006001___9c7557117a,连营寨,pdf_01000000__01006001___9c7557117a__line__000079,pdf_01000000__01006001___9c7557117a__scene__002,01006001_连营寨.pdf,D:\University_studies\Junior\data_visualization\experiment\final_self\opera_dataset\01000000\01006001_连营寨.pdf,01000000/01006001_连营寨.pdf,a2504dd0-9a22-485e-848c-d08f96ade7ca,2,【第二场】,79,narration,narration,,,,说明,,,就此合操,就此合操。,就此合操。
pdf_01000000__01006001___9c7557117a,连营寨,pdf_01000000__01006001___9c7557117a__line__000081,pdf_01000000__01006001___9c7557117a__scene__002,01006001_连营寨.pdf,D:\University_studies\Junior\data_visualization\experiment\final_self\opera_dataset\01000000\01006001_连营寨.pdf,01000000/01006001_连营寨.pdf,a2504dd0-9a22-485e-848c-d08f96ade7ca,2,【第二场】,81,stage_direction,stage_direction,,,沙夫人上，合操完。报子上。,做,沙夫人上，合操完。报子上。,上；报,报子,,（沙夫人上，合操完。报子上。）
pdf_01000000__01006001___9c7557117a,连营寨,pdf_01000000__01006001___9c7557117a__line__000083,pdf_01000000__01006001___9c7557117a__scene__002,01006001_连营寨.pdf,D:\University_studies\Junior\data_visualization\experiment\final_self\opera_dataset\01000000\01006001_连营寨.pdf,01000000/01006001_连营寨.pdf,a2504dd0-9a22-485e-848c-d08f96ade7ca,2,【第二场】,83,dialogue,dialogue,报子,pdf_01000000__01006001___9c7557117a__char__3fa70669ba,白,白,白,念白,报子,,报子 （白）
pdf_01000000__01006001___9c7557117a,连营寨,pdf_01000000__01006001___9c7557117a__line__000085,pdf_01000000__01006001___9c7557117a__scene__002,01006001_连营寨.pdf,D:\University_studies\Junior\data_visualization\experiment\final_self\opera_dataset\01000000\01006001_连营寨.pdf,01000000/01006001_连营寨.pdf,a2504dd0-9a22-485e-848c-d08f96ade7ca,2,【第二场】,85,narration,narration,,,,说明,,报；打,报；韩当；周泰等兵打蜀营,报，韩当、周泰等兵打蜀营。,报，韩当、周泰等兵打蜀营。
pdf_01000000__01006001___9c7557117a,连营寨,pdf_01000000__01006001___9c7557117a__line__000087,pdf_01000000__01006001___9c7557117a__scene__002,01006001_连营寨.pdf,D:\University_studies\Junior\data_visualization\experiment\final_self\opera_dataset\01000000\01006001_连营寨.pdf,01000000/01006001_连营寨.pdf,a2504dd0-9a22-485e-848c-d08f96ade7ca,2,【第二场】,87,dialogue,dialogue,刘备,pdf_01000000__01006001___9c7557117a__char__fe7cc1b6d6,白,白,白,念白,刘备,,刘备 （白）
pdf_01000000__01006001___9c7557117a,连营寨,pdf_01000000__01006001___9c7557117a__line__000089,pdf_01000000__01006001___9c7557117a__scene__002,01006001_连营寨.pdf,D:\University_studies\Junior\data_visualization\experiment\final_self\opera_dataset\01000000\01006001_连营寨.pdf,01000000/01006001_连营寨.pdf,a2504dd0-9a22-485e-848c-d08f96ade7ca,2,【第二场】,89,narration,narration,,,,说明,,,再探,再探。,再探。
pdf_01000000__01006001___9c7557117a,连营寨,pdf_01000000__01006001___9c7557117a__line__000091,pdf_01000000__01006001___9c7557117a__scene__002,01006001_连营寨.pdf,D:\University_studies\Junior\data_visualization\experiment\final_self\opera_dataset\01000000\01006001_连营寨.pdf,01000000/01006001_连营寨.pdf,a2504dd0-9a22-485e-848c-d08f96ade7ca,2,【第二场】,91,stage_direction,stage_direction,,,报子下。,做,报子下。,下；报,报子,,（报子下。）
pdf_01000000__01006001___9c7557117a,连营寨,pdf_01000000__01006001___9c7557117a__line__000093,pdf_01000000__01006001___9c7557117a__scene__002,01006001_连营寨.pdf,D:\University_studies\Junior\data_visualization\experiment\final_self\opera_dataset\01000000\01006001_连营寨.pdf,01000000/01006001_连营寨.pdf,a2504dd0-9a22-485e-848c-d08f96ade7ca,2,【第二场】,93,dialogue,dialogue,刘备,pdf_01000000__01006001___9c7557117a__char__fe7cc1b6d6,白,白,白,念白,刘备,,刘备 （白）
pdf_01000000__01006001___9c7557117a,连营寨,pdf_01000000__01006001___9c7557117a__line__000095,pdf_01000000__01006001___9c7557117a__scene__002,01006001_连营寨.pdf,D:\University_studies\Junior\data_visualization\experiment\final_self\opera_dataset\01000000\01006001_连营寨.pdf,01000000/01006001_连营寨.pdf,a2504dd0-9a22-485e-848c-d08f96ade7ca,2,【第二场】,95,narration,narration,,,,说明,,打,关兴；张苞,沙摩柯，带领你兵攻打头阵，张苞、关兴，随后接应。,沙摩柯，带领你兵攻打头阵，张苞、关兴，随后接应。
pdf_01000000__01006001___9c7557117a,连营寨,pdf_01000000__01006001___9c7557117a__line__000097,pdf_01000000__01006001___9c7557117a__scene__002,01006001_连营寨.pdf,D:\University_studies\Junior\data_visualization\experiment\final_self\opera_dataset\01000000\01006001_连营寨.pdf,01000000/01006001_连营寨.pdf,a2504dd0-9a22-485e-848c-d08f96ade7ca,2,【第二场】,97,stage_direction,stage_direction,,,刘备、张南同下。,做,刘备、张南同下。,下,刘备,,（刘备、张南同下。）
pdf_01000000__01006001___9c7557117a,连营寨,pdf_01000000__01006001___9c7557117a__line__000099,pdf_01000000__01006001___9c7557117a__scene__002,01006001_连营寨.pdf,D:\University_studies\Junior\data_visualization\experiment\final_self\opera_dataset\01000000\01006001_连营寨.pdf,01000000/01006001_连营寨.pdf,a2504dd0-9a22-485e-848c-d08f96ade7ca,2,【第二场】,99,narration,narration,,,,说明,,,沙摩柯,沙摩柯、,沙摩柯、
pdf_01000000__01006001___9c7557117a,连营寨,pdf_01000000__01006001___9c7557117a__line__000101,pdf_01000000__01006001___9c7557117a__scene__002,01006001_连营寨.pdf,D:\University_studies\Junior\data_visualization\experiment\final_self\opera_dataset\01000000\01006001_连营寨.pdf,01000000/01006001_连营寨.pdf,a2504dd0-9a22-485e-848c-d08f96ade7ca,2,【第二场】,101,narration,narration,,,,说明,,,关兴,关兴、,关兴、
pdf_01000000__01006001___9c7557117a,连营寨,pdf_01000000__01006001___9c7557117a__line__000103,pdf_01000000__01006001___9c7557117a__scene__002,01006001_连营寨.pdf,D:\University_studies\Junior\data_visualization\experiment\final_self\opera_dataset\01000000\01006001_连营寨.pdf,01000000/01006001_连营寨.pdf,a2504dd0-9a22-485e-848c-d08f96ade7ca,2,【第二场】,103,dialogue,dialogue,张苞,pdf_01000000__01006001___9c7557117a__char__f8f94d9d51,同白,白,同白,念白,张苞,,张苞 （同白）
pdf_01000000__01006001___9c7557117a,连营寨,pdf_01000000__01006001___9c7557117a__line__000105,pdf_01000000__01006001___9c7557117a__scene__002,01006001_连营寨.pdf,D:\University_studies\Junior\data_visualization\experiment\final_self\opera_dataset\01000000\01006001_连营寨.pdf,01000000/01006001_连营寨.pdf,a2504dd0-9a22-485e-848c-d08f96ade7ca,2,【第二场】,105,narration,narration,,,,说明,,,众将官起兵前往,众将官起兵前往。,众将官起兵前往。
pdf_01000000__01006001___9c7557117a,连营寨,pdf_01000000__01006001___9c7557117a__line__000107,pdf_01000000__01006001___9c7557117a__scene__002,01006001_连营寨.pdf,D:\University_studies\Junior\data_visualization\experiment\final_self\opera_dataset\01000000\01006001_连营寨.pdf,01000000/01006001_连营寨.pdf,a2504dd0-9a22-485e-848c-d08f96ade7ca,2,【第二场】,107,stage_direction,stage_direction,,,众人同走圆场，甘宁上，会阵，开打。甘宁追蛮兵同下。,做,众人同走圆场，甘宁上，会阵，开打。甘宁追蛮兵同下。,上；下；走；打；追,众人,,（众人同走圆场，甘宁上，会阵，开打。甘宁追蛮兵同下。）
pdf_01000000__01006001___9c7557117a,连营寨,pdf_01000000__01006001___9c7557117a__line__000111,pdf_01000000__01006001___9c7557117a__scene__003,01006001_连营寨.pdf,D:\University_studies\Junior\data_visualization\experiment\final_self\opera_dataset\01000000\01006001_连营寨.pdf,01000000/01006001_连营寨.pdf,a2504dd0-9a22-485e-848c-d08f96ade7ca,3,【第三场】,111,stage_direction,stage_direction,,,沙摩柯、关兴、张苞、众人同上。〖上半段千秋岁〗。,做,沙摩柯、关兴、张苞、众人同上。〖上半段千秋岁〗。,上,关兴；众人；张苞,,（沙摩柯、关兴、张苞、众人同上。〖上半段千秋岁〗。）
pdf_01000000__01006001___9c7557117a,连营寨,pdf_01000000__01006001___9c7557117a__line__000113,pdf_01000000__01006001___9c7557117a__scene__003,01006001_连营寨.pdf,D:\University_studies\Junior\data_visualization\experiment\final_self\opera_dataset\01000000\01006001_连营寨.pdf,01000000/01006001_连营寨.pdf,a2504dd0-9a22-485e-848c-d08f96ade7ca,3,【第三场】,113,narration,narration,,,,说明,,,关兴,关兴、,关兴、
pdf_01000000__01006001___9c7557117a,连营寨,pdf_01000000__01006001___9c7557117a__line__000115,pdf_01000000__01006001___9c7557117a__scene__003,01006001_连营寨.pdf,D:\University_studies\Junior\data_visualization\experiment\final_self\opera_dataset\01000000\01006001_连营寨.pdf,01000000/01006001_连营寨.pdf,a2504dd0-9a22-485e-848c-d08f96ade7ca,3,【第三场】,115,dialogue,dialogue,张苞,pdf_01000000__01006001___9c7557117a__char__f8f94d9d51,同白,白,同白,念白,张苞,,张苞 （同白）
pdf_01000000__01006001___9c7557117a,连营寨,pdf_01000000__01006001___9c7557117a__line__000117,pdf_01000000__01006001___9c7557117a__scene__003,01006001_连营寨.pdf,D:\University_studies\Junior\data_visualization\experiment\final_self\opera_dataset\01000000\01006001_连营寨.pdf,01000000/01006001_连营寨.pdf,a2504dd0-9a22-485e-848c-d08f96ade7ca,3,【第三场】,117,narration,narration,,,,说明,,,甘宁厉害如何是好,甘宁厉害如何是好？,甘宁厉害如何是好？
pdf_01000000__01006001___9c7557117a,连营寨,pdf_01000000__01006001___9c7557117a__line__000119,pdf_01000000__01006001___9c7557117a__scene__003,01006001_连营寨.pdf,D:\University_studies\Junior\data_visualization\experiment\final_self\opera_dataset\01000000\01006001_连营寨.pdf,01000000/01006001_连营寨.pdf,a2504dd0-9a22-485e-848c-d08f96ade7ca,3,【第三场】,119,dialogue,dialogue,沙摩柯,pdf_01000000__01006001___9c7557117a__char__e020c2ce49,白,白,白,念白,沙摩柯,,沙摩柯 （白）
pdf_01000000__01006001___9c7557117a,连营寨,pdf_01000000__01006001___9c7557117a__line__000121,pdf_01000000__01006001___9c7557117a__scene__003,01006001_连营寨.pdf,D:\University_studies\Junior\data_visualization\experiment\final_self\opera_dataset\01000000\01006001_连营寨.pdf,01000000/01006001_连营寨.pdf,a2504dd0-9a22-485e-848c-d08f96ade7ca,3,【第三场】,121,narration,narration,,,,说明,,上；来；去,不妨；他若来时；乱箭齐发；哪怕他飞；天,不妨，他若来时，乱箭齐发，哪怕他飞上天去。,不妨，他若来时，乱箭齐发，哪怕他飞上天去。
pdf_01000000__01006001___9c7557117a,连营寨,pdf_01000000__01006001___9c7557117a__line__000123,pdf_01000000__01006001___9c7557117a__scene__003,01006001_连营寨.pdf,D:\University_studies\Junior\data_visualization\experiment\final_self\opera_dataset\01000000\01006001_连营寨.pdf,01000000/01006001_连营寨.pdf,a2504dd0-9a22-485e-848c-d08f96ade7ca,3,【第三场】,123,stage_direction,stage_direction,,,甘宁追上。四长枪手、四蛮兵同放箭，甘宁带箭下。,做,甘宁追上。四长枪手、四蛮兵同放箭，甘宁带箭下。,上；下；追,甘宁追；。四长枪手；四蛮兵同放箭；甘宁带箭,,（甘宁追上。四长枪手、四蛮兵同放箭，甘宁带箭下。）
pdf_01000000__01006001___9c7557117a,连营寨,pdf_01000000__01006001___9c7557117a__line__000125,pdf_01000000__01006001___9c7557117a__scene__003,01006001_连营寨.pdf,D:\University_studies\Junior\data_visualization\experiment\final_self\opera_dataset\01000000\01006001_连营寨.pdf,01000000/01006001_连营寨.pdf,a2504dd0-9a22-485e-848c-d08f96ade7ca,3,【第三场】,125,narration,narration,,,,说明,,,关兴,关兴、,关兴、
pdf_01000000__01006001___9c7557117a,连营寨,pdf_01000000__01006001___9c7557117a__line__000127,pdf_01000000__01006001___9c7557117a__scene__003,01006001_连营寨.pdf,D:\University_studies\Junior\data_visualization\experiment\final_self\opera_dataset\01000000\01006001_连营寨.pdf,01000000/01006001_连营寨.pdf,a2504dd0-9a22-485e-848c-d08f96ade7ca,3,【第三场】,127,dialogue,dialogue,张苞,pdf_01000000__01006001___9c7557117a__char__f8f94d9d51,同白,白,同白,念白,张苞,,张苞 （同白）
pdf_01000000__01006001___9c7557117a,连营寨,pdf_01000000__01006001___9c7557117a__line__000129,pdf_01000000__01006001___9c7557117a__scene__003,01006001_连营寨.pdf,D:\University_studies\Junior\data_visualization\experiment\final_self\opera_dataset\01000000\01006001_连营寨.pdf,01000000/01006001_连营寨.pdf,a2504dd0-9a22-485e-848c-d08f96ade7ca,3,【第三场】,129,narration,narration,,,,说明,,追,紧紧追赶,紧紧追赶。,紧紧追赶。
pdf_01000000__01006001___9c7557117a,连营寨,pdf_01000000__01006001___9c7557117a__line__000131,pdf_01000000__01006001___9c7557117a__scene__003,01006001_连营寨.pdf,D:\University_studies\Junior\data_visualization\experiment\final_self\opera_dataset\01000000\01006001_连营寨.pdf,01000000/01006001_连营寨.pdf,a2504dd0-9a22-485e-848c-d08f96ade7ca,3,【第三场】,131,stage_direction,stage_direction,,,〖下半段千秋岁〗。众人同下。,做,〖下半段千秋岁〗。众人同下。,下,众人,,（〖下半段千秋岁〗。众人同下。）
pdf_01000000__01006001___9c7557117a,连营寨,pdf_01000000__01006001___9c7557117a__line__000135,pdf_01000000__01006001___9c7557117a__scene__004,01006001_连营寨.pdf,D:\University_studies\Junior\data_visualization\experiment\final_self\opera_dataset\01000000\01006001_连营寨.pdf,01000000/01006001_连营寨.pdf,a2504dd0-9a22-485e-848c-d08f96ade7ca,4,【第四场】,135,stage_direction,stage_direction,,,内喊，甘宁上。,做,内喊，甘宁上。,上,内喊；甘宁,,（内喊，甘宁上。）
pdf_01000000__01006001___9c7557117a,连营寨,pdf_01000000__01006001___9c7557117a__line__000137,pdf_01000000__01006001___9c7557117a__scene__004,01006001_连营寨.pdf,D:\University_studies\Junior\data_visualization\experiment\final_self\opera_dataset\01000000\01006001_连营寨.pdf,01000000/01006001_连营寨.pdf,a2504dd0-9a22-485e-848c-d08f96ade7ca,4,【第四场】,137,dialogue,dialogue,甘宁,pdf_01000000__01006001___9c7557117a__char__864dbe974a,白,白,白,念白,甘宁,,甘宁 （白）
pdf_01000000__01006001___9c7557117a,连营寨,pdf_01000000__01006001___9c7557117a__line__000139,pdf_01000000__01006001___9c7557117a__scene__004,01006001_连营寨.pdf,D:\University_studies\Junior\data_visualization\experiment\final_self\opera_dataset\01000000\01006001_连营寨.pdf,01000000/01006001_连营寨.pdf,a2504dd0-9a22-485e-848c-d08f96ade7ca,4,【第四场】,139,narration,narration,,,,说明,,,罢了吓；罢了,罢了吓，罢了！,罢了吓，罢了！
pdf_01000000__01006001___9c7557117a,连营寨,pdf_01000000__01006001___9c7557117a__line__000141,pdf_01000000__01006001___9c7557117a__scene__004,01006001_连营寨.pdf,D:\University_studies\Junior\data_visualization\experiment\final_self\opera_dataset\01000000\01006001_连营寨.pdf,01000000/01006001_连营寨.pdf,a2504dd0-9a22-485e-848c-d08f96ade7ca,4,【第四场】,141,stage_direction,stage_direction,,,甘宁唱越恁好牌第一段。关兴、张苞、沙摩柯同追上，过场，同下。韩当、周泰、糜芳、傅士仁、马忠、夏旬、龙套同上，同下。,做,甘宁唱越恁好牌第一段。关兴、张苞、沙摩柯同追上，过场，同下。韩当、周泰、糜芳、傅士仁、马忠、夏旬、龙套同上，同下。,上；下；追,龙套；关兴；张苞,,（甘宁唱越恁好牌第一段。关兴、张苞、沙摩柯同追上，过场，同下。韩当、周泰、糜芳、傅士仁、马忠、夏旬、龙套同上，同下。）
pdf_01000000__01006001___9c7557117a,连营寨,pdf_01000000__01006001___9c7557117a__line__000143,pdf_01000000__01006001___9c7557117a__scene__004,01006001_连营寨.pdf,D:\University_studies\Junior\data_visualization\experiment\final_self\opera_dataset\01000000\01006001_连营寨.pdf,01000000/01006001_连营寨.pdf,a2504dd0-9a22-485e-848c-d08f96ade7ca,4,【第四场】,143,dialogue,dialogue,甘宁,pdf_01000000__01006001___9c7557117a__char__864dbe974a,白,白,白,念白,甘宁,,甘宁 （白）
pdf_01000000__01006001___9c7557117a,连营寨,pdf_01000000__01006001___9c7557117a__line__000145,pdf_01000000__01006001___9c7557117a__scene__004,01006001_连营寨.pdf,D:\University_studies\Junior\data_visualization\experiment\final_self\opera_dataset\01000000\01006001_连营寨.pdf,01000000/01006001_连营寨.pdf,a2504dd0-9a22-485e-848c-d08f96ade7ca,4,【第四场】,145,narration,narration,,,,说明,,上；来,哎呀；且住！蜀兵来得厉害；我军不能取胜；主；吓主；臣不能保全社稷了,哎呀，且住！蜀兵来得厉害，我军不能取胜，主上吓主上，臣不能保全社稷了。,哎呀，且住！蜀兵来得厉害，我军不能取胜，主上吓主上，臣不能保全社稷了。
pdf_01000000__01006001___9c7557117a,连营寨,pdf_01000000__01006001___9c7557117a__line__000147,pdf_01000000__01006001___9c7557117a__scene__004,01006001_连营寨.pdf,D:\University_studies\Junior\data_visualization\experiment\final_self\opera_dataset\01000000\01006001_连营寨.pdf,01000000/01006001_连营寨.pdf,a2504dd0-9a22-485e-848c-d08f96ade7ca,4,【第四场】,147,stage_direction,stage_direction,,,甘宁唱越恁好牌第二段，自刎。韩当、周泰、糜芳、傅士仁、马忠、夏旬、龙套同上。,做,甘宁唱越恁好牌第二段，自刎。韩当、周泰、糜芳、傅士仁、马忠、夏旬、龙套同上。,上；自刎,龙套,,（甘宁唱越恁好牌第二段，自刎。韩当、周泰、糜芳、傅士仁、马忠、夏旬、龙套同上。）
pdf_01000000__01006001___9c7557117a,连营寨,pdf_01000000__01006001___9c7557117a__line__000149,pdf_01000000__01006001___9c7557117a__scene__004,01006001_连营寨.pdf,D:\University_studies\Junior\data_visualization\experiment\final_self\opera_dataset\01000000\01006001_连营寨.pdf,01000000/01006001_连营寨.pdf,a2504dd0-9a22-485e-848c-d08f96ade7ca,4,【第四场】,149,dialogue,dialogue,韩当,pdf_01000000__01006001___9c7557117a__char__a27d322c75,白,白,白,念白,韩当,,韩当 （白）
pdf_01000000__01006001___9c7557117a,连营寨,pdf_01000000__01006001___9c7557117a__line__000151,pdf_01000000__01006001___9c7557117a__scene__004,01006001_连营寨.pdf,D:\University_studies\Junior\data_visualization\experiment\final_self\opera_dataset\01000000\01006001_连营寨.pdf,01000000/01006001_连营寨.pdf,a2504dd0-9a22-485e-848c-d08f96ade7ca,4,【第四场】,151,narration,narration,,,,说明,,进；请；拜,主帅已死；不能复生；须得拜本进京；请兵救援,主帅已死，不能复生，须得拜本进京，请兵救援。,主帅已死，不能复生，须得拜本进京，请兵救援。
pdf_01000000__01006001___9c7557117a,连营寨,pdf_01000000__01006001___9c7557117a__line__000153,pdf_01000000__01006001___9c7557117a__scene__004,01006001_连营寨.pdf,D:\University_studies\Junior\data_visualization\experiment\final_self\opera_dataset\01000000\01006001_连营寨.pdf,01000000/01006001_连营寨.pdf,a2504dd0-9a22-485e-848c-d08f96ade7ca,4,【第四场】,153,dialogue,dialogue,周泰,pdf_01000000__01006001___9c7557117a__char__a5c672b91e,白,白,白,念白,周泰,,周泰 （白）
pdf_01000000__01006001___9c7557117a,连营寨,pdf_01000000__01006001___9c7557117a__line__000155,pdf_01000000__01006001___9c7557117a__scene__004,01006001_连营寨.pdf,D:\University_studies\Junior\data_visualization\experiment\final_self\opera_dataset\01000000\01006001_连营寨.pdf,01000000/01006001_连营寨.pdf,a2504dd0-9a22-485e-848c-d08f96ade7ca,4,【第四场】,155,narration,narration,,,,说明,,,只是江南岸无人把守,只是江南岸无人把守。,只是江南岸无人把守。
pdf_01000000__01006001___9c7557117a,连营寨,pdf_01000000__01006001___9c7557117a__line__000157,pdf_01000000__01006001___9c7557117a__scene__004,01006001_连营寨.pdf,D:\University_studies\Junior\data_visualization\experiment\final_self\opera_dataset\01000000\01006001_连营寨.pdf,01000000/01006001_连营寨.pdf,a2504dd0-9a22-485e-848c-d08f96ade7ca,4,【第四场】,157,narration,narration,,,,说明,,,马忠,马忠、,马忠、
pdf_01000000__01006001___9c7557117a,连营寨,pdf_01000000__01006001___9c7557117a__line__000159,pdf_01000000__01006001___9c7557117a__scene__004,01006001_连营寨.pdf,D:\University_studies\Junior\data_visualization\experiment\final_self\opera_dataset\01000000\01006001_连营寨.pdf,01000000/01006001_连营寨.pdf,a2504dd0-9a22-485e-848c-d08f96ade7ca,4,【第四场】,159,dialogue,dialogue,麋芳,pdf_01000000__01006001___9c7557117a__char__edb2369591,同白,白,同白,念白,麋芳,,麋芳 （同白）
pdf_01000000__01006001___9c7557117a,连营寨,pdf_01000000__01006001___9c7557117a__line__000161,pdf_01000000__01006001___9c7557117a__scene__004,01006001_连营寨.pdf,D:\University_studies\Junior\data_visualization\experiment\final_self\opera_dataset\01000000\01006001_连营寨.pdf,01000000/01006001_连营寨.pdf,a2504dd0-9a22-485e-848c-d08f96ade7ca,4,【第四场】,161,narration,narration,,,,说明,,,我等把守江南岸,我等把守江南岸。,我等把守江南岸。
pdf_01000000__01006001___9c7557117a,连营寨,pdf_01000000__01006001___9c7557117a__line__000163,pdf_01000000__01006001___9c7557117a__scene__004,01006001_连营寨.pdf,D:\University_studies\Junior\data_visualization\experiment\final_self\opera_dataset\01000000\01006001_连营寨.pdf,01000000/01006001_连营寨.pdf,a2504dd0-9a22-485e-848c-d08f96ade7ca,4,【第四场】,163,narration,narration,,,,说明,,,韩当,韩当、,韩当、
pdf_01000000__01006001___9c7557117a,连营寨,pdf_01000000__01006001___9c7557117a__line__000165,pdf_01000000__01006001___9c7557117a__scene__004,01006001_连营寨.pdf,D:\University_studies\Junior\data_visualization\experiment\final_self\opera_dataset\01000000\01006001_连营寨.pdf,01000000/01006001_连营寨.pdf,a2504dd0-9a22-485e-848c-d08f96ade7ca,4,【第四场】,165,dialogue,dialogue,周泰,pdf_01000000__01006001___9c7557117a__char__a5c672b91e,同白,白,同白,念白,周泰,,周泰 （同白）
pdf_01000000__01006001___9c7557117a,连营寨,pdf_01000000__01006001___9c7557117a__line__000167,pdf_01000000__01006001___9c7557117a__scene__004,01006001_连营寨.pdf,D:\University_studies\Junior\data_visualization\experiment\final_self\opera_dataset\01000000\01006001_连营寨.pdf,01000000/01006001_连营寨.pdf,a2504dd0-9a22-485e-848c-d08f96ade7ca,4,【第四场】,167,narration,narration,,,,说明,,,我等把守江北岸,我等把守江北岸。,我等把守江北岸。
pdf_01000000__01006001___9c7557117a,连营寨,pdf_01000000__01006001___9c7557117a__line__000169,pdf_01000000__01006001___9c7557117a__scene__004,01006001_连营寨.pdf,D:\University_studies\Junior\data_visualization\experiment\final_self\opera_dataset\01000000\01006001_连营寨.pdf,01000000/01006001_连营寨.pdf,a2504dd0-9a22-485e-848c-d08f96ade7ca,4,【第四场】,169,narration,narration,,,,说明,,下；去,众将官；把守去者。（四大凯引韩当；周泰,众将官，把守去者。（四大凯引韩当、周泰同下。）,众将官，把守去者。（四大凯引韩当、周泰同下。）
pdf_01000000__01006001___9c7557117a,连营寨,pdf_01000000__01006001___9c7557117a__line__000171,pdf_01000000__01006001___9c7557117a__scene__004,01006001_连营寨.pdf,D:\University_studies\Junior\data_visualization\experiment\final_self\opera_dataset\01000000\01006001_连营寨.pdf,01000000/01006001_连营寨.pdf,a2504dd0-9a22-485e-848c-d08f96ade7ca,4,【第四场】,171,dialogue,dialogue,马忠,pdf_01000000__01006001___9c7557117a__char__a0da4d915a,白,白,白,念白,马忠,将军，此乃咽喉之地，须要小心把守。,马忠 （白） 将军，此乃咽喉之地，须要小心把守。
pdf_01000000__01006001___9c7557117a,连营寨,pdf_01000000__01006001___9c7557117a__line__000173,pdf_01000000__01006001___9c7557117a__scene__004,01006001_连营寨.pdf,D:\University_studies\Junior\data_visualization\experiment\final_self\opera_dataset\01000000\01006001_连营寨.pdf,01000000/01006001_连营寨.pdf,a2504dd0-9a22-485e-848c-d08f96ade7ca,4,【第四场】,173,stage_direction,stage_direction,,,马忠下。,做,马忠下。,下,马忠,,（马忠下。）
pdf_01000000__01006001___9c7557117a,连营寨,pdf_01000000__01006001___9c7557117a__line__000175,pdf_01000000__01006001___9c7557117a__scene__004,01006001_连营寨.pdf,D:\University_studies\Junior\data_visualization\experiment\final_self\opera_dataset\01000000\01006001_连营寨.pdf,01000000/01006001_连营寨.pdf,a2504dd0-9a22-485e-848c-d08f96ade7ca,4,【第四场】,175,narration,narration,,,,说明,,,麋芳,麋芳、,麋芳、
pdf_01000000__01006001___9c7557117a,连营寨,pdf_01000000__01006001___9c7557117a__line__000177,pdf_01000000__01006001___9c7557117a__scene__004,01006001_连营寨.pdf,D:\University_studies\Junior\data_visualization\experiment\final_self\opera_dataset\01000000\01006001_连营寨.pdf,01000000/01006001_连营寨.pdf,a2504dd0-9a22-485e-848c-d08f96ade7ca,4,【第四场】,177,dialogue,dialogue,傅士仁,pdf_01000000__01006001___9c7557117a__char__66179c4406,同白,白,同白,念白,傅士仁,众将，此乃咽喉之地，小心把守。,傅士仁 （同白） 众将，此乃咽喉之地，小心把守。
pdf_01000000__01006001___9c7557117a,连营寨,pdf_01000000__01006001___9c7557117a__line__000179,pdf_01000000__01006001___9c7557117a__scene__004,01006001_连营寨.pdf,D:\University_studies\Junior\data_visualization\experiment\final_self\opera_dataset\01000000\01006001_连营寨.pdf,01000000/01006001_连营寨.pdf,a2504dd0-9a22-485e-848c-d08f96ade7ca,4,【第四场】,179,stage_direction,stage_direction,,,糜芳、傅士仁同下。,做,糜芳、傅士仁同下。,下,糜芳；傅士仁,,（糜芳、傅士仁同下。）
pdf_01000000__01006001___9c7557117a,连营寨,pdf_01000000__01006001___9c7557117a__line__000181,pdf_01000000__01006001___9c7557117a__scene__004,01006001_连营寨.pdf,D:\University_studies\Junior\data_visualization\experiment\final_self\opera_dataset\01000000\01006001_连营寨.pdf,01000000/01006001_连营寨.pdf,a2504dd0-9a22-485e-848c-d08f96ade7ca,4,【第四场】,181,dialogue,dialogue,众将,pdf_01000000__01006001___9c7557117a__char__7b28a9cc8c,同白,白,同白,看；念白,众将；刘备,列位将军，看蜀兵每每得胜，此地难保，不免将麋芳傅士仁的首级，献于刘备，岂不是头功！,众将 （同白） 列位将军，看蜀兵每每得胜，此地难保，不免将麋芳傅士仁的首级，献于刘备，岂不是头功！
pdf_01000000__01006001___9c7557117a,连营寨,pdf_01000000__01006001___9c7557117a__line__000183,pdf_01000000__01006001___9c7557117a__scene__004,01006001_连营寨.pdf,D:\University_studies\Junior\data_visualization\experiment\final_self\opera_dataset\01000000\01006001_连营寨.pdf,01000000/01006001_连营寨.pdf,a2504dd0-9a22-485e-848c-d08f96ade7ca,4,【第四场】,183,dialogue,dialogue,众将,pdf_01000000__01006001___9c7557117a__char__7b28a9cc8c,同白,白,同白,请；念白,众将,言之有理，请！,众将 （同白） 言之有理，请！
pdf_01000000__01006001___9c7557117a,连营寨,pdf_01000000__01006001___9c7557117a__line__000185,pdf_01000000__01006001___9c7557117a__scene__004,01006001_连营寨.pdf,D:\University_studies\Junior\data_visualization\experiment\final_self\opera_dataset\01000000\01006001_连营寨.pdf,01000000/01006001_连营寨.pdf,a2504dd0-9a22-485e-848c-d08f96ade7ca,4,【第四场】,185,stage_direction,stage_direction,,,众将同下。,做,众将同下。,下,众将,,（众将同下。）
pdf_01000000__01006001___9c7557117a,连营寨,pdf_01000000__01006001___9c7557117a__line__000189,pdf_01000000__01006001___9c7557117a__scene__005,01006001_连营寨.pdf,D:\University_studies\Junior\data_visualization\experiment\final_self\opera_dataset\01000000\01006001_连营寨.pdf,01000000/01006001_连营寨.pdf,a2504dd0-9a22-485e-848c-d08f96ade7ca,5,【第五场】,189,stage_direction,stage_direction,,,麋芳、傅士仁同上。,做,麋芳、傅士仁同上。,上,麋芳；傅士仁,,（麋芳、傅士仁同上。）
pdf_01000000__01006001___9c7557117a,连营寨,pdf_01000000__01006001___9c7557117a__line__000191,pdf_01000000__01006001___9c7557117a__scene__005,01006001_连营寨.pdf,D:\University_studies\Junior\data_visualization\experiment\final_self\opera_dataset\01000000\01006001_连营寨.pdf,01000000/01006001_连营寨.pdf,a2504dd0-9a22-485e-848c-d08f96ade7ca,5,【第五场】,191,dialogue,dialogue,麋芳,pdf_01000000__01006001___9c7557117a__char__edb2369591,白,白,白,杀；念白,刘备；麋芳,哎吓将军，方才三军言到，要杀你我，献于刘备，如何是好？,麋芳 （白） 哎吓将军，方才三军言到，要杀你我，献于刘备，如何是好？
pdf_01000000__01006001___9c7557117a,连营寨,pdf_01000000__01006001___9c7557117a__line__000193,pdf_01000000__01006001___9c7557117a__scene__005,01006001_连营寨.pdf,D:\University_studies\Junior\data_visualization\experiment\final_self\opera_dataset\01000000\01006001_连营寨.pdf,01000000/01006001_连营寨.pdf,a2504dd0-9a22-485e-848c-d08f96ade7ca,5,【第五场】,193,dialogue,dialogue,傅士仁,pdf_01000000__01006001___9c7557117a__char__66179c4406,白,白,白,杀；念白,傅士仁；刘备,不妨，趁此无人，将马忠杀死，献于刘备，岂不是好？,傅士仁 （白） 不妨，趁此无人，将马忠杀死，献于刘备，岂不是好？
pdf_01000000__01006001___9c7557117a,连营寨,pdf_01000000__01006001___9c7557117a__line__000195,pdf_01000000__01006001___9c7557117a__scene__005,01006001_连营寨.pdf,D:\University_studies\Junior\data_visualization\experiment\final_self\opera_dataset\01000000\01006001_连营寨.pdf,01000000/01006001_连营寨.pdf,a2504dd0-9a22-485e-848c-d08f96ade7ca,5,【第五场】,195,dialogue,dialogue,糜芳,pdf_01000000__01006001___9c7557117a__char__30c8977426,白,白,白,念白,糜芳,言之有理。,糜芳 （白） 言之有理。
pdf_01000000__01006001___9c7557117a,连营寨,pdf_01000000__01006001___9c7557117a__line__000197,pdf_01000000__01006001___9c7557117a__scene__005,01006001_连营寨.pdf,D:\University_studies\Junior\data_visualization\experiment\final_self\opera_dataset\01000000\01006001_连营寨.pdf,01000000/01006001_连营寨.pdf,a2504dd0-9a22-485e-848c-d08f96ade7ca,5,【第五场】,197,stage_direction,stage_direction,,,糜芳、傅士仁同下。马忠上，麋芳、傅士仁同上，杀马忠，马忠下。,做,糜芳、傅士仁同下。马忠上，麋芳、傅士仁同上，杀马忠，马忠下。,上；下；杀,糜芳；傅士仁；。马忠；麋芳；杀马忠；马忠,,（糜芳、傅士仁同下。马忠上，麋芳、傅士仁同上，杀马忠，马忠下。）
pdf_01000000__01006001___9c7557117a,连营寨,pdf_01000000__01006001___9c7557117a__line__000199,pdf_01000000__01006001___9c7557117a__scene__005,01006001_连营寨.pdf,D:\University_studies\Junior\data_visualization\experiment\final_self\opera_dataset\01000000\01006001_连营寨.pdf,01000000/01006001_连营寨.pdf,a2504dd0-9a22-485e-848c-d08f96ade7ca,5,【第五场】,199,dialogue,dialogue,傅士仁,pdf_01000000__01006001___9c7557117a__char__66179c4406,同白,白,同白,走；念白,傅士仁,趁此无人，就此走了罢，正是：,傅士仁 （同白） 趁此无人，就此走了罢，正是：
pdf_01000000__01006001___9c7557117a,连营寨,pdf_01000000__01006001___9c7557117a__line__000201,pdf_01000000__01006001___9c7557117a__scene__005,01006001_连营寨.pdf,D:\University_studies\Junior\data_visualization\experiment\final_self\opera_dataset\01000000\01006001_连营寨.pdf,01000000/01006001_连营寨.pdf,a2504dd0-9a22-485e-848c-d08f96ade7ca,5,【第五场】,201,dialogue,dialogue,糜芳,pdf_01000000__01006001___9c7557117a__char__30c8977426,念,念,念,上,糜芳,瓦罐不离井上破，,糜芳 （念） 瓦罐不离井上破，
pdf_01000000__01006001___9c7557117a,连营寨,pdf_01000000__01006001___9c7557117a__line__000203,pdf_01000000__01006001___9c7557117a__scene__005,01006001_连营寨.pdf,D:\University_studies\Junior\data_visualization\experiment\final_self\opera_dataset\01000000\01006001_连营寨.pdf,01000000/01006001_连营寨.pdf,a2504dd0-9a22-485e-848c-d08f96ade7ca,5,【第五场】,203,dialogue,dialogue,傅士仁,pdf_01000000__01006001___9c7557117a__char__66179c4406,念,念,念,,傅士仁,将军难免阵前亡。,傅士仁 （念） 将军难免阵前亡。
pdf_01000000__01006001___9c7557117a,连营寨,pdf_01000000__01006001___9c7557117a__line__000205,pdf_01000000__01006001___9c7557117a__scene__005,01006001_连营寨.pdf,D:\University_studies\Junior\data_visualization\experiment\final_self\opera_dataset\01000000\01006001_连营寨.pdf,01000000/01006001_连营寨.pdf,a2504dd0-9a22-485e-848c-d08f96ade7ca,5,【第五场】,205,stage_direction,stage_direction,,,糜芳、傅士仁同下。,做,糜芳、傅士仁同下。,下,糜芳；傅士仁,,（糜芳、傅士仁同下。）
pdf_01000000__01006001___9c7557117a,连营寨,pdf_01000000__01006001___9c7557117a__line__000209,pdf_01000000__01006001___9c7557117a__scene__006,01006001_连营寨.pdf,D:\University_studies\Junior\data_visualization\experiment\final_self\opera_dataset\01000000\01006001_连营寨.pdf,01000000/01006001_连营寨.pdf,a2504dd0-9a22-485e-848c-d08f96ade7ca,6,【第六场】,209,stage_direction,stage_direction,,,吕范、诸葛瑾、阚泽、赵咨同上。,做,吕范、诸葛瑾、阚泽、赵咨同上。,上,吕范；诸葛瑾；阚泽；赵咨,,（吕范、诸葛瑾、阚泽、赵咨同上。）
pdf_01000000__01006001___9c7557117a,连营寨,pdf_01000000__01006001___9c7557117a__line__000211,pdf_01000000__01006001___9c7557117a__scene__006,01006001_连营寨.pdf,D:\University_studies\Junior\data_visualization\experiment\final_self\opera_dataset\01000000\01006001_连营寨.pdf,01000000/01006001_连营寨.pdf,a2504dd0-9a22-485e-848c-d08f96ade7ca,6,【第六场】,211,dialogue,dialogue,吕范,pdf_01000000__01006001___9c7557117a__char__34639d6037,念,念,念,,吕范,五云露出催晓箭，,吕范 （念） 五云露出催晓箭，
pdf_01000000__01006001___9c7557117a,连营寨,pdf_01000000__01006001___9c7557117a__line__000213,pdf_01000000__01006001___9c7557117a__scene__006,01006001_连营寨.pdf,D:\University_studies\Junior\data_visualization\experiment\final_self\opera_dataset\01000000\01006001_连营寨.pdf,01000000/01006001_连营寨.pdf,a2504dd0-9a22-485e-848c-d08f96ade7ca,6,【第六场】,213,dialogue,dialogue,诸葛瑾,pdf_01000000__01006001___9c7557117a__char__5968ccb01b,念,念,念,,诸葛瑾,九重春色醉仙桃。,诸葛瑾 （念） 九重春色醉仙桃。
pdf_01000000__01006001___9c7557117a,连营寨,pdf_01000000__01006001___9c7557117a__line__000215,pdf_01000000__01006001___9c7557117a__scene__006,01006001_连营寨.pdf,D:\University_studies\Junior\data_visualization\experiment\final_self\opera_dataset\01000000\01006001_连营寨.pdf,01000000/01006001_连营寨.pdf,a2504dd0-9a22-485e-848c-d08f96ade7ca,6,【第六场】,215,dialogue,dialogue,阚泽,pdf_01000000__01006001___9c7557117a__char__5341249577,念,念,念,,阚泽,旌旗日暖龙蛇动，,阚泽 （念） 旌旗日暖龙蛇动，
pdf_01000000__01006001___9c7557117a,连营寨,pdf_01000000__01006001___9c7557117a__line__000217,pdf_01000000__01006001___9c7557117a__scene__006,01006001_连营寨.pdf,D:\University_studies\Junior\data_visualization\experiment\final_self\opera_dataset\01000000\01006001_连营寨.pdf,01000000/01006001_连营寨.pdf,a2504dd0-9a22-485e-848c-d08f96ade7ca,6,【第六场】,217,dialogue,dialogue,赵咨,pdf_01000000__01006001___9c7557117a__char__5dda806970,念,念,念,,赵咨,金殿风和燕雀高。,赵咨 （念） 金殿风和燕雀高。
pdf_01000000__01006001___9c7557117a,连营寨,pdf_01000000__01006001___9c7557117a__line__000219,pdf_01000000__01006001___9c7557117a__scene__006,01006001_连营寨.pdf,D:\University_studies\Junior\data_visualization\experiment\final_self\opera_dataset\01000000\01006001_连营寨.pdf,01000000/01006001_连营寨.pdf,a2504dd0-9a22-485e-848c-d08f96ade7ca,6,【第六场】,219,dialogue,dialogue,吕范,pdf_01000000__01006001___9c7557117a__char__34639d6037,白,白,白,下；念白,吕范,下官吕范。,吕范 （白） 下官吕范。
pdf_01000000__01006001___9c7557117a,连营寨,pdf_01000000__01006001___9c7557117a__line__000221,pdf_01000000__01006001___9c7557117a__scene__006,01006001_连营寨.pdf,D:\University_studies\Junior\data_visualization\experiment\final_self\opera_dataset\01000000\01006001_连营寨.pdf,01000000/01006001_连营寨.pdf,a2504dd0-9a22-485e-848c-d08f96ade7ca,6,【第六场】,221,dialogue,dialogue,诸葛瑾,pdf_01000000__01006001___9c7557117a__char__5968ccb01b,白,白,白,下；念白,诸葛瑾,下官诸葛瑾。,诸葛瑾 （白） 下官诸葛瑾。
pdf_01000000__01006001___9c7557117a,连营寨,pdf_01000000__01006001___9c7557117a__line__000223,pdf_01000000__01006001___9c7557117a__scene__006,01006001_连营寨.pdf,D:\University_studies\Junior\data_visualization\experiment\final_self\opera_dataset\01000000\01006001_连营寨.pdf,01000000/01006001_连营寨.pdf,a2504dd0-9a22-485e-848c-d08f96ade7ca,6,【第六场】,223,dialogue,dialogue,阚泽,pdf_01000000__01006001___9c7557117a__char__5341249577,白,白,白,下；念白,阚泽,下官阚泽。,阚泽 （白） 下官阚泽。
pdf_01000000__01006001___9c7557117a,连营寨,pdf_01000000__01006001___9c7557117a__line__000225,pdf_01000000__01006001___9c7557117a__scene__006,01006001_连营寨.pdf,D:\University_studies\Junior\data_visualization\experiment\final_self\opera_dataset\01000000\01006001_连营寨.pdf,01000000/01006001_连营寨.pdf,a2504dd0-9a22-485e-848c-d08f96ade7ca,6,【第六场】,225,dialogue,dialogue,赵咨,pdf_01000000__01006001___9c7557117a__char__5dda806970,白,白,白,下；念白,赵咨,下官赵咨。,赵咨 （白） 下官赵咨。
pdf_01000000__01006001___9c7557117a,连营寨,pdf_01000000__01006001___9c7557117a__line__000227,pdf_01000000__01006001___9c7557117a__scene__006,01006001_连营寨.pdf,D:\University_studies\Junior\data_visualization\experiment\final_self\opera_dataset\01000000\01006001_连营寨.pdf,01000000/01006001_连营寨.pdf,a2504dd0-9a22-485e-848c-d08f96ade7ca,6,【第六场】,227,dialogue,dialogue,吕范,pdf_01000000__01006001___9c7557117a__char__34639d6037,白,白,白,请；念白,吕范,请了。,吕范 （白） 请了。
pdf_01000000__01006001___9c7557117a,连营寨,pdf_01000000__01006001___9c7557117a__line__000229,pdf_01000000__01006001___9c7557117a__scene__006,01006001_连营寨.pdf,D:\University_studies\Junior\data_visualization\experiment\final_self\opera_dataset\01000000\01006001_连营寨.pdf,01000000/01006001_连营寨.pdf,a2504dd0-9a22-485e-848c-d08f96ade7ca,6,【第六场】,229,dialogue,dialogue,,,同白,白,同白,请；念白,同白）；请了,请了。,（同白） 请了。
pdf_01000000__01006001___9c7557117a,连营寨,pdf_01000000__01006001___9c7557117a__line__000231,pdf_01000000__01006001___9c7557117a__scene__006,01006001_连营寨.pdf,D:\University_studies\Junior\data_visualization\experiment\final_self\opera_dataset\01000000\01006001_连营寨.pdf,01000000/01006001_连营寨.pdf,a2504dd0-9a22-485e-848c-d08f96ade7ca,6,【第六场】,231,dialogue,dialogue,吕范,pdf_01000000__01006001___9c7557117a__char__34639d6037,白,白,白,念白,吕范,主公登殿，排班伺候。,吕范 （白） 主公登殿，排班伺候。
pdf_01000000__01006001___9c7557117a,连营寨,pdf_01000000__01006001___9c7557117a__line__000233,pdf_01000000__01006001___9c7557117a__scene__006,01006001_连营寨.pdf,D:\University_studies\Junior\data_visualization\experiment\final_self\opera_dataset\01000000\01006001_连营寨.pdf,01000000/01006001_连营寨.pdf,a2504dd0-9a22-485e-848c-d08f96ade7ca,6,【第六场】,233,dialogue,dialogue,众人,pdf_01000000__01006001___9c7557117a__char__8e13ac0691,同白,白,同白,请；念白,众人,请。,众人 （同白） 请。
pdf_01000000__01006001___9c7557117a,连营寨,pdf_01000000__01006001___9c7557117a__line__000235,pdf_01000000__01006001___9c7557117a__scene__006,01006001_连营寨.pdf,D:\University_studies\Junior\data_visualization\experiment\final_self\opera_dataset\01000000\01006001_连营寨.pdf,01000000/01006001_连营寨.pdf,a2504dd0-9a22-485e-848c-d08f96ade7ca,6,【第六场】,235,stage_direction,stage_direction,,,四太监引孙权同上。,做,四太监引孙权同上。,上,孙权,,（四太监引孙权同上。）
pdf_01000000__01006001___9c7557117a,连营寨,pdf_01000000__01006001___9c7557117a__line__000237,pdf_01000000__01006001___9c7557117a__scene__006,01006001_连营寨.pdf,D:\University_studies\Junior\data_visualization\experiment\final_self\opera_dataset\01000000\01006001_连营寨.pdf,01000000/01006001_连营寨.pdf,a2504dd0-9a22-485e-848c-d08f96ade7ca,6,【第六场】,237,dialogue,dialogue,孙权,pdf_01000000__01006001___9c7557117a__char__877fe3dfd1,引子,对白,引子,,孙权；刘备,终日焦劳，恨刘备，心似咆哮。,孙权 （引子） 终日焦劳，恨刘备，心似咆哮。
pdf_01000000__01006001___9c7557117a,连营寨,pdf_01000000__01006001___9c7557117a__line__000239,pdf_01000000__01006001___9c7557117a__scene__006,01006001_连营寨.pdf,D:\University_studies\Junior\data_visualization\experiment\final_self\opera_dataset\01000000\01006001_连营寨.pdf,01000000/01006001_连营寨.pdf,a2504dd0-9a22-485e-848c-d08f96ade7ca,6,【第六场】,239,dialogue,dialogue,众人,pdf_01000000__01006001___9c7557117a__char__8e13ac0691,同白,白,同白,念白,众人,臣等见驾，主公千岁。,众人 （同白） 臣等见驾，主公千岁。
pdf_01000000__01006001___9c7557117a,连营寨,pdf_01000000__01006001___9c7557117a__line__000241,pdf_01000000__01006001___9c7557117a__scene__006,01006001_连营寨.pdf,D:\University_studies\Junior\data_visualization\experiment\final_self\opera_dataset\01000000\01006001_连营寨.pdf,01000000/01006001_连营寨.pdf,a2504dd0-9a22-485e-848c-d08f96ade7ca,6,【第六场】,241,dialogue,dialogue,孙权,pdf_01000000__01006001___9c7557117a__char__877fe3dfd1,白,白,白,念白,孙权,平身。,孙权 （白） 平身。
pdf_01000000__01006001___9c7557117a,连营寨,pdf_01000000__01006001___9c7557117a__line__000243,pdf_01000000__01006001___9c7557117a__scene__006,01006001_连营寨.pdf,D:\University_studies\Junior\data_visualization\experiment\final_self\opera_dataset\01000000\01006001_连营寨.pdf,01000000/01006001_连营寨.pdf,a2504dd0-9a22-485e-848c-d08f96ade7ca,6,【第六场】,243,dialogue,dialogue,众人,pdf_01000000__01006001___9c7557117a__char__8e13ac0691,同白,白,同白,念白,众人,千千岁。,众人 （同白） 千千岁。
pdf_01000000__01006001___9c7557117a,连营寨,pdf_01000000__01006001___9c7557117a__line__000245,pdf_01000000__01006001___9c7557117a__scene__006,01006001_连营寨.pdf,D:\University_studies\Junior\data_visualization\experiment\final_self\opera_dataset\01000000\01006001_连营寨.pdf,01000000/01006001_连营寨.pdf,a2504dd0-9a22-485e-848c-d08f96ade7ca,6,【第六场】,245,dialogue,dialogue,孙权,pdf_01000000__01006001___9c7557117a__char__877fe3dfd1,念,念,念,下；来,孙权；刘备,昔日曹瞒下江东，全凭周郎巧计攻。如今刘备来征讨，只怕山河落了空。,孙权 （念） 昔日曹瞒下江东，全凭周郎巧计攻。如今刘备来征讨，只怕山河落了空。
pdf_01000000__01006001___9c7557117a,连营寨,pdf_01000000__01006001___9c7557117a__line__000247,pdf_01000000__01006001___9c7557117a__scene__006,01006001_连营寨.pdf,D:\University_studies\Junior\data_visualization\experiment\final_self\opera_dataset\01000000\01006001_连营寨.pdf,01000000/01006001_连营寨.pdf,a2504dd0-9a22-485e-848c-d08f96ade7ca,6,【第六场】,247,dialogue,dialogue,,,白,白,白,去；念白,刘备,孤，姓孙名权，字仲谋。受父兄之基业，所辖江东一带等处，可恨刘备占去城池，我兵不能取胜，孤心甚是忧虑也。,（白） 孤，姓孙名权，字仲谋。受父兄之基业，所辖江东一带等处，可恨刘备占去城池，我兵不能取胜，孤心甚是忧虑也。
pdf_01000000__01006001___9c7557117a,连营寨,pdf_01000000__01006001___9c7557117a__line__000249,pdf_01000000__01006001___9c7557117a__scene__006,01006001_连营寨.pdf,D:\University_studies\Junior\data_visualization\experiment\final_self\opera_dataset\01000000\01006001_连营寨.pdf,01000000/01006001_连营寨.pdf,a2504dd0-9a22-485e-848c-d08f96ade7ca,6,【第六场】,249,dialogue,dialogue,吕范,pdf_01000000__01006001___9c7557117a__char__34639d6037,白,白,白,来；看；请；拜；念白,吕范,启主公：今有韩当、周泰拜本前来，请主公观看。,吕范 （白） 启主公：今有韩当、周泰拜本前来，请主公观看。
pdf_01000000__01006001___9c7557117a,连营寨,pdf_01000000__01006001___9c7557117a__line__000251,pdf_01000000__01006001___9c7557117a__scene__006,01006001_连营寨.pdf,D:\University_studies\Junior\data_visualization\experiment\final_self\opera_dataset\01000000\01006001_连营寨.pdf,01000000/01006001_连营寨.pdf,a2504dd0-9a22-485e-848c-d08f96ade7ca,6,【第六场】,251,dialogue,dialogue,孙权,pdf_01000000__01006001___9c7557117a__char__877fe3dfd1,白,白,白,上；来；念白,孙权,呈上来。,孙权 （白） 呈上来。
pdf_01000000__01006001___9c7557117a,连营寨,pdf_01000000__01006001___9c7557117a__line__000253,pdf_01000000__01006001___9c7557117a__scene__006,01006001_连营寨.pdf,D:\University_studies\Junior\data_visualization\experiment\final_self\opera_dataset\01000000\01006001_连营寨.pdf,01000000/01006001_连营寨.pdf,a2504dd0-9a22-485e-848c-d08f96ade7ca,6,【第六场】,253,stage_direction,stage_direction,,,吕范呈本，孙权看。,做,吕范呈本，孙权看。,看,孙权,,（吕范呈本，孙权看。）
pdf_01000000__01006001___9c7557117a,连营寨,pdf_01000000__01006001___9c7557117a__line__000255,pdf_01000000__01006001___9c7557117a__scene__006,01006001_连营寨.pdf,D:\University_studies\Junior\data_visualization\experiment\final_self\opera_dataset\01000000\01006001_连营寨.pdf,01000000/01006001_连营寨.pdf,a2504dd0-9a22-485e-848c-d08f96ade7ca,6,【第六场】,255,dialogue,dialogue,孙权,pdf_01000000__01006001___9c7557117a__char__877fe3dfd1,白,白,白,请；念白,孙权,“甘宁阵亡”。哎吓，卿家吓！“请兵救援”！咳，昔日有周郎，周郎之后有子敬，子敬之后有吕蒙，如今国空邦虚，有谁解孤之危也？,孙权 （白） “甘宁阵亡”。哎吓，卿家吓！“请兵救援”！咳，昔日有周郎，周郎之后有子敬，子敬之后有吕蒙，如今国空邦虚，有谁解孤之危也？
pdf_01000000__01006001___9c7557117a,连营寨,pdf_01000000__01006001___9c7557117a__line__000261,pdf_01000000__01006001___9c7557117a__scene__007,01006001_连营寨.pdf,D:\University_studies\Junior\data_visualization\experiment\final_self\opera_dataset\01000000\01006001_连营寨.pdf,01000000/01006001_连营寨.pdf,a2504dd0-9a22-485e-848c-d08f96ade7ca,7,【第七场】,261,dialogue,dialogue,刘备,pdf_01000000__01006001___9c7557117a__char__fe7cc1b6d6,念,念,念,坐,刘备,"梦寐坐卧恨吴狗,灭却东吴方罢休!","刘备（念）梦寐坐卧恨吴狗,灭却东吴方罢休!"
pdf_01000000__01006001___9c7557117a,连营寨,pdf_01000000__01006001___9c7557117a__line__000261,pdf_01000000__01006001___9c7557117a__scene__007,01006001_连营寨.pdf,D:\University_studies\Junior\data_visualization\experiment\final_self\opera_dataset\01000000\01006001_连营寨.pdf,01000000/01006001_连营寨.pdf,a2504dd0-9a22-485e-848c-d08f96ade7ca,7,【第七场】,261,dialogue,dialogue,关兴,pdf_01000000__01006001___9c7557117a__char__e7c6f5cec8,念,念,念,,关兴,"心中怀旧恨,","关兴（念）心中怀旧恨,"
pdf_01000000__01006001___9c7557117a,连营寨,pdf_01000000__01006001___9c7557117a__line__000261,pdf_01000000__01006001___9c7557117a__scene__007,01006001_连营寨.pdf,D:\University_studies\Junior\data_visualization\experiment\final_self\opera_dataset\01000000\01006001_连营寨.pdf,01000000/01006001_连营寨.pdf,a2504dd0-9a22-485e-848c-d08f96ade7ca,7,【第七场】,261,dialogue,dialogue,张苞,pdf_01000000__01006001___9c7557117a__char__f8f94d9d51,念,念,念,,张苞,不共戴天仇。,张苞（念）不共戴天仇。
pdf_01000000__01006001___9c7557117a,连营寨,pdf_01000000__01006001___9c7557117a__line__000261,pdf_01000000__01006001___9c7557117a__scene__007,01006001_连营寨.pdf,D:\University_studies\Junior\data_visualization\experiment\final_self\opera_dataset\01000000\01006001_连营寨.pdf,01000000/01006001_连营寨.pdf,a2504dd0-9a22-485e-848c-d08f96ade7ca,7,【第七场】,261,dialogue,dialogue,关兴、张苞,pdf_01000000__01006001___9c7557117a__char__352b5527f0,同白,白,同白,来；念白,关兴、张苞；关兴；张苞,"启皇伯:今有麋芳、傅士仁,解马忠首级来见。","关兴、张苞（同白）启皇伯:今有麋芳、傅士仁,解马忠首级来见。"
pdf_01000000__01006001___9c7557117a,连营寨,pdf_01000000__01006001___9c7557117a__line__000261,pdf_01000000__01006001___9c7557117a__scene__007,01006001_连营寨.pdf,D:\University_studies\Junior\data_visualization\experiment\final_self\opera_dataset\01000000\01006001_连营寨.pdf,01000000/01006001_连营寨.pdf,a2504dd0-9a22-485e-848c-d08f96ade7ca,7,【第七场】,261,dialogue,dialogue,刘备,pdf_01000000__01006001___9c7557117a__char__fe7cc1b6d6,白,白,白,上；来；念白,刘备,二贼来了!绑上来!,刘备（白）二贼来了!绑上来!
pdf_01000000__01006001___9c7557117a,连营寨,pdf_01000000__01006001___9c7557117a__line__000261,pdf_01000000__01006001___9c7557117a__scene__007,01006001_连营寨.pdf,D:\University_studies\Junior\data_visualization\experiment\final_self\opera_dataset\01000000\01006001_连营寨.pdf,01000000/01006001_连营寨.pdf,a2504dd0-9a22-485e-848c-d08f96ade7ca,7,【第七场】,261,dialogue,dialogue,关兴、张苞,pdf_01000000__01006001___9c7557117a__char__352b5527f0,同白,白,同白,上；来；念白,关兴、张苞；关兴；张苞,绑上来!,关兴、张苞（同白）绑上来!
pdf_01000000__01006001___9c7557117a,连营寨,pdf_01000000__01006001___9c7557117a__line__000261,pdf_01000000__01006001___9c7557117a__scene__007,01006001_连营寨.pdf,D:\University_studies\Junior\data_visualization\experiment\final_self\opera_dataset\01000000\01006001_连营寨.pdf,01000000/01006001_连营寨.pdf,a2504dd0-9a22-485e-848c-d08f96ade7ca,7,【第七场】,261,dialogue,dialogue,刘备,pdf_01000000__01006001___9c7557117a__char__fe7cc1b6d6,白,白,白,念白,刘备,好贼子!,刘备（白）好贼子!
pdf_01000000__01006001___9c7557117a,连营寨,pdf_01000000__01006001___9c7557117a__line__000261,pdf_01000000__01006001___9c7557117a__scene__007,01006001_连营寨.pdf,D:\University_studies\Junior\data_visualization\experiment\final_self\opera_dataset\01000000\01006001_连营寨.pdf,01000000/01006001_连营寨.pdf,a2504dd0-9a22-485e-848c-d08f96ade7ca,7,【第七场】,261,dialogue,dialogue,张南,pdf_01000000__01006001___9c7557117a__char__e8536fb687,白,白,白,来；念白,张南,"启主公:今有诸葛瑾,解范疆、张达并三千岁的首级来见。","张南（白）启主公:今有诸葛瑾,解范疆、张达并三千岁的首级来见。"
pdf_01000000__01006001___9c7557117a,连营寨,pdf_01000000__01006001___9c7557117a__line__000261,pdf_01000000__01006001___9c7557117a__scene__007,01006001_连营寨.pdf,D:\University_studies\Junior\data_visualization\experiment\final_self\opera_dataset\01000000\01006001_连营寨.pdf,01000000/01006001_连营寨.pdf,a2504dd0-9a22-485e-848c-d08f96ade7ca,7,【第七场】,261,dialogue,dialogue,刘备,pdf_01000000__01006001___9c7557117a__char__fe7cc1b6d6,白,白,白,来；念白,刘备,"吓,三千岁的首级来了,阿呀三弟吓!","刘备（白）吓,三千岁的首级来了,阿呀三弟吓!"
pdf_01000000__01006001___9c7557117a,连营寨,pdf_01000000__01006001___9c7557117a__line__000261,pdf_01000000__01006001___9c7557117a__scene__007,01006001_连营寨.pdf,D:\University_studies\Junior\data_visualization\experiment\final_self\opera_dataset\01000000\01006001_连营寨.pdf,01000000/01006001_连营寨.pdf,a2504dd0-9a22-485e-848c-d08f96ade7ca,7,【第七场】,261,dialogue,dialogue,关兴、张苞,pdf_01000000__01006001___9c7557117a__char__352b5527f0,同白,白,同白,命；念白,关兴、张苞；关兴；张苞,遵命。,关兴、张苞（同白）遵命。
pdf_01000000__01006001___9c7557117a,连营寨,pdf_01000000__01006001___9c7557117a__line__000261,pdf_01000000__01006001___9c7557117a__scene__007,01006001_连营寨.pdf,D:\University_studies\Junior\data_visualization\experiment\final_self\opera_dataset\01000000\01006001_连营寨.pdf,01000000/01006001_连营寨.pdf,a2504dd0-9a22-485e-848c-d08f96ade7ca,7,【第七场】,261,dialogue,dialogue,刘备,pdf_01000000__01006001___9c7557117a__char__fe7cc1b6d6,白,白,白,请；念白,刘备,请诸葛瑾。,刘备（白）请诸葛瑾。
pdf_01000000__01006001___9c7557117a,连营寨,pdf_01000000__01006001___9c7557117a__line__000261,pdf_01000000__01006001___9c7557117a__scene__007,01006001_连营寨.pdf,D:\University_studies\Junior\data_visualization\experiment\final_self\opera_dataset\01000000\01006001_连营寨.pdf,01000000/01006001_连营寨.pdf,a2504dd0-9a22-485e-848c-d08f96ade7ca,7,【第七场】,261,dialogue,dialogue,张南,pdf_01000000__01006001___9c7557117a__char__e8536fb687,白,白,白,请；念白,张南,有请诸葛瑾!,张南（白）有请诸葛瑾!
pdf_01000000__01006001___9c7557117a,连营寨,pdf_01000000__01006001___9c7557117a__line__000261,pdf_01000000__01006001___9c7557117a__scene__007,01006001_连营寨.pdf,D:\University_studies\Junior\data_visualization\experiment\final_self\opera_dataset\01000000\01006001_连营寨.pdf,01000000/01006001_连营寨.pdf,a2504dd0-9a22-485e-848c-d08f96ade7ca,7,【第七场】,261,dialogue,dialogue,诸葛瑾,pdf_01000000__01006001___9c7557117a__char__5968ccb01b,念,念,念,打,诸葛瑾,"全凭三寸舌,打动一片心。","诸葛瑾（念）全凭三寸舌,打动一片心。"
pdf_01000000__01006001___9c7557117a,连营寨,pdf_01000000__01006001___9c7557117a__line__000261,pdf_01000000__01006001___9c7557117a__scene__007,01006001_连营寨.pdf,D:\University_studies\Junior\data_visualization\experiment\final_self\opera_dataset\01000000\01006001_连营寨.pdf,01000000/01006001_连营寨.pdf,a2504dd0-9a22-485e-848c-d08f96ade7ca,7,【第七场】,261,dialogue,dialogue,刘备,pdf_01000000__01006001___9c7557117a__char__fe7cc1b6d6,白,白,白,念白,刘备,平身。,刘备（白）平身。
pdf_01000000__01006001___9c7557117a,连营寨,pdf_01000000__01006001___9c7557117a__line__000261,pdf_01000000__01006001___9c7557117a__scene__007,01006001_连营寨.pdf,D:\University_studies\Junior\data_visualization\experiment\final_self\opera_dataset\01000000\01006001_连营寨.pdf,01000000/01006001_连营寨.pdf,a2504dd0-9a22-485e-848c-d08f96ade7ca,7,【第七场】,261,dialogue,dialogue,诸葛瑾,pdf_01000000__01006001___9c7557117a__char__5968ccb01b,白,白,白,念白,诸葛瑾,千千岁。,诸葛瑾（白）千千岁。
pdf_01000000__01006001___9c7557117a,连营寨,pdf_01000000__01006001___9c7557117a__line__000261,pdf_01000000__01006001___9c7557117a__scene__007,01006001_连营寨.pdf,D:\University_studies\Junior\data_visualization\experiment\final_self\opera_dataset\01000000\01006001_连营寨.pdf,01000000/01006001_连营寨.pdf,a2504dd0-9a22-485e-848c-d08f96ade7ca,7,【第七场】,261,dialogue,dialogue,刘备,pdf_01000000__01006001___9c7557117a__char__fe7cc1b6d6,白,白,白,坐；念白,刘备,赐坐。,刘备（白）赐坐。
pdf_01000000__01006001___9c7557117a,连营寨,pdf_01000000__01006001___9c7557117a__line__000261,pdf_01000000__01006001___9c7557117a__scene__007,01006001_连营寨.pdf,D:\University_studies\Junior\data_visualization\experiment\final_self\opera_dataset\01000000\01006001_连营寨.pdf,01000000/01006001_连营寨.pdf,a2504dd0-9a22-485e-848c-d08f96ade7ca,7,【第七场】,261,dialogue,dialogue,诸葛瑾,pdf_01000000__01006001___9c7557117a__char__5968ccb01b,白,白,白,坐；念白,诸葛瑾,"皇叔在此,臣岂敢坐?","诸葛瑾（白）皇叔在此,臣岂敢坐?"
pdf_01000000__01006001___9c7557117a,连营寨,pdf_01000000__01006001___9c7557117a__line__000261,pdf_01000000__01006001___9c7557117a__scene__007,01006001_连营寨.pdf,D:\University_studies\Junior\data_visualization\experiment\final_self\opera_dataset\01000000\01006001_连营寨.pdf,01000000/01006001_连营寨.pdf,a2504dd0-9a22-485e-848c-d08f96ade7ca,7,【第七场】,261,dialogue,dialogue,刘备,pdf_01000000__01006001___9c7557117a__char__fe7cc1b6d6,白,白,白,坐；念白,刘备,哪有不坐之理。,刘备（白）哪有不坐之理。
pdf_01000000__01006001___9c7557117a,连营寨,pdf_01000000__01006001___9c7557117a__line__000261,pdf_01000000__01006001___9c7557117a__scene__007,01006001_连营寨.pdf,D:\University_studies\Junior\data_visualization\experiment\final_self\opera_dataset\01000000\01006001_连营寨.pdf,01000000/01006001_连营寨.pdf,a2504dd0-9a22-485e-848c-d08f96ade7ca,7,【第七场】,261,dialogue,dialogue,诸葛瑾,pdf_01000000__01006001___9c7557117a__char__5968ccb01b,白,白,白,念白,诸葛瑾,臣谢座。,诸葛瑾（白）臣谢座。
pdf_01000000__01006001___9c7557117a,连营寨,pdf_01000000__01006001___9c7557117a__line__000261,pdf_01000000__01006001___9c7557117a__scene__007,01006001_连营寨.pdf,D:\University_studies\Junior\data_visualization\experiment\final_self\opera_dataset\01000000\01006001_连营寨.pdf,01000000/01006001_连营寨.pdf,a2504dd0-9a22-485e-848c-d08f96ade7ca,7,【第七场】,261,dialogue,dialogue,刘备,pdf_01000000__01006001___9c7557117a__char__fe7cc1b6d6,白,白,白,来；念白,孙权；刘备,"诸葛子瑜前来,敢是与孙权做说客么?","刘备（白）诸葛子瑜前来,敢是与孙权做说客么?"
pdf_01000000__01006001___9c7557117a,连营寨,pdf_01000000__01006001___9c7557117a__line__000261,pdf_01000000__01006001___9c7557117a__scene__007,01006001_连营寨.pdf,D:\University_studies\Junior\data_visualization\experiment\final_self\opera_dataset\01000000\01006001_连营寨.pdf,01000000/01006001_连营寨.pdf,a2504dd0-9a22-485e-848c-d08f96ade7ca,7,【第七场】,261,dialogue,dialogue,诸葛瑾,pdf_01000000__01006001___9c7557117a__char__5968ccb01b,白,白,白,下；来；问；命；念白,诸葛瑾,"非也,臣久思陛下,一来问安,二来讲和。想昔日关二王与吕蒙不合,枉自兴兵,误其大事。今奉主公之命,送来降将,荆州原归皇叔,以求两国和好,免得生灵涂炭。","诸葛瑾（白）非也,臣久思陛下,一来问安,二来讲和。想昔日关二王与吕蒙不合,枉自兴兵,误其大事。今奉主公之命,送来降将,荆州原归皇叔,以求两国和好,免得生灵涂炭。"
pdf_01000000__01006001___9c7557117a,连营寨,pdf_01000000__01006001___9c7557117a__line__000261,pdf_01000000__01006001___9c7557117a__scene__007,01006001_连营寨.pdf,D:\University_studies\Junior\data_visualization\experiment\final_self\opera_dataset\01000000\01006001_连营寨.pdf,01000000/01006001_连营寨.pdf,a2504dd0-9a22-485e-848c-d08f96ade7ca,7,【第七场】,261,dialogue,dialogue,刘备,pdf_01000000__01006001___9c7557117a__char__fe7cc1b6d6,白,白,白,来；命；念白,刘备,"你东吴现在危急,故命你前来巧言顺说么?","刘备（白）你东吴现在危急,故命你前来巧言顺说么?"
pdf_01000000__01006001___9c7557117a,连营寨,pdf_01000000__01006001___9c7557117a__line__000265,pdf_01000000__01006001___9c7557117a__scene__007,01006001_连营寨.pdf,D:\University_studies\Junior\data_visualization\experiment\final_self\opera_dataset\01000000\01006001_连营寨.pdf,01000000/01006001_连营寨.pdf,a2504dd0-9a22-485e-848c-d08f96ade7ca,7,【第七场】,265,stage_direction,stage_direction,,,刘备、关兴、张苞、张南同下。,做,刘备、关兴、张苞、张南同下。,下,关兴；刘备；张苞,,（刘备、关兴、张苞、张南同下。）
pdf_01000000__01006001___9c7557117a,连营寨,pdf_01000000__01006001___9c7557117a__line__000269,pdf_01000000__01006001___9c7557117a__scene__008,01006001_连营寨.pdf,D:\University_studies\Junior\data_visualization\experiment\final_self\opera_dataset\01000000\01006001_连营寨.pdf,01000000/01006001_连营寨.pdf,a2504dd0-9a22-485e-848c-d08f96ade7ca,8,【第八场】,269,lyric,lyric,傅士仁,pdf_01000000__01006001___9c7557117a__char__66179c4406,西皮摇板,唱,西皮摇板,唱段,傅士仁；刘备,"你说刘备待你厚,","傅士仁（西皮摇板）你说刘备待你厚,"
pdf_01000000__01006001___9c7557117a,连营寨,pdf_01000000__01006001___9c7557117a__line__000269,pdf_01000000__01006001___9c7557117a__scene__008,01006001_连营寨.pdf,D:\University_studies\Junior\data_visualization\experiment\final_self\opera_dataset\01000000\01006001_连营寨.pdf,01000000/01006001_连营寨.pdf,a2504dd0-9a22-485e-848c-d08f96ade7ca,8,【第八场】,269,lyric,lyric,麋芳,pdf_01000000__01006001___9c7557117a__char__edb2369591,西皮摇板,唱,西皮摇板,叫；唱段,麋芳,哪个叫你献荆州!,麋芳（西皮摇板）哪个叫你献荆州!
pdf_01000000__01006001___9c7557117a,连营寨,pdf_01000000__01006001___9c7557117a__line__000269,pdf_01000000__01006001___9c7557117a__scene__008,01006001_连营寨.pdf,D:\University_studies\Junior\data_visualization\experiment\final_self\opera_dataset\01000000\01006001_连营寨.pdf,01000000/01006001_连营寨.pdf,a2504dd0-9a22-485e-848c-d08f96ade7ca,8,【第八场】,269,lyric,lyric,张达,pdf_01000000__01006001___9c7557117a__char__13e66e9cbf,西皮摇板,唱,西皮摇板,唱段,张达,"我说此事总有鬼,","张达（西皮摇板）我说此事总有鬼,"
pdf_01000000__01006001___9c7557117a,连营寨,pdf_01000000__01006001___9c7557117a__line__000269,pdf_01000000__01006001___9c7557117a__scene__008,01006001_连营寨.pdf,D:\University_studies\Junior\data_visualization\experiment\final_self\opera_dataset\01000000\01006001_连营寨.pdf,01000000/01006001_连营寨.pdf,a2504dd0-9a22-485e-848c-d08f96ade7ca,8,【第八场】,269,lyric,lyric,范疆,pdf_01000000__01006001___9c7557117a__char__ba2994d8a2,西皮摇板,唱,西皮摇板,唱段,范疆,死在眼前埋怨谁?,范疆（西皮摇板）死在眼前埋怨谁?
pdf_01000000__01006001___9c7557117a,连营寨,pdf_01000000__01006001___9c7557117a__line__000269,pdf_01000000__01006001___9c7557117a__scene__008,01006001_连营寨.pdf,D:\University_studies\Junior\data_visualization\experiment\final_self\opera_dataset\01000000\01006001_连营寨.pdf,01000000/01006001_连营寨.pdf,a2504dd0-9a22-485e-848c-d08f96ade7ca,8,【第八场】,269,dialogue,dialogue,张苞,pdf_01000000__01006001___9c7557117a__char__f8f94d9d51,同白,白,同白,请；念白,张苞,有请皇伯!,张苞（同白）有请皇伯!
pdf_01000000__01006001___9c7557117a,连营寨,pdf_01000000__01006001___9c7557117a__line__000269,pdf_01000000__01006001___9c7557117a__scene__008,01006001_连营寨.pdf,D:\University_studies\Junior\data_visualization\experiment\final_self\opera_dataset\01000000\01006001_连营寨.pdf,01000000/01006001_连营寨.pdf,a2504dd0-9a22-485e-848c-d08f96ade7ca,8,【第八场】,269,dialogue,dialogue,刘备,pdf_01000000__01006001___9c7557117a__char__fe7cc1b6d6,内西皮导板,对白,内西皮导板,,刘备,"白盔白甲白旗号,","刘备（内西皮导板）白盔白甲白旗号,"
pdf_01000000__01006001___9c7557117a,连营寨,pdf_01000000__01006001___9c7557117a__line__000269,pdf_01000000__01006001___9c7557117a__scene__008,01006001_连营寨.pdf,D:\University_studies\Junior\data_visualization\experiment\final_self\opera_dataset\01000000\01006001_连营寨.pdf,01000000/01006001_连营寨.pdf,a2504dd0-9a22-485e-848c-d08f96ade7ca,8,【第八场】,269,dialogue,dialogue,刘备,pdf_01000000__01006001___9c7557117a__char__fe7cc1b6d6,哭板,对白,哭板,哭,刘备,"二弟,三弟,孤的好兄弟吓!","刘备（哭板）二弟,三弟,孤的好兄弟吓!"
pdf_01000000__01006001___9c7557117a,连营寨,pdf_01000000__01006001___9c7557117a__line__000271,pdf_01000000__01006001___9c7557117a__scene__008,01006001_连营寨.pdf,D:\University_studies\Junior\data_visualization\experiment\final_self\opera_dataset\01000000\01006001_连营寨.pdf,01000000/01006001_连营寨.pdf,a2504dd0-9a22-485e-848c-d08f96ade7ca,8,【第八场】,271,lyric,lyric,关兴,pdf_01000000__01006001___9c7557117a__char__e7c6f5cec8,西皮摇板,唱,西皮摇板,来；哭；唱段,关兴,"刘皇伯为父王咽喉哭哑,我心中好一似钢刀来铡。","关兴（西皮摇板）刘皇伯为父王咽喉哭哑,我心中好一似钢刀来铡。"
pdf_01000000__01006001___9c7557117a,连营寨,pdf_01000000__01006001___9c7557117a__line__000271,pdf_01000000__01006001___9c7557117a__scene__008,01006001_连营寨.pdf,D:\University_studies\Junior\data_visualization\experiment\final_self\opera_dataset\01000000\01006001_连营寨.pdf,01000000/01006001_连营寨.pdf,a2504dd0-9a22-485e-848c-d08f96ade7ca,8,【第八场】,271,lyric,lyric,刘备,pdf_01000000__01006001___9c7557117a__char__fe7cc1b6d6,西皮摇板,唱,西皮摇板,下；报；叫；拿；杀；哭；唱段,孙权；刘备,"非是为伯的珠泪掉,孤与汝父生死交。哭罢了二弟把三弟叫,孤的好兄弟吓,(反西皮二六板)叫声三弟听根苗:大破黄巾天下晓,敌人见你望风逃。虎牢关曾把吕布的发冠挑,当阳坡下喝断了灞桥。夜战马超胆气豪,义释严颜颇有略韬。可恨那范疆、张达两个贼强盗,谋害英雄二贼脱了逃。你兄兴兵与你把仇报,只杀得孙权魂胆消。情愿罢兵写降表,同心合意共灭奸曹。锦绣江山孤不要,一定与你把仇消。哭哑了咽喉把三弟叫,(哭头)(西皮摇板)拿住了孙权两开交。","刘备（西皮摇板）非是为伯的珠泪掉,孤与汝父生死交。哭罢了二弟把三弟叫,孤的好兄弟吓,(反西皮二六板)叫声三弟听根苗:大破黄巾天下晓,敌人见你望风逃。虎牢关曾把吕布的发冠挑,当阳坡下喝断了灞桥。夜战马超胆气豪,义释严颜颇有略韬。可恨那范疆、张达两个贼强盗,谋害英雄二贼脱了逃。你兄兴兵与你把仇报,只杀得孙权魂胆消。情愿罢兵写降表,同心合意共灭奸曹。锦绣江山孤不要,一定与你把仇消。哭哑了咽喉把三弟叫,(哭头)(西皮摇板)拿住了孙权两开交。"
pdf_01000000__01006001___9c7557117a,连营寨,pdf_01000000__01006001___9c7557117a__line__000271,pdf_01000000__01006001___9c7557117a__scene__008,01006001_连营寨.pdf,D:\University_studies\Junior\data_visualization\experiment\final_self\opera_dataset\01000000\01006001_连营寨.pdf,01000000/01006001_连营寨.pdf,a2504dd0-9a22-485e-848c-d08f96ade7ca,8,【第八场】,271,lyric,lyric,张苞,pdf_01000000__01006001___9c7557117a__char__f8f94d9d51,西皮摇板,唱,西皮摇板,下；来；叫；唱段,张苞,"刘皇伯为父王把心血用尽,灵堂下绑的是父王仇人。叫人来将二贼首级先刎,抛在那荒郊外用火烧焚!","张苞（西皮摇板）刘皇伯为父王把心血用尽,灵堂下绑的是父王仇人。叫人来将二贼首级先刎,抛在那荒郊外用火烧焚!"
pdf_01000000__01006001___9c7557117a,连营寨,pdf_01000000__01006001___9c7557117a__line__000271,pdf_01000000__01006001___9c7557117a__scene__008,01006001_连营寨.pdf,D:\University_studies\Junior\data_visualization\experiment\final_self\opera_dataset\01000000\01006001_连营寨.pdf,01000000/01006001_连营寨.pdf,a2504dd0-9a22-485e-848c-d08f96ade7ca,8,【第八场】,271,dialogue,dialogue,刘备,pdf_01000000__01006001___9c7557117a__char__fe7cc1b6d6,白)(张苞斩范疆、张达、傅士仁。,对白,白)(张苞斩范疆、张达、傅士仁。,来；去；拿；杀,关兴；刘备；张苞,"拿酒来,待孤亲自祭奠,一概仇人拿去开刀!此贼为何不斩?与皇伯有郎舅之情。事到如今,还讲什么郎舅之情?刀来!宝剑一举人头掉,杀死贼子气方消!(刘备斩糜芳。)关兴、张苞,","刘备（白)(张苞斩范疆、张达、傅士仁。）拿酒来,待孤亲自祭奠,一概仇人拿去开刀!此贼为何不斩?与皇伯有郎舅之情。事到如今,还讲什么郎舅之情?刀来!宝剑一举人头掉,杀死贼子气方消!(刘备斩糜芳。)关兴、张苞,"
pdf_01000000__01006001___9c7557117a,连营寨,pdf_01000000__01006001___9c7557117a__line__000271,pdf_01000000__01006001___9c7557117a__scene__008,01006001_连营寨.pdf,D:\University_studies\Junior\data_visualization\experiment\final_self\opera_dataset\01000000\01006001_连营寨.pdf,01000000/01006001_连营寨.pdf,a2504dd0-9a22-485e-848c-d08f96ade7ca,8,【第八场】,271,dialogue,dialogue,刘备,pdf_01000000__01006001___9c7557117a__char__fe7cc1b6d6,白,白,白,念白,刘备,"吩咐文武穿白挂孝,歇兵三日,兵伐东吴!","刘备（白）吩咐文武穿白挂孝,歇兵三日,兵伐东吴!"
pdf_01000000__01006001___9c7557117a,连营寨,pdf_01000000__01006001___9c7557117a__line__000271,pdf_01000000__01006001___9c7557117a__scene__008,01006001_连营寨.pdf,D:\University_studies\Junior\data_visualization\experiment\final_self\opera_dataset\01000000\01006001_连营寨.pdf,01000000/01006001_连营寨.pdf,a2504dd0-9a22-485e-848c-d08f96ade7ca,8,【第八场】,271,dialogue,dialogue,关兴、张苞,pdf_01000000__01006001___9c7557117a__char__352b5527f0,同白)(众人同下。,对白,同白)(众人同下。,下,关兴、张苞；关兴；众人；张苞,"文武穿白挂孝,歇兵三日,兵伐东吴!","关兴、张苞（同白)(众人同下。）文武穿白挂孝,歇兵三日,兵伐东吴!"
pdf_01000000__01006001___9c7557117a,连营寨,pdf_01000000__01006001___9c7557117a__line__000277,pdf_01000000__01006001___9c7557117a__scene__009,01006001_连营寨.pdf,D:\University_studies\Junior\data_visualization\experiment\final_self\opera_dataset\01000000\01006001_连营寨.pdf,01000000/01006001_连营寨.pdf,a2504dd0-9a22-485e-848c-d08f96ade7ca,9,【第九场】,277,dialogue,dialogue,孙权,pdf_01000000__01006001___9c7557117a__char__877fe3dfd1,白,白,白,叹；念白,孙权,"哎呀,咳,可叹先兄基业,一旦付与流水。","孙权（白）哎呀,咳,可叹先兄基业,一旦付与流水。"
pdf_01000000__01006001___9c7557117a,连营寨,pdf_01000000__01006001___9c7557117a__line__000277,pdf_01000000__01006001___9c7557117a__scene__009,01006001_连营寨.pdf,D:\University_studies\Junior\data_visualization\experiment\final_self\opera_dataset\01000000\01006001_连营寨.pdf,01000000/01006001_连营寨.pdf,a2504dd0-9a22-485e-848c-d08f96ade7ca,9,【第九场】,277,dialogue,dialogue,阚泽,pdf_01000000__01006001___9c7557117a__char__5341249577,白,白,白,念白,阚泽,"我国现有能士,何不用之?","阚泽（白）我国现有能士,何不用之?"
pdf_01000000__01006001___9c7557117a,连营寨,pdf_01000000__01006001___9c7557117a__line__000277,pdf_01000000__01006001___9c7557117a__scene__009,01006001_连营寨.pdf,D:\University_studies\Junior\data_visualization\experiment\final_self\opera_dataset\01000000\01006001_连营寨.pdf,01000000/01006001_连营寨.pdf,a2504dd0-9a22-485e-848c-d08f96ade7ca,9,【第九场】,277,dialogue,dialogue,孙权,pdf_01000000__01006001___9c7557117a__char__877fe3dfd1,白,白,白,念白,孙权,"既有能士,何不早说,是哪个?","孙权（白）既有能士,何不早说,是哪个?"
pdf_01000000__01006001___9c7557117a,连营寨,pdf_01000000__01006001___9c7557117a__line__000277,pdf_01000000__01006001___9c7557117a__scene__009,01006001_连营寨.pdf,D:\University_studies\Junior\data_visualization\experiment\final_self\opera_dataset\01000000\01006001_连营寨.pdf,01000000/01006001_连营寨.pdf,a2504dd0-9a22-485e-848c-d08f96ade7ca,9,【第九场】,277,dialogue,dialogue,阚泽,pdf_01000000__01006001___9c7557117a__char__5341249577,白,白,白,念白,刘备；阚泽；陆逊,"想那陆逊,智广才高,可以挂帅征讨刘备。","阚泽（白）想那陆逊,智广才高,可以挂帅征讨刘备。"
pdf_01000000__01006001___9c7557117a,连营寨,pdf_01000000__01006001___9c7557117a__line__000277,pdf_01000000__01006001___9c7557117a__scene__009,01006001_连营寨.pdf,D:\University_studies\Junior\data_visualization\experiment\final_self\opera_dataset\01000000\01006001_连营寨.pdf,01000000/01006001_连营寨.pdf,a2504dd0-9a22-485e-848c-d08f96ade7ca,9,【第九场】,277,dialogue,dialogue,孙权,pdf_01000000__01006001___9c7557117a__char__877fe3dfd1,白,白,白,念白,孙权；刘备；陆逊,"孤也久闻陆逊有才,但是年幼,恐难抵敌刘备。","孙权（白）孤也久闻陆逊有才,但是年幼,恐难抵敌刘备。"
pdf_01000000__01006001___9c7557117a,连营寨,pdf_01000000__01006001___9c7557117a__line__000277,pdf_01000000__01006001___9c7557117a__scene__009,01006001_连营寨.pdf,D:\University_studies\Junior\data_visualization\experiment\final_self\opera_dataset\01000000\01006001_连营寨.pdf,01000000/01006001_连营寨.pdf,a2504dd0-9a22-485e-848c-d08f96ade7ca,9,【第九场】,277,dialogue,dialogue,阚泽,pdf_01000000__01006001___9c7557117a__char__5341249577,白,白,白,念白,阚泽,"启主公:此人虽然年幼,乃是九江太守陆绩之后,胸中颇知兵法。","阚泽（白）启主公:此人虽然年幼,乃是九江太守陆绩之后,胸中颇知兵法。"
pdf_01000000__01006001___9c7557117a,连营寨,pdf_01000000__01006001___9c7557117a__line__000277,pdf_01000000__01006001___9c7557117a__scene__009,01006001_连营寨.pdf,D:\University_studies\Junior\data_visualization\experiment\final_self\opera_dataset\01000000\01006001_连营寨.pdf,01000000/01006001_连营寨.pdf,a2504dd0-9a22-485e-848c-d08f96ade7ca,9,【第九场】,277,dialogue,dialogue,孙权,pdf_01000000__01006001___9c7557117a__char__877fe3dfd1,白,白,白,上；来；念白,孙权,宣上殿来。,孙权（白）宣上殿来。
pdf_01000000__01006001___9c7557117a,连营寨,pdf_01000000__01006001___9c7557117a__line__000277,pdf_01000000__01006001___9c7557117a__scene__009,01006001_连营寨.pdf,D:\University_studies\Junior\data_visualization\experiment\final_self\opera_dataset\01000000\01006001_连营寨.pdf,01000000/01006001_连营寨.pdf,a2504dd0-9a22-485e-848c-d08f96ade7ca,9,【第九场】,277,dialogue,dialogue,阚泽,pdf_01000000__01006001___9c7557117a__char__5341249577,白,白,白,上；念白,阚泽；陆逊,主公有旨:宣陆逊上殿。,阚泽（白）主公有旨:宣陆逊上殿。
pdf_01000000__01006001___9c7557117a,连营寨,pdf_01000000__01006001___9c7557117a__line__000277,pdf_01000000__01006001___9c7557117a__scene__009,01006001_连营寨.pdf,D:\University_studies\Junior\data_visualization\experiment\final_self\opera_dataset\01000000\01006001_连营寨.pdf,01000000/01006001_连营寨.pdf,a2504dd0-9a22-485e-848c-d08f96ade7ca,9,【第九场】,277,dialogue,dialogue,陆逊,pdf_01000000__01006001___9c7557117a__char__aa27f6e024,内白,白,内白,念白,陆逊,领旨。,陆逊（内白）领旨。
pdf_01000000__01006001___9c7557117a,连营寨,pdf_01000000__01006001___9c7557117a__line__000277,pdf_01000000__01006001___9c7557117a__scene__009,01006001_连营寨.pdf,D:\University_studies\Junior\data_visualization\experiment\final_self\opera_dataset\01000000\01006001_连营寨.pdf,01000000/01006001_连营寨.pdf,a2504dd0-9a22-485e-848c-d08f96ade7ca,9,【第九场】,277,dialogue,dialogue,陆逊,pdf_01000000__01006001___9c7557117a__char__aa27f6e024,念,念,念,,陆逊,"久困未展平生志,哪知胸藏百万兵。","陆逊（念）久困未展平生志,哪知胸藏百万兵。"
pdf_01000000__01006001___9c7557117a,连营寨,pdf_01000000__01006001___9c7557117a__line__000277,pdf_01000000__01006001___9c7557117a__scene__009,01006001_连营寨.pdf,D:\University_studies\Junior\data_visualization\experiment\final_self\opera_dataset\01000000\01006001_连营寨.pdf,01000000/01006001_连营寨.pdf,a2504dd0-9a22-485e-848c-d08f96ade7ca,9,【第九场】,277,dialogue,dialogue,孙权,pdf_01000000__01006001___9c7557117a__char__877fe3dfd1,白,白,白,念白,孙权,平身。,孙权（白）平身。
pdf_01000000__01006001___9c7557117a,连营寨,pdf_01000000__01006001___9c7557117a__line__000277,pdf_01000000__01006001___9c7557117a__scene__009,01006001_连营寨.pdf,D:\University_studies\Junior\data_visualization\experiment\final_self\opera_dataset\01000000\01006001_连营寨.pdf,01000000/01006001_连营寨.pdf,a2504dd0-9a22-485e-848c-d08f96ade7ca,9,【第九场】,277,dialogue,dialogue,陆逊,pdf_01000000__01006001___9c7557117a__char__aa27f6e024,白,白,白,念白,陆逊,千千岁。,陆逊（白）千千岁。
pdf_01000000__01006001___9c7557117a,连营寨,pdf_01000000__01006001___9c7557117a__line__000277,pdf_01000000__01006001___9c7557117a__scene__009,01006001_连营寨.pdf,D:\University_studies\Junior\data_visualization\experiment\final_self\opera_dataset\01000000\01006001_连营寨.pdf,01000000/01006001_连营寨.pdf,a2504dd0-9a22-485e-848c-d08f96ade7ca,9,【第九场】,277,dialogue,dialogue,孙权,pdf_01000000__01006001___9c7557117a__char__877fe3dfd1,白,白,白,命；念白,孙权；刘备,"阚泽夸卿有孙武之才,孤命你带领人马,抵敌刘备,料无推辞。","孙权（白）阚泽夸卿有孙武之才,孤命你带领人马,抵敌刘备,料无推辞。"
pdf_01000000__01006001___9c7557117a,连营寨,pdf_01000000__01006001___9c7557117a__line__000277,pdf_01000000__01006001___9c7557117a__scene__009,01006001_连营寨.pdf,D:\University_studies\Junior\data_visualization\experiment\final_self\opera_dataset\01000000\01006001_连营寨.pdf,01000000/01006001_连营寨.pdf,a2504dd0-9a22-485e-848c-d08f96ade7ca,9,【第九场】,277,dialogue,dialogue,陆逊,pdf_01000000__01006001___9c7557117a__char__aa27f6e024,白,白,白,念白,陆逊,"启主公:江东文武,皆主公故旧之臣,尚且无人受此重任,臣年幼无才,焉能治之?","陆逊（白）启主公:江东文武,皆主公故旧之臣,尚且无人受此重任,臣年幼无才,焉能治之?"
pdf_01000000__01006001___9c7557117a,连营寨,pdf_01000000__01006001___9c7557117a__line__000277,pdf_01000000__01006001___9c7557117a__scene__009,01006001_连营寨.pdf,D:\University_studies\Junior\data_visualization\experiment\final_self\opera_dataset\01000000\01006001_连营寨.pdf,01000000/01006001_连营寨.pdf,a2504dd0-9a22-485e-848c-d08f96ade7ca,9,【第九场】,277,dialogue,dialogue,阚泽,pdf_01000000__01006001___9c7557117a__char__5341249577,白,白,白,念白,阚泽；陆逊,臣全家力保陆逊。,阚泽（白）臣全家力保陆逊。
pdf_01000000__01006001___9c7557117a,连营寨,pdf_01000000__01006001___9c7557117a__line__000277,pdf_01000000__01006001___9c7557117a__scene__009,01006001_连营寨.pdf,D:\University_studies\Junior\data_visualization\experiment\final_self\opera_dataset\01000000\01006001_连营寨.pdf,01000000/01006001_连营寨.pdf,a2504dd0-9a22-485e-848c-d08f96ade7ca,9,【第九场】,277,dialogue,dialogue,孙权,pdf_01000000__01006001___9c7557117a__char__877fe3dfd1,白,白,白,念白,孙权,"阚卿全家力保,卿家不必推辞。","孙权（白）阚卿全家力保,卿家不必推辞。"
pdf_01000000__01006001___9c7557117a,连营寨,pdf_01000000__01006001___9c7557117a__line__000277,pdf_01000000__01006001___9c7557117a__scene__009,01006001_连营寨.pdf,D:\University_studies\Junior\data_visualization\experiment\final_self\opera_dataset\01000000\01006001_连营寨.pdf,01000000/01006001_连营寨.pdf,a2504dd0-9a22-485e-848c-d08f96ade7ca,9,【第九场】,277,dialogue,dialogue,陆逊,pdf_01000000__01006001___9c7557117a__char__aa27f6e024,白,白,白,念白,陆逊,倘有文武不服?,陆逊（白）倘有文武不服?
pdf_01000000__01006001___9c7557117a,连营寨,pdf_01000000__01006001___9c7557117a__line__000277,pdf_01000000__01006001___9c7557117a__scene__009,01006001_连营寨.pdf,D:\University_studies\Junior\data_visualization\experiment\final_self\opera_dataset\01000000\01006001_连营寨.pdf,01000000/01006001_连营寨.pdf,a2504dd0-9a22-485e-848c-d08f96ade7ca,9,【第九场】,277,dialogue,dialogue,孙权,pdf_01000000__01006001___9c7557117a__char__877fe3dfd1,白,白,白,念白,孙权,"赐你尚方宝剑,先斩后奏。","孙权（白）赐你尚方宝剑,先斩后奏。"
pdf_01000000__01006001___9c7557117a,连营寨,pdf_01000000__01006001___9c7557117a__line__000277,pdf_01000000__01006001___9c7557117a__scene__009,01006001_连营寨.pdf,D:\University_studies\Junior\data_visualization\experiment\final_self\opera_dataset\01000000\01006001_连营寨.pdf,01000000/01006001_连营寨.pdf,a2504dd0-9a22-485e-848c-d08f96ade7ca,9,【第九场】,277,dialogue,dialogue,陆逊,pdf_01000000__01006001___9c7557117a__char__aa27f6e024,白,白,白,念白,陆逊,谢主龙恩。,陆逊（白）谢主龙恩。
pdf_01000000__01006001___9c7557117a,连营寨,pdf_01000000__01006001___9c7557117a__line__000277,pdf_01000000__01006001___9c7557117a__scene__009,01006001_连营寨.pdf,D:\University_studies\Junior\data_visualization\experiment\final_self\opera_dataset\01000000\01006001_连营寨.pdf,01000000/01006001_连营寨.pdf,a2504dd0-9a22-485e-848c-d08f96ade7ca,9,【第九场】,277,dialogue,dialogue,孙权,pdf_01000000__01006001___9c7557117a__char__877fe3dfd1,白,白,白,拜；念白,孙权；陆逊,"阚卿连夜筑台,拜陆逊为帅,摆驾。","孙权（白）阚卿连夜筑台,拜陆逊为帅,摆驾。"
pdf_01000000__01006001___9c7557117a,连营寨,pdf_01000000__01006001___9c7557117a__line__000281,pdf_01000000__01006001___9c7557117a__scene__010,01006001_连营寨.pdf,D:\University_studies\Junior\data_visualization\experiment\final_self\opera_dataset\01000000\01006001_连营寨.pdf,01000000/01006001_连营寨.pdf,a2504dd0-9a22-485e-848c-d08f96ade7ca,10,【第十场】,281,dialogue,dialogue,孙权,pdf_01000000__01006001___9c7557117a__char__877fe3dfd1,白,白,白,念白,孙权,"封卿为招讨大元帅,外加鲁侯,赐卿尚方宝剑,倘有不遵,先斩后奏。","孙权（白）封卿为招讨大元帅,外加鲁侯,赐卿尚方宝剑,倘有不遵,先斩后奏。"
pdf_01000000__01006001___9c7557117a,连营寨,pdf_01000000__01006001___9c7557117a__line__000281,pdf_01000000__01006001___9c7557117a__scene__010,01006001_连营寨.pdf,D:\University_studies\Junior\data_visualization\experiment\final_self\opera_dataset\01000000\01006001_连营寨.pdf,01000000/01006001_连营寨.pdf,a2504dd0-9a22-485e-848c-d08f96ade7ca,10,【第十场】,281,dialogue,dialogue,陆逊,pdf_01000000__01006001___9c7557117a__char__aa27f6e024,白,白,白,念白,陆逊,谢主龙恩。,陆逊（白）谢主龙恩。
pdf_01000000__01006001___9c7557117a,连营寨,pdf_01000000__01006001___9c7557117a__line__000281,pdf_01000000__01006001___9c7557117a__scene__010,01006001_连营寨.pdf,D:\University_studies\Junior\data_visualization\experiment\final_self\opera_dataset\01000000\01006001_连营寨.pdf,01000000/01006001_连营寨.pdf,a2504dd0-9a22-485e-848c-d08f96ade7ca,10,【第十场】,281,dialogue,dialogue,孙权,pdf_01000000__01006001___9c7557117a__char__877fe3dfd1,白,白,白,去；念白,孙权；刘备,"卿家,孤与刘备有敌国之仇,愿卿此去奏凯班师,乃孤之幸也。","孙权（白）卿家,孤与刘备有敌国之仇,愿卿此去奏凯班师,乃孤之幸也。"
pdf_01000000__01006001___9c7557117a,连营寨,pdf_01000000__01006001___9c7557117a__line__000281,pdf_01000000__01006001___9c7557117a__scene__010,01006001_连营寨.pdf,D:\University_studies\Junior\data_visualization\experiment\final_self\opera_dataset\01000000\01006001_连营寨.pdf,01000000/01006001_连营寨.pdf,a2504dd0-9a22-485e-848c-d08f96ade7ca,10,【第十场】,281,dialogue,dialogue,陆逊,pdf_01000000__01006001___9c7557117a__char__aa27f6e024,白,白,白,报；念白,陆逊,"主公龙恩已极,臣当竭力尽忠,以报主恩。","陆逊（白）主公龙恩已极,臣当竭力尽忠,以报主恩。"
pdf_01000000__01006001___9c7557117a,连营寨,pdf_01000000__01006001___9c7557117a__line__000281,pdf_01000000__01006001___9c7557117a__scene__010,01006001_连营寨.pdf,D:\University_studies\Junior\data_visualization\experiment\final_self\opera_dataset\01000000\01006001_连营寨.pdf,01000000/01006001_连营寨.pdf,a2504dd0-9a22-485e-848c-d08f96ade7ca,10,【第十场】,281,dialogue,dialogue,孙权,pdf_01000000__01006001___9c7557117a__char__877fe3dfd1,白,白,白,念白,孙权,摆驾。,孙权（白）摆驾。
pdf_01000000__01006001___9c7557117a,连营寨,pdf_01000000__01006001___9c7557117a__line__000281,pdf_01000000__01006001___9c7557117a__scene__010,01006001_连营寨.pdf,D:\University_studies\Junior\data_visualization\experiment\final_self\opera_dataset\01000000\01006001_连营寨.pdf,01000000/01006001_连营寨.pdf,a2504dd0-9a22-485e-848c-d08f96ade7ca,10,【第十场】,281,dialogue,dialogue,众将,pdf_01000000__01006001___9c7557117a__char__7b28a9cc8c,同白,白,同白,念白,众将,叩见元帅!,众将（同白）叩见元帅!
pdf_01000000__01006001___9c7557117a,连营寨,pdf_01000000__01006001___9c7557117a__line__000281,pdf_01000000__01006001___9c7557117a__scene__010,01006001_连营寨.pdf,D:\University_studies\Junior\data_visualization\experiment\final_self\opera_dataset\01000000\01006001_连营寨.pdf,01000000/01006001_连营寨.pdf,a2504dd0-9a22-485e-848c-d08f96ade7ca,10,【第十场】,281,dialogue,dialogue,陆逊,pdf_01000000__01006001___9c7557117a__char__aa27f6e024,白,白,白,退；令；立；念白,陆逊,"站立两厢。众将官,吴侯挂我为帅,征讨蜀兵,须要人人努力,个个争先,鸣金不齐,号令不退,盔甲不明,刀枪不利,两军阵前,营武不整,一概勿犯。倘有不遵者,枭首示众!","陆逊（白）站立两厢。众将官,吴侯挂我为帅,征讨蜀兵,须要人人努力,个个争先,鸣金不齐,号令不退,盔甲不明,刀枪不利,两军阵前,营武不整,一概勿犯。倘有不遵者,枭首示众!"
pdf_01000000__01006001___9c7557117a,连营寨,pdf_01000000__01006001___9c7557117a__line__000281,pdf_01000000__01006001___9c7557117a__scene__010,01006001_连营寨.pdf,D:\University_studies\Junior\data_visualization\experiment\final_self\opera_dataset\01000000\01006001_连营寨.pdf,01000000/01006001_连营寨.pdf,a2504dd0-9a22-485e-848c-d08f96ade7ca,10,【第十场】,281,dialogue,dialogue,陆逊,pdf_01000000__01006001___9c7557117a__char__aa27f6e024,白,白,白,念白,陆逊,就此响炮拔营。,陆逊（白）就此响炮拔营。
pdf_01000000__01006001___9c7557117a,连营寨,pdf_01000000__01006001___9c7557117a__line__000285,pdf_01000000__01006001___9c7557117a__scene__011,01006001_连营寨.pdf,D:\University_studies\Junior\data_visualization\experiment\final_self\opera_dataset\01000000\01006001_连营寨.pdf,01000000/01006001_连营寨.pdf,a2504dd0-9a22-485e-848c-d08f96ade7ca,11,【第十一场】,285,dialogue,dialogue,韩当,pdf_01000000__01006001___9c7557117a__char__a27d322c75,念,念,念,,韩当,"眼观徐梁无解救,","韩当（念）眼观徐梁无解救,"
pdf_01000000__01006001___9c7557117a,连营寨,pdf_01000000__01006001___9c7557117a__line__000285,pdf_01000000__01006001___9c7557117a__scene__011,01006001_连营寨.pdf,D:\University_studies\Junior\data_visualization\experiment\final_self\opera_dataset\01000000\01006001_连营寨.pdf,01000000/01006001_连营寨.pdf,a2504dd0-9a22-485e-848c-d08f96ade7ca,11,【第十一场】,285,dialogue,dialogue,周泰,pdf_01000000__01006001___9c7557117a__char__a5c672b91e,念,念,念,,周泰,六郡之省尽皆休。,周泰（念）六郡之省尽皆休。
pdf_01000000__01006001___9c7557117a,连营寨,pdf_01000000__01006001___9c7557117a__line__000285,pdf_01000000__01006001___9c7557117a__scene__011,01006001_连营寨.pdf,D:\University_studies\Junior\data_visualization\experiment\final_self\opera_dataset\01000000\01006001_连营寨.pdf,01000000/01006001_连营寨.pdf,a2504dd0-9a22-485e-848c-d08f96ade7ca,11,【第十一场】,285,dialogue,dialogue,韩当,pdf_01000000__01006001___9c7557117a__char__a27d322c75,白,白,白,拜；念白,韩当；陆逊,"将军,主公拜陆逊为帅,他乃一介书生,怎能知其武将机谋?","韩当（白）将军,主公拜陆逊为帅,他乃一介书生,怎能知其武将机谋?"
pdf_01000000__01006001___9c7557117a,连营寨,pdf_01000000__01006001___9c7557117a__line__000285,pdf_01000000__01006001___9c7557117a__scene__011,01006001_连营寨.pdf,D:\University_studies\Junior\data_visualization\experiment\final_self\opera_dataset\01000000\01006001_连营寨.pdf,01000000/01006001_连营寨.pdf,a2504dd0-9a22-485e-848c-d08f96ade7ca,11,【第十一场】,285,dialogue,dialogue,周泰,pdf_01000000__01006001___9c7557117a__char__a5c672b91e,白,白,白,念白,周泰,"且自由他,暂且出城迎接。","周泰（白）且自由他,暂且出城迎接。"
pdf_01000000__01006001___9c7557117a,连营寨,pdf_01000000__01006001___9c7557117a__line__000289,pdf_01000000__01006001___9c7557117a__scene__012,01006001_连营寨.pdf,D:\University_studies\Junior\data_visualization\experiment\final_self\opera_dataset\01000000\01006001_连营寨.pdf,01000000/01006001_连营寨.pdf,a2504dd0-9a22-485e-848c-d08f96ade7ca,12,【第十二场】,289,stage_direction,stage_direction,,,〖吹打〗，陆逊、四将同上，过场，韩当、周泰同出城接，同下。众人同上，换门。,做,〖吹打〗，陆逊、四将同上，过场，韩当、周泰同出城接，同下。众人同上，换门。,上；下；打,众人；陆逊,,（〖吹打〗，陆逊、四将同上，过场，韩当、周泰同出城接，同下。众人同上，换门。）
pdf_01000000__01006001___9c7557117a,连营寨,pdf_01000000__01006001___9c7557117a__line__000291,pdf_01000000__01006001___9c7557117a__scene__012,01006001_连营寨.pdf,D:\University_studies\Junior\data_visualization\experiment\final_self\opera_dataset\01000000\01006001_连营寨.pdf,01000000/01006001_连营寨.pdf,a2504dd0-9a22-485e-848c-d08f96ade7ca,12,【第十二场】,291,narration,narration,,,,说明,,,韩当,韩当、,韩当、
pdf_01000000__01006001___9c7557117a,连营寨,pdf_01000000__01006001___9c7557117a__line__000293,pdf_01000000__01006001___9c7557117a__scene__012,01006001_连营寨.pdf,D:\University_studies\Junior\data_visualization\experiment\final_self\opera_dataset\01000000\01006001_连营寨.pdf,01000000/01006001_连营寨.pdf,a2504dd0-9a22-485e-848c-d08f96ade7ca,12,【第十二场】,293,dialogue,dialogue,周泰,pdf_01000000__01006001___9c7557117a__char__a5c672b91e,同白,白,同白,念白,周泰,末将等未曾远迎，望乞恕罪。,周泰 （同白） 末将等未曾远迎，望乞恕罪。
pdf_01000000__01006001___9c7557117a,连营寨,pdf_01000000__01006001___9c7557117a__line__000295,pdf_01000000__01006001___9c7557117a__scene__012,01006001_连营寨.pdf,D:\University_studies\Junior\data_visualization\experiment\final_self\opera_dataset\01000000\01006001_连营寨.pdf,01000000/01006001_连营寨.pdf,a2504dd0-9a22-485e-848c-d08f96ade7ca,12,【第十二场】,295,dialogue,dialogue,陆逊,pdf_01000000__01006001___9c7557117a__char__aa27f6e024,白,白,白,念白,陆逊,岂敢。,陆逊 （白） 岂敢。
pdf_01000000__01006001___9c7557117a,连营寨,pdf_01000000__01006001___9c7557117a__line__000297,pdf_01000000__01006001___9c7557117a__scene__012,01006001_连营寨.pdf,D:\University_studies\Junior\data_visualization\experiment\final_self\opera_dataset\01000000\01006001_连营寨.pdf,01000000/01006001_连营寨.pdf,a2504dd0-9a22-485e-848c-d08f96ade7ca,12,【第十二场】,297,dialogue,dialogue,韩当,pdf_01000000__01006001___9c7557117a__char__a27d322c75,白,白,白,退；来；念白,韩当；刘备,元帅来此，刘备不战自退也。,韩当 （白） 元帅来此，刘备不战自退也。
pdf_01000000__01006001___9c7557117a,连营寨,pdf_01000000__01006001___9c7557117a__line__000299,pdf_01000000__01006001___9c7557117a__scene__012,01006001_连营寨.pdf,D:\University_studies\Junior\data_visualization\experiment\final_self\opera_dataset\01000000\01006001_连营寨.pdf,01000000/01006001_连营寨.pdf,a2504dd0-9a22-485e-848c-d08f96ade7ca,12,【第十二场】,299,dialogue,dialogue,陆逊,pdf_01000000__01006001___9c7557117a__char__aa27f6e024,白,白,白,念白,陆逊,我乃一介寒儒，蒙主重托，故未敢辞劳。,陆逊 （白） 我乃一介寒儒，蒙主重托，故未敢辞劳。
pdf_01000000__01006001___9c7557117a,连营寨,pdf_01000000__01006001___9c7557117a__line__000301,pdf_01000000__01006001___9c7557117a__scene__012,01006001_连营寨.pdf,D:\University_studies\Junior\data_visualization\experiment\final_self\opera_dataset\01000000\01006001_连营寨.pdf,01000000/01006001_连营寨.pdf,a2504dd0-9a22-485e-848c-d08f96ade7ca,12,【第十二场】,301,dialogue,dialogue,韩当,pdf_01000000__01006001___9c7557117a__char__a27d322c75,白,白,白,去；问；请；念白,韩当,请问元帅，此番前去，还是先破蜀兵，还是先救孙桓。,韩当 （白） 请问元帅，此番前去，还是先破蜀兵，还是先救孙桓。
pdf_01000000__01006001___9c7557117a,连营寨,pdf_01000000__01006001___9c7557117a__line__000303,pdf_01000000__01006001___9c7557117a__scene__012,01006001_连营寨.pdf,D:\University_studies\Junior\data_visualization\experiment\final_self\opera_dataset\01000000\01006001_连营寨.pdf,01000000/01006001_连营寨.pdf,a2504dd0-9a22-485e-848c-d08f96ade7ca,12,【第十二场】,303,dialogue,dialogue,陆逊,pdf_01000000__01006001___9c7557117a__char__aa27f6e024,白,白,白,念白,陆逊,全仗列位协力同心，待破蜀之后，再救孙桓。,陆逊 （白） 全仗列位协力同心，待破蜀之后，再救孙桓。
pdf_01000000__01006001___9c7557117a,连营寨,pdf_01000000__01006001___9c7557117a__line__000305,pdf_01000000__01006001___9c7557117a__scene__012,01006001_连营寨.pdf,D:\University_studies\Junior\data_visualization\experiment\final_self\opera_dataset\01000000\01006001_连营寨.pdf,01000000/01006001_连营寨.pdf,a2504dd0-9a22-485e-848c-d08f96ade7ca,12,【第十二场】,305,narration,narration,,,,说明,,,韩当,韩当、,韩当、
pdf_01000000__01006001___9c7557117a,连营寨,pdf_01000000__01006001___9c7557117a__line__000307,pdf_01000000__01006001___9c7557117a__scene__012,01006001_连营寨.pdf,D:\University_studies\Junior\data_visualization\experiment\final_self\opera_dataset\01000000\01006001_连营寨.pdf,01000000/01006001_连营寨.pdf,a2504dd0-9a22-485e-848c-d08f96ade7ca,12,【第十二场】,307,dialogue,dialogue,周泰,pdf_01000000__01006001___9c7557117a__char__a5c672b91e,同白,白,同白,念白,周泰,咳，若待破蜀之后，那孙桓岂不困死在城内？,周泰 （同白） 咳，若待破蜀之后，那孙桓岂不困死在城内？
pdf_01000000__01006001___9c7557117a,连营寨,pdf_01000000__01006001___9c7557117a__line__000309,pdf_01000000__01006001___9c7557117a__scene__012,01006001_连营寨.pdf,D:\University_studies\Junior\data_visualization\experiment\final_self\opera_dataset\01000000\01006001_连营寨.pdf,01000000/01006001_连营寨.pdf,a2504dd0-9a22-485e-848c-d08f96ade7ca,12,【第十二场】,309,dialogue,dialogue,陆逊,pdf_01000000__01006001___9c7557117a__char__aa27f6e024,白,白,白,念白,陆逊,哽，你等哪知用兵之计？掩门。,陆逊 （白） 哽，你等哪知用兵之计？掩门。
pdf_01000000__01006001___9c7557117a,连营寨,pdf_01000000__01006001___9c7557117a__line__000311,pdf_01000000__01006001___9c7557117a__scene__012,01006001_连营寨.pdf,D:\University_studies\Junior\data_visualization\experiment\final_self\opera_dataset\01000000\01006001_连营寨.pdf,01000000/01006001_连营寨.pdf,a2504dd0-9a22-485e-848c-d08f96ade7ca,12,【第十二场】,311,stage_direction,stage_direction,,,龙套、陆逊同下。,做,龙套、陆逊同下。,下,龙套；陆逊,,（龙套、陆逊同下。）
pdf_01000000__01006001___9c7557117a,连营寨,pdf_01000000__01006001___9c7557117a__line__000313,pdf_01000000__01006001___9c7557117a__scene__012,01006001_连营寨.pdf,D:\University_studies\Junior\data_visualization\experiment\final_self\opera_dataset\01000000\01006001_连营寨.pdf,01000000/01006001_连营寨.pdf,a2504dd0-9a22-485e-848c-d08f96ade7ca,12,【第十二场】,313,dialogue,dialogue,韩当,pdf_01000000__01006001___9c7557117a__char__a27d322c75,白,白,白,看；念白,韩当,将军看此光景，东吴一旦休也。,韩当 （白） 将军看此光景，东吴一旦休也。
pdf_01000000__01006001___9c7557117a,连营寨,pdf_01000000__01006001___9c7557117a__line__000315,pdf_01000000__01006001___9c7557117a__scene__012,01006001_连营寨.pdf,D:\University_studies\Junior\data_visualization\experiment\final_self\opera_dataset\01000000\01006001_连营寨.pdf,01000000/01006001_连营寨.pdf,a2504dd0-9a22-485e-848c-d08f96ade7ca,12,【第十二场】,315,dialogue,dialogue,周泰,pdf_01000000__01006001___9c7557117a__char__a5c672b91e,白,白,白,念白,周泰,且自由他。,周泰 （白） 且自由他。
pdf_01000000__01006001___9c7557117a,连营寨,pdf_01000000__01006001___9c7557117a__line__000317,pdf_01000000__01006001___9c7557117a__scene__012,01006001_连营寨.pdf,D:\University_studies\Junior\data_visualization\experiment\final_self\opera_dataset\01000000\01006001_连营寨.pdf,01000000/01006001_连营寨.pdf,a2504dd0-9a22-485e-848c-d08f96ade7ca,12,【第十二场】,317,dialogue,dialogue,,,念,念,念,下,念）；落在矮檐,落在矮檐下，,（念） 落在矮檐下，
pdf_01000000__01006001___9c7557117a,连营寨,pdf_01000000__01006001___9c7557117a__line__000319,pdf_01000000__01006001___9c7557117a__scene__012,01006001_连营寨.pdf,D:\University_studies\Junior\data_visualization\experiment\final_self\opera_dataset\01000000\01006001_连营寨.pdf,01000000/01006001_连营寨.pdf,a2504dd0-9a22-485e-848c-d08f96ade7ca,12,【第十二场】,319,dialogue,dialogue,韩当,pdf_01000000__01006001___9c7557117a__char__a27d322c75,念,念,念,,韩当,怎敢不低头？,韩当 （念） 怎敢不低头？
pdf_01000000__01006001___9c7557117a,连营寨,pdf_01000000__01006001___9c7557117a__line__000321,pdf_01000000__01006001___9c7557117a__scene__012,01006001_连营寨.pdf,D:\University_studies\Junior\data_visualization\experiment\final_self\opera_dataset\01000000\01006001_连营寨.pdf,01000000/01006001_连营寨.pdf,a2504dd0-9a22-485e-848c-d08f96ade7ca,12,【第十二场】,321,stage_direction,stage_direction,,,韩当、周泰同下。,做,韩当、周泰同下。,下,韩当；周泰,,（韩当、周泰同下。）
pdf_01000000__01006001___9c7557117a,连营寨,pdf_01000000__01006001___9c7557117a__line__000325,pdf_01000000__01006001___9c7557117a__scene__013,01006001_连营寨.pdf,D:\University_studies\Junior\data_visualization\experiment\final_self\opera_dataset\01000000\01006001_连营寨.pdf,01000000/01006001_连营寨.pdf,a2504dd0-9a22-485e-848c-d08f96ade7ca,13,【第十三场】,325,stage_direction,stage_direction,,,关兴、张苞、张南、刘备同上，四文堂同上。,做,关兴、张苞、张南、刘备同上，四文堂同上。,上,关兴；刘备；张苞,,（关兴、张苞、张南、刘备同上，四文堂同上。）
pdf_01000000__01006001___9c7557117a,连营寨,pdf_01000000__01006001___9c7557117a__line__000327,pdf_01000000__01006001___9c7557117a__scene__013,01006001_连营寨.pdf,D:\University_studies\Junior\data_visualization\experiment\final_self\opera_dataset\01000000\01006001_连营寨.pdf,01000000/01006001_连营寨.pdf,a2504dd0-9a22-485e-848c-d08f96ade7ca,13,【第十三场】,327,dialogue,dialogue,刘备,pdf_01000000__01006001___9c7557117a__char__fe7cc1b6d6,念,念,念,坐,刘备,龙麟起坐如反掌，干戈霸业定太平。,刘备 （念） 龙麟起坐如反掌，干戈霸业定太平。
pdf_01000000__01006001___9c7557117a,连营寨,pdf_01000000__01006001___9c7557117a__line__000329,pdf_01000000__01006001___9c7557117a__scene__013,01006001_连营寨.pdf,D:\University_studies\Junior\data_visualization\experiment\final_self\opera_dataset\01000000\01006001_连营寨.pdf,01000000/01006001_连营寨.pdf,a2504dd0-9a22-485e-848c-d08f96ade7ca,13,【第十三场】,329,stage_direction,stage_direction,,,马良上。,做,马良上。,上,马良,,（马良上。）
pdf_01000000__01006001___9c7557117a,连营寨,pdf_01000000__01006001___9c7557117a__line__000331,pdf_01000000__01006001___9c7557117a__scene__013,01006001_连营寨.pdf,D:\University_studies\Junior\data_visualization\experiment\final_self\opera_dataset\01000000\01006001_连营寨.pdf,01000000/01006001_连营寨.pdf,a2504dd0-9a22-485e-848c-d08f96ade7ca,13,【第十三场】,331,dialogue,dialogue,马良,pdf_01000000__01006001___9c7557117a__char__66ac4a0805,白,白,白,拜；念白,马良；陆逊,启主公：东吴拜陆逊为帅，兵扎蓆亭。,马良 （白） 启主公：东吴拜陆逊为帅，兵扎蓆亭。
pdf_01000000__01006001___9c7557117a,连营寨,pdf_01000000__01006001___9c7557117a__line__000333,pdf_01000000__01006001___9c7557117a__scene__013,01006001_连营寨.pdf,D:\University_studies\Junior\data_visualization\experiment\final_self\opera_dataset\01000000\01006001_连营寨.pdf,01000000/01006001_连营寨.pdf,a2504dd0-9a22-485e-848c-d08f96ade7ca,13,【第十三场】,333,dialogue,dialogue,刘备,pdf_01000000__01006001___9c7557117a__char__fe7cc1b6d6,白,白,白,念白,刘备；陆逊,陆逊是甚等样人？,刘备 （白） 陆逊是甚等样人？
pdf_01000000__01006001___9c7557117a,连营寨,pdf_01000000__01006001___9c7557117a__line__000335,pdf_01000000__01006001___9c7557117a__scene__013,01006001_连营寨.pdf,D:\University_studies\Junior\data_visualization\experiment\final_self\opera_dataset\01000000\01006001_连营寨.pdf,01000000/01006001_连营寨.pdf,a2504dd0-9a22-485e-848c-d08f96ade7ca,13,【第十三场】,335,dialogue,dialogue,马良,pdf_01000000__01006001___9c7557117a__char__66ac4a0805,白,白,白,念白,马良,乃九江太守陆绩之后，一介书生，虽则年幼，颇有谋略，智取荆州，乃此人之计也。,马良 （白） 乃九江太守陆绩之后，一介书生，虽则年幼，颇有谋略，智取荆州，乃此人之计也。
pdf_01000000__01006001___9c7557117a,连营寨,pdf_01000000__01006001___9c7557117a__line__000337,pdf_01000000__01006001___9c7557117a__scene__013,01006001_连营寨.pdf,D:\University_studies\Junior\data_visualization\experiment\final_self\opera_dataset\01000000\01006001_连营寨.pdf,01000000/01006001_连营寨.pdf,a2504dd0-9a22-485e-848c-d08f96ade7ca,13,【第十三场】,337,dialogue,dialogue,刘备,pdf_01000000__01006001___9c7557117a__char__fe7cc1b6d6,白,白,白,来；念白,刘备,嗳，原来乳子诡计，害孤二弟，此时正当擒之。,刘备 （白） 嗳，原来乳子诡计，害孤二弟，此时正当擒之。
pdf_01000000__01006001___9c7557117a,连营寨,pdf_01000000__01006001___9c7557117a__line__000339,pdf_01000000__01006001___9c7557117a__scene__013,01006001_连营寨.pdf,D:\University_studies\Junior\data_visualization\experiment\final_self\opera_dataset\01000000\01006001_连营寨.pdf,01000000/01006001_连营寨.pdf,a2504dd0-9a22-485e-848c-d08f96ade7ca,13,【第十三场】,339,narration,narration,,,,说明,,,关兴；张苞,关兴、张苞，吩咐起兵。,关兴、张苞，吩咐起兵。
pdf_01000000__01006001___9c7557117a,连营寨,pdf_01000000__01006001___9c7557117a__line__000341,pdf_01000000__01006001___9c7557117a__scene__013,01006001_连营寨.pdf,D:\University_studies\Junior\data_visualization\experiment\final_self\opera_dataset\01000000\01006001_连营寨.pdf,01000000/01006001_连营寨.pdf,a2504dd0-9a22-485e-848c-d08f96ade7ca,13,【第十三场】,341,stage_direction,stage_direction,,,关兴、张苞同允。,做,关兴、张苞同允。,,关兴；张苞,,（关兴、张苞同允。）
pdf_01000000__01006001___9c7557117a,连营寨,pdf_01000000__01006001___9c7557117a__line__000343,pdf_01000000__01006001___9c7557117a__scene__013,01006001_连营寨.pdf,D:\University_studies\Junior\data_visualization\experiment\final_self\opera_dataset\01000000\01006001_连营寨.pdf,01000000/01006001_连营寨.pdf,a2504dd0-9a22-485e-848c-d08f96ade7ca,13,【第十三场】,343,dialogue,dialogue,马良,pdf_01000000__01006001___9c7557117a__char__66ac4a0805,白,白,白,请；念白,马良,且慢，主公请息怒。,马良 （白） 且慢，主公请息怒。
pdf_01000000__01006001___9c7557117a,连营寨,pdf_01000000__01006001___9c7557117a__line__000345,pdf_01000000__01006001___9c7557117a__scene__013,01006001_连营寨.pdf,D:\University_studies\Junior\data_visualization\experiment\final_self\opera_dataset\01000000\01006001_连营寨.pdf,01000000/01006001_连营寨.pdf,a2504dd0-9a22-485e-848c-d08f96ade7ca,13,【第十三场】,345,dialogue,dialogue,刘备,pdf_01000000__01006001___9c7557117a__char__fe7cc1b6d6,白,白,白,念白,刘备,为何？,刘备 （白） 为何？
pdf_01000000__01006001___9c7557117a,连营寨,pdf_01000000__01006001___9c7557117a__line__000347,pdf_01000000__01006001___9c7557117a__scene__013,01006001_连营寨.pdf,D:\University_studies\Junior\data_visualization\experiment\final_self\opera_dataset\01000000\01006001_连营寨.pdf,01000000/01006001_连营寨.pdf,a2504dd0-9a22-485e-848c-d08f96ade7ca,13,【第十三场】,347,dialogue,dialogue,马良,pdf_01000000__01006001___9c7557117a__char__66ac4a0805,白,白,白,念白,马良；陆逊,陆逊非比周郎，不可轻敌。,马良 （白） 陆逊非比周郎，不可轻敌。
pdf_01000000__01006001___9c7557117a,连营寨,pdf_01000000__01006001___9c7557117a__line__000349,pdf_01000000__01006001___9c7557117a__scene__013,01006001_连营寨.pdf,D:\University_studies\Junior\data_visualization\experiment\final_self\opera_dataset\01000000\01006001_连营寨.pdf,01000000/01006001_连营寨.pdf,a2504dd0-9a22-485e-848c-d08f96ade7ca,13,【第十三场】,349,dialogue,dialogue,刘备,pdf_01000000__01006001___9c7557117a__char__fe7cc1b6d6,白,白,白,道；念白,刘备,咳，我用兵老矣，难道不如那黄口孺子么？,刘备 （白） 咳，我用兵老矣，难道不如那黄口孺子么？
pdf_01000000__01006001___9c7557117a,连营寨,pdf_01000000__01006001___9c7557117a__line__000351,pdf_01000000__01006001___9c7557117a__scene__013,01006001_连营寨.pdf,D:\University_studies\Junior\data_visualization\experiment\final_self\opera_dataset\01000000\01006001_连营寨.pdf,01000000/01006001_连营寨.pdf,a2504dd0-9a22-485e-848c-d08f96ade7ca,13,【第十三场】,351,dialogue,dialogue,张南,pdf_01000000__01006001___9c7557117a__char__e8536fb687,白,白,白,念白,张南；陆逊,臣等每每骂阵，陆逊紧守不出，如之奈何？,张南 （白） 臣等每每骂阵，陆逊紧守不出，如之奈何？
pdf_01000000__01006001___9c7557117a,连营寨,pdf_01000000__01006001___9c7557117a__line__000353,pdf_01000000__01006001___9c7557117a__scene__013,01006001_连营寨.pdf,D:\University_studies\Junior\data_visualization\experiment\final_self\opera_dataset\01000000\01006001_连营寨.pdf,01000000/01006001_连营寨.pdf,a2504dd0-9a22-485e-848c-d08f96ade7ca,13,【第十三场】,353,dialogue,dialogue,刘备,pdf_01000000__01006001___9c7557117a__char__fe7cc1b6d6,白,白,白,念白,刘备,不妨，孤这里兵精粮足，就与他对守何惧？,刘备 （白） 不妨，孤这里兵精粮足，就与他对守何惧？
pdf_01000000__01006001___9c7557117a,连营寨,pdf_01000000__01006001___9c7557117a__line__000355,pdf_01000000__01006001___9c7557117a__scene__013,01006001_连营寨.pdf,D:\University_studies\Junior\data_visualization\experiment\final_self\opera_dataset\01000000\01006001_连营寨.pdf,01000000/01006001_连营寨.pdf,a2504dd0-9a22-485e-848c-d08f96ade7ca,13,【第十三场】,355,dialogue,dialogue,张南,pdf_01000000__01006001___9c7557117a__char__e8536fb687,白,白,白,念白,张南,只是天气炎热，兵扎离火之中，又恐汲水不便，三军多生疾病。,张南 （白） 只是天气炎热，兵扎离火之中，又恐汲水不便，三军多生疾病。
pdf_01000000__01006001___9c7557117a,连营寨,pdf_01000000__01006001___9c7557117a__line__000357,pdf_01000000__01006001___9c7557117a__scene__013,01006001_连营寨.pdf,D:\University_studies\Junior\data_visualization\experiment\final_self\opera_dataset\01000000\01006001_连营寨.pdf,01000000/01006001_连营寨.pdf,a2504dd0-9a22-485e-848c-d08f96ade7ca,13,【第十三场】,357,dialogue,dialogue,刘备,pdf_01000000__01006001___9c7557117a__char__fe7cc1b6d6,白,白,白,念白,刘备,不妨，孤将营寨，移于茂林深处，炎夏一过，秋时与他拼一死仗，东吴自然休矣。,刘备 （白） 不妨，孤将营寨，移于茂林深处，炎夏一过，秋时与他拼一死仗，东吴自然休矣。
pdf_01000000__01006001___9c7557117a,连营寨,pdf_01000000__01006001___9c7557117a__line__000359,pdf_01000000__01006001___9c7557117a__scene__013,01006001_连营寨.pdf,D:\University_studies\Junior\data_visualization\experiment\final_self\opera_dataset\01000000\01006001_连营寨.pdf,01000000/01006001_连营寨.pdf,a2504dd0-9a22-485e-848c-d08f96ade7ca,13,【第十三场】,359,dialogue,dialogue,马良,pdf_01000000__01006001___9c7557117a__char__66ac4a0805,白,白,白,念白,马良；陆逊,我兵若动，倘陆逊踹营，如之奈何？,马良 （白） 我兵若动，倘陆逊踹营，如之奈何？
pdf_01000000__01006001___9c7557117a,连营寨,pdf_01000000__01006001___9c7557117a__line__000361,pdf_01000000__01006001___9c7557117a__scene__013,01006001_连营寨.pdf,D:\University_studies\Junior\data_visualization\experiment\final_self\opera_dataset\01000000\01006001_连营寨.pdf,01000000/01006001_连营寨.pdf,a2504dd0-9a22-485e-848c-d08f96ade7ca,13,【第十三场】,361,dialogue,dialogue,刘备,pdf_01000000__01006001___9c7557117a__char__fe7cc1b6d6,白,白,白,命；念白,关兴；刘备；张苞；陆逊,唔，孤命关兴、张苞，各带兵五万，埋伏山谷之中，倘陆逊踹营，趁势可擒也。,刘备 （白） 唔，孤命关兴、张苞，各带兵五万，埋伏山谷之中，倘陆逊踹营，趁势可擒也。
pdf_01000000__01006001___9c7557117a,连营寨,pdf_01000000__01006001___9c7557117a__line__000363,pdf_01000000__01006001___9c7557117a__scene__013,01006001_连营寨.pdf,D:\University_studies\Junior\data_visualization\experiment\final_self\opera_dataset\01000000\01006001_连营寨.pdf,01000000/01006001_连营寨.pdf,a2504dd0-9a22-485e-848c-d08f96ade7ca,13,【第十三场】,363,dialogue,dialogue,张南,pdf_01000000__01006001___9c7557117a__char__e8536fb687,白,白,白,念白,张南,主公妙计，臣等不及也。,张南 （白） 主公妙计，臣等不及也。
pdf_01000000__01006001___9c7557117a,连营寨,pdf_01000000__01006001___9c7557117a__line__000365,pdf_01000000__01006001___9c7557117a__scene__013,01006001_连营寨.pdf,D:\University_studies\Junior\data_visualization\experiment\final_self\opera_dataset\01000000\01006001_连营寨.pdf,01000000/01006001_连营寨.pdf,a2504dd0-9a22-485e-848c-d08f96ade7ca,13,【第十三场】,365,dialogue,dialogue,马良,pdf_01000000__01006001___9c7557117a__char__66ac4a0805,白,白,白,问；念白,马良,主公要移营寨，可画成地图，问过丞相。,马良 （白） 主公要移营寨，可画成地图，问过丞相。
pdf_01000000__01006001___9c7557117a,连营寨,pdf_01000000__01006001___9c7557117a__line__000367,pdf_01000000__01006001___9c7557117a__scene__013,01006001_连营寨.pdf,D:\University_studies\Junior\data_visualization\experiment\final_self\opera_dataset\01000000\01006001_连营寨.pdf,01000000/01006001_连营寨.pdf,a2504dd0-9a22-485e-848c-d08f96ade7ca,13,【第十三场】,367,dialogue,dialogue,刘备,pdf_01000000__01006001___9c7557117a__char__fe7cc1b6d6,白,白,白,问；念白,刘备,咳，孤用兵老矣，些许小事，何必又问丞相？,刘备 （白） 咳，孤用兵老矣，些许小事，何必又问丞相？
pdf_01000000__01006001___9c7557117a,连营寨,pdf_01000000__01006001___9c7557117a__line__000369,pdf_01000000__01006001___9c7557117a__scene__013,01006001_连营寨.pdf,D:\University_studies\Junior\data_visualization\experiment\final_self\opera_dataset\01000000\01006001_连营寨.pdf,01000000/01006001_连营寨.pdf,a2504dd0-9a22-485e-848c-d08f96ade7ca,13,【第十三场】,369,dialogue,dialogue,马良,pdf_01000000__01006001___9c7557117a__char__66ac4a0805,白,白,白,下；念白,马良,古语云：“兼听则明，偏听则暗”，望陛下详之。,马良 （白） 古语云：“兼听则明，偏听则暗”，望陛下详之。
pdf_01000000__01006001___9c7557117a,连营寨,pdf_01000000__01006001___9c7557117a__line__000371,pdf_01000000__01006001___9c7557117a__scene__013,01006001_连营寨.pdf,D:\University_studies\Junior\data_visualization\experiment\final_self\opera_dataset\01000000\01006001_连营寨.pdf,01000000/01006001_连营寨.pdf,a2504dd0-9a22-485e-848c-d08f96ade7ca,13,【第十三场】,371,dialogue,dialogue,刘备,pdf_01000000__01006001___9c7557117a__char__fe7cc1b6d6,白,白,白,来；去；问；命；念白,刘备,也罢，就命卿家，将各营四至八图，画成全幅，去问丞相；若有不便，即来回奏。,刘备 （白） 也罢，就命卿家，将各营四至八图，画成全幅，去问丞相；若有不便，即来回奏。
pdf_01000000__01006001___9c7557117a,连营寨,pdf_01000000__01006001___9c7557117a__line__000373,pdf_01000000__01006001___9c7557117a__scene__013,01006001_连营寨.pdf,D:\University_studies\Junior\data_visualization\experiment\final_self\opera_dataset\01000000\01006001_连营寨.pdf,01000000/01006001_连营寨.pdf,a2504dd0-9a22-485e-848c-d08f96ade7ca,13,【第十三场】,373,dialogue,dialogue,马良,pdf_01000000__01006001___9c7557117a__char__66ac4a0805,白,白,白,念白,马良,领旨。,马良 （白） 领旨。
pdf_01000000__01006001___9c7557117a,连营寨,pdf_01000000__01006001___9c7557117a__line__000375,pdf_01000000__01006001___9c7557117a__scene__013,01006001_连营寨.pdf,D:\University_studies\Junior\data_visualization\experiment\final_self\opera_dataset\01000000\01006001_连营寨.pdf,01000000/01006001_连营寨.pdf,a2504dd0-9a22-485e-848c-d08f96ade7ca,13,【第十三场】,375,stage_direction,stage_direction,,,马良下。,做,马良下。,下,马良,,（马良下。）
pdf_01000000__01006001___9c7557117a,连营寨,pdf_01000000__01006001___9c7557117a__line__000377,pdf_01000000__01006001___9c7557117a__scene__013,01006001_连营寨.pdf,D:\University_studies\Junior\data_visualization\experiment\final_self\opera_dataset\01000000\01006001_连营寨.pdf,01000000/01006001_连营寨.pdf,a2504dd0-9a22-485e-848c-d08f96ade7ca,13,【第十三场】,377,dialogue,dialogue,刘备,pdf_01000000__01006001___9c7557117a__char__fe7cc1b6d6,白,白,白,念白,关兴；刘备；张苞,张苞、关兴，就此移营。,刘备 （白） 张苞、关兴，就此移营。
pdf_01000000__01006001___9c7557117a,连营寨,pdf_01000000__01006001___9c7557117a__line__000379,pdf_01000000__01006001___9c7557117a__scene__013,01006001_连营寨.pdf,D:\University_studies\Junior\data_visualization\experiment\final_self\opera_dataset\01000000\01006001_连营寨.pdf,01000000/01006001_连营寨.pdf,a2504dd0-9a22-485e-848c-d08f96ade7ca,13,【第十三场】,379,stage_direction,stage_direction,,,刘备下。,做,刘备下。,下,刘备,,（刘备下。）
pdf_01000000__01006001___9c7557117a,连营寨,pdf_01000000__01006001___9c7557117a__line__000381,pdf_01000000__01006001___9c7557117a__scene__013,01006001_连营寨.pdf,D:\University_studies\Junior\data_visualization\experiment\final_self\opera_dataset\01000000\01006001_连营寨.pdf,01000000/01006001_连营寨.pdf,a2504dd0-9a22-485e-848c-d08f96ade7ca,13,【第十三场】,381,narration,narration,,,,说明,,,关兴,关兴、,关兴、
pdf_01000000__01006001___9c7557117a,连营寨,pdf_01000000__01006001___9c7557117a__line__000383,pdf_01000000__01006001___9c7557117a__scene__013,01006001_连营寨.pdf,D:\University_studies\Junior\data_visualization\experiment\final_self\opera_dataset\01000000\01006001_连营寨.pdf,01000000/01006001_连营寨.pdf,a2504dd0-9a22-485e-848c-d08f96ade7ca,13,【第十三场】,383,dialogue,dialogue,张苞,pdf_01000000__01006001___9c7557117a__char__f8f94d9d51,同白,白,同白,去；念白,张苞,众将官移营去者。,张苞 （同白） 众将官移营去者。
pdf_01000000__01006001___9c7557117a,连营寨,pdf_01000000__01006001___9c7557117a__line__000385,pdf_01000000__01006001___9c7557117a__scene__013,01006001_连营寨.pdf,D:\University_studies\Junior\data_visualization\experiment\final_self\opera_dataset\01000000\01006001_连营寨.pdf,01000000/01006001_连营寨.pdf,a2504dd0-9a22-485e-848c-d08f96ade7ca,13,【第十三场】,385,stage_direction,stage_direction,,,关兴、张苞同下。,做,关兴、张苞同下。,下,关兴；张苞,,（关兴、张苞同下。）
pdf_01000000__01006001___9c7557117a,连营寨,pdf_01000000__01006001___9c7557117a__line__000389,pdf_01000000__01006001___9c7557117a__scene__014,01006001_连营寨.pdf,D:\University_studies\Junior\data_visualization\experiment\final_self\opera_dataset\01000000\01006001_连营寨.pdf,01000000/01006001_连营寨.pdf,a2504dd0-9a22-485e-848c-d08f96ade7ca,14,【第十四场】,389,stage_direction,stage_direction,,,内喊，韩当、周泰同上。,做,内喊，韩当、周泰同上。,上,内喊；韩当；周泰,,（内喊，韩当、周泰同上。）
pdf_01000000__01006001___9c7557117a,连营寨,pdf_01000000__01006001___9c7557117a__line__000391,pdf_01000000__01006001___9c7557117a__scene__014,01006001_连营寨.pdf,D:\University_studies\Junior\data_visualization\experiment\final_self\opera_dataset\01000000\01006001_连营寨.pdf,01000000/01006001_连营寨.pdf,a2504dd0-9a22-485e-848c-d08f96ade7ca,14,【第十四场】,391,dialogue,dialogue,韩当,pdf_01000000__01006001___9c7557117a__char__a27d322c75,白,白,白,禀；念白,韩当；刘备,将军，刘备移营，禀知元帅。,韩当 （白） 将军，刘备移营，禀知元帅。
pdf_01000000__01006001___9c7557117a,连营寨,pdf_01000000__01006001___9c7557117a__line__000393,pdf_01000000__01006001___9c7557117a__scene__014,01006001_连营寨.pdf,D:\University_studies\Junior\data_visualization\experiment\final_self\opera_dataset\01000000\01006001_连营寨.pdf,01000000/01006001_连营寨.pdf,a2504dd0-9a22-485e-848c-d08f96ade7ca,14,【第十四场】,393,dialogue,dialogue,周泰,pdf_01000000__01006001___9c7557117a__char__a5c672b91e,白,白,白,请；念白,周泰,请。,周泰 （白） 请。
pdf_01000000__01006001___9c7557117a,连营寨,pdf_01000000__01006001___9c7557117a__line__000395,pdf_01000000__01006001___9c7557117a__scene__014,01006001_连营寨.pdf,D:\University_studies\Junior\data_visualization\experiment\final_self\opera_dataset\01000000\01006001_连营寨.pdf,01000000/01006001_连营寨.pdf,a2504dd0-9a22-485e-848c-d08f96ade7ca,14,【第十四场】,395,dialogue,dialogue,韩当,pdf_01000000__01006001___9c7557117a__char__a27d322c75,白,白,白,请；念白,韩当,有请元帅！,韩当 （白） 有请元帅！
pdf_01000000__01006001___9c7557117a,连营寨,pdf_01000000__01006001___9c7557117a__line__000397,pdf_01000000__01006001___9c7557117a__scene__014,01006001_连营寨.pdf,D:\University_studies\Junior\data_visualization\experiment\final_self\opera_dataset\01000000\01006001_连营寨.pdf,01000000/01006001_连营寨.pdf,a2504dd0-9a22-485e-848c-d08f96ade7ca,14,【第十四场】,397,stage_direction,stage_direction,,,四文堂、二旗牌、陆逊同上。,做,四文堂、二旗牌、陆逊同上。,上,旗牌；陆逊,,（四文堂、二旗牌、陆逊同上。）
pdf_01000000__01006001___9c7557117a,连营寨,pdf_01000000__01006001___9c7557117a__line__000399,pdf_01000000__01006001___9c7557117a__scene__014,01006001_连营寨.pdf,D:\University_studies\Junior\data_visualization\experiment\final_self\opera_dataset\01000000\01006001_连营寨.pdf,01000000/01006001_连营寨.pdf,a2504dd0-9a22-485e-848c-d08f96ade7ca,14,【第十四场】,399,dialogue,dialogue,陆逊,pdf_01000000__01006001___9c7557117a__char__aa27f6e024,念,念,念,,陆逊,胸藏孙武按六韬，准备香饵钓金鳖。,陆逊 （念） 胸藏孙武按六韬，准备香饵钓金鳖。
pdf_01000000__01006001___9c7557117a,连营寨,pdf_01000000__01006001___9c7557117a__line__000401,pdf_01000000__01006001___9c7557117a__scene__014,01006001_连营寨.pdf,D:\University_studies\Junior\data_visualization\experiment\final_self\opera_dataset\01000000\01006001_连营寨.pdf,01000000/01006001_连营寨.pdf,a2504dd0-9a22-485e-848c-d08f96ade7ca,14,【第十四场】,401,dialogue,dialogue,,,白,白,白,念白,白）；何事,何事？,（白） 何事？
pdf_01000000__01006001___9c7557117a,连营寨,pdf_01000000__01006001___9c7557117a__line__000403,pdf_01000000__01006001___9c7557117a__scene__014,01006001_连营寨.pdf,D:\University_studies\Junior\data_visualization\experiment\final_self\opera_dataset\01000000\01006001_连营寨.pdf,01000000/01006001_连营寨.pdf,a2504dd0-9a22-485e-848c-d08f96ade7ca,14,【第十四场】,403,narration,narration,,,,说明,,,韩当,韩当、,韩当、
pdf_01000000__01006001___9c7557117a,连营寨,pdf_01000000__01006001___9c7557117a__line__000405,pdf_01000000__01006001___9c7557117a__scene__014,01006001_连营寨.pdf,D:\University_studies\Junior\data_visualization\experiment\final_self\opera_dataset\01000000\01006001_连营寨.pdf,01000000/01006001_连营寨.pdf,a2504dd0-9a22-485e-848c-d08f96ade7ca,14,【第十四场】,405,dialogue,dialogue,周泰,pdf_01000000__01006001___9c7557117a__char__a5c672b91e,同白,白,同白,念白,周泰；刘备,刘备移营。,周泰 （同白） 刘备移营。
pdf_01000000__01006001___9c7557117a,连营寨,pdf_01000000__01006001___9c7557117a__line__000407,pdf_01000000__01006001___9c7557117a__scene__014,01006001_连营寨.pdf,D:\University_studies\Junior\data_visualization\experiment\final_self\opera_dataset\01000000\01006001_连营寨.pdf,01000000/01006001_连营寨.pdf,a2504dd0-9a22-485e-848c-d08f96ade7ca,14,【第十四场】,407,dialogue,dialogue,陆逊,pdf_01000000__01006001___9c7557117a__char__aa27f6e024,白,白,白,念白,陆逊,有这等事？待我一观，吩咐带马。,陆逊 （白） 有这等事？待我一观，吩咐带马。
pdf_01000000__01006001___9c7557117a,连营寨,pdf_01000000__01006001___9c7557117a__line__000409,pdf_01000000__01006001___9c7557117a__scene__014,01006001_连营寨.pdf,D:\University_studies\Junior\data_visualization\experiment\final_self\opera_dataset\01000000\01006001_连营寨.pdf,01000000/01006001_连营寨.pdf,a2504dd0-9a22-485e-848c-d08f96ade7ca,14,【第十四场】,409,narration,narration,,,,说明,,,山河国事帝王悠,山河国事帝王悠，,山河国事帝王悠，
pdf_01000000__01006001___9c7557117a,连营寨,pdf_01000000__01006001___9c7557117a__line__000411,pdf_01000000__01006001___9c7557117a__scene__014,01006001_连营寨.pdf,D:\University_studies\Junior\data_visualization\experiment\final_self\opera_dataset\01000000\01006001_连营寨.pdf,01000000/01006001_连营寨.pdf,a2504dd0-9a22-485e-848c-d08f96ade7ca,14,【第十四场】,411,narration,narration,,,,说明,,,统雄师忠德威咎,统雄师忠德威咎。,统雄师忠德威咎。
pdf_01000000__01006001___9c7557117a,连营寨,pdf_01000000__01006001___9c7557117a__line__000413,pdf_01000000__01006001___9c7557117a__scene__014,01006001_连营寨.pdf,D:\University_studies\Junior\data_visualization\experiment\final_self\opera_dataset\01000000\01006001_连营寨.pdf,01000000/01006001_连营寨.pdf,a2504dd0-9a22-485e-848c-d08f96ade7ca,14,【第十四场】,413,narration,narration,,,,说明,,,山河泄不尽,山河泄不尽，,山河泄不尽，
pdf_01000000__01006001___9c7557117a,连营寨,pdf_01000000__01006001___9c7557117a__line__000415,pdf_01000000__01006001___9c7557117a__scene__014,01006001_连营寨.pdf,D:\University_studies\Junior\data_visualization\experiment\final_self\opera_dataset\01000000\01006001_连营寨.pdf,01000000/01006001_连营寨.pdf,a2504dd0-9a22-485e-848c-d08f96ade7ca,14,【第十四场】,415,narration,narration,,,,说明,,,天地灵祈佑,天地灵祈佑。,天地灵祈佑。
pdf_01000000__01006001___9c7557117a,连营寨,pdf_01000000__01006001___9c7557117a__line__000417,pdf_01000000__01006001___9c7557117a__scene__014,01006001_连营寨.pdf,D:\University_studies\Junior\data_visualization\experiment\final_self\opera_dataset\01000000\01006001_连营寨.pdf,01000000/01006001_连营寨.pdf,a2504dd0-9a22-485e-848c-d08f96ade7ca,14,【第十四场】,417,narration,narration,,,,说明,,,国事凝眸,国事凝眸，,国事凝眸，
pdf_01000000__01006001___9c7557117a,连营寨,pdf_01000000__01006001___9c7557117a__line__000419,pdf_01000000__01006001___9c7557117a__scene__014,01006001_连营寨.pdf,D:\University_studies\Junior\data_visualization\experiment\final_self\opera_dataset\01000000\01006001_连营寨.pdf,01000000/01006001_连营寨.pdf,a2504dd0-9a22-485e-848c-d08f96ade7ca,14,【第十四场】,419,narration,narration,,,,说明,,,都只为名利锁紧迤逗,都只为名利锁紧迤逗。,都只为名利锁紧迤逗。
pdf_01000000__01006001___9c7557117a,连营寨,pdf_01000000__01006001___9c7557117a__line__000421,pdf_01000000__01006001___9c7557117a__scene__014,01006001_连营寨.pdf,D:\University_studies\Junior\data_visualization\experiment\final_self\opera_dataset\01000000\01006001_连营寨.pdf,01000000/01006001_连营寨.pdf,a2504dd0-9a22-485e-848c-d08f96ade7ca,14,【第十四场】,421,stage_direction,stage_direction,,,陆逊上台。,做,陆逊上台。,上,陆逊,,（陆逊上台。）
pdf_01000000__01006001___9c7557117a,连营寨,pdf_01000000__01006001___9c7557117a__line__000423,pdf_01000000__01006001___9c7557117a__scene__014,01006001_连营寨.pdf,D:\University_studies\Junior\data_visualization\experiment\final_self\opera_dataset\01000000\01006001_连营寨.pdf,01000000/01006001_连营寨.pdf,a2504dd0-9a22-485e-848c-d08f96ade7ca,14,【第十四场】,423,stage_direction,stage_direction,,,刘备、关兴、张苞、张南、龙套、众人同上。〖步步娇〗。过场，同下。,做,刘备、关兴、张苞、张南、龙套、众人同上。〖步步娇〗。过场，同下。,上；下,龙套；关兴；众人；刘备；张苞,,（刘备、关兴、张苞、张南、龙套、众人同上。〖步步娇〗。过场，同下。）
pdf_01000000__01006001___9c7557117a,连营寨,pdf_01000000__01006001___9c7557117a__line__000425,pdf_01000000__01006001___9c7557117a__scene__014,01006001_连营寨.pdf,D:\University_studies\Junior\data_visualization\experiment\final_self\opera_dataset\01000000\01006001_连营寨.pdf,01000000/01006001_连营寨.pdf,a2504dd0-9a22-485e-848c-d08f96ade7ca,14,【第十四场】,425,dialogue,dialogue,陆逊,pdf_01000000__01006001___9c7557117a__char__aa27f6e024,白,白,白,念白,陆逊,呀！,陆逊 （白） 呀！
pdf_01000000__01006001___9c7557117a,连营寨,pdf_01000000__01006001___9c7557117a__line__000427,pdf_01000000__01006001___9c7557117a__scene__014,01006001_连营寨.pdf,D:\University_studies\Junior\data_visualization\experiment\final_self\opera_dataset\01000000\01006001_连营寨.pdf,01000000/01006001_连营寨.pdf,a2504dd0-9a22-485e-848c-d08f96ade7ca,14,【第十四场】,427,stage_direction,stage_direction,,,折桂令,做,折桂令,令,折桂令,,（折桂令）
pdf_01000000__01006001___9c7557117a,连营寨,pdf_01000000__01006001___9c7557117a__line__000429,pdf_01000000__01006001___9c7557117a__scene__014,01006001_连营寨.pdf,D:\University_studies\Junior\data_visualization\experiment\final_self\opera_dataset\01000000\01006001_连营寨.pdf,01000000/01006001_连营寨.pdf,a2504dd0-9a22-485e-848c-d08f96ade7ca,14,【第十四场】,429,narration,narration,,,,说明,,,觑他行队伍驰骤,觑他行队伍驰骤，,觑他行队伍驰骤，
pdf_01000000__01006001___9c7557117a,连营寨,pdf_01000000__01006001___9c7557117a__line__000431,pdf_01000000__01006001___9c7557117a__scene__014,01006001_连营寨.pdf,D:\University_studies\Junior\data_visualization\experiment\final_self\opera_dataset\01000000\01006001_连营寨.pdf,01000000/01006001_连营寨.pdf,a2504dd0-9a22-485e-848c-d08f96ade7ca,14,【第十四场】,431,narration,narration,,,,说明,,,人马咆哮；哗骝不休,人马咆哮，哗骝不休。,人马咆哮，哗骝不休。
pdf_01000000__01006001___9c7557117a,连营寨,pdf_01000000__01006001___9c7557117a__line__000433,pdf_01000000__01006001___9c7557117a__scene__014,01006001_连营寨.pdf,D:\University_studies\Junior\data_visualization\experiment\final_self\opera_dataset\01000000\01006001_连营寨.pdf,01000000/01006001_连营寨.pdf,a2504dd0-9a22-485e-848c-d08f96ade7ca,14,【第十四场】,433,narration,narration,,,,说明,,,只见他移营松茂,只见他移营松茂，,只见他移营松茂，
pdf_01000000__01006001___9c7557117a,连营寨,pdf_01000000__01006001___9c7557117a__line__000435,pdf_01000000__01006001___9c7557117a__scene__014,01006001_连营寨.pdf,D:\University_studies\Junior\data_visualization\experiment\final_self\opera_dataset\01000000\01006001_连营寨.pdf,01000000/01006001_连营寨.pdf,a2504dd0-9a22-485e-848c-d08f96ade7ca,14,【第十四场】,435,narration,narration,,,,说明,,,喜眉梢残除群谋,喜眉梢残除群谋。,喜眉梢残除群谋。
pdf_01000000__01006001___9c7557117a,连营寨,pdf_01000000__01006001___9c7557117a__line__000437,pdf_01000000__01006001___9c7557117a__scene__014,01006001_连营寨.pdf,D:\University_studies\Junior\data_visualization\experiment\final_self\opera_dataset\01000000\01006001_连营寨.pdf,01000000/01006001_连营寨.pdf,a2504dd0-9a22-485e-848c-d08f96ade7ca,14,【第十四场】,437,narration,narration,,,,说明,,,整顿着弓刀箭手,整顿着弓刀箭手，,整顿着弓刀箭手，
pdf_01000000__01006001___9c7557117a,连营寨,pdf_01000000__01006001___9c7557117a__line__000439,pdf_01000000__01006001___9c7557117a__scene__014,01006001_连营寨.pdf,D:\University_studies\Junior\data_visualization\experiment\final_self\opera_dataset\01000000\01006001_连营寨.pdf,01000000/01006001_连营寨.pdf,a2504dd0-9a22-485e-848c-d08f96ade7ca,14,【第十四场】,439,narration,narration,,,,说明,,,管教他数百营头；只这顷刻尽休,管教他数百营头，只这顷刻尽休。,管教他数百营头，只这顷刻尽休。
pdf_01000000__01006001___9c7557117a,连营寨,pdf_01000000__01006001___9c7557117a__line__000441,pdf_01000000__01006001___9c7557117a__scene__014,01006001_连营寨.pdf,D:\University_studies\Junior\data_visualization\experiment\final_self\opera_dataset\01000000\01006001_连营寨.pdf,01000000/01006001_连营寨.pdf,a2504dd0-9a22-485e-848c-d08f96ade7ca,14,【第十四场】,441,narration,narration,,,,说明,,,仗吾奇谋,仗吾奇谋，,仗吾奇谋，
pdf_01000000__01006001___9c7557117a,连营寨,pdf_01000000__01006001___9c7557117a__line__000443,pdf_01000000__01006001___9c7557117a__scene__014,01006001_连营寨.pdf,D:\University_studies\Junior\data_visualization\experiment\final_self\opera_dataset\01000000\01006001_连营寨.pdf,01000000/01006001_连营寨.pdf,a2504dd0-9a22-485e-848c-d08f96ade7ca,14,【第十四场】,443,narration,narration,,,,说明,,收,俺这里火攻一举；霎时功收,俺这里火攻一举，霎时功收。,俺这里火攻一举，霎时功收。
pdf_01000000__01006001___9c7557117a,连营寨,pdf_01000000__01006001___9c7557117a__line__000445,pdf_01000000__01006001___9c7557117a__scene__014,01006001_连营寨.pdf,D:\University_studies\Junior\data_visualization\experiment\final_self\opera_dataset\01000000\01006001_连营寨.pdf,01000000/01006001_连营寨.pdf,a2504dd0-9a22-485e-848c-d08f96ade7ca,14,【第十四场】,445,narration,narration,,,,说明,,,韩当,韩当、,韩当、
pdf_01000000__01006001___9c7557117a,连营寨,pdf_01000000__01006001___9c7557117a__line__000447,pdf_01000000__01006001___9c7557117a__scene__014,01006001_连营寨.pdf,D:\University_studies\Junior\data_visualization\experiment\final_self\opera_dataset\01000000\01006001_连营寨.pdf,01000000/01006001_连营寨.pdf,a2504dd0-9a22-485e-848c-d08f96ade7ca,14,【第十四场】,447,dialogue,dialogue,周泰,pdf_01000000__01006001___9c7557117a__char__a5c672b91e,同白,白,同白,传；令；杀；念白,周泰；刘备,元帅，刘备移营未定，可传将令，待末将等，杀他个措手不及。,周泰 （同白） 元帅，刘备移营未定，可传将令，待末将等，杀他个措手不及。
pdf_01000000__01006001___9c7557117a,连营寨,pdf_01000000__01006001___9c7557117a__line__000449,pdf_01000000__01006001___9c7557117a__scene__014,01006001_连营寨.pdf,D:\University_studies\Junior\data_visualization\experiment\final_self\opera_dataset\01000000\01006001_连营寨.pdf,01000000/01006001_连营寨.pdf,a2504dd0-9a22-485e-848c-d08f96ade7ca,14,【第十四场】,449,stage_direction,stage_direction,,,韩当、周泰同唱〖江儿水〗。,做,韩当、周泰同唱〖江儿水〗。,,韩当；周泰同唱〖江儿水〗,,（韩当、周泰同唱〖江儿水〗。）
pdf_01000000__01006001___9c7557117a,连营寨,pdf_01000000__01006001___9c7557117a__line__000451,pdf_01000000__01006001___9c7557117a__scene__014,01006001_连营寨.pdf,D:\University_studies\Junior\data_visualization\experiment\final_self\opera_dataset\01000000\01006001_连营寨.pdf,01000000/01006001_连营寨.pdf,a2504dd0-9a22-485e-848c-d08f96ade7ca,14,【第十四场】,451,dialogue,dialogue,陆逊,pdf_01000000__01006001___9c7557117a__char__aa27f6e024,白,白,白,念白,陆逊,你等哪知俺的妙计也！,陆逊 （白） 你等哪知俺的妙计也！
pdf_01000000__01006001___9c7557117a,连营寨,pdf_01000000__01006001___9c7557117a__line__000453,pdf_01000000__01006001___9c7557117a__scene__014,01006001_连营寨.pdf,D:\University_studies\Junior\data_visualization\experiment\final_self\opera_dataset\01000000\01006001_连营寨.pdf,01000000/01006001_连营寨.pdf,a2504dd0-9a22-485e-848c-d08f96ade7ca,14,【第十四场】,453,stage_direction,stage_direction,,,雁儿落,做,雁儿落,,雁儿落,,（雁儿落）
pdf_01000000__01006001___9c7557117a,连营寨,pdf_01000000__01006001___9c7557117a__line__000455,pdf_01000000__01006001___9c7557117a__scene__014,01006001_连营寨.pdf,D:\University_studies\Junior\data_visualization\experiment\final_self\opera_dataset\01000000\01006001_连营寨.pdf,01000000/01006001_连营寨.pdf,a2504dd0-9a22-485e-848c-d08f96ade7ca,14,【第十四场】,455,narration,narration,,,,说明,,,凭着他百万兵巧计谋,凭着他百万兵巧计谋，,凭着他百万兵巧计谋，
pdf_01000000__01006001___9c7557117a,连营寨,pdf_01000000__01006001___9c7557117a__line__000457,pdf_01000000__01006001___9c7557117a__scene__014,01006001_连营寨.pdf,D:\University_studies\Junior\data_visualization\experiment\final_self\opera_dataset\01000000\01006001_连营寨.pdf,01000000/01006001_连营寨.pdf,a2504dd0-9a22-485e-848c-d08f96ade7ca,14,【第十四场】,457,narration,narration,,,,说明,,,料群雄怎脱俺这牢笼钩,料群雄怎脱俺这牢笼钩。,料群雄怎脱俺这牢笼钩。
pdf_01000000__01006001___9c7557117a,连营寨,pdf_01000000__01006001___9c7557117a__line__000459,pdf_01000000__01006001___9c7557117a__scene__014,01006001_连营寨.pdf,D:\University_studies\Junior\data_visualization\experiment\final_self\opera_dataset\01000000\01006001_连营寨.pdf,01000000/01006001_连营寨.pdf,a2504dd0-9a22-485e-848c-d08f96ade7ca,14,【第十四场】,459,narration,narration,,,,说明,,,方愿俺展韬略达机谋,方愿俺展韬略达机谋，,方愿俺展韬略达机谋，
pdf_01000000__01006001___9c7557117a,连营寨,pdf_01000000__01006001___9c7557117a__line__000461,pdf_01000000__01006001___9c7557117a__scene__014,01006001_连营寨.pdf,D:\University_studies\Junior\data_visualization\experiment\final_self\opera_dataset\01000000\01006001_连营寨.pdf,01000000/01006001_连营寨.pdf,a2504dd0-9a22-485e-848c-d08f96ade7ca,14,【第十四场】,461,narration,narration,,,,说明,,,一恁他移军营暗计投,一恁他移军营暗计投。,一恁他移军营暗计投。
pdf_01000000__01006001___9c7557117a,连营寨,pdf_01000000__01006001___9c7557117a__line__000463,pdf_01000000__01006001___9c7557117a__scene__014,01006001_连营寨.pdf,D:\University_studies\Junior\data_visualization\experiment\final_self\opera_dataset\01000000\01006001_连营寨.pdf,01000000/01006001_连营寨.pdf,a2504dd0-9a22-485e-848c-d08f96ade7ca,14,【第十四场】,463,narration,narration,,,,说明,,,韩当,韩当、,韩当、
pdf_01000000__01006001___9c7557117a,连营寨,pdf_01000000__01006001___9c7557117a__line__000465,pdf_01000000__01006001___9c7557117a__scene__014,01006001_连营寨.pdf,D:\University_studies\Junior\data_visualization\experiment\final_self\opera_dataset\01000000\01006001_连营寨.pdf,01000000/01006001_连营寨.pdf,a2504dd0-9a22-485e-848c-d08f96ade7ca,14,【第十四场】,465,dialogue,dialogue,周泰,pdf_01000000__01006001___9c7557117a__char__a5c672b91e,同白,白,同白,念白,周泰,元帅！,周泰 （同白） 元帅！
pdf_01000000__01006001___9c7557117a,连营寨,pdf_01000000__01006001___9c7557117a__line__000467,pdf_01000000__01006001___9c7557117a__scene__014,01006001_连营寨.pdf,D:\University_studies\Junior\data_visualization\experiment\final_self\opera_dataset\01000000\01006001_连营寨.pdf,01000000/01006001_连营寨.pdf,a2504dd0-9a22-485e-848c-d08f96ade7ca,14,【第十四场】,467,stage_direction,stage_direction,,,一板绕绕令。,做,一板绕绕令。,令,一板绕绕令,,（一板绕绕令。）
pdf_01000000__01006001___9c7557117a,连营寨,pdf_01000000__01006001___9c7557117a__line__000469,pdf_01000000__01006001___9c7557117a__scene__014,01006001_连营寨.pdf,D:\University_studies\Junior\data_visualization\experiment\final_self\opera_dataset\01000000\01006001_连营寨.pdf,01000000/01006001_连营寨.pdf,a2504dd0-9a22-485e-848c-d08f96ade7ca,14,【第十四场】,469,dialogue,dialogue,陆逊,pdf_01000000__01006001___9c7557117a__char__aa27f6e024,白,白,白,念白,陆逊,不必多言，带马回营。呀！,陆逊 （白） 不必多言，带马回营。呀！
pdf_01000000__01006001___9c7557117a,连营寨,pdf_01000000__01006001___9c7557117a__line__000471,pdf_01000000__01006001___9c7557117a__scene__014,01006001_连营寨.pdf,D:\University_studies\Junior\data_visualization\experiment\final_self\opera_dataset\01000000\01006001_连营寨.pdf,01000000/01006001_连营寨.pdf,a2504dd0-9a22-485e-848c-d08f96ade7ca,14,【第十四场】,471,stage_direction,stage_direction,,,收江南,做,收江南,收,收江南,,（收江南）
pdf_01000000__01006001___9c7557117a,连营寨,pdf_01000000__01006001___9c7557117a__line__000473,pdf_01000000__01006001___9c7557117a__scene__014,01006001_连营寨.pdf,D:\University_studies\Junior\data_visualization\experiment\final_self\opera_dataset\01000000\01006001_连营寨.pdf,01000000/01006001_连营寨.pdf,a2504dd0-9a22-485e-848c-d08f96ade7ca,14,【第十四场】,473,narration,narration,,,,说明,,打,准备着打鱼舟,准备着打鱼舟，,准备着打鱼舟，
pdf_01000000__01006001___9c7557117a,连营寨,pdf_01000000__01006001___9c7557117a__line__000475,pdf_01000000__01006001___9c7557117a__scene__014,01006001_连营寨.pdf,D:\University_studies\Junior\data_visualization\experiment\final_self\opera_dataset\01000000\01006001_连营寨.pdf,01000000/01006001_连营寨.pdf,a2504dd0-9a22-485e-848c-d08f96ade7ca,14,【第十四场】,475,narration,narration,,,,说明,,收,收拾了钓鱼钩,收拾了钓鱼钩。,收拾了钓鱼钩。
pdf_01000000__01006001___9c7557117a,连营寨,pdf_01000000__01006001___9c7557117a__line__000477,pdf_01000000__01006001___9c7557117a__scene__014,01006001_连营寨.pdf,D:\University_studies\Junior\data_visualization\experiment\final_self\opera_dataset\01000000\01006001_连营寨.pdf,01000000/01006001_连营寨.pdf,a2504dd0-9a22-485e-848c-d08f96ade7ca,14,【第十四场】,477,narration,narration,,,,说明,,,咸先皇威灵保佑,咸先皇威灵保佑，,咸先皇威灵保佑，
pdf_01000000__01006001___9c7557117a,连营寨,pdf_01000000__01006001___9c7557117a__line__000479,pdf_01000000__01006001___9c7557117a__scene__014,01006001_连营寨.pdf,D:\University_studies\Junior\data_visualization\experiment\final_self\opera_dataset\01000000\01006001_连营寨.pdf,01000000/01006001_连营寨.pdf,a2504dd0-9a22-485e-848c-d08f96ade7ca,14,【第十四场】,479,narration,narration,,,,说明,,,东吴万载秋,东吴万载秋。,东吴万载秋。
pdf_01000000__01006001___9c7557117a,连营寨,pdf_01000000__01006001___9c7557117a__line__000481,pdf_01000000__01006001___9c7557117a__scene__014,01006001_连营寨.pdf,D:\University_studies\Junior\data_visualization\experiment\final_self\opera_dataset\01000000\01006001_连营寨.pdf,01000000/01006001_连营寨.pdf,a2504dd0-9a22-485e-848c-d08f96ade7ca,14,【第十四场】,481,narration,narration,,,,说明,,,伊休；齐凯歌升平奏,伊休，齐凯歌升平奏，,伊休，齐凯歌升平奏，
pdf_01000000__01006001___9c7557117a,连营寨,pdf_01000000__01006001___9c7557117a__line__000483,pdf_01000000__01006001___9c7557117a__scene__014,01006001_连营寨.pdf,D:\University_studies\Junior\data_visualization\experiment\final_self\opera_dataset\01000000\01006001_连营寨.pdf,01000000/01006001_连营寨.pdf,a2504dd0-9a22-485e-848c-d08f96ade7ca,14,【第十四场】,483,narration,narration,,,,说明,,请,请幽享廊堂玉殿秋；玉殿秋,请幽享廊堂玉殿秋，玉殿秋。,请幽享廊堂玉殿秋，玉殿秋。
pdf_01000000__01006001___9c7557117a,连营寨,pdf_01000000__01006001___9c7557117a__line__000485,pdf_01000000__01006001___9c7557117a__scene__014,01006001_连营寨.pdf,D:\University_studies\Junior\data_visualization\experiment\final_self\opera_dataset\01000000\01006001_连营寨.pdf,01000000/01006001_连营寨.pdf,a2504dd0-9a22-485e-848c-d08f96ade7ca,14,【第十四场】,485,stage_direction,stage_direction,,,众人同下。,做,众人同下。,下,众人,,（众人同下。）
pdf_01000000__01006001___9c7557117a,连营寨,pdf_01000000__01006001___9c7557117a__line__000489,pdf_01000000__01006001___9c7557117a__scene__015,01006001_连营寨.pdf,D:\University_studies\Junior\data_visualization\experiment\final_self\opera_dataset\01000000\01006001_连营寨.pdf,01000000/01006001_连营寨.pdf,a2504dd0-9a22-485e-848c-d08f96ade7ca,15,【第十五场】,489,stage_direction,stage_direction,,,童儿引诸葛亮同上。,做,童儿引诸葛亮同上。,上,童儿,,（童儿引诸葛亮同上。）
pdf_01000000__01006001___9c7557117a,连营寨,pdf_01000000__01006001___9c7557117a__line__000495,pdf_01000000__01006001___9c7557117a__scene__016,01006001_连营寨.pdf,D:\University_studies\Junior\data_visualization\experiment\final_self\opera_dataset\01000000\01006001_连营寨.pdf,01000000/01006001_连营寨.pdf,a2504dd0-9a22-485e-848c-d08f96ade7ca,16,【第十六场】,495,stage_direction,stage_direction,,,八小军、韩当、周泰、丁奉、徐盛、陆逊同上。〖沽美酒〗。〖吹打〗。,做,八小军、韩当、周泰、丁奉、徐盛、陆逊同上。〖沽美酒〗。〖吹打〗。,上；打,陆逊,,（八小军、韩当、周泰、丁奉、徐盛、陆逊同上。〖沽美酒〗。〖吹打〗。）
pdf_01000000__01006001___9c7557117a,连营寨,pdf_01000000__01006001___9c7557117a__line__000497,pdf_01000000__01006001___9c7557117a__scene__016,01006001_连营寨.pdf,D:\University_studies\Junior\data_visualization\experiment\final_self\opera_dataset\01000000\01006001_连营寨.pdf,01000000/01006001_连营寨.pdf,a2504dd0-9a22-485e-848c-d08f96ade7ca,16,【第十六场】,497,dialogue,dialogue,陆逊,pdf_01000000__01006001___9c7557117a__char__aa27f6e024,白,白,白,念白,刘备；陆逊,刘备移营，中我之计，韩当、周泰，,陆逊 （白） 刘备移营，中我之计，韩当、周泰，
pdf_01000000__01006001___9c7557117a,连营寨,pdf_01000000__01006001___9c7557117a__line__000499,pdf_01000000__01006001___9c7557117a__scene__016,01006001_连营寨.pdf,D:\University_studies\Junior\data_visualization\experiment\final_self\opera_dataset\01000000\01006001_连营寨.pdf,01000000/01006001_连营寨.pdf,a2504dd0-9a22-485e-848c-d08f96ade7ca,16,【第十六场】,499,stage_direction,stage_direction,,,韩当、周泰同允。,做,韩当、周泰同允。,,韩当；周泰同允,,（韩当、周泰同允。）
pdf_01000000__01006001___9c7557117a,连营寨,pdf_01000000__01006001___9c7557117a__line__000501,pdf_01000000__01006001___9c7557117a__scene__016,01006001_连营寨.pdf,D:\University_studies\Junior\data_visualization\experiment\final_self\opera_dataset\01000000\01006001_连营寨.pdf,01000000/01006001_连营寨.pdf,a2504dd0-9a22-485e-848c-d08f96ade7ca,16,【第十六场】,501,dialogue,dialogue,陆逊,pdf_01000000__01006001___9c7557117a__char__aa27f6e024,白,白,白,打；念白,陆逊,你二人带领人马，各代硫磺焰硝，等东南风起时，攻打江南岸。,陆逊 （白） 你二人带领人马，各代硫磺焰硝，等东南风起时，攻打江南岸。
pdf_01000000__01006001___9c7557117a,连营寨,pdf_01000000__01006001___9c7557117a__line__000503,pdf_01000000__01006001___9c7557117a__scene__016,01006001_连营寨.pdf,D:\University_studies\Junior\data_visualization\experiment\final_self\opera_dataset\01000000\01006001_连营寨.pdf,01000000/01006001_连营寨.pdf,a2504dd0-9a22-485e-848c-d08f96ade7ca,16,【第十六场】,503,narration,narration,,,,说明,,令,韩当；周泰；（同白）；得令,韩当、周泰 （同白） 得令。,韩当、周泰 （同白） 得令。
pdf_01000000__01006001___9c7557117a,连营寨,pdf_01000000__01006001___9c7557117a__line__000505,pdf_01000000__01006001___9c7557117a__scene__016,01006001_连营寨.pdf,D:\University_studies\Junior\data_visualization\experiment\final_self\opera_dataset\01000000\01006001_连营寨.pdf,01000000/01006001_连营寨.pdf,a2504dd0-9a22-485e-848c-d08f96ade7ca,16,【第十六场】,505,stage_direction,stage_direction,,,韩当、周泰同下。,做,韩当、周泰同下。,下,韩当；周泰,,（韩当、周泰同下。）
pdf_01000000__01006001___9c7557117a,连营寨,pdf_01000000__01006001___9c7557117a__line__000507,pdf_01000000__01006001___9c7557117a__scene__016,01006001_连营寨.pdf,D:\University_studies\Junior\data_visualization\experiment\final_self\opera_dataset\01000000\01006001_连营寨.pdf,01000000/01006001_连营寨.pdf,a2504dd0-9a22-485e-848c-d08f96ade7ca,16,【第十六场】,507,dialogue,dialogue,陆逊,pdf_01000000__01006001___9c7557117a__char__aa27f6e024,白,白,白,念白,陆逊,丁奉、徐盛，,陆逊 （白） 丁奉、徐盛，
pdf_01000000__01006001___9c7557117a,连营寨,pdf_01000000__01006001___9c7557117a__line__000509,pdf_01000000__01006001___9c7557117a__scene__016,01006001_连营寨.pdf,D:\University_studies\Junior\data_visualization\experiment\final_self\opera_dataset\01000000\01006001_连营寨.pdf,01000000/01006001_连营寨.pdf,a2504dd0-9a22-485e-848c-d08f96ade7ca,16,【第十六场】,509,stage_direction,stage_direction,,,丁奉、徐盛同允。,做,丁奉、徐盛同允。,,丁奉；徐盛同允,,（丁奉、徐盛同允。）
pdf_01000000__01006001___9c7557117a,连营寨,pdf_01000000__01006001___9c7557117a__line__000511,pdf_01000000__01006001___9c7557117a__scene__016,01006001_连营寨.pdf,D:\University_studies\Junior\data_visualization\experiment\final_self\opera_dataset\01000000\01006001_连营寨.pdf,01000000/01006001_连营寨.pdf,a2504dd0-9a22-485e-848c-d08f96ade7ca,16,【第十六场】,511,dialogue,dialogue,陆逊,pdf_01000000__01006001___9c7557117a__char__aa27f6e024,白,白,白,打；念白,陆逊,你二人带领人马，各代硫磺焰硝，攻打江北岸。,陆逊 （白） 你二人带领人马，各代硫磺焰硝，攻打江北岸。
pdf_01000000__01006001___9c7557117a,连营寨,pdf_01000000__01006001___9c7557117a__line__000513,pdf_01000000__01006001___9c7557117a__scene__016,01006001_连营寨.pdf,D:\University_studies\Junior\data_visualization\experiment\final_self\opera_dataset\01000000\01006001_连营寨.pdf,01000000/01006001_连营寨.pdf,a2504dd0-9a22-485e-848c-d08f96ade7ca,16,【第十六场】,513,narration,narration,,,,说明,,令,丁奉；徐盛；（同白）；得令,丁奉、徐盛 （同白） 得令。,丁奉、徐盛 （同白） 得令。
pdf_01000000__01006001___9c7557117a,连营寨,pdf_01000000__01006001___9c7557117a__line__000515,pdf_01000000__01006001___9c7557117a__scene__016,01006001_连营寨.pdf,D:\University_studies\Junior\data_visualization\experiment\final_self\opera_dataset\01000000\01006001_连营寨.pdf,01000000/01006001_连营寨.pdf,a2504dd0-9a22-485e-848c-d08f96ade7ca,16,【第十六场】,515,stage_direction,stage_direction,,,丁奉、徐盛同下。,做,丁奉、徐盛同下。,下,丁奉；徐盛,,（丁奉、徐盛同下。）
pdf_01000000__01006001___9c7557117a,连营寨,pdf_01000000__01006001___9c7557117a__line__000517,pdf_01000000__01006001___9c7557117a__scene__016,01006001_连营寨.pdf,D:\University_studies\Junior\data_visualization\experiment\final_self\opera_dataset\01000000\01006001_连营寨.pdf,01000000/01006001_连营寨.pdf,a2504dd0-9a22-485e-848c-d08f96ade7ca,16,【第十六场】,517,dialogue,dialogue,陆逊,pdf_01000000__01006001___9c7557117a__char__aa27f6e024,白,白,白,杀；念白,陆逊,众将官，待蜀营火起，一拥杀出，不得有误。,陆逊 （白） 众将官，待蜀营火起，一拥杀出，不得有误。
pdf_01000000__01006001___9c7557117a,连营寨,pdf_01000000__01006001___9c7557117a__line__000519,pdf_01000000__01006001___9c7557117a__scene__016,01006001_连营寨.pdf,D:\University_studies\Junior\data_visualization\experiment\final_self\opera_dataset\01000000\01006001_连营寨.pdf,01000000/01006001_连营寨.pdf,a2504dd0-9a22-485e-848c-d08f96ade7ca,16,【第十六场】,519,stage_direction,stage_direction,,,众人同允。,做,众人同允。,,众人,,（众人同允。）
pdf_01000000__01006001___9c7557117a,连营寨,pdf_01000000__01006001___9c7557117a__line__000521,pdf_01000000__01006001___9c7557117a__scene__016,01006001_连营寨.pdf,D:\University_studies\Junior\data_visualization\experiment\final_self\opera_dataset\01000000\01006001_连营寨.pdf,01000000/01006001_连营寨.pdf,a2504dd0-9a22-485e-848c-d08f96ade7ca,16,【第十六场】,521,dialogue,dialogue,陆逊,pdf_01000000__01006001___9c7557117a__char__aa27f6e024,白,白,白,念白,陆逊,起兵前往。,陆逊 （白） 起兵前往。
pdf_01000000__01006001___9c7557117a,连营寨,pdf_01000000__01006001___9c7557117a__line__000523,pdf_01000000__01006001___9c7557117a__scene__016,01006001_连营寨.pdf,D:\University_studies\Junior\data_visualization\experiment\final_self\opera_dataset\01000000\01006001_连营寨.pdf,01000000/01006001_连营寨.pdf,a2504dd0-9a22-485e-848c-d08f96ade7ca,16,【第十六场】,523,stage_direction,stage_direction,,,〖沽美酒〗。众人同下。,做,〖沽美酒〗。众人同下。,下,众人,,（〖沽美酒〗。众人同下。）
pdf_01000000__01006001___9c7557117a,连营寨,pdf_01000000__01006001___9c7557117a__line__000527,pdf_01000000__01006001___9c7557117a__scene__017,01006001_连营寨.pdf,D:\University_studies\Junior\data_visualization\experiment\final_self\opera_dataset\01000000\01006001_连营寨.pdf,01000000/01006001_连营寨.pdf,a2504dd0-9a22-485e-848c-d08f96ade7ca,17,【第十七场】,527,stage_direction,stage_direction,,,关兴、张苞、刘备同上。,做,关兴、张苞、刘备同上。,上,关兴；刘备；张苞,,（关兴、张苞、刘备同上。）
pdf_01000000__01006001___9c7557117a,连营寨,pdf_01000000__01006001___9c7557117a__line__000529,pdf_01000000__01006001___9c7557117a__scene__017,01006001_连营寨.pdf,D:\University_studies\Junior\data_visualization\experiment\final_self\opera_dataset\01000000\01006001_连营寨.pdf,01000000/01006001_连营寨.pdf,a2504dd0-9a22-485e-848c-d08f96ade7ca,17,【第十七场】,529,dialogue,dialogue,刘备,pdf_01000000__01006001___9c7557117a__char__fe7cc1b6d6,念,念,念,,刘备,眼观旌旗起，耳听好消息。,刘备 （念） 眼观旌旗起，耳听好消息。
pdf_01000000__01006001___9c7557117a,连营寨,pdf_01000000__01006001___9c7557117a__line__000531,pdf_01000000__01006001___9c7557117a__scene__017,01006001_连营寨.pdf,D:\University_studies\Junior\data_visualization\experiment\final_self\opera_dataset\01000000\01006001_连营寨.pdf,01000000/01006001_连营寨.pdf,a2504dd0-9a22-485e-848c-d08f96ade7ca,17,【第十七场】,531,stage_direction,stage_direction,,,张南上。,做,张南上。,上,张南,,（张南上。）
pdf_01000000__01006001___9c7557117a,连营寨,pdf_01000000__01006001___9c7557117a__line__000533,pdf_01000000__01006001___9c7557117a__scene__017,01006001_连营寨.pdf,D:\University_studies\Junior\data_visualization\experiment\final_self\opera_dataset\01000000\01006001_连营寨.pdf,01000000/01006001_连营寨.pdf,a2504dd0-9a22-485e-848c-d08f96ade7ca,17,【第十七场】,533,dialogue,dialogue,张南,pdf_01000000__01006001___9c7557117a__char__e8536fb687,白,白,白,念白,张南,启主公:帅字旗无风自倒。,张南（白）启主公:帅字旗无风自倒。
pdf_01000000__01006001___9c7557117a,连营寨,pdf_01000000__01006001___9c7557117a__line__000533,pdf_01000000__01006001___9c7557117a__scene__017,01006001_连营寨.pdf,D:\University_studies\Junior\data_visualization\experiment\final_self\opera_dataset\01000000\01006001_连营寨.pdf,01000000/01006001_连营寨.pdf,a2504dd0-9a22-485e-848c-d08f96ade7ca,17,【第十七场】,533,dialogue,dialogue,刘备,pdf_01000000__01006001___9c7557117a__char__fe7cc1b6d6,白,白,白,来；念白,关兴；刘备；张苞,"恐吴兵今夜前来劫营,张苞、关兴,须要准备","刘备（白）恐吴兵今夜前来劫营,张苞、关兴,须要准备"
pdf_01000000__01006001___9c7557117a,连营寨,pdf_01000000__01006001___9c7557117a__line__000533,pdf_01000000__01006001___9c7557117a__scene__017,01006001_连营寨.pdf,D:\University_studies\Junior\data_visualization\experiment\final_self\opera_dataset\01000000\01006001_连营寨.pdf,01000000/01006001_连营寨.pdf,a2504dd0-9a22-485e-848c-d08f96ade7ca,17,【第十七场】,533,dialogue,dialogue,报子,pdf_01000000__01006001___9c7557117a__char__3fa70669ba,白,白,白,念白,报子,江南岸营中火起!,报子（白）江南岸营中火起!
pdf_01000000__01006001___9c7557117a,连营寨,pdf_01000000__01006001___9c7557117a__line__000533,pdf_01000000__01006001___9c7557117a__scene__017,01006001_连营寨.pdf,D:\University_studies\Junior\data_visualization\experiment\final_self\opera_dataset\01000000\01006001_连营寨.pdf,01000000/01006001_连营寨.pdf,a2504dd0-9a22-485e-848c-d08f96ade7ca,17,【第十七场】,533,dialogue,dialogue,刘备,pdf_01000000__01006001___9c7557117a__char__fe7cc1b6d6,白,白,白,念白,刘备,再探!,刘备（白）再探!
pdf_01000000__01006001___9c7557117a,连营寨,pdf_01000000__01006001___9c7557117a__line__000533,pdf_01000000__01006001___9c7557117a__scene__017,01006001_连营寨.pdf,D:\University_studies\Junior\data_visualization\experiment\final_self\opera_dataset\01000000\01006001_连营寨.pdf,01000000/01006001_连营寨.pdf,a2504dd0-9a22-485e-848c-d08f96ade7ca,17,【第十七场】,533,dialogue,dialogue,刘备,pdf_01000000__01006001___9c7557117a__char__fe7cc1b6d6,白,白,白,念白,刘备；张苞,张苞急救。,刘备（白）张苞急救。
pdf_01000000__01006001___9c7557117a,连营寨,pdf_01000000__01006001___9c7557117a__line__000533,pdf_01000000__01006001___9c7557117a__scene__017,01006001_连营寨.pdf,D:\University_studies\Junior\data_visualization\experiment\final_self\opera_dataset\01000000\01006001_连营寨.pdf,01000000/01006001_连营寨.pdf,a2504dd0-9a22-485e-848c-d08f96ade7ca,17,【第十七场】,533,dialogue,dialogue,刘备,pdf_01000000__01006001___9c7557117a__char__fe7cc1b6d6,白,白,白,念白,刘备,这是我军自不小心。,刘备（白）这是我军自不小心。
pdf_01000000__01006001___9c7557117a,连营寨,pdf_01000000__01006001___9c7557117a__line__000533,pdf_01000000__01006001___9c7557117a__scene__017,01006001_连营寨.pdf,D:\University_studies\Junior\data_visualization\experiment\final_self\opera_dataset\01000000\01006001_连营寨.pdf,01000000/01006001_连营寨.pdf,a2504dd0-9a22-485e-848c-d08f96ade7ca,17,【第十七场】,533,dialogue,dialogue,报子,pdf_01000000__01006001___9c7557117a__char__3fa70669ba,白,白,白,念白,报子,江北岸火起!,报子（白）江北岸火起!
pdf_01000000__01006001___9c7557117a,连营寨,pdf_01000000__01006001___9c7557117a__line__000533,pdf_01000000__01006001___9c7557117a__scene__017,01006001_连营寨.pdf,D:\University_studies\Junior\data_visualization\experiment\final_self\opera_dataset\01000000\01006001_连营寨.pdf,01000000/01006001_连营寨.pdf,a2504dd0-9a22-485e-848c-d08f96ade7ca,17,【第十七场】,533,dialogue,dialogue,刘备,pdf_01000000__01006001___9c7557117a__char__fe7cc1b6d6,白,白,白,念白,刘备,再探!,刘备（白）再探!
pdf_01000000__01006001___9c7557117a,连营寨,pdf_01000000__01006001___9c7557117a__line__000533,pdf_01000000__01006001___9c7557117a__scene__017,01006001_连营寨.pdf,D:\University_studies\Junior\data_visualization\experiment\final_self\opera_dataset\01000000\01006001_连营寨.pdf,01000000/01006001_连营寨.pdf,a2504dd0-9a22-485e-848c-d08f96ade7ca,17,【第十七场】,533,dialogue,dialogue,刘备,pdf_01000000__01006001___9c7557117a__char__fe7cc1b6d6,白,白,白,念白,关兴；刘备,关兴速救。,刘备（白）关兴速救。
pdf_01000000__01006001___9c7557117a,连营寨,pdf_01000000__01006001___9c7557117a__line__000533,pdf_01000000__01006001___9c7557117a__scene__017,01006001_连营寨.pdf,D:\University_studies\Junior\data_visualization\experiment\final_self\opera_dataset\01000000\01006001_连营寨.pdf,01000000/01006001_连营寨.pdf,a2504dd0-9a22-485e-848c-d08f96ade7ca,17,【第十七场】,533,dialogue,dialogue,刘备,pdf_01000000__01006001___9c7557117a__char__fe7cc1b6d6,白,白,白,念白,刘备,"这两岸火起,应在帅旗无风自倒。","刘备（白）这两岸火起,应在帅旗无风自倒。"
pdf_01000000__01006001___9c7557117a,连营寨,pdf_01000000__01006001___9c7557117a__line__000533,pdf_01000000__01006001___9c7557117a__scene__017,01006001_连营寨.pdf,D:\University_studies\Junior\data_visualization\experiment\final_self\opera_dataset\01000000\01006001_连营寨.pdf,01000000/01006001_连营寨.pdf,a2504dd0-9a22-485e-848c-d08f96ade7ca,17,【第十七场】,533,dialogue,dialogue,报子,pdf_01000000__01006001___9c7557117a__char__3fa70669ba,白,白,白,念白,报子,满营火起!,报子（白）满营火起!
pdf_01000000__01006001___9c7557117a,连营寨,pdf_01000000__01006001___9c7557117a__line__000533,pdf_01000000__01006001___9c7557117a__scene__017,01006001_连营寨.pdf,D:\University_studies\Junior\data_visualization\experiment\final_self\opera_dataset\01000000\01006001_连营寨.pdf,01000000/01006001_连营寨.pdf,a2504dd0-9a22-485e-848c-d08f96ade7ca,17,【第十七场】,533,dialogue,dialogue,刘备,pdf_01000000__01006001___9c7557117a__char__fe7cc1b6d6,白,白,白,来；念白,刘备,"哎呀,一定吴兵前来放火,不好了!","刘备（白）哎呀,一定吴兵前来放火,不好了!"
pdf_01000000__01006001___9c7557117a,连营寨,pdf_01000000__01006001___9c7557117a__line__000537,pdf_01000000__01006001___9c7557117a__scene__018,01006001_连营寨.pdf,D:\University_studies\Junior\data_visualization\experiment\final_self\opera_dataset\01000000\01006001_连营寨.pdf,01000000/01006001_连营寨.pdf,a2504dd0-9a22-485e-848c-d08f96ade7ca,18,【第十八场】,537,stage_direction,stage_direction,,,赵云上，关兴、张苞、刘备同上。〖滴洒子〗。,做,赵云上，关兴、张苞、刘备同上。〖滴洒子〗。,上,关兴；刘备；张苞,,（赵云上，关兴、张苞、刘备同上。〖滴洒子〗。）
pdf_01000000__01006001___9c7557117a,连营寨,pdf_01000000__01006001___9c7557117a__line__000539,pdf_01000000__01006001___9c7557117a__scene__018,01006001_连营寨.pdf,D:\University_studies\Junior\data_visualization\experiment\final_self\opera_dataset\01000000\01006001_连营寨.pdf,01000000/01006001_连营寨.pdf,a2504dd0-9a22-485e-848c-d08f96ade7ca,18,【第十八场】,539,dialogue,dialogue,赵云,pdf_01000000__01006001___9c7557117a__char__247a254dc0,白,白,白,念白,赵云,"臣赵云见驾,愿主公千岁!","赵云（白）臣赵云见驾,愿主公千岁!"
pdf_01000000__01006001___9c7557117a,连营寨,pdf_01000000__01006001___9c7557117a__line__000539,pdf_01000000__01006001___9c7557117a__scene__018,01006001_连营寨.pdf,D:\University_studies\Junior\data_visualization\experiment\final_self\opera_dataset\01000000\01006001_连营寨.pdf,01000000/01006001_连营寨.pdf,a2504dd0-9a22-485e-848c-d08f96ade7ca,18,【第十八场】,539,dialogue,dialogue,刘备,pdf_01000000__01006001___9c7557117a__char__fe7cc1b6d6,白,白,白,念白,刘备,"哎呀,四弟吓,孤悔不听先生之言,致有今日。","刘备（白）哎呀,四弟吓,孤悔不听先生之言,致有今日。"
pdf_01000000__01006001___9c7557117a,连营寨,pdf_01000000__01006001___9c7557117a__line__000539,pdf_01000000__01006001___9c7557117a__scene__018,01006001_连营寨.pdf,D:\University_studies\Junior\data_visualization\experiment\final_self\opera_dataset\01000000\01006001_连营寨.pdf,01000000/01006001_连营寨.pdf,a2504dd0-9a22-485e-848c-d08f96ade7ca,18,【第十八场】,539,dialogue,dialogue,赵云,pdf_01000000__01006001___9c7557117a__char__247a254dc0,白,白,白,来；念白,赵云,"救驾来迟,望主公恕罪。","赵云（白）救驾来迟,望主公恕罪。"
pdf_01000000__01006001___9c7557117a,连营寨,pdf_01000000__01006001___9c7557117a__line__000539,pdf_01000000__01006001___9c7557117a__scene__018,01006001_连营寨.pdf,D:\University_studies\Junior\data_visualization\experiment\final_self\opera_dataset\01000000\01006001_连营寨.pdf,01000000/01006001_连营寨.pdf,a2504dd0-9a22-485e-848c-d08f96ade7ca,18,【第十八场】,539,dialogue,dialogue,刘备,pdf_01000000__01006001___9c7557117a__char__fe7cc1b6d6,白,白,白,下；命；叹；念白,刘备,"可叹孤七十五万汉士之兵,俱丧烈火之中!哎吓,皇天吓皇天,孤命休矣!(同下。)(完)","刘备（白）可叹孤七十五万汉士之兵,俱丧烈火之中!哎吓,皇天吓皇天,孤命休矣!(同下。)(完)"
