doc_id,doc_title,line_id,scene_id,source_file,source_path,relative_path,batch_id,scene_index,scene,line_no,row_type,line_category,speaker,speaker_char_id,cue,perform_type,perform_subtype,action_tags,participants,text,raw_line
pdf_01000000__01001009___abd1be1808,硃砂痣,pdf_01000000__01001009___abd1be1808__line__000001,pdf_01000000__01001009___abd1be1808__scene__000,01001009_硃砂痣.pdf,D:\University_studies\Junior\data_visualization\experiment\final_self\opera_dataset\01000000\01001009_硃砂痣.pdf,01000000/01001009_硃砂痣.pdf,62507f36-aa22-4065-bb0f-f7de69f87e7c,0,序幕/前置内容,1,narration,narration,,,,说明,,,《硃砂痣》；（一名：《行善得子》,# 《硃砂痣》 （一名：《行善得子》）,# 《硃砂痣》 （一名：《行善得子》）
pdf_01000000__01001009___abd1be1808,硃砂痣,pdf_01000000__01001009___abd1be1808__line__000025,pdf_01000000__01001009___abd1be1808__scene__001,01001009_硃砂痣.pdf,D:\University_studies\Junior\data_visualization\experiment\final_self\opera_dataset\01000000\01001009_硃砂痣.pdf,01000000/01001009_硃砂痣.pdf,62507f36-aa22-4065-bb0f-f7de69f87e7c,1,【第一场】,25,stage_direction,stage_direction,,,韩廷凤上。,做,韩廷凤上。,上,韩廷凤,,（韩廷凤上。）
pdf_01000000__01001009___abd1be1808,硃砂痣,pdf_01000000__01001009___abd1be1808__line__000027,pdf_01000000__01001009___abd1be1808__scene__001,01001009_硃砂痣.pdf,D:\University_studies\Junior\data_visualization\experiment\final_self\opera_dataset\01000000\01001009_硃砂痣.pdf,01000000/01001009_硃砂痣.pdf,62507f36-aa22-4065-bb0f-f7de69f87e7c,1,【第一场】,27,dialogue,dialogue,韩廷凤,pdf_01000000__01001009___abd1be1808__char__b93c80f8b9,笑,做,笑,笑,韩廷凤,哈哈哈……,韩廷凤 （笑） 哈哈哈……
pdf_01000000__01001009___abd1be1808,硃砂痣,pdf_01000000__01001009___abd1be1808__line__000029,pdf_01000000__01001009___abd1be1808__scene__001,01001009_硃砂痣.pdf,D:\University_studies\Junior\data_visualization\experiment\final_self\opera_dataset\01000000\01001009_硃砂痣.pdf,01000000/01001009_硃砂痣.pdf,62507f36-aa22-4065-bb0f-f7de69f87e7c,1,【第一场】,29,dialogue,dialogue,,,二黄摇板,唱,二黄摇板,,二黄摇板）；今夜晚前后厅灯光明亮,今夜晚前后厅灯光明亮，,（二黄摇板） 今夜晚前后厅灯光明亮，
pdf_01000000__01001009___abd1be1808,硃砂痣,pdf_01000000__01001009___abd1be1808__line__000031,pdf_01000000__01001009___abd1be1808__scene__001,01001009_硃砂痣.pdf,D:\University_studies\Junior\data_visualization\experiment\final_self\opera_dataset\01000000\01001009_硃砂痣.pdf,01000000/01001009_硃砂痣.pdf,62507f36-aa22-4065-bb0f-f7de69f87e7c,1,【第一场】,31,narration,narration,,,,说明,,,我不想年半百又做新郎,我不想年半百又做新郎。,我不想年半百又做新郎。
pdf_01000000__01001009___abd1be1808,硃砂痣,pdf_01000000__01001009___abd1be1808__line__000033,pdf_01000000__01001009___abd1be1808__scene__001,01001009_硃砂痣.pdf,D:\University_studies\Junior\data_visualization\experiment\final_self\opera_dataset\01000000\01001009_硃砂痣.pdf,01000000/01001009_硃砂痣.pdf,62507f36-aa22-4065-bb0f-f7de69f87e7c,1,【第一场】,33,stage_direction,stage_direction,,,家院上。媒婆上。,做,家院上。媒婆上。,上,媒婆,,（家院上。媒婆上。）
pdf_01000000__01001009___abd1be1808,硃砂痣,pdf_01000000__01001009___abd1be1808__line__000035,pdf_01000000__01001009___abd1be1808__scene__001,01001009_硃砂痣.pdf,D:\University_studies\Junior\data_visualization\experiment\final_self\opera_dataset\01000000\01001009_硃砂痣.pdf,01000000/01001009_硃砂痣.pdf,62507f36-aa22-4065-bb0f-f7de69f87e7c,1,【第一场】,35,dialogue,dialogue,媒婆,pdf_01000000__01001009___abd1be1808__char__8879b74b6c,念,念,念,,媒婆,新人过门厅，媒钱自然增。,媒婆 （念） 新人过门厅，媒钱自然增。
pdf_01000000__01001009___abd1be1808,硃砂痣,pdf_01000000__01001009___abd1be1808__line__000037,pdf_01000000__01001009___abd1be1808__scene__001,01001009_硃砂痣.pdf,D:\University_studies\Junior\data_visualization\experiment\final_self\opera_dataset\01000000\01001009_硃砂痣.pdf,01000000/01001009_硃砂痣.pdf,62507f36-aa22-4065-bb0f-f7de69f87e7c,1,【第一场】,37,dialogue,dialogue,,,白,白,白,念白,白）；启老爷：新人已到,启老爷：新人已到。,（白） 启老爷：新人已到。
pdf_01000000__01001009___abd1be1808,硃砂痣,pdf_01000000__01001009___abd1be1808__line__000039,pdf_01000000__01001009___abd1be1808__scene__001,01001009_硃砂痣.pdf,D:\University_studies\Junior\data_visualization\experiment\final_self\opera_dataset\01000000\01001009_硃砂痣.pdf,01000000/01001009_硃砂痣.pdf,62507f36-aa22-4065-bb0f-f7de69f87e7c,1,【第一场】,39,dialogue,dialogue,韩廷凤,pdf_01000000__01001009___abd1be1808__char__b93c80f8b9,白,白,白,上；来；念白,韩廷凤,将轿搭上堂来。,韩廷凤 （白） 将轿搭上堂来。
pdf_01000000__01001009___abd1be1808,硃砂痣,pdf_01000000__01001009___abd1be1808__line__000041,pdf_01000000__01001009___abd1be1808__scene__001,01001009_硃砂痣.pdf,D:\University_studies\Junior\data_visualization\experiment\final_self\opera_dataset\01000000\01001009_硃砂痣.pdf,01000000/01001009_硃砂痣.pdf,62507f36-aa22-4065-bb0f-f7de69f87e7c,1,【第一场】,41,dialogue,dialogue,媒婆,pdf_01000000__01001009___abd1be1808__char__8879b74b6c,白,白,白,上；来；念白,媒婆,花轿搭上堂来。,媒婆 （白） 花轿搭上堂来。
pdf_01000000__01001009___abd1be1808,硃砂痣,pdf_01000000__01001009___abd1be1808__line__000043,pdf_01000000__01001009___abd1be1808__scene__001,01001009_硃砂痣.pdf,D:\University_studies\Junior\data_visualization\experiment\final_self\opera_dataset\01000000\01001009_硃砂痣.pdf,01000000/01001009_硃砂痣.pdf,62507f36-aa22-4065-bb0f-f7de69f87e7c,1,【第一场】,43,stage_direction,stage_direction,,,轿夫、丫鬟、江氏同上。江氏出轿，轿夫下。,做,轿夫、丫鬟、江氏同上。江氏出轿，轿夫下。,上；下,江氏,,（轿夫、丫鬟、江氏同上。江氏出轿，轿夫下。）
pdf_01000000__01001009___abd1be1808,硃砂痣,pdf_01000000__01001009___abd1be1808__line__000045,pdf_01000000__01001009___abd1be1808__scene__001,01001009_硃砂痣.pdf,D:\University_studies\Junior\data_visualization\experiment\final_self\opera_dataset\01000000\01001009_硃砂痣.pdf,01000000/01001009_硃砂痣.pdf,62507f36-aa22-4065-bb0f-f7de69f87e7c,1,【第一场】,45,dialogue,dialogue,媒婆,pdf_01000000__01001009___abd1be1808__char__8879b74b6c,白,白,白,念白,媒婆,娘子见过老爷。,媒婆 （白） 娘子见过老爷。
pdf_01000000__01001009___abd1be1808,硃砂痣,pdf_01000000__01001009___abd1be1808__line__000047,pdf_01000000__01001009___abd1be1808__scene__001,01001009_硃砂痣.pdf,D:\University_studies\Junior\data_visualization\experiment\final_self\opera_dataset\01000000\01001009_硃砂痣.pdf,01000000/01001009_硃砂痣.pdf,62507f36-aa22-4065-bb0f-f7de69f87e7c,1,【第一场】,47,stage_direction,stage_direction,,,江氏坐。,做,江氏坐。,坐,江氏,,（江氏坐。）
pdf_01000000__01001009___abd1be1808,硃砂痣,pdf_01000000__01001009___abd1be1808__line__000049,pdf_01000000__01001009___abd1be1808__scene__001,01001009_硃砂痣.pdf,D:\University_studies\Junior\data_visualization\experiment\final_self\opera_dataset\01000000\01001009_硃砂痣.pdf,01000000/01001009_硃砂痣.pdf,62507f36-aa22-4065-bb0f-f7de69f87e7c,1,【第一场】,49,dialogue,dialogue,媒婆,pdf_01000000__01001009___abd1be1808__char__8879b74b6c,白,白,白,念白,媒婆,小人们讨赏。,媒婆 （白） 小人们讨赏。
pdf_01000000__01001009___abd1be1808,硃砂痣,pdf_01000000__01001009___abd1be1808__line__000051,pdf_01000000__01001009___abd1be1808__scene__001,01001009_硃砂痣.pdf,D:\University_studies\Junior\data_visualization\experiment\final_self\opera_dataset\01000000\01001009_硃砂痣.pdf,01000000/01001009_硃砂痣.pdf,62507f36-aa22-4065-bb0f-f7de69f87e7c,1,【第一场】,51,dialogue,dialogue,韩廷凤,pdf_01000000__01001009___abd1be1808__char__b93c80f8b9,白,白,白,下；念白,韩廷凤,下面领赏。,韩廷凤 （白） 下面领赏。
pdf_01000000__01001009___abd1be1808,硃砂痣,pdf_01000000__01001009___abd1be1808__line__000053,pdf_01000000__01001009___abd1be1808__scene__001,01001009_硃砂痣.pdf,D:\University_studies\Junior\data_visualization\experiment\final_self\opera_dataset\01000000\01001009_硃砂痣.pdf,01000000/01001009_硃砂痣.pdf,62507f36-aa22-4065-bb0f-f7de69f87e7c,1,【第一场】,53,dialogue,dialogue,媒婆,pdf_01000000__01001009___abd1be1808__char__8879b74b6c,白,白,白,念白,媒婆,谢老爷。,媒婆 （白） 谢老爷。
pdf_01000000__01001009___abd1be1808,硃砂痣,pdf_01000000__01001009___abd1be1808__line__000055,pdf_01000000__01001009___abd1be1808__scene__001,01001009_硃砂痣.pdf,D:\University_studies\Junior\data_visualization\experiment\final_self\opera_dataset\01000000\01001009_硃砂痣.pdf,01000000/01001009_硃砂痣.pdf,62507f36-aa22-4065-bb0f-f7de69f87e7c,1,【第一场】,55,narration,narration,,,,说明,,,媒人一片苦心肠；一边欢喜一边伤,媒人一片苦心肠，一边欢喜一边伤。,媒人一片苦心肠，一边欢喜一边伤。
pdf_01000000__01001009___abd1be1808,硃砂痣,pdf_01000000__01001009___abd1be1808__line__000057,pdf_01000000__01001009___abd1be1808__scene__001,01001009_硃砂痣.pdf,D:\University_studies\Junior\data_visualization\experiment\final_self\opera_dataset\01000000\01001009_硃砂痣.pdf,01000000/01001009_硃砂痣.pdf,62507f36-aa22-4065-bb0f-f7de69f87e7c,1,【第一场】,57,stage_direction,stage_direction,,,媒婆下。家院下。,做,媒婆下。家院下。,下,媒婆,,（媒婆下。家院下。）
pdf_01000000__01001009___abd1be1808,硃砂痣,pdf_01000000__01001009___abd1be1808__line__000059,pdf_01000000__01001009___abd1be1808__scene__001,01001009_硃砂痣.pdf,D:\University_studies\Junior\data_visualization\experiment\final_self\opera_dataset\01000000\01001009_硃砂痣.pdf,01000000/01001009_硃砂痣.pdf,62507f36-aa22-4065-bb0f-f7de69f87e7c,1,【第一场】,59,dialogue,dialogue,韩廷凤,pdf_01000000__01001009___abd1be1808__char__b93c80f8b9,白,白,白,念白,韩廷凤,丫头！,韩廷凤 （白） 丫头！
pdf_01000000__01001009___abd1be1808,硃砂痣,pdf_01000000__01001009___abd1be1808__line__000061,pdf_01000000__01001009___abd1be1808__scene__001,01001009_硃砂痣.pdf,D:\University_studies\Junior\data_visualization\experiment\final_self\opera_dataset\01000000\01001009_硃砂痣.pdf,01000000/01001009_硃砂痣.pdf,62507f36-aa22-4065-bb0f-f7de69f87e7c,1,【第一场】,61,dialogue,dialogue,丫鬟,pdf_01000000__01001009___abd1be1808__char__0e76207abc,白,白,白,念白,丫鬟,有。,丫鬟 （白） 有。
pdf_01000000__01001009___abd1be1808,硃砂痣,pdf_01000000__01001009___abd1be1808__line__000063,pdf_01000000__01001009___abd1be1808__scene__001,01001009_硃砂痣.pdf,D:\University_studies\Junior\data_visualization\experiment\final_self\opera_dataset\01000000\01001009_硃砂痣.pdf,01000000/01001009_硃砂痣.pdf,62507f36-aa22-4065-bb0f-f7de69f87e7c,1,【第一场】,63,dialogue,dialogue,韩廷凤,pdf_01000000__01001009___abd1be1808__char__b93c80f8b9,白,白,白,念白,韩廷凤,掌灯，待我一观。,韩廷凤 （白） 掌灯，待我一观。
pdf_01000000__01001009___abd1be1808,硃砂痣,pdf_01000000__01001009___abd1be1808__line__000065,pdf_01000000__01001009___abd1be1808__scene__001,01001009_硃砂痣.pdf,D:\University_studies\Junior\data_visualization\experiment\final_self\opera_dataset\01000000\01001009_硃砂痣.pdf,01000000/01001009_硃砂痣.pdf,62507f36-aa22-4065-bb0f-f7de69f87e7c,1,【第一场】,65,dialogue,dialogue,,,二黄慢板,唱,二黄慢板,,二黄慢板）；借灯光暗地里细观姣娘,借灯光暗地里细观姣娘，,（二黄慢板） 借灯光暗地里细观姣娘，
pdf_01000000__01001009___abd1be1808,硃砂痣,pdf_01000000__01001009___abd1be1808__line__000067,pdf_01000000__01001009___abd1be1808__scene__001,01001009_硃砂痣.pdf,D:\University_studies\Junior\data_visualization\experiment\final_self\opera_dataset\01000000\01001009_硃砂痣.pdf,01000000/01001009_硃砂痣.pdf,62507f36-aa22-4065-bb0f-f7de69f87e7c,1,【第一场】,67,narration,narration,,,,说明,,看,我看她与前妻一样风光,我看她与前妻一样风光。,我看她与前妻一样风光。
pdf_01000000__01001009___abd1be1808,硃砂痣,pdf_01000000__01001009___abd1be1808__line__000069,pdf_01000000__01001009___abd1be1808__scene__001,01001009_硃砂痣.pdf,D:\University_studies\Junior\data_visualization\experiment\final_self\opera_dataset\01000000\01001009_硃砂痣.pdf,01000000/01001009_硃砂痣.pdf,62507f36-aa22-4065-bb0f-f7de69f87e7c,1,【第一场】,69,stage_direction,stage_direction,,,江氏哭。,做,江氏哭。,哭,江氏,,（江氏哭。）
pdf_01000000__01001009___abd1be1808,硃砂痣,pdf_01000000__01001009___abd1be1808__line__000071,pdf_01000000__01001009___abd1be1808__scene__001,01001009_硃砂痣.pdf,D:\University_studies\Junior\data_visualization\experiment\final_self\opera_dataset\01000000\01001009_硃砂痣.pdf,01000000/01001009_硃砂痣.pdf,62507f36-aa22-4065-bb0f-f7de69f87e7c,1,【第一场】,71,dialogue,dialogue,韩廷凤,pdf_01000000__01001009___abd1be1808__char__b93c80f8b9,白,白,白,念白,韩廷凤,哎呀！,韩廷凤 （白） 哎呀！
pdf_01000000__01001009___abd1be1808,硃砂痣,pdf_01000000__01001009___abd1be1808__line__000073,pdf_01000000__01001009___abd1be1808__scene__001,01001009_硃砂痣.pdf,D:\University_studies\Junior\data_visualization\experiment\final_self\opera_dataset\01000000\01001009_硃砂痣.pdf,01000000/01001009_硃砂痣.pdf,62507f36-aa22-4065-bb0f-f7de69f87e7c,1,【第一场】,73,dialogue,dialogue,,,二黄慢板,唱,二黄慢板,上,二黄慢板）；只见她愁眉皱泪流脸,只见她愁眉皱泪流脸上，,（二黄慢板） 只见她愁眉皱泪流脸上，
pdf_01000000__01001009___abd1be1808,硃砂痣,pdf_01000000__01001009___abd1be1808__line__000075,pdf_01000000__01001009___abd1be1808__scene__001,01001009_硃砂痣.pdf,D:\University_studies\Junior\data_visualization\experiment\final_self\opera_dataset\01000000\01001009_硃砂痣.pdf,01000000/01001009_硃砂痣.pdf,62507f36-aa22-4065-bb0f-f7de69f87e7c,1,【第一场】,75,narration,narration,,,,说明,,,莫不是嫌我老难配鸾凰,莫不是嫌我老难配鸾凰？,莫不是嫌我老难配鸾凰？
pdf_01000000__01001009___abd1be1808,硃砂痣,pdf_01000000__01001009___abd1be1808__line__000077,pdf_01000000__01001009___abd1be1808__scene__001,01001009_硃砂痣.pdf,D:\University_studies\Junior\data_visualization\experiment\final_self\opera_dataset\01000000\01001009_硃砂痣.pdf,01000000/01001009_硃砂痣.pdf,62507f36-aa22-4065-bb0f-f7de69f87e7c,1,【第一场】,77,dialogue,dialogue,江氏,pdf_01000000__01001009___abd1be1808__char__a0a381e6a8,白,白,白,念白,江氏,不是。,江氏 （白） 不是。
pdf_01000000__01001009___abd1be1808,硃砂痣,pdf_01000000__01001009___abd1be1808__line__000079,pdf_01000000__01001009___abd1be1808__scene__001,01001009_硃砂痣.pdf,D:\University_studies\Junior\data_visualization\experiment\final_self\opera_dataset\01000000\01001009_硃砂痣.pdf,01000000/01001009_硃砂痣.pdf,62507f36-aa22-4065-bb0f-f7de69f87e7c,1,【第一场】,79,dialogue,dialogue,韩廷凤,pdf_01000000__01001009___abd1be1808__char__b93c80f8b9,二黄原板,唱,二黄原板,,韩廷凤,要穿衣锦绣衫任你掉样，,韩廷凤 （二黄原板） 要穿衣锦绣衫任你掉样，
pdf_01000000__01001009___abd1be1808,硃砂痣,pdf_01000000__01001009___abd1be1808__line__000081,pdf_01000000__01001009___abd1be1808__scene__001,01001009_硃砂痣.pdf,D:\University_studies\Junior\data_visualization\experiment\final_self\opera_dataset\01000000\01001009_硃砂痣.pdf,01000000/01001009_硃砂痣.pdf,62507f36-aa22-4065-bb0f-f7de69f87e7c,1,【第一场】,81,narration,narration,,,,说明,,,你有甚心中事细说端详；这有何妨,你有甚心中事细说端详，这有何妨？,你有甚心中事细说端详，这有何妨？
pdf_01000000__01001009___abd1be1808,硃砂痣,pdf_01000000__01001009___abd1be1808__line__000083,pdf_01000000__01001009___abd1be1808__scene__001,01001009_硃砂痣.pdf,D:\University_studies\Junior\data_visualization\experiment\final_self\opera_dataset\01000000\01001009_硃砂痣.pdf,01000000/01001009_硃砂痣.pdf,62507f36-aa22-4065-bb0f-f7de69f87e7c,1,【第一场】,83,dialogue,dialogue,江氏,pdf_01000000__01001009___abd1be1808__char__a0a381e6a8,白,白,白,禀；念白,江氏,大老爷启禀！,江氏 （白） 大老爷启禀！
pdf_01000000__01001009___abd1be1808,硃砂痣,pdf_01000000__01001009___abd1be1808__line__000085,pdf_01000000__01001009___abd1be1808__scene__001,01001009_硃砂痣.pdf,D:\University_studies\Junior\data_visualization\experiment\final_self\opera_dataset\01000000\01001009_硃砂痣.pdf,01000000/01001009_硃砂痣.pdf,62507f36-aa22-4065-bb0f-f7de69f87e7c,1,【第一场】,85,dialogue,dialogue,,,二黄原板,唱,二黄原板,,二黄原板）；未开言不由人泪如雨降,未开言不由人泪如雨降，,（二黄原板） 未开言不由人泪如雨降，
pdf_01000000__01001009___abd1be1808,硃砂痣,pdf_01000000__01001009___abd1be1808__line__000087,pdf_01000000__01001009___abd1be1808__scene__001,01001009_硃砂痣.pdf,D:\University_studies\Junior\data_visualization\experiment\final_self\opera_dataset\01000000\01001009_硃砂痣.pdf,01000000/01001009_硃砂痣.pdf,62507f36-aa22-4065-bb0f-f7de69f87e7c,1,【第一场】,87,dialogue,dialogue,韩廷凤,pdf_01000000__01001009___abd1be1808__char__b93c80f8b9,白)(二黄摇板,对白,白)(二黄摇板,上；下,韩廷凤,"呀!听她言伊现有妇随夫唱,怎奈我两下里拆散鸳鸯。再不要做恶事天在头上,自情愿伴孤灯永守空房。","韩廷凤（白)(二黄摇板）呀!听她言伊现有妇随夫唱,怎奈我两下里拆散鸳鸯。再不要做恶事天在头上,自情愿伴孤灯永守空房。"
pdf_01000000__01001009___abd1be1808,硃砂痣,pdf_01000000__01001009___abd1be1808__line__000087,pdf_01000000__01001009___abd1be1808__scene__001,01001009_硃砂痣.pdf,D:\University_studies\Junior\data_visualization\experiment\final_self\opera_dataset\01000000\01001009_硃砂痣.pdf,01000000/01001009_硃砂痣.pdf,62507f36-aa22-4065-bb0f-f7de69f87e7c,1,【第一场】,87,dialogue,dialogue,家院,pdf_01000000__01001009___abd1be1808__char__ce47b2fd7a,白,白,白,念白,家院,老爷何事?,家院（白）老爷何事?
pdf_01000000__01001009___abd1be1808,硃砂痣,pdf_01000000__01001009___abd1be1808__line__000087,pdf_01000000__01001009___abd1be1808__scene__001,01001009_硃砂痣.pdf,D:\University_studies\Junior\data_visualization\experiment\final_self\opera_dataset\01000000\01001009_硃砂痣.pdf,01000000/01001009_硃砂痣.pdf,62507f36-aa22-4065-bb0f-f7de69f87e7c,1,【第一场】,87,dialogue,dialogue,韩廷凤,pdf_01000000__01001009___abd1be1808__char__b93c80f8b9,白,白,白,念白,韩廷凤,"你可将这女子送回,聘礼不要,再取银子一百两,送她到家,全她夫妻恩情,以完这女子贞节之名。","韩廷凤（白）你可将这女子送回,聘礼不要,再取银子一百两,送她到家,全她夫妻恩情,以完这女子贞节之名。"
pdf_01000000__01001009___abd1be1808,硃砂痣,pdf_01000000__01001009___abd1be1808__line__000087,pdf_01000000__01001009___abd1be1808__scene__001,01001009_硃砂痣.pdf,D:\University_studies\Junior\data_visualization\experiment\final_self\opera_dataset\01000000\01001009_硃砂痣.pdf,01000000/01001009_硃砂痣.pdf,62507f36-aa22-4065-bb0f-f7de69f87e7c,1,【第一场】,87,dialogue,dialogue,家院,pdf_01000000__01001009___abd1be1808__char__ce47b2fd7a,白,白,白,念白,家院,晓得。,家院（白）晓得。
pdf_01000000__01001009___abd1be1808,硃砂痣,pdf_01000000__01001009___abd1be1808__line__000087,pdf_01000000__01001009___abd1be1808__scene__001,01001009_硃砂痣.pdf,D:\University_studies\Junior\data_visualization\experiment\final_self\opera_dataset\01000000\01001009_硃砂痣.pdf,01000000/01001009_硃砂痣.pdf,62507f36-aa22-4065-bb0f-f7de69f87e7c,1,【第一场】,87,dialogue,dialogue,江氏,pdf_01000000__01001009___abd1be1808__char__a0a381e6a8,白,白,白,收；念白,江氏,"既蒙老爷开恩仗义,不肯收留,又叨恩赐,容小妇人叩谢。","江氏（白）既蒙老爷开恩仗义,不肯收留,又叨恩赐,容小妇人叩谢。"
pdf_01000000__01001009___abd1be1808,硃砂痣,pdf_01000000__01001009___abd1be1808__line__000087,pdf_01000000__01001009___abd1be1808__scene__001,01001009_硃砂痣.pdf,D:\University_studies\Junior\data_visualization\experiment\final_self\opera_dataset\01000000\01001009_硃砂痣.pdf,01000000/01001009_硃砂痣.pdf,62507f36-aa22-4065-bb0f-f7de69f87e7c,1,【第一场】,87,dialogue,dialogue,韩廷凤,pdf_01000000__01001009___abd1be1808__char__b93c80f8b9,白,白,白,念白,韩廷凤,不消了。,韩廷凤（白）不消了。
pdf_01000000__01001009___abd1be1808,硃砂痣,pdf_01000000__01001009___abd1be1808__line__000087,pdf_01000000__01001009___abd1be1808__scene__001,01001009_硃砂痣.pdf,D:\University_studies\Junior\data_visualization\experiment\final_self\opera_dataset\01000000\01001009_硃砂痣.pdf,01000000/01001009_硃砂痣.pdf,62507f36-aa22-4065-bb0f-f7de69f87e7c,1,【第一场】,87,dialogue,dialogue,江氏,pdf_01000000__01001009___abd1be1808__char__a0a381e6a8,二黄摇板,唱,二黄摇板,命,江氏,"救命银是我夫重生父样,全贞节是难妇再世爹娘。","江氏（二黄摇板）救命银是我夫重生父样,全贞节是难妇再世爹娘。"
pdf_01000000__01001009___abd1be1808,硃砂痣,pdf_01000000__01001009___abd1be1808__line__000087,pdf_01000000__01001009___abd1be1808__scene__001,01001009_硃砂痣.pdf,D:\University_studies\Junior\data_visualization\experiment\final_self\opera_dataset\01000000\01001009_硃砂痣.pdf,01000000/01001009_硃砂痣.pdf,62507f36-aa22-4065-bb0f-f7de69f87e7c,1,【第一场】,87,dialogue,dialogue,韩廷凤,pdf_01000000__01001009___abd1be1808__char__b93c80f8b9,白,白,白,来；念白,韩廷凤,回来。,韩廷凤（白）回来。
pdf_01000000__01001009___abd1be1808,硃砂痣,pdf_01000000__01001009___abd1be1808__line__000087,pdf_01000000__01001009___abd1be1808__scene__001,01001009_硃砂痣.pdf,D:\University_studies\Junior\data_visualization\experiment\final_self\opera_dataset\01000000\01001009_硃砂痣.pdf,01000000/01001009_硃砂痣.pdf,62507f36-aa22-4065-bb0f-f7de69f87e7c,1,【第一场】,87,dialogue,dialogue,江氏,pdf_01000000__01001009___abd1be1808__char__a0a381e6a8,白,白,白,念白,江氏,是。,江氏（白）是。
pdf_01000000__01001009___abd1be1808,硃砂痣,pdf_01000000__01001009___abd1be1808__line__000087,pdf_01000000__01001009___abd1be1808__scene__001,01001009_硃砂痣.pdf,D:\University_studies\Junior\data_visualization\experiment\final_self\opera_dataset\01000000\01001009_硃砂痣.pdf,01000000/01001009_硃砂痣.pdf,62507f36-aa22-4065-bb0f-f7de69f87e7c,1,【第一场】,87,dialogue,dialogue,韩廷凤,pdf_01000000__01001009___abd1be1808__char__b93c80f8b9,白,白,白,念白,韩廷凤,你这婚书在此。,韩廷凤（白）你这婚书在此。
pdf_01000000__01001009___abd1be1808,硃砂痣,pdf_01000000__01001009___abd1be1808__line__000087,pdf_01000000__01001009___abd1be1808__scene__001,01001009_硃砂痣.pdf,D:\University_studies\Junior\data_visualization\experiment\final_self\opera_dataset\01000000\01001009_硃砂痣.pdf,01000000/01001009_硃砂痣.pdf,62507f36-aa22-4065-bb0f-f7de69f87e7c,1,【第一场】,87,dialogue,dialogue,江氏,pdf_01000000__01001009___abd1be1808__char__a0a381e6a8,白,白,白,念白,江氏,但凭恩人。,江氏（白）但凭恩人。
pdf_01000000__01001009___abd1be1808,硃砂痣,pdf_01000000__01001009___abd1be1808__line__000087,pdf_01000000__01001009___abd1be1808__scene__001,01001009_硃砂痣.pdf,D:\University_studies\Junior\data_visualization\experiment\final_self\opera_dataset\01000000\01001009_硃砂痣.pdf,01000000/01001009_硃砂痣.pdf,62507f36-aa22-4065-bb0f-f7de69f87e7c,1,【第一场】,87,dialogue,dialogue,韩廷凤,pdf_01000000__01001009___abd1be1808__char__b93c80f8b9,白,白,白,念白,韩廷凤,当面烧化了吧!,韩廷凤（白）当面烧化了吧!
pdf_01000000__01001009___abd1be1808,硃砂痣,pdf_01000000__01001009___abd1be1808__line__000087,pdf_01000000__01001009___abd1be1808__scene__001,01001009_硃砂痣.pdf,D:\University_studies\Junior\data_visualization\experiment\final_self\opera_dataset\01000000\01001009_硃砂痣.pdf,01000000/01001009_硃砂痣.pdf,62507f36-aa22-4065-bb0f-f7de69f87e7c,1,【第一场】,87,dialogue,dialogue,江氏,pdf_01000000__01001009___abd1be1808__char__a0a381e6a8,白,白,白,念白,江氏,多谢恩人。,江氏（白）多谢恩人。
pdf_01000000__01001009___abd1be1808,硃砂痣,pdf_01000000__01001009___abd1be1808__line__000087,pdf_01000000__01001009___abd1be1808__scene__001,01001009_硃砂痣.pdf,D:\University_studies\Junior\data_visualization\experiment\final_self\opera_dataset\01000000\01001009_硃砂痣.pdf,01000000/01001009_硃砂痣.pdf,62507f36-aa22-4065-bb0f-f7de69f87e7c,1,【第一场】,87,dialogue,dialogue,韩廷凤,pdf_01000000__01001009___abd1be1808__char__b93c80f8b9,二黄摇板,唱,二黄摇板,上；道,韩廷凤,"她言道本丈夫染病在床,因此上卖了她好度日光。将他人比自己俱是一样,善与恶自有那天理昭彰。","韩廷凤（二黄摇板）她言道本丈夫染病在床,因此上卖了她好度日光。将他人比自己俱是一样,善与恶自有那天理昭彰。"
pdf_01000000__01001009___abd1be1808,硃砂痣,pdf_01000000__01001009___abd1be1808__line__000091,pdf_01000000__01001009___abd1be1808__scene__002,01001009_硃砂痣.pdf,D:\University_studies\Junior\data_visualization\experiment\final_self\opera_dataset\01000000\01001009_硃砂痣.pdf,01000000/01001009_硃砂痣.pdf,62507f36-aa22-4065-bb0f-f7de69f87e7c,2,【第二场】,91,stage_direction,stage_direction,,,吴惠泉上。,做,吴惠泉上。,上,吴惠泉,,（吴惠泉上。）
pdf_01000000__01001009___abd1be1808,硃砂痣,pdf_01000000__01001009___abd1be1808__line__000093,pdf_01000000__01001009___abd1be1808__scene__002,01001009_硃砂痣.pdf,D:\University_studies\Junior\data_visualization\experiment\final_self\opera_dataset\01000000\01001009_硃砂痣.pdf,01000000/01001009_硃砂痣.pdf,62507f36-aa22-4065-bb0f-f7de69f87e7c,2,【第二场】,93,dialogue,dialogue,吴惠泉,pdf_01000000__01001009___abd1be1808__char__b4e53a2881,二黄摇板,唱,二黄摇板,坐,吴惠泉,孤单单病奄奄坐卧病床，,吴惠泉 （二黄摇板） 孤单单病奄奄坐卧病床，
pdf_01000000__01001009___abd1be1808,硃砂痣,pdf_01000000__01001009___abd1be1808__line__000095,pdf_01000000__01001009___abd1be1808__scene__002,01001009_硃砂痣.pdf,D:\University_studies\Junior\data_visualization\experiment\final_self\opera_dataset\01000000\01001009_硃砂痣.pdf,01000000/01001009_硃砂痣.pdf,62507f36-aa22-4065-bb0f-f7de69f87e7c,2,【第二场】,95,stage_direction,stage_direction,,,家院、江氏同上。,做,家院、江氏同上。,上,江氏,,（家院、江氏同上。）
pdf_01000000__01001009___abd1be1808,硃砂痣,pdf_01000000__01001009___abd1be1808__line__000097,pdf_01000000__01001009___abd1be1808__scene__002,01001009_硃砂痣.pdf,D:\University_studies\Junior\data_visualization\experiment\final_self\opera_dataset\01000000\01001009_硃砂痣.pdf,01000000/01001009_硃砂痣.pdf,62507f36-aa22-4065-bb0f-f7de69f87e7c,2,【第二场】,97,dialogue,dialogue,江氏,pdf_01000000__01001009___abd1be1808__char__a0a381e6a8,二黄摇板,唱,二黄摇板,道,江氏,黑夜里蒙送我重归故道，,江氏 （二黄摇板） 黑夜里蒙送我重归故道，
pdf_01000000__01001009___abd1be1808,硃砂痣,pdf_01000000__01001009___abd1be1808__line__000099,pdf_01000000__01001009___abd1be1808__scene__002,01001009_硃砂痣.pdf,D:\University_studies\Junior\data_visualization\experiment\final_self\opera_dataset\01000000\01001009_硃砂痣.pdf,01000000/01001009_硃砂痣.pdf,62507f36-aa22-4065-bb0f-f7de69f87e7c,2,【第二场】,99,narration,narration,,,,说明,,来,好一似失群雁又来旧巢,好一似失群雁又来旧巢。,好一似失群雁又来旧巢。
pdf_01000000__01001009___abd1be1808,硃砂痣,pdf_01000000__01001009___abd1be1808__line__000101,pdf_01000000__01001009___abd1be1808__scene__002,01001009_硃砂痣.pdf,D:\University_studies\Junior\data_visualization\experiment\final_self\opera_dataset\01000000\01001009_硃砂痣.pdf,01000000/01001009_硃砂痣.pdf,62507f36-aa22-4065-bb0f-f7de69f87e7c,2,【第二场】,101,dialogue,dialogue,,,白,白,白,来；请；念白,白）；来此已是我家门首；请站一时,来此已是我家门首，请站一时。,（白） 来此已是我家门首，请站一时。
pdf_01000000__01001009___abd1be1808,硃砂痣,pdf_01000000__01001009___abd1be1808__line__000103,pdf_01000000__01001009___abd1be1808__scene__002,01001009_硃砂痣.pdf,D:\University_studies\Junior\data_visualization\experiment\final_self\opera_dataset\01000000\01001009_硃砂痣.pdf,01000000/01001009_硃砂痣.pdf,62507f36-aa22-4065-bb0f-f7de69f87e7c,2,【第二场】,103,dialogue,dialogue,家院,pdf_01000000__01001009___abd1be1808__char__ce47b2fd7a,白,白,白,念白,家院,是。,家院 （白） 是。
pdf_01000000__01001009___abd1be1808,硃砂痣,pdf_01000000__01001009___abd1be1808__line__000105,pdf_01000000__01001009___abd1be1808__scene__002,01001009_硃砂痣.pdf,D:\University_studies\Junior\data_visualization\experiment\final_self\opera_dataset\01000000\01001009_硃砂痣.pdf,01000000/01001009_硃砂痣.pdf,62507f36-aa22-4065-bb0f-f7de69f87e7c,2,【第二场】,105,dialogue,dialogue,江氏,pdf_01000000__01001009___abd1be1808__char__a0a381e6a8,白,白,白,念白,江氏,丈夫开门。,江氏 （白） 丈夫开门。
pdf_01000000__01001009___abd1be1808,硃砂痣,pdf_01000000__01001009___abd1be1808__line__000107,pdf_01000000__01001009___abd1be1808__scene__002,01001009_硃砂痣.pdf,D:\University_studies\Junior\data_visualization\experiment\final_self\opera_dataset\01000000\01001009_硃砂痣.pdf,01000000/01001009_硃砂痣.pdf,62507f36-aa22-4065-bb0f-f7de69f87e7c,2,【第二场】,107,dialogue,dialogue,吴惠泉,pdf_01000000__01001009___abd1be1808__char__b4e53a2881,白,白,白,念白,吴惠泉,呀！,吴惠泉 （白） 呀！
pdf_01000000__01001009___abd1be1808,硃砂痣,pdf_01000000__01001009___abd1be1808__line__000109,pdf_01000000__01001009___abd1be1808__scene__002,01001009_硃砂痣.pdf,D:\University_studies\Junior\data_visualization\experiment\final_self\opera_dataset\01000000\01001009_硃砂痣.pdf,01000000/01001009_硃砂痣.pdf,62507f36-aa22-4065-bb0f-f7de69f87e7c,2,【第二场】,109,dialogue,dialogue,,,二黄摇板,唱,二黄摇板,叫,二黄摇板）；猛听得叫丈夫轻言俊俏,猛听得叫丈夫轻言俊俏，,（二黄摇板） 猛听得叫丈夫轻言俊俏，
pdf_01000000__01001009___abd1be1808,硃砂痣,pdf_01000000__01001009___abd1be1808__line__000111,pdf_01000000__01001009___abd1be1808__scene__002,01001009_硃砂痣.pdf,D:\University_studies\Junior\data_visualization\experiment\final_self\opera_dataset\01000000\01001009_硃砂痣.pdf,01000000/01001009_硃砂痣.pdf,62507f36-aa22-4065-bb0f-f7de69f87e7c,2,【第二场】,111,narration,narration,,,,说明,,,想是我梦魂中心神颠倒,想是我梦魂中心神颠倒。,想是我梦魂中心神颠倒。
pdf_01000000__01001009___abd1be1808,硃砂痣,pdf_01000000__01001009___abd1be1808__line__000113,pdf_01000000__01001009___abd1be1808__scene__002,01001009_硃砂痣.pdf,D:\University_studies\Junior\data_visualization\experiment\final_self\opera_dataset\01000000\01001009_硃砂痣.pdf,01000000/01001009_硃砂痣.pdf,62507f36-aa22-4065-bb0f-f7de69f87e7c,2,【第二场】,113,dialogue,dialogue,江氏,pdf_01000000__01001009___abd1be1808__char__a0a381e6a8,白,白,白,念白,江氏,开门！,江氏 （白） 开门！
pdf_01000000__01001009___abd1be1808,硃砂痣,pdf_01000000__01001009___abd1be1808__line__000115,pdf_01000000__01001009___abd1be1808__scene__002,01001009_硃砂痣.pdf,D:\University_studies\Junior\data_visualization\experiment\final_self\opera_dataset\01000000\01001009_硃砂痣.pdf,01000000/01001009_硃砂痣.pdf,62507f36-aa22-4065-bb0f-f7de69f87e7c,2,【第二场】,115,dialogue,dialogue,吴惠泉,pdf_01000000__01001009___abd1be1808__char__b4e53a2881,二黄摇板,唱,二黄摇板,,吴惠泉；江氏,这声音似我妻江氏多姣，,吴惠泉 （二黄摇板） 这声音似我妻江氏多姣，
pdf_01000000__01001009___abd1be1808,硃砂痣,pdf_01000000__01001009___abd1be1808__line__000117,pdf_01000000__01001009___abd1be1808__scene__002,01001009_硃砂痣.pdf,D:\University_studies\Junior\data_visualization\experiment\final_self\opera_dataset\01000000\01001009_硃砂痣.pdf,01000000/01001009_硃砂痣.pdf,62507f36-aa22-4065-bb0f-f7de69f87e7c,2,【第二场】,117,stage_direction,stage_direction,,,吴惠泉开门。,做,吴惠泉开门。,,吴惠泉,,（吴惠泉开门。）
pdf_01000000__01001009___abd1be1808,硃砂痣,pdf_01000000__01001009___abd1be1808__line__000119,pdf_01000000__01001009___abd1be1808__scene__002,01001009_硃砂痣.pdf,D:\University_studies\Junior\data_visualization\experiment\final_self\opera_dataset\01000000\01001009_硃砂痣.pdf,01000000/01001009_硃砂痣.pdf,62507f36-aa22-4065-bb0f-f7de69f87e7c,2,【第二场】,119,dialogue,dialogue,吴惠泉,pdf_01000000__01001009___abd1be1808__char__b4e53a2881,二黄摇板,唱,二黄摇板,叫,吴惠泉,叫得我寒毛凛胆战魂消。,吴惠泉（二黄摇板）叫得我寒毛凛胆战魂消。
pdf_01000000__01001009___abd1be1808,硃砂痣,pdf_01000000__01001009___abd1be1808__line__000119,pdf_01000000__01001009___abd1be1808__scene__002,01001009_硃砂痣.pdf,D:\University_studies\Junior\data_visualization\experiment\final_self\opera_dataset\01000000\01001009_硃砂痣.pdf,01000000/01001009_硃砂痣.pdf,62507f36-aa22-4065-bb0f-f7de69f87e7c,2,【第二场】,119,dialogue,dialogue,江氏,pdf_01000000__01001009___abd1be1808__char__a0a381e6a8,白,白,白,念白,江氏,官人。,江氏（白）官人。
pdf_01000000__01001009___abd1be1808,硃砂痣,pdf_01000000__01001009___abd1be1808__line__000119,pdf_01000000__01001009___abd1be1808__scene__002,01001009_硃砂痣.pdf,D:\University_studies\Junior\data_visualization\experiment\final_self\opera_dataset\01000000\01001009_硃砂痣.pdf,01000000/01001009_硃砂痣.pdf,62507f36-aa22-4065-bb0f-f7de69f87e7c,2,【第二场】,119,dialogue,dialogue,吴惠泉,pdf_01000000__01001009___abd1be1808__char__b4e53a2881,白,白,白,来；念白,吴惠泉,你怎样回来的?,吴惠泉（白）你怎样回来的?
pdf_01000000__01001009___abd1be1808,硃砂痣,pdf_01000000__01001009___abd1be1808__line__000119,pdf_01000000__01001009___abd1be1808__scene__002,01001009_硃砂痣.pdf,D:\University_studies\Junior\data_visualization\experiment\final_self\opera_dataset\01000000\01001009_硃砂痣.pdf,01000000/01001009_硃砂痣.pdf,62507f36-aa22-4065-bb0f-f7de69f87e7c,2,【第二场】,119,dialogue,dialogue,江氏,pdf_01000000__01001009___abd1be1808__char__a0a381e6a8,白,白,白,问；念白,江氏,"多蒙韩老爷查问情由,不忍拆散你我夫妻,将婚书烧化,聘礼不要;又赐银百两,以成奴之贞节,故而差人将奴送回。","江氏（白）多蒙韩老爷查问情由,不忍拆散你我夫妻,将婚书烧化,聘礼不要;又赐银百两,以成奴之贞节,故而差人将奴送回。"
pdf_01000000__01001009___abd1be1808,硃砂痣,pdf_01000000__01001009___abd1be1808__line__000119,pdf_01000000__01001009___abd1be1808__scene__002,01001009_硃砂痣.pdf,D:\University_studies\Junior\data_visualization\experiment\final_self\opera_dataset\01000000\01001009_硃砂痣.pdf,01000000/01001009_硃砂痣.pdf,62507f36-aa22-4065-bb0f-f7de69f87e7c,2,【第二场】,119,dialogue,dialogue,吴惠泉,pdf_01000000__01001009___abd1be1808__char__b4e53a2881,白,白,白,来；念白,吴惠泉,"哦,有这等事?何人送你回来的?","吴惠泉（白）哦,有这等事?何人送你回来的?"
pdf_01000000__01001009___abd1be1808,硃砂痣,pdf_01000000__01001009___abd1be1808__line__000119,pdf_01000000__01001009___abd1be1808__scene__002,01001009_硃砂痣.pdf,D:\University_studies\Junior\data_visualization\experiment\final_self\opera_dataset\01000000\01001009_硃砂痣.pdf,01000000/01001009_硃砂痣.pdf,62507f36-aa22-4065-bb0f-f7de69f87e7c,2,【第二场】,119,dialogue,dialogue,江氏,pdf_01000000__01001009___abd1be1808__char__a0a381e6a8,白,白,白,来；念白,江氏,韩管家送我回来的。,江氏（白）韩管家送我回来的。
pdf_01000000__01001009___abd1be1808,硃砂痣,pdf_01000000__01001009___abd1be1808__line__000119,pdf_01000000__01001009___abd1be1808__scene__002,01001009_硃砂痣.pdf,D:\University_studies\Junior\data_visualization\experiment\final_self\opera_dataset\01000000\01001009_硃砂痣.pdf,01000000/01001009_硃砂痣.pdf,62507f36-aa22-4065-bb0f-f7de69f87e7c,2,【第二场】,119,dialogue,dialogue,吴惠泉,pdf_01000000__01001009___abd1be1808__char__b4e53a2881,白,白,白,进；来；请；念白,吴惠泉,请他进来。,吴惠泉（白）请他进来。
pdf_01000000__01001009___abd1be1808,硃砂痣,pdf_01000000__01001009___abd1be1808__line__000119,pdf_01000000__01001009___abd1be1808__scene__002,01001009_硃砂痣.pdf,D:\University_studies\Junior\data_visualization\experiment\final_self\opera_dataset\01000000\01001009_硃砂痣.pdf,01000000/01001009_硃砂痣.pdf,62507f36-aa22-4065-bb0f-f7de69f87e7c,2,【第二场】,119,dialogue,dialogue,江氏,pdf_01000000__01001009___abd1be1808__char__a0a381e6a8,白,白,白,请；念白,江氏,有请管家。,江氏（白）有请管家。
pdf_01000000__01001009___abd1be1808,硃砂痣,pdf_01000000__01001009___abd1be1808__line__000119,pdf_01000000__01001009___abd1be1808__scene__002,01001009_硃砂痣.pdf,D:\University_studies\Junior\data_visualization\experiment\final_self\opera_dataset\01000000\01001009_硃砂痣.pdf,01000000/01001009_硃砂痣.pdf,62507f36-aa22-4065-bb0f-f7de69f87e7c,2,【第二场】,119,dialogue,dialogue,吴惠泉,pdf_01000000__01001009___abd1be1808__char__b4e53a2881,白,白,白,念白,吴惠泉,"啊,韩管家。","吴惠泉（白）啊,韩管家。"
pdf_01000000__01001009___abd1be1808,硃砂痣,pdf_01000000__01001009___abd1be1808__line__000119,pdf_01000000__01001009___abd1be1808__scene__002,01001009_硃砂痣.pdf,D:\University_studies\Junior\data_visualization\experiment\final_self\opera_dataset\01000000\01001009_硃砂痣.pdf,01000000/01001009_硃砂痣.pdf,62507f36-aa22-4065-bb0f-f7de69f87e7c,2,【第二场】,119,dialogue,dialogue,家院,pdf_01000000__01001009___abd1be1808__char__ce47b2fd7a,白,白,白,念白,家院,"吓,吴相公。","家院（白）吓,吴相公。"
pdf_01000000__01001009___abd1be1808,硃砂痣,pdf_01000000__01001009___abd1be1808__line__000119,pdf_01000000__01001009___abd1be1808__scene__002,01001009_硃砂痣.pdf,D:\University_studies\Junior\data_visualization\experiment\final_self\opera_dataset\01000000\01001009_硃砂痣.pdf,01000000/01001009_硃砂痣.pdf,62507f36-aa22-4065-bb0f-f7de69f87e7c,2,【第二场】,119,dialogue,dialogue,吴惠泉,pdf_01000000__01001009___abd1be1808__char__b4e53a2881,白,白,白,道；念白,吴惠泉,你家员外怎样言道?,吴惠泉（白）你家员外怎样言道?
pdf_01000000__01001009___abd1be1808,硃砂痣,pdf_01000000__01001009___abd1be1808__line__000119,pdf_01000000__01001009___abd1be1808__scene__002,01001009_硃砂痣.pdf,D:\University_studies\Junior\data_visualization\experiment\final_self\opera_dataset\01000000\01001009_硃砂痣.pdf,01000000/01001009_硃砂痣.pdf,62507f36-aa22-4065-bb0f-f7de69f87e7c,2,【第二场】,119,dialogue,dialogue,家院,pdf_01000000__01001009___abd1be1808__char__ce47b2fd7a,白,白,白,来；命；叫；道；念白,家院,"我家员外言道,命我送大娘子回来,先前聘礼不要,再与银子百两,叫你保养病体。","家院（白）我家员外言道,命我送大娘子回来,先前聘礼不要,再与银子百两,叫你保养病体。"
pdf_01000000__01001009___abd1be1808,硃砂痣,pdf_01000000__01001009___abd1be1808__line__000119,pdf_01000000__01001009___abd1be1808__scene__002,01001009_硃砂痣.pdf,D:\University_studies\Junior\data_visualization\experiment\final_self\opera_dataset\01000000\01001009_硃砂痣.pdf,01000000/01001009_硃砂痣.pdf,62507f36-aa22-4065-bb0f-f7de69f87e7c,2,【第二场】,119,dialogue,dialogue,吴惠泉,pdf_01000000__01001009___abd1be1808__char__b4e53a2881,白,白,白,上；念白,吴惠泉,"世界之上,哪有这样好人?谢天谢地!","吴惠泉（白）世界之上,哪有这样好人?谢天谢地!"
pdf_01000000__01001009___abd1be1808,硃砂痣,pdf_01000000__01001009___abd1be1808__line__000119,pdf_01000000__01001009___abd1be1808__scene__002,01001009_硃砂痣.pdf,D:\University_studies\Junior\data_visualization\experiment\final_self\opera_dataset\01000000\01001009_硃砂痣.pdf,01000000/01001009_硃砂痣.pdf,62507f36-aa22-4065-bb0f-f7de69f87e7c,2,【第二场】,119,dialogue,dialogue,江氏,pdf_01000000__01001009___abd1be1808__char__a0a381e6a8,白,白,白,念白,江氏,当谢天地!,江氏（白）当谢天地!
pdf_01000000__01001009___abd1be1808,硃砂痣,pdf_01000000__01001009___abd1be1808__line__000119,pdf_01000000__01001009___abd1be1808__scene__002,01001009_硃砂痣.pdf,D:\University_studies\Junior\data_visualization\experiment\final_self\opera_dataset\01000000\01001009_硃砂痣.pdf,01000000/01001009_硃砂痣.pdf,62507f36-aa22-4065-bb0f-f7de69f87e7c,2,【第二场】,119,dialogue,dialogue,吴惠泉,pdf_01000000__01001009___abd1be1808__char__b4e53a2881,白,白,白,去；念白,吴惠泉,"娘子你我夫妻,前去叩谢才是。","吴惠泉（白）娘子你我夫妻,前去叩谢才是。"
pdf_01000000__01001009___abd1be1808,硃砂痣,pdf_01000000__01001009___abd1be1808__line__000119,pdf_01000000__01001009___abd1be1808__scene__002,01001009_硃砂痣.pdf,D:\University_studies\Junior\data_visualization\experiment\final_self\opera_dataset\01000000\01001009_硃砂痣.pdf,01000000/01001009_硃砂痣.pdf,62507f36-aa22-4065-bb0f-f7de69f87e7c,2,【第二场】,119,dialogue,dialogue,江氏,pdf_01000000__01001009___abd1be1808__char__a0a381e6a8,白,白,白,念白,江氏,礼当如此。,江氏（白）礼当如此。
pdf_01000000__01001009___abd1be1808,硃砂痣,pdf_01000000__01001009___abd1be1808__line__000119,pdf_01000000__01001009___abd1be1808__scene__002,01001009_硃砂痣.pdf,D:\University_studies\Junior\data_visualization\experiment\final_self\opera_dataset\01000000\01001009_硃砂痣.pdf,01000000/01001009_硃砂痣.pdf,62507f36-aa22-4065-bb0f-f7de69f87e7c,2,【第二场】,119,dialogue,dialogue,家院,pdf_01000000__01001009___abd1be1808__char__ce47b2fd7a,白,白,白,去；念白,家院,"吴相公,你那贵恙才好,改日再去吧。","家院（白）吴相公,你那贵恙才好,改日再去吧。"
pdf_01000000__01001009___abd1be1808,硃砂痣,pdf_01000000__01001009___abd1be1808__line__000119,pdf_01000000__01001009___abd1be1808__scene__002,01001009_硃砂痣.pdf,D:\University_studies\Junior\data_visualization\experiment\final_self\opera_dataset\01000000\01001009_硃砂痣.pdf,01000000/01001009_硃砂痣.pdf,62507f36-aa22-4065-bb0f-f7de69f87e7c,2,【第二场】,119,dialogue,dialogue,吴惠泉,pdf_01000000__01001009___abd1be1808__char__b4e53a2881,白,白,白,走；念白,吴惠泉,"吓,如今我有银子,病就好了。走吓。","吴惠泉（白）吓,如今我有银子,病就好了。走吓。"
pdf_01000000__01001009___abd1be1808,硃砂痣,pdf_01000000__01001009___abd1be1808__line__000119,pdf_01000000__01001009___abd1be1808__scene__002,01001009_硃砂痣.pdf,D:\University_studies\Junior\data_visualization\experiment\final_self\opera_dataset\01000000\01001009_硃砂痣.pdf,01000000/01001009_硃砂痣.pdf,62507f36-aa22-4065-bb0f-f7de69f87e7c,2,【第二场】,119,dialogue,dialogue,江氏,pdf_01000000__01001009___abd1be1808__char__a0a381e6a8,二黄摇板,唱,二黄摇板,,江氏,仗大义舍资财送妇归巢。,江氏（二黄摇板）仗大义舍资财送妇归巢。
pdf_01000000__01001009___abd1be1808,硃砂痣,pdf_01000000__01001009___abd1be1808__line__000123,pdf_01000000__01001009___abd1be1808__scene__003,01001009_硃砂痣.pdf,D:\University_studies\Junior\data_visualization\experiment\final_self\opera_dataset\01000000\01001009_硃砂痣.pdf,01000000/01001009_硃砂痣.pdf,62507f36-aa22-4065-bb0f-f7de69f87e7c,3,【第三场】,123,stage_direction,stage_direction,,,韩廷凤上。,做,韩廷凤上。,上,韩廷凤,,（韩廷凤上。）
pdf_01000000__01001009___abd1be1808,硃砂痣,pdf_01000000__01001009___abd1be1808__line__000125,pdf_01000000__01001009___abd1be1808__scene__003,01001009_硃砂痣.pdf,D:\University_studies\Junior\data_visualization\experiment\final_self\opera_dataset\01000000\01001009_硃砂痣.pdf,01000000/01001009_硃砂痣.pdf,62507f36-aa22-4065-bb0f-f7de69f87e7c,3,【第三场】,125,narration,narration,,,,说明,,下；道,韩廷凤,"<table><tr><td>韩廷凤(二黄摇板)</td><td>劝世人一个个须要学好,皆因是自有那天里昭昭。我当年为太守何等荣耀,遇兵荒妻和子无有下梢。也是我前世里未曾修道,我若是全不为我自逍自遥。</td></tr></table>","<table><tr><td>韩廷凤(二黄摇板)</td><td>劝世人一个个须要学好,皆因是自有那天里昭昭。我当年为太守何等荣耀,遇兵荒妻和子无有下梢。也是我前世里未曾修道,我若是全不为我自逍自遥。</td></tr></table>"
pdf_01000000__01001009___abd1be1808,硃砂痣,pdf_01000000__01001009___abd1be1808__line__000127,pdf_01000000__01001009___abd1be1808__scene__003,01001009_硃砂痣.pdf,D:\University_studies\Junior\data_visualization\experiment\final_self\opera_dataset\01000000\01001009_硃砂痣.pdf,01000000/01001009_硃砂痣.pdf,62507f36-aa22-4065-bb0f-f7de69f87e7c,3,【第三场】,127,stage_direction,stage_direction,,,家院上，吴惠泉上，江氏上。,做,家院上，吴惠泉上，江氏上。,上,吴惠泉；江氏,,（家院上，吴惠泉上，江氏上。）
pdf_01000000__01001009___abd1be1808,硃砂痣,pdf_01000000__01001009___abd1be1808__line__000129,pdf_01000000__01001009___abd1be1808__scene__003,01001009_硃砂痣.pdf,D:\University_studies\Junior\data_visualization\experiment\final_self\opera_dataset\01000000\01001009_硃砂痣.pdf,01000000/01001009_硃砂痣.pdf,62507f36-aa22-4065-bb0f-f7de69f87e7c,3,【第三场】,129,dialogue,dialogue,吴惠泉,pdf_01000000__01001009___abd1be1808__char__b4e53a2881,二黄摇板,唱,二黄摇板,跪,吴惠泉,"我和你到他家双膝跪倒,","吴惠泉（二黄摇板）我和你到他家双膝跪倒,"
pdf_01000000__01001009___abd1be1808,硃砂痣,pdf_01000000__01001009___abd1be1808__line__000129,pdf_01000000__01001009___abd1be1808__scene__003,01001009_硃砂痣.pdf,D:\University_studies\Junior\data_visualization\experiment\final_self\opera_dataset\01000000\01001009_硃砂痣.pdf,01000000/01001009_硃砂痣.pdf,62507f36-aa22-4065-bb0f-f7de69f87e7c,3,【第三场】,129,dialogue,dialogue,江氏,pdf_01000000__01001009___abd1be1808__char__a0a381e6a8,二黄摇板,唱,二黄摇板,来,江氏,我夫妻特地来叩谢恩劳。,江氏（二黄摇板）我夫妻特地来叩谢恩劳。
pdf_01000000__01001009___abd1be1808,硃砂痣,pdf_01000000__01001009___abd1be1808__line__000129,pdf_01000000__01001009___abd1be1808__scene__003,01001009_硃砂痣.pdf,D:\University_studies\Junior\data_visualization\experiment\final_self\opera_dataset\01000000\01001009_硃砂痣.pdf,01000000/01001009_硃砂痣.pdf,62507f36-aa22-4065-bb0f-f7de69f87e7c,3,【第三场】,129,dialogue,dialogue,韩廷凤,pdf_01000000__01001009___abd1be1808__char__b93c80f8b9,白,白,白,念白,韩廷凤,哎呀!,韩廷凤（白）哎呀!
pdf_01000000__01001009___abd1be1808,硃砂痣,pdf_01000000__01001009___abd1be1808__line__000129,pdf_01000000__01001009___abd1be1808__scene__003,01001009_硃砂痣.pdf,D:\University_studies\Junior\data_visualization\experiment\final_self\opera_dataset\01000000\01001009_硃砂痣.pdf,01000000/01001009_硃砂痣.pdf,62507f36-aa22-4065-bb0f-f7de69f87e7c,3,【第三场】,129,dialogue,dialogue,江氏,pdf_01000000__01001009___abd1be1808__char__a0a381e6a8,白,白,白,念白,吴惠泉；江氏,这是我丈夫吴惠泉。,江氏（白）这是我丈夫吴惠泉。
pdf_01000000__01001009___abd1be1808,硃砂痣,pdf_01000000__01001009___abd1be1808__line__000129,pdf_01000000__01001009___abd1be1808__scene__003,01001009_硃砂痣.pdf,D:\University_studies\Junior\data_visualization\experiment\final_self\opera_dataset\01000000\01001009_硃砂痣.pdf,01000000/01001009_硃砂痣.pdf,62507f36-aa22-4065-bb0f-f7de69f87e7c,3,【第三场】,129,dialogue,dialogue,韩廷凤,pdf_01000000__01001009___abd1be1808__char__b93c80f8b9,白,白,白,来；请；坐；念白,韩廷凤,"原来是吴相公,请坐请坐。","韩廷凤（白）原来是吴相公,请坐请坐。"
pdf_01000000__01001009___abd1be1808,硃砂痣,pdf_01000000__01001009___abd1be1808__line__000129,pdf_01000000__01001009___abd1be1808__scene__003,01001009_硃砂痣.pdf,D:\University_studies\Junior\data_visualization\experiment\final_self\opera_dataset\01000000\01001009_硃砂痣.pdf,01000000/01001009_硃砂痣.pdf,62507f36-aa22-4065-bb0f-f7de69f87e7c,3,【第三场】,129,dialogue,dialogue,吴惠泉,pdf_01000000__01001009___abd1be1808__char__b4e53a2881,白,白,白,坐；念白,吴惠泉,"大老爷在此,小人不敢坐。","吴惠泉（白）大老爷在此,小人不敢坐。"
pdf_01000000__01001009___abd1be1808,硃砂痣,pdf_01000000__01001009___abd1be1808__line__000129,pdf_01000000__01001009___abd1be1808__scene__003,01001009_硃砂痣.pdf,D:\University_studies\Junior\data_visualization\experiment\final_self\opera_dataset\01000000\01001009_硃砂痣.pdf,01000000/01001009_硃砂痣.pdf,62507f36-aa22-4065-bb0f-f7de69f87e7c,3,【第三场】,129,dialogue,dialogue,韩廷凤,pdf_01000000__01001009___abd1be1808__char__b93c80f8b9,白,白,白,坐；念白,韩廷凤,"有话叙谈,哪有不坐之理?","韩廷凤（白）有话叙谈,哪有不坐之理?"
pdf_01000000__01001009___abd1be1808,硃砂痣,pdf_01000000__01001009___abd1be1808__line__000129,pdf_01000000__01001009___abd1be1808__scene__003,01001009_硃砂痣.pdf,D:\University_studies\Junior\data_visualization\experiment\final_self\opera_dataset\01000000\01001009_硃砂痣.pdf,01000000/01001009_硃砂痣.pdf,62507f36-aa22-4065-bb0f-f7de69f87e7c,3,【第三场】,129,dialogue,dialogue,吴惠泉,pdf_01000000__01001009___abd1be1808__char__b4e53a2881,白,白,白,坐；念白,吴惠泉,告坐。,吴惠泉（白）告坐。
pdf_01000000__01001009___abd1be1808,硃砂痣,pdf_01000000__01001009___abd1be1808__line__000129,pdf_01000000__01001009___abd1be1808__scene__003,01001009_硃砂痣.pdf,D:\University_studies\Junior\data_visualization\experiment\final_self\opera_dataset\01000000\01001009_硃砂痣.pdf,01000000/01001009_硃砂痣.pdf,62507f36-aa22-4065-bb0f-f7de69f87e7c,3,【第三场】,129,dialogue,dialogue,韩廷凤,pdf_01000000__01001009___abd1be1808__char__b93c80f8b9,白,白,白,下；坐；念白,韩廷凤,大娘子你也坐下。,韩廷凤（白）大娘子你也坐下。
pdf_01000000__01001009___abd1be1808,硃砂痣,pdf_01000000__01001009___abd1be1808__line__000129,pdf_01000000__01001009___abd1be1808__scene__003,01001009_硃砂痣.pdf,D:\University_studies\Junior\data_visualization\experiment\final_self\opera_dataset\01000000\01001009_硃砂痣.pdf,01000000/01001009_硃砂痣.pdf,62507f36-aa22-4065-bb0f-f7de69f87e7c,3,【第三场】,129,dialogue,dialogue,江氏,pdf_01000000__01001009___abd1be1808__char__a0a381e6a8,白,白,白,坐；念白,江氏,谢坐。,江氏（白）谢坐。
pdf_01000000__01001009___abd1be1808,硃砂痣,pdf_01000000__01001009___abd1be1808__line__000129,pdf_01000000__01001009___abd1be1808__scene__003,01001009_硃砂痣.pdf,D:\University_studies\Junior\data_visualization\experiment\final_self\opera_dataset\01000000\01001009_硃砂痣.pdf,01000000/01001009_硃砂痣.pdf,62507f36-aa22-4065-bb0f-f7de69f87e7c,3,【第三场】,129,dialogue,dialogue,韩廷凤,pdf_01000000__01001009___abd1be1808__char__b93c80f8b9,白,白,白,念白,韩廷凤,"吴相公,听大娘子之言,你有病在","韩廷凤（白）吴相公,听大娘子之言,你有病在"
pdf_01000000__01001009___abd1be1808,硃砂痣,pdf_01000000__01001009___abd1be1808__line__000131,pdf_01000000__01001009___abd1be1808__scene__003,01001009_硃砂痣.pdf,D:\University_studies\Junior\data_visualization\experiment\final_self\opera_dataset\01000000\01001009_硃砂痣.pdf,01000000/01001009_硃砂痣.pdf,62507f36-aa22-4065-bb0f-f7de69f87e7c,3,【第三场】,131,dialogue,dialogue,吴惠泉,pdf_01000000__01001009___abd1be1808__char__b4e53a2881,白,白,白,念白,吴惠泉,"老爷有所不知,小人得了银钱,病就好了。","吴惠泉（白）老爷有所不知,小人得了银钱,病就好了。"
pdf_01000000__01001009___abd1be1808,硃砂痣,pdf_01000000__01001009___abd1be1808__line__000131,pdf_01000000__01001009___abd1be1808__scene__003,01001009_硃砂痣.pdf,D:\University_studies\Junior\data_visualization\experiment\final_self\opera_dataset\01000000\01001009_硃砂痣.pdf,01000000/01001009_硃砂痣.pdf,62507f36-aa22-4065-bb0f-f7de69f87e7c,3,【第三场】,131,dialogue,dialogue,韩廷凤,pdf_01000000__01001009___abd1be1808__char__b93c80f8b9,白,白,白,来；念白,韩廷凤,"吓,有了钱,你的病就好了。如此说来,银子是好物件!","韩廷凤（白）吓,有了钱,你的病就好了。如此说来,银子是好物件!"
pdf_01000000__01001009___abd1be1808,硃砂痣,pdf_01000000__01001009___abd1be1808__line__000131,pdf_01000000__01001009___abd1be1808__scene__003,01001009_硃砂痣.pdf,D:\University_studies\Junior\data_visualization\experiment\final_self\opera_dataset\01000000\01001009_硃砂痣.pdf,01000000/01001009_硃砂痣.pdf,62507f36-aa22-4065-bb0f-f7de69f87e7c,3,【第三场】,131,dialogue,dialogue,吴惠泉,pdf_01000000__01001009___abd1be1808__char__b4e53a2881,白,白,白,念白,吴惠泉,好物件!,吴惠泉（白）好物件!
pdf_01000000__01001009___abd1be1808,硃砂痣,pdf_01000000__01001009___abd1be1808__line__000131,pdf_01000000__01001009___abd1be1808__scene__003,01001009_硃砂痣.pdf,D:\University_studies\Junior\data_visualization\experiment\final_self\opera_dataset\01000000\01001009_硃砂痣.pdf,01000000/01001009_硃砂痣.pdf,62507f36-aa22-4065-bb0f-f7de69f87e7c,3,【第三场】,131,dialogue,dialogue,韩廷凤,pdf_01000000__01001009___abd1be1808__char__b93c80f8b9,二黄垛板,唱,二黄垛板,下；来,韩廷凤,"我救你的急,救你的难,救你的贫困,全你的节,全你的义,全你的婚姻。我无子也是我前生造定,我若是错婚姻,到后来留下了骂名。","韩廷凤（二黄垛板）我救你的急,救你的难,救你的贫困,全你的节,全你的义,全你的婚姻。我无子也是我前生造定,我若是错婚姻,到后来留下了骂名。"
pdf_01000000__01001009___abd1be1808,硃砂痣,pdf_01000000__01001009___abd1be1808__line__000131,pdf_01000000__01001009___abd1be1808__scene__003,01001009_硃砂痣.pdf,D:\University_studies\Junior\data_visualization\experiment\final_self\opera_dataset\01000000\01001009_硃砂痣.pdf,01000000/01001009_硃砂痣.pdf,62507f36-aa22-4065-bb0f-f7de69f87e7c,3,【第三场】,131,dialogue,dialogue,吴惠泉,pdf_01000000__01001009___abd1be1808__char__b4e53a2881,白,白,白,念白,吴惠泉,"何不再娶一房,产得一子,也未可知。","吴惠泉（白）何不再娶一房,产得一子,也未可知。"
pdf_01000000__01001009___abd1be1808,硃砂痣,pdf_01000000__01001009___abd1be1808__line__000131,pdf_01000000__01001009___abd1be1808__scene__003,01001009_硃砂痣.pdf,D:\University_studies\Junior\data_visualization\experiment\final_self\opera_dataset\01000000\01001009_硃砂痣.pdf,01000000/01001009_硃砂痣.pdf,62507f36-aa22-4065-bb0f-f7de69f87e7c,3,【第三场】,131,dialogue,dialogue,韩廷凤,pdf_01000000__01001009___abd1be1808__char__b93c80f8b9,白,白,白,念白,韩廷凤,"子孙之事,前生造定;若是再娶,也就不必了。","韩廷凤（白）子孙之事,前生造定;若是再娶,也就不必了。"
pdf_01000000__01001009___abd1be1808,硃砂痣,pdf_01000000__01001009___abd1be1808__line__000131,pdf_01000000__01001009___abd1be1808__scene__003,01001009_硃砂痣.pdf,D:\University_studies\Junior\data_visualization\experiment\final_self\opera_dataset\01000000\01001009_硃砂痣.pdf,01000000/01001009_硃砂痣.pdf,62507f36-aa22-4065-bb0f-f7de69f87e7c,3,【第三场】,131,dialogue,dialogue,吴惠泉,pdf_01000000__01001009___abd1be1808__char__b4e53a2881,白,白,白,上；来；念白,吴惠泉,"何不买上一个孩童,将来有靠。","吴惠泉（白）何不买上一个孩童,将来有靠。"
pdf_01000000__01001009___abd1be1808,硃砂痣,pdf_01000000__01001009___abd1be1808__line__000131,pdf_01000000__01001009___abd1be1808__scene__003,01001009_硃砂痣.pdf,D:\University_studies\Junior\data_visualization\experiment\final_self\opera_dataset\01000000\01001009_硃砂痣.pdf,01000000/01001009_硃砂痣.pdf,62507f36-aa22-4065-bb0f-f7de69f87e7c,3,【第三场】,131,dialogue,dialogue,韩廷凤,pdf_01000000__01001009___abd1be1808__char__b93c80f8b9,白,白,白,念白,韩廷凤,"这倒使得,只是本处孩子,有好些不便;或者远乡别处,饥寒贫苦的孩子,买他一个,教他成人。若不听教训,也是一番怄气。","韩廷凤（白）这倒使得,只是本处孩子,有好些不便;或者远乡别处,饥寒贫苦的孩子,买他一个,教他成人。若不听教训,也是一番怄气。"
pdf_01000000__01001009___abd1be1808,硃砂痣,pdf_01000000__01001009___abd1be1808__line__000131,pdf_01000000__01001009___abd1be1808__scene__003,01001009_硃砂痣.pdf,D:\University_studies\Junior\data_visualization\experiment\final_self\opera_dataset\01000000\01001009_硃砂痣.pdf,01000000/01001009_硃砂痣.pdf,62507f36-aa22-4065-bb0f-f7de69f87e7c,3,【第三场】,131,dialogue,dialogue,吴惠泉,pdf_01000000__01001009___abd1be1808__char__b4e53a2881,白,白,白,下；来；念白,吴惠泉,"小人前在四川贸易,有些账目未归,如今恩人所赐资本,目下就要起身。倘有合适小孩,买来一个,送与恩人,以表我夫妻之情。","吴惠泉（白）小人前在四川贸易,有些账目未归,如今恩人所赐资本,目下就要起身。倘有合适小孩,买来一个,送与恩人,以表我夫妻之情。"
pdf_01000000__01001009___abd1be1808,硃砂痣,pdf_01000000__01001009___abd1be1808__line__000131,pdf_01000000__01001009___abd1be1808__scene__003,01001009_硃砂痣.pdf,D:\University_studies\Junior\data_visualization\experiment\final_self\opera_dataset\01000000\01001009_硃砂痣.pdf,01000000/01001009_硃砂痣.pdf,62507f36-aa22-4065-bb0f-f7de69f87e7c,3,【第三场】,131,dialogue,dialogue,韩廷凤,pdf_01000000__01001009___abd1be1808__char__b93c80f8b9,白,白,白,念白,韩廷凤,那倒不消。,韩廷凤（白）那倒不消。
pdf_01000000__01001009___abd1be1808,硃砂痣,pdf_01000000__01001009___abd1be1808__line__000131,pdf_01000000__01001009___abd1be1808__scene__003,01001009_硃砂痣.pdf,D:\University_studies\Junior\data_visualization\experiment\final_self\opera_dataset\01000000\01001009_硃砂痣.pdf,01000000/01001009_硃砂痣.pdf,62507f36-aa22-4065-bb0f-f7de69f87e7c,3,【第三场】,131,dialogue,dialogue,吴惠泉,pdf_01000000__01001009___abd1be1808__char__b4e53a2881,白,白,白,去；念白,吴惠泉,娘子你我辞别恩人去吧。,吴惠泉（白）娘子你我辞别恩人去吧。
pdf_01000000__01001009___abd1be1808,硃砂痣,pdf_01000000__01001009___abd1be1808__line__000131,pdf_01000000__01001009___abd1be1808__scene__003,01001009_硃砂痣.pdf,D:\University_studies\Junior\data_visualization\experiment\final_self\opera_dataset\01000000\01001009_硃砂痣.pdf,01000000/01001009_硃砂痣.pdf,62507f36-aa22-4065-bb0f-f7de69f87e7c,3,【第三场】,131,dialogue,dialogue,江氏,pdf_01000000__01001009___abd1be1808__char__a0a381e6a8,白,白,白,念白,江氏,是。,江氏（白）是。
pdf_01000000__01001009___abd1be1808,硃砂痣,pdf_01000000__01001009___abd1be1808__line__000131,pdf_01000000__01001009___abd1be1808__scene__003,01001009_硃砂痣.pdf,D:\University_studies\Junior\data_visualization\experiment\final_self\opera_dataset\01000000\01001009_硃砂痣.pdf,01000000/01001009_硃砂痣.pdf,62507f36-aa22-4065-bb0f-f7de69f87e7c,3,【第三场】,131,dialogue,dialogue,韩廷凤,pdf_01000000__01001009___abd1be1808__char__b93c80f8b9,白,白,白,去；念白,韩廷凤,"你二人要去了,我不能远送了。","韩廷凤（白）你二人要去了,我不能远送了。"
pdf_01000000__01001009___abd1be1808,硃砂痣,pdf_01000000__01001009___abd1be1808__line__000131,pdf_01000000__01001009___abd1be1808__scene__003,01001009_硃砂痣.pdf,D:\University_studies\Junior\data_visualization\experiment\final_self\opera_dataset\01000000\01001009_硃砂痣.pdf,01000000/01001009_硃砂痣.pdf,62507f36-aa22-4065-bb0f-f7de69f87e7c,3,【第三场】,131,dialogue,dialogue,吴惠泉,pdf_01000000__01001009___abd1be1808__char__b4e53a2881,二黄摇板,唱,二黄摇板,,吴惠泉,"辞别了大恩人犹如山海,","吴惠泉（二黄摇板）辞别了大恩人犹如山海,"
pdf_01000000__01001009___abd1be1808,硃砂痣,pdf_01000000__01001009___abd1be1808__line__000131,pdf_01000000__01001009___abd1be1808__scene__003,01001009_硃砂痣.pdf,D:\University_studies\Junior\data_visualization\experiment\final_self\opera_dataset\01000000\01001009_硃砂痣.pdf,01000000/01001009_硃砂痣.pdf,62507f36-aa22-4065-bb0f-f7de69f87e7c,3,【第三场】,131,dialogue,dialogue,江氏,pdf_01000000__01001009___abd1be1808__char__a0a381e6a8,二黄摇板,唱,二黄摇板,来；答；报,江氏,到四川买一子报答恩来。,江氏（二黄摇板）到四川买一子报答恩来。
pdf_01000000__01001009___abd1be1808,硃砂痣,pdf_01000000__01001009___abd1be1808__line__000131,pdf_01000000__01001009___abd1be1808__scene__003,01001009_硃砂痣.pdf,D:\University_studies\Junior\data_visualization\experiment\final_self\opera_dataset\01000000\01001009_硃砂痣.pdf,01000000/01001009_硃砂痣.pdf,62507f36-aa22-4065-bb0f-f7de69f87e7c,3,【第三场】,131,dialogue,dialogue,韩廷凤,pdf_01000000__01001009___abd1be1808__char__b93c80f8b9,二黄摇板,唱,二黄摇板,进；来；叫；道；跪,韩廷凤,"他夫妻进门来双膝跪倒,口口声叫恩人珠泪双抛。我无子前世里未曾修道,作恶人总有子枉费心劳。","韩廷凤（二黄摇板）他夫妻进门来双膝跪倒,口口声叫恩人珠泪双抛。我无子前世里未曾修道,作恶人总有子枉费心劳。"
pdf_01000000__01001009___abd1be1808,硃砂痣,pdf_01000000__01001009___abd1be1808__line__000135,pdf_01000000__01001009___abd1be1808__scene__004,01001009_硃砂痣.pdf,D:\University_studies\Junior\data_visualization\experiment\final_self\opera_dataset\01000000\01001009_硃砂痣.pdf,01000000/01001009_硃砂痣.pdf,62507f36-aa22-4065-bb0f-f7de69f87e7c,4,【第四场】,135,stage_direction,stage_direction,,,金氏上。,做,金氏上。,上,金氏,,（金氏上。）
pdf_01000000__01001009___abd1be1808,硃砂痣,pdf_01000000__01001009___abd1be1808__line__000139,pdf_01000000__01001009___abd1be1808__scene__004,01001009_硃砂痣.pdf,D:\University_studies\Junior\data_visualization\experiment\final_self\opera_dataset\01000000\01001009_硃砂痣.pdf,01000000/01001009_硃砂痣.pdf,62507f36-aa22-4065-bb0f-f7de69f87e7c,4,【第四场】,139,stage_direction,stage_direction,,,韩遇运上。,做,韩遇运上。,上,韩遇运,,（韩遇运上。）
pdf_01000000__01001009___abd1be1808,硃砂痣,pdf_01000000__01001009___abd1be1808__line__000141,pdf_01000000__01001009___abd1be1808__scene__004,01001009_硃砂痣.pdf,D:\University_studies\Junior\data_visualization\experiment\final_self\opera_dataset\01000000\01001009_硃砂痣.pdf,01000000/01001009_硃砂痣.pdf,62507f36-aa22-4065-bb0f-f7de69f87e7c,4,【第四场】,141,dialogue,dialogue,韩遇运,pdf_01000000__01001009___abd1be1808__char__c1f921796e,念,念,念,下,韩遇运,天子重英豪，文章教尔曹。万般皆下品，惟有读书高。,韩遇运 （念） 天子重英豪，文章教尔曹。万般皆下品，惟有读书高。
pdf_01000000__01001009___abd1be1808,硃砂痣,pdf_01000000__01001009___abd1be1808__line__000143,pdf_01000000__01001009___abd1be1808__scene__004,01001009_硃砂痣.pdf,D:\University_studies\Junior\data_visualization\experiment\final_self\opera_dataset\01000000\01001009_硃砂痣.pdf,01000000/01001009_硃砂痣.pdf,62507f36-aa22-4065-bb0f-f7de69f87e7c,4,【第四场】,143,dialogue,dialogue,金氏,pdf_01000000__01001009___abd1be1808__char__73bf017916,念,念,念,,金氏,读书高，读书高，家业一旦抛。,金氏 （念） 读书高，读书高，家业一旦抛。
pdf_01000000__01001009___abd1be1808,硃砂痣,pdf_01000000__01001009___abd1be1808__line__000145,pdf_01000000__01001009___abd1be1808__scene__004,01001009_硃砂痣.pdf,D:\University_studies\Junior\data_visualization\experiment\final_self\opera_dataset\01000000\01001009_硃砂痣.pdf,01000000/01001009_硃砂痣.pdf,62507f36-aa22-4065-bb0f-f7de69f87e7c,4,【第四场】,145,narration,narration,,,,说明,,,米也无钱买；柴也没得烧,米也无钱买，柴也没得烧。,米也无钱买，柴也没得烧。
pdf_01000000__01001009___abd1be1808,硃砂痣,pdf_01000000__01001009___abd1be1808__line__000147,pdf_01000000__01001009___abd1be1808__scene__004,01001009_硃砂痣.pdf,D:\University_studies\Junior\data_visualization\experiment\final_self\opera_dataset\01000000\01001009_硃砂痣.pdf,01000000/01001009_硃砂痣.pdf,62507f36-aa22-4065-bb0f-f7de69f87e7c,4,【第四场】,147,narration,narration,,,,说明,,去,喝一口清凉水；还要我自己去挑,喝一口清凉水，还要我自己去挑。,喝一口清凉水，还要我自己去挑。
pdf_01000000__01001009___abd1be1808,硃砂痣,pdf_01000000__01001009___abd1be1808__line__000149,pdf_01000000__01001009___abd1be1808__scene__004,01001009_硃砂痣.pdf,D:\University_studies\Junior\data_visualization\experiment\final_self\opera_dataset\01000000\01001009_硃砂痣.pdf,01000000/01001009_硃砂痣.pdf,62507f36-aa22-4065-bb0f-f7de69f87e7c,4,【第四场】,149,dialogue,dialogue,韩遇运,pdf_01000000__01001009___abd1be1808__char__c1f921796e,念,念,念,,韩遇运,候儿成人大，金榜把名标。,韩遇运 （念） 候儿成人大，金榜把名标。
pdf_01000000__01001009___abd1be1808,硃砂痣,pdf_01000000__01001009___abd1be1808__line__000151,pdf_01000000__01001009___abd1be1808__scene__004,01001009_硃砂痣.pdf,D:\University_studies\Junior\data_visualization\experiment\final_self\opera_dataset\01000000\01001009_硃砂痣.pdf,01000000/01001009_硃砂痣.pdf,62507f36-aa22-4065-bb0f-f7de69f87e7c,4,【第四场】,151,dialogue,dialogue,金氏,pdf_01000000__01001009___abd1be1808__char__73bf017916,念,念,念,,金氏,候你成人大，母子两边飘。,金氏 （念） 候你成人大，母子两边飘。
pdf_01000000__01001009___abd1be1808,硃砂痣,pdf_01000000__01001009___abd1be1808__line__000153,pdf_01000000__01001009___abd1be1808__scene__004,01001009_硃砂痣.pdf,D:\University_studies\Junior\data_visualization\experiment\final_self\opera_dataset\01000000\01001009_硃砂痣.pdf,01000000/01001009_硃砂痣.pdf,62507f36-aa22-4065-bb0f-f7de69f87e7c,4,【第四场】,153,dialogue,dialogue,韩遇运,pdf_01000000__01001009___abd1be1808__char__c1f921796e,白,白,白,念白,韩遇运,母亲放心，等儿长大成人，若作了官，你就是太夫人了。,韩遇运 （白） 母亲放心，等儿长大成人，若作了官，你就是太夫人了。
pdf_01000000__01001009___abd1be1808,硃砂痣,pdf_01000000__01001009___abd1be1808__line__000155,pdf_01000000__01001009___abd1be1808__scene__004,01001009_硃砂痣.pdf,D:\University_studies\Junior\data_visualization\experiment\final_self\opera_dataset\01000000\01001009_硃砂痣.pdf,01000000/01001009_硃砂痣.pdf,62507f36-aa22-4065-bb0f-f7de69f87e7c,4,【第四场】,155,dialogue,dialogue,金氏,pdf_01000000__01001009___abd1be1808__char__73bf017916,白,白,白,看；命；念白,金氏,好大的口气！我对你言讲：看这年年荒旱，母子难度光阴，我有意将你卖在大户人家，你也有安身之处，我也有了活命。,金氏 （白） 好大的口气！我对你言讲：看这年年荒旱，母子难度光阴，我有意将你卖在大户人家，你也有安身之处，我也有了活命。
pdf_01000000__01001009___abd1be1808,硃砂痣,pdf_01000000__01001009___abd1be1808__line__000157,pdf_01000000__01001009___abd1be1808__scene__004,01001009_硃砂痣.pdf,D:\University_studies\Junior\data_visualization\experiment\final_self\opera_dataset\01000000\01001009_硃砂痣.pdf,01000000/01001009_硃砂痣.pdf,62507f36-aa22-4065-bb0f-f7de69f87e7c,4,【第四场】,157,dialogue,dialogue,韩遇运,pdf_01000000__01001009___abd1be1808__char__c1f921796e,白,白,白,念白,韩遇运,嗳，我是不卖的！,韩遇运 （白） 嗳，我是不卖的！
pdf_01000000__01001009___abd1be1808,硃砂痣,pdf_01000000__01001009___abd1be1808__line__000159,pdf_01000000__01001009___abd1be1808__scene__004,01001009_硃砂痣.pdf,D:\University_studies\Junior\data_visualization\experiment\final_self\opera_dataset\01000000\01001009_硃砂痣.pdf,01000000/01001009_硃砂痣.pdf,62507f36-aa22-4065-bb0f-f7de69f87e7c,4,【第四场】,159,dialogue,dialogue,金氏,pdf_01000000__01001009___abd1be1808__char__73bf017916,白,白,白,上；来；念白,金氏,我对你讲了吧：你不是我亲生之子，自因那年金兵造反，四月初八日在青州路上拾来的。,金氏 （白） 我对你讲了吧：你不是我亲生之子，自因那年金兵造反，四月初八日在青州路上拾来的。
pdf_01000000__01001009___abd1be1808,硃砂痣,pdf_01000000__01001009___abd1be1808__line__000161,pdf_01000000__01001009___abd1be1808__scene__004,01001009_硃砂痣.pdf,D:\University_studies\Junior\data_visualization\experiment\final_self\opera_dataset\01000000\01001009_硃砂痣.pdf,01000000/01001009_硃砂痣.pdf,62507f36-aa22-4065-bb0f-f7de69f87e7c,4,【第四场】,161,dialogue,dialogue,韩遇运,pdf_01000000__01001009___abd1be1808__char__c1f921796e,白,白,白,念白,韩遇运,吓，你不是我的亲娘。哎呀，我的亲娘吓！,韩遇运 （白） 吓，你不是我的亲娘。哎呀，我的亲娘吓！
pdf_01000000__01001009___abd1be1808,硃砂痣,pdf_01000000__01001009___abd1be1808__line__000163,pdf_01000000__01001009___abd1be1808__scene__004,01001009_硃砂痣.pdf,D:\University_studies\Junior\data_visualization\experiment\final_self\opera_dataset\01000000\01001009_硃砂痣.pdf,01000000/01001009_硃砂痣.pdf,62507f36-aa22-4065-bb0f-f7de69f87e7c,4,【第四场】,163,dialogue,dialogue,金氏,pdf_01000000__01001009___abd1be1808__char__73bf017916,白,白,白,念白,金氏,哎呀，我说他不是我的亲生儿子，他就要他的亲娘。我如今不卖他，日后长大,金氏 （白） 哎呀，我说他不是我的亲生儿子，他就要他的亲娘。我如今不卖他，日后长大
pdf_01000000__01001009___abd1be1808,硃砂痣,pdf_01000000__01001009___abd1be1808__line__000165,pdf_01000000__01001009___abd1be1808__scene__004,01001009_硃砂痣.pdf,D:\University_studies\Junior\data_visualization\experiment\final_self\opera_dataset\01000000\01001009_硃砂痣.pdf,01000000/01001009_硃砂痣.pdf,62507f36-aa22-4065-bb0f-f7de69f87e7c,4,【第四场】,165,dialogue,dialogue,韩遇运,pdf_01000000__01001009___abd1be1808__char__c1f921796e,白)(二黄原板,对白,白)(二黄原板,道,韩遇运,"母亲吓,休道我在书房不耕不艺,你孩儿志气高满腹经奇。且等到羽毛干鹏程万里,那时节戴乌纱身挂紫衣。","韩遇运（白)(二黄原板）母亲吓,休道我在书房不耕不艺,你孩儿志气高满腹经奇。且等到羽毛干鹏程万里,那时节戴乌纱身挂紫衣。"
pdf_01000000__01001009___abd1be1808,硃砂痣,pdf_01000000__01001009___abd1be1808__line__000165,pdf_01000000__01001009___abd1be1808__scene__004,01001009_硃砂痣.pdf,D:\University_studies\Junior\data_visualization\experiment\final_self\opera_dataset\01000000\01001009_硃砂痣.pdf,01000000/01001009_硃砂痣.pdf,62507f36-aa22-4065-bb0f-f7de69f87e7c,4,【第四场】,165,dialogue,dialogue,金氏,pdf_01000000__01001009___abd1be1808__char__73bf017916,二黄原板,唱,二黄原板,来；看,金氏,"说什么羽毛干鹏程万里,看将来只怕是牛马不及。就是我亲生子也难养你,到今朝母子们一样分离。天赐儿随定娘将门紧闭,霎时间母子们各奔东西。","金氏（二黄原板）说什么羽毛干鹏程万里,看将来只怕是牛马不及。就是我亲生子也难养你,到今朝母子们一样分离。天赐儿随定娘将门紧闭,霎时间母子们各奔东西。"
pdf_01000000__01001009___abd1be1808,硃砂痣,pdf_01000000__01001009___abd1be1808__line__000169,pdf_01000000__01001009___abd1be1808__scene__005,01001009_硃砂痣.pdf,D:\University_studies\Junior\data_visualization\experiment\final_self\opera_dataset\01000000\01001009_硃砂痣.pdf,01000000/01001009_硃砂痣.pdf,62507f36-aa22-4065-bb0f-f7de69f87e7c,5,【第五场】,169,stage_direction,stage_direction,,,吴惠泉上。,做,吴惠泉上。,上,吴惠泉,,（吴惠泉上。）
pdf_01000000__01001009___abd1be1808,硃砂痣,pdf_01000000__01001009___abd1be1808__line__000171,pdf_01000000__01001009___abd1be1808__scene__005,01001009_硃砂痣.pdf,D:\University_studies\Junior\data_visualization\experiment\final_self\opera_dataset\01000000\01001009_硃砂痣.pdf,01000000/01001009_硃砂痣.pdf,62507f36-aa22-4065-bb0f-f7de69f87e7c,5,【第五场】,171,dialogue,dialogue,吴惠泉,pdf_01000000__01001009___abd1be1808__char__b4e53a2881,二黄摇板,唱,二黄摇板,,吴惠泉,"行一程又一程往回家奔,买一些送恩人方称我心。","吴惠泉（二黄摇板）行一程又一程往回家奔,买一些送恩人方称我心。"
pdf_01000000__01001009___abd1be1808,硃砂痣,pdf_01000000__01001009___abd1be1808__line__000171,pdf_01000000__01001009___abd1be1808__scene__005,01001009_硃砂痣.pdf,D:\University_studies\Junior\data_visualization\experiment\final_self\opera_dataset\01000000\01001009_硃砂痣.pdf,01000000/01001009_硃砂痣.pdf,62507f36-aa22-4065-bb0f-f7de69f87e7c,5,【第五场】,171,dialogue,dialogue,金氏,pdf_01000000__01001009___abd1be1808__char__73bf017916,内白,白,内白,走；念白,金氏,走吓!,金氏（内白）走吓!
pdf_01000000__01001009___abd1be1808,硃砂痣,pdf_01000000__01001009___abd1be1808__line__000173,pdf_01000000__01001009___abd1be1808__scene__005,01001009_硃砂痣.pdf,D:\University_studies\Junior\data_visualization\experiment\final_self\opera_dataset\01000000\01001009_硃砂痣.pdf,01000000/01001009_硃砂痣.pdf,62507f36-aa22-4065-bb0f-f7de69f87e7c,5,【第五场】,173,stage_direction,stage_direction,,,金氏、韩遇运同上。,做,金氏、韩遇运同上。,上,韩遇运；金氏,,（金氏、韩遇运同上。）
pdf_01000000__01001009___abd1be1808,硃砂痣,pdf_01000000__01001009___abd1be1808__line__000175,pdf_01000000__01001009___abd1be1808__scene__005,01001009_硃砂痣.pdf,D:\University_studies\Junior\data_visualization\experiment\final_self\opera_dataset\01000000\01001009_硃砂痣.pdf,01000000/01001009_硃砂痣.pdf,62507f36-aa22-4065-bb0f-f7de69f87e7c,5,【第五场】,175,dialogue,dialogue,金氏,pdf_01000000__01001009___abd1be1808__char__73bf017916,二黄摇板,唱,二黄摇板,叹,金氏,"叹冤家和债主休要怄气,如今后两投奔各自分离。","金氏（二黄摇板）叹冤家和债主休要怄气,如今后两投奔各自分离。"
pdf_01000000__01001009___abd1be1808,硃砂痣,pdf_01000000__01001009___abd1be1808__line__000177,pdf_01000000__01001009___abd1be1808__scene__005,01001009_硃砂痣.pdf,D:\University_studies\Junior\data_visualization\experiment\final_self\opera_dataset\01000000\01001009_硃砂痣.pdf,01000000/01001009_硃砂痣.pdf,62507f36-aa22-4065-bb0f-f7de69f87e7c,5,【第五场】,177,dialogue,dialogue,吴惠泉,pdf_01000000__01001009___abd1be1808__char__b4e53a2881,白,白,白,拿；念白,吴惠泉,你这妈妈手拿草标，还是人卖草，还是草卖人？,吴惠泉 （白） 你这妈妈手拿草标，还是人卖草，还是草卖人？
pdf_01000000__01001009___abd1be1808,硃砂痣,pdf_01000000__01001009___abd1be1808__line__000179,pdf_01000000__01001009___abd1be1808__scene__005,01001009_硃砂痣.pdf,D:\University_studies\Junior\data_visualization\experiment\final_self\opera_dataset\01000000\01001009_硃砂痣.pdf,01000000/01001009_硃砂痣.pdf,62507f36-aa22-4065-bb0f-f7de69f87e7c,5,【第五场】,179,dialogue,dialogue,金氏,pdf_01000000__01001009___abd1be1808__char__73bf017916,白,白,白,念白,金氏,人卖草能值几何?自然是草卖人。,金氏（白）人卖草能值几何?自然是草卖人。
pdf_01000000__01001009___abd1be1808,硃砂痣,pdf_01000000__01001009___abd1be1808__line__000179,pdf_01000000__01001009___abd1be1808__scene__005,01001009_硃砂痣.pdf,D:\University_studies\Junior\data_visualization\experiment\final_self\opera_dataset\01000000\01001009_硃砂痣.pdf,01000000/01001009_硃砂痣.pdf,62507f36-aa22-4065-bb0f-f7de69f87e7c,5,【第五场】,179,dialogue,dialogue,吴惠泉,pdf_01000000__01001009___abd1be1808__char__b4e53a2881,白,白,白,念白,吴惠泉,卖的哪一个?,吴惠泉（白）卖的哪一个?
pdf_01000000__01001009___abd1be1808,硃砂痣,pdf_01000000__01001009___abd1be1808__line__000181,pdf_01000000__01001009___abd1be1808__scene__005,01001009_硃砂痣.pdf,D:\University_studies\Junior\data_visualization\experiment\final_self\opera_dataset\01000000\01001009_硃砂痣.pdf,01000000/01001009_硃砂痣.pdf,62507f36-aa22-4065-bb0f-f7de69f87e7c,5,【第五场】,181,dialogue,dialogue,金氏,pdf_01000000__01001009___abd1be1808__char__73bf017916,白,白,白,念白,金氏,卖的就是这个孩童。,金氏 （白） 卖的就是这个孩童。
pdf_01000000__01001009___abd1be1808,硃砂痣,pdf_01000000__01001009___abd1be1808__line__000183,pdf_01000000__01001009___abd1be1808__scene__005,01001009_硃砂痣.pdf,D:\University_studies\Junior\data_visualization\experiment\final_self\opera_dataset\01000000\01001009_硃砂痣.pdf,01000000/01001009_硃砂痣.pdf,62507f36-aa22-4065-bb0f-f7de69f87e7c,5,【第五场】,183,dialogue,dialogue,吴惠泉,pdf_01000000__01001009___abd1be1808__char__b4e53a2881,白,白,白,念白,吴惠泉,这孩童是老妈妈什么人？,吴惠泉 （白） 这孩童是老妈妈什么人？
pdf_01000000__01001009___abd1be1808,硃砂痣,pdf_01000000__01001009___abd1be1808__line__000185,pdf_01000000__01001009___abd1be1808__scene__005,01001009_硃砂痣.pdf,D:\University_studies\Junior\data_visualization\experiment\final_self\opera_dataset\01000000\01001009_硃砂痣.pdf,01000000/01001009_硃砂痣.pdf,62507f36-aa22-4065-bb0f-f7de69f87e7c,5,【第五场】,185,dialogue,dialogue,金氏,pdf_01000000__01001009___abd1be1808__char__73bf017916,白,白,白,念白,金氏,乃是我的儿子。,金氏 （白） 乃是我的儿子。
pdf_01000000__01001009___abd1be1808,硃砂痣,pdf_01000000__01001009___abd1be1808__line__000187,pdf_01000000__01001009___abd1be1808__scene__005,01001009_硃砂痣.pdf,D:\University_studies\Junior\data_visualization\experiment\final_self\opera_dataset\01000000\01001009_硃砂痣.pdf,01000000/01001009_硃砂痣.pdf,62507f36-aa22-4065-bb0f-f7de69f87e7c,5,【第五场】,187,dialogue,dialogue,吴惠泉,pdf_01000000__01001009___abd1be1808__char__b4e53a2881,白,白,白,念白,吴惠泉,多大年纪？,吴惠泉 （白） 多大年纪？
pdf_01000000__01001009___abd1be1808,硃砂痣,pdf_01000000__01001009___abd1be1808__line__000189,pdf_01000000__01001009___abd1be1808__scene__005,01001009_硃砂痣.pdf,D:\University_studies\Junior\data_visualization\experiment\final_self\opera_dataset\01000000\01001009_硃砂痣.pdf,01000000/01001009_硃砂痣.pdf,62507f36-aa22-4065-bb0f-f7de69f87e7c,5,【第五场】,189,dialogue,dialogue,金氏,pdf_01000000__01001009___abd1be1808__char__73bf017916,白,白,白,念白,金氏,一十三岁。,金氏 （白） 一十三岁。
pdf_01000000__01001009___abd1be1808,硃砂痣,pdf_01000000__01001009___abd1be1808__line__000191,pdf_01000000__01001009___abd1be1808__scene__005,01001009_硃砂痣.pdf,D:\University_studies\Junior\data_visualization\experiment\final_self\opera_dataset\01000000\01001009_硃砂痣.pdf,01000000/01001009_硃砂痣.pdf,62507f36-aa22-4065-bb0f-f7de69f87e7c,5,【第五场】,191,dialogue,dialogue,吴惠泉,pdf_01000000__01001009___abd1be1808__char__b4e53a2881,白,白,白,念白,吴惠泉,老妈妈偌大年纪，哪有一十三岁的孩童？,吴惠泉 （白） 老妈妈偌大年纪，哪有一十三岁的孩童？
pdf_01000000__01001009___abd1be1808,硃砂痣,pdf_01000000__01001009___abd1be1808__line__000193,pdf_01000000__01001009___abd1be1808__scene__005,01001009_硃砂痣.pdf,D:\University_studies\Junior\data_visualization\experiment\final_self\opera_dataset\01000000\01001009_硃砂痣.pdf,01000000/01001009_硃砂痣.pdf,62507f36-aa22-4065-bb0f-f7de69f87e7c,5,【第五场】,193,dialogue,dialogue,金氏,pdf_01000000__01001009___abd1be1808__char__73bf017916,白,白,白,念白,金氏,他不是我的亲生儿子。,金氏 （白） 他不是我的亲生儿子。
pdf_01000000__01001009___abd1be1808,硃砂痣,pdf_01000000__01001009___abd1be1808__line__000195,pdf_01000000__01001009___abd1be1808__scene__005,01001009_硃砂痣.pdf,D:\University_studies\Junior\data_visualization\experiment\final_self\opera_dataset\01000000\01001009_硃砂痣.pdf,01000000/01001009_硃砂痣.pdf,62507f36-aa22-4065-bb0f-f7de69f87e7c,5,【第五场】,195,dialogue,dialogue,吴惠泉,pdf_01000000__01001009___abd1be1808__char__b4e53a2881,白,白,白,念白,吴惠泉,哦，如此要卖多少银子？,吴惠泉 （白） 哦，如此要卖多少银子？
pdf_01000000__01001009___abd1be1808,硃砂痣,pdf_01000000__01001009___abd1be1808__line__000197,pdf_01000000__01001009___abd1be1808__scene__005,01001009_硃砂痣.pdf,D:\University_studies\Junior\data_visualization\experiment\final_self\opera_dataset\01000000\01001009_硃砂痣.pdf,01000000/01001009_硃砂痣.pdf,62507f36-aa22-4065-bb0f-f7de69f87e7c,5,【第五场】,197,dialogue,dialogue,金氏,pdf_01000000__01001009___abd1be1808__char__73bf017916,白,白,白,问；请；念白,金氏,请问客官，还是为子，还是为仆？,金氏 （白） 请问客官，还是为子，还是为仆？
pdf_01000000__01001009___abd1be1808,硃砂痣,pdf_01000000__01001009___abd1be1808__line__000199,pdf_01000000__01001009___abd1be1808__scene__005,01001009_硃砂痣.pdf,D:\University_studies\Junior\data_visualization\experiment\final_self\opera_dataset\01000000\01001009_硃砂痣.pdf,01000000/01001009_硃砂痣.pdf,62507f36-aa22-4065-bb0f-f7de69f87e7c,5,【第五场】,199,dialogue,dialogue,吴惠泉,pdf_01000000__01001009___abd1be1808__char__b4e53a2881,白,白,白,念白,吴惠泉,自然是为子。,吴惠泉 （白） 自然是为子。
pdf_01000000__01001009___abd1be1808,硃砂痣,pdf_01000000__01001009___abd1be1808__line__000201,pdf_01000000__01001009___abd1be1808__scene__005,01001009_硃砂痣.pdf,D:\University_studies\Junior\data_visualization\experiment\final_self\opera_dataset\01000000\01001009_硃砂痣.pdf,01000000/01001009_硃砂痣.pdf,62507f36-aa22-4065-bb0f-f7de69f87e7c,5,【第五场】,201,dialogue,dialogue,金氏,pdf_01000000__01001009___abd1be1808__char__73bf017916,白,白,白,念白,金氏,既然是为子，我是要五十两银子。,金氏 （白） 既然是为子，我是要五十两银子。
pdf_01000000__01001009___abd1be1808,硃砂痣,pdf_01000000__01001009___abd1be1808__line__000203,pdf_01000000__01001009___abd1be1808__scene__005,01001009_硃砂痣.pdf,D:\University_studies\Junior\data_visualization\experiment\final_self\opera_dataset\01000000\01001009_硃砂痣.pdf,01000000/01001009_硃砂痣.pdf,62507f36-aa22-4065-bb0f-f7de69f87e7c,5,【第五场】,203,dialogue,dialogue,吴惠泉,pdf_01000000__01001009___abd1be1808__char__b4e53a2881,白,白,白,念白,吴惠泉,如数付给。,吴惠泉 （白） 如数付给。
pdf_01000000__01001009___abd1be1808,硃砂痣,pdf_01000000__01001009___abd1be1808__line__000205,pdf_01000000__01001009___abd1be1808__scene__005,01001009_硃砂痣.pdf,D:\University_studies\Junior\data_visualization\experiment\final_self\opera_dataset\01000000\01001009_硃砂痣.pdf,01000000/01001009_硃砂痣.pdf,62507f36-aa22-4065-bb0f-f7de69f87e7c,5,【第五场】,205,stage_direction,stage_direction,,,吴惠泉交银。,做,吴惠泉交银。,,吴惠泉,,（吴惠泉交银。）
pdf_01000000__01001009___abd1be1808,硃砂痣,pdf_01000000__01001009___abd1be1808__line__000207,pdf_01000000__01001009___abd1be1808__scene__005,01001009_硃砂痣.pdf,D:\University_studies\Junior\data_visualization\experiment\final_self\opera_dataset\01000000\01001009_硃砂痣.pdf,01000000/01001009_硃砂痣.pdf,62507f36-aa22-4065-bb0f-f7de69f87e7c,5,【第五场】,207,dialogue,dialogue,吴惠泉,pdf_01000000__01001009___abd1be1808__char__b4e53a2881,白,白,白,念白,吴惠泉,妈妈，这是五十两银子，你母子分别分别，我们要赶路了。,吴惠泉 （白） 妈妈，这是五十两银子，你母子分别分别，我们要赶路了。
pdf_01000000__01001009___abd1be1808,硃砂痣,pdf_01000000__01001009___abd1be1808__line__000209,pdf_01000000__01001009___abd1be1808__scene__005,01001009_硃砂痣.pdf,D:\University_studies\Junior\data_visualization\experiment\final_self\opera_dataset\01000000\01001009_硃砂痣.pdf,01000000/01001009_硃砂痣.pdf,62507f36-aa22-4065-bb0f-f7de69f87e7c,5,【第五场】,209,dialogue,dialogue,金氏,pdf_01000000__01001009___abd1be1808__char__73bf017916,白,白,白,问；请；念白,金氏,是是是。请问客官家中，可有大娘？,金氏 （白） 是是是。请问客官家中，可有大娘？
pdf_01000000__01001009___abd1be1808,硃砂痣,pdf_01000000__01001009___abd1be1808__line__000211,pdf_01000000__01001009___abd1be1808__scene__005,01001009_硃砂痣.pdf,D:\University_studies\Junior\data_visualization\experiment\final_self\opera_dataset\01000000\01001009_硃砂痣.pdf,01000000/01001009_硃砂痣.pdf,62507f36-aa22-4065-bb0f-f7de69f87e7c,5,【第五场】,211,dialogue,dialogue,吴惠泉,pdf_01000000__01001009___abd1be1808__char__b4e53a2881,白,白,白,念白,吴惠泉,有大娘。,吴惠泉 （白） 有大娘。
pdf_01000000__01001009___abd1be1808,硃砂痣,pdf_01000000__01001009___abd1be1808__line__000213,pdf_01000000__01001009___abd1be1808__scene__005,01001009_硃砂痣.pdf,D:\University_studies\Junior\data_visualization\experiment\final_self\opera_dataset\01000000\01001009_硃砂痣.pdf,01000000/01001009_硃砂痣.pdf,62507f36-aa22-4065-bb0f-f7de69f87e7c,5,【第五场】,213,dialogue,dialogue,金氏,pdf_01000000__01001009___abd1be1808__char__73bf017916,白,白,白,上；去；打；拜；念白,金氏,"回去拜上大娘,就说这个孩童,不是我所生,就是我抚养,当打者骂他几句,当骂者说他几句。","金氏（白）回去拜上大娘,就说这个孩童,不是我所生,就是我抚养,当打者骂他几句,当骂者说他几句。"
pdf_01000000__01001009___abd1be1808,硃砂痣,pdf_01000000__01001009___abd1be1808__line__000213,pdf_01000000__01001009___abd1be1808__scene__005,01001009_硃砂痣.pdf,D:\University_studies\Junior\data_visualization\experiment\final_self\opera_dataset\01000000\01001009_硃砂痣.pdf,01000000/01001009_硃砂痣.pdf,62507f36-aa22-4065-bb0f-f7de69f87e7c,5,【第五场】,213,dialogue,dialogue,吴惠泉,pdf_01000000__01001009___abd1be1808__char__b4e53a2881,白,白,白,念白,吴惠泉,是是。,吴惠泉（白）是是。
pdf_01000000__01001009___abd1be1808,硃砂痣,pdf_01000000__01001009___abd1be1808__line__000213,pdf_01000000__01001009___abd1be1808__scene__005,01001009_硃砂痣.pdf,D:\University_studies\Junior\data_visualization\experiment\final_self\opera_dataset\01000000\01001009_硃砂痣.pdf,01000000/01001009_硃砂痣.pdf,62507f36-aa22-4065-bb0f-f7de69f87e7c,5,【第五场】,213,dialogue,dialogue,金氏,pdf_01000000__01001009___abd1be1808__char__73bf017916,白,白,白,上；下；进；去；道；打；念白,金氏,"天赐我儿,你去到那里,不同在为娘膝下。他那里打你,也要受了;他那里骂你,也要受了。为娘一言,你且听道:每日里必须要迟眠早起,切莫要贪玩耍孝顺父母。勤学业图上进休与人戏,莫要学在我处姣性顽皮。","金氏（白）天赐我儿,你去到那里,不同在为娘膝下。他那里打你,也要受了;他那里骂你,也要受了。为娘一言,你且听道:每日里必须要迟眠早起,切莫要贪玩耍孝顺父母。勤学业图上进休与人戏,莫要学在我处姣性顽皮。"
pdf_01000000__01001009___abd1be1808,硃砂痣,pdf_01000000__01001009___abd1be1808__line__000213,pdf_01000000__01001009___abd1be1808__scene__005,01001009_硃砂痣.pdf,D:\University_studies\Junior\data_visualization\experiment\final_self\opera_dataset\01000000\01001009_硃砂痣.pdf,01000000/01001009_硃砂痣.pdf,62507f36-aa22-4065-bb0f-f7de69f87e7c,5,【第五场】,213,dialogue,dialogue,吴惠泉,pdf_01000000__01001009___abd1be1808__char__b4e53a2881,白,白,白,走；念白,吴惠泉,走了走了。,吴惠泉（白）走了走了。
pdf_01000000__01001009___abd1be1808,硃砂痣,pdf_01000000__01001009___abd1be1808__line__000213,pdf_01000000__01001009___abd1be1808__scene__005,01001009_硃砂痣.pdf,D:\University_studies\Junior\data_visualization\experiment\final_self\opera_dataset\01000000\01001009_硃砂痣.pdf,01000000/01001009_硃砂痣.pdf,62507f36-aa22-4065-bb0f-f7de69f87e7c,5,【第五场】,213,dialogue,dialogue,金氏,pdf_01000000__01001009___abd1be1808__char__73bf017916,哭板,对白,哭板,哭,金氏,"天赐,我儿,我的儿吓!","金氏（哭板）天赐,我儿,我的儿吓!"
pdf_01000000__01001009___abd1be1808,硃砂痣,pdf_01000000__01001009___abd1be1808__line__000217,pdf_01000000__01001009___abd1be1808__scene__006,01001009_硃砂痣.pdf,D:\University_studies\Junior\data_visualization\experiment\final_self\opera_dataset\01000000\01001009_硃砂痣.pdf,01000000/01001009_硃砂痣.pdf,62507f36-aa22-4065-bb0f-f7de69f87e7c,6,【第六场】,217,stage_direction,stage_direction,,,韩廷凤上。,做,韩廷凤上。,上,韩廷凤,,（韩廷凤上。）
pdf_01000000__01001009___abd1be1808,硃砂痣,pdf_01000000__01001009___abd1be1808__line__000219,pdf_01000000__01001009___abd1be1808__scene__006,01001009_硃砂痣.pdf,D:\University_studies\Junior\data_visualization\experiment\final_self\opera_dataset\01000000\01001009_硃砂痣.pdf,01000000/01001009_硃砂痣.pdf,62507f36-aa22-4065-bb0f-f7de69f87e7c,6,【第六场】,219,dialogue,dialogue,韩廷凤,pdf_01000000__01001009___abd1be1808__char__b93c80f8b9,二黄摇板,唱,二黄摇板,去；叹,韩廷凤,叹光阴去不归无限烦闷，,韩廷凤 （二黄摇板） 叹光阴去不归无限烦闷，
pdf_01000000__01001009___abd1be1808,硃砂痣,pdf_01000000__01001009___abd1be1808__line__000221,pdf_01000000__01001009___abd1be1808__scene__006,01001009_硃砂痣.pdf,D:\University_studies\Junior\data_visualization\experiment\final_self\opera_dataset\01000000\01001009_硃砂痣.pdf,01000000/01001009_硃砂痣.pdf,62507f36-aa22-4065-bb0f-f7de69f87e7c,6,【第六场】,221,narration,narration,,,,说明,,,似觉得人已老两鬓如银,似觉得人已老两鬓如银。,似觉得人已老两鬓如银。
pdf_01000000__01001009___abd1be1808,硃砂痣,pdf_01000000__01001009___abd1be1808__line__000223,pdf_01000000__01001009___abd1be1808__scene__006,01001009_硃砂痣.pdf,D:\University_studies\Junior\data_visualization\experiment\final_self\opera_dataset\01000000\01001009_硃砂痣.pdf,01000000/01001009_硃砂痣.pdf,62507f36-aa22-4065-bb0f-f7de69f87e7c,6,【第六场】,223,narration,narration,,,,说明,,看,清闲时看古书身体发困,清闲时看古书身体发困，,清闲时看古书身体发困，
pdf_01000000__01001009___abd1be1808,硃砂痣,pdf_01000000__01001009___abd1be1808__line__000225,pdf_01000000__01001009___abd1be1808__scene__006,01001009_硃砂痣.pdf,D:\University_studies\Junior\data_visualization\experiment\final_self\opera_dataset\01000000\01001009_硃砂痣.pdf,01000000/01001009_硃砂痣.pdf,62507f36-aa22-4065-bb0f-f7de69f87e7c,6,【第六场】,225,narration,narration,,,,说明,,,哎,哎！,哎！
pdf_01000000__01001009___abd1be1808,硃砂痣,pdf_01000000__01001009___abd1be1808__line__000227,pdf_01000000__01001009___abd1be1808__scene__006,01001009_硃砂痣.pdf,D:\University_studies\Junior\data_visualization\experiment\final_self\opera_dataset\01000000\01001009_硃砂痣.pdf,01000000/01001009_硃砂痣.pdf,62507f36-aa22-4065-bb0f-f7de69f87e7c,6,【第六场】,227,stage_direction,stage_direction,,,二黄摇板,做,二黄摇板,,二黄,,（二黄摇板）
pdf_01000000__01001009___abd1be1808,硃砂痣,pdf_01000000__01001009___abd1be1808__line__000229,pdf_01000000__01001009___abd1be1808__scene__006,01001009_硃砂痣.pdf,D:\University_studies\Junior\data_visualization\experiment\final_self\opera_dataset\01000000\01001009_硃砂痣.pdf,01000000/01001009_硃砂痣.pdf,62507f36-aa22-4065-bb0f-f7de69f87e7c,6,【第六场】,229,stage_direction,stage_direction,,,吴惠泉、韩遇运同上。,做,吴惠泉、韩遇运同上。,上,吴惠泉；韩遇运,,（吴惠泉、韩遇运同上。）
pdf_01000000__01001009___abd1be1808,硃砂痣,pdf_01000000__01001009___abd1be1808__line__000231,pdf_01000000__01001009___abd1be1808__scene__006,01001009_硃砂痣.pdf,D:\University_studies\Junior\data_visualization\experiment\final_self\opera_dataset\01000000\01001009_硃砂痣.pdf,01000000/01001009_硃砂痣.pdf,62507f36-aa22-4065-bb0f-f7de69f87e7c,6,【第六场】,231,dialogue,dialogue,吴惠泉,pdf_01000000__01001009___abd1be1808__char__b4e53a2881,二黄摇板,唱,二黄摇板,上；看,吴惠泉,一路上看青山绿水长流，,吴惠泉 （二黄摇板） 一路上看青山绿水长流，
pdf_01000000__01001009___abd1be1808,硃砂痣,pdf_01000000__01001009___abd1be1808__line__000233,pdf_01000000__01001009___abd1be1808__scene__006,01001009_硃砂痣.pdf,D:\University_studies\Junior\data_visualization\experiment\final_self\opera_dataset\01000000\01001009_硃砂痣.pdf,01000000/01001009_硃砂痣.pdf,62507f36-aa22-4065-bb0f-f7de69f87e7c,6,【第六场】,233,narration,narration,,,,说明,,,将此子献与他方遂心头,将此子献与他方遂心头。,将此子献与他方遂心头。
pdf_01000000__01001009___abd1be1808,硃砂痣,pdf_01000000__01001009___abd1be1808__line__000235,pdf_01000000__01001009___abd1be1808__scene__006,01001009_硃砂痣.pdf,D:\University_studies\Junior\data_visualization\experiment\final_self\opera_dataset\01000000\01001009_硃砂痣.pdf,01000000/01001009_硃砂痣.pdf,62507f36-aa22-4065-bb0f-f7de69f87e7c,6,【第六场】,235,narration,narration,,,,说明,,来,小相公；来此以是；少站片时,小相公，来此以是，少站片时。,小相公，来此以是，少站片时。
pdf_01000000__01001009___abd1be1808,硃砂痣,pdf_01000000__01001009___abd1be1808__line__000237,pdf_01000000__01001009___abd1be1808__scene__006,01001009_硃砂痣.pdf,D:\University_studies\Junior\data_visualization\experiment\final_self\opera_dataset\01000000\01001009_硃砂痣.pdf,01000000/01001009_硃砂痣.pdf,62507f36-aa22-4065-bb0f-f7de69f87e7c,6,【第六场】,237,dialogue,dialogue,韩遇运,pdf_01000000__01001009___abd1be1808__char__c1f921796e,白,白,白,念白,韩遇运,是。,韩遇运 （白） 是。
pdf_01000000__01001009___abd1be1808,硃砂痣,pdf_01000000__01001009___abd1be1808__line__000239,pdf_01000000__01001009___abd1be1808__scene__006,01001009_硃砂痣.pdf,D:\University_studies\Junior\data_visualization\experiment\final_self\opera_dataset\01000000\01001009_硃砂痣.pdf,01000000/01001009_硃砂痣.pdf,62507f36-aa22-4065-bb0f-f7de69f87e7c,6,【第六场】,239,dialogue,dialogue,吴惠泉,pdf_01000000__01001009___abd1be1808__char__b4e53a2881,白,白,白,念白,吴惠泉,参见大老爷。,吴惠泉 （白） 参见大老爷。
pdf_01000000__01001009___abd1be1808,硃砂痣,pdf_01000000__01001009___abd1be1808__line__000241,pdf_01000000__01001009___abd1be1808__scene__006,01001009_硃砂痣.pdf,D:\University_studies\Junior\data_visualization\experiment\final_self\opera_dataset\01000000\01001009_硃砂痣.pdf,01000000/01001009_硃砂痣.pdf,62507f36-aa22-4065-bb0f-f7de69f87e7c,6,【第六场】,241,dialogue,dialogue,韩廷凤,pdf_01000000__01001009___abd1be1808__char__b93c80f8b9,白,白,白,来；请；坐；念白,韩廷凤,吴相公回来了，请坐请坐。,韩廷凤 （白） 吴相公回来了，请坐请坐。
pdf_01000000__01001009___abd1be1808,硃砂痣,pdf_01000000__01001009___abd1be1808__line__000243,pdf_01000000__01001009___abd1be1808__scene__006,01001009_硃砂痣.pdf,D:\University_studies\Junior\data_visualization\experiment\final_self\opera_dataset\01000000\01001009_硃砂痣.pdf,01000000/01001009_硃砂痣.pdf,62507f36-aa22-4065-bb0f-f7de69f87e7c,6,【第六场】,243,dialogue,dialogue,吴惠泉,pdf_01000000__01001009___abd1be1808__char__b4e53a2881,白,白,白,坐；念白,吴惠泉,谢坐。,吴惠泉 （白） 谢坐。
pdf_01000000__01001009___abd1be1808,硃砂痣,pdf_01000000__01001009___abd1be1808__line__000245,pdf_01000000__01001009___abd1be1808__scene__006,01001009_硃砂痣.pdf,D:\University_studies\Junior\data_visualization\experiment\final_self\opera_dataset\01000000\01001009_硃砂痣.pdf,01000000/01001009_硃砂痣.pdf,62507f36-aa22-4065-bb0f-f7de69f87e7c,6,【第六场】,245,dialogue,dialogue,韩廷凤,pdf_01000000__01001009___abd1be1808__char__b93c80f8b9,白,白,白,收；念白,韩廷凤,闻你成都收账，可曾收齐？,韩廷凤 （白） 闻你成都收账，可曾收齐？
pdf_01000000__01001009___abd1be1808,硃砂痣,pdf_01000000__01001009___abd1be1808__line__000247,pdf_01000000__01001009___abd1be1808__scene__006,01001009_硃砂痣.pdf,D:\University_studies\Junior\data_visualization\experiment\final_self\opera_dataset\01000000\01001009_硃砂痣.pdf,01000000/01001009_硃砂痣.pdf,62507f36-aa22-4065-bb0f-f7de69f87e7c,6,【第六场】,247,dialogue,dialogue,吴惠泉,pdf_01000000__01001009___abd1be1808__char__b4e53a2881,白,白,白,念白,吴惠泉,大账已完，小账所欠些微。,吴惠泉 （白） 大账已完，小账所欠些微。
pdf_01000000__01001009___abd1be1808,硃砂痣,pdf_01000000__01001009___abd1be1808__line__000249,pdf_01000000__01001009___abd1be1808__scene__006,01001009_硃砂痣.pdf,D:\University_studies\Junior\data_visualization\experiment\final_self\opera_dataset\01000000\01001009_硃砂痣.pdf,01000000/01001009_硃砂痣.pdf,62507f36-aa22-4065-bb0f-f7de69f87e7c,6,【第六场】,249,dialogue,dialogue,韩廷凤,pdf_01000000__01001009___abd1be1808__char__b93c80f8b9,白,白,白,念白,韩廷凤,发财了！,韩廷凤 （白） 发财了！
pdf_01000000__01001009___abd1be1808,硃砂痣,pdf_01000000__01001009___abd1be1808__line__000251,pdf_01000000__01001009___abd1be1808__scene__006,01001009_硃砂痣.pdf,D:\University_studies\Junior\data_visualization\experiment\final_self\opera_dataset\01000000\01001009_硃砂痣.pdf,01000000/01001009_硃砂痣.pdf,62507f36-aa22-4065-bb0f-f7de69f87e7c,6,【第六场】,251,dialogue,dialogue,吴惠泉,pdf_01000000__01001009___abd1be1808__char__b4e53a2881,白,白,白,念白,吴惠泉,托老爷的洪福。告便。,吴惠泉 （白） 托老爷的洪福。告便。
pdf_01000000__01001009___abd1be1808,硃砂痣,pdf_01000000__01001009___abd1be1808__line__000253,pdf_01000000__01001009___abd1be1808__scene__006,01001009_硃砂痣.pdf,D:\University_studies\Junior\data_visualization\experiment\final_self\opera_dataset\01000000\01001009_硃砂痣.pdf,01000000/01001009_硃砂痣.pdf,62507f36-aa22-4065-bb0f-f7de69f87e7c,6,【第六场】,253,dialogue,dialogue,韩廷凤,pdf_01000000__01001009___abd1be1808__char__b93c80f8b9,白,白,白,请；念白,韩廷凤,请。,韩廷凤 （白） 请。
pdf_01000000__01001009___abd1be1808,硃砂痣,pdf_01000000__01001009___abd1be1808__line__000255,pdf_01000000__01001009___abd1be1808__scene__006,01001009_硃砂痣.pdf,D:\University_studies\Junior\data_visualization\experiment\final_self\opera_dataset\01000000\01001009_硃砂痣.pdf,01000000/01001009_硃砂痣.pdf,62507f36-aa22-4065-bb0f-f7de69f87e7c,6,【第六场】,255,dialogue,dialogue,吴惠泉,pdf_01000000__01001009___abd1be1808__char__b4e53a2881,白,白,白,来；念白,吴惠泉,小相公随我来。,吴惠泉 （白） 小相公随我来。
pdf_01000000__01001009___abd1be1808,硃砂痣,pdf_01000000__01001009___abd1be1808__line__000257,pdf_01000000__01001009___abd1be1808__scene__006,01001009_硃砂痣.pdf,D:\University_studies\Junior\data_visualization\experiment\final_self\opera_dataset\01000000\01001009_硃砂痣.pdf,01000000/01001009_硃砂痣.pdf,62507f36-aa22-4065-bb0f-f7de69f87e7c,6,【第六场】,257,dialogue,dialogue,韩遇运,pdf_01000000__01001009___abd1be1808__char__c1f921796e,白,白,白,念白,韩遇运,是。,韩遇运 （白） 是。
pdf_01000000__01001009___abd1be1808,硃砂痣,pdf_01000000__01001009___abd1be1808__line__000259,pdf_01000000__01001009___abd1be1808__scene__006,01001009_硃砂痣.pdf,D:\University_studies\Junior\data_visualization\experiment\final_self\opera_dataset\01000000\01001009_硃砂痣.pdf,01000000/01001009_硃砂痣.pdf,62507f36-aa22-4065-bb0f-f7de69f87e7c,6,【第六场】,259,dialogue,dialogue,吴惠泉,pdf_01000000__01001009___abd1be1808__char__b4e53a2881,白,白,白,来；念白,吴惠泉,过来见过大老爷。,吴惠泉 （白） 过来见过大老爷。
pdf_01000000__01001009___abd1be1808,硃砂痣,pdf_01000000__01001009___abd1be1808__line__000261,pdf_01000000__01001009___abd1be1808__scene__006,01001009_硃砂痣.pdf,D:\University_studies\Junior\data_visualization\experiment\final_self\opera_dataset\01000000\01001009_硃砂痣.pdf,01000000/01001009_硃砂痣.pdf,62507f36-aa22-4065-bb0f-f7de69f87e7c,6,【第六场】,261,dialogue,dialogue,韩遇运,pdf_01000000__01001009___abd1be1808__char__c1f921796e,白,白,白,念白,韩遇运,参见大老爷。,韩遇运 （白） 参见大老爷。
pdf_01000000__01001009___abd1be1808,硃砂痣,pdf_01000000__01001009___abd1be1808__line__000263,pdf_01000000__01001009___abd1be1808__scene__006,01001009_硃砂痣.pdf,D:\University_studies\Junior\data_visualization\experiment\final_self\opera_dataset\01000000\01001009_硃砂痣.pdf,01000000/01001009_硃砂痣.pdf,62507f36-aa22-4065-bb0f-f7de69f87e7c,6,【第六场】,263,dialogue,dialogue,韩廷凤,pdf_01000000__01001009___abd1be1808__char__b93c80f8b9,白,白,白,下；坐；念白,韩廷凤,罢了，罢了。一旁坐下。,韩廷凤 （白） 罢了，罢了。一旁坐下。
pdf_01000000__01001009___abd1be1808,硃砂痣,pdf_01000000__01001009___abd1be1808__line__000265,pdf_01000000__01001009___abd1be1808__scene__006,01001009_硃砂痣.pdf,D:\University_studies\Junior\data_visualization\experiment\final_self\opera_dataset\01000000\01001009_硃砂痣.pdf,01000000/01001009_硃砂痣.pdf,62507f36-aa22-4065-bb0f-f7de69f87e7c,6,【第六场】,265,dialogue,dialogue,韩遇运,pdf_01000000__01001009___abd1be1808__char__c1f921796e,白,白,白,坐；念白,韩遇运,大老爷在此，哪有晚生坐位？,韩遇运 （白） 大老爷在此，哪有晚生坐位？
pdf_01000000__01001009___abd1be1808,硃砂痣,pdf_01000000__01001009___abd1be1808__line__000267,pdf_01000000__01001009___abd1be1808__scene__006,01001009_硃砂痣.pdf,D:\University_studies\Junior\data_visualization\experiment\final_self\opera_dataset\01000000\01001009_硃砂痣.pdf,01000000/01001009_硃砂痣.pdf,62507f36-aa22-4065-bb0f-f7de69f87e7c,6,【第六场】,267,dialogue,dialogue,韩廷凤,pdf_01000000__01001009___abd1be1808__char__b93c80f8b9,白,白,白,下；叫；坐；念白,韩廷凤,叫你坐，只管坐下。,韩廷凤 （白） 叫你坐，只管坐下。
pdf_01000000__01001009___abd1be1808,硃砂痣,pdf_01000000__01001009___abd1be1808__line__000269,pdf_01000000__01001009___abd1be1808__scene__006,01001009_硃砂痣.pdf,D:\University_studies\Junior\data_visualization\experiment\final_self\opera_dataset\01000000\01001009_硃砂痣.pdf,01000000/01001009_硃砂痣.pdf,62507f36-aa22-4065-bb0f-f7de69f87e7c,6,【第六场】,269,dialogue,dialogue,吴惠泉,pdf_01000000__01001009___abd1be1808__char__b4e53a2881,白,白,白,下；叫；坐；念白,吴惠泉,"是吓,大老爷叫你坐,你只管坐下。","吴惠泉（白）是吓,大老爷叫你坐,你只管坐下。"
pdf_01000000__01001009___abd1be1808,硃砂痣,pdf_01000000__01001009___abd1be1808__line__000269,pdf_01000000__01001009___abd1be1808__scene__006,01001009_硃砂痣.pdf,D:\University_studies\Junior\data_visualization\experiment\final_self\opera_dataset\01000000\01001009_硃砂痣.pdf,01000000/01001009_硃砂痣.pdf,62507f36-aa22-4065-bb0f-f7de69f87e7c,6,【第六场】,269,dialogue,dialogue,韩遇运,pdf_01000000__01001009___abd1be1808__char__c1f921796e,白,白,白,坐；念白,韩遇运,谢坐。,韩遇运（白）谢坐。
pdf_01000000__01001009___abd1be1808,硃砂痣,pdf_01000000__01001009___abd1be1808__line__000269,pdf_01000000__01001009___abd1be1808__scene__006,01001009_硃砂痣.pdf,D:\University_studies\Junior\data_visualization\experiment\final_self\opera_dataset\01000000\01001009_硃砂痣.pdf,01000000/01001009_硃砂痣.pdf,62507f36-aa22-4065-bb0f-f7de69f87e7c,6,【第六场】,269,dialogue,dialogue,韩廷凤,pdf_01000000__01001009___abd1be1808__char__b93c80f8b9,笑,做,笑,笑,韩廷凤,哈哈哈......,韩廷凤（笑）哈哈哈......
pdf_01000000__01001009___abd1be1808,硃砂痣,pdf_01000000__01001009___abd1be1808__line__000269,pdf_01000000__01001009___abd1be1808__scene__006,01001009_硃砂痣.pdf,D:\University_studies\Junior\data_visualization\experiment\final_self\opera_dataset\01000000\01001009_硃砂痣.pdf,01000000/01001009_硃砂痣.pdf,62507f36-aa22-4065-bb0f-f7de69f87e7c,6,【第六场】,269,dialogue,dialogue,吴惠泉,pdf_01000000__01001009___abd1be1808__char__b4e53a2881,白,白,白,念白,吴惠泉,这是他父母教训的好。,吴惠泉（白）这是他父母教训的好。
pdf_01000000__01001009___abd1be1808,硃砂痣,pdf_01000000__01001009___abd1be1808__line__000269,pdf_01000000__01001009___abd1be1808__scene__006,01001009_硃砂痣.pdf,D:\University_studies\Junior\data_visualization\experiment\final_self\opera_dataset\01000000\01001009_硃砂痣.pdf,01000000/01001009_硃砂痣.pdf,62507f36-aa22-4065-bb0f-f7de69f87e7c,6,【第六场】,269,dialogue,dialogue,韩廷凤,pdf_01000000__01001009___abd1be1808__char__b93c80f8b9,白,白,白,来；念白,韩廷凤,"是吓,小孩童原要父母教训。这小孩童,是哪里来的?","韩廷凤（白）是吓,小孩童原要父母教训。这小孩童,是哪里来的?"
pdf_01000000__01001009___abd1be1808,硃砂痣,pdf_01000000__01001009___abd1be1808__line__000269,pdf_01000000__01001009___abd1be1808__scene__006,01001009_硃砂痣.pdf,D:\University_studies\Junior\data_visualization\experiment\final_self\opera_dataset\01000000\01001009_硃砂痣.pdf,01000000/01001009_硃砂痣.pdf,62507f36-aa22-4065-bb0f-f7de69f87e7c,6,【第六场】,269,dialogue,dialogue,吴惠泉,pdf_01000000__01001009___abd1be1808__char__b4e53a2881,白,白,白,来；念白,吴惠泉,乃是买来的。,吴惠泉（白）乃是买来的。
pdf_01000000__01001009___abd1be1808,硃砂痣,pdf_01000000__01001009___abd1be1808__line__000269,pdf_01000000__01001009___abd1be1808__scene__006,01001009_硃砂痣.pdf,D:\University_studies\Junior\data_visualization\experiment\final_self\opera_dataset\01000000\01001009_硃砂痣.pdf,01000000/01001009_硃砂痣.pdf,62507f36-aa22-4065-bb0f-f7de69f87e7c,6,【第六场】,269,dialogue,dialogue,韩廷凤,pdf_01000000__01001009___abd1be1808__char__b93c80f8b9,白,白,白,念白,韩廷凤,"还是为子,还是为仆?","韩廷凤（白）还是为子,还是为仆?"
pdf_01000000__01001009___abd1be1808,硃砂痣,pdf_01000000__01001009___abd1be1808__line__000269,pdf_01000000__01001009___abd1be1808__scene__006,01001009_硃砂痣.pdf,D:\University_studies\Junior\data_visualization\experiment\final_self\opera_dataset\01000000\01001009_硃砂痣.pdf,01000000/01001009_硃砂痣.pdf,62507f36-aa22-4065-bb0f-f7de69f87e7c,6,【第六场】,269,dialogue,dialogue,吴惠泉,pdf_01000000__01001009___abd1be1808__char__b4e53a2881,白,白,白,念白,吴惠泉,乃是送与大老爷的。,吴惠泉（白）乃是送与大老爷的。
pdf_01000000__01001009___abd1be1808,硃砂痣,pdf_01000000__01001009___abd1be1808__line__000269,pdf_01000000__01001009___abd1be1808__scene__006,01001009_硃砂痣.pdf,D:\University_studies\Junior\data_visualization\experiment\final_self\opera_dataset\01000000\01001009_硃砂痣.pdf,01000000/01001009_硃砂痣.pdf,62507f36-aa22-4065-bb0f-f7de69f87e7c,6,【第六场】,269,dialogue,dialogue,韩廷凤,pdf_01000000__01001009___abd1be1808__char__b93c80f8b9,白,白,白,念白,韩廷凤,"哦,乃是送与我的?","韩廷凤（白）哦,乃是送与我的?"
pdf_01000000__01001009___abd1be1808,硃砂痣,pdf_01000000__01001009___abd1be1808__line__000269,pdf_01000000__01001009___abd1be1808__scene__006,01001009_硃砂痣.pdf,D:\University_studies\Junior\data_visualization\experiment\final_self\opera_dataset\01000000\01001009_硃砂痣.pdf,01000000/01001009_硃砂痣.pdf,62507f36-aa22-4065-bb0f-f7de69f87e7c,6,【第六场】,269,dialogue,dialogue,吴惠泉,pdf_01000000__01001009___abd1be1808__char__b4e53a2881,白,白,白,念白,吴惠泉,正是。,吴惠泉（白）正是。
pdf_01000000__01001009___abd1be1808,硃砂痣,pdf_01000000__01001009___abd1be1808__line__000269,pdf_01000000__01001009___abd1be1808__scene__006,01001009_硃砂痣.pdf,D:\University_studies\Junior\data_visualization\experiment\final_self\opera_dataset\01000000\01001009_硃砂痣.pdf,01000000/01001009_硃砂痣.pdf,62507f36-aa22-4065-bb0f-f7de69f87e7c,6,【第六场】,269,dialogue,dialogue,韩廷凤,pdf_01000000__01001009___abd1be1808__char__b93c80f8b9,笑,做,笑,笑,韩廷凤,哈哈哈......,韩廷凤（笑）哈哈哈......
pdf_01000000__01001009___abd1be1808,硃砂痣,pdf_01000000__01001009___abd1be1808__line__000269,pdf_01000000__01001009___abd1be1808__scene__006,01001009_硃砂痣.pdf,D:\University_studies\Junior\data_visualization\experiment\final_self\opera_dataset\01000000\01001009_硃砂痣.pdf,01000000/01001009_硃砂痣.pdf,62507f36-aa22-4065-bb0f-f7de69f87e7c,6,【第六场】,269,dialogue,dialogue,吴惠泉,pdf_01000000__01001009___abd1be1808__char__b4e53a2881,白,白,白,念白,吴惠泉,"是是。有了儿子,还发什么愁?","吴惠泉（白）是是。有了儿子,还发什么愁?"
pdf_01000000__01001009___abd1be1808,硃砂痣,pdf_01000000__01001009___abd1be1808__line__000269,pdf_01000000__01001009___abd1be1808__scene__006,01001009_硃砂痣.pdf,D:\University_studies\Junior\data_visualization\experiment\final_self\opera_dataset\01000000\01001009_硃砂痣.pdf,01000000/01001009_硃砂痣.pdf,62507f36-aa22-4065-bb0f-f7de69f87e7c,6,【第六场】,269,dialogue,dialogue,韩廷凤,pdf_01000000__01001009___abd1be1808__char__b93c80f8b9,白,白,白,问；请；念白,韩廷凤,"请问大哥,此子是多少银子买的,待我奉价与的。","韩廷凤（白）请问大哥,此子是多少银子买的,待我奉价与的。"
pdf_01000000__01001009___abd1be1808,硃砂痣,pdf_01000000__01001009___abd1be1808__line__000269,pdf_01000000__01001009___abd1be1808__scene__006,01001009_硃砂痣.pdf,D:\University_studies\Junior\data_visualization\experiment\final_self\opera_dataset\01000000\01001009_硃砂痣.pdf,01000000/01001009_硃砂痣.pdf,62507f36-aa22-4065-bb0f-f7de69f87e7c,6,【第六场】,269,dialogue,dialogue,吴惠泉,pdf_01000000__01001009___abd1be1808__char__b4e53a2881,白,白,白,报；念白,吴惠泉,"老爷要提价,就不敢了。我夫妻二人,粉身碎骨,也难报洪恩于万分之一也!","吴惠泉（白）老爷要提价,就不敢了。我夫妻二人,粉身碎骨,也难报洪恩于万分之一也!"
pdf_01000000__01001009___abd1be1808,硃砂痣,pdf_01000000__01001009___abd1be1808__line__000269,pdf_01000000__01001009___abd1be1808__scene__006,01001009_硃砂痣.pdf,D:\University_studies\Junior\data_visualization\experiment\final_self\opera_dataset\01000000\01001009_硃砂痣.pdf,01000000/01001009_硃砂痣.pdf,62507f36-aa22-4065-bb0f-f7de69f87e7c,6,【第六场】,269,dialogue,dialogue,韩廷凤,pdf_01000000__01001009___abd1be1808__char__b93c80f8b9,白,白,白,念白,韩廷凤,如此破费了!,韩廷凤（白）如此破费了!
pdf_01000000__01001009___abd1be1808,硃砂痣,pdf_01000000__01001009___abd1be1808__line__000269,pdf_01000000__01001009___abd1be1808__scene__006,01001009_硃砂痣.pdf,D:\University_studies\Junior\data_visualization\experiment\final_self\opera_dataset\01000000\01001009_硃砂痣.pdf,01000000/01001009_硃砂痣.pdf,62507f36-aa22-4065-bb0f-f7de69f87e7c,6,【第六场】,269,dialogue,dialogue,吴惠泉,pdf_01000000__01001009___abd1be1808__char__b4e53a2881,白,白,白,念白,吴惠泉,告辞了!,吴惠泉（白）告辞了!
pdf_01000000__01001009___abd1be1808,硃砂痣,pdf_01000000__01001009___abd1be1808__line__000269,pdf_01000000__01001009___abd1be1808__scene__006,01001009_硃砂痣.pdf,D:\University_studies\Junior\data_visualization\experiment\final_self\opera_dataset\01000000\01001009_硃砂痣.pdf,01000000/01001009_硃砂痣.pdf,62507f36-aa22-4065-bb0f-f7de69f87e7c,6,【第六场】,269,dialogue,dialogue,韩廷凤,pdf_01000000__01001009___abd1be1808__char__b93c80f8b9,白,白,白,去；念白,韩廷凤,为何去心太急?,韩廷凤（白）为何去心太急?
pdf_01000000__01001009___abd1be1808,硃砂痣,pdf_01000000__01001009___abd1be1808__line__000269,pdf_01000000__01001009___abd1be1808__scene__006,01001009_硃砂痣.pdf,D:\University_studies\Junior\data_visualization\experiment\final_self\opera_dataset\01000000\01001009_硃砂痣.pdf,01000000/01001009_硃砂痣.pdf,62507f36-aa22-4065-bb0f-f7de69f87e7c,6,【第六场】,269,dialogue,dialogue,吴惠泉,pdf_01000000__01001009___abd1be1808__char__b4e53a2881,白,白,白,念白,吴惠泉,"我离家日久,恐娘子在家悬望。","吴惠泉（白）我离家日久,恐娘子在家悬望。"
pdf_01000000__01001009___abd1be1808,硃砂痣,pdf_01000000__01001009___abd1be1808__line__000269,pdf_01000000__01001009___abd1be1808__scene__006,01001009_硃砂痣.pdf,D:\University_studies\Junior\data_visualization\experiment\final_self\opera_dataset\01000000\01001009_硃砂痣.pdf,01000000/01001009_硃砂痣.pdf,62507f36-aa22-4065-bb0f-f7de69f87e7c,6,【第六场】,269,dialogue,dialogue,韩廷凤,pdf_01000000__01001009___abd1be1808__char__b93c80f8b9,白,白,白,念白,韩廷凤,"是吓,我也不必强留,改日我父子登门叩谢!","韩廷凤（白）是吓,我也不必强留,改日我父子登门叩谢!"
pdf_01000000__01001009___abd1be1808,硃砂痣,pdf_01000000__01001009___abd1be1808__line__000269,pdf_01000000__01001009___abd1be1808__scene__006,01001009_硃砂痣.pdf,D:\University_studies\Junior\data_visualization\experiment\final_self\opera_dataset\01000000\01001009_硃砂痣.pdf,01000000/01001009_硃砂痣.pdf,62507f36-aa22-4065-bb0f-f7de69f87e7c,6,【第六场】,269,dialogue,dialogue,吴惠泉,pdf_01000000__01001009___abd1be1808__char__b4e53a2881,白,白,白,念白,吴惠泉,岂敢岂敢!,吴惠泉（白）岂敢岂敢!
pdf_01000000__01001009___abd1be1808,硃砂痣,pdf_01000000__01001009___abd1be1808__line__000269,pdf_01000000__01001009___abd1be1808__scene__006,01001009_硃砂痣.pdf,D:\University_studies\Junior\data_visualization\experiment\final_self\opera_dataset\01000000\01001009_硃砂痣.pdf,01000000/01001009_硃砂痣.pdf,62507f36-aa22-4065-bb0f-f7de69f87e7c,6,【第六场】,269,dialogue,dialogue,韩廷凤,pdf_01000000__01001009___abd1be1808__char__b93c80f8b9,白,白,白,念白,韩廷凤,"儿吓,送过你吴大叔!","韩廷凤（白）儿吓,送过你吴大叔!"
pdf_01000000__01001009___abd1be1808,硃砂痣,pdf_01000000__01001009___abd1be1808__line__000269,pdf_01000000__01001009___abd1be1808__scene__006,01001009_硃砂痣.pdf,D:\University_studies\Junior\data_visualization\experiment\final_self\opera_dataset\01000000\01001009_硃砂痣.pdf,01000000/01001009_硃砂痣.pdf,62507f36-aa22-4065-bb0f-f7de69f87e7c,6,【第六场】,269,dialogue,dialogue,韩遇运,pdf_01000000__01001009___abd1be1808__char__c1f921796e,白,白,白,念白,韩遇运,送过吴大叔!,韩遇运（白）送过吴大叔!
pdf_01000000__01001009___abd1be1808,硃砂痣,pdf_01000000__01001009___abd1be1808__line__000269,pdf_01000000__01001009___abd1be1808__scene__006,01001009_硃砂痣.pdf,D:\University_studies\Junior\data_visualization\experiment\final_self\opera_dataset\01000000\01001009_硃砂痣.pdf,01000000/01001009_硃砂痣.pdf,62507f36-aa22-4065-bb0f-f7de69f87e7c,6,【第六场】,269,dialogue,dialogue,吴惠泉,pdf_01000000__01001009___abd1be1808__char__b4e53a2881,白,白,白,去；念白,吴惠泉,"这倒不消。你在家中,听你爹爹教训,我要去了!","吴惠泉（白）这倒不消。你在家中,听你爹爹教训,我要去了!"
pdf_01000000__01001009___abd1be1808,硃砂痣,pdf_01000000__01001009___abd1be1808__line__000269,pdf_01000000__01001009___abd1be1808__scene__006,01001009_硃砂痣.pdf,D:\University_studies\Junior\data_visualization\experiment\final_self\opera_dataset\01000000\01001009_硃砂痣.pdf,01000000/01001009_硃砂痣.pdf,62507f36-aa22-4065-bb0f-f7de69f87e7c,6,【第六场】,269,dialogue,dialogue,韩廷凤,pdf_01000000__01001009___abd1be1808__char__b93c80f8b9,白,白,白,来；念白,韩廷凤,"吓,吴大哥转来!改日我父子登门叩谢!一定要来的!","韩廷凤（白）吓,吴大哥转来!改日我父子登门叩谢!一定要来的!"
pdf_01000000__01001009___abd1be1808,硃砂痣,pdf_01000000__01001009___abd1be1808__line__000269,pdf_01000000__01001009___abd1be1808__scene__006,01001009_硃砂痣.pdf,D:\University_studies\Junior\data_visualization\experiment\final_self\opera_dataset\01000000\01001009_硃砂痣.pdf,01000000/01001009_硃砂痣.pdf,62507f36-aa22-4065-bb0f-f7de69f87e7c,6,【第六场】,269,dialogue,dialogue,吴惠泉,pdf_01000000__01001009___abd1be1808__char__b4e53a2881,白,白,白,念白,吴惠泉,这就不敢!,吴惠泉（白）这就不敢!
pdf_01000000__01001009___abd1be1808,硃砂痣,pdf_01000000__01001009___abd1be1808__line__000269,pdf_01000000__01001009___abd1be1808__scene__006,01001009_硃砂痣.pdf,D:\University_studies\Junior\data_visualization\experiment\final_self\opera_dataset\01000000\01001009_硃砂痣.pdf,01000000/01001009_硃砂痣.pdf,62507f36-aa22-4065-bb0f-f7de69f87e7c,6,【第六场】,269,dialogue,dialogue,韩廷凤,pdf_01000000__01001009___abd1be1808__char__b93c80f8b9,白,白,白,来；念白,韩廷凤,一定要来的!,韩廷凤（白）一定要来的!
pdf_01000000__01001009___abd1be1808,硃砂痣,pdf_01000000__01001009___abd1be1808__line__000269,pdf_01000000__01001009___abd1be1808__scene__006,01001009_硃砂痣.pdf,D:\University_studies\Junior\data_visualization\experiment\final_self\opera_dataset\01000000\01001009_硃砂痣.pdf,01000000/01001009_硃砂痣.pdf,62507f36-aa22-4065-bb0f-f7de69f87e7c,6,【第六场】,269,dialogue,dialogue,吴惠泉,pdf_01000000__01001009___abd1be1808__char__b4e53a2881,白,白,白,来；念白,吴惠泉,"这就不敢!吓,大老爷转来!改日我夫妻二人,登门贺喜!","吴惠泉（白）这就不敢!吓,大老爷转来!改日我夫妻二人,登门贺喜!"
pdf_01000000__01001009___abd1be1808,硃砂痣,pdf_01000000__01001009___abd1be1808__line__000269,pdf_01000000__01001009___abd1be1808__scene__006,01001009_硃砂痣.pdf,D:\University_studies\Junior\data_visualization\experiment\final_self\opera_dataset\01000000\01001009_硃砂痣.pdf,01000000/01001009_硃砂痣.pdf,62507f36-aa22-4065-bb0f-f7de69f87e7c,6,【第六场】,269,dialogue,dialogue,韩廷凤,pdf_01000000__01001009___abd1be1808__char__b93c80f8b9,白,白,白,念白,韩廷凤,这就不敢!,韩廷凤（白）这就不敢!
pdf_01000000__01001009___abd1be1808,硃砂痣,pdf_01000000__01001009___abd1be1808__line__000269,pdf_01000000__01001009___abd1be1808__scene__006,01001009_硃砂痣.pdf,D:\University_studies\Junior\data_visualization\experiment\final_self\opera_dataset\01000000\01001009_硃砂痣.pdf,01000000/01001009_硃砂痣.pdf,62507f36-aa22-4065-bb0f-f7de69f87e7c,6,【第六场】,269,dialogue,dialogue,吴惠泉,pdf_01000000__01001009___abd1be1808__char__b4e53a2881,白,白,白,来；念白,吴惠泉,一定要来的!,吴惠泉（白）一定要来的!
pdf_01000000__01001009___abd1be1808,硃砂痣,pdf_01000000__01001009___abd1be1808__line__000269,pdf_01000000__01001009___abd1be1808__scene__006,01001009_硃砂痣.pdf,D:\University_studies\Junior\data_visualization\experiment\final_self\opera_dataset\01000000\01001009_硃砂痣.pdf,01000000/01001009_硃砂痣.pdf,62507f36-aa22-4065-bb0f-f7de69f87e7c,6,【第六场】,269,dialogue,dialogue,韩廷凤,pdf_01000000__01001009___abd1be1808__char__b93c80f8b9,白,白,白,来；念白,韩廷凤,这就不敢!吴大哥转来!,韩廷凤（白）这就不敢!吴大哥转来!
pdf_01000000__01001009___abd1be1808,硃砂痣,pdf_01000000__01001009___abd1be1808__line__000269,pdf_01000000__01001009___abd1be1808__scene__006,01001009_硃砂痣.pdf,D:\University_studies\Junior\data_visualization\experiment\final_self\opera_dataset\01000000\01001009_硃砂痣.pdf,01000000/01001009_硃砂痣.pdf,62507f36-aa22-4065-bb0f-f7de69f87e7c,6,【第六场】,269,dialogue,dialogue,吴惠泉,pdf_01000000__01001009___abd1be1808__char__b4e53a2881,白,白,白,念白,吴惠泉,大老爷何事?,吴惠泉（白）大老爷何事?
pdf_01000000__01001009___abd1be1808,硃砂痣,pdf_01000000__01001009___abd1be1808__line__000269,pdf_01000000__01001009___abd1be1808__scene__006,01001009_硃砂痣.pdf,D:\University_studies\Junior\data_visualization\experiment\final_self\opera_dataset\01000000\01001009_硃砂痣.pdf,01000000/01001009_硃砂痣.pdf,62507f36-aa22-4065-bb0f-f7de69f87e7c,6,【第六场】,269,dialogue,dialogue,韩廷凤,pdf_01000000__01001009___abd1be1808__char__b93c80f8b9,白,白,白,念白,韩廷凤,"这,无有了。","韩廷凤（白）这,无有了。"
pdf_01000000__01001009___abd1be1808,硃砂痣,pdf_01000000__01001009___abd1be1808__line__000269,pdf_01000000__01001009___abd1be1808__scene__006,01001009_硃砂痣.pdf,D:\University_studies\Junior\data_visualization\experiment\final_self\opera_dataset\01000000\01001009_硃砂痣.pdf,01000000/01001009_硃砂痣.pdf,62507f36-aa22-4065-bb0f-f7de69f87e7c,6,【第六场】,269,dialogue,dialogue,吴惠泉、韩廷凤,pdf_01000000__01001009___abd1be1808__char__986d969576,同笑,对白,同笑,笑,吴惠泉、韩廷凤；韩廷凤；吴惠泉,哈哈哈!,吴惠泉、韩廷凤（同笑）哈哈哈!
pdf_01000000__01001009___abd1be1808,硃砂痣,pdf_01000000__01001009___abd1be1808__line__000269,pdf_01000000__01001009___abd1be1808__scene__006,01001009_硃砂痣.pdf,D:\University_studies\Junior\data_visualization\experiment\final_self\opera_dataset\01000000\01001009_硃砂痣.pdf,01000000/01001009_硃砂痣.pdf,62507f36-aa22-4065-bb0f-f7de69f87e7c,6,【第六场】,269,dialogue,dialogue,韩遇运,pdf_01000000__01001009___abd1be1808__char__c1f921796e,白,白,白,念白,韩遇运,爹爹!,韩遇运（白）爹爹!
pdf_01000000__01001009___abd1be1808,硃砂痣,pdf_01000000__01001009___abd1be1808__line__000269,pdf_01000000__01001009___abd1be1808__scene__006,01001009_硃砂痣.pdf,D:\University_studies\Junior\data_visualization\experiment\final_self\opera_dataset\01000000\01001009_硃砂痣.pdf,01000000/01001009_硃砂痣.pdf,62507f36-aa22-4065-bb0f-f7de69f87e7c,6,【第六场】,269,dialogue,dialogue,韩廷凤,pdf_01000000__01001009___abd1be1808__char__b93c80f8b9,白,白,白,下；进；来；坐；念白,韩廷凤,"喂,哈哈哈......随为父进来,一旁坐下。","韩廷凤（白）喂,哈哈哈......随为父进来,一旁坐下。"
pdf_01000000__01001009___abd1be1808,硃砂痣,pdf_01000000__01001009___abd1be1808__line__000269,pdf_01000000__01001009___abd1be1808__scene__006,01001009_硃砂痣.pdf,D:\University_studies\Junior\data_visualization\experiment\final_self\opera_dataset\01000000\01001009_硃砂痣.pdf,01000000/01001009_硃砂痣.pdf,62507f36-aa22-4065-bb0f-f7de69f87e7c,6,【第六场】,269,dialogue,dialogue,韩遇运,pdf_01000000__01001009___abd1be1808__char__c1f921796e,白,白,白,坐；念白,韩遇运,谢坐。,韩遇运（白）谢坐。
pdf_01000000__01001009___abd1be1808,硃砂痣,pdf_01000000__01001009___abd1be1808__line__000269,pdf_01000000__01001009___abd1be1808__scene__006,01001009_硃砂痣.pdf,D:\University_studies\Junior\data_visualization\experiment\final_self\opera_dataset\01000000\01001009_硃砂痣.pdf,01000000/01001009_硃砂痣.pdf,62507f36-aa22-4065-bb0f-f7de69f87e7c,6,【第六场】,269,dialogue,dialogue,韩廷凤,pdf_01000000__01001009___abd1be1808__char__b93c80f8b9,白,白,白,看；念白,韩廷凤,待为父细看一回。,韩廷凤（白）待为父细看一回。
pdf_01000000__01001009___abd1be1808,硃砂痣,pdf_01000000__01001009___abd1be1808__line__000269,pdf_01000000__01001009___abd1be1808__scene__006,01001009_硃砂痣.pdf,D:\University_studies\Junior\data_visualization\experiment\final_self\opera_dataset\01000000\01001009_硃砂痣.pdf,01000000/01001009_硃砂痣.pdf,62507f36-aa22-4065-bb0f-f7de69f87e7c,6,【第六场】,269,dialogue,dialogue,韩遇运,pdf_01000000__01001009___abd1be1808__char__c1f921796e,白,白,白,念白,韩遇运,"孩儿在家,也曾读过诗书,只是未遇高明先生指教。","韩遇运（白）孩儿在家,也曾读过诗书,只是未遇高明先生指教。"
pdf_01000000__01001009___abd1be1808,硃砂痣,pdf_01000000__01001009___abd1be1808__line__000269,pdf_01000000__01001009___abd1be1808__scene__006,01001009_硃砂痣.pdf,D:\University_studies\Junior\data_visualization\experiment\final_self\opera_dataset\01000000\01001009_硃砂痣.pdf,01000000/01001009_硃砂痣.pdf,62507f36-aa22-4065-bb0f-f7de69f87e7c,6,【第六场】,269,dialogue,dialogue,韩廷凤,pdf_01000000__01001009___abd1be1808__char__b93c80f8b9,白,白,白,念白,韩廷凤,哦!,韩廷凤（白）哦!
pdf_01000000__01001009___abd1be1808,硃砂痣,pdf_01000000__01001009___abd1be1808__line__000269,pdf_01000000__01001009___abd1be1808__scene__006,01001009_硃砂痣.pdf,D:\University_studies\Junior\data_visualization\experiment\final_self\opera_dataset\01000000\01001009_硃砂痣.pdf,01000000/01001009_硃砂痣.pdf,62507f36-aa22-4065-bb0f-f7de69f87e7c,6,【第六场】,269,dialogue,dialogue,韩遇运,pdf_01000000__01001009___abd1be1808__char__c1f921796e,白,白,白,念白,韩遇运,孩儿八字不知。,韩遇运（白）孩儿八字不知。
pdf_01000000__01001009___abd1be1808,硃砂痣,pdf_01000000__01001009___abd1be1808__line__000269,pdf_01000000__01001009___abd1be1808__scene__006,01001009_硃砂痣.pdf,D:\University_studies\Junior\data_visualization\experiment\final_self\opera_dataset\01000000\01001009_硃砂痣.pdf,01000000/01001009_硃砂痣.pdf,62507f36-aa22-4065-bb0f-f7de69f87e7c,6,【第六场】,269,dialogue,dialogue,韩廷凤,pdf_01000000__01001009___abd1be1808__char__b93c80f8b9,白,白,白,念白,韩廷凤,你母亲呢?,韩廷凤（白）你母亲呢?
pdf_01000000__01001009___abd1be1808,硃砂痣,pdf_01000000__01001009___abd1be1808__line__000269,pdf_01000000__01001009___abd1be1808__scene__006,01001009_硃砂痣.pdf,D:\University_studies\Junior\data_visualization\experiment\final_self\opera_dataset\01000000\01001009_硃砂痣.pdf,01000000/01001009_硃砂痣.pdf,62507f36-aa22-4065-bb0f-f7de69f87e7c,6,【第六场】,269,dialogue,dialogue,韩遇运,pdf_01000000__01001009___abd1be1808__char__c1f921796e,白,白,白,念白,韩遇运,也不晓得。,韩遇运（白）也不晓得。
pdf_01000000__01001009___abd1be1808,硃砂痣,pdf_01000000__01001009___abd1be1808__line__000269,pdf_01000000__01001009___abd1be1808__scene__006,01001009_硃砂痣.pdf,D:\University_studies\Junior\data_visualization\experiment\final_self\opera_dataset\01000000\01001009_硃砂痣.pdf,01000000/01001009_硃砂痣.pdf,62507f36-aa22-4065-bb0f-f7de69f87e7c,6,【第六场】,269,dialogue,dialogue,韩廷凤,pdf_01000000__01001009___abd1be1808__char__b93c80f8b9,白,白,白,念白,韩廷凤,呀!,韩廷凤（白）呀!
pdf_01000000__01001009___abd1be1808,硃砂痣,pdf_01000000__01001009___abd1be1808__line__000269,pdf_01000000__01001009___abd1be1808__scene__006,01001009_硃砂痣.pdf,D:\University_studies\Junior\data_visualization\experiment\final_self\opera_dataset\01000000\01001009_硃砂痣.pdf,01000000/01001009_硃砂痣.pdf,62507f36-aa22-4065-bb0f-f7de69f87e7c,6,【第六场】,269,dialogue,dialogue,韩遇运,pdf_01000000__01001009___abd1be1808__char__c1f921796e,白,白,白,念白,韩遇运,"我爹爹死了五年,我母亲七十三岁,孩儿今年一十三岁。只因家业凋零,将孩儿卖于他人。","韩遇运（白）我爹爹死了五年,我母亲七十三岁,孩儿今年一十三岁。只因家业凋零,将孩儿卖于他人。"
pdf_01000000__01001009___abd1be1808,硃砂痣,pdf_01000000__01001009___abd1be1808__line__000269,pdf_01000000__01001009___abd1be1808__scene__006,01001009_硃砂痣.pdf,D:\University_studies\Junior\data_visualization\experiment\final_self\opera_dataset\01000000\01001009_硃砂痣.pdf,01000000/01001009_硃砂痣.pdf,62507f36-aa22-4065-bb0f-f7de69f87e7c,6,【第六场】,269,dialogue,dialogue,韩廷凤,pdf_01000000__01001009___abd1be1808__char__b93c80f8b9,白,白,白,念白,韩廷凤,哦!,韩廷凤（白）哦!
pdf_01000000__01001009___abd1be1808,硃砂痣,pdf_01000000__01001009___abd1be1808__line__000269,pdf_01000000__01001009___abd1be1808__scene__006,01001009_硃砂痣.pdf,D:\University_studies\Junior\data_visualization\experiment\final_self\opera_dataset\01000000\01001009_硃砂痣.pdf,01000000/01001009_硃砂痣.pdf,62507f36-aa22-4065-bb0f-f7de69f87e7c,6,【第六场】,269,dialogue,dialogue,韩遇运,pdf_01000000__01001009___abd1be1808__char__c1f921796e,白,白,白,来；念白,韩遇运,孩儿想起来了。,韩遇运（白）孩儿想起来了。
pdf_01000000__01001009___abd1be1808,硃砂痣,pdf_01000000__01001009___abd1be1808__line__000269,pdf_01000000__01001009___abd1be1808__scene__006,01001009_硃砂痣.pdf,D:\University_studies\Junior\data_visualization\experiment\final_self\opera_dataset\01000000\01001009_硃砂痣.pdf,01000000/01001009_硃砂痣.pdf,62507f36-aa22-4065-bb0f-f7de69f87e7c,6,【第六场】,269,dialogue,dialogue,韩廷凤,pdf_01000000__01001009___abd1be1808__char__b93c80f8b9,白,白,白,来；念白,韩廷凤,想起什么来了?,韩廷凤（白）想起什么来了?
pdf_01000000__01001009___abd1be1808,硃砂痣,pdf_01000000__01001009___abd1be1808__line__000269,pdf_01000000__01001009___abd1be1808__scene__006,01001009_硃砂痣.pdf,D:\University_studies\Junior\data_visualization\experiment\final_self\opera_dataset\01000000\01001009_硃砂痣.pdf,01000000/01001009_硃砂痣.pdf,62507f36-aa22-4065-bb0f-f7de69f87e7c,6,【第六场】,269,dialogue,dialogue,韩遇运,pdf_01000000__01001009___abd1be1808__char__c1f921796e,白,白,白,上；来；念白,韩遇运,"我母亲那日将我出卖之时,孩儿依依不舍,她说我不是她亲生之子。乃是那年金兵造反,四月初八日,在青州路上拾来的。","韩遇运（白）我母亲那日将我出卖之时,孩儿依依不舍,她说我不是她亲生之子。乃是那年金兵造反,四月初八日,在青州路上拾来的。"
pdf_01000000__01001009___abd1be1808,硃砂痣,pdf_01000000__01001009___abd1be1808__line__000269,pdf_01000000__01001009___abd1be1808__scene__006,01001009_硃砂痣.pdf,D:\University_studies\Junior\data_visualization\experiment\final_self\opera_dataset\01000000\01001009_硃砂痣.pdf,01000000/01001009_硃砂痣.pdf,62507f36-aa22-4065-bb0f-f7de69f87e7c,6,【第六场】,269,dialogue,dialogue,韩廷凤,pdf_01000000__01001009___abd1be1808__char__b93c80f8b9,笑,做,笑,笑,韩廷凤,哈哈哈......,韩廷凤（笑）哈哈哈......
pdf_01000000__01001009___abd1be1808,硃砂痣,pdf_01000000__01001009___abd1be1808__line__000269,pdf_01000000__01001009___abd1be1808__scene__006,01001009_硃砂痣.pdf,D:\University_studies\Junior\data_visualization\experiment\final_self\opera_dataset\01000000\01001009_硃砂痣.pdf,01000000/01001009_硃砂痣.pdf,62507f36-aa22-4065-bb0f-f7de69f87e7c,6,【第六场】,269,dialogue,dialogue,韩遇运,pdf_01000000__01001009___abd1be1808__char__c1f921796e,白,白,白,念白,韩遇运,孩儿有的。,韩遇运（白）孩儿有的。
pdf_01000000__01001009___abd1be1808,硃砂痣,pdf_01000000__01001009___abd1be1808__line__000269,pdf_01000000__01001009___abd1be1808__scene__006,01001009_硃砂痣.pdf,D:\University_studies\Junior\data_visualization\experiment\final_self\opera_dataset\01000000\01001009_硃砂痣.pdf,01000000/01001009_硃砂痣.pdf,62507f36-aa22-4065-bb0f-f7de69f87e7c,6,【第六场】,269,dialogue,dialogue,韩廷凤,pdf_01000000__01001009___abd1be1808__char__b93c80f8b9,白,白,白,下；来；看；念白,韩廷凤,脱下来与为父观看!,韩廷凤（白）脱下来与为父观看!
pdf_01000000__01001009___abd1be1808,硃砂痣,pdf_01000000__01001009___abd1be1808__line__000269,pdf_01000000__01001009___abd1be1808__scene__006,01001009_硃砂痣.pdf,D:\University_studies\Junior\data_visualization\experiment\final_self\opera_dataset\01000000\01001009_硃砂痣.pdf,01000000/01001009_硃砂痣.pdf,62507f36-aa22-4065-bb0f-f7de69f87e7c,6,【第六场】,269,dialogue,dialogue,韩遇运,pdf_01000000__01001009___abd1be1808__char__c1f921796e,白,白,白,命；念白,韩遇运,遵命。,韩遇运（白）遵命。
pdf_01000000__01001009___abd1be1808,硃砂痣,pdf_01000000__01001009___abd1be1808__line__000269,pdf_01000000__01001009___abd1be1808__scene__006,01001009_硃砂痣.pdf,D:\University_studies\Junior\data_visualization\experiment\final_self\opera_dataset\01000000\01001009_硃砂痣.pdf,01000000/01001009_硃砂痣.pdf,62507f36-aa22-4065-bb0f-f7de69f87e7c,6,【第六场】,269,dialogue,dialogue,韩廷凤,pdf_01000000__01001009___abd1be1808__char__b93c80f8b9,白,白,白,念白,韩廷凤,"儿吓,","韩廷凤（白）儿吓,"
pdf_01000000__01001009___abd1be1808,硃砂痣,pdf_01000000__01001009___abd1be1808__line__000269,pdf_01000000__01001009___abd1be1808__scene__006,01001009_硃砂痣.pdf,D:\University_studies\Junior\data_visualization\experiment\final_self\opera_dataset\01000000\01001009_硃砂痣.pdf,01000000/01001009_硃砂痣.pdf,62507f36-aa22-4065-bb0f-f7de69f87e7c,6,【第六场】,269,dialogue,dialogue,韩遇运,pdf_01000000__01001009___abd1be1808__char__c1f921796e,白,白,白,去；念白,韩遇运,"爹爹,我母亲哪里去了?","韩遇运（白）爹爹,我母亲哪里去了?"
pdf_01000000__01001009___abd1be1808,硃砂痣,pdf_01000000__01001009___abd1be1808__line__000269,pdf_01000000__01001009___abd1be1808__scene__006,01001009_硃砂痣.pdf,D:\University_studies\Junior\data_visualization\experiment\final_self\opera_dataset\01000000\01001009_硃砂痣.pdf,01000000/01001009_硃砂痣.pdf,62507f36-aa22-4065-bb0f-f7de69f87e7c,6,【第六场】,269,dialogue,dialogue,韩廷凤,pdf_01000000__01001009___abd1be1808__char__b93c80f8b9,白,白,白,命；念白,韩廷凤,你母亲命丧东平。,韩廷凤（白）你母亲命丧东平。
pdf_01000000__01001009___abd1be1808,硃砂痣,pdf_01000000__01001009___abd1be1808__line__000269,pdf_01000000__01001009___abd1be1808__scene__006,01001009_硃砂痣.pdf,D:\University_studies\Junior\data_visualization\experiment\final_self\opera_dataset\01000000\01001009_硃砂痣.pdf,01000000/01001009_硃砂痣.pdf,62507f36-aa22-4065-bb0f-f7de69f87e7c,6,【第六场】,269,dialogue,dialogue,韩遇运,pdf_01000000__01001009___abd1be1808__char__c1f921796e,白,白,白,念白,韩遇运,"哎呀,母亲吓!","韩遇运（白）哎呀,母亲吓!"
pdf_01000000__01001009___abd1be1808,硃砂痣,pdf_01000000__01001009___abd1be1808__line__000269,pdf_01000000__01001009___abd1be1808__scene__006,01001009_硃砂痣.pdf,D:\University_studies\Junior\data_visualization\experiment\final_self\opera_dataset\01000000\01001009_硃砂痣.pdf,01000000/01001009_硃砂痣.pdf,62507f36-aa22-4065-bb0f-f7de69f87e7c,6,【第六场】,269,dialogue,dialogue,韩廷凤,pdf_01000000__01001009___abd1be1808__char__b93c80f8b9,白,白,白,去；命；哭；念白,韩廷凤,"儿吓,不必啼哭,也曾命人前去搬柩。","韩廷凤（白）儿吓,不必啼哭,也曾命人前去搬柩。"
pdf_01000000__01001009___abd1be1808,硃砂痣,pdf_01000000__01001009___abd1be1808__line__000269,pdf_01000000__01001009___abd1be1808__scene__006,01001009_硃砂痣.pdf,D:\University_studies\Junior\data_visualization\experiment\final_self\opera_dataset\01000000\01001009_硃砂痣.pdf,01000000/01001009_硃砂痣.pdf,62507f36-aa22-4065-bb0f-f7de69f87e7c,6,【第六场】,269,dialogue,dialogue,韩遇运,pdf_01000000__01001009___abd1be1808__char__c1f921796e,白,白,白,来；念白,韩遇运,"爹爹明日差人接那老妈妈前来,同享荣华富贵。","韩遇运（白）爹爹明日差人接那老妈妈前来,同享荣华富贵。"
pdf_01000000__01001009___abd1be1808,硃砂痣,pdf_01000000__01001009___abd1be1808__line__000269,pdf_01000000__01001009___abd1be1808__scene__006,01001009_硃砂痣.pdf,D:\University_studies\Junior\data_visualization\experiment\final_self\opera_dataset\01000000\01001009_硃砂痣.pdf,01000000/01001009_硃砂痣.pdf,62507f36-aa22-4065-bb0f-f7de69f87e7c,6,【第六场】,269,dialogue,dialogue,韩廷凤,pdf_01000000__01001009___abd1be1808__char__b93c80f8b9,白,白,白,去；念白,韩廷凤,待为父明日差人前去。正是:,韩廷凤（白）待为父明日差人前去。正是:
pdf_01000000__01001009___abd1be1808,硃砂痣,pdf_01000000__01001009___abd1be1808__line__000269,pdf_01000000__01001009___abd1be1808__scene__006,01001009_硃砂痣.pdf,D:\University_studies\Junior\data_visualization\experiment\final_self\opera_dataset\01000000\01001009_硃砂痣.pdf,01000000/01001009_硃砂痣.pdf,62507f36-aa22-4065-bb0f-f7de69f87e7c,6,【第六场】,269,dialogue,dialogue,韩遇运,pdf_01000000__01001009___abd1be1808__char__c1f921796e,白,白,白,念白,韩遇运,"爹爹,青天白日,不是做梦。","韩遇运（白）爹爹,青天白日,不是做梦。"
pdf_01000000__01001009___abd1be1808,硃砂痣,pdf_01000000__01001009___abd1be1808__line__000269,pdf_01000000__01001009___abd1be1808__scene__006,01001009_硃砂痣.pdf,D:\University_studies\Junior\data_visualization\experiment\final_self\opera_dataset\01000000\01001009_硃砂痣.pdf,01000000/01001009_硃砂痣.pdf,62507f36-aa22-4065-bb0f-f7de69f87e7c,6,【第六场】,269,dialogue,dialogue,韩廷凤,pdf_01000000__01001009___abd1be1808__char__b93c80f8b9,白,白,白,念白,韩廷凤,"不是做梦,当真?","韩廷凤（白）不是做梦,当真?"
pdf_01000000__01001009___abd1be1808,硃砂痣,pdf_01000000__01001009___abd1be1808__line__000269,pdf_01000000__01001009___abd1be1808__scene__006,01001009_硃砂痣.pdf,D:\University_studies\Junior\data_visualization\experiment\final_self\opera_dataset\01000000\01001009_硃砂痣.pdf,01000000/01001009_硃砂痣.pdf,62507f36-aa22-4065-bb0f-f7de69f87e7c,6,【第六场】,269,dialogue,dialogue,韩遇运,pdf_01000000__01001009___abd1be1808__char__c1f921796e,白,白,白,念白,韩遇运,当真。,韩遇运（白）当真。
pdf_01000000__01001009___abd1be1808,硃砂痣,pdf_01000000__01001009___abd1be1808__line__000269,pdf_01000000__01001009___abd1be1808__scene__006,01001009_硃砂痣.pdf,D:\University_studies\Junior\data_visualization\experiment\final_self\opera_dataset\01000000\01001009_硃砂痣.pdf,01000000/01001009_硃砂痣.pdf,62507f36-aa22-4065-bb0f-f7de69f87e7c,6,【第六场】,269,dialogue,dialogue,韩廷凤,pdf_01000000__01001009___abd1be1808__char__b93c80f8b9,白,白,白,念白,韩廷凤,果然?,韩廷凤（白）果然?
pdf_01000000__01001009___abd1be1808,硃砂痣,pdf_01000000__01001009___abd1be1808__line__000269,pdf_01000000__01001009___abd1be1808__scene__006,01001009_硃砂痣.pdf,D:\University_studies\Junior\data_visualization\experiment\final_self\opera_dataset\01000000\01001009_硃砂痣.pdf,01000000/01001009_硃砂痣.pdf,62507f36-aa22-4065-bb0f-f7de69f87e7c,6,【第六场】,269,dialogue,dialogue,韩遇运,pdf_01000000__01001009___abd1be1808__char__c1f921796e,白,白,白,念白,韩遇运,果然。,韩遇运（白）果然。
pdf_01000000__01001009___abd1be1808,硃砂痣,pdf_01000000__01001009___abd1be1808__line__000269,pdf_01000000__01001009___abd1be1808__scene__006,01001009_硃砂痣.pdf,D:\University_studies\Junior\data_visualization\experiment\final_self\opera_dataset\01000000\01001009_硃砂痣.pdf,01000000/01001009_硃砂痣.pdf,62507f36-aa22-4065-bb0f-f7de69f87e7c,6,【第六场】,269,dialogue,dialogue,韩廷凤,pdf_01000000__01001009___abd1be1808__char__b93c80f8b9,笑,做,笑,笑,韩廷凤,哈哈哈!,韩廷凤（笑）哈哈哈!
pdf_01000000__01001009___abd1be1808,硃砂痣,pdf_01000000__01001009___abd1be1808__line__000271,pdf_01000000__01001009___abd1be1808__scene__006,01001009_硃砂痣.pdf,D:\University_studies\Junior\data_visualization\experiment\final_self\opera_dataset\01000000\01001009_硃砂痣.pdf,01000000/01001009_硃砂痣.pdf,62507f36-aa22-4065-bb0f-f7de69f87e7c,6,【第六场】,271,stage_direction,stage_direction,,,韩廷凤、韩遇运同下。,做,韩廷凤、韩遇运同下。,下,韩廷凤；韩遇运,,（韩廷凤、韩遇运同下。）
pdf_01000000__01001009___abd1be1808,硃砂痣,pdf_01000000__01001009___abd1be1808__line__000273,pdf_01000000__01001009___abd1be1808__scene__006,01001009_硃砂痣.pdf,D:\University_studies\Junior\data_visualization\experiment\final_self\opera_dataset\01000000\01001009_硃砂痣.pdf,01000000/01001009_硃砂痣.pdf,62507f36-aa22-4065-bb0f-f7de69f87e7c,6,【第六场】,273,stage_direction,stage_direction,,,完,做,完,,完,,（完）
