doc_id,doc_title,line_id,scene_id,source_file,source_path,relative_path,batch_id,scene_index,scene,line_no,row_type,line_category,speaker,speaker_char_id,cue,perform_type,perform_subtype,action_tags,participants,text,raw_line
pdf_01000000__01001006___06011d42c6,捉放曹,pdf_01000000__01001006___06011d42c6__line__000001,pdf_01000000__01001006___06011d42c6__scene__000,01001006_捉放曹.pdf,D:\University_studies\Junior\data_visualization\experiment\final_self\opera_dataset\01000000\01001006_捉放曹.pdf,01000000/01001006_捉放曹.pdf,62507f36-aa22-4065-bb0f-f7de69f87e7c,0,序幕/前置内容,1,narration,narration,,,,说明,,,《捉放曹》,# 《捉放曹》,# 《捉放曹》
pdf_01000000__01001006___06011d42c6,捉放曹,pdf_01000000__01001006___06011d42c6__line__000003,pdf_01000000__01001006___06011d42c6__scene__000,01001006_捉放曹.pdf,D:\University_studies\Junior\data_visualization\experiment\final_self\opera_dataset\01000000\01001006_捉放曹.pdf,01000000/01001006_捉放曹.pdf,62507f36-aa22-4065-bb0f-f7de69f87e7c,0,序幕/前置内容,3,narration,narration,,,,说明,,,陈宫,# （一名：《中牟县》；一名：《陈宫计》）,# （一名：《中牟县》；一名：《陈宫计》）
pdf_01000000__01001006___06011d42c6,捉放曹,pdf_01000000__01001006___06011d42c6__line__000027,pdf_01000000__01001006___06011d42c6__scene__001,01001006_捉放曹.pdf,D:\University_studies\Junior\data_visualization\experiment\final_self\opera_dataset\01000000\01001006_捉放曹.pdf,01000000/01001006_捉放曹.pdf,62507f36-aa22-4065-bb0f-f7de69f87e7c,1,【第一场】,27,stage_direction,stage_direction,,,四青袍、门子引陈宫同上。,做,四青袍、门子引陈宫同上。,上,陈宫,,（四青袍、门子引陈宫同上。）
pdf_01000000__01001006___06011d42c6,捉放曹,pdf_01000000__01001006___06011d42c6__line__000029,pdf_01000000__01001006___06011d42c6__scene__001,01001006_捉放曹.pdf,D:\University_studies\Junior\data_visualization\experiment\final_self\opera_dataset\01000000\01001006_捉放曹.pdf,01000000/01001006_捉放曹.pdf,62507f36-aa22-4065-bb0f-f7de69f87e7c,1,【第一场】,29,dialogue,dialogue,陈宫,pdf_01000000__01001006___06011d42c6__char__a596384b04,引子,对白,引子,,陈宫,"身受皇恩,与黎民,判断冤情。","陈宫（引子）身受皇恩,与黎民,判断冤情。"
pdf_01000000__01001006___06011d42c6,捉放曹,pdf_01000000__01001006___06011d42c6__line__000031,pdf_01000000__01001006___06011d42c6__scene__001,01001006_捉放曹.pdf,D:\University_studies\Junior\data_visualization\experiment\final_self\opera_dataset\01000000\01001006_捉放曹.pdf,01000000/01001006_捉放曹.pdf,62507f36-aa22-4065-bb0f-f7de69f87e7c,1,【第一场】,31,stage_direction,stage_direction,,,班头甲上。,做,班头甲上。,上,班头甲,,（班头甲上。）
pdf_01000000__01001006___06011d42c6,捉放曹,pdf_01000000__01001006___06011d42c6__line__000033,pdf_01000000__01001006___06011d42c6__scene__001,01001006_捉放曹.pdf,D:\University_studies\Junior\data_visualization\experiment\final_self\opera_dataset\01000000\01001006_捉放曹.pdf,01000000/01001006_捉放曹.pdf,62507f36-aa22-4065-bb0f-f7de69f87e7c,1,【第一场】,33,dialogue,dialogue,班头甲,pdf_01000000__01001006___06011d42c6__char__4c2497874f,念,念,念,报；拿,班头甲；曹操,捉拿曹操事，报与太爷知。,班头甲 （念） 捉拿曹操事，报与太爷知。
pdf_01000000__01001006___06011d42c6,捉放曹,pdf_01000000__01001006___06011d42c6__line__000035,pdf_01000000__01001006___06011d42c6__scene__001,01001006_捉放曹.pdf,D:\University_studies\Junior\data_visualization\experiment\final_self\opera_dataset\01000000\01001006_捉放曹.pdf,01000000/01001006_捉放曹.pdf,62507f36-aa22-4065-bb0f-f7de69f87e7c,1,【第一场】,35,dialogue,dialogue,,,白,白,白,上；念白,白）；太爷在；小人叩头,太爷在上，小人叩头。,（白） 太爷在上，小人叩头。
pdf_01000000__01001006___06011d42c6,捉放曹,pdf_01000000__01001006___06011d42c6__line__000037,pdf_01000000__01001006___06011d42c6__scene__001,01001006_捉放曹.pdf,D:\University_studies\Junior\data_visualization\experiment\final_self\opera_dataset\01000000\01001006_捉放曹.pdf,01000000/01001006_捉放曹.pdf,62507f36-aa22-4065-bb0f-f7de69f87e7c,1,【第一场】,37,dialogue,dialogue,陈宫,pdf_01000000__01001006___06011d42c6__char__a596384b04,白,白,白,念白,陈宫,罢了。,陈宫 （白） 罢了。
pdf_01000000__01001006___06011d42c6,捉放曹,pdf_01000000__01001006___06011d42c6__line__000039,pdf_01000000__01001006___06011d42c6__scene__001,01001006_捉放曹.pdf,D:\University_studies\Junior\data_visualization\experiment\final_self\opera_dataset\01000000\01001006_捉放曹.pdf,01000000/01001006_捉放曹.pdf,62507f36-aa22-4065-bb0f-f7de69f87e7c,1,【第一场】,39,dialogue,dialogue,班头甲,pdf_01000000__01001006___06011d42c6__char__4c2497874f,白,白,白,念白,班头甲,恭喜太爷，贺喜太爷！,班头甲 （白） 恭喜太爷，贺喜太爷！
pdf_01000000__01001006___06011d42c6,捉放曹,pdf_01000000__01001006___06011d42c6__line__000041,pdf_01000000__01001006___06011d42c6__scene__001,01001006_捉放曹.pdf,D:\University_studies\Junior\data_visualization\experiment\final_self\opera_dataset\01000000\01001006_捉放曹.pdf,01000000/01001006_捉放曹.pdf,62507f36-aa22-4065-bb0f-f7de69f87e7c,1,【第一场】,41,dialogue,dialogue,陈宫,pdf_01000000__01001006___06011d42c6__char__a596384b04,白,白,白,来；念白,陈宫,喜从何来？,陈宫 （白） 喜从何来？
pdf_01000000__01001006___06011d42c6,捉放曹,pdf_01000000__01001006___06011d42c6__line__000043,pdf_01000000__01001006___06011d42c6__scene__001,01001006_捉放曹.pdf,D:\University_studies\Junior\data_visualization\experiment\final_self\opera_dataset\01000000\01001006_捉放曹.pdf,01000000/01001006_捉放曹.pdf,62507f36-aa22-4065-bb0f-f7de69f87e7c,1,【第一场】,43,dialogue,dialogue,班头甲,pdf_01000000__01001006___06011d42c6__char__4c2497874f,白,白,白,拿；念白,班头甲；曹操,曹操被小人们拿获了。,班头甲 （白） 曹操被小人们拿获了。
pdf_01000000__01001006___06011d42c6,捉放曹,pdf_01000000__01001006___06011d42c6__line__000045,pdf_01000000__01001006___06011d42c6__scene__001,01001006_捉放曹.pdf,D:\University_studies\Junior\data_visualization\experiment\final_self\opera_dataset\01000000\01001006_捉放曹.pdf,01000000/01001006_捉放曹.pdf,62507f36-aa22-4065-bb0f-f7de69f87e7c,1,【第一场】,45,dialogue,dialogue,陈宫,pdf_01000000__01001006___06011d42c6__char__a596384b04,白,白,白,念白,陈宫,有何为证？,陈宫 （白） 有何为证？
pdf_01000000__01001006___06011d42c6,捉放曹,pdf_01000000__01001006___06011d42c6__line__000047,pdf_01000000__01001006___06011d42c6__scene__001,01001006_捉放曹.pdf,D:\University_studies\Junior\data_visualization\experiment\final_self\opera_dataset\01000000\01001006_捉放曹.pdf,01000000/01001006_捉放曹.pdf,62507f36-aa22-4065-bb0f-f7de69f87e7c,1,【第一场】,47,dialogue,dialogue,班头甲,pdf_01000000__01001006___06011d42c6__char__4c2497874f,白,白,白,念白,班头甲,有宝剑为证。,班头甲 （白） 有宝剑为证。
pdf_01000000__01001006___06011d42c6,捉放曹,pdf_01000000__01001006___06011d42c6__line__000049,pdf_01000000__01001006___06011d42c6__scene__001,01001006_捉放曹.pdf,D:\University_studies\Junior\data_visualization\experiment\final_self\opera_dataset\01000000\01001006_捉放曹.pdf,01000000/01001006_捉放曹.pdf,62507f36-aa22-4065-bb0f-f7de69f87e7c,1,【第一场】,49,dialogue,dialogue,陈宫,pdf_01000000__01001006___06011d42c6__char__a596384b04,白,白,白,上；来；念白,陈宫,呈上来。,陈宫 （白） 呈上来。
pdf_01000000__01001006___06011d42c6,捉放曹,pdf_01000000__01001006___06011d42c6__line__000051,pdf_01000000__01001006___06011d42c6__scene__001,01001006_捉放曹.pdf,D:\University_studies\Junior\data_visualization\experiment\final_self\opera_dataset\01000000\01001006_捉放曹.pdf,01000000/01001006_捉放曹.pdf,62507f36-aa22-4065-bb0f-f7de69f87e7c,1,【第一场】,51,dialogue,dialogue,班头甲,pdf_01000000__01001006___06011d42c6__char__4c2497874f,白,白,白,念白,班头甲,是。,班头甲 （白） 是。
pdf_01000000__01001006___06011d42c6,捉放曹,pdf_01000000__01001006___06011d42c6__line__000053,pdf_01000000__01001006___06011d42c6__scene__001,01001006_捉放曹.pdf,D:\University_studies\Junior\data_visualization\experiment\final_self\opera_dataset\01000000\01001006_捉放曹.pdf,01000000/01001006_捉放曹.pdf,62507f36-aa22-4065-bb0f-f7de69f87e7c,1,【第一场】,53,stage_direction,stage_direction,,,陈宫看宝剑。,做,陈宫看宝剑。,看,陈宫,,（陈宫看宝剑。）
pdf_01000000__01001006___06011d42c6,捉放曹,pdf_01000000__01001006___06011d42c6__line__000055,pdf_01000000__01001006___06011d42c6__scene__001,01001006_捉放曹.pdf,D:\University_studies\Junior\data_visualization\experiment\final_self\opera_dataset\01000000\01001006_捉放曹.pdf,01000000/01001006_捉放曹.pdf,62507f36-aa22-4065-bb0f-f7de69f87e7c,1,【第一场】,55,dialogue,dialogue,陈宫,pdf_01000000__01001006___06011d42c6__char__a596384b04,白,白,白,进；去；拿；念白,陈宫,自要尔等拿得不差，解进京去，俱有千金重赏。,陈宫 （白） 自要尔等拿得不差，解进京去，俱有千金重赏。
pdf_01000000__01001006___06011d42c6,捉放曹,pdf_01000000__01001006___06011d42c6__line__000057,pdf_01000000__01001006___06011d42c6__scene__001,01001006_捉放曹.pdf,D:\University_studies\Junior\data_visualization\experiment\final_self\opera_dataset\01000000\01001006_捉放曹.pdf,01000000/01001006_捉放曹.pdf,62507f36-aa22-4065-bb0f-f7de69f87e7c,1,【第一场】,57,dialogue,dialogue,班头甲,pdf_01000000__01001006___06011d42c6__char__4c2497874f,白,白,白,念白,班头甲,小人们不愿领赏，愿太爷禄依高升。,班头甲 （白） 小人们不愿领赏，愿太爷禄依高升。
pdf_01000000__01001006___06011d42c6,捉放曹,pdf_01000000__01001006___06011d42c6__line__000059,pdf_01000000__01001006___06011d42c6__scene__001,01001006_捉放曹.pdf,D:\University_studies\Junior\data_visualization\experiment\final_self\opera_dataset\01000000\01001006_捉放曹.pdf,01000000/01001006_捉放曹.pdf,62507f36-aa22-4065-bb0f-f7de69f87e7c,1,【第一场】,59,dialogue,dialogue,陈宫,pdf_01000000__01001006___06011d42c6__char__a596384b04,笑,做,笑,笑,陈宫,哈哈哈……,陈宫 （笑） 哈哈哈……
pdf_01000000__01001006___06011d42c6,捉放曹,pdf_01000000__01001006___06011d42c6__line__000061,pdf_01000000__01001006___06011d42c6__scene__001,01001006_捉放曹.pdf,D:\University_studies\Junior\data_visualization\experiment\final_self\opera_dataset\01000000\01001006_捉放曹.pdf,01000000/01001006_捉放曹.pdf,62507f36-aa22-4065-bb0f-f7de69f87e7c,1,【第一场】,61,dialogue,dialogue,,,白,白,白,上；来；刺；念白,曹操,官升禄赏，分所当然。吩咐将刺客曹操押上堂来。,（白） 官升禄赏，分所当然。吩咐将刺客曹操押上堂来。
pdf_01000000__01001006___06011d42c6,捉放曹,pdf_01000000__01001006___06011d42c6__line__000063,pdf_01000000__01001006___06011d42c6__scene__001,01001006_捉放曹.pdf,D:\University_studies\Junior\data_visualization\experiment\final_self\opera_dataset\01000000\01001006_捉放曹.pdf,01000000/01001006_捉放曹.pdf,62507f36-aa22-4065-bb0f-f7de69f87e7c,1,【第一场】,63,dialogue,dialogue,班头甲,pdf_01000000__01001006___06011d42c6__char__4c2497874f,白,白,白,上；来；念白,班头甲；曹操,伙计们，将曹操押上堂来。,班头甲 （白） 伙计们，将曹操押上堂来。
pdf_01000000__01001006___06011d42c6,捉放曹,pdf_01000000__01001006___06011d42c6__line__000065,pdf_01000000__01001006___06011d42c6__scene__001,01001006_捉放曹.pdf,D:\University_studies\Junior\data_visualization\experiment\final_self\opera_dataset\01000000\01001006_捉放曹.pdf,01000000/01001006_捉放曹.pdf,62507f36-aa22-4065-bb0f-f7de69f87e7c,1,【第一场】,65,dialogue,dialogue,班头乙,pdf_01000000__01001006___06011d42c6__char__ab3d966417,内白,白,内白,念白,班头乙,哦。,班头乙 （内白） 哦。
pdf_01000000__01001006___06011d42c6,捉放曹,pdf_01000000__01001006___06011d42c6__line__000067,pdf_01000000__01001006___06011d42c6__scene__001,01001006_捉放曹.pdf,D:\University_studies\Junior\data_visualization\experiment\final_self\opera_dataset\01000000\01001006_捉放曹.pdf,01000000/01001006_捉放曹.pdf,62507f36-aa22-4065-bb0f-f7de69f87e7c,1,【第一场】,67,stage_direction,stage_direction,,,班头乙上。曹操上。,做,班头乙上。曹操上。,上,班头乙；曹操,,（班头乙上。曹操上。）
pdf_01000000__01001006___06011d42c6,捉放曹,pdf_01000000__01001006___06011d42c6__line__000069,pdf_01000000__01001006___06011d42c6__scene__001,01001006_捉放曹.pdf,D:\University_studies\Junior\data_visualization\experiment\final_self\opera_dataset\01000000\01001006_捉放曹.pdf,01000000/01001006_捉放曹.pdf,62507f36-aa22-4065-bb0f-f7de69f87e7c,1,【第一场】,69,lyric,lyric,曹操,pdf_01000000__01001006___06011d42c6__char__9353441b83,西皮流水板,唱,西皮流水板,唱段,曹操,跳龙潭出虎穴逃灾避祸，,曹操 （西皮流水板） 跳龙潭出虎穴逃灾避祸，
pdf_01000000__01001006___06011d42c6,捉放曹,pdf_01000000__01001006___06011d42c6__line__000071,pdf_01000000__01001006___06011d42c6__scene__001,01001006_捉放曹.pdf,D:\University_studies\Junior\data_visualization\experiment\final_self\opera_dataset\01000000\01001006_捉放曹.pdf,01000000/01001006_捉放曹.pdf,62507f36-aa22-4065-bb0f-f7de69f87e7c,1,【第一场】,71,narration,narration,,,,说明,,,又谁知中牟县又入网罗,又谁知中牟县又入网罗。,又谁知中牟县又入网罗。
pdf_01000000__01001006___06011d42c6,捉放曹,pdf_01000000__01001006___06011d42c6__line__000073,pdf_01000000__01001006___06011d42c6__scene__001,01001006_捉放曹.pdf,D:\University_studies\Junior\data_visualization\experiment\final_self\opera_dataset\01000000\01001006_捉放曹.pdf,01000000/01001006_捉放曹.pdf,62507f36-aa22-4065-bb0f-f7de69f87e7c,1,【第一场】,73,narration,narration,,,,说明,,立,怒冲冲站立在滴水檐过,怒冲冲站立在滴水檐过，,怒冲冲站立在滴水檐过，
pdf_01000000__01001006___06011d42c6,捉放曹,pdf_01000000__01001006___06011d42c6__line__000075,pdf_01000000__01001006___06011d42c6__scene__001,01001006_捉放曹.pdf,D:\University_studies\Junior\data_visualization\experiment\final_self\opera_dataset\01000000\01001006_捉放曹.pdf,01000000/01001006_捉放曹.pdf,62507f36-aa22-4065-bb0f-f7de69f87e7c,1,【第一场】,75,narration,narration,,,,说明,,看,陈宫,看陈宫他把我怎样发落。,看陈宫他把我怎样发落。
pdf_01000000__01001006___06011d42c6,捉放曹,pdf_01000000__01001006___06011d42c6__line__000077,pdf_01000000__01001006___06011d42c6__scene__001,01001006_捉放曹.pdf,D:\University_studies\Junior\data_visualization\experiment\final_self\opera_dataset\01000000\01001006_捉放曹.pdf,01000000/01001006_捉放曹.pdf,62507f36-aa22-4065-bb0f-f7de69f87e7c,1,【第一场】,77,lyric,lyric,陈宫,pdf_01000000__01001006___06011d42c6__char__a596384b04,西皮摇板,唱,西皮摇板,进；来；唱段,陈宫,曹孟德进衙来齐声威喝，,陈宫 （西皮摇板） 曹孟德进衙来齐声威喝，
pdf_01000000__01001006___06011d42c6,捉放曹,pdf_01000000__01001006___06011d42c6__line__000079,pdf_01000000__01001006___06011d42c6__scene__001,01001006_捉放曹.pdf,D:\University_studies\Junior\data_visualization\experiment\final_self\opera_dataset\01000000\01001006_捉放曹.pdf,01000000/01001006_捉放曹.pdf,62507f36-aa22-4065-bb0f-f7de69f87e7c,1,【第一场】,79,dialogue,dialogue,曹操,pdf_01000000__01001006___06011d42c6__char__9353441b83,白,白,白,问；念白,曹操,"既知我名,何必动问?","曹操（白）既知我名,何必动问?"
pdf_01000000__01001006___06011d42c6,捉放曹,pdf_01000000__01001006___06011d42c6__line__000079,pdf_01000000__01001006___06011d42c6__scene__001,01001006_捉放曹.pdf,D:\University_studies\Junior\data_visualization\experiment\final_self\opera_dataset\01000000\01001006_捉放曹.pdf,01000000/01001006_捉放曹.pdf,62507f36-aa22-4065-bb0f-f7de69f87e7c,1,【第一场】,79,dialogue,dialogue,陈宫,pdf_01000000__01001006___06011d42c6__char__a596384b04,白,白,白,跪；念白,陈宫,"见了本县,为何不跪?","陈宫（白）见了本县,为何不跪?"
pdf_01000000__01001006___06011d42c6,捉放曹,pdf_01000000__01001006___06011d42c6__line__000079,pdf_01000000__01001006___06011d42c6__scene__001,01001006_捉放曹.pdf,D:\University_studies\Junior\data_visualization\experiment\final_self\opera_dataset\01000000\01001006_捉放曹.pdf,01000000/01001006_捉放曹.pdf,62507f36-aa22-4065-bb0f-f7de69f87e7c,1,【第一场】,79,dialogue,dialogue,曹操,pdf_01000000__01001006___06011d42c6__char__9353441b83,白,白,白,上；下；令；跪；念白,曹操,"我这双金膝,上跪天子,下跪父母,岂肯跪你这小小县令?","曹操（白）我这双金膝,上跪天子,下跪父母,岂肯跪你这小小县令?"
pdf_01000000__01001006___06011d42c6,捉放曹,pdf_01000000__01001006___06011d42c6__line__000079,pdf_01000000__01001006___06011d42c6__scene__001,01001006_捉放曹.pdf,D:\University_studies\Junior\data_visualization\experiment\final_self\opera_dataset\01000000\01001006_捉放曹.pdf,01000000/01001006_捉放曹.pdf,62507f36-aa22-4065-bb0f-f7de69f87e7c,1,【第一场】,79,dialogue,dialogue,陈宫,pdf_01000000__01001006___06011d42c6__char__a596384b04,白,白,白,念白,陈宫,"岂不知王子犯法,与民同罪。","陈宫（白）岂不知王子犯法,与民同罪。"
pdf_01000000__01001006___06011d42c6,捉放曹,pdf_01000000__01001006___06011d42c6__line__000079,pdf_01000000__01001006___06011d42c6__scene__001,01001006_捉放曹.pdf,D:\University_studies\Junior\data_visualization\experiment\final_self\opera_dataset\01000000\01001006_捉放曹.pdf,01000000/01001006_捉放曹.pdf,62507f36-aa22-4065-bb0f-f7de69f87e7c,1,【第一场】,79,dialogue,dialogue,曹操,pdf_01000000__01001006___06011d42c6__char__9353441b83,白,白,白,念白,曹操,我身犯何法?,曹操（白）我身犯何法?
pdf_01000000__01001006___06011d42c6,捉放曹,pdf_01000000__01001006___06011d42c6__line__000079,pdf_01000000__01001006___06011d42c6__scene__001,01001006_捉放曹.pdf,D:\University_studies\Junior\data_visualization\experiment\final_self\opera_dataset\01000000\01001006_捉放曹.pdf,01000000/01001006_捉放曹.pdf,62507f36-aa22-4065-bb0f-f7de69f87e7c,1,【第一场】,79,dialogue,dialogue,陈宫,pdf_01000000__01001006___06011d42c6__char__a596384b04,白,白,白,刺；念白,陈宫,"你行刺董太师,还言无罪。","陈宫（白）你行刺董太师,还言无罪。"
pdf_01000000__01001006___06011d42c6,捉放曹,pdf_01000000__01001006___06011d42c6__line__000079,pdf_01000000__01001006___06011d42c6__scene__001,01001006_捉放曹.pdf,D:\University_studies\Junior\data_visualization\experiment\final_self\opera_dataset\01000000\01001006_捉放曹.pdf,01000000/01001006_捉放曹.pdf,62507f36-aa22-4065-bb0f-f7de69f87e7c,1,【第一场】,79,dialogue,dialogue,曹操,pdf_01000000__01001006___06011d42c6__char__9353441b83,白,白,白,刺；念白,曹操,"我行刺董太师,可是你亲眼得见?","曹操（白）我行刺董太师,可是你亲眼得见?"
pdf_01000000__01001006___06011d42c6,捉放曹,pdf_01000000__01001006___06011d42c6__line__000079,pdf_01000000__01001006___06011d42c6__scene__001,01001006_捉放曹.pdf,D:\University_studies\Junior\data_visualization\experiment\final_self\opera_dataset\01000000\01001006_捉放曹.pdf,01000000/01001006_捉放曹.pdf,62507f36-aa22-4065-bb0f-f7de69f87e7c,1,【第一场】,79,dialogue,dialogue,陈宫,pdf_01000000__01001006___06011d42c6__char__a596384b04,白,白,白,拿；念白,陈宫,"也非亲眼得见,现有董太师钧旨,捉拿与你,还敢强辩不成?","陈宫（白）也非亲眼得见,现有董太师钧旨,捉拿与你,还敢强辩不成?"
pdf_01000000__01001006___06011d42c6,捉放曹,pdf_01000000__01001006___06011d42c6__line__000079,pdf_01000000__01001006___06011d42c6__scene__001,01001006_捉放曹.pdf,D:\University_studies\Junior\data_visualization\experiment\final_self\opera_dataset\01000000\01001006_捉放曹.pdf,01000000/01001006_捉放曹.pdf,62507f36-aa22-4065-bb0f-f7de69f87e7c,1,【第一场】,79,dialogue,dialogue,曹操,pdf_01000000__01001006___06011d42c6__char__9353441b83,白,白,白,念白,曹操,吓!,曹操（白）吓!
pdf_01000000__01001006___06011d42c6,捉放曹,pdf_01000000__01001006___06011d42c6__line__000079,pdf_01000000__01001006___06011d42c6__scene__001,01001006_捉放曹.pdf,D:\University_studies\Junior\data_visualization\experiment\final_self\opera_dataset\01000000\01001006_捉放曹.pdf,01000000/01001006_捉放曹.pdf,62507f36-aa22-4065-bb0f-f7de69f87e7c,1,【第一场】,79,dialogue,dialogue,陈宫,pdf_01000000__01001006___06011d42c6__char__a596384b04,白,白,白,念白,陈宫,"我在廉外为官,怎知朝内之事?","陈宫（白）我在廉外为官,怎知朝内之事?"
pdf_01000000__01001006___06011d42c6,捉放曹,pdf_01000000__01001006___06011d42c6__line__000079,pdf_01000000__01001006___06011d42c6__scene__001,01001006_捉放曹.pdf,D:\University_studies\Junior\data_visualization\experiment\final_self\opera_dataset\01000000\01001006_捉放曹.pdf,01000000/01001006_捉放曹.pdf,62507f36-aa22-4065-bb0f-f7de69f87e7c,1,【第一场】,79,dialogue,dialogue,曹操,pdf_01000000__01001006___06011d42c6__char__9353441b83,白,白,白,来；念白,曹操,"却又来,","曹操（白）却又来,"
pdf_01000000__01001006___06011d42c6,捉放曹,pdf_01000000__01001006___06011d42c6__line__000079,pdf_01000000__01001006___06011d42c6__scene__001,01001006_捉放曹.pdf,D:\University_studies\Junior\data_visualization\experiment\final_self\opera_dataset\01000000\01001006_捉放曹.pdf,01000000/01001006_捉放曹.pdf,62507f36-aa22-4065-bb0f-f7de69f87e7c,1,【第一场】,79,dialogue,dialogue,陈宫,pdf_01000000__01001006___06011d42c6__char__a596384b04,白,白,白,念白,陈宫,哦!,陈宫（白）哦!
pdf_01000000__01001006___06011d42c6,捉放曹,pdf_01000000__01001006___06011d42c6__line__000079,pdf_01000000__01001006___06011d42c6__scene__001,01001006_捉放曹.pdf,D:\University_studies\Junior\data_visualization\experiment\final_self\opera_dataset\01000000\01001006_捉放曹.pdf,01000000/01001006_捉放曹.pdf,62507f36-aa22-4065-bb0f-f7de69f87e7c,1,【第一场】,79,lyric,lyric,曹操,pdf_01000000__01001006___06011d42c6__char__9353441b83,西皮快板,唱,西皮快板,进；叫；刺；唱段,曹操；陈宫,"你将我解进京献与董卓,那时节见太师自有话说:刺董卓是陈宫修书与我,管叫你遍体排牙难以分说!","曹操（西皮快板）你将我解进京献与董卓,那时节见太师自有话说:刺董卓是陈宫修书与我,管叫你遍体排牙难以分说!"
pdf_01000000__01001006___06011d42c6,捉放曹,pdf_01000000__01001006___06011d42c6__line__000079,pdf_01000000__01001006___06011d42c6__scene__001,01001006_捉放曹.pdf,D:\University_studies\Junior\data_visualization\experiment\final_self\opera_dataset\01000000\01001006_捉放曹.pdf,01000000/01001006_捉放曹.pdf,62507f36-aa22-4065-bb0f-f7de69f87e7c,1,【第一场】,79,dialogue,dialogue,陈宫,pdf_01000000__01001006___06011d42c6__char__a596384b04,白,白,白,念白,陈宫,哦!,陈宫（白）哦!
pdf_01000000__01001006___06011d42c6,捉放曹,pdf_01000000__01001006___06011d42c6__line__000081,pdf_01000000__01001006___06011d42c6__scene__001,01001006_捉放曹.pdf,D:\University_studies\Junior\data_visualization\experiment\final_self\opera_dataset\01000000\01001006_捉放曹.pdf,01000000/01001006_捉放曹.pdf,62507f36-aa22-4065-bb0f-f7de69f87e7c,1,【第一场】,81,lyric,lyric,曹操,pdf_01000000__01001006___06011d42c6__char__9353441b83,西皮快板,唱,西皮快板,下；进；令；叫；道；杀；唱段,曹操,"我就是放也说个言投意合。陈公台说此话真个软弱,小县令怎能够名标烟阁?依我劝弃县令随定与我,约诸侯带人马杀进朝歌。到那时灭残臣除奸剿恶,管叫你换朝衣封官受爵!陈公台又道你颇有王佐,细思量想一想心下如何?","曹操（西皮快板）我就是放也说个言投意合。陈公台说此话真个软弱,小县令怎能够名标烟阁?依我劝弃县令随定与我,约诸侯带人马杀进朝歌。到那时灭残臣除奸剿恶,管叫你换朝衣封官受爵!陈公台又道你颇有王佐,细思量想一想心下如何?"
pdf_01000000__01001006___06011d42c6,捉放曹,pdf_01000000__01001006___06011d42c6__line__000081,pdf_01000000__01001006___06011d42c6__scene__001,01001006_捉放曹.pdf,D:\University_studies\Junior\data_visualization\experiment\final_self\opera_dataset\01000000\01001006_捉放曹.pdf,01000000/01001006_捉放曹.pdf,62507f36-aa22-4065-bb0f-f7de69f87e7c,1,【第一场】,81,lyric,lyric,陈宫,pdf_01000000__01001006___06011d42c6__char__a596384b04,西皮快板,唱,西皮快板,令；唱段,陈宫,"曹孟德出此言如梦出觉,七品官岂不负经纶才学。倒不如弃县令从他入伙,奔天涯约诸侯重整朝歌。","陈宫（西皮快板）曹孟德出此言如梦出觉,七品官岂不负经纶才学。倒不如弃县令从他入伙,奔天涯约诸侯重整朝歌。"
pdf_01000000__01001006___06011d42c6,捉放曹,pdf_01000000__01001006___06011d42c6__line__000081,pdf_01000000__01001006___06011d42c6__scene__001,01001006_捉放曹.pdf,D:\University_studies\Junior\data_visualization\experiment\final_self\opera_dataset\01000000\01001006_捉放曹.pdf,01000000/01001006_捉放曹.pdf,62507f36-aa22-4065-bb0f-f7de69f87e7c,1,【第一场】,81,lyric,lyric,陈宫,pdf_01000000__01001006___06011d42c6__char__a596384b04,西皮摇板,唱,西皮摇板,退；唱段,陈宫,书役们且退避也有发落。,陈宫（西皮摇板）书役们且退避也有发落。
pdf_01000000__01001006___06011d42c6,捉放曹,pdf_01000000__01001006___06011d42c6__line__000081,pdf_01000000__01001006___06011d42c6__scene__001,01001006_捉放曹.pdf,D:\University_studies\Junior\data_visualization\experiment\final_self\opera_dataset\01000000\01001006_捉放曹.pdf,01000000/01001006_捉放曹.pdf,62507f36-aa22-4065-bb0f-f7de69f87e7c,1,【第一场】,81,lyric,lyric,陈宫,pdf_01000000__01001006___06011d42c6__char__a596384b04,西皮摇板,唱,西皮摇板,坐；唱段,陈宫,"手挽手与明公二堂内坐,驾光临少奉迎望乞恕罪。","陈宫（西皮摇板）手挽手与明公二堂内坐,驾光临少奉迎望乞恕罪。"
pdf_01000000__01001006___06011d42c6,捉放曹,pdf_01000000__01001006___06011d42c6__line__000081,pdf_01000000__01001006___06011d42c6__scene__001,01001006_捉放曹.pdf,D:\University_studies\Junior\data_visualization\experiment\final_self\opera_dataset\01000000\01001006_捉放曹.pdf,01000000/01001006_捉放曹.pdf,62507f36-aa22-4065-bb0f-f7de69f87e7c,1,【第一场】,81,dialogue,dialogue,曹操,pdf_01000000__01001006___06011d42c6__char__9353441b83,白,白,白,报；念白,曹操,"岂敢,多蒙释放,日后必当重报!","曹操（白）岂敢,多蒙释放,日后必当重报!"
pdf_01000000__01001006___06011d42c6,捉放曹,pdf_01000000__01001006___06011d42c6__line__000081,pdf_01000000__01001006___06011d42c6__scene__001,01001006_捉放曹.pdf,D:\University_studies\Junior\data_visualization\experiment\final_self\opera_dataset\01000000\01001006_捉放曹.pdf,01000000/01001006_捉放曹.pdf,62507f36-aa22-4065-bb0f-f7de69f87e7c,1,【第一场】,81,dialogue,dialogue,陈宫,pdf_01000000__01001006___06011d42c6__char__a596384b04,白,白,白,杀；刺；念白,陈宫,"久闻明公献剑为名,刺杀董卓。天意不随,今欲何往?","陈宫（白）久闻明公献剑为名,刺杀董卓。天意不随,今欲何往?"
pdf_01000000__01001006___06011d42c6,捉放曹,pdf_01000000__01001006___06011d42c6__line__000081,pdf_01000000__01001006___06011d42c6__scene__001,01001006_捉放曹.pdf,D:\University_studies\Junior\data_visualization\experiment\final_self\opera_dataset\01000000\01001006_捉放曹.pdf,01000000/01001006_捉放曹.pdf,62507f36-aa22-4065-bb0f-f7de69f87e7c,1,【第一场】,81,dialogue,dialogue,曹操,pdf_01000000__01001006___06011d42c6__char__9353441b83,白,白,白,走；来；念白,曹操,"我有意奔走天涯,颁来五路诸侯,灭却董卓。","曹操（白）我有意奔走天涯,颁来五路诸侯,灭却董卓。"
pdf_01000000__01001006___06011d42c6,捉放曹,pdf_01000000__01001006___06011d42c6__line__000081,pdf_01000000__01001006___06011d42c6__scene__001,01001006_捉放曹.pdf,D:\University_studies\Junior\data_visualization\experiment\final_self\opera_dataset\01000000\01001006_捉放曹.pdf,01000000/01001006_捉放曹.pdf,62507f36-aa22-4065-bb0f-f7de69f87e7c,1,【第一场】,81,dialogue,dialogue,陈宫,pdf_01000000__01001006___06011d42c6__char__a596384b04,白,白,白,下；走；念白,陈宫,"下官有意随明公,奔走天涯,不知意下如何?","陈宫（白）下官有意随明公,奔走天涯,不知意下如何?"
pdf_01000000__01001006___06011d42c6,捉放曹,pdf_01000000__01001006___06011d42c6__line__000081,pdf_01000000__01001006___06011d42c6__scene__001,01001006_捉放曹.pdf,D:\University_studies\Junior\data_visualization\experiment\final_self\opera_dataset\01000000\01001006_捉放曹.pdf,01000000/01001006_捉放曹.pdf,62507f36-aa22-4065-bb0f-f7de69f87e7c,1,【第一场】,81,dialogue,dialogue,曹操,pdf_01000000__01001006___06011d42c6__char__9353441b83,白,白,白,去；念白,曹操,"若得公台同去便好,只是连累宝眷不便。","曹操（白）若得公台同去便好,只是连累宝眷不便。"
pdf_01000000__01001006___06011d42c6,捉放曹,pdf_01000000__01001006___06011d42c6__line__000081,pdf_01000000__01001006___06011d42c6__scene__001,01001006_捉放曹.pdf,D:\University_studies\Junior\data_visualization\experiment\final_self\opera_dataset\01000000\01001006_捉放曹.pdf,01000000/01001006_捉放曹.pdf,62507f36-aa22-4065-bb0f-f7de69f87e7c,1,【第一场】,81,dialogue,dialogue,陈宫,pdf_01000000__01001006___06011d42c6__char__a596384b04,白,白,白,念白,陈宫,"不妨,老母妻子,俱在原郡;仆人使女,不在衙署。料无妨碍。","陈宫（白）不妨,老母妻子,俱在原郡;仆人使女,不在衙署。料无妨碍。"
pdf_01000000__01001006___06011d42c6,捉放曹,pdf_01000000__01001006___06011d42c6__line__000081,pdf_01000000__01001006___06011d42c6__scene__001,01001006_捉放曹.pdf,D:\University_studies\Junior\data_visualization\experiment\final_self\opera_dataset\01000000\01001006_捉放曹.pdf,01000000/01001006_捉放曹.pdf,62507f36-aa22-4065-bb0f-f7de69f87e7c,1,【第一场】,81,dialogue,dialogue,曹操,pdf_01000000__01001006___06011d42c6__char__9353441b83,白,白,白,念白,曹操,"既然如此,事不宜迟,你我连夜出城,以免百姓耳目。","曹操（白）既然如此,事不宜迟,你我连夜出城,以免百姓耳目。"
pdf_01000000__01001006___06011d42c6,捉放曹,pdf_01000000__01001006___06011d42c6__line__000081,pdf_01000000__01001006___06011d42c6__scene__001,01001006_捉放曹.pdf,D:\University_studies\Junior\data_visualization\experiment\final_self\opera_dataset\01000000\01001006_捉放曹.pdf,01000000/01001006_捉放曹.pdf,62507f36-aa22-4065-bb0f-f7de69f87e7c,1,【第一场】,81,dialogue,dialogue,陈宫,pdf_01000000__01001006___06011d42c6__char__a596384b04,白,白,白,下；请；念白,陈宫,"请至书房待茶,待下官料理公案,即便同行。","陈宫（白）请至书房待茶,待下官料理公案,即便同行。"
pdf_01000000__01001006___06011d42c6,捉放曹,pdf_01000000__01001006___06011d42c6__line__000081,pdf_01000000__01001006___06011d42c6__scene__001,01001006_捉放曹.pdf,D:\University_studies\Junior\data_visualization\experiment\final_self\opera_dataset\01000000\01001006_捉放曹.pdf,01000000/01001006_捉放曹.pdf,62507f36-aa22-4065-bb0f-f7de69f87e7c,1,【第一场】,81,dialogue,dialogue,曹操,pdf_01000000__01001006___06011d42c6__char__9353441b83,白,白,白,念白,曹操,暂且别。,曹操（白）暂且别。
pdf_01000000__01001006___06011d42c6,捉放曹,pdf_01000000__01001006___06011d42c6__line__000081,pdf_01000000__01001006___06011d42c6__scene__001,01001006_捉放曹.pdf,D:\University_studies\Junior\data_visualization\experiment\final_self\opera_dataset\01000000\01001006_捉放曹.pdf,01000000/01001006_捉放曹.pdf,62507f36-aa22-4065-bb0f-f7de69f87e7c,1,【第一场】,81,dialogue,dialogue,陈宫,pdf_01000000__01001006___06011d42c6__char__a596384b04,白,白,白,来；念白,陈宫,"少刻奉陪。来,","陈宫（白）少刻奉陪。来,"
pdf_01000000__01001006___06011d42c6,捉放曹,pdf_01000000__01001006___06011d42c6__line__000081,pdf_01000000__01001006___06011d42c6__scene__001,01001006_捉放曹.pdf,D:\University_studies\Junior\data_visualization\experiment\final_self\opera_dataset\01000000\01001006_捉放曹.pdf,01000000/01001006_捉放曹.pdf,62507f36-aa22-4065-bb0f-f7de69f87e7c,1,【第一场】,81,dialogue,dialogue,门子,pdf_01000000__01001006___06011d42c6__char__4a1a0168b0,白,白,白,念白,门子,有。,门子（白）有。
pdf_01000000__01001006___06011d42c6,捉放曹,pdf_01000000__01001006___06011d42c6__line__000081,pdf_01000000__01001006___06011d42c6__scene__001,01001006_捉放曹.pdf,D:\University_studies\Junior\data_visualization\experiment\final_self\opera_dataset\01000000\01001006_捉放曹.pdf,01000000/01001006_捉放曹.pdf,62507f36-aa22-4065-bb0f-f7de69f87e7c,1,【第一场】,81,dialogue,dialogue,陈宫,pdf_01000000__01001006___06011d42c6__char__a596384b04,白,白,白,上；下；来；念白,陈宫,"将印信付与右堂代管。说老爷领了上司公文,下乡查旱,多则一月,少则十日就回。你附耳上来。","陈宫（白）将印信付与右堂代管。说老爷领了上司公文,下乡查旱,多则一月,少则十日就回。你附耳上来。"
pdf_01000000__01001006___06011d42c6,捉放曹,pdf_01000000__01001006___06011d42c6__line__000081,pdf_01000000__01001006___06011d42c6__scene__001,01001006_捉放曹.pdf,D:\University_studies\Junior\data_visualization\experiment\final_self\opera_dataset\01000000\01001006_捉放曹.pdf,01000000/01001006_捉放曹.pdf,62507f36-aa22-4065-bb0f-f7de69f87e7c,1,【第一场】,81,dialogue,dialogue,陈宫,pdf_01000000__01001006___06011d42c6__char__a596384b04,白,白,白,念白,陈宫,备马伺候。,陈宫（白）备马伺候。
pdf_01000000__01001006___06011d42c6,捉放曹,pdf_01000000__01001006___06011d42c6__line__000085,pdf_01000000__01001006___06011d42c6__scene__002,01001006_捉放曹.pdf,D:\University_studies\Junior\data_visualization\experiment\final_self\opera_dataset\01000000\01001006_捉放曹.pdf,01000000/01001006_捉放曹.pdf,62507f36-aa22-4065-bb0f-f7de69f87e7c,2,【第二场】,85,stage_direction,stage_direction,,,吕伯奢上。,做,吕伯奢上。,上,吕伯奢,,（吕伯奢上。）
pdf_01000000__01001006___06011d42c6,捉放曹,pdf_01000000__01001006___06011d42c6__line__000087,pdf_01000000__01001006___06011d42c6__scene__002,01001006_捉放曹.pdf,D:\University_studies\Junior\data_visualization\experiment\final_self\opera_dataset\01000000\01001006_捉放曹.pdf,01000000/01001006_捉放曹.pdf,62507f36-aa22-4065-bb0f-f7de69f87e7c,2,【第二场】,87,dialogue,dialogue,吕伯奢,pdf_01000000__01001006___06011d42c6__char__576ef3218a,念,念,念,叫,吕伯奢,"夜梦不详,叫人难防。","吕伯奢（念）夜梦不详,叫人难防。"
pdf_01000000__01001006___06011d42c6,捉放曹,pdf_01000000__01001006___06011d42c6__line__000087,pdf_01000000__01001006___06011d42c6__scene__002,01001006_捉放曹.pdf,D:\University_studies\Junior\data_visualization\experiment\final_self\opera_dataset\01000000\01001006_捉放曹.pdf,01000000/01001006_捉放曹.pdf,62507f36-aa22-4065-bb0f-f7de69f87e7c,2,【第二场】,87,dialogue,dialogue,曹操,pdf_01000000__01001006___06011d42c6__char__9353441b83,内白,白,内白,来；念白,曹操,马来!,曹操（内白）马来!
pdf_01000000__01001006___06011d42c6,捉放曹,pdf_01000000__01001006___06011d42c6__line__000087,pdf_01000000__01001006___06011d42c6__scene__002,01001006_捉放曹.pdf,D:\University_studies\Junior\data_visualization\experiment\final_self\opera_dataset\01000000\01001006_捉放曹.pdf,01000000/01001006_捉放曹.pdf,62507f36-aa22-4065-bb0f-f7de69f87e7c,2,【第二场】,87,lyric,lyric,曹操,pdf_01000000__01001006___06011d42c6__char__9353441b83,西皮摇板,唱,西皮摇板,唱段,曹操,"八月中秋桂花香,","曹操（西皮摇板）八月中秋桂花香,"
pdf_01000000__01001006___06011d42c6,捉放曹,pdf_01000000__01001006___06011d42c6__line__000087,pdf_01000000__01001006___06011d42c6__scene__002,01001006_捉放曹.pdf,D:\University_studies\Junior\data_visualization\experiment\final_self\opera_dataset\01000000\01001006_捉放曹.pdf,01000000/01001006_捉放曹.pdf,62507f36-aa22-4065-bb0f-f7de69f87e7c,2,【第二场】,87,lyric,lyric,陈宫,pdf_01000000__01001006___06011d42c6__char__a596384b04,西皮摇板,唱,西皮摇板,上；唱段,陈宫,行人路上马蹄忙。,陈宫（西皮摇板）行人路上马蹄忙。
pdf_01000000__01001006___06011d42c6,捉放曹,pdf_01000000__01001006___06011d42c6__line__000087,pdf_01000000__01001006___06011d42c6__scene__002,01001006_捉放曹.pdf,D:\University_studies\Junior\data_visualization\experiment\final_self\opera_dataset\01000000\01001006_捉放曹.pdf,01000000/01001006_捉放曹.pdf,62507f36-aa22-4065-bb0f-f7de69f87e7c,2,【第二场】,87,lyric,lyric,曹操,pdf_01000000__01001006___06011d42c6__char__9353441b83,西皮摇板,唱,西皮摇板,坐；立；唱段,曹操,"坐立雕鞍用目望,","曹操（西皮摇板）坐立雕鞍用目望,"
pdf_01000000__01001006___06011d42c6,捉放曹,pdf_01000000__01001006___06011d42c6__line__000087,pdf_01000000__01001006___06011d42c6__scene__002,01001006_捉放曹.pdf,D:\University_studies\Junior\data_visualization\experiment\final_self\opera_dataset\01000000\01001006_捉放曹.pdf,01000000/01001006_捉放曹.pdf,62507f36-aa22-4065-bb0f-f7de69f87e7c,2,【第二场】,87,lyric,lyric,陈宫,pdf_01000000__01001006___06011d42c6__char__a596384b04,西皮摇板,唱,西皮摇板,唱段,陈宫,见一老丈在路旁。,陈宫（西皮摇板）见一老丈在路旁。
pdf_01000000__01001006___06011d42c6,捉放曹,pdf_01000000__01001006___06011d42c6__line__000087,pdf_01000000__01001006___06011d42c6__scene__002,01001006_捉放曹.pdf,D:\University_studies\Junior\data_visualization\experiment\final_self\opera_dataset\01000000\01001006_捉放曹.pdf,01000000/01001006_捉放曹.pdf,62507f36-aa22-4065-bb0f-f7de69f87e7c,2,【第二场】,87,dialogue,dialogue,吕伯奢,pdf_01000000__01001006___06011d42c6__char__576ef3218a,白,白,白,来；念白,吕伯奢；曹操,"吓,那边来的敢是曹操?","吕伯奢（白）吓,那边来的敢是曹操?"
pdf_01000000__01001006___06011d42c6,捉放曹,pdf_01000000__01001006___06011d42c6__line__000087,pdf_01000000__01001006___06011d42c6__scene__002,01001006_捉放曹.pdf,D:\University_studies\Junior\data_visualization\experiment\final_self\opera_dataset\01000000\01001006_捉放曹.pdf,01000000/01001006_捉放曹.pdf,62507f36-aa22-4065-bb0f-f7de69f87e7c,2,【第二场】,87,dialogue,dialogue,曹操,pdf_01000000__01001006___06011d42c6__char__9353441b83,白,白,白,念白,曹操,"吓,俺不是曹操,你不要错认了。","曹操（白）吓,俺不是曹操,你不要错认了。"
pdf_01000000__01001006___06011d42c6,捉放曹,pdf_01000000__01001006___06011d42c6__line__000087,pdf_01000000__01001006___06011d42c6__scene__002,01001006_捉放曹.pdf,D:\University_studies\Junior\data_visualization\experiment\final_self\opera_dataset\01000000\01001006_捉放曹.pdf,01000000/01001006_捉放曹.pdf,62507f36-aa22-4065-bb0f-f7de69f87e7c,2,【第二场】,87,dialogue,dialogue,吕伯奢,pdf_01000000__01001006___06011d42c6__char__576ef3218a,白,白,白,道；拜；念白,吕伯奢,"吓,贤侄,不要害怕,老夫吕伯奢,你父与我有八拜之交,难道就不认得了么?","吕伯奢（白）吓,贤侄,不要害怕,老夫吕伯奢,你父与我有八拜之交,难道就不认得了么?"
pdf_01000000__01001006___06011d42c6,捉放曹,pdf_01000000__01001006___06011d42c6__line__000087,pdf_01000000__01001006___06011d42c6__scene__002,01001006_捉放曹.pdf,D:\University_studies\Junior\data_visualization\experiment\final_self\opera_dataset\01000000\01001006_捉放曹.pdf,01000000/01001006_捉放曹.pdf,62507f36-aa22-4065-bb0f-f7de69f87e7c,2,【第二场】,87,dialogue,dialogue,曹操,pdf_01000000__01001006___06011d42c6__char__9353441b83,白,白,白,下；来；念白,曹操,"哦,原来是吕伯父来了,一同下马。侄儿不知,多多有罪。","曹操（白）哦,原来是吕伯父来了,一同下马。侄儿不知,多多有罪。"
pdf_01000000__01001006___06011d42c6,捉放曹,pdf_01000000__01001006___06011d42c6__line__000087,pdf_01000000__01001006___06011d42c6__scene__002,01001006_捉放曹.pdf,D:\University_studies\Junior\data_visualization\experiment\final_self\opera_dataset\01000000\01001006_捉放曹.pdf,01000000/01001006_捉放曹.pdf,62507f36-aa22-4065-bb0f-f7de69f87e7c,2,【第二场】,87,dialogue,dialogue,吕伯奢,pdf_01000000__01001006___06011d42c6__char__576ef3218a,白,白,白,念白,吕伯奢,"岂敢,不知者不怪。","吕伯奢（白）岂敢,不知者不怪。"
pdf_01000000__01001006___06011d42c6,捉放曹,pdf_01000000__01001006___06011d42c6__line__000087,pdf_01000000__01001006___06011d42c6__scene__002,01001006_捉放曹.pdf,D:\University_studies\Junior\data_visualization\experiment\final_self\opera_dataset\01000000\01001006_捉放曹.pdf,01000000/01001006_捉放曹.pdf,62507f36-aa22-4065-bb0f-f7de69f87e7c,2,【第二场】,87,dialogue,dialogue,陈宫,pdf_01000000__01001006___06011d42c6__char__a596384b04,白,白,白,念白,陈宫,"明公,你我赶路要紧!","陈宫（白）明公,你我赶路要紧!"
pdf_01000000__01001006___06011d42c6,捉放曹,pdf_01000000__01001006___06011d42c6__line__000087,pdf_01000000__01001006___06011d42c6__scene__002,01001006_捉放曹.pdf,D:\University_studies\Junior\data_visualization\experiment\final_self\opera_dataset\01000000\01001006_捉放曹.pdf,01000000/01001006_捉放曹.pdf,62507f36-aa22-4065-bb0f-f7de69f87e7c,2,【第二场】,87,dialogue,dialogue,曹操,pdf_01000000__01001006___06011d42c6__char__9353441b83,白,白,白,拜；念白,曹操,"是吓,伯父,本当到府,拜见伯母,奈有要事不便,侄儿告辞了。","曹操（白）是吓,伯父,本当到府,拜见伯母,奈有要事不便,侄儿告辞了。"
pdf_01000000__01001006___06011d42c6,捉放曹,pdf_01000000__01001006___06011d42c6__line__000087,pdf_01000000__01001006___06011d42c6__scene__002,01001006_捉放曹.pdf,D:\University_studies\Junior\data_visualization\experiment\final_self\opera_dataset\01000000\01001006_捉放曹.pdf,01000000/01001006_捉放曹.pdf,62507f36-aa22-4065-bb0f-f7de69f87e7c,2,【第二场】,87,dialogue,dialogue,吕伯奢,pdf_01000000__01001006___06011d42c6__char__576ef3218a,白,白,白,来；请；拜；念白,吕伯奢,"且慢,贤侄说哪里话来,你乃朝廷贵客,你父与我八拜之交。天色已晚,岂有过门不入之理?请到寒舍一叙,老汉与你带马。","吕伯奢（白）且慢,贤侄说哪里话来,你乃朝廷贵客,你父与我八拜之交。天色已晚,岂有过门不入之理?请到寒舍一叙,老汉与你带马。"
pdf_01000000__01001006___06011d42c6,捉放曹,pdf_01000000__01001006___06011d42c6__line__000087,pdf_01000000__01001006___06011d42c6__scene__002,01001006_捉放曹.pdf,D:\University_studies\Junior\data_visualization\experiment\final_self\opera_dataset\01000000\01001006_捉放曹.pdf,01000000/01001006_捉放曹.pdf,62507f36-aa22-4065-bb0f-f7de69f87e7c,2,【第二场】,87,dialogue,dialogue,曹操,pdf_01000000__01001006___06011d42c6__char__9353441b83,白,白,白,念白,曹操,这就不敢。,曹操（白）这就不敢。
pdf_01000000__01001006___06011d42c6,捉放曹,pdf_01000000__01001006___06011d42c6__line__000087,pdf_01000000__01001006___06011d42c6__scene__002,01001006_捉放曹.pdf,D:\University_studies\Junior\data_visualization\experiment\final_self\opera_dataset\01000000\01001006_捉放曹.pdf,01000000/01001006_捉放曹.pdf,62507f36-aa22-4065-bb0f-f7de69f87e7c,2,【第二场】,87,dialogue,dialogue,吕伯奢,pdf_01000000__01001006___06011d42c6__char__576ef3218a,白,白,白,念白,吕伯奢,前面带路了。,吕伯奢（白）前面带路了。
pdf_01000000__01001006___06011d42c6,捉放曹,pdf_01000000__01001006___06011d42c6__line__000087,pdf_01000000__01001006___06011d42c6__scene__002,01001006_捉放曹.pdf,D:\University_studies\Junior\data_visualization\experiment\final_self\opera_dataset\01000000\01001006_捉放曹.pdf,01000000/01001006_捉放曹.pdf,62507f36-aa22-4065-bb0f-f7de69f87e7c,2,【第二场】,87,dialogue,dialogue,陈宫,pdf_01000000__01001006___06011d42c6__char__a596384b04,白,白,白,去；念白,陈宫,"明公,去得的么?","陈宫（白）明公,去得的么?"
pdf_01000000__01001006___06011d42c6,捉放曹,pdf_01000000__01001006___06011d42c6__line__000087,pdf_01000000__01001006___06011d42c6__scene__002,01001006_捉放曹.pdf,D:\University_studies\Junior\data_visualization\experiment\final_self\opera_dataset\01000000\01001006_捉放曹.pdf,01000000/01001006_捉放曹.pdf,62507f36-aa22-4065-bb0f-f7de69f87e7c,2,【第二场】,87,dialogue,dialogue,曹操,pdf_01000000__01001006___06011d42c6__char__9353441b83,白,白,白,去；念白,曹操,"此乃我父好友,去得的。","曹操（白）此乃我父好友,去得的。"
pdf_01000000__01001006___06011d42c6,捉放曹,pdf_01000000__01001006___06011d42c6__line__000087,pdf_01000000__01001006___06011d42c6__scene__002,01001006_捉放曹.pdf,D:\University_studies\Junior\data_visualization\experiment\final_self\opera_dataset\01000000\01001006_捉放曹.pdf,01000000/01001006_捉放曹.pdf,62507f36-aa22-4065-bb0f-f7de69f87e7c,2,【第二场】,87,lyric,lyric,吕伯奢,pdf_01000000__01001006___06011d42c6__char__576ef3218a,西皮流水板,唱,西皮流水板,叫；唱段,吕伯奢,"怪不得昨晚灯花放,今日喜鹊叫门前。只说大祸从天降,贵客临门到我庄。","吕伯奢（西皮流水板）怪不得昨晚灯花放,今日喜鹊叫门前。只说大祸从天降,贵客临门到我庄。"
pdf_01000000__01001006___06011d42c6,捉放曹,pdf_01000000__01001006___06011d42c6__line__000087,pdf_01000000__01001006___06011d42c6__scene__002,01001006_捉放曹.pdf,D:\University_studies\Junior\data_visualization\experiment\final_self\opera_dataset\01000000\01001006_捉放曹.pdf,01000000/01001006_捉放曹.pdf,62507f36-aa22-4065-bb0f-f7de69f87e7c,2,【第二场】,87,dialogue,dialogue,童儿,pdf_01000000__01001006___06011d42c6__char__259bd10087,白,白,白,念白,童儿,迎接家爷。,童儿（白）迎接家爷。
pdf_01000000__01001006___06011d42c6,捉放曹,pdf_01000000__01001006___06011d42c6__line__000087,pdf_01000000__01001006___06011d42c6__scene__002,01001006_捉放曹.pdf,D:\University_studies\Junior\data_visualization\experiment\final_self\opera_dataset\01000000\01001006_捉放曹.pdf,01000000/01001006_捉放曹.pdf,62507f36-aa22-4065-bb0f-f7de69f87e7c,2,【第二场】,87,dialogue,dialogue,吕伯奢,pdf_01000000__01001006___06011d42c6__char__576ef3218a,白,白,白,念白,吕伯奢,"将马带到后槽,多加草料。","吕伯奢（白）将马带到后槽,多加草料。"
pdf_01000000__01001006___06011d42c6,捉放曹,pdf_01000000__01001006___06011d42c6__line__000087,pdf_01000000__01001006___06011d42c6__scene__002,01001006_捉放曹.pdf,D:\University_studies\Junior\data_visualization\experiment\final_self\opera_dataset\01000000\01001006_捉放曹.pdf,01000000/01001006_捉放曹.pdf,62507f36-aa22-4065-bb0f-f7de69f87e7c,2,【第二场】,87,dialogue,dialogue,曹操,pdf_01000000__01001006___06011d42c6__char__9353441b83,白,白,白,下；念白,曹操,马不要下鞍!,曹操（白）马不要下鞍!
pdf_01000000__01001006___06011d42c6,捉放曹,pdf_01000000__01001006___06011d42c6__line__000087,pdf_01000000__01001006___06011d42c6__scene__002,01001006_捉放曹.pdf,D:\University_studies\Junior\data_visualization\experiment\final_self\opera_dataset\01000000\01001006_捉放曹.pdf,01000000/01001006_捉放曹.pdf,62507f36-aa22-4065-bb0f-f7de69f87e7c,2,【第二场】,87,dialogue,dialogue,吕伯奢,pdf_01000000__01001006___06011d42c6__char__576ef3218a,白,白,白,进；请；念白,吕伯奢,请进。,吕伯奢（白）请进。
pdf_01000000__01001006___06011d42c6,捉放曹,pdf_01000000__01001006___06011d42c6__line__000087,pdf_01000000__01001006___06011d42c6__scene__002,01001006_捉放曹.pdf,D:\University_studies\Junior\data_visualization\experiment\final_self\opera_dataset\01000000\01001006_捉放曹.pdf,01000000/01001006_捉放曹.pdf,62507f36-aa22-4065-bb0f-f7de69f87e7c,2,【第二场】,87,dialogue,dialogue,陈宫,pdf_01000000__01001006___06011d42c6__char__a596384b04,同白,白,同白,请；念白,陈宫,请。,陈宫（同白）请。
pdf_01000000__01001006___06011d42c6,捉放曹,pdf_01000000__01001006___06011d42c6__line__000087,pdf_01000000__01001006___06011d42c6__scene__002,01001006_捉放曹.pdf,D:\University_studies\Junior\data_visualization\experiment\final_self\opera_dataset\01000000\01001006_捉放曹.pdf,01000000/01001006_捉放曹.pdf,62507f36-aa22-4065-bb0f-f7de69f87e7c,2,【第二场】,87,dialogue,dialogue,吕伯奢,pdf_01000000__01001006___06011d42c6__char__576ef3218a,白,白,白,念白,吕伯奢,此位是谁?,吕伯奢（白）此位是谁?
pdf_01000000__01001006___06011d42c6,捉放曹,pdf_01000000__01001006___06011d42c6__line__000087,pdf_01000000__01001006___06011d42c6__scene__002,01001006_捉放曹.pdf,D:\University_studies\Junior\data_visualization\experiment\final_self\opera_dataset\01000000\01001006_捉放曹.pdf,01000000/01001006_捉放曹.pdf,62507f36-aa22-4065-bb0f-f7de69f87e7c,2,【第二场】,87,dialogue,dialogue,曹操,pdf_01000000__01001006___06011d42c6__char__9353441b83,白,白,白,念白,曹操,"这就是中牟县太爷,姓陈名宫,字公台。","曹操（白）这就是中牟县太爷,姓陈名宫,字公台。"
pdf_01000000__01001006___06011d42c6,捉放曹,pdf_01000000__01001006___06011d42c6__line__000087,pdf_01000000__01001006___06011d42c6__scene__002,01001006_捉放曹.pdf,D:\University_studies\Junior\data_visualization\experiment\final_self\opera_dataset\01000000\01001006_捉放曹.pdf,01000000/01001006_捉放曹.pdf,62507f36-aa22-4065-bb0f-f7de69f87e7c,2,【第二场】,87,dialogue,dialogue,吕伯奢,pdf_01000000__01001006___06011d42c6__char__576ef3218a,白,白,白,来；念白,吕伯奢,"哎吓,原来是我父母太爷,小老不知,多有得罪。","吕伯奢（白）哎吓,原来是我父母太爷,小老不知,多有得罪。"
pdf_01000000__01001006___06011d42c6,捉放曹,pdf_01000000__01001006___06011d42c6__line__000087,pdf_01000000__01001006___06011d42c6__scene__002,01001006_捉放曹.pdf,D:\University_studies\Junior\data_visualization\experiment\final_self\opera_dataset\01000000\01001006_捉放曹.pdf,01000000/01001006_捉放曹.pdf,62507f36-aa22-4065-bb0f-f7de69f87e7c,2,【第二场】,87,dialogue,dialogue,陈宫,pdf_01000000__01001006___06011d42c6__char__a596384b04,白,白,白,念白,陈宫,"岂敢,误造宝庄,望乞海涵。","陈宫（白）岂敢,误造宝庄,望乞海涵。"
pdf_01000000__01001006___06011d42c6,捉放曹,pdf_01000000__01001006___06011d42c6__line__000087,pdf_01000000__01001006___06011d42c6__scene__002,01001006_捉放曹.pdf,D:\University_studies\Junior\data_visualization\experiment\final_self\opera_dataset\01000000\01001006_捉放曹.pdf,01000000/01001006_捉放曹.pdf,62507f36-aa22-4065-bb0f-f7de69f87e7c,2,【第二场】,87,dialogue,dialogue,吕伯奢,pdf_01000000__01001006___06011d42c6__char__576ef3218a,白,白,白,请；坐；念白,吕伯奢,请坐。,吕伯奢（白）请坐。
pdf_01000000__01001006___06011d42c6,捉放曹,pdf_01000000__01001006___06011d42c6__line__000087,pdf_01000000__01001006___06011d42c6__scene__002,01001006_捉放曹.pdf,D:\University_studies\Junior\data_visualization\experiment\final_self\opera_dataset\01000000\01001006_捉放曹.pdf,01000000/01001006_捉放曹.pdf,62507f36-aa22-4065-bb0f-f7de69f87e7c,2,【第二场】,87,dialogue,dialogue,陈宫,pdf_01000000__01001006___06011d42c6__char__a596384b04,同白,白,同白,坐；念白,陈宫,有坐。,陈宫（同白）有坐。
pdf_01000000__01001006___06011d42c6,捉放曹,pdf_01000000__01001006___06011d42c6__line__000087,pdf_01000000__01001006___06011d42c6__scene__002,01001006_捉放曹.pdf,D:\University_studies\Junior\data_visualization\experiment\final_self\opera_dataset\01000000\01001006_捉放曹.pdf,01000000/01001006_捉放曹.pdf,62507f36-aa22-4065-bb0f-f7de69f87e7c,2,【第二场】,87,dialogue,dialogue,吕伯奢,pdf_01000000__01001006___06011d42c6__char__576ef3218a,白,白,白,念白,吕伯奢,贤侄为何这等狼狈?,吕伯奢（白）贤侄为何这等狼狈?
pdf_01000000__01001006___06011d42c6,捉放曹,pdf_01000000__01001006___06011d42c6__line__000087,pdf_01000000__01001006___06011d42c6__scene__002,01001006_捉放曹.pdf,D:\University_studies\Junior\data_visualization\experiment\final_self\opera_dataset\01000000\01001006_捉放曹.pdf,01000000/01001006_捉放曹.pdf,62507f36-aa22-4065-bb0f-f7de69f87e7c,2,【第二场】,87,dialogue,dialogue,曹操,pdf_01000000__01001006___06011d42c6__char__9353441b83,白,白,白,念白,曹操,一言难尽。,曹操（白）一言难尽。
pdf_01000000__01001006___06011d42c6,捉放曹,pdf_01000000__01001006___06011d42c6__line__000087,pdf_01000000__01001006___06011d42c6__scene__002,01001006_捉放曹.pdf,D:\University_studies\Junior\data_visualization\experiment\final_self\opera_dataset\01000000\01001006_捉放曹.pdf,01000000/01001006_捉放曹.pdf,62507f36-aa22-4065-bb0f-f7de69f87e7c,2,【第二场】,87,lyric,lyric,吕伯奢,pdf_01000000__01001006___06011d42c6__char__576ef3218a,西皮快板,唱,西皮快板,上；答；报；跪；拜；唱段,吕伯奢,"伯奢闻言双合掌,宽宏大量非寻常。焚香答拜不为上,粉身答报也应当。老汉撩衣跪草堂,多蒙太爷施恩光。孟德不是你释放,险些作了瓦上霜。","吕伯奢（西皮快板）伯奢闻言双合掌,宽宏大量非寻常。焚香答拜不为上,粉身答报也应当。老汉撩衣跪草堂,多蒙太爷施恩光。孟德不是你释放,险些作了瓦上霜。"
pdf_01000000__01001006___06011d42c6,捉放曹,pdf_01000000__01001006___06011d42c6__line__000087,pdf_01000000__01001006___06011d42c6__scene__002,01001006_捉放曹.pdf,D:\University_studies\Junior\data_visualization\experiment\final_self\opera_dataset\01000000\01001006_捉放曹.pdf,01000000/01001006_捉放曹.pdf,62507f36-aa22-4065-bb0f-f7de69f87e7c,2,【第二场】,87,dialogue,dialogue,陈宫,pdf_01000000__01001006___06011d42c6__char__a596384b04,白,白,白,念白,陈宫,"老丈,","陈宫（白）老丈,"
pdf_01000000__01001006___06011d42c6,捉放曹,pdf_01000000__01001006___06011d42c6__line__000087,pdf_01000000__01001006___06011d42c6__scene__002,01001006_捉放曹.pdf,D:\University_studies\Junior\data_visualization\experiment\final_self\opera_dataset\01000000\01001006_捉放曹.pdf,01000000/01001006_捉放曹.pdf,62507f36-aa22-4065-bb0f-f7de69f87e7c,2,【第二场】,87,dialogue,dialogue,吕伯奢,pdf_01000000__01001006___06011d42c6__char__576ef3218a,白,白,白,来；去；令；念白,吕伯奢,"原来如此。贤侄你令尊前日到此,是我留住一夜,昨日一早启程,往原郡避祸去了。","吕伯奢（白）原来如此。贤侄你令尊前日到此,是我留住一夜,昨日一早启程,往原郡避祸去了。"
pdf_01000000__01001006___06011d42c6,捉放曹,pdf_01000000__01001006___06011d42c6__line__000087,pdf_01000000__01001006___06011d42c6__scene__002,01001006_捉放曹.pdf,D:\University_studies\Junior\data_visualization\experiment\final_self\opera_dataset\01000000\01001006_捉放曹.pdf,01000000/01001006_捉放曹.pdf,62507f36-aa22-4065-bb0f-f7de69f87e7c,2,【第二场】,87,dialogue,dialogue,曹操,pdf_01000000__01001006___06011d42c6__char__9353441b83,白,白,白,念白,曹操,"哎吓,不好了!","曹操（白）哎吓,不好了!"
pdf_01000000__01001006___06011d42c6,捉放曹,pdf_01000000__01001006___06011d42c6__line__000087,pdf_01000000__01001006___06011d42c6__scene__002,01001006_捉放曹.pdf,D:\University_studies\Junior\data_visualization\experiment\final_self\opera_dataset\01000000\01001006_捉放曹.pdf,01000000/01001006_捉放曹.pdf,62507f36-aa22-4065-bb0f-f7de69f87e7c,2,【第二场】,87,dialogue,dialogue,吕伯奢,pdf_01000000__01001006___06011d42c6__char__576ef3218a,白,白,白,下；杀；哭；念白,吕伯奢,"贤侄不能啼哭,待老汉吩咐家下人,杀猪宰羊,款待二位。","吕伯奢（白）贤侄不能啼哭,待老汉吩咐家下人,杀猪宰羊,款待二位。"
pdf_01000000__01001006___06011d42c6,捉放曹,pdf_01000000__01001006___06011d42c6__line__000087,pdf_01000000__01001006___06011d42c6__scene__002,01001006_捉放曹.pdf,D:\University_studies\Junior\data_visualization\experiment\final_self\opera_dataset\01000000\01001006_捉放曹.pdf,01000000/01001006_捉放曹.pdf,62507f36-aa22-4065-bb0f-f7de69f87e7c,2,【第二场】,87,dialogue,dialogue,曹操、陈宫,pdf_01000000__01001006___06011d42c6__char__35f790af4c,同白,白,同白,念白,曹操、陈宫；曹操；陈宫,"家常随便,不用费心。","曹操、陈宫（同白）家常随便,不用费心。"
pdf_01000000__01001006___06011d42c6,捉放曹,pdf_01000000__01001006___06011d42c6__line__000087,pdf_01000000__01001006___06011d42c6__scene__002,01001006_捉放曹.pdf,D:\University_studies\Junior\data_visualization\experiment\final_self\opera_dataset\01000000\01001006_捉放曹.pdf,01000000/01001006_捉放曹.pdf,62507f36-aa22-4065-bb0f-f7de69f87e7c,2,【第二场】,87,dialogue,dialogue,吕伯奢,pdf_01000000__01001006___06011d42c6__char__576ef3218a,白,白,白,请；坐；念白,吕伯奢,"贵客临门,焉敢轻慢,请坐。正是:在家不曾迎贵客,出外防着少主人。","吕伯奢（白）贵客临门,焉敢轻慢,请坐。正是:在家不曾迎贵客,出外防着少主人。"
pdf_01000000__01001006___06011d42c6,捉放曹,pdf_01000000__01001006___06011d42c6__line__000087,pdf_01000000__01001006___06011d42c6__scene__002,01001006_捉放曹.pdf,D:\University_studies\Junior\data_visualization\experiment\final_self\opera_dataset\01000000\01001006_捉放曹.pdf,01000000/01001006_捉放曹.pdf,62507f36-aa22-4065-bb0f-f7de69f87e7c,2,【第二场】,87,dialogue,dialogue,陈宫,pdf_01000000__01001006___06011d42c6__char__a596384b04,白,白,白,令；念白,陈宫,"明公,闻听令尊逃奔他乡,忽然双目流泪,真乃忠孝双全!","陈宫（白）明公,闻听令尊逃奔他乡,忽然双目流泪,真乃忠孝双全!"
pdf_01000000__01001006___06011d42c6,捉放曹,pdf_01000000__01001006___06011d42c6__line__000087,pdf_01000000__01001006___06011d42c6__scene__002,01001006_捉放曹.pdf,D:\University_studies\Junior\data_visualization\experiment\final_self\opera_dataset\01000000\01001006_捉放曹.pdf,01000000/01001006_捉放曹.pdf,62507f36-aa22-4065-bb0f-f7de69f87e7c,2,【第二场】,87,dialogue,dialogue,曹操,pdf_01000000__01001006___06011d42c6__char__9353441b83,白,白,白,念白,曹操,"父子之情,焉有不痛?","曹操（白）父子之情,焉有不痛?"
pdf_01000000__01001006___06011d42c6,捉放曹,pdf_01000000__01001006___06011d42c6__line__000087,pdf_01000000__01001006___06011d42c6__scene__002,01001006_捉放曹.pdf,D:\University_studies\Junior\data_visualization\experiment\final_self\opera_dataset\01000000\01001006_捉放曹.pdf,01000000/01001006_捉放曹.pdf,62507f36-aa22-4065-bb0f-f7de69f87e7c,2,【第二场】,87,dialogue,dialogue,陈宫,pdf_01000000__01001006___06011d42c6__char__a596384b04,白,白,白,上；来；念白,陈宫,"明公吓,休流泪来免悲伤,忠孝二字挂心旁。同心协力灭奸党,凌烟阁上把名扬。","陈宫（白）明公吓,休流泪来免悲伤,忠孝二字挂心旁。同心协力灭奸党,凌烟阁上把名扬。"
pdf_01000000__01001006___06011d42c6,捉放曹,pdf_01000000__01001006___06011d42c6__line__000087,pdf_01000000__01001006___06011d42c6__scene__002,01001006_捉放曹.pdf,D:\University_studies\Junior\data_visualization\experiment\final_self\opera_dataset\01000000\01001006_捉放曹.pdf,01000000/01001006_捉放曹.pdf,62507f36-aa22-4065-bb0f-f7de69f87e7c,2,【第二场】,87,lyric,lyric,吕伯奢,pdf_01000000__01001006___06011d42c6__char__576ef3218a,西皮摇板,唱,西皮摇板,唱段,吕伯奢,"人逢喜事精神爽,月到十五分外光。","吕伯奢（西皮摇板）人逢喜事精神爽,月到十五分外光。"
pdf_01000000__01001006___06011d42c6,捉放曹,pdf_01000000__01001006___06011d42c6__line__000087,pdf_01000000__01001006___06011d42c6__scene__002,01001006_捉放曹.pdf,D:\University_studies\Junior\data_visualization\experiment\final_self\opera_dataset\01000000\01001006_捉放曹.pdf,01000000/01001006_捉放曹.pdf,62507f36-aa22-4065-bb0f-f7de69f87e7c,2,【第二场】,87,dialogue,dialogue,曹操,pdf_01000000__01001006___06011d42c6__char__9353441b83,白,白,白,去；念白,曹操,"伯父这等时候,往哪里去?","曹操（白）伯父这等时候,往哪里去?"
pdf_01000000__01001006___06011d42c6,捉放曹,pdf_01000000__01001006___06011d42c6__line__000087,pdf_01000000__01001006___06011d42c6__scene__002,01001006_捉放曹.pdf,D:\University_studies\Junior\data_visualization\experiment\final_self\opera_dataset\01000000\01001006_捉放曹.pdf,01000000/01001006_捉放曹.pdf,62507f36-aa22-4065-bb0f-f7de69f87e7c,2,【第二场】,87,dialogue,dialogue,吕伯奢,pdf_01000000__01001006___06011d42c6__char__576ef3218a,白,白,白,下；念白,吕伯奢,"老汉家下颇有蔬菜,怎奈没有好酒。老汉向西村,沽瓶美酒,款待二位。","吕伯奢（白）老汉家下颇有蔬菜,怎奈没有好酒。老汉向西村,沽瓶美酒,款待二位。"
pdf_01000000__01001006___06011d42c6,捉放曹,pdf_01000000__01001006___06011d42c6__line__000087,pdf_01000000__01001006___06011d42c6__scene__002,01001006_捉放曹.pdf,D:\University_studies\Junior\data_visualization\experiment\final_self\opera_dataset\01000000\01001006_捉放曹.pdf,01000000/01001006_捉放曹.pdf,62507f36-aa22-4065-bb0f-f7de69f87e7c,2,【第二场】,87,dialogue,dialogue,陈宫,pdf_01000000__01001006___06011d42c6__char__a596384b04,白,白,白,念白,陈宫,老丈不要费心。,陈宫（白）老丈不要费心。
pdf_01000000__01001006___06011d42c6,捉放曹,pdf_01000000__01001006___06011d42c6__line__000087,pdf_01000000__01001006___06011d42c6__scene__002,01001006_捉放曹.pdf,D:\University_studies\Junior\data_visualization\experiment\final_self\opera_dataset\01000000\01001006_捉放曹.pdf,01000000/01001006_捉放曹.pdf,62507f36-aa22-4065-bb0f-f7de69f87e7c,2,【第二场】,87,dialogue,dialogue,吕伯奢,pdf_01000000__01001006___06011d42c6__char__576ef3218a,白,白,白,来；坐；念白,吕伯奢,"二位宽坐一时,老汉即刻就来奉陪。","吕伯奢（白）二位宽坐一时,老汉即刻就来奉陪。"
pdf_01000000__01001006___06011d42c6,捉放曹,pdf_01000000__01001006___06011d42c6__line__000087,pdf_01000000__01001006___06011d42c6__scene__002,01001006_捉放曹.pdf,D:\University_studies\Junior\data_visualization\experiment\final_self\opera_dataset\01000000\01001006_捉放曹.pdf,01000000/01001006_捉放曹.pdf,62507f36-aa22-4065-bb0f-f7de69f87e7c,2,【第二场】,87,dialogue,dialogue,陈宫,pdf_01000000__01001006___06011d42c6__char__a596384b04,笑,做,笑,笑,陈宫,"哈哈哈,","陈宫（笑）哈哈哈,"
pdf_01000000__01001006___06011d42c6,捉放曹,pdf_01000000__01001006___06011d42c6__line__000087,pdf_01000000__01001006___06011d42c6__scene__002,01001006_捉放曹.pdf,D:\University_studies\Junior\data_visualization\experiment\final_self\opera_dataset\01000000\01001006_捉放曹.pdf,01000000/01001006_捉放曹.pdf,62507f36-aa22-4065-bb0f-f7de69f87e7c,2,【第二场】,87,lyric,lyric,曹操,pdf_01000000__01001006___06011d42c6__char__9353441b83,西皮摇板,唱,西皮摇板,下；来；拜；唱段,曹操,"家父与他常来往,当年结拜一炉香。曹操抬头四下望,伙计们将刀磨快些!","曹操（西皮摇板）家父与他常来往,当年结拜一炉香。曹操抬头四下望,伙计们将刀磨快些!"
pdf_01000000__01001006___06011d42c6,捉放曹,pdf_01000000__01001006___06011d42c6__line__000087,pdf_01000000__01001006___06011d42c6__scene__002,01001006_捉放曹.pdf,D:\University_studies\Junior\data_visualization\experiment\final_self\opera_dataset\01000000\01001006_捉放曹.pdf,01000000/01001006_捉放曹.pdf,62507f36-aa22-4065-bb0f-f7de69f87e7c,2,【第二场】,87,dialogue,dialogue,家人,pdf_01000000__01001006___06011d42c6__char__ff4fc9ad59,内白,白,内白,念白,家人,哎呀!,家人（内白）哎呀!
pdf_01000000__01001006___06011d42c6,捉放曹,pdf_01000000__01001006___06011d42c6__line__000087,pdf_01000000__01001006___06011d42c6__scene__002,01001006_捉放曹.pdf,D:\University_studies\Junior\data_visualization\experiment\final_self\opera_dataset\01000000\01001006_捉放曹.pdf,01000000/01001006_捉放曹.pdf,62507f36-aa22-4065-bb0f-f7de69f87e7c,2,【第二场】,87,dialogue,dialogue,曹操,pdf_01000000__01001006___06011d42c6__char__9353441b83,白,白,白,念白,曹操,听得刀声响叮当。,曹操（白）听得刀声响叮当。
pdf_01000000__01001006___06011d42c6,捉放曹,pdf_01000000__01001006___06011d42c6__line__000087,pdf_01000000__01001006___06011d42c6__scene__002,01001006_捉放曹.pdf,D:\University_studies\Junior\data_visualization\experiment\final_self\opera_dataset\01000000\01001006_捉放曹.pdf,01000000/01001006_捉放曹.pdf,62507f36-aa22-4065-bb0f-f7de69f87e7c,2,【第二场】,87,dialogue,dialogue,陈宫,pdf_01000000__01001006___06011d42c6__char__a596384b04,白,白,白,念白,陈宫,听见什么?,陈宫（白）听见什么?
pdf_01000000__01001006___06011d42c6,捉放曹,pdf_01000000__01001006___06011d42c6__line__000087,pdf_01000000__01001006___06011d42c6__scene__002,01001006_捉放曹.pdf,D:\University_studies\Junior\data_visualization\experiment\final_self\opera_dataset\01000000\01001006_捉放曹.pdf,01000000/01001006_捉放曹.pdf,62507f36-aa22-4065-bb0f-f7de69f87e7c,2,【第二场】,87,dialogue,dialogue,曹操,pdf_01000000__01001006___06011d42c6__char__9353441b83,白,白,白,下；念白,曹操,"后面刀声响亮,莫非下手你我。","曹操（白）后面刀声响亮,莫非下手你我。"
pdf_01000000__01001006___06011d42c6,捉放曹,pdf_01000000__01001006___06011d42c6__line__000087,pdf_01000000__01001006___06011d42c6__scene__002,01001006_捉放曹.pdf,D:\University_studies\Junior\data_visualization\experiment\final_self\opera_dataset\01000000\01001006_捉放曹.pdf,01000000/01001006_捉放曹.pdf,62507f36-aa22-4065-bb0f-f7de69f87e7c,2,【第二场】,87,dialogue,dialogue,陈宫,pdf_01000000__01001006___06011d42c6__char__a596384b04,白,白,白,杀；念白,陈宫,"老丈一片好心,杀猪宰羊,款待你我,你不要多疑。","陈宫（白）老丈一片好心,杀猪宰羊,款待你我,你不要多疑。"
pdf_01000000__01001006___06011d42c6,捉放曹,pdf_01000000__01001006___06011d42c6__line__000087,pdf_01000000__01001006___06011d42c6__scene__002,01001006_捉放曹.pdf,D:\University_studies\Junior\data_visualization\experiment\final_self\opera_dataset\01000000\01001006_捉放曹.pdf,01000000/01001006_捉放曹.pdf,62507f36-aa22-4065-bb0f-f7de69f87e7c,2,【第二场】,87,dialogue,dialogue,曹操,pdf_01000000__01001006___06011d42c6__char__9353441b83,白,白,白,看；念白,曹操,你我在后面看过动静如何?,曹操（白）你我在后面看过动静如何?
pdf_01000000__01001006___06011d42c6,捉放曹,pdf_01000000__01001006___06011d42c6__line__000087,pdf_01000000__01001006___06011d42c6__scene__002,01001006_捉放曹.pdf,D:\University_studies\Junior\data_visualization\experiment\final_self\opera_dataset\01000000\01001006_捉放曹.pdf,01000000/01001006_捉放曹.pdf,62507f36-aa22-4065-bb0f-f7de69f87e7c,2,【第二场】,87,dialogue,dialogue,陈宫,pdf_01000000__01001006___06011d42c6__char__a596384b04,白,白,白,念白,陈宫,这到使得。,陈宫（白）这到使得。
pdf_01000000__01001006___06011d42c6,捉放曹,pdf_01000000__01001006___06011d42c6__line__000087,pdf_01000000__01001006___06011d42c6__scene__002,01001006_捉放曹.pdf,D:\University_studies\Junior\data_visualization\experiment\final_self\opera_dataset\01000000\01001006_捉放曹.pdf,01000000/01001006_捉放曹.pdf,62507f36-aa22-4065-bb0f-f7de69f87e7c,2,【第二场】,87,dialogue,dialogue,曹操,pdf_01000000__01001006___06011d42c6__char__9353441b83,白,白,白,请；念白,曹操,请。,曹操（白）请。
pdf_01000000__01001006___06011d42c6,捉放曹,pdf_01000000__01001006___06011d42c6__line__000087,pdf_01000000__01001006___06011d42c6__scene__002,01001006_捉放曹.pdf,D:\University_studies\Junior\data_visualization\experiment\final_self\opera_dataset\01000000\01001006_捉放曹.pdf,01000000/01001006_捉放曹.pdf,62507f36-aa22-4065-bb0f-f7de69f87e7c,2,【第二场】,87,dialogue,dialogue,家人,pdf_01000000__01001006___06011d42c6__char__ff4fc9ad59,内白,白,内白,杀；念白,家人,我们把它捆而杀之!,家人（内白）我们把它捆而杀之!
pdf_01000000__01001006___06011d42c6,捉放曹,pdf_01000000__01001006___06011d42c6__line__000087,pdf_01000000__01001006___06011d42c6__scene__002,01001006_捉放曹.pdf,D:\University_studies\Junior\data_visualization\experiment\final_self\opera_dataset\01000000\01001006_捉放曹.pdf,01000000/01001006_捉放曹.pdf,62507f36-aa22-4065-bb0f-f7de69f87e7c,2,【第二场】,87,dialogue,dialogue,陈宫,pdf_01000000__01001006___06011d42c6__char__a596384b04,白,白,白,念白,陈宫,哎呀!,陈宫（白）哎呀!
pdf_01000000__01001006___06011d42c6,捉放曹,pdf_01000000__01001006___06011d42c6__line__000087,pdf_01000000__01001006___06011d42c6__scene__002,01001006_捉放曹.pdf,D:\University_studies\Junior\data_visualization\experiment\final_self\opera_dataset\01000000\01001006_捉放曹.pdf,01000000/01001006_捉放曹.pdf,62507f36-aa22-4065-bb0f-f7de69f87e7c,2,【第二场】,87,dialogue,dialogue,曹操,pdf_01000000__01001006___06011d42c6__char__9353441b83,白,白,白,念白,曹操,公台你可曾又听见?,曹操（白）公台你可曾又听见?
pdf_01000000__01001006___06011d42c6,捉放曹,pdf_01000000__01001006___06011d42c6__line__000087,pdf_01000000__01001006___06011d42c6__scene__002,01001006_捉放曹.pdf,D:\University_studies\Junior\data_visualization\experiment\final_self\opera_dataset\01000000\01001006_捉放曹.pdf,01000000/01001006_捉放曹.pdf,62507f36-aa22-4065-bb0f-f7de69f87e7c,2,【第二场】,87,dialogue,dialogue,陈宫,pdf_01000000__01001006___06011d42c6__char__a596384b04,白,白,白,念白,陈宫,又听见什么?,陈宫（白）又听见什么?
pdf_01000000__01001006___06011d42c6,捉放曹,pdf_01000000__01001006___06011d42c6__line__000087,pdf_01000000__01001006___06011d42c6__scene__002,01001006_捉放曹.pdf,D:\University_studies\Junior\data_visualization\experiment\final_self\opera_dataset\01000000\01001006_捉放曹.pdf,01000000/01001006_捉放曹.pdf,62507f36-aa22-4065-bb0f-f7de69f87e7c,2,【第二场】,87,dialogue,dialogue,曹操,pdf_01000000__01001006___06011d42c6__char__9353441b83,白,白,白,道；杀；念白,曹操,"后面言道“捆而杀之,绑而杀之”。不是你我,还有何人?","曹操（白）后面言道“捆而杀之,绑而杀之”。不是你我,还有何人?"
pdf_01000000__01001006___06011d42c6,捉放曹,pdf_01000000__01001006___06011d42c6__line__000087,pdf_01000000__01001006___06011d42c6__scene__002,01001006_捉放曹.pdf,D:\University_studies\Junior\data_visualization\experiment\final_self\opera_dataset\01000000\01001006_捉放曹.pdf,01000000/01001006_捉放曹.pdf,62507f36-aa22-4065-bb0f-f7de69f87e7c,2,【第二场】,87,dialogue,dialogue,陈宫,pdf_01000000__01001006___06011d42c6__char__a596384b04,白,白,白,念白,陈宫,"后面的言语,难分皂白。","陈宫（白）后面的言语,难分皂白。"
pdf_01000000__01001006___06011d42c6,捉放曹,pdf_01000000__01001006___06011d42c6__line__000087,pdf_01000000__01001006___06011d42c6__scene__002,01001006_捉放曹.pdf,D:\University_studies\Junior\data_visualization\experiment\final_self\opera_dataset\01000000\01001006_捉放曹.pdf,01000000/01001006_捉放曹.pdf,62507f36-aa22-4065-bb0f-f7de69f87e7c,2,【第二场】,87,dialogue,dialogue,曹操,pdf_01000000__01001006___06011d42c6__char__9353441b83,白,白,白,下；念白,曹操,我心下明白了!,曹操（白）我心下明白了!
pdf_01000000__01001006___06011d42c6,捉放曹,pdf_01000000__01001006___06011d42c6__line__000087,pdf_01000000__01001006___06011d42c6__scene__002,01001006_捉放曹.pdf,D:\University_studies\Junior\data_visualization\experiment\final_self\opera_dataset\01000000\01001006_捉放曹.pdf,01000000/01001006_捉放曹.pdf,62507f36-aa22-4065-bb0f-f7de69f87e7c,2,【第二场】,87,dialogue,dialogue,陈宫,pdf_01000000__01001006___06011d42c6__char__a596384b04,白,白,白,来；念白,陈宫,你明白何来?,陈宫（白）你明白何来?
pdf_01000000__01001006___06011d42c6,捉放曹,pdf_01000000__01001006___06011d42c6__line__000087,pdf_01000000__01001006___06011d42c6__scene__002,01001006_捉放曹.pdf,D:\University_studies\Junior\data_visualization\experiment\final_self\opera_dataset\01000000\01001006_捉放曹.pdf,01000000/01001006_捉放曹.pdf,62507f36-aa22-4065-bb0f-f7de69f87e7c,2,【第二场】,87,dialogue,dialogue,曹操,pdf_01000000__01001006___06011d42c6__char__9353441b83,白,白,白,去；请；拿；念白,曹操,"想是那老狗沽酒为名,去到前村,约请乡的地保,捉拿你我,好受千金的重赏,是与不是?","曹操（白）想是那老狗沽酒为名,去到前村,约请乡的地保,捉拿你我,好受千金的重赏,是与不是?"
pdf_01000000__01001006___06011d42c6,捉放曹,pdf_01000000__01001006___06011d42c6__line__000087,pdf_01000000__01001006___06011d42c6__scene__002,01001006_捉放曹.pdf,D:\University_studies\Junior\data_visualization\experiment\final_self\opera_dataset\01000000\01001006_捉放曹.pdf,01000000/01001006_捉放曹.pdf,62507f36-aa22-4065-bb0f-f7de69f87e7c,2,【第二场】,87,dialogue,dialogue,陈宫,pdf_01000000__01001006___06011d42c6__char__a596384b04,白,白,白,令；道；拜；念白,陈宫,"嗳,我观那老丈面带厚道,况且与令尊大人,有八拜之交,断无此心,不要多疑。","陈宫（白）嗳,我观那老丈面带厚道,况且与令尊大人,有八拜之交,断无此心,不要多疑。"
pdf_01000000__01001006___06011d42c6,捉放曹,pdf_01000000__01001006___06011d42c6__line__000087,pdf_01000000__01001006___06011d42c6__scene__002,01001006_捉放曹.pdf,D:\University_studies\Junior\data_visualization\experiment\final_self\opera_dataset\01000000\01001006_捉放曹.pdf,01000000/01001006_捉放曹.pdf,62507f36-aa22-4065-bb0f-f7de69f87e7c,2,【第二场】,87,dialogue,dialogue,曹操,pdf_01000000__01001006___06011d42c6__char__9353441b83,白,白,白,来；看；道；念白,曹操,"如今的人,不要看他面带厚道,内藏奸诈。依我之见,先动手来!","曹操（白）如今的人,不要看他面带厚道,内藏奸诈。依我之见,先动手来!"
pdf_01000000__01001006___06011d42c6,捉放曹,pdf_01000000__01001006___06011d42c6__line__000087,pdf_01000000__01001006___06011d42c6__scene__002,01001006_捉放曹.pdf,D:\University_studies\Junior\data_visualization\experiment\final_self\opera_dataset\01000000\01001006_捉放曹.pdf,01000000/01001006_捉放曹.pdf,62507f36-aa22-4065-bb0f-f7de69f87e7c,2,【第二场】,87,dialogue,dialogue,陈宫,pdf_01000000__01001006___06011d42c6__char__a596384b04,白,白,白,来；问；念白,陈宫,"哎呀明公吓,等那老丈回来,问个明白,再动手也还不迟。","陈宫（白）哎呀明公吓,等那老丈回来,问个明白,再动手也还不迟。"
pdf_01000000__01001006___06011d42c6,捉放曹,pdf_01000000__01001006___06011d42c6__line__000087,pdf_01000000__01001006___06011d42c6__scene__002,01001006_捉放曹.pdf,D:\University_studies\Junior\data_visualization\experiment\final_self\opera_dataset\01000000\01001006_捉放曹.pdf,01000000/01001006_捉放曹.pdf,62507f36-aa22-4065-bb0f-f7de69f87e7c,2,【第二场】,87,dialogue,dialogue,曹操,pdf_01000000__01001006___06011d42c6__char__9353441b83,白,白,白,下；来；道；念白,曹操,"嗳,等那老狗回来,他的人多,你我的人少,岂不是束手就擒?自古道:先下手为强,后下手遭殃。","曹操（白）嗳,等那老狗回来,他的人多,你我的人少,岂不是束手就擒?自古道:先下手为强,后下手遭殃。"
pdf_01000000__01001006___06011d42c6,捉放曹,pdf_01000000__01001006___06011d42c6__line__000087,pdf_01000000__01001006___06011d42c6__scene__002,01001006_捉放曹.pdf,D:\University_studies\Junior\data_visualization\experiment\final_self\opera_dataset\01000000\01001006_捉放曹.pdf,01000000/01001006_捉放曹.pdf,62507f36-aa22-4065-bb0f-f7de69f87e7c,2,【第二场】,87,lyric,lyric,陈宫,pdf_01000000__01001006___06011d42c6__char__a596384b04,西皮摇板,唱,西皮摇板,唱段,陈宫,未必他有此心肠。,陈宫（西皮摇板）未必他有此心肠。
pdf_01000000__01001006___06011d42c6,捉放曹,pdf_01000000__01001006___06011d42c6__line__000087,pdf_01000000__01001006___06011d42c6__scene__002,01001006_捉放曹.pdf,D:\University_studies\Junior\data_visualization\experiment\final_self\opera_dataset\01000000\01001006_捉放曹.pdf,01000000/01001006_捉放曹.pdf,62507f36-aa22-4065-bb0f-f7de69f87e7c,2,【第二场】,87,lyric,lyric,曹操,pdf_01000000__01001006___06011d42c6__char__9353441b83,西皮摇板,唱,西皮摇板,去；唱段,曹操,"明明去求千金赏,","曹操（西皮摇板）明明去求千金赏,"
pdf_01000000__01001006___06011d42c6,捉放曹,pdf_01000000__01001006___06011d42c6__line__000087,pdf_01000000__01001006___06011d42c6__scene__002,01001006_捉放曹.pdf,D:\University_studies\Junior\data_visualization\experiment\final_self\opera_dataset\01000000\01001006_捉放曹.pdf,01000000/01001006_捉放曹.pdf,62507f36-aa22-4065-bb0f-f7de69f87e7c,2,【第二场】,87,lyric,lyric,陈宫,pdf_01000000__01001006___06011d42c6__char__a596384b04,西皮摇板,唱,西皮摇板,唱段,陈宫,求赏焉有此风光。,陈宫（西皮摇板）求赏焉有此风光。
pdf_01000000__01001006___06011d42c6,捉放曹,pdf_01000000__01001006___06011d42c6__line__000087,pdf_01000000__01001006___06011d42c6__scene__002,01001006_捉放曹.pdf,D:\University_studies\Junior\data_visualization\experiment\final_self\opera_dataset\01000000\01001006_捉放曹.pdf,01000000/01001006_捉放曹.pdf,62507f36-aa22-4065-bb0f-f7de69f87e7c,2,【第二场】,87,lyric,lyric,曹操,pdf_01000000__01001006___06011d42c6__char__9353441b83,西皮摇板,唱,西皮摇板,唱段,曹操,"手提宝剑往里闯,","曹操（西皮摇板）手提宝剑往里闯,"
pdf_01000000__01001006___06011d42c6,捉放曹,pdf_01000000__01001006___06011d42c6__line__000087,pdf_01000000__01001006___06011d42c6__scene__002,01001006_捉放曹.pdf,D:\University_studies\Junior\data_visualization\experiment\final_self\opera_dataset\01000000\01001006_捉放曹.pdf,01000000/01001006_捉放曹.pdf,62507f36-aa22-4065-bb0f-f7de69f87e7c,2,【第二场】,87,dialogue,dialogue,陈宫,pdf_01000000__01001006___06011d42c6__char__a596384b04,白,白,白,去；念白,陈宫,明公不要去!,陈宫（白）明公不要去!
pdf_01000000__01001006___06011d42c6,捉放曹,pdf_01000000__01001006___06011d42c6__line__000087,pdf_01000000__01001006___06011d42c6__scene__002,01001006_捉放曹.pdf,D:\University_studies\Junior\data_visualization\experiment\final_self\opera_dataset\01000000\01001006_捉放曹.pdf,01000000/01001006_捉放曹.pdf,62507f36-aa22-4065-bb0f-f7de69f87e7c,2,【第二场】,87,dialogue,dialogue,曹操,pdf_01000000__01001006___06011d42c6__char__9353441b83,白,白,白,念白,曹操,撒手!,曹操（白）撒手!
pdf_01000000__01001006___06011d42c6,捉放曹,pdf_01000000__01001006___06011d42c6__line__000087,pdf_01000000__01001006___06011d42c6__scene__002,01001006_捉放曹.pdf,D:\University_studies\Junior\data_visualization\experiment\final_self\opera_dataset\01000000\01001006_捉放曹.pdf,01000000/01001006_捉放曹.pdf,62507f36-aa22-4065-bb0f-f7de69f87e7c,2,【第二场】,87,dialogue,dialogue,陈宫,pdf_01000000__01001006___06011d42c6__char__a596384b04,白,白,白,念白,陈宫,哎呀!,陈宫（白）哎呀!
pdf_01000000__01001006___06011d42c6,捉放曹,pdf_01000000__01001006___06011d42c6__line__000091,pdf_01000000__01001006___06011d42c6__scene__003,01001006_捉放曹.pdf,D:\University_studies\Junior\data_visualization\experiment\final_self\opera_dataset\01000000\01001006_捉放曹.pdf,01000000/01001006_捉放曹.pdf,62507f36-aa22-4065-bb0f-f7de69f87e7c,3,【第三场】,91,stage_direction,stage_direction,,,曹操上。,做,曹操上。,上,曹操,,（曹操上。）
pdf_01000000__01001006___06011d42c6,捉放曹,pdf_01000000__01001006___06011d42c6__line__000093,pdf_01000000__01001006___06011d42c6__scene__003,01001006_捉放曹.pdf,D:\University_studies\Junior\data_visualization\experiment\final_self\opera_dataset\01000000\01001006_捉放曹.pdf,01000000/01001006_捉放曹.pdf,62507f36-aa22-4065-bb0f-f7de69f87e7c,3,【第三场】,93,lyric,lyric,曹操,pdf_01000000__01001006___06011d42c6__char__9353441b83,西皮摇板,唱,西皮摇板,上；杀；唱段,曹操；陈宫,"小鬼怎挡五阎王,自作自受自遭殃。宝剑一举人头落,(老妇、丫鬟同上,被杀死。陈宫上。)","曹操（西皮摇板）小鬼怎挡五阎王,自作自受自遭殃。宝剑一举人头落,(老妇、丫鬟同上,被杀死。陈宫上。)"
pdf_01000000__01001006___06011d42c6,捉放曹,pdf_01000000__01001006___06011d42c6__line__000093,pdf_01000000__01001006___06011d42c6__scene__003,01001006_捉放曹.pdf,D:\University_studies\Junior\data_visualization\experiment\final_self\opera_dataset\01000000\01001006_捉放曹.pdf,01000000/01001006_捉放曹.pdf,62507f36-aa22-4065-bb0f-f7de69f87e7c,3,【第三场】,93,dialogue,dialogue,陈宫,pdf_01000000__01001006___06011d42c6__char__a596384b04,白,白,白,念白,陈宫,哎呀!,陈宫（白）哎呀!
pdf_01000000__01001006___06011d42c6,捉放曹,pdf_01000000__01001006___06011d42c6__line__000093,pdf_01000000__01001006___06011d42c6__scene__003,01001006_捉放曹.pdf,D:\University_studies\Junior\data_visualization\experiment\final_self\opera_dataset\01000000\01001006_捉放曹.pdf,01000000/01001006_捉放曹.pdf,62507f36-aa22-4065-bb0f-f7de69f87e7c,3,【第三场】,93,lyric,lyric,曹操,pdf_01000000__01001006___06011d42c6__char__9353441b83,西皮摇板,唱,西皮摇板,下；唱段,曹操,"怒气不息厨下往,","曹操（西皮摇板）怒气不息厨下往,"
pdf_01000000__01001006___06011d42c6,捉放曹,pdf_01000000__01001006___06011d42c6__line__000093,pdf_01000000__01001006___06011d42c6__scene__003,01001006_捉放曹.pdf,D:\University_studies\Junior\data_visualization\experiment\final_self\opera_dataset\01000000\01001006_捉放曹.pdf,01000000/01001006_捉放曹.pdf,62507f36-aa22-4065-bb0f-f7de69f87e7c,3,【第三场】,93,lyric,lyric,陈宫,pdf_01000000__01001006___06011d42c6__char__a596384b04,西皮摇板,唱,西皮摇板,上；唱段,陈宫,陈宫上前拉衣裳。,陈宫（西皮摇板）陈宫上前拉衣裳。
pdf_01000000__01001006___06011d42c6,捉放曹,pdf_01000000__01001006___06011d42c6__line__000093,pdf_01000000__01001006___06011d42c6__scene__003,01001006_捉放曹.pdf,D:\University_studies\Junior\data_visualization\experiment\final_self\opera_dataset\01000000\01001006_捉放曹.pdf,01000000/01001006_捉放曹.pdf,62507f36-aa22-4065-bb0f-f7de69f87e7c,3,【第三场】,93,dialogue,dialogue,曹操,pdf_01000000__01001006___06011d42c6__char__9353441b83,白,白,白,下；来；念白,曹操,"我到厨下取把火来,烧了此庄,岂不是好?","曹操（白）我到厨下取把火来,烧了此庄,岂不是好?"
pdf_01000000__01001006___06011d42c6,捉放曹,pdf_01000000__01001006___06011d42c6__line__000093,pdf_01000000__01001006___06011d42c6__scene__003,01001006_捉放曹.pdf,D:\University_studies\Junior\data_visualization\experiment\final_self\opera_dataset\01000000\01001006_捉放曹.pdf,01000000/01001006_捉放曹.pdf,62507f36-aa22-4065-bb0f-f7de69f87e7c,3,【第三场】,93,dialogue,dialogue,陈宫,pdf_01000000__01001006___06011d42c6__char__a596384b04,白,白,白,杀；追；念白,陈宫,"哎吓,明公吓!你将他一家杀死,尚且追悔不及,还是烧他的村庄,断断使不得的!","陈宫（白）哎吓,明公吓!你将他一家杀死,尚且追悔不及,还是烧他的村庄,断断使不得的!"
pdf_01000000__01001006___06011d42c6,捉放曹,pdf_01000000__01001006___06011d42c6__line__000093,pdf_01000000__01001006___06011d42c6__scene__003,01001006_捉放曹.pdf,D:\University_studies\Junior\data_visualization\experiment\final_self\opera_dataset\01000000\01001006_捉放曹.pdf,01000000/01001006_捉放曹.pdf,62507f36-aa22-4065-bb0f-f7de69f87e7c,3,【第三场】,93,dialogue,dialogue,曹操,pdf_01000000__01001006___06011d42c6__char__9353441b83,白,白,白,杀；念白,曹操,"咳!这是老贼不仁,莫怪我的大义!一不做,二不休,杀他个干干净净!","曹操（白）咳!这是老贼不仁,莫怪我的大义!一不做,二不休,杀他个干干净净!"
pdf_01000000__01001006___06011d42c6,捉放曹,pdf_01000000__01001006___06011d42c6__line__000093,pdf_01000000__01001006___06011d42c6__scene__003,01001006_捉放曹.pdf,D:\University_studies\Junior\data_visualization\experiment\final_self\opera_dataset\01000000\01001006_捉放曹.pdf,01000000/01001006_捉放曹.pdf,62507f36-aa22-4065-bb0f-f7de69f87e7c,3,【第三场】,93,lyric,lyric,陈宫,pdf_01000000__01001006___06011d42c6__char__a596384b04,西皮摇板,唱,西皮摇板,杀；唱段,陈宫,你杀人还要火烧房!,陈宫（西皮摇板）你杀人还要火烧房!
pdf_01000000__01001006___06011d42c6,捉放曹,pdf_01000000__01001006___06011d42c6__line__000093,pdf_01000000__01001006___06011d42c6__scene__003,01001006_捉放曹.pdf,D:\University_studies\Junior\data_visualization\experiment\final_self\opera_dataset\01000000\01001006_捉放曹.pdf,01000000/01001006_捉放曹.pdf,62507f36-aa22-4065-bb0f-f7de69f87e7c,3,【第三场】,93,lyric,lyric,曹操,pdf_01000000__01001006___06011d42c6__char__9353441b83,西皮摇板,唱,西皮摇板,唱段,曹操,"手持宝剑往里闯,","曹操（西皮摇板）手持宝剑往里闯,"
pdf_01000000__01001006___06011d42c6,捉放曹,pdf_01000000__01001006___06011d42c6__line__000093,pdf_01000000__01001006___06011d42c6__scene__003,01001006_捉放曹.pdf,D:\University_studies\Junior\data_visualization\experiment\final_self\opera_dataset\01000000\01001006_捉放曹.pdf,01000000/01001006_捉放曹.pdf,62507f36-aa22-4065-bb0f-f7de69f87e7c,3,【第三场】,93,lyric,lyric,陈宫,pdf_01000000__01001006___06011d42c6__char__a596384b04,西皮摇板,唱,西皮摇板,唱段,陈宫,见一捆猪在厨房。,陈宫（西皮摇板）见一捆猪在厨房。
pdf_01000000__01001006___06011d42c6,捉放曹,pdf_01000000__01001006___06011d42c6__line__000093,pdf_01000000__01001006___06011d42c6__scene__003,01001006_捉放曹.pdf,D:\University_studies\Junior\data_visualization\experiment\final_self\opera_dataset\01000000\01001006_捉放曹.pdf,01000000/01001006_捉放曹.pdf,62507f36-aa22-4065-bb0f-f7de69f87e7c,3,【第三场】,93,dialogue,dialogue,曹操,pdf_01000000__01001006___06011d42c6__char__9353441b83,白,白,白,念白,曹操,有何凭证?,曹操（白）有何凭证?
pdf_01000000__01001006___06011d42c6,捉放曹,pdf_01000000__01001006___06011d42c6__line__000093,pdf_01000000__01001006___06011d42c6__scene__003,01001006_捉放曹.pdf,D:\University_studies\Junior\data_visualization\experiment\final_self\opera_dataset\01000000\01001006_捉放曹.pdf,01000000/01001006_捉放曹.pdf,62507f36-aa22-4065-bb0f-f7de69f87e7c,3,【第三场】,93,dialogue,dialogue,陈宫,pdf_01000000__01001006___06011d42c6__char__a596384b04,白,白,白,上；来；看；念白,陈宫,"上前看来,呵呵......","陈宫（白）上前看来,呵呵......"
pdf_01000000__01001006___06011d42c6,捉放曹,pdf_01000000__01001006___06011d42c6__line__000093,pdf_01000000__01001006___06011d42c6__scene__003,01001006_捉放曹.pdf,D:\University_studies\Junior\data_visualization\experiment\final_self\opera_dataset\01000000\01001006_捉放曹.pdf,01000000/01001006_捉放曹.pdf,62507f36-aa22-4065-bb0f-f7de69f87e7c,3,【第三场】,93,lyric,lyric,曹操,pdf_01000000__01001006___06011d42c6__char__9353441b83,西皮摇板,唱,西皮摇板,唱段,曹操,"曹操做事太慌忙,错把一家好人伤。","曹操（西皮摇板）曹操做事太慌忙,错把一家好人伤。"
pdf_01000000__01001006___06011d42c6,捉放曹,pdf_01000000__01001006___06011d42c6__line__000093,pdf_01000000__01001006___06011d42c6__scene__003,01001006_捉放曹.pdf,D:\University_studies\Junior\data_visualization\experiment\final_self\opera_dataset\01000000\01001006_捉放曹.pdf,01000000/01001006_捉放曹.pdf,62507f36-aa22-4065-bb0f-f7de69f87e7c,3,【第三场】,93,dialogue,dialogue,陈宫,pdf_01000000__01001006___06011d42c6__char__a596384b04,白,白,白,来；看；答；杀；念白,陈宫,"吓,明公将他一家杀死,老丈回来,我看你将何言答对?","陈宫（白）吓,明公将他一家杀死,老丈回来,我看你将何言答对?"
pdf_01000000__01001006___06011d42c6,捉放曹,pdf_01000000__01001006___06011d42c6__line__000093,pdf_01000000__01001006___06011d42c6__scene__003,01001006_捉放曹.pdf,D:\University_studies\Junior\data_visualization\experiment\final_self\opera_dataset\01000000\01001006_捉放曹.pdf,01000000/01001006_捉放曹.pdf,62507f36-aa22-4065-bb0f-f7de69f87e7c,3,【第三场】,93,dialogue,dialogue,曹操,pdf_01000000__01001006___06011d42c6__char__9353441b83,白,白,白,上；走；念白,曹操,"三十六计,走为上计。你我找寻马匹,逃走了吧!","曹操（白）三十六计,走为上计。你我找寻马匹,逃走了吧!"
pdf_01000000__01001006___06011d42c6,捉放曹,pdf_01000000__01001006___06011d42c6__line__000093,pdf_01000000__01001006___06011d42c6__scene__003,01001006_捉放曹.pdf,D:\University_studies\Junior\data_visualization\experiment\final_self\opera_dataset\01000000\01001006_捉放曹.pdf,01000000/01001006_捉放曹.pdf,62507f36-aa22-4065-bb0f-f7de69f87e7c,3,【第三场】,93,dialogue,dialogue,陈宫,pdf_01000000__01001006___06011d42c6__char__a596384b04,白,白,白,走；念白,陈宫,"哈哈,事到如今,只得走了吓!","陈宫（白）哈哈,事到如今,只得走了吓!"
pdf_01000000__01001006___06011d42c6,捉放曹,pdf_01000000__01001006___06011d42c6__line__000093,pdf_01000000__01001006___06011d42c6__scene__003,01001006_捉放曹.pdf,D:\University_studies\Junior\data_visualization\experiment\final_self\opera_dataset\01000000\01001006_捉放曹.pdf,01000000/01001006_捉放曹.pdf,62507f36-aa22-4065-bb0f-f7de69f87e7c,3,【第三场】,93,dialogue,dialogue,曹操,pdf_01000000__01001006___06011d42c6__char__9353441b83,白,白,白,走；念白,曹操,走!,曹操（白）走!
pdf_01000000__01001006___06011d42c6,捉放曹,pdf_01000000__01001006___06011d42c6__line__000093,pdf_01000000__01001006___06011d42c6__scene__003,01001006_捉放曹.pdf,D:\University_studies\Junior\data_visualization\experiment\final_self\opera_dataset\01000000\01001006_捉放曹.pdf,01000000/01001006_捉放曹.pdf,62507f36-aa22-4065-bb0f-f7de69f87e7c,3,【第三场】,93,dialogue,dialogue,陈宫,pdf_01000000__01001006___06011d42c6__char__a596384b04,白,白,白,走；念白,陈宫,走!,陈宫（白）走!
pdf_01000000__01001006___06011d42c6,捉放曹,pdf_01000000__01001006___06011d42c6__line__000093,pdf_01000000__01001006___06011d42c6__scene__003,01001006_捉放曹.pdf,D:\University_studies\Junior\data_visualization\experiment\final_self\opera_dataset\01000000\01001006_捉放曹.pdf,01000000/01001006_捉放曹.pdf,62507f36-aa22-4065-bb0f-f7de69f87e7c,3,【第三场】,93,dialogue,dialogue,曹操,pdf_01000000__01001006___06011d42c6__char__9353441b83,白,白,白,走；念白,曹操,走吓!,曹操（白）走吓!
pdf_01000000__01001006___06011d42c6,捉放曹,pdf_01000000__01001006___06011d42c6__line__000093,pdf_01000000__01001006___06011d42c6__scene__003,01001006_捉放曹.pdf,D:\University_studies\Junior\data_visualization\experiment\final_self\opera_dataset\01000000\01001006_捉放曹.pdf,01000000/01001006_捉放曹.pdf,62507f36-aa22-4065-bb0f-f7de69f87e7c,3,【第三场】,93,dialogue,dialogue,陈宫,pdf_01000000__01001006___06011d42c6__char__a596384b04,白,白,白,走；念白,陈宫,走走走!,陈宫（白）走走走!
pdf_01000000__01001006___06011d42c6,捉放曹,pdf_01000000__01001006___06011d42c6__line__000093,pdf_01000000__01001006___06011d42c6__scene__003,01001006_捉放曹.pdf,D:\University_studies\Junior\data_visualization\experiment\final_self\opera_dataset\01000000\01001006_捉放曹.pdf,01000000/01001006_捉放曹.pdf,62507f36-aa22-4065-bb0f-f7de69f87e7c,3,【第三场】,93,lyric,lyric,曹操,pdf_01000000__01001006___06011d42c6__char__9353441b83,西皮摇板,唱,西皮摇板,上；来；唱段,曹操,"出得庄来把马上,","曹操（西皮摇板）出得庄来把马上,"
pdf_01000000__01001006___06011d42c6,捉放曹,pdf_01000000__01001006___06011d42c6__line__000093,pdf_01000000__01001006___06011d42c6__scene__003,01001006_捉放曹.pdf,D:\University_studies\Junior\data_visualization\experiment\final_self\opera_dataset\01000000\01001006_捉放曹.pdf,01000000/01001006_捉放曹.pdf,62507f36-aa22-4065-bb0f-f7de69f87e7c,3,【第三场】,93,lyric,lyric,陈宫,pdf_01000000__01001006___06011d42c6__char__a596384b04,西皮快板,唱,西皮快板,来；道；唱段,陈宫,"扭回头来自参详:我先前道他安邦定国将,却原来他是个人面兽心肠!","陈宫（西皮快板）扭回头来自参详:我先前道他安邦定国将,却原来他是个人面兽心肠!"
pdf_01000000__01001006___06011d42c6,捉放曹,pdf_01000000__01001006___06011d42c6__line__000093,pdf_01000000__01001006___06011d42c6__scene__003,01001006_捉放曹.pdf,D:\University_studies\Junior\data_visualization\experiment\final_self\opera_dataset\01000000\01001006_捉放曹.pdf,01000000/01001006_捉放曹.pdf,62507f36-aa22-4065-bb0f-f7de69f87e7c,3,【第三场】,93,lyric,lyric,吕伯奢,pdf_01000000__01001006___06011d42c6__char__576ef3218a,西皮摇板,唱,西皮摇板,上；来；唱段,吕伯奢,"老汉亲自沽佳酿,满面春风转回乡。一步来上庄头上,","吕伯奢（西皮摇板）老汉亲自沽佳酿,满面春风转回乡。一步来上庄头上,"
pdf_01000000__01001006___06011d42c6,捉放曹,pdf_01000000__01001006___06011d42c6__line__000093,pdf_01000000__01001006___06011d42c6__scene__003,01001006_捉放曹.pdf,D:\University_studies\Junior\data_visualization\experiment\final_self\opera_dataset\01000000\01001006_捉放曹.pdf,01000000/01001006_捉放曹.pdf,62507f36-aa22-4065-bb0f-f7de69f87e7c,3,【第三场】,93,dialogue,dialogue,曹操,pdf_01000000__01001006___06011d42c6__char__9353441b83,白,白,白,下；来；念白,曹操,"伯父来了,一同下马。","曹操（白）伯父来了,一同下马。"
pdf_01000000__01001006___06011d42c6,捉放曹,pdf_01000000__01001006___06011d42c6__line__000093,pdf_01000000__01001006___06011d42c6__scene__003,01001006_捉放曹.pdf,D:\University_studies\Junior\data_visualization\experiment\final_self\opera_dataset\01000000\01001006_捉放曹.pdf,01000000/01001006_捉放曹.pdf,62507f36-aa22-4065-bb0f-f7de69f87e7c,3,【第三场】,93,dialogue,dialogue,吕伯奢,pdf_01000000__01001006___06011d42c6__char__576ef3218a,白,白,白,上；念白,吕伯奢,"吓,二公这时往何上?","吕伯奢（白）吓,二公这时往何上?"
pdf_01000000__01001006___06011d42c6,捉放曹,pdf_01000000__01001006___06011d42c6__line__000093,pdf_01000000__01001006___06011d42c6__scene__003,01001006_捉放曹.pdf,D:\University_studies\Junior\data_visualization\experiment\final_self\opera_dataset\01000000\01001006_捉放曹.pdf,01000000/01001006_捉放曹.pdf,62507f36-aa22-4065-bb0f-f7de69f87e7c,3,【第三场】,93,dialogue,dialogue,曹操,pdf_01000000__01001006___06011d42c6__char__9353441b83,白,白,白,来；念白,曹操,"伯父,侄儿避祸来此,恐怕连累伯父家眷不便,侄儿告辞。","曹操（白）伯父,侄儿避祸来此,恐怕连累伯父家眷不便,侄儿告辞。"
pdf_01000000__01001006___06011d42c6,捉放曹,pdf_01000000__01001006___06011d42c6__line__000093,pdf_01000000__01001006___06011d42c6__scene__003,01001006_捉放曹.pdf,D:\University_studies\Junior\data_visualization\experiment\final_self\opera_dataset\01000000\01001006_捉放曹.pdf,01000000/01001006_捉放曹.pdf,62507f36-aa22-4065-bb0f-f7de69f87e7c,3,【第三场】,93,dialogue,dialogue,吕伯奢,pdf_01000000__01001006___06011d42c6__char__576ef3218a,白,白,白,下；杀；念白,吕伯奢,"老汉也曾吩咐家下人,杀猪款待二位,老汉亲到西村沽瓶美酒,天气昏暗,招商又远,且转到家中,暂宿一宵,明日早行。","吕伯奢（白）老汉也曾吩咐家下人,杀猪款待二位,老汉亲到西村沽瓶美酒,天气昏暗,招商又远,且转到家中,暂宿一宵,明日早行。"
pdf_01000000__01001006___06011d42c6,捉放曹,pdf_01000000__01001006___06011d42c6__line__000093,pdf_01000000__01001006___06011d42c6__scene__003,01001006_捉放曹.pdf,D:\University_studies\Junior\data_visualization\experiment\final_self\opera_dataset\01000000\01001006_捉放曹.pdf,01000000/01001006_捉放曹.pdf,62507f36-aa22-4065-bb0f-f7de69f87e7c,3,【第三场】,93,dialogue,dialogue,曹操,pdf_01000000__01001006___06011d42c6__char__9353441b83,白,白,白,念白,曹操,"侄儿实实不能久停,告辞了。","曹操（白）侄儿实实不能久停,告辞了。"
pdf_01000000__01001006___06011d42c6,捉放曹,pdf_01000000__01001006___06011d42c6__line__000093,pdf_01000000__01001006___06011d42c6__scene__003,01001006_捉放曹.pdf,D:\University_studies\Junior\data_visualization\experiment\final_self\opera_dataset\01000000\01001006_捉放曹.pdf,01000000/01001006_捉放曹.pdf,62507f36-aa22-4065-bb0f-f7de69f87e7c,3,【第三场】,93,dialogue,dialogue,吕伯奢,pdf_01000000__01001006___06011d42c6__char__576ef3218a,白,白,白,念白,吕伯奢,"贤侄若不回转,老汉就要强留了。","吕伯奢（白）贤侄若不回转,老汉就要强留了。"
pdf_01000000__01001006___06011d42c6,捉放曹,pdf_01000000__01001006___06011d42c6__line__000093,pdf_01000000__01001006___06011d42c6__scene__003,01001006_捉放曹.pdf,D:\University_studies\Junior\data_visualization\experiment\final_self\opera_dataset\01000000\01001006_捉放曹.pdf,01000000/01001006_捉放曹.pdf,62507f36-aa22-4065-bb0f-f7de69f87e7c,3,【第三场】,93,dialogue,dialogue,曹操,pdf_01000000__01001006___06011d42c6__char__9353441b83,白,白,白,念白,曹操,这个......,曹操（白）这个......
pdf_01000000__01001006___06011d42c6,捉放曹,pdf_01000000__01001006___06011d42c6__line__000093,pdf_01000000__01001006___06011d42c6__scene__003,01001006_捉放曹.pdf,D:\University_studies\Junior\data_visualization\experiment\final_self\opera_dataset\01000000\01001006_捉放曹.pdf,01000000/01001006_捉放曹.pdf,62507f36-aa22-4065-bb0f-f7de69f87e7c,3,【第三场】,93,dialogue,dialogue,陈宫,pdf_01000000__01001006___06011d42c6__char__a596384b04,白,白,白,念白,陈宫,"吓,老丈不必强留,回家自晓,你我后会有期。","陈宫（白）吓,老丈不必强留,回家自晓,你我后会有期。"
pdf_01000000__01001006___06011d42c6,捉放曹,pdf_01000000__01001006___06011d42c6__line__000093,pdf_01000000__01001006___06011d42c6__scene__003,01001006_捉放曹.pdf,D:\University_studies\Junior\data_visualization\experiment\final_self\opera_dataset\01000000\01001006_捉放曹.pdf,01000000/01001006_捉放曹.pdf,62507f36-aa22-4065-bb0f-f7de69f87e7c,3,【第三场】,93,dialogue,dialogue,曹操,pdf_01000000__01001006___06011d42c6__char__9353441b83,白,白,白,念白,曹操,告辞了!,曹操（白）告辞了!
pdf_01000000__01001006___06011d42c6,捉放曹,pdf_01000000__01001006___06011d42c6__line__000093,pdf_01000000__01001006___06011d42c6__scene__003,01001006_捉放曹.pdf,D:\University_studies\Junior\data_visualization\experiment\final_self\opera_dataset\01000000\01001006_捉放曹.pdf,01000000/01001006_捉放曹.pdf,62507f36-aa22-4065-bb0f-f7de69f87e7c,3,【第三场】,93,dialogue,dialogue,陈宫,pdf_01000000__01001006___06011d42c6__char__a596384b04,白,白,白,念白,陈宫,"老丈,陈宫心中似刀扎。多蒙老丈恩义大,好意反成了恶冤家。一时难说真心话,莫怨陈宫你要怨他。","陈宫（白）老丈,陈宫心中似刀扎。多蒙老丈恩义大,好意反成了恶冤家。一时难说真心话,莫怨陈宫你要怨他。"
pdf_01000000__01001006___06011d42c6,捉放曹,pdf_01000000__01001006___06011d42c6__line__000093,pdf_01000000__01001006___06011d42c6__scene__003,01001006_捉放曹.pdf,D:\University_studies\Junior\data_visualization\experiment\final_self\opera_dataset\01000000\01001006_捉放曹.pdf,01000000/01001006_捉放曹.pdf,62507f36-aa22-4065-bb0f-f7de69f87e7c,3,【第三场】,93,dialogue,dialogue,吕伯奢,pdf_01000000__01001006___06011d42c6__char__576ef3218a,白,白,白,上；下；去；问；叫；念白,吕伯奢；陈宫,"暖,孟德上马神恍惚,陈宫为何乱如麻?莫不是家下人说闲话,言语不到冲撞他?叫人难解这真与假,待老汉回家去问根芽。","吕伯奢（白）暖,孟德上马神恍惚,陈宫为何乱如麻?莫不是家下人说闲话,言语不到冲撞他?叫人难解这真与假,待老汉回家去问根芽。"
pdf_01000000__01001006___06011d42c6,捉放曹,pdf_01000000__01001006___06011d42c6__line__000093,pdf_01000000__01001006___06011d42c6__scene__003,01001006_捉放曹.pdf,D:\University_studies\Junior\data_visualization\experiment\final_self\opera_dataset\01000000\01001006_捉放曹.pdf,01000000/01001006_捉放曹.pdf,62507f36-aa22-4065-bb0f-f7de69f87e7c,3,【第三场】,93,lyric,lyric,曹操,pdf_01000000__01001006___06011d42c6__char__9353441b83,西皮摇板,唱,西皮摇板,走；唱段,曹操,"勒住丝缰且住马,他人不走必有差。","曹操（西皮摇板）勒住丝缰且住马,他人不走必有差。"
pdf_01000000__01001006___06011d42c6,捉放曹,pdf_01000000__01001006___06011d42c6__line__000093,pdf_01000000__01001006___06011d42c6__scene__003,01001006_捉放曹.pdf,D:\University_studies\Junior\data_visualization\experiment\final_self\opera_dataset\01000000\01001006_捉放曹.pdf,01000000/01001006_捉放曹.pdf,62507f36-aa22-4065-bb0f-f7de69f87e7c,3,【第三场】,93,dialogue,dialogue,曹操,pdf_01000000__01001006___06011d42c6__char__9353441b83,白,白,白,念白,曹操,"公台,你我只顾遭风避祸,又忘了一桩大事!","曹操（白）公台,你我只顾遭风避祸,又忘了一桩大事!"
pdf_01000000__01001006___06011d42c6,捉放曹,pdf_01000000__01001006___06011d42c6__line__000093,pdf_01000000__01001006___06011d42c6__scene__003,01001006_捉放曹.pdf,D:\University_studies\Junior\data_visualization\experiment\final_self\opera_dataset\01000000\01001006_捉放曹.pdf,01000000/01001006_捉放曹.pdf,62507f36-aa22-4065-bb0f-f7de69f87e7c,3,【第三场】,93,dialogue,dialogue,陈宫,pdf_01000000__01001006___06011d42c6__char__a596384b04,白,白,白,念白,陈宫,什么大事?,陈宫（白）什么大事?
pdf_01000000__01001006___06011d42c6,捉放曹,pdf_01000000__01001006___06011d42c6__line__000093,pdf_01000000__01001006___06011d42c6__scene__003,01001006_捉放曹.pdf,D:\University_studies\Junior\data_visualization\experiment\final_self\opera_dataset\01000000\01001006_捉放曹.pdf,01000000/01001006_捉放曹.pdf,62507f36-aa22-4065-bb0f-f7de69f87e7c,3,【第三场】,93,dialogue,dialogue,曹操,pdf_01000000__01001006___06011d42c6__char__9353441b83,白,白,白,来；叫；念白,曹操,"不曾叫伯父转来,嘱咐他两句话。","曹操（白）不曾叫伯父转来,嘱咐他两句话。"
pdf_01000000__01001006___06011d42c6,捉放曹,pdf_01000000__01001006___06011d42c6__line__000093,pdf_01000000__01001006___06011d42c6__scene__003,01001006_捉放曹.pdf,D:\University_studies\Junior\data_visualization\experiment\final_self\opera_dataset\01000000\01001006_捉放曹.pdf,01000000/01001006_捉放曹.pdf,62507f36-aa22-4065-bb0f-f7de69f87e7c,3,【第三场】,93,dialogue,dialogue,陈宫,pdf_01000000__01001006___06011d42c6__char__a596384b04,白,白,白,去；命；念白,陈宫,你饶他一条老命去罢!,陈宫（白）你饶他一条老命去罢!
pdf_01000000__01001006___06011d42c6,捉放曹,pdf_01000000__01001006___06011d42c6__line__000093,pdf_01000000__01001006___06011d42c6__scene__003,01001006_捉放曹.pdf,D:\University_studies\Junior\data_visualization\experiment\final_self\opera_dataset\01000000\01001006_捉放曹.pdf,01000000/01001006_捉放曹.pdf,62507f36-aa22-4065-bb0f-f7de69f87e7c,3,【第三场】,93,dialogue,dialogue,曹操,pdf_01000000__01001006___06011d42c6__char__9353441b83,白,白,白,来；念白,曹操,不要你管!伯父转来!,曹操（白）不要你管!伯父转来!
pdf_01000000__01001006___06011d42c6,捉放曹,pdf_01000000__01001006___06011d42c6__line__000093,pdf_01000000__01001006___06011d42c6__scene__003,01001006_捉放曹.pdf,D:\University_studies\Junior\data_visualization\experiment\final_self\opera_dataset\01000000\01001006_捉放曹.pdf,01000000/01001006_捉放曹.pdf,62507f36-aa22-4065-bb0f-f7de69f87e7c,3,【第三场】,93,lyric,lyric,吕伯奢,pdf_01000000__01001006___06011d42c6__char__576ef3218a,西皮摇板,唱,西皮摇板,唤；唱段,吕伯奢,"相逢未说知心话,又听孟德呼唤咱。","吕伯奢（西皮摇板）相逢未说知心话,又听孟德呼唤咱。"
pdf_01000000__01001006___06011d42c6,捉放曹,pdf_01000000__01001006___06011d42c6__line__000093,pdf_01000000__01001006___06011d42c6__scene__003,01001006_捉放曹.pdf,D:\University_studies\Junior\data_visualization\experiment\final_self\opera_dataset\01000000\01001006_捉放曹.pdf,01000000/01001006_捉放曹.pdf,62507f36-aa22-4065-bb0f-f7de69f87e7c,3,【第三场】,93,dialogue,dialogue,曹操,pdf_01000000__01001006___06011d42c6__char__9353441b83,白,白,白,去；念白,曹操,"正要回去,你身后何人?","曹操（白）正要回去,你身后何人?"
pdf_01000000__01001006___06011d42c6,捉放曹,pdf_01000000__01001006___06011d42c6__line__000093,pdf_01000000__01001006___06011d42c6__scene__003,01001006_捉放曹.pdf,D:\University_studies\Junior\data_visualization\experiment\final_self\opera_dataset\01000000\01001006_捉放曹.pdf,01000000/01001006_捉放曹.pdf,62507f36-aa22-4065-bb0f-f7de69f87e7c,3,【第三场】,93,dialogue,dialogue,吕伯奢,pdf_01000000__01001006___06011d42c6__char__576ef3218a,白,白,白,念白,吕伯奢,在哪里?,吕伯奢（白）在哪里?
pdf_01000000__01001006___06011d42c6,捉放曹,pdf_01000000__01001006___06011d42c6__line__000093,pdf_01000000__01001006___06011d42c6__scene__003,01001006_捉放曹.pdf,D:\University_studies\Junior\data_visualization\experiment\final_self\opera_dataset\01000000\01001006_捉放曹.pdf,01000000/01001006_捉放曹.pdf,62507f36-aa22-4065-bb0f-f7de69f87e7c,3,【第三场】,93,dialogue,dialogue,曹操,pdf_01000000__01001006___06011d42c6__char__9353441b83,白,白,白,看；念白,曹操,看剑!,曹操（白）看剑!
pdf_01000000__01001006___06011d42c6,捉放曹,pdf_01000000__01001006___06011d42c6__line__000093,pdf_01000000__01001006___06011d42c6__scene__003,01001006_捉放曹.pdf,D:\University_studies\Junior\data_visualization\experiment\final_self\opera_dataset\01000000\01001006_捉放曹.pdf,01000000/01001006_捉放曹.pdf,62507f36-aa22-4065-bb0f-f7de69f87e7c,3,【第三场】,93,dialogue,dialogue,陈宫,pdf_01000000__01001006___06011d42c6__char__a596384b04,白,白,白,念白,陈宫,哎吓!,陈宫（白）哎吓!
pdf_01000000__01001006___06011d42c6,捉放曹,pdf_01000000__01001006___06011d42c6__line__000093,pdf_01000000__01001006___06011d42c6__scene__003,01001006_捉放曹.pdf,D:\University_studies\Junior\data_visualization\experiment\final_self\opera_dataset\01000000\01001006_捉放曹.pdf,01000000/01001006_捉放曹.pdf,62507f36-aa22-4065-bb0f-f7de69f87e7c,3,【第三场】,93,dialogue,dialogue,曹操,pdf_01000000__01001006___06011d42c6__char__9353441b83,笑,做,笑,笑,曹操,哈哈哈......,曹操（笑）哈哈哈......
pdf_01000000__01001006___06011d42c6,捉放曹,pdf_01000000__01001006___06011d42c6__line__000093,pdf_01000000__01001006___06011d42c6__scene__003,01001006_捉放曹.pdf,D:\University_studies\Junior\data_visualization\experiment\final_self\opera_dataset\01000000\01001006_捉放曹.pdf,01000000/01001006_捉放曹.pdf,62507f36-aa22-4065-bb0f-f7de69f87e7c,3,【第三场】,93,dialogue,dialogue,陈宫,pdf_01000000__01001006___06011d42c6__char__a596384b04,白,白,白,念白,陈宫,呀呸!,陈宫（白）呀呸!
pdf_01000000__01001006___06011d42c6,捉放曹,pdf_01000000__01001006___06011d42c6__line__000093,pdf_01000000__01001006___06011d42c6__scene__003,01001006_捉放曹.pdf,D:\University_studies\Junior\data_visualization\experiment\final_self\opera_dataset\01000000\01001006_捉放曹.pdf,01000000/01001006_捉放曹.pdf,62507f36-aa22-4065-bb0f-f7de69f87e7c,3,【第三场】,93,dialogue,dialogue,曹操,pdf_01000000__01001006___06011d42c6__char__9353441b83,白,白,白,去；叫；杀；念白,曹操,"杀死老狗,以去后患,这叫作斩草除根!","曹操（白）杀死老狗,以去后患,这叫作斩草除根!"
pdf_01000000__01001006___06011d42c6,捉放曹,pdf_01000000__01001006___06011d42c6__line__000093,pdf_01000000__01001006___06011d42c6__scene__003,01001006_捉放曹.pdf,D:\University_studies\Junior\data_visualization\experiment\final_self\opera_dataset\01000000\01001006_捉放曹.pdf,01000000/01001006_捉放曹.pdf,62507f36-aa22-4065-bb0f-f7de69f87e7c,3,【第三场】,93,dialogue,dialogue,陈宫,pdf_01000000__01001006___06011d42c6__char__a596384b04,白,白,白,下；念白,陈宫,"你这样疑心,岂不怕天下人咒骂与你?","陈宫（白）你这样疑心,岂不怕天下人咒骂与你?"
pdf_01000000__01001006___06011d42c6,捉放曹,pdf_01000000__01001006___06011d42c6__line__000093,pdf_01000000__01001006___06011d42c6__scene__003,01001006_捉放曹.pdf,D:\University_studies\Junior\data_visualization\experiment\final_self\opera_dataset\01000000\01001006_捉放曹.pdf,01000000/01001006_捉放曹.pdf,62507f36-aa22-4065-bb0f-f7de69f87e7c,3,【第三场】,93,dialogue,dialogue,曹操,pdf_01000000__01001006___06011d42c6__char__9353441b83,白,白,白,下；来；叫；念白,曹操,"这......公台,曹操一生一世,宁可负天下人,不要叫天下人来负我!","曹操（白）这......公台,曹操一生一世,宁可负天下人,不要叫天下人来负我!"
pdf_01000000__01001006___06011d42c6,捉放曹,pdf_01000000__01001006___06011d42c6__line__000093,pdf_01000000__01001006___06011d42c6__scene__003,01001006_捉放曹.pdf,D:\University_studies\Junior\data_visualization\experiment\final_self\opera_dataset\01000000\01001006_捉放曹.pdf,01000000/01001006_捉放曹.pdf,62507f36-aa22-4065-bb0f-f7de69f87e7c,3,【第三场】,93,dialogue,dialogue,陈宫,pdf_01000000__01001006___06011d42c6__char__a596384b04,白,白,白,念白,陈宫,吓吓!,陈宫（白）吓吓!
pdf_01000000__01001006___06011d42c6,捉放曹,pdf_01000000__01001006___06011d42c6__line__000093,pdf_01000000__01001006___06011d42c6__scene__003,01001006_捉放曹.pdf,D:\University_studies\Junior\data_visualization\experiment\final_self\opera_dataset\01000000\01001006_捉放曹.pdf,01000000/01001006_捉放曹.pdf,62507f36-aa22-4065-bb0f-f7de69f87e7c,3,【第三场】,93,dialogue,dialogue,曹操,pdf_01000000__01001006___06011d42c6__char__9353441b83,白,白,白,念白,曹操,哽!,曹操（白）哽!
pdf_01000000__01001006___06011d42c6,捉放曹,pdf_01000000__01001006___06011d42c6__line__000093,pdf_01000000__01001006___06011d42c6__scene__003,01001006_捉放曹.pdf,D:\University_studies\Junior\data_visualization\experiment\final_self\opera_dataset\01000000\01001006_捉放曹.pdf,01000000/01001006_捉放曹.pdf,62507f36-aa22-4065-bb0f-f7de69f87e7c,3,【第三场】,93,lyric,lyric,陈宫,pdf_01000000__01001006___06011d42c6__char__a596384b04,西皮慢板,唱,西皮慢板,下；道；惊；唱段,陈宫,"听他言吓得我心惊胆怕,背转身自埋怨自己作差。我先前只道他宽洪量大,又谁知是一个量小的冤家!马行在夹道内难以回马,皆因是花随水,水不能随花。这时候我只得忍耐在心下,既同行共大事,必须要劝解于他。","陈宫（西皮慢板）听他言吓得我心惊胆怕,背转身自埋怨自己作差。我先前只道他宽洪量大,又谁知是一个量小的冤家!马行在夹道内难以回马,皆因是花随水,水不能随花。这时候我只得忍耐在心下,既同行共大事,必须要劝解于他。"
pdf_01000000__01001006___06011d42c6,捉放曹,pdf_01000000__01001006___06011d42c6__line__000093,pdf_01000000__01001006___06011d42c6__scene__003,01001006_捉放曹.pdf,D:\University_studies\Junior\data_visualization\experiment\final_self\opera_dataset\01000000\01001006_捉放曹.pdf,01000000/01001006_捉放曹.pdf,62507f36-aa22-4065-bb0f-f7de69f87e7c,3,【第三场】,93,dialogue,dialogue,曹操,pdf_01000000__01001006___06011d42c6__char__9353441b83,白,白,白,念白,曹操,你的言语多诈!,曹操（白）你的言语多诈!
pdf_01000000__01001006___06011d42c6,捉放曹,pdf_01000000__01001006___06011d42c6__line__000093,pdf_01000000__01001006___06011d42c6__scene__003,01001006_捉放曹.pdf,D:\University_studies\Junior\data_visualization\experiment\final_self\opera_dataset\01000000\01001006_捉放曹.pdf,01000000/01001006_捉放曹.pdf,62507f36-aa22-4065-bb0f-f7de69f87e7c,3,【第三场】,93,dialogue,dialogue,陈宫,pdf_01000000__01001006___06011d42c6__char__a596384b04,白,白,白,念白,陈宫,"明公,","陈宫（白）明公,"
pdf_01000000__01001006___06011d42c6,捉放曹,pdf_01000000__01001006___06011d42c6__line__000093,pdf_01000000__01001006___06011d42c6__scene__003,01001006_捉放曹.pdf,D:\University_studies\Junior\data_visualization\experiment\final_self\opera_dataset\01000000\01001006_捉放曹.pdf,01000000/01001006_捉放曹.pdf,62507f36-aa22-4065-bb0f-f7de69f87e7c,3,【第三场】,93,lyric,lyric,曹操,pdf_01000000__01001006___06011d42c6__char__9353441b83,西皮摇板,唱,西皮摇板,上；唱段,曹操,"陈公台休埋怨一同上马,","曹操（西皮摇板）陈公台休埋怨一同上马,"
pdf_01000000__01001006___06011d42c6,捉放曹,pdf_01000000__01001006___06011d42c6__line__000093,pdf_01000000__01001006___06011d42c6__scene__003,01001006_捉放曹.pdf,D:\University_studies\Junior\data_visualization\experiment\final_self\opera_dataset\01000000\01001006_捉放曹.pdf,01000000/01001006_捉放曹.pdf,62507f36-aa22-4065-bb0f-f7de69f87e7c,3,【第三场】,93,lyric,lyric,曹操,pdf_01000000__01001006___06011d42c6__char__9353441b83,西皮快板,唱,西皮快板,来；杀；坐；唱段,吕伯奢；曹操,"坐雕鞍听孟德细说根芽:吕伯奢与我父相交不假,俺曹操错当他对头冤家。你说我不应该将他来杀,岂不知斩草除根永不发芽?","曹操（西皮快板）坐雕鞍听孟德细说根芽:吕伯奢与我父相交不假,俺曹操错当他对头冤家。你说我不应该将他来杀,岂不知斩草除根永不发芽?"
pdf_01000000__01001006___06011d42c6,捉放曹,pdf_01000000__01001006___06011d42c6__line__000093,pdf_01000000__01001006___06011d42c6__scene__003,01001006_捉放曹.pdf,D:\University_studies\Junior\data_visualization\experiment\final_self\opera_dataset\01000000\01001006_捉放曹.pdf,01000000/01001006_捉放曹.pdf,62507f36-aa22-4065-bb0f-f7de69f87e7c,3,【第三场】,93,lyric,lyric,陈宫,pdf_01000000__01001006___06011d42c6__char__a596384b04,西皮摇板,唱,西皮摇板,唱段,陈宫,"好言语劝不醒蠢牛木马,把此贼比作了井底之蛙。","陈宫（西皮摇板）好言语劝不醒蠢牛木马,把此贼比作了井底之蛙。"
pdf_01000000__01001006___06011d42c6,捉放曹,pdf_01000000__01001006___06011d42c6__line__000093,pdf_01000000__01001006___06011d42c6__scene__003,01001006_捉放曹.pdf,D:\University_studies\Junior\data_visualization\experiment\final_self\opera_dataset\01000000\01001006_捉放曹.pdf,01000000/01001006_捉放曹.pdf,62507f36-aa22-4065-bb0f-f7de69f87e7c,3,【第三场】,93,lyric,lyric,曹操,pdf_01000000__01001006___06011d42c6__char__9353441b83,西皮摇板,唱,西皮摇板,坐；唱段,曹操,"忙加鞭催动了能行坐马,黑暗暗雾腾腾必有人家。","曹操（西皮摇板）忙加鞭催动了能行坐马,黑暗暗雾腾腾必有人家。"
pdf_01000000__01001006___06011d42c6,捉放曹,pdf_01000000__01001006___06011d42c6__line__000093,pdf_01000000__01001006___06011d42c6__scene__003,01001006_捉放曹.pdf,D:\University_studies\Junior\data_visualization\experiment\final_self\opera_dataset\01000000\01001006_捉放曹.pdf,01000000/01001006_捉放曹.pdf,62507f36-aa22-4065-bb0f-f7de69f87e7c,3,【第三场】,93,dialogue,dialogue,陈宫,pdf_01000000__01001006___06011d42c6__char__a596384b04,白,白,白,念白,陈宫,任凭于你。,陈宫（白）任凭于你。
pdf_01000000__01001006___06011d42c6,捉放曹,pdf_01000000__01001006___06011d42c6__line__000093,pdf_01000000__01001006___06011d42c6__scene__003,01001006_捉放曹.pdf,D:\University_studies\Junior\data_visualization\experiment\final_self\opera_dataset\01000000\01001006_捉放曹.pdf,01000000/01001006_捉放曹.pdf,62507f36-aa22-4065-bb0f-f7de69f87e7c,3,【第三场】,93,dialogue,dialogue,曹操,pdf_01000000__01001006___06011d42c6__char__9353441b83,白,白,白,念白,曹操；店家,店家哪里?,曹操（白）店家哪里?
pdf_01000000__01001006___06011d42c6,捉放曹,pdf_01000000__01001006___06011d42c6__line__000093,pdf_01000000__01001006___06011d42c6__scene__003,01001006_捉放曹.pdf,D:\University_studies\Junior\data_visualization\experiment\final_self\opera_dataset\01000000\01001006_捉放曹.pdf,01000000/01001006_捉放曹.pdf,62507f36-aa22-4065-bb0f-f7de69f87e7c,3,【第三场】,93,dialogue,dialogue,店家,pdf_01000000__01001006___06011d42c6__char__e82f0f124a,白,白,白,来；念白,店家,来了!,店家（白）来了!
pdf_01000000__01001006___06011d42c6,捉放曹,pdf_01000000__01001006___06011d42c6__line__000093,pdf_01000000__01001006___06011d42c6__scene__003,01001006_捉放曹.pdf,D:\University_studies\Junior\data_visualization\experiment\final_self\opera_dataset\01000000\01001006_捉放曹.pdf,01000000/01001006_捉放曹.pdf,62507f36-aa22-4065-bb0f-f7de69f87e7c,3,【第三场】,93,dialogue,dialogue,曹操,pdf_01000000__01001006___06011d42c6__char__9353441b83,白,白,白,念白,曹操,"正是,将马带过。","曹操（白）正是,将马带过。"
pdf_01000000__01001006___06011d42c6,捉放曹,pdf_01000000__01001006___06011d42c6__line__000093,pdf_01000000__01001006___06011d42c6__scene__003,01001006_捉放曹.pdf,D:\University_studies\Junior\data_visualization\experiment\final_self\opera_dataset\01000000\01001006_捉放曹.pdf,01000000/01001006_捉放曹.pdf,62507f36-aa22-4065-bb0f-f7de69f87e7c,3,【第三场】,93,dialogue,dialogue,店家,pdf_01000000__01001006___06011d42c6__char__e82f0f124a,白,白,白,念白,店家,是了。,店家（白）是了。
pdf_01000000__01001006___06011d42c6,捉放曹,pdf_01000000__01001006___06011d42c6__line__000093,pdf_01000000__01001006___06011d42c6__scene__003,01001006_捉放曹.pdf,D:\University_studies\Junior\data_visualization\experiment\final_self\opera_dataset\01000000\01001006_捉放曹.pdf,01000000/01001006_捉放曹.pdf,62507f36-aa22-4065-bb0f-f7de69f87e7c,3,【第三场】,93,dialogue,dialogue,陈宫,pdf_01000000__01001006___06011d42c6__char__a596384b04,白,白,白,下；念白,陈宫,"不要下了鞍蹬,明日早行。","陈宫（白）不要下了鞍蹬,明日早行。"
pdf_01000000__01001006___06011d42c6,捉放曹,pdf_01000000__01001006___06011d42c6__line__000093,pdf_01000000__01001006___06011d42c6__scene__003,01001006_捉放曹.pdf,D:\University_studies\Junior\data_visualization\experiment\final_self\opera_dataset\01000000\01001006_捉放曹.pdf,01000000/01001006_捉放曹.pdf,62507f36-aa22-4065-bb0f-f7de69f87e7c,3,【第三场】,93,dialogue,dialogue,店家,pdf_01000000__01001006___06011d42c6__char__e82f0f124a,白,白,白,念白,店家,是了。,店家（白）是了。
pdf_01000000__01001006___06011d42c6,捉放曹,pdf_01000000__01001006___06011d42c6__line__000093,pdf_01000000__01001006___06011d42c6__scene__003,01001006_捉放曹.pdf,D:\University_studies\Junior\data_visualization\experiment\final_self\opera_dataset\01000000\01001006_捉放曹.pdf,01000000/01001006_捉放曹.pdf,62507f36-aa22-4065-bb0f-f7de69f87e7c,3,【第三场】,93,dialogue,dialogue,店家,pdf_01000000__01001006___06011d42c6__char__e82f0f124a,白,白,白,念白,店家,"二位,用些什么?","店家（白）二位,用些什么?"
pdf_01000000__01001006___06011d42c6,捉放曹,pdf_01000000__01001006___06011d42c6__line__000093,pdf_01000000__01001006___06011d42c6__scene__003,01001006_捉放曹.pdf,D:\University_studies\Junior\data_visualization\experiment\final_self\opera_dataset\01000000\01001006_捉放曹.pdf,01000000/01001006_捉放曹.pdf,62507f36-aa22-4065-bb0f-f7de69f87e7c,3,【第三场】,93,dialogue,dialogue,陈宫,pdf_01000000__01001006___06011d42c6__char__a596384b04,白,白,白,念白,陈宫,"前面用过,自用孤灯一盏。","陈宫（白）前面用过,自用孤灯一盏。"
pdf_01000000__01001006___06011d42c6,捉放曹,pdf_01000000__01001006___06011d42c6__line__000093,pdf_01000000__01001006___06011d42c6__scene__003,01001006_捉放曹.pdf,D:\University_studies\Junior\data_visualization\experiment\final_self\opera_dataset\01000000\01001006_捉放曹.pdf,01000000/01001006_捉放曹.pdf,62507f36-aa22-4065-bb0f-f7de69f87e7c,3,【第三场】,93,dialogue,dialogue,曹操,pdf_01000000__01001006___06011d42c6__char__9353441b83,白,白,白,念白,曹操,暖酒一壶。,曹操（白）暖酒一壶。
pdf_01000000__01001006___06011d42c6,捉放曹,pdf_01000000__01001006___06011d42c6__line__000093,pdf_01000000__01001006___06011d42c6__scene__003,01001006_捉放曹.pdf,D:\University_studies\Junior\data_visualization\experiment\final_self\opera_dataset\01000000\01001006_捉放曹.pdf,01000000/01001006_捉放曹.pdf,62507f36-aa22-4065-bb0f-f7de69f87e7c,3,【第三场】,93,dialogue,dialogue,店家,pdf_01000000__01001006___06011d42c6__char__e82f0f124a,白,白,白,念白,店家,"是,伙计们,烫酒一壶,酒到灯到。","店家（白）是,伙计们,烫酒一壶,酒到灯到。"
pdf_01000000__01001006___06011d42c6,捉放曹,pdf_01000000__01001006___06011d42c6__line__000093,pdf_01000000__01001006___06011d42c6__scene__003,01001006_捉放曹.pdf,D:\University_studies\Junior\data_visualization\experiment\final_self\opera_dataset\01000000\01001006_捉放曹.pdf,01000000/01001006_捉放曹.pdf,62507f36-aa22-4065-bb0f-f7de69f87e7c,3,【第三场】,93,dialogue,dialogue,陈宫,pdf_01000000__01001006___06011d42c6__char__a596384b04,白,白,白,下；来；去；唤；念白,陈宫,"唤你再来,下去。","陈宫（白）唤你再来,下去。"
pdf_01000000__01001006___06011d42c6,捉放曹,pdf_01000000__01001006___06011d42c6__line__000093,pdf_01000000__01001006___06011d42c6__scene__003,01001006_捉放曹.pdf,D:\University_studies\Junior\data_visualization\experiment\final_self\opera_dataset\01000000\01001006_捉放曹.pdf,01000000/01001006_捉放曹.pdf,62507f36-aa22-4065-bb0f-f7de69f87e7c,3,【第三场】,93,dialogue,dialogue,曹操,pdf_01000000__01001006___06011d42c6__char__9353441b83,白,白,白,来；请；念白,曹操,"公台,请来用酒。","曹操（白）公台,请来用酒。"
pdf_01000000__01001006___06011d42c6,捉放曹,pdf_01000000__01001006___06011d42c6__line__000093,pdf_01000000__01001006___06011d42c6__scene__003,01001006_捉放曹.pdf,D:\University_studies\Junior\data_visualization\experiment\final_self\opera_dataset\01000000\01001006_捉放曹.pdf,01000000/01001006_捉放曹.pdf,62507f36-aa22-4065-bb0f-f7de69f87e7c,3,【第三场】,93,dialogue,dialogue,陈宫,pdf_01000000__01001006___06011d42c6__char__a596384b04,白,白,白,下；念白,陈宫,"鞍马劳顿,吞吃不下。","陈宫（白）鞍马劳顿,吞吃不下。"
pdf_01000000__01001006___06011d42c6,捉放曹,pdf_01000000__01001006___06011d42c6__line__000093,pdf_01000000__01001006___06011d42c6__scene__003,01001006_捉放曹.pdf,D:\University_studies\Junior\data_visualization\experiment\final_self\opera_dataset\01000000\01001006_捉放曹.pdf,01000000/01001006_捉放曹.pdf,62507f36-aa22-4065-bb0f-f7de69f87e7c,3,【第三场】,93,dialogue,dialogue,曹操,pdf_01000000__01001006___06011d42c6__char__9353441b83,白,白,白,下；杀；念白,吕伯奢；曹操,"哪里是鞍马劳顿,吞吃不下;分明是见我杀了吕伯奢全家,你心中有些不服,是与不是?","曹操（白）哪里是鞍马劳顿,吞吃不下;分明是见我杀了吕伯奢全家,你心中有些不服,是与不是?"
pdf_01000000__01001006___06011d42c6,捉放曹,pdf_01000000__01001006___06011d42c6__line__000093,pdf_01000000__01001006___06011d42c6__scene__003,01001006_捉放曹.pdf,D:\University_studies\Junior\data_visualization\experiment\final_self\opera_dataset\01000000\01001006_捉放曹.pdf,01000000/01001006_捉放曹.pdf,62507f36-aa22-4065-bb0f-f7de69f87e7c,3,【第三场】,93,dialogue,dialogue,陈宫,pdf_01000000__01001006___06011d42c6__char__a596384b04,白,白,白,念白,陈宫,"既已同行,有什么心中不服?你那疑心太重了。","陈宫（白）既已同行,有什么心中不服?你那疑心太重了。"
pdf_01000000__01001006___06011d42c6,捉放曹,pdf_01000000__01001006___06011d42c6__line__000093,pdf_01000000__01001006___06011d42c6__scene__003,01001006_捉放曹.pdf,D:\University_studies\Junior\data_visualization\experiment\final_self\opera_dataset\01000000\01001006_捉放曹.pdf,01000000/01001006_捉放曹.pdf,62507f36-aa22-4065-bb0f-f7de69f87e7c,3,【第三场】,93,dialogue,dialogue,曹操,pdf_01000000__01001006___06011d42c6__char__9353441b83,白,白,白,念白,曹操,"俺曹操这一生一世,就是这疑心太大。","曹操（白）俺曹操这一生一世,就是这疑心太大。"
pdf_01000000__01001006___06011d42c6,捉放曹,pdf_01000000__01001006___06011d42c6__line__000093,pdf_01000000__01001006___06011d42c6__scene__003,01001006_捉放曹.pdf,D:\University_studies\Junior\data_visualization\experiment\final_self\opera_dataset\01000000\01001006_捉放曹.pdf,01000000/01001006_捉放曹.pdf,62507f36-aa22-4065-bb0f-f7de69f87e7c,3,【第三场】,93,dialogue,dialogue,陈宫,pdf_01000000__01001006___06011d42c6__char__a596384b04,白,白,白,念白,陈宫,"明公,明公......睡着了。咳,","陈宫（白）明公,明公......睡着了。咳,"
pdf_01000000__01001006___06011d42c6,捉放曹,pdf_01000000__01001006___06011d42c6__line__000093,pdf_01000000__01001006___06011d42c6__scene__003,01001006_捉放曹.pdf,D:\University_studies\Junior\data_visualization\experiment\final_self\opera_dataset\01000000\01001006_捉放曹.pdf,01000000/01001006_捉放曹.pdf,62507f36-aa22-4065-bb0f-f7de69f87e7c,3,【第三场】,93,dialogue,dialogue,陈宫,pdf_01000000__01001006___06011d42c6__char__a596384b04,二黄原板,唱,二黄原板,下；来；去；打,陈宫,"听谯楼打罢了二更鼓,越思越想自己做差。悔不该将家眷来抛下,悔不该弃官职丢去乌纱。实指望此人的宽洪量大,赛赵高比王莽奸诈不差。","陈宫（二黄原板）听谯楼打罢了二更鼓,越思越想自己做差。悔不该将家眷来抛下,悔不该弃官职丢去乌纱。实指望此人的宽洪量大,赛赵高比王莽奸诈不差。"
