doc_id,doc_title,line_id,scene_id,source_file,source_path,relative_path,batch_id,scene_index,scene,line_no,row_type,line_category,speaker,speaker_char_id,cue,perform_type,perform_subtype,action_tags,participants,text,raw_line
pdf_01000000__01002017___248eca40c2,黑风帕,pdf_01000000__01002017___248eca40c2__line__000001,pdf_01000000__01002017___248eca40c2__scene__000,01002017_黑风帕.pdf,D:\University_studies\Junior\data_visualization\experiment\final_self\opera_dataset\01000000\01002017_黑风帕.pdf,01000000/01002017_黑风帕.pdf,62507f36-aa22-4065-bb0f-f7de69f87e7c,0,序幕/前置内容,1,narration,narration,,,,说明,,,《黑风帕》,# 《黑风帕》,# 《黑风帕》
pdf_01000000__01002017___248eca40c2,黑风帕,pdf_01000000__01002017___248eca40c2__line__000003,pdf_01000000__01002017___248eca40c2__scene__000,01002017_黑风帕.pdf,D:\University_studies\Junior\data_visualization\experiment\final_self\opera_dataset\01000000\01002017_黑风帕.pdf,01000000/01002017_黑风帕.pdf,62507f36-aa22-4065-bb0f-f7de69f87e7c,0,序幕/前置内容,3,narration,narration,,,,说明,,,（一名：《牧虎关》；一名：《背鞭认子》,# （一名：《牧虎关》；一名：《背鞭认子》）,# （一名：《牧虎关》；一名：《背鞭认子》）
pdf_01000000__01002017___248eca40c2,黑风帕,pdf_01000000__01002017___248eca40c2__line__000027,pdf_01000000__01002017___248eca40c2__scene__001,01002017_黑风帕.pdf,D:\University_studies\Junior\data_visualization\experiment\final_self\opera_dataset\01000000\01002017_黑风帕.pdf,01000000/01002017_黑风帕.pdf,62507f36-aa22-4065-bb0f-f7de69f87e7c,1,【第一场】,27,stage_direction,stage_direction,,,高旺上。,做,高旺上。,上,高旺,,（高旺上。）
pdf_01000000__01002017___248eca40c2,黑风帕,pdf_01000000__01002017___248eca40c2__line__000029,pdf_01000000__01002017___248eca40c2__scene__001,01002017_黑风帕.pdf,D:\University_studies\Junior\data_visualization\experiment\final_self\opera_dataset\01000000\01002017_黑风帕.pdf,01000000/01002017_黑风帕.pdf,62507f36-aa22-4065-bb0f-f7de69f87e7c,1,【第一场】,29,dialogue,dialogue,高旺,pdf_01000000__01002017___248eca40c2__char__f1cacc05ac,引子,对白,引子,扶,高旺,"扶保王家,倒做了,野草鲜花。","高旺（引子）扶保王家,倒做了,野草鲜花。"
pdf_01000000__01002017___248eca40c2,黑风帕,pdf_01000000__01002017___248eca40c2__line__000029,pdf_01000000__01002017___248eca40c2__scene__001,01002017_黑风帕.pdf,D:\University_studies\Junior\data_visualization\experiment\final_self\opera_dataset\01000000\01002017_黑风帕.pdf,01000000/01002017_黑风帕.pdf,62507f36-aa22-4065-bb0f-f7de69f87e7c,1,【第一场】,29,dialogue,dialogue,高旺,pdf_01000000__01002017___248eca40c2__char__f1cacc05ac,白,白,白,念白,高旺,唉!,高旺（白）唉!
pdf_01000000__01002017___248eca40c2,黑风帕,pdf_01000000__01002017___248eca40c2__line__000031,pdf_01000000__01002017___248eca40c2__scene__001,01002017_黑风帕.pdf,D:\University_studies\Junior\data_visualization\experiment\final_self\opera_dataset\01000000\01002017_黑风帕.pdf,01000000/01002017_黑风帕.pdf,62507f36-aa22-4065-bb0f-f7de69f87e7c,1,【第一场】,31,stage_direction,stage_direction,,,高来上。,做,高来上。,上；来,高来,,（高来上。）
pdf_01000000__01002017___248eca40c2,黑风帕,pdf_01000000__01002017___248eca40c2__line__000033,pdf_01000000__01002017___248eca40c2__scene__001,01002017_黑风帕.pdf,D:\University_studies\Junior\data_visualization\experiment\final_self\opera_dataset\01000000\01002017_黑风帕.pdf,01000000/01002017_黑风帕.pdf,62507f36-aa22-4065-bb0f-f7de69f87e7c,1,【第一场】,33,dialogue,dialogue,高来,pdf_01000000__01002017___248eca40c2__char__653e756cb9,白,白,白,念白,高来,咳哩!,高来（白）咳哩!
pdf_01000000__01002017___248eca40c2,黑风帕,pdf_01000000__01002017___248eca40c2__line__000033,pdf_01000000__01002017___248eca40c2__scene__001,01002017_黑风帕.pdf,D:\University_studies\Junior\data_visualization\experiment\final_self\opera_dataset\01000000\01002017_黑风帕.pdf,01000000/01002017_黑风帕.pdf,62507f36-aa22-4065-bb0f-f7de69f87e7c,1,【第一场】,33,dialogue,dialogue,高旺,pdf_01000000__01002017___248eca40c2__char__f1cacc05ac,白,白,白,叫；念白,高旺,什么叫做“丢揖”?,高旺（白）什么叫做“丢揖”?
pdf_01000000__01002017___248eca40c2,黑风帕,pdf_01000000__01002017___248eca40c2__line__000033,pdf_01000000__01002017___248eca40c2__scene__001,01002017_黑风帕.pdf,D:\University_studies\Junior\data_visualization\experiment\final_self\opera_dataset\01000000\01002017_黑风帕.pdf,01000000/01002017_黑风帕.pdf,62507f36-aa22-4065-bb0f-f7de69f87e7c,1,【第一场】,33,dialogue,dialogue,高来,pdf_01000000__01002017___248eca40c2__char__653e756cb9,白,白,白,念白,高来,"我与别人作揖,别人还我一揖;我给你作揖,好有一比。","高来（白）我与别人作揖,别人还我一揖;我给你作揖,好有一比。"
pdf_01000000__01002017___248eca40c2,黑风帕,pdf_01000000__01002017___248eca40c2__line__000033,pdf_01000000__01002017___248eca40c2__scene__001,01002017_黑风帕.pdf,D:\University_studies\Junior\data_visualization\experiment\final_self\opera_dataset\01000000\01002017_黑风帕.pdf,01000000/01002017_黑风帕.pdf,62507f36-aa22-4065-bb0f-f7de69f87e7c,1,【第一场】,33,dialogue,dialogue,高旺,pdf_01000000__01002017___248eca40c2__char__f1cacc05ac,白,白,白,来；念白,高旺,好比何来?,高旺（白）好比何来?
pdf_01000000__01002017___248eca40c2,黑风帕,pdf_01000000__01002017___248eca40c2__line__000033,pdf_01000000__01002017___248eca40c2__scene__001,01002017_黑风帕.pdf,D:\University_studies\Junior\data_visualization\experiment\final_self\opera_dataset\01000000\01002017_黑风帕.pdf,01000000/01002017_黑风帕.pdf,62507f36-aa22-4065-bb0f-f7de69f87e7c,1,【第一场】,33,dialogue,dialogue,高来,pdf_01000000__01002017___248eca40c2__char__653e756cb9,白,白,白,念白,高来,长虫吃扁担——,高来（白）长虫吃扁担——
pdf_01000000__01002017___248eca40c2,黑风帕,pdf_01000000__01002017___248eca40c2__line__000033,pdf_01000000__01002017___248eca40c2__scene__001,01002017_黑风帕.pdf,D:\University_studies\Junior\data_visualization\experiment\final_self\opera_dataset\01000000\01002017_黑风帕.pdf,01000000/01002017_黑风帕.pdf,62507f36-aa22-4065-bb0f-f7de69f87e7c,1,【第一场】,33,dialogue,dialogue,高旺,pdf_01000000__01002017___248eca40c2__char__f1cacc05ac,白,白,白,念白,高旺,此话怎讲?,高旺（白）此话怎讲?
pdf_01000000__01002017___248eca40c2,黑风帕,pdf_01000000__01002017___248eca40c2__line__000033,pdf_01000000__01002017___248eca40c2__scene__001,01002017_黑风帕.pdf,D:\University_studies\Junior\data_visualization\experiment\final_self\opera_dataset\01000000\01002017_黑风帕.pdf,01000000/01002017_黑风帕.pdf,62507f36-aa22-4065-bb0f-f7de69f87e7c,1,【第一场】,33,dialogue,dialogue,高来,pdf_01000000__01002017___248eca40c2__char__653e756cb9,白,白,白,念白,高来,直棍一条。,高来（白）直棍一条。
pdf_01000000__01002017___248eca40c2,黑风帕,pdf_01000000__01002017___248eca40c2__line__000033,pdf_01000000__01002017___248eca40c2__scene__001,01002017_黑风帕.pdf,D:\University_studies\Junior\data_visualization\experiment\final_self\opera_dataset\01000000\01002017_黑风帕.pdf,01000000/01002017_黑风帕.pdf,62507f36-aa22-4065-bb0f-f7de69f87e7c,1,【第一场】,33,dialogue,dialogue,高旺,pdf_01000000__01002017___248eca40c2__char__f1cacc05ac,白,白,白,念白,高旺,"不好,还是作揖。","高旺（白）不好,还是作揖。"
pdf_01000000__01002017___248eca40c2,黑风帕,pdf_01000000__01002017___248eca40c2__line__000033,pdf_01000000__01002017___248eca40c2__scene__001,01002017_黑风帕.pdf,D:\University_studies\Junior\data_visualization\experiment\final_self\opera_dataset\01000000\01002017_黑风帕.pdf,01000000/01002017_黑风帕.pdf,62507f36-aa22-4065-bb0f-f7de69f87e7c,1,【第一场】,33,dialogue,dialogue,高来,pdf_01000000__01002017___248eca40c2__char__653e756cb9,白,白,白,来；唤；念白,高来,"就是作揖。唤我出来,有何屁放?","高来（白）就是作揖。唤我出来,有何屁放?"
pdf_01000000__01002017___248eca40c2,黑风帕,pdf_01000000__01002017___248eca40c2__line__000035,pdf_01000000__01002017___248eca40c2__scene__001,01002017_黑风帕.pdf,D:\University_studies\Junior\data_visualization\experiment\final_self\opera_dataset\01000000\01002017_黑风帕.pdf,01000000/01002017_黑风帕.pdf,62507f36-aa22-4065-bb0f-f7de69f87e7c,1,【第一场】,35,dialogue,dialogue,高旺,pdf_01000000__01002017___248eca40c2__char__f1cacc05ac,白,白,白,念白,高旺,唔!“有何话讲”!,高旺（白）唔!“有何话讲”!
pdf_01000000__01002017___248eca40c2,黑风帕,pdf_01000000__01002017___248eca40c2__line__000035,pdf_01000000__01002017___248eca40c2__scene__001,01002017_黑风帕.pdf,D:\University_studies\Junior\data_visualization\experiment\final_self\opera_dataset\01000000\01002017_黑风帕.pdf,01000000/01002017_黑风帕.pdf,62507f36-aa22-4065-bb0f-f7de69f87e7c,1,【第一场】,35,dialogue,dialogue,高来,pdf_01000000__01002017___248eca40c2__char__653e756cb9,白,白,白,念白,高来,"不错,有何话讲?","高来（白）不错,有何话讲?"
pdf_01000000__01002017___248eca40c2,黑风帕,pdf_01000000__01002017___248eca40c2__line__000035,pdf_01000000__01002017___248eca40c2__scene__001,01002017_黑风帕.pdf,D:\University_studies\Junior\data_visualization\experiment\final_self\opera_dataset\01000000\01002017_黑风帕.pdf,01000000/01002017_黑风帕.pdf,62507f36-aa22-4065-bb0f-f7de69f87e7c,1,【第一场】,35,dialogue,dialogue,高旺,pdf_01000000__01002017___248eca40c2__char__f1cacc05ac,白,白,白,来；唤；抓；念白,高旺,"适才你爷爷出庄游玩,只见怪风一阵。让过风来,抓着风尾,屈指一算,原来是杨国母前来搬兵。唤你出来,想一个不发兵之计。","高旺（白）适才你爷爷出庄游玩,只见怪风一阵。让过风来,抓着风尾,屈指一算,原来是杨国母前来搬兵。唤你出来,想一个不发兵之计。"
pdf_01000000__01002017___248eca40c2,黑风帕,pdf_01000000__01002017___248eca40c2__line__000035,pdf_01000000__01002017___248eca40c2__scene__001,01002017_黑风帕.pdf,D:\University_studies\Junior\data_visualization\experiment\final_self\opera_dataset\01000000\01002017_黑风帕.pdf,01000000/01002017_黑风帕.pdf,62507f36-aa22-4065-bb0f-f7de69f87e7c,1,【第一场】,35,dialogue,dialogue,高来,pdf_01000000__01002017___248eca40c2__char__653e756cb9,白,白,白,上；念白,高来,"计到没有,屁股上有一个猴子。","高来（白）计到没有,屁股上有一个猴子。"
pdf_01000000__01002017___248eca40c2,黑风帕,pdf_01000000__01002017___248eca40c2__line__000035,pdf_01000000__01002017___248eca40c2__scene__001,01002017_黑风帕.pdf,D:\University_studies\Junior\data_visualization\experiment\final_self\opera_dataset\01000000\01002017_黑风帕.pdf,01000000/01002017_黑风帕.pdf,62507f36-aa22-4065-bb0f-f7de69f87e7c,1,【第一场】,35,dialogue,dialogue,高旺,pdf_01000000__01002017___248eca40c2__char__f1cacc05ac,白,白,白,念白,高旺,计策之计!,高旺（白）计策之计!
pdf_01000000__01002017___248eca40c2,黑风帕,pdf_01000000__01002017___248eca40c2__line__000035,pdf_01000000__01002017___248eca40c2__scene__001,01002017_黑风帕.pdf,D:\University_studies\Junior\data_visualization\experiment\final_self\opera_dataset\01000000\01002017_黑风帕.pdf,01000000/01002017_黑风帕.pdf,62507f36-aa22-4065-bb0f-f7de69f87e7c,1,【第一场】,35,dialogue,dialogue,高来,pdf_01000000__01002017___248eca40c2__char__653e756cb9,白,白,白,来；念白,高来,待我想来。有了!,高来（白）待我想来。有了!
pdf_01000000__01002017___248eca40c2,黑风帕,pdf_01000000__01002017___248eca40c2__line__000035,pdf_01000000__01002017___248eca40c2__scene__001,01002017_黑风帕.pdf,D:\University_studies\Junior\data_visualization\experiment\final_self\opera_dataset\01000000\01002017_黑风帕.pdf,01000000/01002017_黑风帕.pdf,62507f36-aa22-4065-bb0f-f7de69f87e7c,1,【第一场】,35,dialogue,dialogue,高旺,pdf_01000000__01002017___248eca40c2__char__f1cacc05ac,白,白,白,念白,高旺,有何妙计?,高旺（白）有何妙计?
pdf_01000000__01002017___248eca40c2,黑风帕,pdf_01000000__01002017___248eca40c2__line__000035,pdf_01000000__01002017___248eca40c2__scene__001,01002017_黑风帕.pdf,D:\University_studies\Junior\data_visualization\experiment\final_self\opera_dataset\01000000\01002017_黑风帕.pdf,01000000/01002017_黑风帕.pdf,62507f36-aa22-4065-bb0f-f7de69f87e7c,1,【第一场】,35,dialogue,dialogue,高来,pdf_01000000__01002017___248eca40c2__char__653e756cb9,白,白,白,上；念白,高来,"你剃得光光头,抬上一篓油,扯上一匹牛,头望油篓里一染,望牛鼻里一钻。","高来（白）你剃得光光头,抬上一篓油,扯上一匹牛,头望油篓里一染,望牛鼻里一钻。"
pdf_01000000__01002017___248eca40c2,黑风帕,pdf_01000000__01002017___248eca40c2__line__000035,pdf_01000000__01002017___248eca40c2__scene__001,01002017_黑风帕.pdf,D:\University_studies\Junior\data_visualization\experiment\final_self\opera_dataset\01000000\01002017_黑风帕.pdf,01000000/01002017_黑风帕.pdf,62507f36-aa22-4065-bb0f-f7de69f87e7c,1,【第一场】,35,dialogue,dialogue,高旺,pdf_01000000__01002017___248eca40c2__char__f1cacc05ac,白,白,白,叫；念白,高旺,这叫什么计!,高旺（白）这叫什么计!
pdf_01000000__01002017___248eca40c2,黑风帕,pdf_01000000__01002017___248eca40c2__line__000035,pdf_01000000__01002017___248eca40c2__scene__001,01002017_黑风帕.pdf,D:\University_studies\Junior\data_visualization\experiment\final_self\opera_dataset\01000000\01002017_黑风帕.pdf,01000000/01002017_黑风帕.pdf,62507f36-aa22-4065-bb0f-f7de69f87e7c,1,【第一场】,35,dialogue,dialogue,高来,pdf_01000000__01002017___248eca40c2__char__653e756cb9,白,白,白,叫；念白,高来,只叫“钻头不顾尾”。,高来（白）只叫“钻头不顾尾”。
pdf_01000000__01002017___248eca40c2,黑风帕,pdf_01000000__01002017___248eca40c2__line__000035,pdf_01000000__01002017___248eca40c2__scene__001,01002017_黑风帕.pdf,D:\University_studies\Junior\data_visualization\experiment\final_self\opera_dataset\01000000\01002017_黑风帕.pdf,01000000/01002017_黑风帕.pdf,62507f36-aa22-4065-bb0f-f7de69f87e7c,1,【第一场】,35,dialogue,dialogue,高旺,pdf_01000000__01002017___248eca40c2__char__f1cacc05ac,白,白,白,念白,高旺,不好!,高旺（白）不好!
pdf_01000000__01002017___248eca40c2,黑风帕,pdf_01000000__01002017___248eca40c2__line__000035,pdf_01000000__01002017___248eca40c2__scene__001,01002017_黑风帕.pdf,D:\University_studies\Junior\data_visualization\experiment\final_self\opera_dataset\01000000\01002017_黑风帕.pdf,01000000/01002017_黑风帕.pdf,62507f36-aa22-4065-bb0f-f7de69f87e7c,1,【第一场】,35,dialogue,dialogue,高来,pdf_01000000__01002017___248eca40c2__char__653e756cb9,白,白,白,念白,高来,"不好,我无计了。","高来（白）不好,我无计了。"
pdf_01000000__01002017___248eca40c2,黑风帕,pdf_01000000__01002017___248eca40c2__line__000035,pdf_01000000__01002017___248eca40c2__scene__001,01002017_黑风帕.pdf,D:\University_studies\Junior\data_visualization\experiment\final_self\opera_dataset\01000000\01002017_黑风帕.pdf,01000000/01002017_黑风帕.pdf,62507f36-aa22-4065-bb0f-f7de69f87e7c,1,【第一场】,35,dialogue,dialogue,高旺,pdf_01000000__01002017___248eca40c2__char__f1cacc05ac,白,白,白,念白,高旺,你爷爷倒有一计在此。,高旺（白）你爷爷倒有一计在此。
pdf_01000000__01002017___248eca40c2,黑风帕,pdf_01000000__01002017___248eca40c2__line__000035,pdf_01000000__01002017___248eca40c2__scene__001,01002017_黑风帕.pdf,D:\University_studies\Junior\data_visualization\experiment\final_self\opera_dataset\01000000\01002017_黑风帕.pdf,01000000/01002017_黑风帕.pdf,62507f36-aa22-4065-bb0f-f7de69f87e7c,1,【第一场】,35,dialogue,dialogue,高来,pdf_01000000__01002017___248eca40c2__char__653e756cb9,白,白,白,念白,高来,有何妙计?,高来（白）有何妙计?
pdf_01000000__01002017___248eca40c2,黑风帕,pdf_01000000__01002017___248eca40c2__line__000035,pdf_01000000__01002017___248eca40c2__scene__001,01002017_黑风帕.pdf,D:\University_studies\Junior\data_visualization\experiment\final_self\opera_dataset\01000000\01002017_黑风帕.pdf,01000000/01002017_黑风帕.pdf,62507f36-aa22-4065-bb0f-f7de69f87e7c,1,【第一场】,35,dialogue,dialogue,高旺,pdf_01000000__01002017___248eca40c2__char__f1cacc05ac,白,白,白,去；念白,高旺,"少时你杨国母到此,就说你爷爷赴牛羊大会去了。","高旺（白）少时你杨国母到此,就说你爷爷赴牛羊大会去了。"
pdf_01000000__01002017___248eca40c2,黑风帕,pdf_01000000__01002017___248eca40c2__line__000035,pdf_01000000__01002017___248eca40c2__scene__001,01002017_黑风帕.pdf,D:\University_studies\Junior\data_visualization\experiment\final_self\opera_dataset\01000000\01002017_黑风帕.pdf,01000000/01002017_黑风帕.pdf,62507f36-aa22-4065-bb0f-f7de69f87e7c,1,【第一场】,35,dialogue,dialogue,高来,pdf_01000000__01002017___248eca40c2__char__653e756cb9,白,白,白,去；念白,高来,几时去的?,高来（白）几时去的?
pdf_01000000__01002017___248eca40c2,黑风帕,pdf_01000000__01002017___248eca40c2__line__000035,pdf_01000000__01002017___248eca40c2__scene__001,01002017_黑风帕.pdf,D:\University_studies\Junior\data_visualization\experiment\final_self\opera_dataset\01000000\01002017_黑风帕.pdf,01000000/01002017_黑风帕.pdf,62507f36-aa22-4065-bb0f-f7de69f87e7c,1,【第一场】,35,dialogue,dialogue,高旺,pdf_01000000__01002017___248eca40c2__char__f1cacc05ac,白,白,白,去；念白,高旺,说去就去。,高旺（白）说去就去。
pdf_01000000__01002017___248eca40c2,黑风帕,pdf_01000000__01002017___248eca40c2__line__000035,pdf_01000000__01002017___248eca40c2__scene__001,01002017_黑风帕.pdf,D:\University_studies\Junior\data_visualization\experiment\final_self\opera_dataset\01000000\01002017_黑风帕.pdf,01000000/01002017_黑风帕.pdf,62507f36-aa22-4065-bb0f-f7de69f87e7c,1,【第一场】,35,dialogue,dialogue,高来,pdf_01000000__01002017___248eca40c2__char__653e756cb9,白,白,白,来；念白,高来,几时回来?,高来（白）几时回来?
pdf_01000000__01002017___248eca40c2,黑风帕,pdf_01000000__01002017___248eca40c2__line__000035,pdf_01000000__01002017___248eca40c2__scene__001,01002017_黑风帕.pdf,D:\University_studies\Junior\data_visualization\experiment\final_self\opera_dataset\01000000\01002017_黑风帕.pdf,01000000/01002017_黑风帕.pdf,62507f36-aa22-4065-bb0f-f7de69f87e7c,1,【第一场】,35,dialogue,dialogue,高旺,pdf_01000000__01002017___248eca40c2__char__f1cacc05ac,白,白,白,来；念白,高旺,说来就来。,高旺（白）说来就来。
pdf_01000000__01002017___248eca40c2,黑风帕,pdf_01000000__01002017___248eca40c2__line__000035,pdf_01000000__01002017___248eca40c2__scene__001,01002017_黑风帕.pdf,D:\University_studies\Junior\data_visualization\experiment\final_self\opera_dataset\01000000\01002017_黑风帕.pdf,01000000/01002017_黑风帕.pdf,62507f36-aa22-4065-bb0f-f7de69f87e7c,1,【第一场】,35,dialogue,dialogue,高来,pdf_01000000__01002017___248eca40c2__char__653e756cb9,白,白,白,念白,高来,到底在哪儿?,高来（白）到底在哪儿?
pdf_01000000__01002017___248eca40c2,黑风帕,pdf_01000000__01002017___248eca40c2__line__000035,pdf_01000000__01002017___248eca40c2__scene__001,01002017_黑风帕.pdf,D:\University_studies\Junior\data_visualization\experiment\final_self\opera_dataset\01000000\01002017_黑风帕.pdf,01000000/01002017_黑风帕.pdf,62507f36-aa22-4065-bb0f-f7de69f87e7c,1,【第一场】,35,dialogue,dialogue,高旺,pdf_01000000__01002017___248eca40c2__char__f1cacc05ac,白,白,白,念白,高旺,书房里面藏躲。,高旺（白）书房里面藏躲。
pdf_01000000__01002017___248eca40c2,黑风帕,pdf_01000000__01002017___248eca40c2__line__000035,pdf_01000000__01002017___248eca40c2__scene__001,01002017_黑风帕.pdf,D:\University_studies\Junior\data_visualization\experiment\final_self\opera_dataset\01000000\01002017_黑风帕.pdf,01000000/01002017_黑风帕.pdf,62507f36-aa22-4065-bb0f-f7de69f87e7c,1,【第一场】,35,dialogue,dialogue,高来,pdf_01000000__01002017___248eca40c2__char__653e756cb9,白,白,白,道；念白,高来,知道了。,高来（白）知道了。
pdf_01000000__01002017___248eca40c2,黑风帕,pdf_01000000__01002017___248eca40c2__line__000035,pdf_01000000__01002017___248eca40c2__scene__001,01002017_黑风帕.pdf,D:\University_studies\Junior\data_visualization\experiment\final_self\opera_dataset\01000000\01002017_黑风帕.pdf,01000000/01002017_黑风帕.pdf,62507f36-aa22-4065-bb0f-f7de69f87e7c,1,【第一场】,35,dialogue,dialogue,高旺,pdf_01000000__01002017___248eca40c2__char__f1cacc05ac,念,念,念,,高旺,"我今吩咐你,","高旺（念）我今吩咐你,"
pdf_01000000__01002017___248eca40c2,黑风帕,pdf_01000000__01002017___248eca40c2__line__000035,pdf_01000000__01002017___248eca40c2__scene__001,01002017_黑风帕.pdf,D:\University_studies\Junior\data_visualization\experiment\final_self\opera_dataset\01000000\01002017_黑风帕.pdf,01000000/01002017_黑风帕.pdf,62507f36-aa22-4065-bb0f-f7de69f87e7c,1,【第一场】,35,dialogue,dialogue,高来,pdf_01000000__01002017___248eca40c2__char__653e756cb9,念,念,念,,高来,怎敢少迟延!,高来（念）怎敢少迟延!
pdf_01000000__01002017___248eca40c2,黑风帕,pdf_01000000__01002017___248eca40c2__line__000035,pdf_01000000__01002017___248eca40c2__scene__001,01002017_黑风帕.pdf,D:\University_studies\Junior\data_visualization\experiment\final_self\opera_dataset\01000000\01002017_黑风帕.pdf,01000000/01002017_黑风帕.pdf,62507f36-aa22-4065-bb0f-f7de69f87e7c,1,【第一场】,35,lyric,lyric,杨八妹,pdf_01000000__01002017___248eca40c2__char__2773168095,西皮摇板,唱,西皮摇板,来；命；唱段,杨八妹,"天波府奉了太君命,来到雅志搬救兵。","杨八妹（西皮摇板）天波府奉了太君命,来到雅志搬救兵。"
pdf_01000000__01002017___248eca40c2,黑风帕,pdf_01000000__01002017___248eca40c2__line__000035,pdf_01000000__01002017___248eca40c2__scene__001,01002017_黑风帕.pdf,D:\University_studies\Junior\data_visualization\experiment\final_self\opera_dataset\01000000\01002017_黑风帕.pdf,01000000/01002017_黑风帕.pdf,62507f36-aa22-4065-bb0f-f7de69f87e7c,1,【第一场】,35,dialogue,dialogue,高来,pdf_01000000__01002017___248eca40c2__char__653e756cb9,白,白,白,念白,高来,"是我的,是我的!","高来（白）是我的,是我的!"
pdf_01000000__01002017___248eca40c2,黑风帕,pdf_01000000__01002017___248eca40c2__line__000035,pdf_01000000__01002017___248eca40c2__scene__001,01002017_黑风帕.pdf,D:\University_studies\Junior\data_visualization\experiment\final_self\opera_dataset\01000000\01002017_黑风帕.pdf,01000000/01002017_黑风帕.pdf,62507f36-aa22-4065-bb0f-f7de69f87e7c,1,【第一场】,35,dialogue,dialogue,杨八妹,pdf_01000000__01002017___248eca40c2__char__2773168095,白,白,白,看；念白,杨八妹,看剑!,杨八妹（白）看剑!
pdf_01000000__01002017___248eca40c2,黑风帕,pdf_01000000__01002017___248eca40c2__line__000035,pdf_01000000__01002017___248eca40c2__scene__001,01002017_黑风帕.pdf,D:\University_studies\Junior\data_visualization\experiment\final_self\opera_dataset\01000000\01002017_黑风帕.pdf,01000000/01002017_黑风帕.pdf,62507f36-aa22-4065-bb0f-f7de69f87e7c,1,【第一场】,35,dialogue,dialogue,高来,pdf_01000000__01002017___248eca40c2__char__653e756cb9,白,白,白,念白,高来,"呵吓,杨国母!","高来（白）呵吓,杨国母!"
pdf_01000000__01002017___248eca40c2,黑风帕,pdf_01000000__01002017___248eca40c2__line__000035,pdf_01000000__01002017___248eca40c2__scene__001,01002017_黑风帕.pdf,D:\University_studies\Junior\data_visualization\experiment\final_self\opera_dataset\01000000\01002017_黑风帕.pdf,01000000/01002017_黑风帕.pdf,62507f36-aa22-4065-bb0f-f7de69f87e7c,1,【第一场】,35,dialogue,dialogue,杨八妹,pdf_01000000__01002017___248eca40c2__char__2773168095,白,白,白,念白,杨八妹,你家爷爷可在府中?,杨八妹（白）你家爷爷可在府中?
pdf_01000000__01002017___248eca40c2,黑风帕,pdf_01000000__01002017___248eca40c2__line__000035,pdf_01000000__01002017___248eca40c2__scene__001,01002017_黑风帕.pdf,D:\University_studies\Junior\data_visualization\experiment\final_self\opera_dataset\01000000\01002017_黑风帕.pdf,01000000/01002017_黑风帕.pdf,62507f36-aa22-4065-bb0f-f7de69f87e7c,1,【第一场】,35,dialogue,dialogue,高来,pdf_01000000__01002017___248eca40c2__char__653e756cb9,白,白,白,念白,高来,不在府中。,高来（白）不在府中。
pdf_01000000__01002017___248eca40c2,黑风帕,pdf_01000000__01002017___248eca40c2__line__000035,pdf_01000000__01002017___248eca40c2__scene__001,01002017_黑风帕.pdf,D:\University_studies\Junior\data_visualization\experiment\final_self\opera_dataset\01000000\01002017_黑风帕.pdf,01000000/01002017_黑风帕.pdf,62507f36-aa22-4065-bb0f-f7de69f87e7c,1,【第一场】,35,dialogue,dialogue,杨八妹,pdf_01000000__01002017___248eca40c2__char__2773168095,白,白,白,去；念白,杨八妹,哪里去了?,杨八妹（白）哪里去了?
pdf_01000000__01002017___248eca40c2,黑风帕,pdf_01000000__01002017___248eca40c2__line__000035,pdf_01000000__01002017___248eca40c2__scene__001,01002017_黑风帕.pdf,D:\University_studies\Junior\data_visualization\experiment\final_self\opera_dataset\01000000\01002017_黑风帕.pdf,01000000/01002017_黑风帕.pdf,62507f36-aa22-4065-bb0f-f7de69f87e7c,1,【第一场】,35,dialogue,dialogue,高来,pdf_01000000__01002017___248eca40c2__char__653e756cb9,白,白,白,去；念白,高来,赴牛羊大会去了。,高来（白）赴牛羊大会去了。
pdf_01000000__01002017___248eca40c2,黑风帕,pdf_01000000__01002017___248eca40c2__line__000035,pdf_01000000__01002017___248eca40c2__scene__001,01002017_黑风帕.pdf,D:\University_studies\Junior\data_visualization\experiment\final_self\opera_dataset\01000000\01002017_黑风帕.pdf,01000000/01002017_黑风帕.pdf,62507f36-aa22-4065-bb0f-f7de69f87e7c,1,【第一场】,35,dialogue,dialogue,杨八妹,pdf_01000000__01002017___248eca40c2__char__2773168095,白,白,白,去；念白,杨八妹,几时去的?,杨八妹（白）几时去的?
pdf_01000000__01002017___248eca40c2,黑风帕,pdf_01000000__01002017___248eca40c2__line__000035,pdf_01000000__01002017___248eca40c2__scene__001,01002017_黑风帕.pdf,D:\University_studies\Junior\data_visualization\experiment\final_self\opera_dataset\01000000\01002017_黑风帕.pdf,01000000/01002017_黑风帕.pdf,62507f36-aa22-4065-bb0f-f7de69f87e7c,1,【第一场】,35,dialogue,dialogue,高来,pdf_01000000__01002017___248eca40c2__char__653e756cb9,白,白,白,去；念白,高来,说去就去。,高来（白）说去就去。
pdf_01000000__01002017___248eca40c2,黑风帕,pdf_01000000__01002017___248eca40c2__line__000035,pdf_01000000__01002017___248eca40c2__scene__001,01002017_黑风帕.pdf,D:\University_studies\Junior\data_visualization\experiment\final_self\opera_dataset\01000000\01002017_黑风帕.pdf,01000000/01002017_黑风帕.pdf,62507f36-aa22-4065-bb0f-f7de69f87e7c,1,【第一场】,35,dialogue,dialogue,杨八妹,pdf_01000000__01002017___248eca40c2__char__2773168095,白,白,白,来；念白,杨八妹,几时回来?,杨八妹（白）几时回来?
pdf_01000000__01002017___248eca40c2,黑风帕,pdf_01000000__01002017___248eca40c2__line__000035,pdf_01000000__01002017___248eca40c2__scene__001,01002017_黑风帕.pdf,D:\University_studies\Junior\data_visualization\experiment\final_self\opera_dataset\01000000\01002017_黑风帕.pdf,01000000/01002017_黑风帕.pdf,62507f36-aa22-4065-bb0f-f7de69f87e7c,1,【第一场】,35,dialogue,dialogue,高来,pdf_01000000__01002017___248eca40c2__char__653e756cb9,白,白,白,来；念白,高来,说来就来。,高来（白）说来就来。
pdf_01000000__01002017___248eca40c2,黑风帕,pdf_01000000__01002017___248eca40c2__line__000035,pdf_01000000__01002017___248eca40c2__scene__001,01002017_黑风帕.pdf,D:\University_studies\Junior\data_visualization\experiment\final_self\opera_dataset\01000000\01002017_黑风帕.pdf,01000000/01002017_黑风帕.pdf,62507f36-aa22-4065-bb0f-f7de69f87e7c,1,【第一场】,35,dialogue,dialogue,杨八妹,pdf_01000000__01002017___248eca40c2__char__2773168095,白,白,白,来；看；念白,杨八妹；高来,"呵吓且住!看高来说话,颠三倒四,待我吓他一吓。高来,我与你带的红绣花鞋。","杨八妹（白）呵吓且住!看高来说话,颠三倒四,待我吓他一吓。高来,我与你带的红绣花鞋。"
pdf_01000000__01002017___248eca40c2,黑风帕,pdf_01000000__01002017___248eca40c2__line__000035,pdf_01000000__01002017___248eca40c2__scene__001,01002017_黑风帕.pdf,D:\University_studies\Junior\data_visualization\experiment\final_self\opera_dataset\01000000\01002017_黑风帕.pdf,01000000/01002017_黑风帕.pdf,62507f36-aa22-4065-bb0f-f7de69f87e7c,1,【第一场】,35,dialogue,dialogue,高来,pdf_01000000__01002017___248eca40c2__char__653e756cb9,白,白,白,念白,高来,在哪儿?,高来（白）在哪儿?
pdf_01000000__01002017___248eca40c2,黑风帕,pdf_01000000__01002017___248eca40c2__line__000035,pdf_01000000__01002017___248eca40c2__scene__001,01002017_黑风帕.pdf,D:\University_studies\Junior\data_visualization\experiment\final_self\opera_dataset\01000000\01002017_黑风帕.pdf,01000000/01002017_黑风帕.pdf,62507f36-aa22-4065-bb0f-f7de69f87e7c,1,【第一场】,35,dialogue,dialogue,杨八妹,pdf_01000000__01002017___248eca40c2__char__2773168095,白,白,白,下；念白,杨八妹,马鞍桥下。,杨八妹（白）马鞍桥下。
pdf_01000000__01002017___248eca40c2,黑风帕,pdf_01000000__01002017___248eca40c2__line__000035,pdf_01000000__01002017___248eca40c2__scene__001,01002017_黑风帕.pdf,D:\University_studies\Junior\data_visualization\experiment\final_self\opera_dataset\01000000\01002017_黑风帕.pdf,01000000/01002017_黑风帕.pdf,62507f36-aa22-4065-bb0f-f7de69f87e7c,1,【第一场】,35,dialogue,dialogue,高来,pdf_01000000__01002017___248eca40c2__char__653e756cb9,白,白,白,去；拿；念白,高来,待我去拿。,高来（白）待我去拿。
pdf_01000000__01002017___248eca40c2,黑风帕,pdf_01000000__01002017___248eca40c2__line__000035,pdf_01000000__01002017___248eca40c2__scene__001,01002017_黑风帕.pdf,D:\University_studies\Junior\data_visualization\experiment\final_self\opera_dataset\01000000\01002017_黑风帕.pdf,01000000/01002017_黑风帕.pdf,62507f36-aa22-4065-bb0f-f7de69f87e7c,1,【第一场】,35,dialogue,dialogue,杨八妹,pdf_01000000__01002017___248eca40c2__char__2773168095,白,白,白,看；念白,杨八妹,看剑!,杨八妹（白）看剑!
pdf_01000000__01002017___248eca40c2,黑风帕,pdf_01000000__01002017___248eca40c2__line__000035,pdf_01000000__01002017___248eca40c2__scene__001,01002017_黑风帕.pdf,D:\University_studies\Junior\data_visualization\experiment\final_self\opera_dataset\01000000\01002017_黑风帕.pdf,01000000/01002017_黑风帕.pdf,62507f36-aa22-4065-bb0f-f7de69f87e7c,1,【第一场】,35,dialogue,dialogue,高来,pdf_01000000__01002017___248eca40c2__char__653e756cb9,白,白,白,命；念白,高来,"呵吓,杨国母饶命!","高来（白）呵吓,杨国母饶命!"
pdf_01000000__01002017___248eca40c2,黑风帕,pdf_01000000__01002017___248eca40c2__line__000035,pdf_01000000__01002017___248eca40c2__scene__001,01002017_黑风帕.pdf,D:\University_studies\Junior\data_visualization\experiment\final_self\opera_dataset\01000000\01002017_黑风帕.pdf,01000000/01002017_黑风帕.pdf,62507f36-aa22-4065-bb0f-f7de69f87e7c,1,【第一场】,35,dialogue,dialogue,杨八妹,pdf_01000000__01002017___248eca40c2__char__2773168095,白,白,白,去；念白,杨八妹,你爷爷到底哪里去了?,杨八妹（白）你爷爷到底哪里去了?
pdf_01000000__01002017___248eca40c2,黑风帕,pdf_01000000__01002017___248eca40c2__line__000035,pdf_01000000__01002017___248eca40c2__scene__001,01002017_黑风帕.pdf,D:\University_studies\Junior\data_visualization\experiment\final_self\opera_dataset\01000000\01002017_黑风帕.pdf,01000000/01002017_黑风帕.pdf,62507f36-aa22-4065-bb0f-f7de69f87e7c,1,【第一场】,35,dialogue,dialogue,高来,pdf_01000000__01002017___248eca40c2__char__653e756cb9,白,白,白,来；念白,高来,"待我来告诉你,在书房里头藏躲。","高来（白）待我来告诉你,在书房里头藏躲。"
pdf_01000000__01002017___248eca40c2,黑风帕,pdf_01000000__01002017___248eca40c2__line__000035,pdf_01000000__01002017___248eca40c2__scene__001,01002017_黑风帕.pdf,D:\University_studies\Junior\data_visualization\experiment\final_self\opera_dataset\01000000\01002017_黑风帕.pdf,01000000/01002017_黑风帕.pdf,62507f36-aa22-4065-bb0f-f7de69f87e7c,1,【第一场】,35,dialogue,dialogue,杨八妹,pdf_01000000__01002017___248eca40c2__char__2773168095,白,白,白,来；叫；念白,杨八妹,叫他出来。,杨八妹（白）叫他出来。
pdf_01000000__01002017___248eca40c2,黑风帕,pdf_01000000__01002017___248eca40c2__line__000035,pdf_01000000__01002017___248eca40c2__scene__001,01002017_黑风帕.pdf,D:\University_studies\Junior\data_visualization\experiment\final_self\opera_dataset\01000000\01002017_黑风帕.pdf,01000000/01002017_黑风帕.pdf,62507f36-aa22-4065-bb0f-f7de69f87e7c,1,【第一场】,35,dialogue,dialogue,高来,pdf_01000000__01002017___248eca40c2__char__653e756cb9,白,白,白,来；道；念白,高来,"他知道你搬兵来的,他不出来。","高来（白）他知道你搬兵来的,他不出来。"
pdf_01000000__01002017___248eca40c2,黑风帕,pdf_01000000__01002017___248eca40c2__line__000035,pdf_01000000__01002017___248eca40c2__scene__001,01002017_黑风帕.pdf,D:\University_studies\Junior\data_visualization\experiment\final_self\opera_dataset\01000000\01002017_黑风帕.pdf,01000000/01002017_黑风帕.pdf,62507f36-aa22-4065-bb0f-f7de69f87e7c,1,【第一场】,35,dialogue,dialogue,杨八妹,pdf_01000000__01002017___248eca40c2__char__2773168095,白,白,白,念白,杨八妹,你代我想个计策。,杨八妹（白）你代我想个计策。
pdf_01000000__01002017___248eca40c2,黑风帕,pdf_01000000__01002017___248eca40c2__line__000035,pdf_01000000__01002017___248eca40c2__scene__001,01002017_黑风帕.pdf,D:\University_studies\Junior\data_visualization\experiment\final_self\opera_dataset\01000000\01002017_黑风帕.pdf,01000000/01002017_黑风帕.pdf,62507f36-aa22-4065-bb0f-f7de69f87e7c,1,【第一场】,35,dialogue,dialogue,高来,pdf_01000000__01002017___248eca40c2__char__653e756cb9,白,白,白,来；念白,高来,大家想来。我有个计了!,高来（白）大家想来。我有个计了!
pdf_01000000__01002017___248eca40c2,黑风帕,pdf_01000000__01002017___248eca40c2__line__000035,pdf_01000000__01002017___248eca40c2__scene__001,01002017_黑风帕.pdf,D:\University_studies\Junior\data_visualization\experiment\final_self\opera_dataset\01000000\01002017_黑风帕.pdf,01000000/01002017_黑风帕.pdf,62507f36-aa22-4065-bb0f-f7de69f87e7c,1,【第一场】,35,dialogue,dialogue,杨八妹,pdf_01000000__01002017___248eca40c2__char__2773168095,白,白,白,念白,杨八妹,你有什么妙计?,杨八妹（白）你有什么妙计?
pdf_01000000__01002017___248eca40c2,黑风帕,pdf_01000000__01002017___248eca40c2__line__000035,pdf_01000000__01002017___248eca40c2__scene__001,01002017_黑风帕.pdf,D:\University_studies\Junior\data_visualization\experiment\final_self\opera_dataset\01000000\01002017_黑风帕.pdf,01000000/01002017_黑风帕.pdf,62507f36-aa22-4065-bb0f-f7de69f87e7c,1,【第一场】,35,dialogue,dialogue,高来,pdf_01000000__01002017___248eca40c2__char__653e756cb9,白,白,白,来；看；叫；打；念白,高来,"我当看麦子的,你当放羊的。你的羊吃了我的麦子,我叫你轰开,你不轰开,我就要骂,你就要打。我爷爷一听见打我,他就要跑出来的!","高来（白）我当看麦子的,你当放羊的。你的羊吃了我的麦子,我叫你轰开,你不轰开,我就要骂,你就要打。我爷爷一听见打我,他就要跑出来的!"
pdf_01000000__01002017___248eca40c2,黑风帕,pdf_01000000__01002017___248eca40c2__line__000035,pdf_01000000__01002017___248eca40c2__scene__001,01002017_黑风帕.pdf,D:\University_studies\Junior\data_visualization\experiment\final_self\opera_dataset\01000000\01002017_黑风帕.pdf,01000000/01002017_黑风帕.pdf,62507f36-aa22-4065-bb0f-f7de69f87e7c,1,【第一场】,35,dialogue,dialogue,杨八妹,pdf_01000000__01002017___248eca40c2__char__2773168095,白,白,白,来；念白,杨八妹,好!我们来试演试演。,杨八妹（白）好!我们来试演试演。
pdf_01000000__01002017___248eca40c2,黑风帕,pdf_01000000__01002017___248eca40c2__line__000035,pdf_01000000__01002017___248eca40c2__scene__001,01002017_黑风帕.pdf,D:\University_studies\Junior\data_visualization\experiment\final_self\opera_dataset\01000000\01002017_黑风帕.pdf,01000000/01002017_黑风帕.pdf,62507f36-aa22-4065-bb0f-f7de69f87e7c,1,【第一场】,35,dialogue,dialogue,高来,pdf_01000000__01002017___248eca40c2__char__653e756cb9,白,白,白,念白,高来,"哇!谁家的羊,吃了我的麦子了?","高来（白）哇!谁家的羊,吃了我的麦子了?"
pdf_01000000__01002017___248eca40c2,黑风帕,pdf_01000000__01002017___248eca40c2__line__000035,pdf_01000000__01002017___248eca40c2__scene__001,01002017_黑风帕.pdf,D:\University_studies\Junior\data_visualization\experiment\final_self\opera_dataset\01000000\01002017_黑风帕.pdf,01000000/01002017_黑风帕.pdf,62507f36-aa22-4065-bb0f-f7de69f87e7c,1,【第一场】,35,dialogue,dialogue,杨八妹,pdf_01000000__01002017___248eca40c2__char__2773168095,白,白,白,念白,杨八妹,是我家的羊。,杨八妹（白）是我家的羊。
pdf_01000000__01002017___248eca40c2,黑风帕,pdf_01000000__01002017___248eca40c2__line__000035,pdf_01000000__01002017___248eca40c2__scene__001,01002017_黑风帕.pdf,D:\University_studies\Junior\data_visualization\experiment\final_self\opera_dataset\01000000\01002017_黑风帕.pdf,01000000/01002017_黑风帕.pdf,62507f36-aa22-4065-bb0f-f7de69f87e7c,1,【第一场】,35,dialogue,dialogue,高来,pdf_01000000__01002017___248eca40c2__char__653e756cb9,白,白,白,念白,高来,你与我轰开!,高来（白）你与我轰开!
pdf_01000000__01002017___248eca40c2,黑风帕,pdf_01000000__01002017___248eca40c2__line__000035,pdf_01000000__01002017___248eca40c2__scene__001,01002017_黑风帕.pdf,D:\University_studies\Junior\data_visualization\experiment\final_self\opera_dataset\01000000\01002017_黑风帕.pdf,01000000/01002017_黑风帕.pdf,62507f36-aa22-4065-bb0f-f7de69f87e7c,1,【第一场】,35,dialogue,dialogue,杨八妹,pdf_01000000__01002017___248eca40c2__char__2773168095,白,白,白,念白,杨八妹,我不轰开。,杨八妹（白）我不轰开。
pdf_01000000__01002017___248eca40c2,黑风帕,pdf_01000000__01002017___248eca40c2__line__000035,pdf_01000000__01002017___248eca40c2__scene__001,01002017_黑风帕.pdf,D:\University_studies\Junior\data_visualization\experiment\final_self\opera_dataset\01000000\01002017_黑风帕.pdf,01000000/01002017_黑风帕.pdf,62507f36-aa22-4065-bb0f-f7de69f87e7c,1,【第一场】,35,dialogue,dialogue,高来,pdf_01000000__01002017___248eca40c2__char__653e756cb9,白,白,白,念白,高来,我就要骂。,高来（白）我就要骂。
pdf_01000000__01002017___248eca40c2,黑风帕,pdf_01000000__01002017___248eca40c2__line__000035,pdf_01000000__01002017___248eca40c2__scene__001,01002017_黑风帕.pdf,D:\University_studies\Junior\data_visualization\experiment\final_self\opera_dataset\01000000\01002017_黑风帕.pdf,01000000/01002017_黑风帕.pdf,62507f36-aa22-4065-bb0f-f7de69f87e7c,1,【第一场】,35,dialogue,dialogue,杨八妹,pdf_01000000__01002017___248eca40c2__char__2773168095,白,白,白,打；念白,杨八妹,我就要打!,杨八妹（白）我就要打!
pdf_01000000__01002017___248eca40c2,黑风帕,pdf_01000000__01002017___248eca40c2__line__000035,pdf_01000000__01002017___248eca40c2__scene__001,01002017_黑风帕.pdf,D:\University_studies\Junior\data_visualization\experiment\final_self\opera_dataset\01000000\01002017_黑风帕.pdf,01000000/01002017_黑风帕.pdf,62507f36-aa22-4065-bb0f-f7de69f87e7c,1,【第一场】,35,dialogue,dialogue,高来,pdf_01000000__01002017___248eca40c2__char__653e756cb9,白,白,白,念白,高来,哀哀哀!,高来（白）哀哀哀!
pdf_01000000__01002017___248eca40c2,黑风帕,pdf_01000000__01002017___248eca40c2__line__000035,pdf_01000000__01002017___248eca40c2__scene__001,01002017_黑风帕.pdf,D:\University_studies\Junior\data_visualization\experiment\final_self\opera_dataset\01000000\01002017_黑风帕.pdf,01000000/01002017_黑风帕.pdf,62507f36-aa22-4065-bb0f-f7de69f87e7c,1,【第一场】,35,dialogue,dialogue,高旺,pdf_01000000__01002017___248eca40c2__char__f1cacc05ac,白,白,白,来；打；念白,高旺；高来,什么人打我的高来?,高旺（白）什么人打我的高来?
pdf_01000000__01002017___248eca40c2,黑风帕,pdf_01000000__01002017___248eca40c2__line__000035,pdf_01000000__01002017___248eca40c2__scene__001,01002017_黑风帕.pdf,D:\University_studies\Junior\data_visualization\experiment\final_self\opera_dataset\01000000\01002017_黑风帕.pdf,01000000/01002017_黑风帕.pdf,62507f36-aa22-4065-bb0f-f7de69f87e7c,1,【第一场】,35,dialogue,dialogue,杨八妹,pdf_01000000__01002017___248eca40c2__char__2773168095,白,白,白,念白,杨八妹,"吓,兄长!","杨八妹（白）吓,兄长!"
pdf_01000000__01002017___248eca40c2,黑风帕,pdf_01000000__01002017___248eca40c2__line__000035,pdf_01000000__01002017___248eca40c2__scene__001,01002017_黑风帕.pdf,D:\University_studies\Junior\data_visualization\experiment\final_self\opera_dataset\01000000\01002017_黑风帕.pdf,01000000/01002017_黑风帕.pdf,62507f36-aa22-4065-bb0f-f7de69f87e7c,1,【第一场】,35,dialogue,dialogue,高旺,pdf_01000000__01002017___248eca40c2__char__f1cacc05ac,白,白,白,念白,高旺,"吓,贤妹!","高旺（白）吓,贤妹!"
pdf_01000000__01002017___248eca40c2,黑风帕,pdf_01000000__01002017___248eca40c2__line__000035,pdf_01000000__01002017___248eca40c2__scene__001,01002017_黑风帕.pdf,D:\University_studies\Junior\data_visualization\experiment\final_self\opera_dataset\01000000\01002017_黑风帕.pdf,01000000/01002017_黑风帕.pdf,62507f36-aa22-4065-bb0f-f7de69f87e7c,1,【第一场】,35,dialogue,dialogue,高来,pdf_01000000__01002017___248eca40c2__char__653e756cb9,白,白,白,报；念白,高来,你不许我通报。,高来（白）你不许我通报。
pdf_01000000__01002017___248eca40c2,黑风帕,pdf_01000000__01002017___248eca40c2__line__000035,pdf_01000000__01002017___248eca40c2__scene__001,01002017_黑风帕.pdf,D:\University_studies\Junior\data_visualization\experiment\final_self\opera_dataset\01000000\01002017_黑风帕.pdf,01000000/01002017_黑风帕.pdf,62507f36-aa22-4065-bb0f-f7de69f87e7c,1,【第一场】,35,dialogue,dialogue,高旺,pdf_01000000__01002017___248eca40c2__char__f1cacc05ac,白,白,白,念白,高旺,唔!,高旺（白）唔!
pdf_01000000__01002017___248eca40c2,黑风帕,pdf_01000000__01002017___248eca40c2__line__000035,pdf_01000000__01002017___248eca40c2__scene__001,01002017_黑风帕.pdf,D:\University_studies\Junior\data_visualization\experiment\final_self\opera_dataset\01000000\01002017_黑风帕.pdf,01000000/01002017_黑风帕.pdf,62507f36-aa22-4065-bb0f-f7de69f87e7c,1,【第一场】,35,dialogue,dialogue,高旺,pdf_01000000__01002017___248eca40c2__char__f1cacc05ac,白,白,白,请；坐；念白,高旺,贤妹请坐!,高旺（白）贤妹请坐!
pdf_01000000__01002017___248eca40c2,黑风帕,pdf_01000000__01002017___248eca40c2__line__000035,pdf_01000000__01002017___248eca40c2__scene__001,01002017_黑风帕.pdf,D:\University_studies\Junior\data_visualization\experiment\final_self\opera_dataset\01000000\01002017_黑风帕.pdf,01000000/01002017_黑风帕.pdf,62507f36-aa22-4065-bb0f-f7de69f87e7c,1,【第一场】,35,dialogue,dialogue,杨八妹,pdf_01000000__01002017___248eca40c2__char__2773168095,白,白,白,坐；念白,杨八妹,有坐!,杨八妹（白）有坐!
pdf_01000000__01002017___248eca40c2,黑风帕,pdf_01000000__01002017___248eca40c2__line__000035,pdf_01000000__01002017___248eca40c2__scene__001,01002017_黑风帕.pdf,D:\University_studies\Junior\data_visualization\experiment\final_self\opera_dataset\01000000\01002017_黑风帕.pdf,01000000/01002017_黑风帕.pdf,62507f36-aa22-4065-bb0f-f7de69f87e7c,1,【第一场】,35,dialogue,dialogue,高旺,pdf_01000000__01002017___248eca40c2__char__f1cacc05ac,白,白,白,来；念白,高旺,"贤妹不在天波杨府,来到雅志则甚?","高旺（白）贤妹不在天波杨府,来到雅志则甚?"
pdf_01000000__01002017___248eca40c2,黑风帕,pdf_01000000__01002017___248eca40c2__line__000035,pdf_01000000__01002017___248eca40c2__scene__001,01002017_黑风帕.pdf,D:\University_studies\Junior\data_visualization\experiment\final_self\opera_dataset\01000000\01002017_黑风帕.pdf,01000000/01002017_黑风帕.pdf,62507f36-aa22-4065-bb0f-f7de69f87e7c,1,【第一场】,35,dialogue,dialogue,杨八妹,pdf_01000000__01002017___248eca40c2__char__2773168095,白,白,白,来；命；念白,杨八妹,"奉了太君之命,前来搬兵。","杨八妹（白）奉了太君之命,前来搬兵。"
pdf_01000000__01002017___248eca40c2,黑风帕,pdf_01000000__01002017___248eca40c2__line__000035,pdf_01000000__01002017___248eca40c2__scene__001,01002017_黑风帕.pdf,D:\University_studies\Junior\data_visualization\experiment\final_self\opera_dataset\01000000\01002017_黑风帕.pdf,01000000/01002017_黑风帕.pdf,62507f36-aa22-4065-bb0f-f7de69f87e7c,1,【第一场】,35,dialogue,dialogue,高旺,pdf_01000000__01002017___248eca40c2__char__f1cacc05ac,白,白,白,念白,高旺,"兄有一言,贤妹听了:","高旺（白）兄有一言,贤妹听了:"
pdf_01000000__01002017___248eca40c2,黑风帕,pdf_01000000__01002017___248eca40c2__line__000035,pdf_01000000__01002017___248eca40c2__scene__001,01002017_黑风帕.pdf,D:\University_studies\Junior\data_visualization\experiment\final_self\opera_dataset\01000000\01002017_黑风帕.pdf,01000000/01002017_黑风帕.pdf,62507f36-aa22-4065-bb0f-f7de69f87e7c,1,【第一场】,35,dialogue,dialogue,高来,pdf_01000000__01002017___248eca40c2__char__653e756cb9,白,白,白,报；念白,高来,报!,高来（白）报!
pdf_01000000__01002017___248eca40c2,黑风帕,pdf_01000000__01002017___248eca40c2__line__000035,pdf_01000000__01002017___248eca40c2__scene__001,01002017_黑风帕.pdf,D:\University_studies\Junior\data_visualization\experiment\final_self\opera_dataset\01000000\01002017_黑风帕.pdf,01000000/01002017_黑风帕.pdf,62507f36-aa22-4065-bb0f-f7de69f87e7c,1,【第一场】,35,dialogue,dialogue,高旺,pdf_01000000__01002017___248eca40c2__char__f1cacc05ac,白,白,白,报；念白,高旺,报什么?,高旺（白）报什么?
pdf_01000000__01002017___248eca40c2,黑风帕,pdf_01000000__01002017___248eca40c2__line__000035,pdf_01000000__01002017___248eca40c2__scene__001,01002017_黑风帕.pdf,D:\University_studies\Junior\data_visualization\experiment\final_self\opera_dataset\01000000\01002017_黑风帕.pdf,01000000/01002017_黑风帕.pdf,62507f36-aa22-4065-bb0f-f7de69f87e7c,1,【第一场】,35,dialogue,dialogue,高来,pdf_01000000__01002017___248eca40c2__char__653e756cb9,白,白,白,念白,高来,"你的大钢鞭,在那儿乱蹿乱跳。","高来（白）你的大钢鞭,在那儿乱蹿乱跳。"
pdf_01000000__01002017___248eca40c2,黑风帕,pdf_01000000__01002017___248eca40c2__line__000035,pdf_01000000__01002017___248eca40c2__scene__001,01002017_黑风帕.pdf,D:\University_studies\Junior\data_visualization\experiment\final_self\opera_dataset\01000000\01002017_黑风帕.pdf,01000000/01002017_黑风帕.pdf,62507f36-aa22-4065-bb0f-f7de69f87e7c,1,【第一场】,35,dialogue,dialogue,高旺,pdf_01000000__01002017___248eca40c2__char__f1cacc05ac,白,白,白,念白,高旺,多加两条闩。,高旺（白）多加两条闩。
pdf_01000000__01002017___248eca40c2,黑风帕,pdf_01000000__01002017___248eca40c2__line__000035,pdf_01000000__01002017___248eca40c2__scene__001,01002017_黑风帕.pdf,D:\University_studies\Junior\data_visualization\experiment\final_self\opera_dataset\01000000\01002017_黑风帕.pdf,01000000/01002017_黑风帕.pdf,62507f36-aa22-4065-bb0f-f7de69f87e7c,1,【第一场】,35,dialogue,dialogue,高来,pdf_01000000__01002017___248eca40c2__char__653e756cb9,白,白,白,上；去；念白,高来,连我的裤带结上去多不行!,高来（白）连我的裤带结上去多不行!
pdf_01000000__01002017___248eca40c2,黑风帕,pdf_01000000__01002017___248eca40c2__line__000035,pdf_01000000__01002017___248eca40c2__scene__001,01002017_黑风帕.pdf,D:\University_studies\Junior\data_visualization\experiment\final_self\opera_dataset\01000000\01002017_黑风帕.pdf,01000000/01002017_黑风帕.pdf,62507f36-aa22-4065-bb0f-f7de69f87e7c,1,【第一场】,35,dialogue,dialogue,高旺,pdf_01000000__01002017___248eca40c2__char__f1cacc05ac,白,白,白,念白,高旺,却是为何?,高旺（白）却是为何?
pdf_01000000__01002017___248eca40c2,黑风帕,pdf_01000000__01002017___248eca40c2__line__000035,pdf_01000000__01002017___248eca40c2__scene__001,01002017_黑风帕.pdf,D:\University_studies\Junior\data_visualization\experiment\final_self\opera_dataset\01000000\01002017_黑风帕.pdf,01000000/01002017_黑风帕.pdf,62507f36-aa22-4065-bb0f-f7de69f87e7c,1,【第一场】,35,dialogue,dialogue,高来,pdf_01000000__01002017___248eca40c2__char__653e756cb9,白,白,白,念白,高来,我倒明白了。,高来（白）我倒明白了。
pdf_01000000__01002017___248eca40c2,黑风帕,pdf_01000000__01002017___248eca40c2__line__000035,pdf_01000000__01002017___248eca40c2__scene__001,01002017_黑风帕.pdf,D:\University_studies\Junior\data_visualization\experiment\final_self\opera_dataset\01000000\01002017_黑风帕.pdf,01000000/01002017_黑风帕.pdf,62507f36-aa22-4065-bb0f-f7de69f87e7c,1,【第一场】,35,dialogue,dialogue,高旺,pdf_01000000__01002017___248eca40c2__char__f1cacc05ac,白,白,白,来；念白,高旺,你明白何来?,高旺（白）你明白何来?
pdf_01000000__01002017___248eca40c2,黑风帕,pdf_01000000__01002017___248eca40c2__line__000035,pdf_01000000__01002017___248eca40c2__scene__001,01002017_黑风帕.pdf,D:\University_studies\Junior\data_visualization\experiment\final_self\opera_dataset\01000000\01002017_黑风帕.pdf,01000000/01002017_黑风帕.pdf,62507f36-aa22-4065-bb0f-f7de69f87e7c,1,【第一场】,35,dialogue,dialogue,高来,pdf_01000000__01002017___248eca40c2__char__653e756cb9,白,白,白,上；打；念白,高来,要到两军阵前打两员上将!,高来（白）要到两军阵前打两员上将!
pdf_01000000__01002017___248eca40c2,黑风帕,pdf_01000000__01002017___248eca40c2__line__000035,pdf_01000000__01002017___248eca40c2__scene__001,01002017_黑风帕.pdf,D:\University_studies\Junior\data_visualization\experiment\final_self\opera_dataset\01000000\01002017_黑风帕.pdf,01000000/01002017_黑风帕.pdf,62507f36-aa22-4065-bb0f-f7de69f87e7c,1,【第一场】,35,dialogue,dialogue,高旺,pdf_01000000__01002017___248eca40c2__char__f1cacc05ac,白,白,白,念白,高旺,唔!,高旺（白）唔!
pdf_01000000__01002017___248eca40c2,黑风帕,pdf_01000000__01002017___248eca40c2__line__000035,pdf_01000000__01002017___248eca40c2__scene__001,01002017_黑风帕.pdf,D:\University_studies\Junior\data_visualization\experiment\final_self\opera_dataset\01000000\01002017_黑风帕.pdf,01000000/01002017_黑风帕.pdf,62507f36-aa22-4065-bb0f-f7de69f87e7c,1,【第一场】,35,lyric,lyric,高旺,pdf_01000000__01002017___248eca40c2__char__f1cacc05ac,西皮摇板,唱,西皮摇板,唱段,高旺,听愚兄把当年事细说分明:,高旺（西皮摇板）听愚兄把当年事细说分明:
pdf_01000000__01002017___248eca40c2,黑风帕,pdf_01000000__01002017___248eca40c2__line__000035,pdf_01000000__01002017___248eca40c2__scene__001,01002017_黑风帕.pdf,D:\University_studies\Junior\data_visualization\experiment\final_self\opera_dataset\01000000\01002017_黑风帕.pdf,01000000/01002017_黑风帕.pdf,62507f36-aa22-4065-bb0f-f7de69f87e7c,1,【第一场】,35,dialogue,dialogue,高来,pdf_01000000__01002017___248eca40c2__char__653e756cb9,白,白,白,报；念白,高来,报!,高来（白）报!
pdf_01000000__01002017___248eca40c2,黑风帕,pdf_01000000__01002017___248eca40c2__line__000035,pdf_01000000__01002017___248eca40c2__scene__001,01002017_黑风帕.pdf,D:\University_studies\Junior\data_visualization\experiment\final_self\opera_dataset\01000000\01002017_黑风帕.pdf,01000000/01002017_黑风帕.pdf,62507f36-aa22-4065-bb0f-f7de69f87e7c,1,【第一场】,35,dialogue,dialogue,高旺,pdf_01000000__01002017___248eca40c2__char__f1cacc05ac,白,白,白,报；念白,高旺,又报什么?,高旺（白）又报什么?
pdf_01000000__01002017___248eca40c2,黑风帕,pdf_01000000__01002017___248eca40c2__line__000035,pdf_01000000__01002017___248eca40c2__scene__001,01002017_黑风帕.pdf,D:\University_studies\Junior\data_visualization\experiment\final_self\opera_dataset\01000000\01002017_黑风帕.pdf,01000000/01002017_黑风帕.pdf,62507f36-aa22-4065-bb0f-f7de69f87e7c,1,【第一场】,35,dialogue,dialogue,高来,pdf_01000000__01002017___248eca40c2__char__653e756cb9,白,白,白,叫；念白,高来,一只马在那里乱叫。,高来（白）一只马在那里乱叫。
pdf_01000000__01002017___248eca40c2,黑风帕,pdf_01000000__01002017___248eca40c2__line__000035,pdf_01000000__01002017___248eca40c2__scene__001,01002017_黑风帕.pdf,D:\University_studies\Junior\data_visualization\experiment\final_self\opera_dataset\01000000\01002017_黑风帕.pdf,01000000/01002017_黑风帕.pdf,62507f36-aa22-4065-bb0f-f7de69f87e7c,1,【第一场】,35,dialogue,dialogue,高旺,pdf_01000000__01002017___248eca40c2__char__f1cacc05ac,白,白,白,念白,高旺,多加草料。,高旺（白）多加草料。
pdf_01000000__01002017___248eca40c2,黑风帕,pdf_01000000__01002017___248eca40c2__line__000035,pdf_01000000__01002017___248eca40c2__scene__001,01002017_黑风帕.pdf,D:\University_studies\Junior\data_visualization\experiment\final_self\opera_dataset\01000000\01002017_黑风帕.pdf,01000000/01002017_黑风帕.pdf,62507f36-aa22-4065-bb0f-f7de69f87e7c,1,【第一场】,35,dialogue,dialogue,高来,pdf_01000000__01002017___248eca40c2__char__653e756cb9,白,白,白,念白,高来,连我的枕头吃了多不行!,高来（白）连我的枕头吃了多不行!
pdf_01000000__01002017___248eca40c2,黑风帕,pdf_01000000__01002017___248eca40c2__line__000035,pdf_01000000__01002017___248eca40c2__scene__001,01002017_黑风帕.pdf,D:\University_studies\Junior\data_visualization\experiment\final_self\opera_dataset\01000000\01002017_黑风帕.pdf,01000000/01002017_黑风帕.pdf,62507f36-aa22-4065-bb0f-f7de69f87e7c,1,【第一场】,35,dialogue,dialogue,高旺,pdf_01000000__01002017___248eca40c2__char__f1cacc05ac,白,白,白,念白,高旺,却是为何?,高旺（白）却是为何?
pdf_01000000__01002017___248eca40c2,黑风帕,pdf_01000000__01002017___248eca40c2__line__000035,pdf_01000000__01002017___248eca40c2__scene__001,01002017_黑风帕.pdf,D:\University_studies\Junior\data_visualization\experiment\final_self\opera_dataset\01000000\01002017_黑风帕.pdf,01000000/01002017_黑风帕.pdf,62507f36-aa22-4065-bb0f-f7de69f87e7c,1,【第一场】,35,dialogue,dialogue,高来,pdf_01000000__01002017___248eca40c2__char__653e756cb9,白,白,白,念白,高来,我倒又明白了。,高来（白）我倒又明白了。
pdf_01000000__01002017___248eca40c2,黑风帕,pdf_01000000__01002017___248eca40c2__line__000035,pdf_01000000__01002017___248eca40c2__scene__001,01002017_黑风帕.pdf,D:\University_studies\Junior\data_visualization\experiment\final_self\opera_dataset\01000000\01002017_黑风帕.pdf,01000000/01002017_黑风帕.pdf,62507f36-aa22-4065-bb0f-f7de69f87e7c,1,【第一场】,35,dialogue,dialogue,高旺,pdf_01000000__01002017___248eca40c2__char__f1cacc05ac,白,白,白,来；念白,高旺,明白何来?,高旺（白）明白何来?
pdf_01000000__01002017___248eca40c2,黑风帕,pdf_01000000__01002017___248eca40c2__line__000035,pdf_01000000__01002017___248eca40c2__scene__001,01002017_黑风帕.pdf,D:\University_studies\Junior\data_visualization\experiment\final_self\opera_dataset\01000000\01002017_黑风帕.pdf,01000000/01002017_黑风帕.pdf,62507f36-aa22-4065-bb0f-f7de69f87e7c,1,【第一场】,35,dialogue,dialogue,高来,pdf_01000000__01002017___248eca40c2__char__653e756cb9,白,白,白,念白,高来,要到两军阵前喝些人血!,高来（白）要到两军阵前喝些人血!
pdf_01000000__01002017___248eca40c2,黑风帕,pdf_01000000__01002017___248eca40c2__line__000035,pdf_01000000__01002017___248eca40c2__scene__001,01002017_黑风帕.pdf,D:\University_studies\Junior\data_visualization\experiment\final_self\opera_dataset\01000000\01002017_黑风帕.pdf,01000000/01002017_黑风帕.pdf,62507f36-aa22-4065-bb0f-f7de69f87e7c,1,【第一场】,35,dialogue,dialogue,高旺,pdf_01000000__01002017___248eca40c2__char__f1cacc05ac,白,白,白,念白,高旺,唔!,高旺（白）唔!
pdf_01000000__01002017___248eca40c2,黑风帕,pdf_01000000__01002017___248eca40c2__line__000035,pdf_01000000__01002017___248eca40c2__scene__001,01002017_黑风帕.pdf,D:\University_studies\Junior\data_visualization\experiment\final_self\opera_dataset\01000000\01002017_黑风帕.pdf,01000000/01002017_黑风帕.pdf,62507f36-aa22-4065-bb0f-f7de69f87e7c,1,【第一场】,35,dialogue,dialogue,高来,pdf_01000000__01002017___248eca40c2__char__653e756cb9,哭,做,哭,哭,高来,咳咳!,高来（哭）咳咳!
pdf_01000000__01002017___248eca40c2,黑风帕,pdf_01000000__01002017___248eca40c2__line__000035,pdf_01000000__01002017___248eca40c2__scene__001,01002017_黑风帕.pdf,D:\University_studies\Junior\data_visualization\experiment\final_self\opera_dataset\01000000\01002017_黑风帕.pdf,01000000/01002017_黑风帕.pdf,62507f36-aa22-4065-bb0f-f7de69f87e7c,1,【第一场】,35,dialogue,dialogue,高旺,pdf_01000000__01002017___248eca40c2__char__f1cacc05ac,白,白,白,来；哭；念白,高旺；高来,高来为何啼哭?,高旺（白）高来为何啼哭?
pdf_01000000__01002017___248eca40c2,黑风帕,pdf_01000000__01002017___248eca40c2__line__000035,pdf_01000000__01002017___248eca40c2__scene__001,01002017_黑风帕.pdf,D:\University_studies\Junior\data_visualization\experiment\final_self\opera_dataset\01000000\01002017_黑风帕.pdf,01000000/01002017_黑风帕.pdf,62507f36-aa22-4065-bb0f-f7de69f87e7c,1,【第一场】,35,dialogue,dialogue,高来,pdf_01000000__01002017___248eca40c2__char__653e756cb9,白,白,白,念白,高来,"我在前头扫地,丫头在那里烧火。他放了一个屁赖我!","高来（白）我在前头扫地,丫头在那里烧火。他放了一个屁赖我!"
pdf_01000000__01002017___248eca40c2,黑风帕,pdf_01000000__01002017___248eca40c2__line__000035,pdf_01000000__01002017___248eca40c2__scene__001,01002017_黑风帕.pdf,D:\University_studies\Junior\data_visualization\experiment\final_self\opera_dataset\01000000\01002017_黑风帕.pdf,01000000/01002017_黑风帕.pdf,62507f36-aa22-4065-bb0f-f7de69f87e7c,1,【第一场】,35,dialogue,dialogue,高旺,pdf_01000000__01002017___248eca40c2__char__f1cacc05ac,白,白,白,念白,高旺,那是一桩小事。,高旺（白）那是一桩小事。
pdf_01000000__01002017___248eca40c2,黑风帕,pdf_01000000__01002017___248eca40c2__line__000035,pdf_01000000__01002017___248eca40c2__scene__001,01002017_黑风帕.pdf,D:\University_studies\Junior\data_visualization\experiment\final_self\opera_dataset\01000000\01002017_黑风帕.pdf,01000000/01002017_黑风帕.pdf,62507f36-aa22-4065-bb0f-f7de69f87e7c,1,【第一场】,35,dialogue,dialogue,高来,pdf_01000000__01002017___248eca40c2__char__653e756cb9,白,白,白,去；念白,高来,"杨国母搬兵大事,你不去!","高来（白）杨国母搬兵大事,你不去!"
pdf_01000000__01002017___248eca40c2,黑风帕,pdf_01000000__01002017___248eca40c2__line__000035,pdf_01000000__01002017___248eca40c2__scene__001,01002017_黑风帕.pdf,D:\University_studies\Junior\data_visualization\experiment\final_self\opera_dataset\01000000\01002017_黑风帕.pdf,01000000/01002017_黑风帕.pdf,62507f36-aa22-4065-bb0f-f7de69f87e7c,1,【第一场】,35,dialogue,dialogue,高旺,pdf_01000000__01002017___248eca40c2__char__f1cacc05ac,白,白,白,念白,高旺,放屁!,高旺（白）放屁!
pdf_01000000__01002017___248eca40c2,黑风帕,pdf_01000000__01002017___248eca40c2__line__000035,pdf_01000000__01002017___248eca40c2__scene__001,01002017_黑风帕.pdf,D:\University_studies\Junior\data_visualization\experiment\final_self\opera_dataset\01000000\01002017_黑风帕.pdf,01000000/01002017_黑风帕.pdf,62507f36-aa22-4065-bb0f-f7de69f87e7c,1,【第一场】,35,dialogue,dialogue,高来,pdf_01000000__01002017___248eca40c2__char__653e756cb9,白,白,白,念白,高来,不臭!,高来（白）不臭!
pdf_01000000__01002017___248eca40c2,黑风帕,pdf_01000000__01002017___248eca40c2__line__000035,pdf_01000000__01002017___248eca40c2__scene__001,01002017_黑风帕.pdf,D:\University_studies\Junior\data_visualization\experiment\final_self\opera_dataset\01000000\01002017_黑风帕.pdf,01000000/01002017_黑风帕.pdf,62507f36-aa22-4065-bb0f-f7de69f87e7c,1,【第一场】,35,dialogue,dialogue,高旺,pdf_01000000__01002017___248eca40c2__char__f1cacc05ac,白,白,白,下；去；念白,高旺,下去!,高旺（白）下去!
pdf_01000000__01002017___248eca40c2,黑风帕,pdf_01000000__01002017___248eca40c2__line__000035,pdf_01000000__01002017___248eca40c2__scene__001,01002017_黑风帕.pdf,D:\University_studies\Junior\data_visualization\experiment\final_self\opera_dataset\01000000\01002017_黑风帕.pdf,01000000/01002017_黑风帕.pdf,62507f36-aa22-4065-bb0f-f7de69f87e7c,1,【第一场】,35,dialogue,dialogue,高来,pdf_01000000__01002017___248eca40c2__char__653e756cb9,白,白,白,念白,高来,水冷!,高来（白）水冷!
pdf_01000000__01002017___248eca40c2,黑风帕,pdf_01000000__01002017___248eca40c2__line__000035,pdf_01000000__01002017___248eca40c2__scene__001,01002017_黑风帕.pdf,D:\University_studies\Junior\data_visualization\experiment\final_self\opera_dataset\01000000\01002017_黑风帕.pdf,01000000/01002017_黑风帕.pdf,62507f36-aa22-4065-bb0f-f7de69f87e7c,1,【第一场】,35,dialogue,dialogue,高旺,pdf_01000000__01002017___248eca40c2__char__f1cacc05ac,白,白,白,打；念白,高旺,打嘴!,高旺（白）打嘴!
pdf_01000000__01002017___248eca40c2,黑风帕,pdf_01000000__01002017___248eca40c2__line__000035,pdf_01000000__01002017___248eca40c2__scene__001,01002017_黑风帕.pdf,D:\University_studies\Junior\data_visualization\experiment\final_self\opera_dataset\01000000\01002017_黑风帕.pdf,01000000/01002017_黑风帕.pdf,62507f36-aa22-4065-bb0f-f7de69f87e7c,1,【第一场】,35,dialogue,dialogue,高来,pdf_01000000__01002017___248eca40c2__char__653e756cb9,白,白,白,念白,高来,拈鱼!,高来（白）拈鱼!
pdf_01000000__01002017___248eca40c2,黑风帕,pdf_01000000__01002017___248eca40c2__line__000035,pdf_01000000__01002017___248eca40c2__scene__001,01002017_黑风帕.pdf,D:\University_studies\Junior\data_visualization\experiment\final_self\opera_dataset\01000000\01002017_黑风帕.pdf,01000000/01002017_黑风帕.pdf,62507f36-aa22-4065-bb0f-f7de69f87e7c,1,【第一场】,35,dialogue,dialogue,高旺,pdf_01000000__01002017___248eca40c2__char__f1cacc05ac,白,白,白,下；去；念白,高旺,"呸,滚下去!","高旺（白）呸,滚下去!"
pdf_01000000__01002017___248eca40c2,黑风帕,pdf_01000000__01002017___248eca40c2__line__000035,pdf_01000000__01002017___248eca40c2__scene__001,01002017_黑风帕.pdf,D:\University_studies\Junior\data_visualization\experiment\final_self\opera_dataset\01000000\01002017_黑风帕.pdf,01000000/01002017_黑风帕.pdf,62507f36-aa22-4065-bb0f-f7de69f87e7c,1,【第一场】,35,dialogue,dialogue,高来,pdf_01000000__01002017___248eca40c2__char__653e756cb9,白,白,白,令；念白,高来,得令!,高来（白）得令!
pdf_01000000__01002017___248eca40c2,黑风帕,pdf_01000000__01002017___248eca40c2__line__000035,pdf_01000000__01002017___248eca40c2__scene__001,01002017_黑风帕.pdf,D:\University_studies\Junior\data_visualization\experiment\final_self\opera_dataset\01000000\01002017_黑风帕.pdf,01000000/01002017_黑风帕.pdf,62507f36-aa22-4065-bb0f-f7de69f87e7c,1,【第一场】,35,lyric,lyric,高旺,pdf_01000000__01002017___248eca40c2__char__f1cacc05ac,西皮原板,唱,西皮原板,唱段,高旺,为社稷战断了我的宝雕弓。,高旺（西皮原板）为社稷战断了我的宝雕弓。
pdf_01000000__01002017___248eca40c2,黑风帕,pdf_01000000__01002017___248eca40c2__line__000035,pdf_01000000__01002017___248eca40c2__scene__001,01002017_黑风帕.pdf,D:\University_studies\Junior\data_visualization\experiment\final_self\opera_dataset\01000000\01002017_黑风帕.pdf,01000000/01002017_黑风帕.pdf,62507f36-aa22-4065-bb0f-f7de69f87e7c,1,【第一场】,35,dialogue,dialogue,杨八妹,pdf_01000000__01002017___248eca40c2__char__2773168095,白,白,白,念白,杨八妹,嗳!,杨八妹（白）嗳!
pdf_01000000__01002017___248eca40c2,黑风帕,pdf_01000000__01002017___248eca40c2__line__000035,pdf_01000000__01002017___248eca40c2__scene__001,01002017_黑风帕.pdf,D:\University_studies\Junior\data_visualization\experiment\final_self\opera_dataset\01000000\01002017_黑风帕.pdf,01000000/01002017_黑风帕.pdf,62507f36-aa22-4065-bb0f-f7de69f87e7c,1,【第一场】,35,dialogue,dialogue,高旺,pdf_01000000__01002017___248eca40c2__char__f1cacc05ac,白,白,白,念白,高旺,且慢!,高旺（白）且慢!
pdf_01000000__01002017___248eca40c2,黑风帕,pdf_01000000__01002017___248eca40c2__line__000035,pdf_01000000__01002017___248eca40c2__scene__001,01002017_黑风帕.pdf,D:\University_studies\Junior\data_visualization\experiment\final_self\opera_dataset\01000000\01002017_黑风帕.pdf,01000000/01002017_黑风帕.pdf,62507f36-aa22-4065-bb0f-f7de69f87e7c,1,【第一场】,35,dialogue,dialogue,杨八妹,pdf_01000000__01002017___248eca40c2__char__2773168095,念,念,念,自刎,杨八妹,"兄长不发人和马,小妹只得自刎头。","杨八妹（念）兄长不发人和马,小妹只得自刎头。"
pdf_01000000__01002017___248eca40c2,黑风帕,pdf_01000000__01002017___248eca40c2__line__000035,pdf_01000000__01002017___248eca40c2__scene__001,01002017_黑风帕.pdf,D:\University_studies\Junior\data_visualization\experiment\final_self\opera_dataset\01000000\01002017_黑风帕.pdf,01000000/01002017_黑风帕.pdf,62507f36-aa22-4065-bb0f-f7de69f87e7c,1,【第一场】,35,dialogue,dialogue,高旺,pdf_01000000__01002017___248eca40c2__char__f1cacc05ac,白,白,白,念白,高旺,"小妹不必如此,愚兄发兵就是。前面有一牧虎关,十分难过,必须想一计策。","高旺（白）小妹不必如此,愚兄发兵就是。前面有一牧虎关,十分难过,必须想一计策。"
pdf_01000000__01002017___248eca40c2,黑风帕,pdf_01000000__01002017___248eca40c2__line__000035,pdf_01000000__01002017___248eca40c2__scene__001,01002017_黑风帕.pdf,D:\University_studies\Junior\data_visualization\experiment\final_self\opera_dataset\01000000\01002017_黑风帕.pdf,01000000/01002017_黑风帕.pdf,62507f36-aa22-4065-bb0f-f7de69f87e7c,1,【第一场】,35,dialogue,dialogue,杨八妹,pdf_01000000__01002017___248eca40c2__char__2773168095,白,白,白,来；念白,杨八妹,大家想来。,杨八妹（白）大家想来。
pdf_01000000__01002017___248eca40c2,黑风帕,pdf_01000000__01002017___248eca40c2__line__000035,pdf_01000000__01002017___248eca40c2__scene__001,01002017_黑风帕.pdf,D:\University_studies\Junior\data_visualization\experiment\final_self\opera_dataset\01000000\01002017_黑风帕.pdf,01000000/01002017_黑风帕.pdf,62507f36-aa22-4065-bb0f-f7de69f87e7c,1,【第一场】,35,dialogue,dialogue,高旺,pdf_01000000__01002017___248eca40c2__char__f1cacc05ac,白,白,白,念白,高旺,愚兄倒有一计在此。,高旺（白）愚兄倒有一计在此。
pdf_01000000__01002017___248eca40c2,黑风帕,pdf_01000000__01002017___248eca40c2__line__000035,pdf_01000000__01002017___248eca40c2__scene__001,01002017_黑风帕.pdf,D:\University_studies\Junior\data_visualization\experiment\final_self\opera_dataset\01000000\01002017_黑风帕.pdf,01000000/01002017_黑风帕.pdf,62507f36-aa22-4065-bb0f-f7de69f87e7c,1,【第一场】,35,dialogue,dialogue,杨八妹,pdf_01000000__01002017___248eca40c2__char__2773168095,白,白,白,念白,杨八妹,有何妙计?,杨八妹（白）有何妙计?
pdf_01000000__01002017___248eca40c2,黑风帕,pdf_01000000__01002017___248eca40c2__line__000035,pdf_01000000__01002017___248eca40c2__scene__001,01002017_黑风帕.pdf,D:\University_studies\Junior\data_visualization\experiment\final_self\opera_dataset\01000000\01002017_黑风帕.pdf,01000000/01002017_黑风帕.pdf,62507f36-aa22-4065-bb0f-f7de69f87e7c,1,【第一场】,35,dialogue,dialogue,高旺,pdf_01000000__01002017___248eca40c2__char__f1cacc05ac,白,白,白,道；念白,高旺,"贤妹扮作押表的官长,愚兄扮作马夫模样,混过此关,再作道理。","高旺（白）贤妹扮作押表的官长,愚兄扮作马夫模样,混过此关,再作道理。"
pdf_01000000__01002017___248eca40c2,黑风帕,pdf_01000000__01002017___248eca40c2__line__000035,pdf_01000000__01002017___248eca40c2__scene__001,01002017_黑风帕.pdf,D:\University_studies\Junior\data_visualization\experiment\final_self\opera_dataset\01000000\01002017_黑风帕.pdf,01000000/01002017_黑风帕.pdf,62507f36-aa22-4065-bb0f-f7de69f87e7c,1,【第一场】,35,dialogue,dialogue,杨八妹,pdf_01000000__01002017___248eca40c2__char__2773168095,念,念,念,,杨八妹,"二人定计二人知,","杨八妹（念）二人定计二人知,"
pdf_01000000__01002017___248eca40c2,黑风帕,pdf_01000000__01002017___248eca40c2__line__000035,pdf_01000000__01002017___248eca40c2__scene__001,01002017_黑风帕.pdf,D:\University_studies\Junior\data_visualization\experiment\final_self\opera_dataset\01000000\01002017_黑风帕.pdf,01000000/01002017_黑风帕.pdf,62507f36-aa22-4065-bb0f-f7de69f87e7c,1,【第一场】,35,dialogue,dialogue,高旺,pdf_01000000__01002017___248eca40c2__char__f1cacc05ac,念,念,念,,高旺,巧装改扮莫挨迟。,高旺（念）巧装改扮莫挨迟。
pdf_01000000__01002017___248eca40c2,黑风帕,pdf_01000000__01002017___248eca40c2__line__000035,pdf_01000000__01002017___248eca40c2__scene__001,01002017_黑风帕.pdf,D:\University_studies\Junior\data_visualization\experiment\final_self\opera_dataset\01000000\01002017_黑风帕.pdf,01000000/01002017_黑风帕.pdf,62507f36-aa22-4065-bb0f-f7de69f87e7c,1,【第一场】,35,dialogue,dialogue,高来,pdf_01000000__01002017___248eca40c2__char__653e756cb9,白,白,白,请；念白,高来,有请杨国母!,高来（白）有请杨国母!
pdf_01000000__01002017___248eca40c2,黑风帕,pdf_01000000__01002017___248eca40c2__line__000035,pdf_01000000__01002017___248eca40c2__scene__001,01002017_黑风帕.pdf,D:\University_studies\Junior\data_visualization\experiment\final_self\opera_dataset\01000000\01002017_黑风帕.pdf,01000000/01002017_黑风帕.pdf,62507f36-aa22-4065-bb0f-f7de69f87e7c,1,【第一场】,35,dialogue,dialogue,高来,pdf_01000000__01002017___248eca40c2__char__653e756cb9,白,白,白,请；念白,高来,有请爷爷!,高来（白）有请爷爷!
pdf_01000000__01002017___248eca40c2,黑风帕,pdf_01000000__01002017___248eca40c2__line__000035,pdf_01000000__01002017___248eca40c2__scene__001,01002017_黑风帕.pdf,D:\University_studies\Junior\data_visualization\experiment\final_self\opera_dataset\01000000\01002017_黑风帕.pdf,01000000/01002017_黑风帕.pdf,62507f36-aa22-4065-bb0f-f7de69f87e7c,1,【第一场】,35,dialogue,dialogue,高旺,pdf_01000000__01002017___248eca40c2__char__f1cacc05ac,白,白,白,来；去；念白,高旺；高来,"高来,你爷爷此去,将家中之事付你掌管。等你爷爷得胜回来,与你带一个花刁刁的婆娘!","高旺（白）高来,你爷爷此去,将家中之事付你掌管。等你爷爷得胜回来,与你带一个花刁刁的婆娘!"
pdf_01000000__01002017___248eca40c2,黑风帕,pdf_01000000__01002017___248eca40c2__line__000035,pdf_01000000__01002017___248eca40c2__scene__001,01002017_黑风帕.pdf,D:\University_studies\Junior\data_visualization\experiment\final_self\opera_dataset\01000000\01002017_黑风帕.pdf,01000000/01002017_黑风帕.pdf,62507f36-aa22-4065-bb0f-f7de69f87e7c,1,【第一场】,35,dialogue,dialogue,高来,pdf_01000000__01002017___248eca40c2__char__653e756cb9,白,白,白,来；去；看；念白,高来,"你看我爷爷人高马大,好像宝塔一座。待我来学他一学:高来,你爷爷此去,将家中之事,付你掌管。等你爷爷得胜回来,与你带一个花刁刁的婆娘!","高来（白）你看我爷爷人高马大,好像宝塔一座。待我来学他一学:高来,你爷爷此去,将家中之事,付你掌管。等你爷爷得胜回来,与你带一个花刁刁的婆娘!"
pdf_01000000__01002017___248eca40c2,黑风帕,pdf_01000000__01002017___248eca40c2__line__000039,pdf_01000000__01002017___248eca40c2__scene__002,01002017_黑风帕.pdf,D:\University_studies\Junior\data_visualization\experiment\final_self\opera_dataset\01000000\01002017_黑风帕.pdf,01000000/01002017_黑风帕.pdf,62507f36-aa22-4065-bb0f-f7de69f87e7c,2,【第二场】,39,dialogue,dialogue,张保,pdf_01000000__01002017___248eca40c2__char__c1d4c29bd0,念,念,念,上；射,张保,"箭射雕翎箭,挽弓满上弦。","张保（念）箭射雕翎箭,挽弓满上弦。"
pdf_01000000__01002017___248eca40c2,黑风帕,pdf_01000000__01002017___248eca40c2__line__000039,pdf_01000000__01002017___248eca40c2__scene__002,01002017_黑风帕.pdf,D:\University_studies\Junior\data_visualization\experiment\final_self\opera_dataset\01000000\01002017_黑风帕.pdf,01000000/01002017_黑风帕.pdf,62507f36-aa22-4065-bb0f-f7de69f87e7c,2,【第二场】,39,lyric,lyric,杨八妹,pdf_01000000__01002017___248eca40c2__char__2773168095,西皮摇板,唱,西皮摇板,来；唱段,杨八妹,"雅志府搬来了泰山一座,","杨八妹（西皮摇板）雅志府搬来了泰山一座,"
pdf_01000000__01002017___248eca40c2,黑风帕,pdf_01000000__01002017___248eca40c2__line__000039,pdf_01000000__01002017___248eca40c2__scene__002,01002017_黑风帕.pdf,D:\University_studies\Junior\data_visualization\experiment\final_self\opera_dataset\01000000\01002017_黑风帕.pdf,01000000/01002017_黑风帕.pdf,62507f36-aa22-4065-bb0f-f7de69f87e7c,2,【第二场】,39,lyric,lyric,高旺,pdf_01000000__01002017___248eca40c2__char__f1cacc05ac,西皮摇板,唱,西皮摇板,唱段,高旺,雄纠纠气昂昂要赛阎罗!,高旺（西皮摇板）雄纠纠气昂昂要赛阎罗!
pdf_01000000__01002017___248eca40c2,黑风帕,pdf_01000000__01002017___248eca40c2__line__000039,pdf_01000000__01002017___248eca40c2__scene__002,01002017_黑风帕.pdf,D:\University_studies\Junior\data_visualization\experiment\final_self\opera_dataset\01000000\01002017_黑风帕.pdf,01000000/01002017_黑风帕.pdf,62507f36-aa22-4065-bb0f-f7de69f87e7c,2,【第二场】,39,dialogue,dialogue,杨八妹,pdf_01000000__01002017___248eca40c2__char__2773168095,白,白,白,念白,杨八妹,小心了!,杨八妹（白）小心了!
pdf_01000000__01002017___248eca40c2,黑风帕,pdf_01000000__01002017___248eca40c2__line__000039,pdf_01000000__01002017___248eca40c2__scene__002,01002017_黑风帕.pdf,D:\University_studies\Junior\data_visualization\experiment\final_self\opera_dataset\01000000\01002017_黑风帕.pdf,01000000/01002017_黑风帕.pdf,62507f36-aa22-4065-bb0f-f7de69f87e7c,2,【第二场】,39,dialogue,dialogue,高旺,pdf_01000000__01002017___248eca40c2__char__f1cacc05ac,白,白,白,念白,高旺,呔!开关。,高旺（白）呔!开关。
pdf_01000000__01002017___248eca40c2,黑风帕,pdf_01000000__01002017___248eca40c2__line__000039,pdf_01000000__01002017___248eca40c2__scene__002,01002017_黑风帕.pdf,D:\University_studies\Junior\data_visualization\experiment\final_self\opera_dataset\01000000\01002017_黑风帕.pdf,01000000/01002017_黑风帕.pdf,62507f36-aa22-4065-bb0f-f7de69f87e7c,2,【第二场】,39,dialogue,dialogue,张保,pdf_01000000__01002017___248eca40c2__char__c1d4c29bd0,白,白,白,来；道；念白,张保,哪道而来?,张保（白）哪道而来?
pdf_01000000__01002017___248eca40c2,黑风帕,pdf_01000000__01002017___248eca40c2__line__000039,pdf_01000000__01002017___248eca40c2__scene__002,01002017_黑风帕.pdf,D:\University_studies\Junior\data_visualization\experiment\final_self\opera_dataset\01000000\01002017_黑风帕.pdf,01000000/01002017_黑风帕.pdf,62507f36-aa22-4065-bb0f-f7de69f87e7c,2,【第二场】,39,dialogue,dialogue,高旺,pdf_01000000__01002017___248eca40c2__char__f1cacc05ac,白,白,白,来；道；念白,高旺,来道而来。,高旺（白）来道而来。
pdf_01000000__01002017___248eca40c2,黑风帕,pdf_01000000__01002017___248eca40c2__line__000039,pdf_01000000__01002017___248eca40c2__scene__002,01002017_黑风帕.pdf,D:\University_studies\Junior\data_visualization\experiment\final_self\opera_dataset\01000000\01002017_黑风帕.pdf,01000000/01002017_黑风帕.pdf,62507f36-aa22-4065-bb0f-f7de69f87e7c,2,【第二场】,39,dialogue,dialogue,张保,pdf_01000000__01002017___248eca40c2__char__c1d4c29bd0,白,白,白,去；道；念白,张保,哪道而去?,张保（白）哪道而去?
pdf_01000000__01002017___248eca40c2,黑风帕,pdf_01000000__01002017___248eca40c2__line__000039,pdf_01000000__01002017___248eca40c2__scene__002,01002017_黑风帕.pdf,D:\University_studies\Junior\data_visualization\experiment\final_self\opera_dataset\01000000\01002017_黑风帕.pdf,01000000/01002017_黑风帕.pdf,62507f36-aa22-4065-bb0f-f7de69f87e7c,2,【第二场】,39,dialogue,dialogue,高旺,pdf_01000000__01002017___248eca40c2__char__f1cacc05ac,白,白,白,去；道；念白,高旺,去道而去。,高旺（白）去道而去。
pdf_01000000__01002017___248eca40c2,黑风帕,pdf_01000000__01002017___248eca40c2__line__000039,pdf_01000000__01002017___248eca40c2__scene__002,01002017_黑风帕.pdf,D:\University_studies\Junior\data_visualization\experiment\final_self\opera_dataset\01000000\01002017_黑风帕.pdf,01000000/01002017_黑风帕.pdf,62507f36-aa22-4065-bb0f-f7de69f87e7c,2,【第二场】,39,dialogue,dialogue,张保,pdf_01000000__01002017___248eca40c2__char__c1d4c29bd0,白,白,白,念白,张保,姓甚名谁?,张保（白）姓甚名谁?
pdf_01000000__01002017___248eca40c2,黑风帕,pdf_01000000__01002017___248eca40c2__line__000039,pdf_01000000__01002017___248eca40c2__scene__002,01002017_黑风帕.pdf,D:\University_studies\Junior\data_visualization\experiment\final_self\opera_dataset\01000000\01002017_黑风帕.pdf,01000000/01002017_黑风帕.pdf,62507f36-aa22-4065-bb0f-f7de69f87e7c,2,【第二场】,39,dialogue,dialogue,高旺,pdf_01000000__01002017___248eca40c2__char__f1cacc05ac,白,白,白,念白,高旺,"姓马名夫,字刚鞭,折号甩手甩手。","高旺（白）姓马名夫,字刚鞭,折号甩手甩手。"
pdf_01000000__01002017___248eca40c2,黑风帕,pdf_01000000__01002017___248eca40c2__line__000039,pdf_01000000__01002017___248eca40c2__scene__002,01002017_黑风帕.pdf,D:\University_studies\Junior\data_visualization\experiment\final_self\opera_dataset\01000000\01002017_黑风帕.pdf,01000000/01002017_黑风帕.pdf,62507f36-aa22-4065-bb0f-f7de69f87e7c,2,【第二场】,39,dialogue,dialogue,张保,pdf_01000000__01002017___248eca40c2__char__c1d4c29bd0,白,白,白,念白,张保,"松林里面,他是何人?","张保（白）松林里面,他是何人?"
pdf_01000000__01002017___248eca40c2,黑风帕,pdf_01000000__01002017___248eca40c2__line__000039,pdf_01000000__01002017___248eca40c2__scene__002,01002017_黑风帕.pdf,D:\University_studies\Junior\data_visualization\experiment\final_self\opera_dataset\01000000\01002017_黑风帕.pdf,01000000/01002017_黑风帕.pdf,62507f36-aa22-4065-bb0f-f7de69f87e7c,2,【第二场】,39,dialogue,dialogue,高旺,pdf_01000000__01002017___248eca40c2__char__f1cacc05ac,白,白,白,念白,高旺,押表的官长。,高旺（白）押表的官长。
pdf_01000000__01002017___248eca40c2,黑风帕,pdf_01000000__01002017___248eca40c2__line__000039,pdf_01000000__01002017___248eca40c2__scene__002,01002017_黑风帕.pdf,D:\University_studies\Junior\data_visualization\experiment\final_self\opera_dataset\01000000\01002017_黑风帕.pdf,01000000/01002017_黑风帕.pdf,62507f36-aa22-4065-bb0f-f7de69f87e7c,2,【第二场】,39,dialogue,dialogue,张保,pdf_01000000__01002017___248eca40c2__char__c1d4c29bd0,白,白,白,来；答；念白,张保,为何不近前来答话?,张保（白）为何不近前来答话?
pdf_01000000__01002017___248eca40c2,黑风帕,pdf_01000000__01002017___248eca40c2__line__000039,pdf_01000000__01002017___248eca40c2__scene__002,01002017_黑风帕.pdf,D:\University_studies\Junior\data_visualization\experiment\final_self\opera_dataset\01000000\01002017_黑风帕.pdf,01000000/01002017_黑风帕.pdf,62507f36-aa22-4065-bb0f-f7de69f87e7c,2,【第二场】,39,dialogue,dialogue,高旺,pdf_01000000__01002017___248eca40c2__char__f1cacc05ac,白,白,白,念白,高旺,要俺马夫何用?,高旺（白）要俺马夫何用?
pdf_01000000__01002017___248eca40c2,黑风帕,pdf_01000000__01002017___248eca40c2__line__000039,pdf_01000000__01002017___248eca40c2__scene__002,01002017_黑风帕.pdf,D:\University_studies\Junior\data_visualization\experiment\final_self\opera_dataset\01000000\01002017_黑风帕.pdf,01000000/01002017_黑风帕.pdf,62507f36-aa22-4065-bb0f-f7de69f87e7c,2,【第二场】,39,dialogue,dialogue,张保,pdf_01000000__01002017___248eca40c2__char__c1d4c29bd0,白,白,白,念白,张保,你能言?,张保（白）你能言?
pdf_01000000__01002017___248eca40c2,黑风帕,pdf_01000000__01002017___248eca40c2__line__000039,pdf_01000000__01002017___248eca40c2__scene__002,01002017_黑风帕.pdf,D:\University_studies\Junior\data_visualization\experiment\final_self\opera_dataset\01000000\01002017_黑风帕.pdf,01000000/01002017_黑风帕.pdf,62507f36-aa22-4065-bb0f-f7de69f87e7c,2,【第二场】,39,dialogue,dialogue,高旺,pdf_01000000__01002017___248eca40c2__char__f1cacc05ac,白,白,白,念白,高旺,能言。,高旺（白）能言。
pdf_01000000__01002017___248eca40c2,黑风帕,pdf_01000000__01002017___248eca40c2__line__000039,pdf_01000000__01002017___248eca40c2__scene__002,01002017_黑风帕.pdf,D:\University_studies\Junior\data_visualization\experiment\final_self\opera_dataset\01000000\01002017_黑风帕.pdf,01000000/01002017_黑风帕.pdf,62507f36-aa22-4065-bb0f-f7de69f87e7c,2,【第二场】,39,dialogue,dialogue,张保,pdf_01000000__01002017___248eca40c2__char__c1d4c29bd0,白,白,白,念白,张保,能语?,张保（白）能语?
pdf_01000000__01002017___248eca40c2,黑风帕,pdf_01000000__01002017___248eca40c2__line__000039,pdf_01000000__01002017___248eca40c2__scene__002,01002017_黑风帕.pdf,D:\University_studies\Junior\data_visualization\experiment\final_self\opera_dataset\01000000\01002017_黑风帕.pdf,01000000/01002017_黑风帕.pdf,62507f36-aa22-4065-bb0f-f7de69f87e7c,2,【第二场】,39,dialogue,dialogue,高旺,pdf_01000000__01002017___248eca40c2__char__f1cacc05ac,白,白,白,念白,高旺,说得几句。,高旺（白）说得几句。
pdf_01000000__01002017___248eca40c2,黑风帕,pdf_01000000__01002017___248eca40c2__line__000039,pdf_01000000__01002017___248eca40c2__scene__002,01002017_黑风帕.pdf,D:\University_studies\Junior\data_visualization\experiment\final_self\opera_dataset\01000000\01002017_黑风帕.pdf,01000000/01002017_黑风帕.pdf,62507f36-aa22-4065-bb0f-f7de69f87e7c,2,【第二场】,39,dialogue,dialogue,张保,pdf_01000000__01002017___248eca40c2__char__c1d4c29bd0,白,白,白,念白,张保,身背何物?,张保（白）身背何物?
pdf_01000000__01002017___248eca40c2,黑风帕,pdf_01000000__01002017___248eca40c2__line__000039,pdf_01000000__01002017___248eca40c2__scene__002,01002017_黑风帕.pdf,D:\University_studies\Junior\data_visualization\experiment\final_self\opera_dataset\01000000\01002017_黑风帕.pdf,01000000/01002017_黑风帕.pdf,62507f36-aa22-4065-bb0f-f7de69f87e7c,2,【第二场】,39,dialogue,dialogue,高旺,pdf_01000000__01002017___248eca40c2__char__f1cacc05ac,白,白,白,念白,高旺,太平表章。,高旺（白）太平表章。
pdf_01000000__01002017___248eca40c2,黑风帕,pdf_01000000__01002017___248eca40c2__line__000039,pdf_01000000__01002017___248eca40c2__scene__002,01002017_黑风帕.pdf,D:\University_studies\Junior\data_visualization\experiment\final_self\opera_dataset\01000000\01002017_黑风帕.pdf,01000000/01002017_黑风帕.pdf,62507f36-aa22-4065-bb0f-f7de69f87e7c,2,【第二场】,39,dialogue,dialogue,张保,pdf_01000000__01002017___248eca40c2__char__c1d4c29bd0,白,白,白,上；来；看；念白,张保,"呈上来,驸马爷观看。","张保（白）呈上来,驸马爷观看。"
pdf_01000000__01002017___248eca40c2,黑风帕,pdf_01000000__01002017___248eca40c2__line__000039,pdf_01000000__01002017___248eca40c2__scene__002,01002017_黑风帕.pdf,D:\University_studies\Junior\data_visualization\experiment\final_self\opera_dataset\01000000\01002017_黑风帕.pdf,01000000/01002017_黑风帕.pdf,62507f36-aa22-4065-bb0f-f7de69f87e7c,2,【第二场】,39,dialogue,dialogue,高旺,pdf_01000000__01002017___248eca40c2__char__f1cacc05ac,白,白,白,看；念白,高旺,"娃娃,我国的狼主,不会写字。写的字结里结叭、葛里葛搭,你不要看罢。","高旺（白）娃娃,我国的狼主,不会写字。写的字结里结叭、葛里葛搭,你不要看罢。"
pdf_01000000__01002017___248eca40c2,黑风帕,pdf_01000000__01002017___248eca40c2__line__000039,pdf_01000000__01002017___248eca40c2__scene__002,01002017_黑风帕.pdf,D:\University_studies\Junior\data_visualization\experiment\final_self\opera_dataset\01000000\01002017_黑风帕.pdf,01000000/01002017_黑风帕.pdf,62507f36-aa22-4065-bb0f-f7de69f87e7c,2,【第二场】,39,dialogue,dialogue,张保,pdf_01000000__01002017___248eca40c2__char__c1d4c29bd0,白,白,白,看；念白,张保,我一定要看。,张保（白）我一定要看。
pdf_01000000__01002017___248eca40c2,黑风帕,pdf_01000000__01002017___248eca40c2__line__000039,pdf_01000000__01002017___248eca40c2__scene__002,01002017_黑风帕.pdf,D:\University_studies\Junior\data_visualization\experiment\final_self\opera_dataset\01000000\01002017_黑风帕.pdf,01000000/01002017_黑风帕.pdf,62507f36-aa22-4065-bb0f-f7de69f87e7c,2,【第二场】,39,dialogue,dialogue,高旺,pdf_01000000__01002017___248eca40c2__char__f1cacc05ac,白,白,白,看；念白,高旺,"娃娃,你当真要看?","高旺（白）娃娃,你当真要看?"
pdf_01000000__01002017___248eca40c2,黑风帕,pdf_01000000__01002017___248eca40c2__line__000039,pdf_01000000__01002017___248eca40c2__scene__002,01002017_黑风帕.pdf,D:\University_studies\Junior\data_visualization\experiment\final_self\opera_dataset\01000000\01002017_黑风帕.pdf,01000000/01002017_黑风帕.pdf,62507f36-aa22-4065-bb0f-f7de69f87e7c,2,【第二场】,39,dialogue,dialogue,张保,pdf_01000000__01002017___248eca40c2__char__c1d4c29bd0,白,白,白,看；念白,张保,当真要看。,张保（白）当真要看。
pdf_01000000__01002017___248eca40c2,黑风帕,pdf_01000000__01002017___248eca40c2__line__000039,pdf_01000000__01002017___248eca40c2__scene__002,01002017_黑风帕.pdf,D:\University_studies\Junior\data_visualization\experiment\final_self\opera_dataset\01000000\01002017_黑风帕.pdf,01000000/01002017_黑风帕.pdf,62507f36-aa22-4065-bb0f-f7de69f87e7c,2,【第二场】,39,dialogue,dialogue,高旺,pdf_01000000__01002017___248eca40c2__char__f1cacc05ac,白,白,白,看；念白,高旺,你就看看看!,高旺（白）你就看看看!
pdf_01000000__01002017___248eca40c2,黑风帕,pdf_01000000__01002017___248eca40c2__line__000041,pdf_01000000__01002017___248eca40c2__scene__002,01002017_黑风帕.pdf,D:\University_studies\Junior\data_visualization\experiment\final_self\opera_dataset\01000000\01002017_黑风帕.pdf,01000000/01002017_黑风帕.pdf,62507f36-aa22-4065-bb0f-f7de69f87e7c,2,【第二场】,41,lyric,lyric,张保,pdf_01000000__01002017___248eca40c2__char__c1d4c29bd0,西皮摇板,唱,西皮摇板,唱段,张保,"番儿将关忙开定,","张保（西皮摇板）番儿将关忙开定,"
pdf_01000000__01002017___248eca40c2,黑风帕,pdf_01000000__01002017___248eca40c2__line__000041,pdf_01000000__01002017___248eca40c2__scene__002,01002017_黑风帕.pdf,D:\University_studies\Junior\data_visualization\experiment\final_self\opera_dataset\01000000\01002017_黑风帕.pdf,01000000/01002017_黑风帕.pdf,62507f36-aa22-4065-bb0f-f7de69f87e7c,2,【第二场】,41,lyric,lyric,张保,pdf_01000000__01002017___248eca40c2__char__c1d4c29bd0,西皮摇板,唱,西皮摇板,唱段,张保,要想过关万不能。,张保（西皮摇板）要想过关万不能。
pdf_01000000__01002017___248eca40c2,黑风帕,pdf_01000000__01002017___248eca40c2__line__000041,pdf_01000000__01002017___248eca40c2__scene__002,01002017_黑风帕.pdf,D:\University_studies\Junior\data_visualization\experiment\final_self\opera_dataset\01000000\01002017_黑风帕.pdf,01000000/01002017_黑风帕.pdf,62507f36-aa22-4065-bb0f-f7de69f87e7c,2,【第二场】,41,dialogue,dialogue,高旺,pdf_01000000__01002017___248eca40c2__char__f1cacc05ac,白,白,白,念白,高旺,娃娃!,高旺（白）娃娃!
pdf_01000000__01002017___248eca40c2,黑风帕,pdf_01000000__01002017___248eca40c2__line__000041,pdf_01000000__01002017___248eca40c2__scene__002,01002017_黑风帕.pdf,D:\University_studies\Junior\data_visualization\experiment\final_self\opera_dataset\01000000\01002017_黑风帕.pdf,01000000/01002017_黑风帕.pdf,62507f36-aa22-4065-bb0f-f7de69f87e7c,2,【第二场】,41,lyric,lyric,高旺,pdf_01000000__01002017___248eca40c2__char__f1cacc05ac,西皮快板,唱,西皮快板,进；唱段,张保；高旺,"张保娃娃不经战,三二个回合败进了关。不用战马我就将他赶,一心心要过儿的牧虎关。","高旺（西皮快板）张保娃娃不经战,三二个回合败进了关。不用战马我就将他赶,一心心要过儿的牧虎关。"
pdf_01000000__01002017___248eca40c2,黑风帕,pdf_01000000__01002017___248eca40c2__line__000045,pdf_01000000__01002017___248eca40c2__scene__003,01002017_黑风帕.pdf,D:\University_studies\Junior\data_visualization\experiment\final_self\opera_dataset\01000000\01002017_黑风帕.pdf,01000000/01002017_黑风帕.pdf,62507f36-aa22-4065-bb0f-f7de69f87e7c,3,【第三场】,45,stage_direction,stage_direction,,,张保上。,做,张保上。,上,张保,,（张保上。）
pdf_01000000__01002017___248eca40c2,黑风帕,pdf_01000000__01002017___248eca40c2__line__000047,pdf_01000000__01002017___248eca40c2__scene__003,01002017_黑风帕.pdf,D:\University_studies\Junior\data_visualization\experiment\final_self\opera_dataset\01000000\01002017_黑风帕.pdf,01000000/01002017_黑风帕.pdf,62507f36-aa22-4065-bb0f-f7de69f87e7c,3,【第三场】,47,dialogue,dialogue,张保,pdf_01000000__01002017___248eca40c2__char__c1d4c29bd0,白,白,白,杀；念白,张保,且住！黑汉杀法厉害，不免使起黑风，擒他便了。,张保 （白） 且住！黑汉杀法厉害，不免使起黑风，擒他便了。
pdf_01000000__01002017___248eca40c2,黑风帕,pdf_01000000__01002017___248eca40c2__line__000049,pdf_01000000__01002017___248eca40c2__scene__003,01002017_黑风帕.pdf,D:\University_studies\Junior\data_visualization\experiment\final_self\opera_dataset\01000000\01002017_黑风帕.pdf,01000000/01002017_黑风帕.pdf,62507f36-aa22-4065-bb0f-f7de69f87e7c,3,【第三场】,49,lyric,lyric,,,西皮摇板,唱,西皮摇板,来；唱段,西皮摇板）；忙将黑风来使起,忙将黑风来使起，,（西皮摇板） 忙将黑风来使起，
pdf_01000000__01002017___248eca40c2,黑风帕,pdf_01000000__01002017___248eca40c2__line__000051,pdf_01000000__01002017___248eca40c2__scene__003,01002017_黑风帕.pdf,D:\University_studies\Junior\data_visualization\experiment\final_self\opera_dataset\01000000\01002017_黑风帕.pdf,01000000/01002017_黑风帕.pdf,62507f36-aa22-4065-bb0f-f7de69f87e7c,3,【第三场】,51,narration,narration,,,,说明,,看,看看黑汉哪里行,看看黑汉哪里行！,看看黑汉哪里行！
pdf_01000000__01002017___248eca40c2,黑风帕,pdf_01000000__01002017___248eca40c2__line__000053,pdf_01000000__01002017___248eca40c2__scene__003,01002017_黑风帕.pdf,D:\University_studies\Junior\data_visualization\experiment\final_self\opera_dataset\01000000\01002017_黑风帕.pdf,01000000/01002017_黑风帕.pdf,62507f36-aa22-4065-bb0f-f7de69f87e7c,3,【第三场】,53,stage_direction,stage_direction,,,高旺上。,做,高旺上。,上,高旺,,（高旺上。）
pdf_01000000__01002017___248eca40c2,黑风帕,pdf_01000000__01002017___248eca40c2__line__000055,pdf_01000000__01002017___248eca40c2__scene__003,01002017_黑风帕.pdf,D:\University_studies\Junior\data_visualization\experiment\final_self\opera_dataset\01000000\01002017_黑风帕.pdf,01000000/01002017_黑风帕.pdf,62507f36-aa22-4065-bb0f-f7de69f87e7c,3,【第三场】,55,lyric,lyric,高旺,pdf_01000000__01002017___248eca40c2__char__f1cacc05ac,西皮摇板,唱,西皮摇板,杀；唱段,高旺,杀得娃娃形无踪，,高旺 （西皮摇板） 杀得娃娃形无踪，
pdf_01000000__01002017___248eca40c2,黑风帕,pdf_01000000__01002017___248eca40c2__line__000057,pdf_01000000__01002017___248eca40c2__scene__003,01002017_黑风帕.pdf,D:\University_studies\Junior\data_visualization\experiment\final_self\opera_dataset\01000000\01002017_黑风帕.pdf,01000000/01002017_黑风帕.pdf,62507f36-aa22-4065-bb0f-f7de69f87e7c,3,【第三场】,57,dialogue,dialogue,,,白,白,白,念白,白）；哦,哦？,（白） 哦？
pdf_01000000__01002017___248eca40c2,黑风帕,pdf_01000000__01002017___248eca40c2__line__000059,pdf_01000000__01002017___248eca40c2__scene__003,01002017_黑风帕.pdf,D:\University_studies\Junior\data_visualization\experiment\final_self\opera_dataset\01000000\01002017_黑风帕.pdf,01000000/01002017_黑风帕.pdf,62507f36-aa22-4065-bb0f-f7de69f87e7c,3,【第三场】,59,lyric,lyric,,,西皮摇板,唱,西皮摇板,唱段,西皮摇板）；见娃娃也会使黑风,见娃娃也会使黑风。,（西皮摇板） 见娃娃也会使黑风。
pdf_01000000__01002017___248eca40c2,黑风帕,pdf_01000000__01002017___248eca40c2__line__000061,pdf_01000000__01002017___248eca40c2__scene__003,01002017_黑风帕.pdf,D:\University_studies\Junior\data_visualization\experiment\final_self\opera_dataset\01000000\01002017_黑风帕.pdf,01000000/01002017_黑风帕.pdf,62507f36-aa22-4065-bb0f-f7de69f87e7c,3,【第三场】,61,narration,narration,,,,说明,,,幼年开的黑风铺,幼年开的黑风铺，,幼年开的黑风铺，
pdf_01000000__01002017___248eca40c2,黑风帕,pdf_01000000__01002017___248eca40c2__line__000063,pdf_01000000__01002017___248eca40c2__scene__003,01002017_黑风帕.pdf,D:\University_studies\Junior\data_visualization\experiment\final_self\opera_dataset\01000000\01002017_黑风帕.pdf,01000000/01002017_黑风帕.pdf,62507f36-aa22-4065-bb0f-f7de69f87e7c,3,【第三场】,63,narration,narration,,,,说明,,走,哪里走漏什么一点儿风,哪里走漏什么一点儿风？,哪里走漏什么一点儿风？
pdf_01000000__01002017___248eca40c2,黑风帕,pdf_01000000__01002017___248eca40c2__line__000065,pdf_01000000__01002017___248eca40c2__scene__003,01002017_黑风帕.pdf,D:\University_studies\Junior\data_visualization\experiment\final_self\opera_dataset\01000000\01002017_黑风帕.pdf,01000000/01002017_黑风帕.pdf,62507f36-aa22-4065-bb0f-f7de69f87e7c,3,【第三场】,65,narration,narration,,,,说明,,,就地画一个双十字,就地画一个双十字，,就地画一个双十字，
pdf_01000000__01002017___248eca40c2,黑风帕,pdf_01000000__01002017___248eca40c2__line__000067,pdf_01000000__01002017___248eca40c2__scene__003,01002017_黑风帕.pdf,D:\University_studies\Junior\data_visualization\experiment\final_self\opera_dataset\01000000\01002017_黑风帕.pdf,01000000/01002017_黑风帕.pdf,62507f36-aa22-4065-bb0f-f7de69f87e7c,3,【第三场】,67,narration,narration,,,,说明,,,将身跳在十字中,将身跳在十字中。,将身跳在十字中。
pdf_01000000__01002017___248eca40c2,黑风帕,pdf_01000000__01002017___248eca40c2__line__000069,pdf_01000000__01002017___248eca40c2__scene__003,01002017_黑风帕.pdf,D:\University_studies\Junior\data_visualization\experiment\final_self\opera_dataset\01000000\01002017_黑风帕.pdf,01000000/01002017_黑风帕.pdf,62507f36-aa22-4065-bb0f-f7de69f87e7c,3,【第三场】,69,narration,narration,,,,说明,,,,东南风西北风四面八方一齐起，,东南风西北风四面八方一齐起，
pdf_01000000__01002017___248eca40c2,黑风帕,pdf_01000000__01002017___248eca40c2__line__000071,pdf_01000000__01002017___248eca40c2__scene__003,01002017_黑风帕.pdf,D:\University_studies\Junior\data_visualization\experiment\final_self\opera_dataset\01000000\01002017_黑风帕.pdf,01000000/01002017_黑风帕.pdf,62507f36-aa22-4065-bb0f-f7de69f87e7c,3,【第三场】,71,dialogue,dialogue,,,白,白,白,念白,白）；娃娃,娃娃！,（白） 娃娃！
pdf_01000000__01002017___248eca40c2,黑风帕,pdf_01000000__01002017___248eca40c2__line__000073,pdf_01000000__01002017___248eca40c2__scene__003,01002017_黑风帕.pdf,D:\University_studies\Junior\data_visualization\experiment\final_self\opera_dataset\01000000\01002017_黑风帕.pdf,01000000/01002017_黑风帕.pdf,62507f36-aa22-4065-bb0f-f7de69f87e7c,3,【第三场】,73,lyric,lyric,,,西皮摇板,唱,西皮摇板,唱段,西皮摇板）；我是会使黑风的老祖宗,我是会使黑风的老祖宗！,（西皮摇板） 我是会使黑风的老祖宗！
pdf_01000000__01002017___248eca40c2,黑风帕,pdf_01000000__01002017___248eca40c2__line__000075,pdf_01000000__01002017___248eca40c2__scene__003,01002017_黑风帕.pdf,D:\University_studies\Junior\data_visualization\experiment\final_self\opera_dataset\01000000\01002017_黑风帕.pdf,01000000/01002017_黑风帕.pdf,62507f36-aa22-4065-bb0f-f7de69f87e7c,3,【第三场】,75,stage_direction,stage_direction,,,高旺、张保同开打。张保下。,做,高旺、张保同开打。张保下。,下；打,张保；高旺,,（高旺、张保同开打。张保下。）
pdf_01000000__01002017___248eca40c2,黑风帕,pdf_01000000__01002017___248eca40c2__line__000077,pdf_01000000__01002017___248eca40c2__scene__003,01002017_黑风帕.pdf,D:\University_studies\Junior\data_visualization\experiment\final_self\opera_dataset\01000000\01002017_黑风帕.pdf,01000000/01002017_黑风帕.pdf,62507f36-aa22-4065-bb0f-f7de69f87e7c,3,【第三场】,77,lyric,lyric,高旺,pdf_01000000__01002017___248eca40c2__char__f1cacc05ac,西皮摇板,唱,西皮摇板,打；唱段,高旺,井边打水江边卖，,高旺 （西皮摇板） 井边打水江边卖，
pdf_01000000__01002017___248eca40c2,黑风帕,pdf_01000000__01002017___248eca40c2__line__000079,pdf_01000000__01002017___248eca40c2__scene__003,01002017_黑风帕.pdf,D:\University_studies\Junior\data_visualization\experiment\final_self\opera_dataset\01000000\01002017_黑风帕.pdf,01000000/01002017_黑风帕.pdf,62507f36-aa22-4065-bb0f-f7de69f87e7c,3,【第三场】,79,narration,narration,,,,说明,,,孔夫子面前卖的什么文,孔夫子面前卖的什么文！,孔夫子面前卖的什么文！
pdf_01000000__01002017___248eca40c2,黑风帕,pdf_01000000__01002017___248eca40c2__line__000081,pdf_01000000__01002017___248eca40c2__scene__003,01002017_黑风帕.pdf,D:\University_studies\Junior\data_visualization\experiment\final_self\opera_dataset\01000000\01002017_黑风帕.pdf,01000000/01002017_黑风帕.pdf,62507f36-aa22-4065-bb0f-f7de69f87e7c,3,【第三场】,81,stage_direction,stage_direction,,,高旺下。,做,高旺下。,下,高旺,,（高旺下。）
pdf_01000000__01002017___248eca40c2,黑风帕,pdf_01000000__01002017___248eca40c2__line__000085,pdf_01000000__01002017___248eca40c2__scene__004,01002017_黑风帕.pdf,D:\University_studies\Junior\data_visualization\experiment\final_self\opera_dataset\01000000\01002017_黑风帕.pdf,01000000/01002017_黑风帕.pdf,62507f36-aa22-4065-bb0f-f7de69f87e7c,4,【第四场】,85,stage_direction,stage_direction,,,鞑婆上。,做,鞑婆上。,上,鞑婆,,（鞑婆上。）
pdf_01000000__01002017___248eca40c2,黑风帕,pdf_01000000__01002017___248eca40c2__line__000087,pdf_01000000__01002017___248eca40c2__scene__004,01002017_黑风帕.pdf,D:\University_studies\Junior\data_visualization\experiment\final_self\opera_dataset\01000000\01002017_黑风帕.pdf,01000000/01002017_黑风帕.pdf,62507f36-aa22-4065-bb0f-f7de69f87e7c,4,【第四场】,87,dialogue,dialogue,鞑婆,pdf_01000000__01002017___248eca40c2__char__2f517acee9,念,念,念,,鞑婆,头带三箍瓣，两耳坠金环。,鞑婆 （念） 头带三箍瓣，两耳坠金环。
pdf_01000000__01002017___248eca40c2,黑风帕,pdf_01000000__01002017___248eca40c2__line__000089,pdf_01000000__01002017___248eca40c2__scene__004,01002017_黑风帕.pdf,D:\University_studies\Junior\data_visualization\experiment\final_self\opera_dataset\01000000\01002017_黑风帕.pdf,01000000/01002017_黑风帕.pdf,62507f36-aa22-4065-bb0f-f7de69f87e7c,4,【第四场】,89,stage_direction,stage_direction,,,鞑婆坐。四青袍同上，张保上。,做,鞑婆坐。四青袍同上，张保上。,上；坐,张保；鞑婆,,（鞑婆坐。四青袍同上，张保上。）
pdf_01000000__01002017___248eca40c2,黑风帕,pdf_01000000__01002017___248eca40c2__line__000091,pdf_01000000__01002017___248eca40c2__scene__004,01002017_黑风帕.pdf,D:\University_studies\Junior\data_visualization\experiment\final_self\opera_dataset\01000000\01002017_黑风帕.pdf,01000000/01002017_黑风帕.pdf,62507f36-aa22-4065-bb0f-f7de69f87e7c,4,【第四场】,91,dialogue,dialogue,张保,pdf_01000000__01002017___248eca40c2__char__c1d4c29bd0,白,白,白,杀；念白,张保,杀败了！,张保 （白） 杀败了！
pdf_01000000__01002017___248eca40c2,黑风帕,pdf_01000000__01002017___248eca40c2__line__000093,pdf_01000000__01002017___248eca40c2__scene__004,01002017_黑风帕.pdf,D:\University_studies\Junior\data_visualization\experiment\final_self\opera_dataset\01000000\01002017_黑风帕.pdf,01000000/01002017_黑风帕.pdf,62507f36-aa22-4065-bb0f-f7de69f87e7c,4,【第四场】,93,dialogue,dialogue,鞑婆,pdf_01000000__01002017___248eca40c2__char__2f517acee9,白,白,白,念白,鞑婆,为何这等模样？,鞑婆 （白） 为何这等模样？
pdf_01000000__01002017___248eca40c2,黑风帕,pdf_01000000__01002017___248eca40c2__line__000095,pdf_01000000__01002017___248eca40c2__scene__004,01002017_黑风帕.pdf,D:\University_studies\Junior\data_visualization\experiment\final_self\opera_dataset\01000000\01002017_黑风帕.pdf,01000000/01002017_黑风帕.pdf,62507f36-aa22-4065-bb0f-f7de69f87e7c,4,【第四场】,95,dialogue,dialogue,张保,pdf_01000000__01002017___248eca40c2__char__c1d4c29bd0,白,白,白,下；来；杀；念白,张保,城下来了一个黑汉将我杀得大败。,张保 （白） 城下来了一个黑汉将我杀得大败。
pdf_01000000__01002017___248eca40c2,黑风帕,pdf_01000000__01002017___248eca40c2__line__000097,pdf_01000000__01002017___248eca40c2__scene__004,01002017_黑风帕.pdf,D:\University_studies\Junior\data_visualization\experiment\final_self\opera_dataset\01000000\01002017_黑风帕.pdf,01000000/01002017_黑风帕.pdf,62507f36-aa22-4065-bb0f-f7de69f87e7c,4,【第四场】,97,dialogue,dialogue,鞑婆,pdf_01000000__01002017___248eca40c2__char__2f517acee9,白,白,白,念白,鞑婆,就该使起黑风擒他才是！,鞑婆 （白） 就该使起黑风擒他才是！
pdf_01000000__01002017___248eca40c2,黑风帕,pdf_01000000__01002017___248eca40c2__line__000099,pdf_01000000__01002017___248eca40c2__scene__004,01002017_黑风帕.pdf,D:\University_studies\Junior\data_visualization\experiment\final_self\opera_dataset\01000000\01002017_黑风帕.pdf,01000000/01002017_黑风帕.pdf,62507f36-aa22-4065-bb0f-f7de69f87e7c,4,【第四场】,99,dialogue,dialogue,张保,pdf_01000000__01002017___248eca40c2__char__c1d4c29bd0,白,白,白,念白,张保,他的黑风，比我胜高三尺。,张保 （白） 他的黑风，比我胜高三尺。
pdf_01000000__01002017___248eca40c2,黑风帕,pdf_01000000__01002017___248eca40c2__line__000101,pdf_01000000__01002017___248eca40c2__scene__004,01002017_黑风帕.pdf,D:\University_studies\Junior\data_visualization\experiment\final_self\opera_dataset\01000000\01002017_黑风帕.pdf,01000000/01002017_黑风帕.pdf,62507f36-aa22-4065-bb0f-f7de69f87e7c,4,【第四场】,101,dialogue,dialogue,鞑婆,pdf_01000000__01002017___248eca40c2__char__2f517acee9,白,白,白,念白,鞑婆,且至后面，待我会他！,鞑婆 （白） 且至后面，待我会他！
pdf_01000000__01002017___248eca40c2,黑风帕,pdf_01000000__01002017___248eca40c2__line__000103,pdf_01000000__01002017___248eca40c2__scene__004,01002017_黑风帕.pdf,D:\University_studies\Junior\data_visualization\experiment\final_self\opera_dataset\01000000\01002017_黑风帕.pdf,01000000/01002017_黑风帕.pdf,62507f36-aa22-4065-bb0f-f7de69f87e7c,4,【第四场】,103,dialogue,dialogue,张保,pdf_01000000__01002017___248eca40c2__char__c1d4c29bd0,白,白,白,念白,张保,小心了！,张保 （白） 小心了！
pdf_01000000__01002017___248eca40c2,黑风帕,pdf_01000000__01002017___248eca40c2__line__000105,pdf_01000000__01002017___248eca40c2__scene__004,01002017_黑风帕.pdf,D:\University_studies\Junior\data_visualization\experiment\final_self\opera_dataset\01000000\01002017_黑风帕.pdf,01000000/01002017_黑风帕.pdf,62507f36-aa22-4065-bb0f-f7de69f87e7c,4,【第四场】,105,stage_direction,stage_direction,,,张保下。,做,张保下。,下,张保,,（张保下。）
pdf_01000000__01002017___248eca40c2,黑风帕,pdf_01000000__01002017___248eca40c2__line__000107,pdf_01000000__01002017___248eca40c2__scene__004,01002017_黑风帕.pdf,D:\University_studies\Junior\data_visualization\experiment\final_self\opera_dataset\01000000\01002017_黑风帕.pdf,01000000/01002017_黑风帕.pdf,62507f36-aa22-4065-bb0f-f7de69f87e7c,4,【第四场】,107,dialogue,dialogue,鞑婆,pdf_01000000__01002017___248eca40c2__char__2f517acee9,白,白,白,上；念白,鞑婆,番儿带路上关!,鞑婆（白）番儿带路上关!
pdf_01000000__01002017___248eca40c2,黑风帕,pdf_01000000__01002017___248eca40c2__line__000107,pdf_01000000__01002017___248eca40c2__scene__004,01002017_黑风帕.pdf,D:\University_studies\Junior\data_visualization\experiment\final_self\opera_dataset\01000000\01002017_黑风帕.pdf,01000000/01002017_黑风帕.pdf,62507f36-aa22-4065-bb0f-f7de69f87e7c,4,【第四场】,107,lyric,lyric,高旺,pdf_01000000__01002017___248eca40c2__char__f1cacc05ac,西皮摇板,唱,西皮摇板,上；唱段,鞑婆；高旺,"战败一合又一合,城楼上站定一个小鞑婆。新黄旗上写大字,宋将到此脱也脱不脱。缩只缩只心头火,哇,丫头!","高旺（西皮摇板）战败一合又一合,城楼上站定一个小鞑婆。新黄旗上写大字,宋将到此脱也脱不脱。缩只缩只心头火,哇,丫头!"
pdf_01000000__01002017___248eca40c2,黑风帕,pdf_01000000__01002017___248eca40c2__line__000107,pdf_01000000__01002017___248eca40c2__scene__004,01002017_黑风帕.pdf,D:\University_studies\Junior\data_visualization\experiment\final_self\opera_dataset\01000000\01002017_黑风帕.pdf,01000000/01002017_黑风帕.pdf,62507f36-aa22-4065-bb0f-f7de69f87e7c,4,【第四场】,107,lyric,lyric,鞑婆,pdf_01000000__01002017___248eca40c2__char__2f517acee9,西皮摇板,唱,西皮摇板,唱段,鞑婆,"番儿将关忙开定,","鞑婆（西皮摇板）番儿将关忙开定,"
pdf_01000000__01002017___248eca40c2,黑风帕,pdf_01000000__01002017___248eca40c2__line__000107,pdf_01000000__01002017___248eca40c2__scene__004,01002017_黑风帕.pdf,D:\University_studies\Junior\data_visualization\experiment\final_self\opera_dataset\01000000\01002017_黑风帕.pdf,01000000/01002017_黑风帕.pdf,62507f36-aa22-4065-bb0f-f7de69f87e7c,4,【第四场】,107,lyric,lyric,鞑婆,pdf_01000000__01002017___248eca40c2__char__2f517acee9,西皮摇板,唱,西皮摇板,唱段,鞑婆,要想过关万不能。,鞑婆（西皮摇板）要想过关万不能。
pdf_01000000__01002017___248eca40c2,黑风帕,pdf_01000000__01002017___248eca40c2__line__000107,pdf_01000000__01002017___248eca40c2__scene__004,01002017_黑风帕.pdf,D:\University_studies\Junior\data_visualization\experiment\final_self\opera_dataset\01000000\01002017_黑风帕.pdf,01000000/01002017_黑风帕.pdf,62507f36-aa22-4065-bb0f-f7de69f87e7c,4,【第四场】,107,lyric,lyric,高旺,pdf_01000000__01002017___248eca40c2__char__f1cacc05ac,西皮摇板,唱,西皮摇板,唱段,高旺,"一见女子出了城,哦?","高旺（西皮摇板）一见女子出了城,哦?"
pdf_01000000__01002017___248eca40c2,黑风帕,pdf_01000000__01002017___248eca40c2__line__000107,pdf_01000000__01002017___248eca40c2__scene__004,01002017_黑风帕.pdf,D:\University_studies\Junior\data_visualization\experiment\final_self\opera_dataset\01000000\01002017_黑风帕.pdf,01000000/01002017_黑风帕.pdf,62507f36-aa22-4065-bb0f-f7de69f87e7c,4,【第四场】,107,dialogue,dialogue,鞑婆,pdf_01000000__01002017___248eca40c2__char__2f517acee9,白,白,白,看；念白,鞑婆,看枪!,鞑婆（白）看枪!
pdf_01000000__01002017___248eca40c2,黑风帕,pdf_01000000__01002017___248eca40c2__line__000107,pdf_01000000__01002017___248eca40c2__scene__004,01002017_黑风帕.pdf,D:\University_studies\Junior\data_visualization\experiment\final_self\opera_dataset\01000000\01002017_黑风帕.pdf,01000000/01002017_黑风帕.pdf,62507f36-aa22-4065-bb0f-f7de69f87e7c,4,【第四场】,107,dialogue,dialogue,高旺,pdf_01000000__01002017___248eca40c2__char__f1cacc05ac,白,白,白,念白,高旺,慢着!,高旺（白）慢着!
pdf_01000000__01002017___248eca40c2,黑风帕,pdf_01000000__01002017___248eca40c2__line__000107,pdf_01000000__01002017___248eca40c2__scene__004,01002017_黑风帕.pdf,D:\University_studies\Junior\data_visualization\experiment\final_self\opera_dataset\01000000\01002017_黑风帕.pdf,01000000/01002017_黑风帕.pdf,62507f36-aa22-4065-bb0f-f7de69f87e7c,4,【第四场】,107,dialogue,dialogue,鞑婆,pdf_01000000__01002017___248eca40c2__char__2f517acee9,白,白,白,看；念白,鞑婆,看枪!,鞑婆（白）看枪!
pdf_01000000__01002017___248eca40c2,黑风帕,pdf_01000000__01002017___248eca40c2__line__000107,pdf_01000000__01002017___248eca40c2__scene__004,01002017_黑风帕.pdf,D:\University_studies\Junior\data_visualization\experiment\final_self\opera_dataset\01000000\01002017_黑风帕.pdf,01000000/01002017_黑风帕.pdf,62507f36-aa22-4065-bb0f-f7de69f87e7c,4,【第四场】,107,dialogue,dialogue,高旺,pdf_01000000__01002017___248eca40c2__char__f1cacc05ac,白,白,白,念白,高旺,慢着!,高旺（白）慢着!
pdf_01000000__01002017___248eca40c2,黑风帕,pdf_01000000__01002017___248eca40c2__line__000107,pdf_01000000__01002017___248eca40c2__scene__004,01002017_黑风帕.pdf,D:\University_studies\Junior\data_visualization\experiment\final_self\opera_dataset\01000000\01002017_黑风帕.pdf,01000000/01002017_黑风帕.pdf,62507f36-aa22-4065-bb0f-f7de69f87e7c,4,【第四场】,107,dialogue,dialogue,鞑婆,pdf_01000000__01002017___248eca40c2__char__2f517acee9,白,白,白,看；念白,鞑婆,看枪!,鞑婆（白）看枪!
pdf_01000000__01002017___248eca40c2,黑风帕,pdf_01000000__01002017___248eca40c2__line__000107,pdf_01000000__01002017___248eca40c2__scene__004,01002017_黑风帕.pdf,D:\University_studies\Junior\data_visualization\experiment\final_self\opera_dataset\01000000\01002017_黑风帕.pdf,01000000/01002017_黑风帕.pdf,62507f36-aa22-4065-bb0f-f7de69f87e7c,4,【第四场】,107,dialogue,dialogue,高旺,pdf_01000000__01002017___248eca40c2__char__f1cacc05ac,白,白,白,念白,高旺,慢着!,高旺（白）慢着!
pdf_01000000__01002017___248eca40c2,黑风帕,pdf_01000000__01002017___248eca40c2__line__000107,pdf_01000000__01002017___248eca40c2__scene__004,01002017_黑风帕.pdf,D:\University_studies\Junior\data_visualization\experiment\final_self\opera_dataset\01000000\01002017_黑风帕.pdf,01000000/01002017_黑风帕.pdf,62507f36-aa22-4065-bb0f-f7de69f87e7c,4,【第四场】,107,dialogue,dialogue,鞑婆,pdf_01000000__01002017___248eca40c2__char__2f517acee9,白,白,白,打；念白,鞑婆,你打!,鞑婆（白）你打!
pdf_01000000__01002017___248eca40c2,黑风帕,pdf_01000000__01002017___248eca40c2__line__000107,pdf_01000000__01002017___248eca40c2__scene__004,01002017_黑风帕.pdf,D:\University_studies\Junior\data_visualization\experiment\final_self\opera_dataset\01000000\01002017_黑风帕.pdf,01000000/01002017_黑风帕.pdf,62507f36-aa22-4065-bb0f-f7de69f87e7c,4,【第四场】,107,dialogue,dialogue,高旺,pdf_01000000__01002017___248eca40c2__char__f1cacc05ac,白,白,白,念白,高旺,呵呵呵......,高旺（白）呵呵呵......
pdf_01000000__01002017___248eca40c2,黑风帕,pdf_01000000__01002017___248eca40c2__line__000107,pdf_01000000__01002017___248eca40c2__scene__004,01002017_黑风帕.pdf,D:\University_studies\Junior\data_visualization\experiment\final_self\opera_dataset\01000000\01002017_黑风帕.pdf,01000000/01002017_黑风帕.pdf,62507f36-aa22-4065-bb0f-f7de69f87e7c,4,【第四场】,107,dialogue,dialogue,鞑婆,pdf_01000000__01002017___248eca40c2__char__2f517acee9,白,白,白,打；念白,鞑婆,你打!,鞑婆（白）你打!
pdf_01000000__01002017___248eca40c2,黑风帕,pdf_01000000__01002017___248eca40c2__line__000107,pdf_01000000__01002017___248eca40c2__scene__004,01002017_黑风帕.pdf,D:\University_studies\Junior\data_visualization\experiment\final_self\opera_dataset\01000000\01002017_黑风帕.pdf,01000000/01002017_黑风帕.pdf,62507f36-aa22-4065-bb0f-f7de69f87e7c,4,【第四场】,107,dialogue,dialogue,高旺,pdf_01000000__01002017___248eca40c2__char__f1cacc05ac,白,白,白,来；打；念白,高旺,舍不得打扰起来罢。,高旺（白）舍不得打扰起来罢。
pdf_01000000__01002017___248eca40c2,黑风帕,pdf_01000000__01002017___248eca40c2__line__000109,pdf_01000000__01002017___248eca40c2__scene__004,01002017_黑风帕.pdf,D:\University_studies\Junior\data_visualization\experiment\final_self\opera_dataset\01000000\01002017_黑风帕.pdf,01000000/01002017_黑风帕.pdf,62507f36-aa22-4065-bb0f-f7de69f87e7c,4,【第四场】,109,stage_direction,stage_direction,,,高旺、鞑婆同开打。鞑婆下。,做,高旺、鞑婆同开打。鞑婆下。,下；打,鞑婆；高旺,,（高旺、鞑婆同开打。鞑婆下。）
pdf_01000000__01002017___248eca40c2,黑风帕,pdf_01000000__01002017___248eca40c2__line__000111,pdf_01000000__01002017___248eca40c2__scene__004,01002017_黑风帕.pdf,D:\University_studies\Junior\data_visualization\experiment\final_self\opera_dataset\01000000\01002017_黑风帕.pdf,01000000/01002017_黑风帕.pdf,62507f36-aa22-4065-bb0f-f7de69f87e7c,4,【第四场】,111,dialogue,dialogue,高旺,pdf_01000000__01002017___248eca40c2__char__f1cacc05ac,白,白,白,念白,高旺,哦！,高旺 （白） 哦！
pdf_01000000__01002017___248eca40c2,黑风帕,pdf_01000000__01002017___248eca40c2__line__000113,pdf_01000000__01002017___248eca40c2__scene__004,01002017_黑风帕.pdf,D:\University_studies\Junior\data_visualization\experiment\final_self\opera_dataset\01000000\01002017_黑风帕.pdf,01000000/01002017_黑风帕.pdf,62507f36-aa22-4065-bb0f-f7de69f87e7c,4,【第四场】,113,stage_direction,stage_direction,,,高旺下。,做,高旺下。,下,高旺,,（高旺下。）
pdf_01000000__01002017___248eca40c2,黑风帕,pdf_01000000__01002017___248eca40c2__line__000117,pdf_01000000__01002017___248eca40c2__scene__005,01002017_黑风帕.pdf,D:\University_studies\Junior\data_visualization\experiment\final_self\opera_dataset\01000000\01002017_黑风帕.pdf,01000000/01002017_黑风帕.pdf,62507f36-aa22-4065-bb0f-f7de69f87e7c,5,【第五场】,117,stage_direction,stage_direction,,,鞑婆上。,做,鞑婆上。,上,鞑婆,,（鞑婆上。）
pdf_01000000__01002017___248eca40c2,黑风帕,pdf_01000000__01002017___248eca40c2__line__000119,pdf_01000000__01002017___248eca40c2__scene__005,01002017_黑风帕.pdf,D:\University_studies\Junior\data_visualization\experiment\final_self\opera_dataset\01000000\01002017_黑风帕.pdf,01000000/01002017_黑风帕.pdf,62507f36-aa22-4065-bb0f-f7de69f87e7c,5,【第五场】,119,dialogue,dialogue,鞑婆,pdf_01000000__01002017___248eca40c2__char__2f517acee9,白,白,白,念白,鞑婆,,鞑婆 （白）
pdf_01000000__01002017___248eca40c2,黑风帕,pdf_01000000__01002017___248eca40c2__line__000121,pdf_01000000__01002017___248eca40c2__scene__005,01002017_黑风帕.pdf,D:\University_studies\Junior\data_visualization\experiment\final_self\opera_dataset\01000000\01002017_黑风帕.pdf,01000000/01002017_黑风帕.pdf,62507f36-aa22-4065-bb0f-f7de69f87e7c,5,【第五场】,121,stage_direction,stage_direction,,,西皮摇板,做,西皮摇板,唱段,西皮,,（西皮摇板）
pdf_01000000__01002017___248eca40c2,黑风帕,pdf_01000000__01002017___248eca40c2__line__000123,pdf_01000000__01002017___248eca40c2__scene__005,01002017_黑风帕.pdf,D:\University_studies\Junior\data_visualization\experiment\final_self\opera_dataset\01000000\01002017_黑风帕.pdf,01000000/01002017_黑风帕.pdf,62507f36-aa22-4065-bb0f-f7de69f87e7c,5,【第五场】,123,stage_direction,stage_direction,,,四青袍同上，高旺上。,做,四青袍同上，高旺上。,上,高旺,,（四青袍同上，高旺上。）
pdf_01000000__01002017___248eca40c2,黑风帕,pdf_01000000__01002017___248eca40c2__line__000125,pdf_01000000__01002017___248eca40c2__scene__005,01002017_黑风帕.pdf,D:\University_studies\Junior\data_visualization\experiment\final_self\opera_dataset\01000000\01002017_黑风帕.pdf,01000000/01002017_黑风帕.pdf,62507f36-aa22-4065-bb0f-f7de69f87e7c,5,【第五场】,125,lyric,lyric,鞑婆,pdf_01000000__01002017___248eca40c2__char__2f517acee9,西皮摇板,唱,西皮摇板,唱段,鞑婆,,鞑婆 （西皮摇板）
pdf_01000000__01002017___248eca40c2,黑风帕,pdf_01000000__01002017___248eca40c2__line__000127,pdf_01000000__01002017___248eca40c2__scene__005,01002017_黑风帕.pdf,D:\University_studies\Junior\data_visualization\experiment\final_self\opera_dataset\01000000\01002017_黑风帕.pdf,01000000/01002017_黑风帕.pdf,62507f36-aa22-4065-bb0f-f7de69f87e7c,5,【第五场】,127,dialogue,dialogue,高旺,pdf_01000000__01002017___248eca40c2__char__f1cacc05ac,白,白,白,念白,高旺,,高旺 （白）
pdf_01000000__01002017___248eca40c2,黑风帕,pdf_01000000__01002017___248eca40c2__line__000129,pdf_01000000__01002017___248eca40c2__scene__005,01002017_黑风帕.pdf,D:\University_studies\Junior\data_visualization\experiment\final_self\opera_dataset\01000000\01002017_黑风帕.pdf,01000000/01002017_黑风帕.pdf,62507f36-aa22-4065-bb0f-f7de69f87e7c,5,【第五场】,129,dialogue,dialogue,鞑婆,pdf_01000000__01002017___248eca40c2__char__2f517acee9,白,白,白,念白,鞑婆,,鞑婆 （白）
pdf_01000000__01002017___248eca40c2,黑风帕,pdf_01000000__01002017___248eca40c2__line__000131,pdf_01000000__01002017___248eca40c2__scene__005,01002017_黑风帕.pdf,D:\University_studies\Junior\data_visualization\experiment\final_self\opera_dataset\01000000\01002017_黑风帕.pdf,01000000/01002017_黑风帕.pdf,62507f36-aa22-4065-bb0f-f7de69f87e7c,5,【第五场】,131,dialogue,dialogue,四青袍,pdf_01000000__01002017___248eca40c2__char__5e2e002b7e,同白,白,同白,念白,四青袍,,四青袍 （同白）
pdf_01000000__01002017___248eca40c2,黑风帕,pdf_01000000__01002017___248eca40c2__line__000133,pdf_01000000__01002017___248eca40c2__scene__005,01002017_黑风帕.pdf,D:\University_studies\Junior\data_visualization\experiment\final_self\opera_dataset\01000000\01002017_黑风帕.pdf,01000000/01002017_黑风帕.pdf,62507f36-aa22-4065-bb0f-f7de69f87e7c,5,【第五场】,133,dialogue,dialogue,鞑婆,pdf_01000000__01002017___248eca40c2__char__2f517acee9,白,白,白,念白,鞑婆,,鞑婆 （白）
pdf_01000000__01002017___248eca40c2,黑风帕,pdf_01000000__01002017___248eca40c2__line__000135,pdf_01000000__01002017___248eca40c2__scene__005,01002017_黑风帕.pdf,D:\University_studies\Junior\data_visualization\experiment\final_self\opera_dataset\01000000\01002017_黑风帕.pdf,01000000/01002017_黑风帕.pdf,62507f36-aa22-4065-bb0f-f7de69f87e7c,5,【第五场】,135,stage_direction,stage_direction,,,数板,做,数板,,数板,,（数板）
pdf_01000000__01002017___248eca40c2,黑风帕,pdf_01000000__01002017___248eca40c2__line__000137,pdf_01000000__01002017___248eca40c2__scene__005,01002017_黑风帕.pdf,D:\University_studies\Junior\data_visualization\experiment\final_self\opera_dataset\01000000\01002017_黑风帕.pdf,01000000/01002017_黑风帕.pdf,62507f36-aa22-4065-bb0f-f7de69f87e7c,5,【第五场】,137,dialogue,dialogue,四青袍,pdf_01000000__01002017___248eca40c2__char__5e2e002b7e,同白,白,同白,念白,四青袍,,四青袍 （同白）
pdf_01000000__01002017___248eca40c2,黑风帕,pdf_01000000__01002017___248eca40c2__line__000139,pdf_01000000__01002017___248eca40c2__scene__005,01002017_黑风帕.pdf,D:\University_studies\Junior\data_visualization\experiment\final_self\opera_dataset\01000000\01002017_黑风帕.pdf,01000000/01002017_黑风帕.pdf,62507f36-aa22-4065-bb0f-f7de69f87e7c,5,【第五场】,139,dialogue,dialogue,鞑婆,pdf_01000000__01002017___248eca40c2__char__2f517acee9,白,白,白,念白,鞑婆,,鞑婆 （白）
pdf_01000000__01002017___248eca40c2,黑风帕,pdf_01000000__01002017___248eca40c2__line__000141,pdf_01000000__01002017___248eca40c2__scene__005,01002017_黑风帕.pdf,D:\University_studies\Junior\data_visualization\experiment\final_self\opera_dataset\01000000\01002017_黑风帕.pdf,01000000/01002017_黑风帕.pdf,62507f36-aa22-4065-bb0f-f7de69f87e7c,5,【第五场】,141,dialogue,dialogue,四青袍,pdf_01000000__01002017___248eca40c2__char__5e2e002b7e,白,白,白,念白,四青袍,,四青袍 （白）
pdf_01000000__01002017___248eca40c2,黑风帕,pdf_01000000__01002017___248eca40c2__line__000143,pdf_01000000__01002017___248eca40c2__scene__005,01002017_黑风帕.pdf,D:\University_studies\Junior\data_visualization\experiment\final_self\opera_dataset\01000000\01002017_黑风帕.pdf,01000000/01002017_黑风帕.pdf,62507f36-aa22-4065-bb0f-f7de69f87e7c,5,【第五场】,143,dialogue,dialogue,鞑婆,pdf_01000000__01002017___248eca40c2__char__2f517acee9,白,白,白,念白,鞑婆,,鞑婆 （白）
pdf_01000000__01002017___248eca40c2,黑风帕,pdf_01000000__01002017___248eca40c2__line__000145,pdf_01000000__01002017___248eca40c2__scene__005,01002017_黑风帕.pdf,D:\University_studies\Junior\data_visualization\experiment\final_self\opera_dataset\01000000\01002017_黑风帕.pdf,01000000/01002017_黑风帕.pdf,62507f36-aa22-4065-bb0f-f7de69f87e7c,5,【第五场】,145,dialogue,dialogue,高旺,pdf_01000000__01002017___248eca40c2__char__f1cacc05ac,白,白,白,念白,高旺,,高旺 （白）
pdf_01000000__01002017___248eca40c2,黑风帕,pdf_01000000__01002017___248eca40c2__line__000147,pdf_01000000__01002017___248eca40c2__scene__005,01002017_黑风帕.pdf,D:\University_studies\Junior\data_visualization\experiment\final_self\opera_dataset\01000000\01002017_黑风帕.pdf,01000000/01002017_黑风帕.pdf,62507f36-aa22-4065-bb0f-f7de69f87e7c,5,【第五场】,147,stage_direction,stage_direction,,,高旺出阵。,做,高旺出阵。,,高旺,,（高旺出阵。）
pdf_01000000__01002017___248eca40c2,黑风帕,pdf_01000000__01002017___248eca40c2__line__000149,pdf_01000000__01002017___248eca40c2__scene__005,01002017_黑风帕.pdf,D:\University_studies\Junior\data_visualization\experiment\final_self\opera_dataset\01000000\01002017_黑风帕.pdf,01000000/01002017_黑风帕.pdf,62507f36-aa22-4065-bb0f-f7de69f87e7c,5,【第五场】,149,dialogue,dialogue,高旺,pdf_01000000__01002017___248eca40c2__char__f1cacc05ac,白,白,白,念白,高旺,,高旺 （白）
pdf_01000000__01002017___248eca40c2,黑风帕,pdf_01000000__01002017___248eca40c2__line__000151,pdf_01000000__01002017___248eca40c2__scene__005,01002017_黑风帕.pdf,D:\University_studies\Junior\data_visualization\experiment\final_self\opera_dataset\01000000\01002017_黑风帕.pdf,01000000/01002017_黑风帕.pdf,62507f36-aa22-4065-bb0f-f7de69f87e7c,5,【第五场】,151,stage_direction,stage_direction,,,念,做,念,,念,,（念）
pdf_01000000__01002017___248eca40c2,黑风帕,pdf_01000000__01002017___248eca40c2__line__000153,pdf_01000000__01002017___248eca40c2__scene__005,01002017_黑风帕.pdf,D:\University_studies\Junior\data_visualization\experiment\final_self\opera_dataset\01000000\01002017_黑风帕.pdf,01000000/01002017_黑风帕.pdf,62507f36-aa22-4065-bb0f-f7de69f87e7c,5,【第五场】,153,stage_direction,stage_direction,,,鞑婆、四青袍同下。,做,鞑婆、四青袍同下。,下,鞑婆,,（鞑婆、四青袍同下。）
pdf_01000000__01002017___248eca40c2,黑风帕,pdf_01000000__01002017___248eca40c2__line__000155,pdf_01000000__01002017___248eca40c2__scene__005,01002017_黑风帕.pdf,D:\University_studies\Junior\data_visualization\experiment\final_self\opera_dataset\01000000\01002017_黑风帕.pdf,01000000/01002017_黑风帕.pdf,62507f36-aa22-4065-bb0f-f7de69f87e7c,5,【第五场】,155,dialogue,dialogue,高旺,pdf_01000000__01002017___248eca40c2__char__f1cacc05ac,白,白,白,念白,高旺,,高旺 （白）
pdf_01000000__01002017___248eca40c2,黑风帕,pdf_01000000__01002017___248eca40c2__line__000157,pdf_01000000__01002017___248eca40c2__scene__005,01002017_黑风帕.pdf,D:\University_studies\Junior\data_visualization\experiment\final_self\opera_dataset\01000000\01002017_黑风帕.pdf,01000000/01002017_黑风帕.pdf,62507f36-aa22-4065-bb0f-f7de69f87e7c,5,【第五场】,157,stage_direction,stage_direction,,,高旺下。,做,高旺下。,下,高旺,,（高旺下。）
pdf_01000000__01002017___248eca40c2,黑风帕,pdf_01000000__01002017___248eca40c2__line__000159,pdf_01000000__01002017___248eca40c2__scene__005,01002017_黑风帕.pdf,D:\University_studies\Junior\data_visualization\experiment\final_self\opera_dataset\01000000\01002017_黑风帕.pdf,01000000/01002017_黑风帕.pdf,62507f36-aa22-4065-bb0f-f7de69f87e7c,5,【第五场】,159,narration,narration,,,,说明,,杀,且住！黑汉杀法厉害；不免使起黑风擒他便了,且住！黑汉杀法厉害，不免使起黑风擒他便了。,且住！黑汉杀法厉害，不免使起黑风擒他便了。
pdf_01000000__01002017___248eca40c2,黑风帕,pdf_01000000__01002017___248eca40c2__line__000161,pdf_01000000__01002017___248eca40c2__scene__005,01002017_黑风帕.pdf,D:\University_studies\Junior\data_visualization\experiment\final_self\opera_dataset\01000000\01002017_黑风帕.pdf,01000000/01002017_黑风帕.pdf,62507f36-aa22-4065-bb0f-f7de69f87e7c,5,【第五场】,161,narration,narration,,,,说明,,来,忙将黑风来使起,忙将黑风来使起，,忙将黑风来使起，
pdf_01000000__01002017___248eca40c2,黑风帕,pdf_01000000__01002017___248eca40c2__line__000163,pdf_01000000__01002017___248eca40c2__scene__005,01002017_黑风帕.pdf,D:\University_studies\Junior\data_visualization\experiment\final_self\opera_dataset\01000000\01002017_黑风帕.pdf,01000000/01002017_黑风帕.pdf,62507f36-aa22-4065-bb0f-f7de69f87e7c,5,【第五场】,163,narration,narration,,,,说明,,看,看看黑汉哪里行,看看黑汉哪里行！,看看黑汉哪里行！
pdf_01000000__01002017___248eca40c2,黑风帕,pdf_01000000__01002017___248eca40c2__line__000165,pdf_01000000__01002017___248eca40c2__scene__005,01002017_黑风帕.pdf,D:\University_studies\Junior\data_visualization\experiment\final_self\opera_dataset\01000000\01002017_黑风帕.pdf,01000000/01002017_黑风帕.pdf,62507f36-aa22-4065-bb0f-f7de69f87e7c,5,【第五场】,165,narration,narration,,,,说明,,来；去,呵呀贤妹吓；今日搬愚兄；明日搬愚兄；搬来搬；将愚兄搬到枉死城中来了,呵呀贤妹吓，今日搬愚兄，明日搬愚兄，搬来搬去，将愚兄搬到枉死城中来了！,呵呀贤妹吓，今日搬愚兄，明日搬愚兄，搬来搬去，将愚兄搬到枉死城中来了！
pdf_01000000__01002017___248eca40c2,黑风帕,pdf_01000000__01002017___248eca40c2__line__000167,pdf_01000000__01002017___248eca40c2__scene__005,01002017_黑风帕.pdf,D:\University_studies\Junior\data_visualization\experiment\final_self\opera_dataset\01000000\01002017_黑风帕.pdf,01000000/01002017_黑风帕.pdf,62507f36-aa22-4065-bb0f-f7de69f87e7c,5,【第五场】,167,narration,narration,,,,说明,,,番邦女子多奸多诈；听她讲些什么,番邦女子多奸多诈，听她讲些什么。,番邦女子多奸多诈，听她讲些什么。
pdf_01000000__01002017___248eca40c2,黑风帕,pdf_01000000__01002017___248eca40c2__line__000169,pdf_01000000__01002017___248eca40c2__scene__005,01002017_黑风帕.pdf,D:\University_studies\Junior\data_visualization\experiment\final_self\opera_dataset\01000000\01002017_黑风帕.pdf,01000000/01002017_黑风帕.pdf,62507f36-aa22-4065-bb0f-f7de69f87e7c,5,【第五场】,169,narration,narration,,,,说明,,,番儿可认识此阵,番儿可认识此阵？,番儿可认识此阵？
pdf_01000000__01002017___248eca40c2,黑风帕,pdf_01000000__01002017___248eca40c2__line__000171,pdf_01000000__01002017___248eca40c2__scene__005,01002017_黑风帕.pdf,D:\University_studies\Junior\data_visualization\experiment\final_self\opera_dataset\01000000\01002017_黑风帕.pdf,01000000/01002017_黑风帕.pdf,62507f36-aa22-4065-bb0f-f7de69f87e7c,5,【第五场】,171,narration,narration,,,,说明,,,不认识此阵,不认识此阵。,不认识此阵。
pdf_01000000__01002017___248eca40c2,黑风帕,pdf_01000000__01002017___248eca40c2__line__000173,pdf_01000000__01002017___248eca40c2__scene__005,01002017_黑风帕.pdf,D:\University_studies\Junior\data_visualization\experiment\final_self\opera_dataset\01000000\01002017_黑风帕.pdf,01000000/01002017_黑风帕.pdf,62507f36-aa22-4065-bb0f-f7de69f87e7c,5,【第五场】,173,narration,narration,,,,说明,,,听了,听了！,听了！
pdf_01000000__01002017___248eca40c2,黑风帕,pdf_01000000__01002017___248eca40c2__line__000175,pdf_01000000__01002017___248eca40c2__scene__005,01002017_黑风帕.pdf,D:\University_studies\Junior\data_visualization\experiment\final_self\opera_dataset\01000000\01002017_黑风帕.pdf,01000000/01002017_黑风帕.pdf,62507f36-aa22-4065-bb0f-f7de69f87e7c,5,【第五场】,175,narration,narration,,,,说明,,道,哜哜哜；喳喳喳；只怕南方丙丁发,哜哜哜，喳喳喳，师父教我道法家。不怕刀枪并斧砍，只怕南方丙丁发。,哜哜哜，喳喳喳，师父教我道法家。不怕刀枪并斧砍，只怕南方丙丁发。
pdf_01000000__01002017___248eca40c2,黑风帕,pdf_01000000__01002017___248eca40c2__line__000177,pdf_01000000__01002017___248eca40c2__scene__005,01002017_黑风帕.pdf,D:\University_studies\Junior\data_visualization\experiment\final_self\opera_dataset\01000000\01002017_黑风帕.pdf,01000000/01002017_黑风帕.pdf,62507f36-aa22-4065-bb0f-f7de69f87e7c,5,【第五场】,177,narration,narration,,,,说明,,,可有出入,可有出入？,可有出入？
pdf_01000000__01002017___248eca40c2,黑风帕,pdf_01000000__01002017___248eca40c2__line__000179,pdf_01000000__01002017___248eca40c2__scene__005,01002017_黑风帕.pdf,D:\University_studies\Junior\data_visualization\experiment\final_self\opera_dataset\01000000\01002017_黑风帕.pdf,01000000/01002017_黑风帕.pdf,62507f36-aa22-4065-bb0f-f7de69f87e7c,5,【第五场】,179,narration,narration,,,,说明,,下,东南角；有一个犬洞；变猫变犬；方可逃身,东南角下有一个犬洞，变猫变犬，方可逃身。,东南角下有一个犬洞，变猫变犬，方可逃身。
pdf_01000000__01002017___248eca40c2,黑风帕,pdf_01000000__01002017___248eca40c2__line__000181,pdf_01000000__01002017___248eca40c2__scene__005,01002017_黑风帕.pdf,D:\University_studies\Junior\data_visualization\experiment\final_self\opera_dataset\01000000\01002017_黑风帕.pdf,01000000/01002017_黑风帕.pdf,62507f36-aa22-4065-bb0f-f7de69f87e7c,5,【第五场】,181,narration,narration,,,,说明,,,倘若不变,倘若不变？,倘若不变？
pdf_01000000__01002017___248eca40c2,黑风帕,pdf_01000000__01002017___248eca40c2__line__000183,pdf_01000000__01002017___248eca40c2__scene__005,01002017_黑风帕.pdf,D:\University_studies\Junior\data_visualization\experiment\final_self\opera_dataset\01000000\01002017_黑风帕.pdf,01000000/01002017_黑风帕.pdf,62507f36-aa22-4065-bb0f-f7de69f87e7c,5,【第五场】,183,narration,narration,,,,说明,,,一时三刻化为脓血而亡,一时三刻化为脓血而亡！,一时三刻化为脓血而亡！
pdf_01000000__01002017___248eca40c2,黑风帕,pdf_01000000__01002017___248eca40c2__line__000185,pdf_01000000__01002017___248eca40c2__scene__005,01002017_黑风帕.pdf,D:\University_studies\Junior\data_visualization\experiment\final_self\opera_dataset\01000000\01002017_黑风帕.pdf,01000000/01002017_黑风帕.pdf,62507f36-aa22-4065-bb0f-f7de69f87e7c,5,【第五场】,185,narration,narration,,,,说明,,下；命,呵吓师父吓；弟子当年发；誓愿；永不变猫变犬。今日不变；性命事大。一变二变；黄犬出现,呵吓师父吓，弟子当年发下誓愿，永不变猫变犬。今日不变，性命事大。一变二变，黄犬出现！,呵吓师父吓，弟子当年发下誓愿，永不变猫变犬。今日不变，性命事大。一变二变，黄犬出现！
pdf_01000000__01002017___248eca40c2,黑风帕,pdf_01000000__01002017___248eca40c2__line__000187,pdf_01000000__01002017___248eca40c2__scene__005,01002017_黑风帕.pdf,D:\University_studies\Junior\data_visualization\experiment\final_self\opera_dataset\01000000\01002017_黑风帕.pdf,01000000/01002017_黑风帕.pdf,62507f36-aa22-4065-bb0f-f7de69f87e7c,5,【第五场】,187,narration,narration,,,,说明,,来；道,阿唷吓！我道是铜墙铁壁；宋兵到此；必受其害,阿唷吓！我道是铜墙铁壁，原来是纸糊绫堂！若不将他损坏，宋兵到此，必受其害。,阿唷吓！我道是铜墙铁壁，原来是纸糊绫堂！若不将他损坏，宋兵到此，必受其害。
pdf_01000000__01002017___248eca40c2,黑风帕,pdf_01000000__01002017___248eca40c2__line__000189,pdf_01000000__01002017___248eca40c2__scene__005,01002017_黑风帕.pdf,D:\University_studies\Junior\data_visualization\experiment\final_self\opera_dataset\01000000\01002017_黑风帕.pdf,01000000/01002017_黑风帕.pdf,62507f36-aa22-4065-bb0f-f7de69f87e7c,5,【第五场】,189,narration,narration,,,,说明,,请,奉请南方一丙丁；遇水连城一块冰,奉请南方一丙丁，金魁金甲献光明。逢山开出千条路，遇水连城一块冰。,奉请南方一丙丁，金魁金甲献光明。逢山开出千条路，遇水连城一块冰。
pdf_01000000__01002017___248eca40c2,黑风帕,pdf_01000000__01002017___248eca40c2__line__000191,pdf_01000000__01002017___248eca40c2__scene__005,01002017_黑风帕.pdf,D:\University_studies\Junior\data_visualization\experiment\final_self\opera_dataset\01000000\01002017_黑风帕.pdf,01000000/01002017_黑风帕.pdf,62507f36-aa22-4065-bb0f-f7de69f87e7c,5,【第五场】,191,narration,narration,,,,说明,,走,哪里,哪里走！,哪里走！
pdf_01000000__01002017___248eca40c2,黑风帕,pdf_01000000__01002017___248eca40c2__line__000195,pdf_01000000__01002017___248eca40c2__scene__006,01002017_黑风帕.pdf,D:\University_studies\Junior\data_visualization\experiment\final_self\opera_dataset\01000000\01002017_黑风帕.pdf,01000000/01002017_黑风帕.pdf,62507f36-aa22-4065-bb0f-f7de69f87e7c,6,【第六场】,195,stage_direction,stage_direction,,,张兰英上。,做,张兰英上。,上,张兰英,,（张兰英上。）
pdf_01000000__01002017___248eca40c2,黑风帕,pdf_01000000__01002017___248eca40c2__line__000197,pdf_01000000__01002017___248eca40c2__scene__006,01002017_黑风帕.pdf,D:\University_studies\Junior\data_visualization\experiment\final_self\opera_dataset\01000000\01002017_黑风帕.pdf,01000000/01002017_黑风帕.pdf,62507f36-aa22-4065-bb0f-f7de69f87e7c,6,【第六场】,197,dialogue,dialogue,张兰英,pdf_01000000__01002017___248eca40c2__char__35f7d57ce3,念,念,念,,张兰英,,张兰英 （念）
pdf_01000000__01002017___248eca40c2,黑风帕,pdf_01000000__01002017___248eca40c2__line__000199,pdf_01000000__01002017___248eca40c2__scene__006,01002017_黑风帕.pdf,D:\University_studies\Junior\data_visualization\experiment\final_self\opera_dataset\01000000\01002017_黑风帕.pdf,01000000/01002017_黑风帕.pdf,62507f36-aa22-4065-bb0f-f7de69f87e7c,6,【第六场】,199,stage_direction,stage_direction,,,四青袍、张保、鞑婆同上。,做,四青袍、张保、鞑婆同上。,上,张保；鞑婆,,（四青袍、张保、鞑婆同上。）
pdf_01000000__01002017___248eca40c2,黑风帕,pdf_01000000__01002017___248eca40c2__line__000201,pdf_01000000__01002017___248eca40c2__scene__006,01002017_黑风帕.pdf,D:\University_studies\Junior\data_visualization\experiment\final_self\opera_dataset\01000000\01002017_黑风帕.pdf,01000000/01002017_黑风帕.pdf,62507f36-aa22-4065-bb0f-f7de69f87e7c,6,【第六场】,201,narration,narration,,,,说明,,,张保,张保、,张保、
pdf_01000000__01002017___248eca40c2,黑风帕,pdf_01000000__01002017___248eca40c2__line__000203,pdf_01000000__01002017___248eca40c2__scene__006,01002017_黑风帕.pdf,D:\University_studies\Junior\data_visualization\experiment\final_self\opera_dataset\01000000\01002017_黑风帕.pdf,01000000/01002017_黑风帕.pdf,62507f36-aa22-4065-bb0f-f7de69f87e7c,6,【第六场】,203,dialogue,dialogue,鞑婆,pdf_01000000__01002017___248eca40c2__char__2f517acee9,同白,白,同白,念白,鞑婆,,鞑婆 （同白）
pdf_01000000__01002017___248eca40c2,黑风帕,pdf_01000000__01002017___248eca40c2__line__000205,pdf_01000000__01002017___248eca40c2__scene__006,01002017_黑风帕.pdf,D:\University_studies\Junior\data_visualization\experiment\final_self\opera_dataset\01000000\01002017_黑风帕.pdf,01000000/01002017_黑风帕.pdf,62507f36-aa22-4065-bb0f-f7de69f87e7c,6,【第六场】,205,dialogue,dialogue,张兰英,pdf_01000000__01002017___248eca40c2__char__35f7d57ce3,白,白,白,念白,张兰英,,张兰英 （白）
pdf_01000000__01002017___248eca40c2,黑风帕,pdf_01000000__01002017___248eca40c2__line__000207,pdf_01000000__01002017___248eca40c2__scene__006,01002017_黑风帕.pdf,D:\University_studies\Junior\data_visualization\experiment\final_self\opera_dataset\01000000\01002017_黑风帕.pdf,01000000/01002017_黑风帕.pdf,62507f36-aa22-4065-bb0f-f7de69f87e7c,6,【第六场】,207,narration,narration,,,,说明,,,张保,张保、,张保、
pdf_01000000__01002017___248eca40c2,黑风帕,pdf_01000000__01002017___248eca40c2__line__000209,pdf_01000000__01002017___248eca40c2__scene__006,01002017_黑风帕.pdf,D:\University_studies\Junior\data_visualization\experiment\final_self\opera_dataset\01000000\01002017_黑风帕.pdf,01000000/01002017_黑风帕.pdf,62507f36-aa22-4065-bb0f-f7de69f87e7c,6,【第六场】,209,dialogue,dialogue,鞑婆,pdf_01000000__01002017___248eca40c2__char__2f517acee9,同白,白,同白,念白,鞑婆,,鞑婆 （同白）
pdf_01000000__01002017___248eca40c2,黑风帕,pdf_01000000__01002017___248eca40c2__line__000211,pdf_01000000__01002017___248eca40c2__scene__006,01002017_黑风帕.pdf,D:\University_studies\Junior\data_visualization\experiment\final_self\opera_dataset\01000000\01002017_黑风帕.pdf,01000000/01002017_黑风帕.pdf,62507f36-aa22-4065-bb0f-f7de69f87e7c,6,【第六场】,211,dialogue,dialogue,张兰英,pdf_01000000__01002017___248eca40c2__char__35f7d57ce3,白,白,白,念白,张兰英,,张兰英 （白）
pdf_01000000__01002017___248eca40c2,黑风帕,pdf_01000000__01002017___248eca40c2__line__000213,pdf_01000000__01002017___248eca40c2__scene__006,01002017_黑风帕.pdf,D:\University_studies\Junior\data_visualization\experiment\final_self\opera_dataset\01000000\01002017_黑风帕.pdf,01000000/01002017_黑风帕.pdf,62507f36-aa22-4065-bb0f-f7de69f87e7c,6,【第六场】,213,narration,narration,,,,说明,,,张保,张保、,张保、
pdf_01000000__01002017___248eca40c2,黑风帕,pdf_01000000__01002017___248eca40c2__line__000215,pdf_01000000__01002017___248eca40c2__scene__006,01002017_黑风帕.pdf,D:\University_studies\Junior\data_visualization\experiment\final_self\opera_dataset\01000000\01002017_黑风帕.pdf,01000000/01002017_黑风帕.pdf,62507f36-aa22-4065-bb0f-f7de69f87e7c,6,【第六场】,215,dialogue,dialogue,鞑婆,pdf_01000000__01002017___248eca40c2__char__2f517acee9,同白,白,同白,念白,鞑婆,,鞑婆 （同白）
pdf_01000000__01002017___248eca40c2,黑风帕,pdf_01000000__01002017___248eca40c2__line__000217,pdf_01000000__01002017___248eca40c2__scene__006,01002017_黑风帕.pdf,D:\University_studies\Junior\data_visualization\experiment\final_self\opera_dataset\01000000\01002017_黑风帕.pdf,01000000/01002017_黑风帕.pdf,62507f36-aa22-4065-bb0f-f7de69f87e7c,6,【第六场】,217,dialogue,dialogue,张兰英,pdf_01000000__01002017___248eca40c2__char__35f7d57ce3,白,白,白,念白,张兰英,,张兰英 （白）
pdf_01000000__01002017___248eca40c2,黑风帕,pdf_01000000__01002017___248eca40c2__line__000219,pdf_01000000__01002017___248eca40c2__scene__006,01002017_黑风帕.pdf,D:\University_studies\Junior\data_visualization\experiment\final_self\opera_dataset\01000000\01002017_黑风帕.pdf,01000000/01002017_黑风帕.pdf,62507f36-aa22-4065-bb0f-f7de69f87e7c,6,【第六场】,219,stage_direction,stage_direction,,,张保、鞑婆同下。,做,张保、鞑婆同下。,下,张保；鞑婆,,（张保、鞑婆同下。）
pdf_01000000__01002017___248eca40c2,黑风帕,pdf_01000000__01002017___248eca40c2__line__000221,pdf_01000000__01002017___248eca40c2__scene__006,01002017_黑风帕.pdf,D:\University_studies\Junior\data_visualization\experiment\final_self\opera_dataset\01000000\01002017_黑风帕.pdf,01000000/01002017_黑风帕.pdf,62507f36-aa22-4065-bb0f-f7de69f87e7c,6,【第六场】,221,dialogue,dialogue,张兰英,pdf_01000000__01002017___248eca40c2__char__35f7d57ce3,白,白,白,念白,张兰英,,张兰英 （白）
pdf_01000000__01002017___248eca40c2,黑风帕,pdf_01000000__01002017___248eca40c2__line__000223,pdf_01000000__01002017___248eca40c2__scene__006,01002017_黑风帕.pdf,D:\University_studies\Junior\data_visualization\experiment\final_self\opera_dataset\01000000\01002017_黑风帕.pdf,01000000/01002017_黑风帕.pdf,62507f36-aa22-4065-bb0f-f7de69f87e7c,6,【第六场】,223,stage_direction,stage_direction,,,西皮摇板,做,西皮摇板,唱段,西皮,,（西皮摇板）
pdf_01000000__01002017___248eca40c2,黑风帕,pdf_01000000__01002017___248eca40c2__line__000225,pdf_01000000__01002017___248eca40c2__scene__006,01002017_黑风帕.pdf,D:\University_studies\Junior\data_visualization\experiment\final_self\opera_dataset\01000000\01002017_黑风帕.pdf,01000000/01002017_黑风帕.pdf,62507f36-aa22-4065-bb0f-f7de69f87e7c,6,【第六场】,225,stage_direction,stage_direction,,,张兰英上城。,做,张兰英上城。,上,张兰英,,（张兰英上城。）
pdf_01000000__01002017___248eca40c2,黑风帕,pdf_01000000__01002017___248eca40c2__line__000227,pdf_01000000__01002017___248eca40c2__scene__006,01002017_黑风帕.pdf,D:\University_studies\Junior\data_visualization\experiment\final_self\opera_dataset\01000000\01002017_黑风帕.pdf,01000000/01002017_黑风帕.pdf,62507f36-aa22-4065-bb0f-f7de69f87e7c,6,【第六场】,227,lyric,lyric,张兰英,pdf_01000000__01002017___248eca40c2__char__35f7d57ce3,西皮摇板,唱,西皮摇板,唱段,张兰英,,张兰英 （西皮摇板）
pdf_01000000__01002017___248eca40c2,黑风帕,pdf_01000000__01002017___248eca40c2__line__000229,pdf_01000000__01002017___248eca40c2__scene__006,01002017_黑风帕.pdf,D:\University_studies\Junior\data_visualization\experiment\final_self\opera_dataset\01000000\01002017_黑风帕.pdf,01000000/01002017_黑风帕.pdf,62507f36-aa22-4065-bb0f-f7de69f87e7c,6,【第六场】,229,stage_direction,stage_direction,,,四青袍同下。高旺上。,做,四青袍同下。高旺上。,上；下,高旺,,（四青袍同下。高旺上。）
pdf_01000000__01002017___248eca40c2,黑风帕,pdf_01000000__01002017___248eca40c2__line__000231,pdf_01000000__01002017___248eca40c2__scene__006,01002017_黑风帕.pdf,D:\University_studies\Junior\data_visualization\experiment\final_self\opera_dataset\01000000\01002017_黑风帕.pdf,01000000/01002017_黑风帕.pdf,62507f36-aa22-4065-bb0f-f7de69f87e7c,6,【第六场】,231,lyric,lyric,高旺,pdf_01000000__01002017___248eca40c2__char__f1cacc05ac,西皮摇板,唱,西皮摇板,唱段,高旺,,高旺 （西皮摇板）
pdf_01000000__01002017___248eca40c2,黑风帕,pdf_01000000__01002017___248eca40c2__line__000233,pdf_01000000__01002017___248eca40c2__scene__006,01002017_黑风帕.pdf,D:\University_studies\Junior\data_visualization\experiment\final_self\opera_dataset\01000000\01002017_黑风帕.pdf,01000000/01002017_黑风帕.pdf,62507f36-aa22-4065-bb0f-f7de69f87e7c,6,【第六场】,233,stage_direction,stage_direction,,,白,做,白,念白,白,,（白）
pdf_01000000__01002017___248eca40c2,黑风帕,pdf_01000000__01002017___248eca40c2__line__000235,pdf_01000000__01002017___248eca40c2__scene__006,01002017_黑风帕.pdf,D:\University_studies\Junior\data_visualization\experiment\final_self\opera_dataset\01000000\01002017_黑风帕.pdf,01000000/01002017_黑风帕.pdf,62507f36-aa22-4065-bb0f-f7de69f87e7c,6,【第六场】,235,stage_direction,stage_direction,,,西皮摇板,做,西皮摇板,唱段,西皮,,（西皮摇板）
pdf_01000000__01002017___248eca40c2,黑风帕,pdf_01000000__01002017___248eca40c2__line__000237,pdf_01000000__01002017___248eca40c2__scene__006,01002017_黑风帕.pdf,D:\University_studies\Junior\data_visualization\experiment\final_self\opera_dataset\01000000\01002017_黑风帕.pdf,01000000/01002017_黑风帕.pdf,62507f36-aa22-4065-bb0f-f7de69f87e7c,6,【第六场】,237,stage_direction,stage_direction,,,白,做,白,念白,白,,（白）
pdf_01000000__01002017___248eca40c2,黑风帕,pdf_01000000__01002017___248eca40c2__line__000239,pdf_01000000__01002017___248eca40c2__scene__006,01002017_黑风帕.pdf,D:\University_studies\Junior\data_visualization\experiment\final_self\opera_dataset\01000000\01002017_黑风帕.pdf,01000000/01002017_黑风帕.pdf,62507f36-aa22-4065-bb0f-f7de69f87e7c,6,【第六场】,239,dialogue,dialogue,张兰英,pdf_01000000__01002017___248eca40c2__char__35f7d57ce3,白,白,白,念白,张兰英,,张兰英 （白）
pdf_01000000__01002017___248eca40c2,黑风帕,pdf_01000000__01002017___248eca40c2__line__000241,pdf_01000000__01002017___248eca40c2__scene__006,01002017_黑风帕.pdf,D:\University_studies\Junior\data_visualization\experiment\final_self\opera_dataset\01000000\01002017_黑风帕.pdf,01000000/01002017_黑风帕.pdf,62507f36-aa22-4065-bb0f-f7de69f87e7c,6,【第六场】,241,dialogue,dialogue,高旺,pdf_01000000__01002017___248eca40c2__char__f1cacc05ac,白,白,白,念白,高旺,,高旺 （白）
pdf_01000000__01002017___248eca40c2,黑风帕,pdf_01000000__01002017___248eca40c2__line__000243,pdf_01000000__01002017___248eca40c2__scene__006,01002017_黑风帕.pdf,D:\University_studies\Junior\data_visualization\experiment\final_self\opera_dataset\01000000\01002017_黑风帕.pdf,01000000/01002017_黑风帕.pdf,62507f36-aa22-4065-bb0f-f7de69f87e7c,6,【第六场】,243,dialogue,dialogue,张兰英,pdf_01000000__01002017___248eca40c2__char__35f7d57ce3,白,白,白,念白,张兰英,,张兰英 （白）
pdf_01000000__01002017___248eca40c2,黑风帕,pdf_01000000__01002017___248eca40c2__line__000245,pdf_01000000__01002017___248eca40c2__scene__006,01002017_黑风帕.pdf,D:\University_studies\Junior\data_visualization\experiment\final_self\opera_dataset\01000000\01002017_黑风帕.pdf,01000000/01002017_黑风帕.pdf,62507f36-aa22-4065-bb0f-f7de69f87e7c,6,【第六场】,245,dialogue,dialogue,高旺,pdf_01000000__01002017___248eca40c2__char__f1cacc05ac,白,白,白,念白,高旺,,高旺 （白）
pdf_01000000__01002017___248eca40c2,黑风帕,pdf_01000000__01002017___248eca40c2__line__000247,pdf_01000000__01002017___248eca40c2__scene__006,01002017_黑风帕.pdf,D:\University_studies\Junior\data_visualization\experiment\final_self\opera_dataset\01000000\01002017_黑风帕.pdf,01000000/01002017_黑风帕.pdf,62507f36-aa22-4065-bb0f-f7de69f87e7c,6,【第六场】,247,narration,narration,,,,说明,,去,丈夫去求官；不见转回还,丈夫去求官，不见转回还。,丈夫去求官，不见转回还。
pdf_01000000__01002017___248eca40c2,黑风帕,pdf_01000000__01002017___248eca40c2__line__000249,pdf_01000000__01002017___248eca40c2__scene__006,01002017_黑风帕.pdf,D:\University_studies\Junior\data_visualization\experiment\final_self\opera_dataset\01000000\01002017_黑风帕.pdf,01000000/01002017_黑风帕.pdf,62507f36-aa22-4065-bb0f-f7de69f87e7c,6,【第六场】,249,narration,narration,,,,说明,,,参见母亲,参见母亲！,参见母亲！
pdf_01000000__01002017___248eca40c2,黑风帕,pdf_01000000__01002017___248eca40c2__line__000251,pdf_01000000__01002017___248eca40c2__scene__006,01002017_黑风帕.pdf,D:\University_studies\Junior\data_visualization\experiment\final_self\opera_dataset\01000000\01002017_黑风帕.pdf,01000000/01002017_黑风帕.pdf,62507f36-aa22-4065-bb0f-f7de69f87e7c,6,【第六场】,251,narration,narration,,,,说明,,,你二人为何这等模样,你二人为何这等模样？,你二人为何这等模样？
pdf_01000000__01002017___248eca40c2,黑风帕,pdf_01000000__01002017___248eca40c2__line__000253,pdf_01000000__01002017___248eca40c2__scene__006,01002017_黑风帕.pdf,D:\University_studies\Junior\data_visualization\experiment\final_self\opera_dataset\01000000\01002017_黑风帕.pdf,01000000/01002017_黑风帕.pdf,62507f36-aa22-4065-bb0f-f7de69f87e7c,6,【第六场】,253,narration,narration,,,,说明,,下；来；杀,城；来了一个黑汉；将我二人杀得大败,城下来了一个黑汉，将我二人杀得大败。,城下来了一个黑汉，将我二人杀得大败。
pdf_01000000__01002017___248eca40c2,黑风帕,pdf_01000000__01002017___248eca40c2__line__000255,pdf_01000000__01002017___248eca40c2__scene__006,01002017_黑风帕.pdf,D:\University_studies\Junior\data_visualization\experiment\final_self\opera_dataset\01000000\01002017_黑风帕.pdf,01000000/01002017_黑风帕.pdf,62507f36-aa22-4065-bb0f-f7de69f87e7c,6,【第六场】,255,narration,narration,,,,说明,,,就该使起黑风擒他,就该使起黑风擒他！,就该使起黑风擒他！
pdf_01000000__01002017___248eca40c2,黑风帕,pdf_01000000__01002017___248eca40c2__line__000257,pdf_01000000__01002017___248eca40c2__scene__006,01002017_黑风帕.pdf,D:\University_studies\Junior\data_visualization\experiment\final_self\opera_dataset\01000000\01002017_黑风帕.pdf,01000000/01002017_黑风帕.pdf,62507f36-aa22-4065-bb0f-f7de69f87e7c,6,【第六场】,257,narration,narration,,,,说明,,,他的黑风；比我二人胜高三尺,他的黑风，比我二人胜高三尺！,他的黑风，比我二人胜高三尺！
pdf_01000000__01002017___248eca40c2,黑风帕,pdf_01000000__01002017___248eca40c2__line__000259,pdf_01000000__01002017___248eca40c2__scene__006,01002017_黑风帕.pdf,D:\University_studies\Junior\data_visualization\experiment\final_self\opera_dataset\01000000\01002017_黑风帕.pdf,01000000/01002017_黑风帕.pdf,62507f36-aa22-4065-bb0f-f7de69f87e7c,6,【第六场】,259,narration,narration,,,,说明,,下；退；去,待为娘前去会他；你二人,待为娘前去会他，你二人退下。,待为娘前去会他，你二人退下。
pdf_01000000__01002017___248eca40c2,黑风帕,pdf_01000000__01002017___248eca40c2__line__000261,pdf_01000000__01002017___248eca40c2__scene__006,01002017_黑风帕.pdf,D:\University_studies\Junior\data_visualization\experiment\final_self\opera_dataset\01000000\01002017_黑风帕.pdf,01000000/01002017_黑风帕.pdf,62507f36-aa22-4065-bb0f-f7de69f87e7c,6,【第六场】,261,narration,narration,,,,说明,,上,番儿带路；关,番儿带路上关！,番儿带路上关！
pdf_01000000__01002017___248eca40c2,黑风帕,pdf_01000000__01002017___248eca40c2__line__000263,pdf_01000000__01002017___248eca40c2__scene__006,01002017_黑风帕.pdf,D:\University_studies\Junior\data_visualization\experiment\final_self\opera_dataset\01000000\01002017_黑风帕.pdf,01000000/01002017_黑风帕.pdf,62507f36-aa22-4065-bb0f-f7de69f87e7c,6,【第六场】,263,narration,narration,,,,说明,,进,番儿带路把关,番儿带路把关进，,番儿带路把关进，
pdf_01000000__01002017___248eca40c2,黑风帕,pdf_01000000__01002017___248eca40c2__line__000265,pdf_01000000__01002017___248eca40c2__scene__006,01002017_黑风帕.pdf,D:\University_studies\Junior\data_visualization\experiment\final_self\opera_dataset\01000000\01002017_黑风帕.pdf,01000000/01002017_黑风帕.pdf,62507f36-aa22-4065-bb0f-f7de69f87e7c,6,【第六场】,265,narration,narration,,,,说明,,来；看,看看来的是何人,看看来的是何人？,看看来的是何人？
pdf_01000000__01002017___248eca40c2,黑风帕,pdf_01000000__01002017___248eca40c2__line__000267,pdf_01000000__01002017___248eca40c2__scene__006,01002017_黑风帕.pdf,D:\University_studies\Junior\data_visualization\experiment\final_self\opera_dataset\01000000\01002017_黑风帕.pdf,01000000/01002017_黑风帕.pdf,62507f36-aa22-4065-bb0f-f7de69f87e7c,6,【第六场】,267,narration,narration,,,,说明,,,战败一合又一合,战败一合又一合，,战败一合又一合，
pdf_01000000__01002017___248eca40c2,黑风帕,pdf_01000000__01002017___248eca40c2__line__000269,pdf_01000000__01002017___248eca40c2__scene__006,01002017_黑风帕.pdf,D:\University_studies\Junior\data_visualization\experiment\final_self\opera_dataset\01000000\01002017_黑风帕.pdf,01000000/01002017_黑风帕.pdf,62507f36-aa22-4065-bb0f-f7de69f87e7c,6,【第六场】,269,narration,narration,,,,说明,,,哦,哦？,哦？
pdf_01000000__01002017___248eca40c2,黑风帕,pdf_01000000__01002017___248eca40c2__line__000271,pdf_01000000__01002017___248eca40c2__scene__006,01002017_黑风帕.pdf,D:\University_studies\Junior\data_visualization\experiment\final_self\opera_dataset\01000000\01002017_黑风帕.pdf,01000000/01002017_黑风帕.pdf,62507f36-aa22-4065-bb0f-f7de69f87e7c,6,【第六场】,271,narration,narration,,,,说明,,上,城楼；站定了一个老太婆,城楼上站定了一个老太婆。,城楼上站定了一个老太婆。
pdf_01000000__01002017___248eca40c2,黑风帕,pdf_01000000__01002017___248eca40c2__line__000273,pdf_01000000__01002017___248eca40c2__scene__006,01002017_黑风帕.pdf,D:\University_studies\Junior\data_visualization\experiment\final_self\opera_dataset\01000000\01002017_黑风帕.pdf,01000000/01002017_黑风帕.pdf,62507f36-aa22-4065-bb0f-f7de69f87e7c,6,【第六场】,273,narration,narration,,,,说明,,,唗；开关,唗，开关！,唗，开关！
pdf_01000000__01002017___248eca40c2,黑风帕,pdf_01000000__01002017___248eca40c2__line__000275,pdf_01000000__01002017___248eca40c2__scene__006,01002017_黑风帕.pdf,D:\University_studies\Junior\data_visualization\experiment\final_self\opera_dataset\01000000\01002017_黑风帕.pdf,01000000/01002017_黑风帕.pdf,62507f36-aa22-4065-bb0f-f7de69f87e7c,6,【第六场】,275,narration,narration,,,,说明,,来；道,哪道而,哪道而来？,哪道而来？
pdf_01000000__01002017___248eca40c2,黑风帕,pdf_01000000__01002017___248eca40c2__line__000277,pdf_01000000__01002017___248eca40c2__scene__006,01002017_黑风帕.pdf,D:\University_studies\Junior\data_visualization\experiment\final_self\opera_dataset\01000000\01002017_黑风帕.pdf,01000000/01002017_黑风帕.pdf,62507f36-aa22-4065-bb0f-f7de69f87e7c,6,【第六场】,277,narration,narration,,,,说明,,来；道,来道而,来道而来。,来道而来。
pdf_01000000__01002017___248eca40c2,黑风帕,pdf_01000000__01002017___248eca40c2__line__000279,pdf_01000000__01002017___248eca40c2__scene__006,01002017_黑风帕.pdf,D:\University_studies\Junior\data_visualization\experiment\final_self\opera_dataset\01000000\01002017_黑风帕.pdf,01000000/01002017_黑风帕.pdf,62507f36-aa22-4065-bb0f-f7de69f87e7c,6,【第六场】,279,narration,narration,,,,说明,,去；道,哪道而,哪道而去？,哪道而去？
pdf_01000000__01002017___248eca40c2,黑风帕,pdf_01000000__01002017___248eca40c2__line__000281,pdf_01000000__01002017___248eca40c2__scene__006,01002017_黑风帕.pdf,D:\University_studies\Junior\data_visualization\experiment\final_self\opera_dataset\01000000\01002017_黑风帕.pdf,01000000/01002017_黑风帕.pdf,62507f36-aa22-4065-bb0f-f7de69f87e7c,6,【第六场】,281,narration,narration,,,,说明,,去；道,去道而,去道而去。,去道而去。
pdf_01000000__01002017___248eca40c2,黑风帕,pdf_01000000__01002017___248eca40c2__line__000283,pdf_01000000__01002017___248eca40c2__scene__006,01002017_黑风帕.pdf,D:\University_studies\Junior\data_visualization\experiment\final_self\opera_dataset\01000000\01002017_黑风帕.pdf,01000000/01002017_黑风帕.pdf,62507f36-aa22-4065-bb0f-f7de69f87e7c,6,【第六场】,283,dialogue,dialogue,张兰英,pdf_01000000__01002017___248eca40c2__char__35f7d57ce3,白,白,白,念白,张兰英,姓甚名谁?,张兰英（白）姓甚名谁?
pdf_01000000__01002017___248eca40c2,黑风帕,pdf_01000000__01002017___248eca40c2__line__000283,pdf_01000000__01002017___248eca40c2__scene__006,01002017_黑风帕.pdf,D:\University_studies\Junior\data_visualization\experiment\final_self\opera_dataset\01000000\01002017_黑风帕.pdf,01000000/01002017_黑风帕.pdf,62507f36-aa22-4065-bb0f-f7de69f87e7c,6,【第六场】,283,dialogue,dialogue,高旺,pdf_01000000__01002017___248eca40c2__char__f1cacc05ac,白,白,白,念白,高旺,"姓马名夫字钢鞭,绰号甩手的甩手。","高旺（白）姓马名夫字钢鞭,绰号甩手的甩手。"
pdf_01000000__01002017___248eca40c2,黑风帕,pdf_01000000__01002017___248eca40c2__line__000283,pdf_01000000__01002017___248eca40c2__scene__006,01002017_黑风帕.pdf,D:\University_studies\Junior\data_visualization\experiment\final_self\opera_dataset\01000000\01002017_黑风帕.pdf,01000000/01002017_黑风帕.pdf,62507f36-aa22-4065-bb0f-f7de69f87e7c,6,【第六场】,283,dialogue,dialogue,张兰英,pdf_01000000__01002017___248eca40c2__char__35f7d57ce3,白,白,白,念白,张兰英,莫非你姓高?,张兰英（白）莫非你姓高?
pdf_01000000__01002017___248eca40c2,黑风帕,pdf_01000000__01002017___248eca40c2__line__000283,pdf_01000000__01002017___248eca40c2__scene__006,01002017_黑风帕.pdf,D:\University_studies\Junior\data_visualization\experiment\final_self\opera_dataset\01000000\01002017_黑风帕.pdf,01000000/01002017_黑风帕.pdf,62507f36-aa22-4065-bb0f-f7de69f87e7c,6,【第六场】,283,dialogue,dialogue,高旺,pdf_01000000__01002017___248eca40c2__char__f1cacc05ac,白,白,白,念白,高旺,哦!,高旺（白）哦!
pdf_01000000__01002017___248eca40c2,黑风帕,pdf_01000000__01002017___248eca40c2__line__000283,pdf_01000000__01002017___248eca40c2__scene__006,01002017_黑风帕.pdf,D:\University_studies\Junior\data_visualization\experiment\final_self\opera_dataset\01000000\01002017_黑风帕.pdf,01000000/01002017_黑风帕.pdf,62507f36-aa22-4065-bb0f-f7de69f87e7c,6,【第六场】,283,dialogue,dialogue,张兰英,pdf_01000000__01002017___248eca40c2__char__35f7d57ce3,白,白,白,叫；念白,张兰英；高旺,有高必有旺。莫非你叫高旺?,张兰英（白）有高必有旺。莫非你叫高旺?
pdf_01000000__01002017___248eca40c2,黑风帕,pdf_01000000__01002017___248eca40c2__line__000283,pdf_01000000__01002017___248eca40c2__scene__006,01002017_黑风帕.pdf,D:\University_studies\Junior\data_visualization\experiment\final_self\opera_dataset\01000000\01002017_黑风帕.pdf,01000000/01002017_黑风帕.pdf,62507f36-aa22-4065-bb0f-f7de69f87e7c,6,【第六场】,283,dialogue,dialogue,高旺,pdf_01000000__01002017___248eca40c2__char__f1cacc05ac,白,白,白,念白,高旺,哦!,高旺（白）哦!
pdf_01000000__01002017___248eca40c2,黑风帕,pdf_01000000__01002017___248eca40c2__line__000283,pdf_01000000__01002017___248eca40c2__scene__006,01002017_黑风帕.pdf,D:\University_studies\Junior\data_visualization\experiment\final_self\opera_dataset\01000000\01002017_黑风帕.pdf,01000000/01002017_黑风帕.pdf,62507f36-aa22-4065-bb0f-f7de69f87e7c,6,【第六场】,283,dialogue,dialogue,张兰英,pdf_01000000__01002017___248eca40c2__char__35f7d57ce3,白,白,白,念白,张兰英,夫吓!,张兰英（白）夫吓!
pdf_01000000__01002017___248eca40c2,黑风帕,pdf_01000000__01002017___248eca40c2__line__000283,pdf_01000000__01002017___248eca40c2__scene__006,01002017_黑风帕.pdf,D:\University_studies\Junior\data_visualization\experiment\final_self\opera_dataset\01000000\01002017_黑风帕.pdf,01000000/01002017_黑风帕.pdf,62507f36-aa22-4065-bb0f-f7de69f87e7c,6,【第六场】,283,dialogue,dialogue,高旺,pdf_01000000__01002017___248eca40c2__char__f1cacc05ac,白,白,白,念白,高旺,咳!,高旺（白）咳!
pdf_01000000__01002017___248eca40c2,黑风帕,pdf_01000000__01002017___248eca40c2__line__000283,pdf_01000000__01002017___248eca40c2__scene__006,01002017_黑风帕.pdf,D:\University_studies\Junior\data_visualization\experiment\final_self\opera_dataset\01000000\01002017_黑风帕.pdf,01000000/01002017_黑风帕.pdf,62507f36-aa22-4065-bb0f-f7de69f87e7c,6,【第六场】,283,lyric,lyric,张兰英,pdf_01000000__01002017___248eca40c2__char__35f7d57ce3,西皮快板,唱,西皮快板,唱段,张兰英,"老爷把我忘怀了,我是你妻张兰英!","张兰英（西皮快板）老爷把我忘怀了,我是你妻张兰英!"
pdf_01000000__01002017___248eca40c2,黑风帕,pdf_01000000__01002017___248eca40c2__line__000283,pdf_01000000__01002017___248eca40c2__scene__006,01002017_黑风帕.pdf,D:\University_studies\Junior\data_visualization\experiment\final_self\opera_dataset\01000000\01002017_黑风帕.pdf,01000000/01002017_黑风帕.pdf,62507f36-aa22-4065-bb0f-f7de69f87e7c,6,【第六场】,283,lyric,lyric,高旺,pdf_01000000__01002017___248eca40c2__char__f1cacc05ac,西皮快板,唱,西皮快板,唱段,高旺,"既是我妻张氏女,有何宝物做证凭?","高旺（西皮快板）既是我妻张氏女,有何宝物做证凭?"
pdf_01000000__01002017___248eca40c2,黑风帕,pdf_01000000__01002017___248eca40c2__line__000283,pdf_01000000__01002017___248eca40c2__scene__006,01002017_黑风帕.pdf,D:\University_studies\Junior\data_visualization\experiment\final_self\opera_dataset\01000000\01002017_黑风帕.pdf,01000000/01002017_黑风帕.pdf,62507f36-aa22-4065-bb0f-f7de69f87e7c,6,【第六场】,283,lyric,lyric,张兰英,pdf_01000000__01002017___248eca40c2__char__35f7d57ce3,西皮快板,唱,西皮快板,唱段,张兰英,"水流千里归大海,原物交与旧主人。","张兰英（西皮快板）水流千里归大海,原物交与旧主人。"
pdf_01000000__01002017___248eca40c2,黑风帕,pdf_01000000__01002017___248eca40c2__line__000283,pdf_01000000__01002017___248eca40c2__scene__006,01002017_黑风帕.pdf,D:\University_studies\Junior\data_visualization\experiment\final_self\opera_dataset\01000000\01002017_黑风帕.pdf,01000000/01002017_黑风帕.pdf,62507f36-aa22-4065-bb0f-f7de69f87e7c,6,【第六场】,283,lyric,lyric,高旺,pdf_01000000__01002017___248eca40c2__char__f1cacc05ac,西皮快板,唱,西皮快板,唱段,高旺,"用手接过黑风帕,果然是我家宝贝真。夫人你把关开定,","高旺（西皮快板）用手接过黑风帕,果然是我家宝贝真。夫人你把关开定,"
pdf_01000000__01002017___248eca40c2,黑风帕,pdf_01000000__01002017___248eca40c2__line__000283,pdf_01000000__01002017___248eca40c2__scene__006,01002017_黑风帕.pdf,D:\University_studies\Junior\data_visualization\experiment\final_self\opera_dataset\01000000\01002017_黑风帕.pdf,01000000/01002017_黑风帕.pdf,62507f36-aa22-4065-bb0f-f7de69f87e7c,6,【第六场】,283,lyric,lyric,高旺,pdf_01000000__01002017___248eca40c2__char__f1cacc05ac,西皮快板,唱,西皮快板,唱段,高旺,夫妇们相逢在牧虎城!,高旺（西皮快板）夫妇们相逢在牧虎城!
pdf_01000000__01002017___248eca40c2,黑风帕,pdf_01000000__01002017___248eca40c2__line__000283,pdf_01000000__01002017___248eca40c2__scene__006,01002017_黑风帕.pdf,D:\University_studies\Junior\data_visualization\experiment\final_self\opera_dataset\01000000\01002017_黑风帕.pdf,01000000/01002017_黑风帕.pdf,62507f36-aa22-4065-bb0f-f7de69f87e7c,6,【第六场】,283,dialogue,dialogue,张兰英,pdf_01000000__01002017___248eca40c2__char__35f7d57ce3,白,白,白,下；念白,张兰英,"适在城楼,为何不将妾身认下?","张兰英（白）适在城楼,为何不将妾身认下?"
pdf_01000000__01002017___248eca40c2,黑风帕,pdf_01000000__01002017___248eca40c2__line__000283,pdf_01000000__01002017___248eca40c2__scene__006,01002017_黑风帕.pdf,D:\University_studies\Junior\data_visualization\experiment\final_self\opera_dataset\01000000\01002017_黑风帕.pdf,01000000/01002017_黑风帕.pdf,62507f36-aa22-4065-bb0f-f7de69f87e7c,6,【第六场】,283,dialogue,dialogue,高旺,pdf_01000000__01002017___248eca40c2__char__f1cacc05ac,白,白,白,下；命；念白,高旺,"有王命在身,不敢认下。","高旺（白）有王命在身,不敢认下。"
pdf_01000000__01002017___248eca40c2,黑风帕,pdf_01000000__01002017___248eca40c2__line__000283,pdf_01000000__01002017___248eca40c2__scene__006,01002017_黑风帕.pdf,D:\University_studies\Junior\data_visualization\experiment\final_self\opera_dataset\01000000\01002017_黑风帕.pdf,01000000/01002017_黑风帕.pdf,62507f36-aa22-4065-bb0f-f7de69f87e7c,6,【第六场】,283,dialogue,dialogue,张兰英,pdf_01000000__01002017___248eca40c2__char__35f7d57ce3,白,白,白,念白,张兰英,这也难怪。,张兰英（白）这也难怪。
pdf_01000000__01002017___248eca40c2,黑风帕,pdf_01000000__01002017___248eca40c2__line__000283,pdf_01000000__01002017___248eca40c2__scene__006,01002017_黑风帕.pdf,D:\University_studies\Junior\data_visualization\experiment\final_self\opera_dataset\01000000\01002017_黑风帕.pdf,01000000/01002017_黑风帕.pdf,62507f36-aa22-4065-bb0f-f7de69f87e7c,6,【第六场】,283,dialogue,dialogue,高旺,pdf_01000000__01002017___248eca40c2__char__f1cacc05ac,白,白,白,上；念白,高旺,"适才头关之上有一娃娃,他是何人?","高旺（白）适才头关之上有一娃娃,他是何人?"
pdf_01000000__01002017___248eca40c2,黑风帕,pdf_01000000__01002017___248eca40c2__line__000283,pdf_01000000__01002017___248eca40c2__scene__006,01002017_黑风帕.pdf,D:\University_studies\Junior\data_visualization\experiment\final_self\opera_dataset\01000000\01002017_黑风帕.pdf,01000000/01002017_黑风帕.pdf,62507f36-aa22-4065-bb0f-f7de69f87e7c,6,【第六场】,283,dialogue,dialogue,张兰英,pdf_01000000__01002017___248eca40c2__char__35f7d57ce3,白,白,白,念白,张兰英,乃是你我的儿子!,张兰英（白）乃是你我的儿子!
pdf_01000000__01002017___248eca40c2,黑风帕,pdf_01000000__01002017___248eca40c2__line__000283,pdf_01000000__01002017___248eca40c2__scene__006,01002017_黑风帕.pdf,D:\University_studies\Junior\data_visualization\experiment\final_self\opera_dataset\01000000\01002017_黑风帕.pdf,01000000/01002017_黑风帕.pdf,62507f36-aa22-4065-bb0f-f7de69f87e7c,6,【第六场】,283,dialogue,dialogue,高旺,pdf_01000000__01002017___248eca40c2__char__f1cacc05ac,白,白,白,来；叫；念白,高旺,好叫他前来。,高旺（白）好叫他前来。
pdf_01000000__01002017___248eca40c2,黑风帕,pdf_01000000__01002017___248eca40c2__line__000283,pdf_01000000__01002017___248eca40c2__scene__006,01002017_黑风帕.pdf,D:\University_studies\Junior\data_visualization\experiment\final_self\opera_dataset\01000000\01002017_黑风帕.pdf,01000000/01002017_黑风帕.pdf,62507f36-aa22-4065-bb0f-f7de69f87e7c,6,【第六场】,283,dialogue,dialogue,张兰英,pdf_01000000__01002017___248eca40c2__char__35f7d57ce3,白,白,白,念白,张兰英；张保,是。张保哪里?,张兰英（白）是。张保哪里?
pdf_01000000__01002017___248eca40c2,黑风帕,pdf_01000000__01002017___248eca40c2__line__000283,pdf_01000000__01002017___248eca40c2__scene__006,01002017_黑风帕.pdf,D:\University_studies\Junior\data_visualization\experiment\final_self\opera_dataset\01000000\01002017_黑风帕.pdf,01000000/01002017_黑风帕.pdf,62507f36-aa22-4065-bb0f-f7de69f87e7c,6,【第六场】,283,dialogue,dialogue,张保,pdf_01000000__01002017___248eca40c2__char__c1d4c29bd0,白,白,白,念白,张保,何事?,张保（白）何事?
pdf_01000000__01002017___248eca40c2,黑风帕,pdf_01000000__01002017___248eca40c2__line__000283,pdf_01000000__01002017___248eca40c2__scene__006,01002017_黑风帕.pdf,D:\University_studies\Junior\data_visualization\experiment\final_self\opera_dataset\01000000\01002017_黑风帕.pdf,01000000/01002017_黑风帕.pdf,62507f36-aa22-4065-bb0f-f7de69f87e7c,6,【第六场】,283,dialogue,dialogue,张兰英,pdf_01000000__01002017___248eca40c2__char__35f7d57ce3,白,白,白,上；来；念白,张兰英,"你爹爹来了,上前见过。","张兰英（白）你爹爹来了,上前见过。"
pdf_01000000__01002017___248eca40c2,黑风帕,pdf_01000000__01002017___248eca40c2__line__000283,pdf_01000000__01002017___248eca40c2__scene__006,01002017_黑风帕.pdf,D:\University_studies\Junior\data_visualization\experiment\final_self\opera_dataset\01000000\01002017_黑风帕.pdf,01000000/01002017_黑风帕.pdf,62507f36-aa22-4065-bb0f-f7de69f87e7c,6,【第六场】,283,dialogue,dialogue,张保,pdf_01000000__01002017___248eca40c2__char__c1d4c29bd0,白,白,白,念白,张保,参见爹爹!,张保（白）参见爹爹!
pdf_01000000__01002017___248eca40c2,黑风帕,pdf_01000000__01002017___248eca40c2__line__000283,pdf_01000000__01002017___248eca40c2__scene__006,01002017_黑风帕.pdf,D:\University_studies\Junior\data_visualization\experiment\final_self\opera_dataset\01000000\01002017_黑风帕.pdf,01000000/01002017_黑风帕.pdf,62507f36-aa22-4065-bb0f-f7de69f87e7c,6,【第六场】,283,dialogue,dialogue,高旺,pdf_01000000__01002017___248eca40c2__char__f1cacc05ac,白,白,白,叫；念白,高旺,"罢了。夫人,他叫什么名字?","高旺（白）罢了。夫人,他叫什么名字?"
pdf_01000000__01002017___248eca40c2,黑风帕,pdf_01000000__01002017___248eca40c2__line__000283,pdf_01000000__01002017___248eca40c2__scene__006,01002017_黑风帕.pdf,D:\University_studies\Junior\data_visualization\experiment\final_self\opera_dataset\01000000\01002017_黑风帕.pdf,01000000/01002017_黑风帕.pdf,62507f36-aa22-4065-bb0f-f7de69f87e7c,6,【第六场】,283,dialogue,dialogue,张兰英,pdf_01000000__01002017___248eca40c2__char__35f7d57ce3,白,白,白,叫；念白,张兰英；张保,他叫张保。,张兰英（白）他叫张保。
pdf_01000000__01002017___248eca40c2,黑风帕,pdf_01000000__01002017___248eca40c2__line__000283,pdf_01000000__01002017___248eca40c2__scene__006,01002017_黑风帕.pdf,D:\University_studies\Junior\data_visualization\experiment\final_self\opera_dataset\01000000\01002017_黑风帕.pdf,01000000/01002017_黑风帕.pdf,62507f36-aa22-4065-bb0f-f7de69f87e7c,6,【第六场】,283,dialogue,dialogue,高旺,pdf_01000000__01002017___248eca40c2__char__f1cacc05ac,白,白,白,念白,高旺,哦?,高旺（白）哦?
pdf_01000000__01002017___248eca40c2,黑风帕,pdf_01000000__01002017___248eca40c2__line__000283,pdf_01000000__01002017___248eca40c2__scene__006,01002017_黑风帕.pdf,D:\University_studies\Junior\data_visualization\experiment\final_self\opera_dataset\01000000\01002017_黑风帕.pdf,01000000/01002017_黑风帕.pdf,62507f36-aa22-4065-bb0f-f7de69f87e7c,6,【第六场】,283,dialogue,dialogue,张兰英,pdf_01000000__01002017___248eca40c2__char__35f7d57ce3,白,白,白,念白,张兰英,随他娘舅之姓。,张兰英（白）随他娘舅之姓。
pdf_01000000__01002017___248eca40c2,黑风帕,pdf_01000000__01002017___248eca40c2__line__000283,pdf_01000000__01002017___248eca40c2__scene__006,01002017_黑风帕.pdf,D:\University_studies\Junior\data_visualization\experiment\final_self\opera_dataset\01000000\01002017_黑风帕.pdf,01000000/01002017_黑风帕.pdf,62507f36-aa22-4065-bb0f-f7de69f87e7c,6,【第六场】,283,dialogue,dialogue,高旺,pdf_01000000__01002017___248eca40c2__char__f1cacc05ac,白,白,白,上；跪；念白,高旺,"不好,我要与他改过。儿吓,往上跪。","高旺（白）不好,我要与他改过。儿吓,往上跪。"
pdf_01000000__01002017___248eca40c2,黑风帕,pdf_01000000__01002017___248eca40c2__line__000283,pdf_01000000__01002017___248eca40c2__scene__006,01002017_黑风帕.pdf,D:\University_studies\Junior\data_visualization\experiment\final_self\opera_dataset\01000000\01002017_黑风帕.pdf,01000000/01002017_黑风帕.pdf,62507f36-aa22-4065-bb0f-f7de69f87e7c,6,【第六场】,283,dialogue,dialogue,张兰英,pdf_01000000__01002017___248eca40c2__char__35f7d57ce3,白,白,白,下；道；念白,张兰英,什么“老道遁生下一个小道遁”?,张兰英（白）什么“老道遁生下一个小道遁”?
pdf_01000000__01002017___248eca40c2,黑风帕,pdf_01000000__01002017___248eca40c2__line__000283,pdf_01000000__01002017___248eca40c2__scene__006,01002017_黑风帕.pdf,D:\University_studies\Junior\data_visualization\experiment\final_self\opera_dataset\01000000\01002017_黑风帕.pdf,01000000/01002017_黑风帕.pdf,62507f36-aa22-4065-bb0f-f7de69f87e7c,6,【第六场】,283,dialogue,dialogue,高旺,pdf_01000000__01002017___248eca40c2__char__f1cacc05ac,白,白,白,下；道；念白,高旺,"为丈夫会使黑风,你我的儿子也会使黑风,岂不是“老道遁生下一个小道遁”?","高旺（白）为丈夫会使黑风,你我的儿子也会使黑风,岂不是“老道遁生下一个小道遁”?"
pdf_01000000__01002017___248eca40c2,黑风帕,pdf_01000000__01002017___248eca40c2__line__000283,pdf_01000000__01002017___248eca40c2__scene__006,01002017_黑风帕.pdf,D:\University_studies\Junior\data_visualization\experiment\final_self\opera_dataset\01000000\01002017_黑风帕.pdf,01000000/01002017_黑风帕.pdf,62507f36-aa22-4065-bb0f-f7de69f87e7c,6,【第六场】,283,dialogue,dialogue,张兰英,pdf_01000000__01002017___248eca40c2__char__35f7d57ce3,白,白,白,笑；念白,张兰英,取笑了!,张兰英（白）取笑了!
pdf_01000000__01002017___248eca40c2,黑风帕,pdf_01000000__01002017___248eca40c2__line__000283,pdf_01000000__01002017___248eca40c2__scene__006,01002017_黑风帕.pdf,D:\University_studies\Junior\data_visualization\experiment\final_self\opera_dataset\01000000\01002017_黑风帕.pdf,01000000/01002017_黑风帕.pdf,62507f36-aa22-4065-bb0f-f7de69f87e7c,6,【第六场】,283,dialogue,dialogue,高旺,pdf_01000000__01002017___248eca40c2__char__f1cacc05ac,白,白,白,来；去；拿；念白,高旺,"儿吓,拿为父钢鞭,去到松林迎接杨国母前来。","高旺（白）儿吓,拿为父钢鞭,去到松林迎接杨国母前来。"
pdf_01000000__01002017___248eca40c2,黑风帕,pdf_01000000__01002017___248eca40c2__line__000285,pdf_01000000__01002017___248eca40c2__scene__006,01002017_黑风帕.pdf,D:\University_studies\Junior\data_visualization\experiment\final_self\opera_dataset\01000000\01002017_黑风帕.pdf,01000000/01002017_黑风帕.pdf,62507f36-aa22-4065-bb0f-f7de69f87e7c,6,【第六场】,285,dialogue,dialogue,张保,pdf_01000000__01002017___248eca40c2__char__c1d4c29bd0,白,白,白,命；念白,张保,遵命!,张保（白）遵命!
pdf_01000000__01002017___248eca40c2,黑风帕,pdf_01000000__01002017___248eca40c2__line__000285,pdf_01000000__01002017___248eca40c2__scene__006,01002017_黑风帕.pdf,D:\University_studies\Junior\data_visualization\experiment\final_self\opera_dataset\01000000\01002017_黑风帕.pdf,01000000/01002017_黑风帕.pdf,62507f36-aa22-4065-bb0f-f7de69f87e7c,6,【第六场】,285,dialogue,dialogue,高旺,pdf_01000000__01002017___248eca40c2__char__f1cacc05ac,白,白,白,上；念白,鞑婆；高旺,"夫人,二关之上,有一个小鞑婆,扭扭捏捏,她是何人?","高旺（白）夫人,二关之上,有一个小鞑婆,扭扭捏捏,她是何人?"
pdf_01000000__01002017___248eca40c2,黑风帕,pdf_01000000__01002017___248eca40c2__line__000285,pdf_01000000__01002017___248eca40c2__scene__006,01002017_黑风帕.pdf,D:\University_studies\Junior\data_visualization\experiment\final_self\opera_dataset\01000000\01002017_黑风帕.pdf,01000000/01002017_黑风帕.pdf,62507f36-aa22-4065-bb0f-f7de69f87e7c,6,【第六场】,285,dialogue,dialogue,张兰英,pdf_01000000__01002017___248eca40c2__char__35f7d57ce3,白,白,白,念白,张兰英,是你我的儿媳。,张兰英（白）是你我的儿媳。
pdf_01000000__01002017___248eca40c2,黑风帕,pdf_01000000__01002017___248eca40c2__line__000285,pdf_01000000__01002017___248eca40c2__scene__006,01002017_黑风帕.pdf,D:\University_studies\Junior\data_visualization\experiment\final_self\opera_dataset\01000000\01002017_黑风帕.pdf,01000000/01002017_黑风帕.pdf,62507f36-aa22-4065-bb0f-f7de69f87e7c,6,【第六场】,285,dialogue,dialogue,高旺,pdf_01000000__01002017___248eca40c2__char__f1cacc05ac,白,白,白,念白,高旺,你说什么?,高旺（白）你说什么?
pdf_01000000__01002017___248eca40c2,黑风帕,pdf_01000000__01002017___248eca40c2__line__000285,pdf_01000000__01002017___248eca40c2__scene__006,01002017_黑风帕.pdf,D:\University_studies\Junior\data_visualization\experiment\final_self\opera_dataset\01000000\01002017_黑风帕.pdf,01000000/01002017_黑风帕.pdf,62507f36-aa22-4065-bb0f-f7de69f87e7c,6,【第六场】,285,dialogue,dialogue,张兰英,pdf_01000000__01002017___248eca40c2__char__35f7d57ce3,白,白,白,念白,张兰英,儿媳!,张兰英（白）儿媳!
pdf_01000000__01002017___248eca40c2,黑风帕,pdf_01000000__01002017___248eca40c2__line__000285,pdf_01000000__01002017___248eca40c2__scene__006,01002017_黑风帕.pdf,D:\University_studies\Junior\data_visualization\experiment\final_self\opera_dataset\01000000\01002017_黑风帕.pdf,01000000/01002017_黑风帕.pdf,62507f36-aa22-4065-bb0f-f7de69f87e7c,6,【第六场】,285,dialogue,dialogue,高旺,pdf_01000000__01002017___248eca40c2__char__f1cacc05ac,白,白,白,念白,高旺,"嘿,坏了!","高旺（白）嘿,坏了!"
pdf_01000000__01002017___248eca40c2,黑风帕,pdf_01000000__01002017___248eca40c2__line__000285,pdf_01000000__01002017___248eca40c2__scene__006,01002017_黑风帕.pdf,D:\University_studies\Junior\data_visualization\experiment\final_self\opera_dataset\01000000\01002017_黑风帕.pdf,01000000/01002017_黑风帕.pdf,62507f36-aa22-4065-bb0f-f7de69f87e7c,6,【第六场】,285,dialogue,dialogue,张兰英,pdf_01000000__01002017___248eca40c2__char__35f7d57ce3,白,白,白,念白,张兰英,什么坏了?,张兰英（白）什么坏了?
pdf_01000000__01002017___248eca40c2,黑风帕,pdf_01000000__01002017___248eca40c2__line__000285,pdf_01000000__01002017___248eca40c2__scene__006,01002017_黑风帕.pdf,D:\University_studies\Junior\data_visualization\experiment\final_self\opera_dataset\01000000\01002017_黑风帕.pdf,01000000/01002017_黑风帕.pdf,62507f36-aa22-4065-bb0f-f7de69f87e7c,6,【第六场】,285,dialogue,dialogue,高旺,pdf_01000000__01002017___248eca40c2__char__f1cacc05ac,白,白,白,念白,高旺,夫人呐!,高旺（白）夫人呐!
pdf_01000000__01002017___248eca40c2,黑风帕,pdf_01000000__01002017___248eca40c2__line__000285,pdf_01000000__01002017___248eca40c2__scene__006,01002017_黑风帕.pdf,D:\University_studies\Junior\data_visualization\experiment\final_self\opera_dataset\01000000\01002017_黑风帕.pdf,01000000/01002017_黑风帕.pdf,62507f36-aa22-4065-bb0f-f7de69f87e7c,6,【第六场】,285,dialogue,dialogue,张兰英,pdf_01000000__01002017___248eca40c2__char__35f7d57ce3,白,白,白,打；念白,张兰英,你打了她?,张兰英（白）你打了她?
pdf_01000000__01002017___248eca40c2,黑风帕,pdf_01000000__01002017___248eca40c2__line__000285,pdf_01000000__01002017___248eca40c2__scene__006,01002017_黑风帕.pdf,D:\University_studies\Junior\data_visualization\experiment\final_self\opera_dataset\01000000\01002017_黑风帕.pdf,01000000/01002017_黑风帕.pdf,62507f36-aa22-4065-bb0f-f7de69f87e7c,6,【第六场】,285,dialogue,dialogue,高旺,pdf_01000000__01002017___248eca40c2__char__f1cacc05ac,白,白,白,念白,高旺,没有。,高旺（白）没有。
pdf_01000000__01002017___248eca40c2,黑风帕,pdf_01000000__01002017___248eca40c2__line__000285,pdf_01000000__01002017___248eca40c2__scene__006,01002017_黑风帕.pdf,D:\University_studies\Junior\data_visualization\experiment\final_self\opera_dataset\01000000\01002017_黑风帕.pdf,01000000/01002017_黑风帕.pdf,62507f36-aa22-4065-bb0f-f7de69f87e7c,6,【第六场】,285,dialogue,dialogue,张兰英,pdf_01000000__01002017___248eca40c2__char__35f7d57ce3,白,白,白,念白,张兰英,你骂了她?,张兰英（白）你骂了她?
pdf_01000000__01002017___248eca40c2,黑风帕,pdf_01000000__01002017___248eca40c2__line__000285,pdf_01000000__01002017___248eca40c2__scene__006,01002017_黑风帕.pdf,D:\University_studies\Junior\data_visualization\experiment\final_self\opera_dataset\01000000\01002017_黑风帕.pdf,01000000/01002017_黑风帕.pdf,62507f36-aa22-4065-bb0f-f7de69f87e7c,6,【第六场】,285,dialogue,dialogue,高旺,pdf_01000000__01002017___248eca40c2__char__f1cacc05ac,白,白,白,念白,高旺,没有。,高旺（白）没有。
pdf_01000000__01002017___248eca40c2,黑风帕,pdf_01000000__01002017___248eca40c2__line__000285,pdf_01000000__01002017___248eca40c2__scene__006,01002017_黑风帕.pdf,D:\University_studies\Junior\data_visualization\experiment\final_self\opera_dataset\01000000\01002017_黑风帕.pdf,01000000/01002017_黑风帕.pdf,62507f36-aa22-4065-bb0f-f7de69f87e7c,6,【第六场】,285,dialogue,dialogue,张兰英,pdf_01000000__01002017___248eca40c2__char__35f7d57ce3,白,白,白,念白,张兰英,这是什么样吓?,张兰英（白）这是什么样吓?
pdf_01000000__01002017___248eca40c2,黑风帕,pdf_01000000__01002017___248eca40c2__line__000285,pdf_01000000__01002017___248eca40c2__scene__006,01002017_黑风帕.pdf,D:\University_studies\Junior\data_visualization\experiment\final_self\opera_dataset\01000000\01002017_黑风帕.pdf,01000000/01002017_黑风帕.pdf,62507f36-aa22-4065-bb0f-f7de69f87e7c,6,【第六场】,285,dialogue,dialogue,高旺,pdf_01000000__01002017___248eca40c2__char__f1cacc05ac,白,白,白,念白,高旺,"夫人,我说不出口!","高旺（白）夫人,我说不出口!"
pdf_01000000__01002017___248eca40c2,黑风帕,pdf_01000000__01002017___248eca40c2__line__000285,pdf_01000000__01002017___248eca40c2__scene__006,01002017_黑风帕.pdf,D:\University_studies\Junior\data_visualization\experiment\final_self\opera_dataset\01000000\01002017_黑风帕.pdf,01000000/01002017_黑风帕.pdf,62507f36-aa22-4065-bb0f-f7de69f87e7c,6,【第六场】,285,dialogue,dialogue,张兰英,pdf_01000000__01002017___248eca40c2__char__35f7d57ce3,白,白,白,念白,张兰英,不要紧。,张兰英（白）不要紧。
pdf_01000000__01002017___248eca40c2,黑风帕,pdf_01000000__01002017___248eca40c2__line__000285,pdf_01000000__01002017___248eca40c2__scene__006,01002017_黑风帕.pdf,D:\University_studies\Junior\data_visualization\experiment\final_self\opera_dataset\01000000\01002017_黑风帕.pdf,01000000/01002017_黑风帕.pdf,62507f36-aa22-4065-bb0f-f7de69f87e7c,6,【第六场】,285,dialogue,dialogue,高旺,pdf_01000000__01002017___248eca40c2__char__f1cacc05ac,白,白,白,念白,高旺,夫人呐!,高旺（白）夫人呐!
pdf_01000000__01002017___248eca40c2,黑风帕,pdf_01000000__01002017___248eca40c2__line__000285,pdf_01000000__01002017___248eca40c2__scene__006,01002017_黑风帕.pdf,D:\University_studies\Junior\data_visualization\experiment\final_self\opera_dataset\01000000\01002017_黑风帕.pdf,01000000/01002017_黑风帕.pdf,62507f36-aa22-4065-bb0f-f7de69f87e7c,6,【第六场】,285,dialogue,dialogue,张兰英,pdf_01000000__01002017___248eca40c2__char__35f7d57ce3,白,白,白,来；唤；笑；念白,张兰英,取笑了!待我唤她前来。,张兰英（白）取笑了!待我唤她前来。
pdf_01000000__01002017___248eca40c2,黑风帕,pdf_01000000__01002017___248eca40c2__line__000285,pdf_01000000__01002017___248eca40c2__scene__006,01002017_黑风帕.pdf,D:\University_studies\Junior\data_visualization\experiment\final_self\opera_dataset\01000000\01002017_黑风帕.pdf,01000000/01002017_黑风帕.pdf,62507f36-aa22-4065-bb0f-f7de69f87e7c,6,【第六场】,285,dialogue,dialogue,高旺,pdf_01000000__01002017___248eca40c2__char__f1cacc05ac,白,白,白,念白,高旺,"夫人,不用见了。","高旺（白）夫人,不用见了。"
pdf_01000000__01002017___248eca40c2,黑风帕,pdf_01000000__01002017___248eca40c2__line__000285,pdf_01000000__01002017___248eca40c2__scene__006,01002017_黑风帕.pdf,D:\University_studies\Junior\data_visualization\experiment\final_self\opera_dataset\01000000\01002017_黑风帕.pdf,01000000/01002017_黑风帕.pdf,62507f36-aa22-4065-bb0f-f7de69f87e7c,6,【第六场】,285,dialogue,dialogue,张兰英,pdf_01000000__01002017___248eca40c2__char__35f7d57ce3,白,白,白,念白,张兰英,儿媳哪里?,张兰英（白）儿媳哪里?
pdf_01000000__01002017___248eca40c2,黑风帕,pdf_01000000__01002017___248eca40c2__line__000285,pdf_01000000__01002017___248eca40c2__scene__006,01002017_黑风帕.pdf,D:\University_studies\Junior\data_visualization\experiment\final_self\opera_dataset\01000000\01002017_黑风帕.pdf,01000000/01002017_黑风帕.pdf,62507f36-aa22-4065-bb0f-f7de69f87e7c,6,【第六场】,285,dialogue,dialogue,鞑婆,pdf_01000000__01002017___248eca40c2__char__2f517acee9,白,白,白,念白,鞑婆,婆婆何事?,鞑婆（白）婆婆何事?
pdf_01000000__01002017___248eca40c2,黑风帕,pdf_01000000__01002017___248eca40c2__line__000285,pdf_01000000__01002017___248eca40c2__scene__006,01002017_黑风帕.pdf,D:\University_studies\Junior\data_visualization\experiment\final_self\opera_dataset\01000000\01002017_黑风帕.pdf,01000000/01002017_黑风帕.pdf,62507f36-aa22-4065-bb0f-f7de69f87e7c,6,【第六场】,285,dialogue,dialogue,张兰英,pdf_01000000__01002017___248eca40c2__char__35f7d57ce3,白,白,白,上；来；念白,张兰英,"你公公来了,上前见过。","张兰英（白）你公公来了,上前见过。"
pdf_01000000__01002017___248eca40c2,黑风帕,pdf_01000000__01002017___248eca40c2__line__000285,pdf_01000000__01002017___248eca40c2__scene__006,01002017_黑风帕.pdf,D:\University_studies\Junior\data_visualization\experiment\final_self\opera_dataset\01000000\01002017_黑风帕.pdf,01000000/01002017_黑风帕.pdf,62507f36-aa22-4065-bb0f-f7de69f87e7c,6,【第六场】,285,dialogue,dialogue,鞑婆,pdf_01000000__01002017___248eca40c2__char__2f517acee9,白,白,白,念白,鞑婆,公公在哪里?公公在哪里?,鞑婆（白）公公在哪里?公公在哪里?
pdf_01000000__01002017___248eca40c2,黑风帕,pdf_01000000__01002017___248eca40c2__line__000285,pdf_01000000__01002017___248eca40c2__scene__006,01002017_黑风帕.pdf,D:\University_studies\Junior\data_visualization\experiment\final_self\opera_dataset\01000000\01002017_黑风帕.pdf,01000000/01002017_黑风帕.pdf,62507f36-aa22-4065-bb0f-f7de69f87e7c,6,【第六场】,285,dialogue,dialogue,高旺,pdf_01000000__01002017___248eca40c2__char__f1cacc05ac,白,白,白,念白,高旺,咦!,高旺（白）咦!
pdf_01000000__01002017___248eca40c2,黑风帕,pdf_01000000__01002017___248eca40c2__line__000285,pdf_01000000__01002017___248eca40c2__scene__006,01002017_黑风帕.pdf,D:\University_studies\Junior\data_visualization\experiment\final_self\opera_dataset\01000000\01002017_黑风帕.pdf,01000000/01002017_黑风帕.pdf,62507f36-aa22-4065-bb0f-f7de69f87e7c,6,【第六场】,285,dialogue,dialogue,高旺,pdf_01000000__01002017___248eca40c2__char__f1cacc05ac,白,白,白,惊；念白,高旺,"夫人见过杨贤妹,此乃张氏嫂嫂。后堂摆宴,与贤妹压惊。","高旺（白）夫人见过杨贤妹,此乃张氏嫂嫂。后堂摆宴,与贤妹压惊。"
