doc_id,doc_title,line_id,scene_id,source_file,source_path,relative_path,batch_id,scene_index,scene,line_no,row_type,line_category,speaker,speaker_char_id,cue,perform_type,perform_subtype,action_tags,participants,text,raw_line
pdf_01000000__01004001___ad83d28842,逍遥津,pdf_01000000__01004001___ad83d28842__line__000001,pdf_01000000__01004001___ad83d28842__scene__000,01004001_逍遥津.pdf,D:\University_studies\Junior\data_visualization\experiment\final_self\opera_dataset\01000000\01004001_逍遥津.pdf,01000000/01004001_逍遥津.pdf,49bfac8f-ad5c-4639-829d-be1bd24f8504,0,序幕/前置内容,1,narration,narration,,,,说明,,,《逍遥津》；（一名：《搜诏逼宫》,# 《逍遥津》 （一名：《搜诏逼宫》）,# 《逍遥津》 （一名：《搜诏逼宫》）
pdf_01000000__01004001___ad83d28842,逍遥津,pdf_01000000__01004001___ad83d28842__line__000051,pdf_01000000__01004001___ad83d28842__scene__001,01004001_逍遥津.pdf,D:\University_studies\Junior\data_visualization\experiment\final_self\opera_dataset\01000000\01004001_逍遥津.pdf,01000000/01004001_逍遥津.pdf,49bfac8f-ad5c-4639-829d-be1bd24f8504,1,【第一场】,51,narration,narration,,,,说明,,上,旗牌；张辽,# （二旗牌引张辽同上。）,# （二旗牌引张辽同上。）
pdf_01000000__01004001___ad83d28842,逍遥津,pdf_01000000__01004001___ad83d28842__line__000053,pdf_01000000__01004001___ad83d28842__scene__001,01004001_逍遥津.pdf,D:\University_studies\Junior\data_visualization\experiment\final_self\opera_dataset\01000000\01004001_逍遥津.pdf,01000000/01004001_逍遥津.pdf,49bfac8f-ad5c-4639-829d-be1bd24f8504,1,【第一场】,53,stage_direction,stage_direction,张辽,pdf_01000000__01004001___ad83d28842__char__d776eb269d,引子,做,引子,,张辽,,张辽 （引子）
pdf_01000000__01004001___ad83d28842,逍遥津,pdf_01000000__01004001___ad83d28842__line__000055,pdf_01000000__01004001___ad83d28842__scene__001,01004001_逍遥津.pdf,D:\University_studies\Junior\data_visualization\experiment\final_self\opera_dataset\01000000\01004001_逍遥津.pdf,01000000/01004001_逍遥津.pdf,49bfac8f-ad5c-4639-829d-be1bd24f8504,1,【第一场】,55,stage_direction,stage_direction,,,念,做,念,,念,,（念）
pdf_01000000__01004001___ad83d28842,逍遥津,pdf_01000000__01004001___ad83d28842__line__000057,pdf_01000000__01004001___ad83d28842__scene__001,01004001_逍遥津.pdf,D:\University_studies\Junior\data_visualization\experiment\final_self\opera_dataset\01000000\01004001_逍遥津.pdf,01000000/01004001_逍遥津.pdf,49bfac8f-ad5c-4639-829d-be1bd24f8504,1,【第一场】,57,stage_direction,stage_direction,,,白,做,白,念白,白,,（白）
pdf_01000000__01004001___ad83d28842,逍遥津,pdf_01000000__01004001___ad83d28842__line__000059,pdf_01000000__01004001___ad83d28842__scene__001,01004001_逍遥津.pdf,D:\University_studies\Junior\data_visualization\experiment\final_self\opera_dataset\01000000\01004001_逍遥津.pdf,01000000/01004001_逍遥津.pdf,49bfac8f-ad5c-4639-829d-be1bd24f8504,1,【第一场】,59,narration,narration,,,,说明,,,腰悬昆吾剑；虎将血染衣,腰悬昆吾剑，虎将血染衣。,腰悬昆吾剑，虎将血染衣。
pdf_01000000__01004001___ad83d28842,逍遥津,pdf_01000000__01004001___ad83d28842__line__000061,pdf_01000000__01004001___ad83d28842__scene__001,01004001_逍遥津.pdf,D:\University_studies\Junior\data_visualization\experiment\final_self\opera_dataset\01000000\01004001_逍遥津.pdf,01000000/01004001_逍遥津.pdf,49bfac8f-ad5c-4639-829d-be1bd24f8504,1,【第一场】,61,narration,narration,,,,说明,,下,堂堂英雄气；丈夫世间奇。安抚天；志；方算我自己,堂堂英雄气，丈夫世间奇。安抚天下志，方算我自己。,堂堂英雄气，丈夫世间奇。安抚天下志，方算我自己。
pdf_01000000__01004001___ad83d28842,逍遥津,pdf_01000000__01004001___ad83d28842__line__000063,pdf_01000000__01004001___ad83d28842__scene__001,01004001_逍遥津.pdf,D:\University_studies\Junior\data_visualization\experiment\final_self\opera_dataset\01000000\01004001_逍遥津.pdf,01000000/01004001_逍遥津.pdf,49bfac8f-ad5c-4639-829d-be1bd24f8504,1,【第一场】,63,narration,narration,,,,说明,,请；扶,张辽,俺张辽，汉室为臣。只因献帝懦弱，不能治国安邦，东南烟尘四起。我今相请文武两班，欲将龙床推倒，扶保曹丞相登基，方得称我心头之愿。,俺张辽，汉室为臣。只因献帝懦弱，不能治国安邦，东南烟尘四起。我今相请文武两班，欲将龙床推倒，扶保曹丞相登基，方得称我心头之愿。
pdf_01000000__01004001___ad83d28842,逍遥津,pdf_01000000__01004001___ad83d28842__line__000065,pdf_01000000__01004001___ad83d28842__scene__001,01004001_逍遥津.pdf,D:\University_studies\Junior\data_visualization\experiment\final_self\opera_dataset\01000000\01004001_逍遥津.pdf,01000000/01004001_逍遥津.pdf,49bfac8f-ad5c-4639-829d-be1bd24f8504,1,【第一场】,65,dialogue,dialogue,二旗牌,pdf_01000000__01004001___ad83d28842__char__0975451ac2,同白,白,同白,念白,二旗牌；旗牌,有。,二旗牌（同白）有。
pdf_01000000__01004001___ad83d28842,逍遥津,pdf_01000000__01004001___ad83d28842__line__000065,pdf_01000000__01004001___ad83d28842__scene__001,01004001_逍遥津.pdf,D:\University_studies\Junior\data_visualization\experiment\final_self\opera_dataset\01000000\01004001_逍遥津.pdf,01000000/01004001_逍遥津.pdf,49bfac8f-ad5c-4639-829d-be1bd24f8504,1,【第一场】,65,dialogue,dialogue,张辽,pdf_01000000__01004001___ad83d28842__char__d776eb269d,白,白,白,报；念白,张辽,"待众位大人到此,速报吾知!","张辽（白）待众位大人到此,速报吾知!"
pdf_01000000__01004001___ad83d28842,逍遥津,pdf_01000000__01004001___ad83d28842__line__000067,pdf_01000000__01004001___ad83d28842__scene__001,01004001_逍遥津.pdf,D:\University_studies\Junior\data_visualization\experiment\final_self\opera_dataset\01000000\01004001_逍遥津.pdf,01000000/01004001_逍遥津.pdf,49bfac8f-ad5c-4639-829d-be1bd24f8504,1,【第一场】,67,stage_direction,stage_direction,,,张辽、二旗牌同下。,做,张辽、二旗牌同下。,下,旗牌；张辽,,（张辽、二旗牌同下。）
pdf_01000000__01004001___ad83d28842,逍遥津,pdf_01000000__01004001___ad83d28842__line__000071,pdf_01000000__01004001___ad83d28842__scene__002,01004001_逍遥津.pdf,D:\University_studies\Junior\data_visualization\experiment\final_self\opera_dataset\01000000\01004001_逍遥津.pdf,01000000/01004001_逍遥津.pdf,49bfac8f-ad5c-4639-829d-be1bd24f8504,2,【第二场】,71,dialogue,dialogue,夏侯渊、司马懿、华歆、贾诩、郄虑、王粲、曹植、文聘,pdf_01000000__01004001___ad83d28842__char__d5cdde7486,同点绛唇)(同白,对白,同点绛唇)(同白,下,夏侯渊、司马懿、华歆、贾诩、郄虑、王粲、曹植、文聘；司马懿；夏侯渊；贾诩；文聘；郄虑；王粲；曹植；华歆,"懦弱之君,社稷将倾,干戈兴,国不安宁,诸侯都雄争!下官——","夏侯渊、司马懿、华歆、贾诩、郄虑、王粲、曹植、文聘（同点绛唇)(同白）懦弱之君,社稷将倾,干戈兴,国不安宁,诸侯都雄争!下官——"
pdf_01000000__01004001___ad83d28842,逍遥津,pdf_01000000__01004001___ad83d28842__line__000071,pdf_01000000__01004001___ad83d28842__scene__002,01004001_逍遥津.pdf,D:\University_studies\Junior\data_visualization\experiment\final_self\opera_dataset\01000000\01004001_逍遥津.pdf,01000000/01004001_逍遥津.pdf,49bfac8f-ad5c-4639-829d-be1bd24f8504,2,【第二场】,71,dialogue,dialogue,夏侯渊,pdf_01000000__01004001___ad83d28842__char__394feb30ad,白,白,白,念白,夏侯渊,夏侯渊。,夏侯渊（白）夏侯渊。
pdf_01000000__01004001___ad83d28842,逍遥津,pdf_01000000__01004001___ad83d28842__line__000071,pdf_01000000__01004001___ad83d28842__scene__002,01004001_逍遥津.pdf,D:\University_studies\Junior\data_visualization\experiment\final_self\opera_dataset\01000000\01004001_逍遥津.pdf,01000000/01004001_逍遥津.pdf,49bfac8f-ad5c-4639-829d-be1bd24f8504,2,【第二场】,71,dialogue,dialogue,司马懿,pdf_01000000__01004001___ad83d28842__char__2df9eac30e,白,白,白,念白,司马懿,司马懿。,司马懿（白）司马懿。
pdf_01000000__01004001___ad83d28842,逍遥津,pdf_01000000__01004001___ad83d28842__line__000071,pdf_01000000__01004001___ad83d28842__scene__002,01004001_逍遥津.pdf,D:\University_studies\Junior\data_visualization\experiment\final_self\opera_dataset\01000000\01004001_逍遥津.pdf,01000000/01004001_逍遥津.pdf,49bfac8f-ad5c-4639-829d-be1bd24f8504,2,【第二场】,71,dialogue,dialogue,华歆,pdf_01000000__01004001___ad83d28842__char__c3323ed43f,白,白,白,念白,华歆,华歆。,华歆（白）华歆。
pdf_01000000__01004001___ad83d28842,逍遥津,pdf_01000000__01004001___ad83d28842__line__000071,pdf_01000000__01004001___ad83d28842__scene__002,01004001_逍遥津.pdf,D:\University_studies\Junior\data_visualization\experiment\final_self\opera_dataset\01000000\01004001_逍遥津.pdf,01000000/01004001_逍遥津.pdf,49bfac8f-ad5c-4639-829d-be1bd24f8504,2,【第二场】,71,dialogue,dialogue,贾诩,pdf_01000000__01004001___ad83d28842__char__c58aaf1cdb,白,白,白,念白,贾诩,贾诩。,贾诩（白）贾诩。
pdf_01000000__01004001___ad83d28842,逍遥津,pdf_01000000__01004001___ad83d28842__line__000071,pdf_01000000__01004001___ad83d28842__scene__002,01004001_逍遥津.pdf,D:\University_studies\Junior\data_visualization\experiment\final_self\opera_dataset\01000000\01004001_逍遥津.pdf,01000000/01004001_逍遥津.pdf,49bfac8f-ad5c-4639-829d-be1bd24f8504,2,【第二场】,71,dialogue,dialogue,郄虑,pdf_01000000__01004001___ad83d28842__char__5eba43198b,白,白,白,念白,郄虑,郄虑。,郄虑（白）郄虑。
pdf_01000000__01004001___ad83d28842,逍遥津,pdf_01000000__01004001___ad83d28842__line__000071,pdf_01000000__01004001___ad83d28842__scene__002,01004001_逍遥津.pdf,D:\University_studies\Junior\data_visualization\experiment\final_self\opera_dataset\01000000\01004001_逍遥津.pdf,01000000/01004001_逍遥津.pdf,49bfac8f-ad5c-4639-829d-be1bd24f8504,2,【第二场】,71,dialogue,dialogue,王粲,pdf_01000000__01004001___ad83d28842__char__f60689b848,白,白,白,念白,王粲,王粲。,王粲（白）王粲。
pdf_01000000__01004001___ad83d28842,逍遥津,pdf_01000000__01004001___ad83d28842__line__000071,pdf_01000000__01004001___ad83d28842__scene__002,01004001_逍遥津.pdf,D:\University_studies\Junior\data_visualization\experiment\final_self\opera_dataset\01000000\01004001_逍遥津.pdf,01000000/01004001_逍遥津.pdf,49bfac8f-ad5c-4639-829d-be1bd24f8504,2,【第二场】,71,dialogue,dialogue,曹植,pdf_01000000__01004001___ad83d28842__char__2290058c52,白,白,白,念白,曹植,曹植。,曹植（白）曹植。
pdf_01000000__01004001___ad83d28842,逍遥津,pdf_01000000__01004001___ad83d28842__line__000071,pdf_01000000__01004001___ad83d28842__scene__002,01004001_逍遥津.pdf,D:\University_studies\Junior\data_visualization\experiment\final_self\opera_dataset\01000000\01004001_逍遥津.pdf,01000000/01004001_逍遥津.pdf,49bfac8f-ad5c-4639-829d-be1bd24f8504,2,【第二场】,71,dialogue,dialogue,文聘,pdf_01000000__01004001___ad83d28842__char__94350a27fe,白,白,白,念白,文聘,文聘。,文聘（白）文聘。
pdf_01000000__01004001___ad83d28842,逍遥津,pdf_01000000__01004001___ad83d28842__line__000071,pdf_01000000__01004001___ad83d28842__scene__002,01004001_逍遥津.pdf,D:\University_studies\Junior\data_visualization\experiment\final_self\opera_dataset\01000000\01004001_逍遥津.pdf,01000000/01004001_逍遥津.pdf,49bfac8f-ad5c-4639-829d-be1bd24f8504,2,【第二场】,71,dialogue,dialogue,夏侯渊、司马懿、华懿、贾诩、郄虑、王粲、曹植、文聘,pdf_01000000__01004001___ad83d28842__char__15391401ec,同白,白,同白,来；请；念白,夏侯渊、司马懿、华懿、贾诩、郄虑、王粲、曹植、文聘；司马懿；夏侯渊；贾诩；文聘；郄虑；王粲；曹植,"请了!今日张将军相邀,不知所为何事?我等也为此事而来,如此向吾一同前往。","夏侯渊、司马懿、华懿、贾诩、郄虑、王粲、曹植、文聘（同白）请了!今日张将军相邀,不知所为何事?我等也为此事而来,如此向吾一同前往。"
pdf_01000000__01004001___ad83d28842,逍遥津,pdf_01000000__01004001___ad83d28842__line__000071,pdf_01000000__01004001___ad83d28842__scene__002,01004001_逍遥津.pdf,D:\University_studies\Junior\data_visualization\experiment\final_self\opera_dataset\01000000\01004001_逍遥津.pdf,01000000/01004001_逍遥津.pdf,49bfac8f-ad5c-4639-829d-be1bd24f8504,2,【第二场】,71,dialogue,dialogue,夏侯渊、司马懿、华歆、贾诩、郄虑、王粲、曹植、文聘,pdf_01000000__01004001___ad83d28842__char__d5cdde7486,同白,白,同白,请；报；念白,夏侯渊、司马懿、华歆、贾诩、郄虑、王粲、曹植、文聘；司马懿；夏侯渊；贾诩；文聘；郄虑；王粲；曹植；华歆,"请。有请家爷!柳营春试马,虎帐夜谈兵。通报何事?众位大人已到!有请!不知众位大人驾到,有失远迎,望乞海涵!","夏侯渊、司马懿、华歆、贾诩、郄虑、王粲、曹植、文聘（同白）请。有请家爷!柳营春试马,虎帐夜谈兵。通报何事?众位大人已到!有请!不知众位大人驾到,有失远迎,望乞海涵!"
pdf_01000000__01004001___ad83d28842,逍遥津,pdf_01000000__01004001___ad83d28842__line__000073,pdf_01000000__01004001___ad83d28842__scene__002,01004001_逍遥津.pdf,D:\University_studies\Junior\data_visualization\experiment\final_self\opera_dataset\01000000\01004001_逍遥津.pdf,01000000/01004001_逍遥津.pdf,49bfac8f-ad5c-4639-829d-be1bd24f8504,2,【第二场】,73,dialogue,dialogue,贾诩,pdf_01000000__01004001___ad83d28842__char__c58aaf1cdb,白,白,白,来；念白,贾诩,"来得匆匆,望张将军恕罪。","贾诩（白）来得匆匆,望张将军恕罪。"
pdf_01000000__01004001___ad83d28842,逍遥津,pdf_01000000__01004001___ad83d28842__line__000073,pdf_01000000__01004001___ad83d28842__scene__002,01004001_逍遥津.pdf,D:\University_studies\Junior\data_visualization\experiment\final_self\opera_dataset\01000000\01004001_逍遥津.pdf,01000000/01004001_逍遥津.pdf,49bfac8f-ad5c-4639-829d-be1bd24f8504,2,【第二场】,73,dialogue,dialogue,张辽,pdf_01000000__01004001___ad83d28842__char__d776eb269d,白,白,白,念白,张辽,岂敢!,张辽（白）岂敢!
pdf_01000000__01004001___ad83d28842,逍遥津,pdf_01000000__01004001___ad83d28842__line__000073,pdf_01000000__01004001___ad83d28842__scene__002,01004001_逍遥津.pdf,D:\University_studies\Junior\data_visualization\experiment\final_self\opera_dataset\01000000\01004001_逍遥津.pdf,01000000/01004001_逍遥津.pdf,49bfac8f-ad5c-4639-829d-be1bd24f8504,2,【第二场】,73,dialogue,dialogue,贾诩,pdf_01000000__01004001___ad83d28842__char__c58aaf1cdb,白,白,白,念白,贾诩,"不知将军相约我等,所为何事?","贾诩（白）不知将军相约我等,所为何事?"
pdf_01000000__01004001___ad83d28842,逍遥津,pdf_01000000__01004001___ad83d28842__line__000073,pdf_01000000__01004001___ad83d28842__scene__002,01004001_逍遥津.pdf,D:\University_studies\Junior\data_visualization\experiment\final_self\opera_dataset\01000000\01004001_逍遥津.pdf,01000000/01004001_逍遥津.pdf,49bfac8f-ad5c-4639-829d-be1bd24f8504,2,【第二场】,73,dialogue,dialogue,张辽,pdf_01000000__01004001___ad83d28842__char__d776eb269d,白,白,白,下；请；令；扶；念白,张辽,"众位有所不知:只因当今献帝懦弱,不能治国安邦,致令东南烟尘四起,生灵涂炭!故而相请众位商议,将那龙床推倒,扶保曹丞相登基接位。不知众位大人意下如何?","张辽（白）众位有所不知:只因当今献帝懦弱,不能治国安邦,致令东南烟尘四起,生灵涂炭!故而相请众位商议,将那龙床推倒,扶保曹丞相登基接位。不知众位大人意下如何?"
pdf_01000000__01004001___ad83d28842,逍遥津,pdf_01000000__01004001___ad83d28842__line__000073,pdf_01000000__01004001___ad83d28842__scene__002,01004001_逍遥津.pdf,D:\University_studies\Junior\data_visualization\experiment\final_self\opera_dataset\01000000\01004001_逍遥津.pdf,01000000/01004001_逍遥津.pdf,49bfac8f-ad5c-4639-829d-be1bd24f8504,2,【第二场】,73,dialogue,dialogue,夏侯渊、司马懿、华歆、贾诩、郄虑、王粲、曹植、文聘,pdf_01000000__01004001___ad83d28842__char__d5cdde7486,同白,白,同白,念白,夏侯渊、司马懿、华歆、贾诩、郄虑、王粲、曹植、文聘；司马懿；夏侯渊；贾诩；文聘；郄虑；王粲；曹植；华歆,"吾等皆服张将军高见,依此而行!","夏侯渊、司马懿、华歆、贾诩、郄虑、王粲、曹植、文聘（同白）吾等皆服张将军高见,依此而行!"
pdf_01000000__01004001___ad83d28842,逍遥津,pdf_01000000__01004001___ad83d28842__line__000073,pdf_01000000__01004001___ad83d28842__scene__002,01004001_逍遥津.pdf,D:\University_studies\Junior\data_visualization\experiment\final_self\opera_dataset\01000000\01004001_逍遥津.pdf,01000000/01004001_逍遥津.pdf,49bfac8f-ad5c-4639-829d-be1bd24f8504,2,【第二场】,73,dialogue,dialogue,院子,pdf_01000000__01004001___ad83d28842__char__aaab4af545,内白,白,内白,念白,院子,荀攸丞相到!,院子（内白）荀攸丞相到!
pdf_01000000__01004001___ad83d28842,逍遥津,pdf_01000000__01004001___ad83d28842__line__000073,pdf_01000000__01004001___ad83d28842__scene__002,01004001_逍遥津.pdf,D:\University_studies\Junior\data_visualization\experiment\final_self\opera_dataset\01000000\01004001_逍遥津.pdf,01000000/01004001_逍遥津.pdf,49bfac8f-ad5c-4639-829d-be1bd24f8504,2,【第二场】,73,dialogue,dialogue,荀攸,pdf_01000000__01004001___ad83d28842__char__1a389cc956,念,念,念,,荀攸,"忧国常带病,何日称我心。","荀攸（念）忧国常带病,何日称我心。"
pdf_01000000__01004001___ad83d28842,逍遥津,pdf_01000000__01004001___ad83d28842__line__000073,pdf_01000000__01004001___ad83d28842__scene__002,01004001_逍遥津.pdf,D:\University_studies\Junior\data_visualization\experiment\final_self\opera_dataset\01000000\01004001_逍遥津.pdf,01000000/01004001_逍遥津.pdf,49bfac8f-ad5c-4639-829d-be1bd24f8504,2,【第二场】,73,dialogue,dialogue,夏侯渊、司马懿、华歆、贾诩、郄虑、王粲、曹植、文聘,pdf_01000000__01004001___ad83d28842__char__d5cdde7486,同白,白,同白,念白,夏侯渊、司马懿、华歆、贾诩、郄虑、王粲、曹植、文聘；司马懿；夏侯渊；贾诩；文聘；郄虑；王粲；曹植；华歆,吓荀丞相!,夏侯渊、司马懿、华歆、贾诩、郄虑、王粲、曹植、文聘（同白）吓荀丞相!
pdf_01000000__01004001___ad83d28842,逍遥津,pdf_01000000__01004001___ad83d28842__line__000073,pdf_01000000__01004001___ad83d28842__scene__002,01004001_逍遥津.pdf,D:\University_studies\Junior\data_visualization\experiment\final_self\opera_dataset\01000000\01004001_逍遥津.pdf,01000000/01004001_逍遥津.pdf,49bfac8f-ad5c-4639-829d-be1bd24f8504,2,【第二场】,73,dialogue,dialogue,荀攸,pdf_01000000__01004001___ad83d28842__char__1a389cc956,白,白,白,请；坐；念白,荀攸,列公请坐!,荀攸（白）列公请坐!
pdf_01000000__01004001___ad83d28842,逍遥津,pdf_01000000__01004001___ad83d28842__line__000073,pdf_01000000__01004001___ad83d28842__scene__002,01004001_逍遥津.pdf,D:\University_studies\Junior\data_visualization\experiment\final_self\opera_dataset\01000000\01004001_逍遥津.pdf,01000000/01004001_逍遥津.pdf,49bfac8f-ad5c-4639-829d-be1bd24f8504,2,【第二场】,73,dialogue,dialogue,荀攸,pdf_01000000__01004001___ad83d28842__char__1a389cc956,白,白,白,念白,荀攸,"列位所为何事,起得这早?","荀攸（白）列位所为何事,起得这早?"
pdf_01000000__01004001___ad83d28842,逍遥津,pdf_01000000__01004001___ad83d28842__line__000073,pdf_01000000__01004001___ad83d28842__scene__002,01004001_逍遥津.pdf,D:\University_studies\Junior\data_visualization\experiment\final_self\opera_dataset\01000000\01004001_逍遥津.pdf,01000000/01004001_逍遥津.pdf,49bfac8f-ad5c-4639-829d-be1bd24f8504,2,【第二场】,73,dialogue,dialogue,贾诩,pdf_01000000__01004001___ad83d28842__char__c58aaf1cdb,白,白,白,来；念白,贾诩,"只因张将军相约,故而来早。","贾诩（白）只因张将军相约,故而来早。"
pdf_01000000__01004001___ad83d28842,逍遥津,pdf_01000000__01004001___ad83d28842__line__000073,pdf_01000000__01004001___ad83d28842__scene__002,01004001_逍遥津.pdf,D:\University_studies\Junior\data_visualization\experiment\final_self\opera_dataset\01000000\01004001_逍遥津.pdf,01000000/01004001_逍遥津.pdf,49bfac8f-ad5c-4639-829d-be1bd24f8504,2,【第二场】,73,dialogue,dialogue,荀攸,pdf_01000000__01004001___ad83d28842__char__1a389cc956,白,白,白,念白,荀攸,"吓,张将军相邀,所为何事?","荀攸（白）吓,张将军相邀,所为何事?"
pdf_01000000__01004001___ad83d28842,逍遥津,pdf_01000000__01004001___ad83d28842__line__000073,pdf_01000000__01004001___ad83d28842__scene__002,01004001_逍遥津.pdf,D:\University_studies\Junior\data_visualization\experiment\final_self\opera_dataset\01000000\01004001_逍遥津.pdf,01000000/01004001_逍遥津.pdf,49bfac8f-ad5c-4639-829d-be1bd24f8504,2,【第二场】,73,dialogue,dialogue,张辽,pdf_01000000__01004001___ad83d28842__char__d776eb269d,白,白,白,请；令；扶；念白,张辽,"只因献帝懦弱,不能治国安邦,致令东南烟尘四起,生灵涂炭,故而相请众位大人,欲将龙床推倒,扶保曹丞相登基接位!如今众位大人皆服此议。","张辽（白）只因献帝懦弱,不能治国安邦,致令东南烟尘四起,生灵涂炭,故而相请众位大人,欲将龙床推倒,扶保曹丞相登基接位!如今众位大人皆服此议。"
pdf_01000000__01004001___ad83d28842,逍遥津,pdf_01000000__01004001___ad83d28842__line__000073,pdf_01000000__01004001___ad83d28842__scene__002,01004001_逍遥津.pdf,D:\University_studies\Junior\data_visualization\experiment\final_self\opera_dataset\01000000\01004001_逍遥津.pdf,01000000/01004001_逍遥津.pdf,49bfac8f-ad5c-4639-829d-be1bd24f8504,2,【第二场】,73,dialogue,dialogue,夏侯渊、司马懿、华歆、贾诩、郄虑、王粲、曹植、文聘,pdf_01000000__01004001___ad83d28842__char__d5cdde7486,同白,白,同白,念白,夏侯渊、司马懿、华歆、贾诩、郄虑、王粲、曹植、文聘；司马懿；夏侯渊；贾诩；文聘；郄虑；王粲；曹植；华歆,"我等皆服,荀丞相谅也无他!","夏侯渊、司马懿、华歆、贾诩、郄虑、王粲、曹植、文聘（同白）我等皆服,荀丞相谅也无他!"
pdf_01000000__01004001___ad83d28842,逍遥津,pdf_01000000__01004001___ad83d28842__line__000073,pdf_01000000__01004001___ad83d28842__scene__002,01004001_逍遥津.pdf,D:\University_studies\Junior\data_visualization\experiment\final_self\opera_dataset\01000000\01004001_逍遥津.pdf,01000000/01004001_逍遥津.pdf,49bfac8f-ad5c-4639-829d-be1bd24f8504,2,【第二场】,73,dialogue,dialogue,荀攸,pdf_01000000__01004001___ad83d28842__char__1a389cc956,白,白,白,扶；念白,荀攸,"你将龙床推倒,扶保曹丞相登基,欲将吾主置于何地?","荀攸（白）你将龙床推倒,扶保曹丞相登基,欲将吾主置于何地?"
pdf_01000000__01004001___ad83d28842,逍遥津,pdf_01000000__01004001___ad83d28842__line__000073,pdf_01000000__01004001___ad83d28842__scene__002,01004001_逍遥津.pdf,D:\University_studies\Junior\data_visualization\experiment\final_self\opera_dataset\01000000\01004001_逍遥津.pdf,01000000/01004001_逍遥津.pdf,49bfac8f-ad5c-4639-829d-be1bd24f8504,2,【第二场】,73,dialogue,dialogue,张辽,pdf_01000000__01004001___ad83d28842__char__d776eb269d,白,白,白,念白,张辽,这个!,张辽（白）这个!
pdf_01000000__01004001___ad83d28842,逍遥津,pdf_01000000__01004001___ad83d28842__line__000073,pdf_01000000__01004001___ad83d28842__scene__002,01004001_逍遥津.pdf,D:\University_studies\Junior\data_visualization\experiment\final_self\opera_dataset\01000000\01004001_逍遥津.pdf,01000000/01004001_逍遥津.pdf,49bfac8f-ad5c-4639-829d-be1bd24f8504,2,【第二场】,73,dialogue,dialogue,华歆,pdf_01000000__01004001___ad83d28842__char__c3323ed43f,白,白,白,念白,华歆,众位大人!自古云老而不死是为贼!,华歆（白）众位大人!自古云老而不死是为贼!
pdf_01000000__01004001___ad83d28842,逍遥津,pdf_01000000__01004001___ad83d28842__line__000073,pdf_01000000__01004001___ad83d28842__scene__002,01004001_逍遥津.pdf,D:\University_studies\Junior\data_visualization\experiment\final_self\opera_dataset\01000000\01004001_逍遥津.pdf,01000000/01004001_逍遥津.pdf,49bfac8f-ad5c-4639-829d-be1bd24f8504,2,【第二场】,73,dialogue,dialogue,荀攸,pdf_01000000__01004001___ad83d28842__char__1a389cc956,白,白,白,念白,荀攸,嘿嘿好无礼!,荀攸（白）嘿嘿好无礼!
pdf_01000000__01004001___ad83d28842,逍遥津,pdf_01000000__01004001___ad83d28842__line__000073,pdf_01000000__01004001___ad83d28842__scene__002,01004001_逍遥津.pdf,D:\University_studies\Junior\data_visualization\experiment\final_self\opera_dataset\01000000\01004001_逍遥津.pdf,01000000/01004001_逍遥津.pdf,49bfac8f-ad5c-4639-829d-be1bd24f8504,2,【第二场】,73,dialogue,dialogue,曹操,pdf_01000000__01004001___ad83d28842__char__e1bd96b7dd,白,白,白,念白,曹操,"列位大人,为何起得甚早?","曹操（白）列位大人,为何起得甚早?"
pdf_01000000__01004001___ad83d28842,逍遥津,pdf_01000000__01004001___ad83d28842__line__000073,pdf_01000000__01004001___ad83d28842__scene__002,01004001_逍遥津.pdf,D:\University_studies\Junior\data_visualization\experiment\final_self\opera_dataset\01000000\01004001_逍遥津.pdf,01000000/01004001_逍遥津.pdf,49bfac8f-ad5c-4639-829d-be1bd24f8504,2,【第二场】,73,dialogue,dialogue,华歆、贾诩、郄虑、王粲、曹植、文聘,pdf_01000000__01004001___ad83d28842__char__9415cc533e,同白,白,同白,来；念白,华歆、贾诩、郄虑、王粲、曹植、文聘；贾诩；文聘；郄虑；王粲；曹植；华歆,"只因张将军相约,故而来早。","华歆、贾诩、郄虑、王粲、曹植、文聘（同白）只因张将军相约,故而来早。"
pdf_01000000__01004001___ad83d28842,逍遥津,pdf_01000000__01004001___ad83d28842__line__000073,pdf_01000000__01004001___ad83d28842__scene__002,01004001_逍遥津.pdf,D:\University_studies\Junior\data_visualization\experiment\final_self\opera_dataset\01000000\01004001_逍遥津.pdf,01000000/01004001_逍遥津.pdf,49bfac8f-ad5c-4639-829d-be1bd24f8504,2,【第二场】,73,dialogue,dialogue,曹操,pdf_01000000__01004001___ad83d28842__char__e1bd96b7dd,白,白,白,念白,曹操,"文远,何事相邀列公?","曹操（白）文远,何事相邀列公?"
pdf_01000000__01004001___ad83d28842,逍遥津,pdf_01000000__01004001___ad83d28842__line__000073,pdf_01000000__01004001___ad83d28842__scene__002,01004001_逍遥津.pdf,D:\University_studies\Junior\data_visualization\experiment\final_self\opera_dataset\01000000\01004001_逍遥津.pdf,01000000/01004001_逍遥津.pdf,49bfac8f-ad5c-4639-829d-be1bd24f8504,2,【第二场】,73,dialogue,dialogue,张辽,pdf_01000000__01004001___ad83d28842__char__d776eb269d,白,白,白,请；扶；念白,张辽,"只因献帝懦弱,不能治国安邦,故而特请众位大人到此,欲将龙床推倒,扶保丞相相登基接位,如今众位大人皆服愚见。","张辽（白）只因献帝懦弱,不能治国安邦,故而特请众位大人到此,欲将龙床推倒,扶保丞相相登基接位,如今众位大人皆服愚见。"
pdf_01000000__01004001___ad83d28842,逍遥津,pdf_01000000__01004001___ad83d28842__line__000073,pdf_01000000__01004001___ad83d28842__scene__002,01004001_逍遥津.pdf,D:\University_studies\Junior\data_visualization\experiment\final_self\opera_dataset\01000000\01004001_逍遥津.pdf,01000000/01004001_逍遥津.pdf,49bfac8f-ad5c-4639-829d-be1bd24f8504,2,【第二场】,73,dialogue,dialogue,夏侯渊、司马懿、华歆、贾诩、郄虑、王粲、曹植、文聘,pdf_01000000__01004001___ad83d28842__char__d5cdde7486,同白,白,同白,念白,夏侯渊、司马懿、华歆、贾诩、郄虑、王粲、曹植、文聘；司马懿；夏侯渊；贾诩；文聘；郄虑；王粲；曹植；华歆,吾等皆服张将军高见。,夏侯渊、司马懿、华歆、贾诩、郄虑、王粲、曹植、文聘（同白）吾等皆服张将军高见。
pdf_01000000__01004001___ad83d28842,逍遥津,pdf_01000000__01004001___ad83d28842__line__000073,pdf_01000000__01004001___ad83d28842__scene__002,01004001_逍遥津.pdf,D:\University_studies\Junior\data_visualization\experiment\final_self\opera_dataset\01000000\01004001_逍遥津.pdf,01000000/01004001_逍遥津.pdf,49bfac8f-ad5c-4639-829d-be1bd24f8504,2,【第二场】,73,dialogue,dialogue,曹操,pdf_01000000__01004001___ad83d28842__char__e1bd96b7dd,白,白,白,来；念白,曹操,"唉!休要胡说!列公皆知圣贤之书,自古以来,哪有臣占君位之理!","曹操（白）唉!休要胡说!列公皆知圣贤之书,自古以来,哪有臣占君位之理!"
pdf_01000000__01004001___ad83d28842,逍遥津,pdf_01000000__01004001___ad83d28842__line__000073,pdf_01000000__01004001___ad83d28842__scene__002,01004001_逍遥津.pdf,D:\University_studies\Junior\data_visualization\experiment\final_self\opera_dataset\01000000\01004001_逍遥津.pdf,01000000/01004001_逍遥津.pdf,49bfac8f-ad5c-4639-829d-be1bd24f8504,2,【第二场】,73,dialogue,dialogue,张辽,pdf_01000000__01004001___ad83d28842__char__d776eb269d,白,白,白,命；念白,张辽,遵命!,张辽（白）遵命!
pdf_01000000__01004001___ad83d28842,逍遥津,pdf_01000000__01004001___ad83d28842__line__000073,pdf_01000000__01004001___ad83d28842__scene__002,01004001_逍遥津.pdf,D:\University_studies\Junior\data_visualization\experiment\final_self\opera_dataset\01000000\01004001_逍遥津.pdf,01000000/01004001_逍遥津.pdf,49bfac8f-ad5c-4639-829d-be1bd24f8504,2,【第二场】,73,dialogue,dialogue,曹操,pdf_01000000__01004001___ad83d28842__char__e1bd96b7dd,白,白,白,念白,曹操,适才何人在此?,曹操（白）适才何人在此?
pdf_01000000__01004001___ad83d28842,逍遥津,pdf_01000000__01004001___ad83d28842__line__000073,pdf_01000000__01004001___ad83d28842__scene__002,01004001_逍遥津.pdf,D:\University_studies\Junior\data_visualization\experiment\final_self\opera_dataset\01000000\01004001_逍遥津.pdf,01000000/01004001_逍遥津.pdf,49bfac8f-ad5c-4639-829d-be1bd24f8504,2,【第二场】,73,dialogue,dialogue,夏侯渊、司马懿、华歆、贾诩、郄虑、王粲、曹植、文聘,pdf_01000000__01004001___ad83d28842__char__d5cdde7486,同白,白,同白,念白,夏侯渊、司马懿、华歆、贾诩、郄虑、王粲、曹植、文聘；司马懿；夏侯渊；贾诩；文聘；郄虑；王粲；曹植；华歆,荀攸丞相。,夏侯渊、司马懿、华歆、贾诩、郄虑、王粲、曹植、文聘（同白）荀攸丞相。
pdf_01000000__01004001___ad83d28842,逍遥津,pdf_01000000__01004001___ad83d28842__line__000073,pdf_01000000__01004001___ad83d28842__scene__002,01004001_逍遥津.pdf,D:\University_studies\Junior\data_visualization\experiment\final_self\opera_dataset\01000000\01004001_逍遥津.pdf,01000000/01004001_逍遥津.pdf,49bfac8f-ad5c-4639-829d-be1bd24f8504,2,【第二场】,73,dialogue,dialogue,曹操,pdf_01000000__01004001___ad83d28842__char__e1bd96b7dd,白,白,白,念白,曹操,"嘿嘿,这老儿欲效荀彧之故事耳!","曹操（白）嘿嘿,这老儿欲效荀彧之故事耳!"
pdf_01000000__01004001___ad83d28842,逍遥津,pdf_01000000__01004001___ad83d28842__line__000073,pdf_01000000__01004001___ad83d28842__scene__002,01004001_逍遥津.pdf,D:\University_studies\Junior\data_visualization\experiment\final_self\opera_dataset\01000000\01004001_逍遥津.pdf,01000000/01004001_逍遥津.pdf,49bfac8f-ad5c-4639-829d-be1bd24f8504,2,【第二场】,73,dialogue,dialogue,院子,pdf_01000000__01004001___ad83d28842__char__aaab4af545,白,白,白,报；吐；念白,院子,"报:荀攸尚书回府,口吐鲜血而亡!","院子（白）报:荀攸尚书回府,口吐鲜血而亡!"
pdf_01000000__01004001___ad83d28842,逍遥津,pdf_01000000__01004001___ad83d28842__line__000073,pdf_01000000__01004001___ad83d28842__scene__002,01004001_逍遥津.pdf,D:\University_studies\Junior\data_visualization\experiment\final_self\opera_dataset\01000000\01004001_逍遥津.pdf,01000000/01004001_逍遥津.pdf,49bfac8f-ad5c-4639-829d-be1bd24f8504,2,【第二场】,73,dialogue,dialogue,曹操,pdf_01000000__01004001___ad83d28842__char__e1bd96b7dd,白,白,白,叹；吐；念白,曹操,"咳,可叹吓,可叹!这老儿跟随老夫多年,东荡西除,如今口吐鲜血而亡。呵呵,待老夫奏明天子,赐他个金井玉葬!","曹操（白）咳,可叹吓,可叹!这老儿跟随老夫多年,东荡西除,如今口吐鲜血而亡。呵呵,待老夫奏明天子,赐他个金井玉葬!"
pdf_01000000__01004001___ad83d28842,逍遥津,pdf_01000000__01004001___ad83d28842__line__000073,pdf_01000000__01004001___ad83d28842__scene__002,01004001_逍遥津.pdf,D:\University_studies\Junior\data_visualization\experiment\final_self\opera_dataset\01000000\01004001_逍遥津.pdf,01000000/01004001_逍遥津.pdf,49bfac8f-ad5c-4639-829d-be1bd24f8504,2,【第二场】,73,dialogue,dialogue,院子,pdf_01000000__01004001___ad83d28842__char__aaab4af545,白,白,白,念白,院子,谢丞相!,院子（白）谢丞相!
pdf_01000000__01004001___ad83d28842,逍遥津,pdf_01000000__01004001___ad83d28842__line__000073,pdf_01000000__01004001___ad83d28842__scene__002,01004001_逍遥津.pdf,D:\University_studies\Junior\data_visualization\experiment\final_self\opera_dataset\01000000\01004001_逍遥津.pdf,01000000/01004001_逍遥津.pdf,49bfac8f-ad5c-4639-829d-be1bd24f8504,2,【第二场】,73,dialogue,dialogue,曹操,pdf_01000000__01004001___ad83d28842__char__e1bd96b7dd,白,白,白,下；拜；念白,曹操,"列位大人,吏部之缺,不可一日无人掌握,老夫欲将子建小儿,拜在贾大人名下学习,权授吏部之职。","曹操（白）列位大人,吏部之缺,不可一日无人掌握,老夫欲将子建小儿,拜在贾大人名下学习,权授吏部之职。"
pdf_01000000__01004001___ad83d28842,逍遥津,pdf_01000000__01004001___ad83d28842__line__000073,pdf_01000000__01004001___ad83d28842__scene__002,01004001_逍遥津.pdf,D:\University_studies\Junior\data_visualization\experiment\final_self\opera_dataset\01000000\01004001_逍遥津.pdf,01000000/01004001_逍遥津.pdf,49bfac8f-ad5c-4639-829d-be1bd24f8504,2,【第二场】,73,dialogue,dialogue,曹植,pdf_01000000__01004001___ad83d28842__char__2290058c52,白,白,白,上；请；拜；念白,曹植,"吓,贾大人请上,受晚生一拜!","曹植（白）吓,贾大人请上,受晚生一拜!"
pdf_01000000__01004001___ad83d28842,逍遥津,pdf_01000000__01004001___ad83d28842__line__000073,pdf_01000000__01004001___ad83d28842__scene__002,01004001_逍遥津.pdf,D:\University_studies\Junior\data_visualization\experiment\final_self\opera_dataset\01000000\01004001_逍遥津.pdf,01000000/01004001_逍遥津.pdf,49bfac8f-ad5c-4639-829d-be1bd24f8504,2,【第二场】,73,dialogue,dialogue,曹操,pdf_01000000__01004001___ad83d28842__char__e1bd96b7dd,白,白,白,上；立；念白,曹操,"列位,老夫不图别的,但愿吾死之后,奉托列公立一碑文,镌上“汉大将军曹公之墓”数字,也就够了!","曹操（白）列位,老夫不图别的,但愿吾死之后,奉托列公立一碑文,镌上“汉大将军曹公之墓”数字,也就够了!"
pdf_01000000__01004001___ad83d28842,逍遥津,pdf_01000000__01004001___ad83d28842__line__000073,pdf_01000000__01004001___ad83d28842__scene__002,01004001_逍遥津.pdf,D:\University_studies\Junior\data_visualization\experiment\final_self\opera_dataset\01000000\01004001_逍遥津.pdf,01000000/01004001_逍遥津.pdf,49bfac8f-ad5c-4639-829d-be1bd24f8504,2,【第二场】,73,dialogue,dialogue,张辽、夏侯渊、司马懿、华歆、贾诩、郄虑、王粲、曹植、文聘,pdf_01000000__01004001___ad83d28842__char__58e06168f0,同白,白,同白,下；念白,张辽、夏侯渊、司马懿、华歆、贾诩、郄虑、王粲、曹植、文聘；司马懿；夏侯渊；贾诩；文聘；郄虑；王粲；曹植；张辽；华歆,吾等记下。,张辽、夏侯渊、司马懿、华歆、贾诩、郄虑、王粲、曹植、文聘（同白）吾等记下。
pdf_01000000__01004001___ad83d28842,逍遥津,pdf_01000000__01004001___ad83d28842__line__000073,pdf_01000000__01004001___ad83d28842__scene__002,01004001_逍遥津.pdf,D:\University_studies\Junior\data_visualization\experiment\final_self\opera_dataset\01000000\01004001_逍遥津.pdf,01000000/01004001_逍遥津.pdf,49bfac8f-ad5c-4639-829d-be1bd24f8504,2,【第二场】,73,dialogue,dialogue,曹操,pdf_01000000__01004001___ad83d28842__char__e1bd96b7dd,白,白,白,念白,曹操,还有两处烟尘未灭!,曹操（白）还有两处烟尘未灭!
pdf_01000000__01004001___ad83d28842,逍遥津,pdf_01000000__01004001___ad83d28842__line__000073,pdf_01000000__01004001___ad83d28842__scene__002,01004001_逍遥津.pdf,D:\University_studies\Junior\data_visualization\experiment\final_self\opera_dataset\01000000\01004001_逍遥津.pdf,01000000/01004001_逍遥津.pdf,49bfac8f-ad5c-4639-829d-be1bd24f8504,2,【第二场】,73,dialogue,dialogue,文聘,pdf_01000000__01004001___ad83d28842__char__94350a27fe,同白,白,同白,念白,文聘,是哪两处?,文聘（同白）是哪两处?
pdf_01000000__01004001___ad83d28842,逍遥津,pdf_01000000__01004001___ad83d28842__line__000073,pdf_01000000__01004001___ad83d28842__scene__002,01004001_逍遥津.pdf,D:\University_studies\Junior\data_visualization\experiment\final_self\opera_dataset\01000000\01004001_逍遥津.pdf,01000000/01004001_逍遥津.pdf,49bfac8f-ad5c-4639-829d-be1bd24f8504,2,【第二场】,73,dialogue,dialogue,曹操,pdf_01000000__01004001___ad83d28842__char__e1bd96b7dd,白,白,白,上；道；坐；念白,曹操,"东吴孙权,虎踞江东;西蜀刘备,稳坐西川,两寇不除,乃是我朝心腹大患!少时上殿,一同启奏。正是:君有道社稷牢,父仁慈子行孝。","曹操（白）东吴孙权,虎踞江东;西蜀刘备,稳坐西川,两寇不除,乃是我朝心腹大患!少时上殿,一同启奏。正是:君有道社稷牢,父仁慈子行孝。"
pdf_01000000__01004001___ad83d28842,逍遥津,pdf_01000000__01004001___ad83d28842__line__000073,pdf_01000000__01004001___ad83d28842__scene__002,01004001_逍遥津.pdf,D:\University_studies\Junior\data_visualization\experiment\final_self\opera_dataset\01000000\01004001_逍遥津.pdf,01000000/01004001_逍遥津.pdf,49bfac8f-ad5c-4639-829d-be1bd24f8504,2,【第二场】,73,dialogue,dialogue,文聘,pdf_01000000__01004001___ad83d28842__char__94350a27fe,同念,对白,同念,,文聘,"但愿狼烟尽皆扫,","文聘（同念）但愿狼烟尽皆扫,"
pdf_01000000__01004001___ad83d28842,逍遥津,pdf_01000000__01004001___ad83d28842__line__000073,pdf_01000000__01004001___ad83d28842__scene__002,01004001_逍遥津.pdf,D:\University_studies\Junior\data_visualization\experiment\final_self\opera_dataset\01000000\01004001_逍遥津.pdf,01000000/01004001_逍遥津.pdf,49bfac8f-ad5c-4639-829d-be1bd24f8504,2,【第二场】,73,dialogue,dialogue,华歆,pdf_01000000__01004001___ad83d28842__char__c3323ed43f,白,白,白,念白,华歆,丞相!,华歆（白）丞相!
pdf_01000000__01004001___ad83d28842,逍遥津,pdf_01000000__01004001___ad83d28842__line__000073,pdf_01000000__01004001___ad83d28842__scene__002,01004001_逍遥津.pdf,D:\University_studies\Junior\data_visualization\experiment\final_self\opera_dataset\01000000\01004001_逍遥津.pdf,01000000/01004001_逍遥津.pdf,49bfac8f-ad5c-4639-829d-be1bd24f8504,2,【第二场】,73,dialogue,dialogue,文聘,pdf_01000000__01004001___ad83d28842__char__94350a27fe,同白,白,同白,请；念白,文聘,请!,文聘（同白）请!
pdf_01000000__01004001___ad83d28842,逍遥津,pdf_01000000__01004001___ad83d28842__line__000077,pdf_01000000__01004001___ad83d28842__scene__003,01004001_逍遥津.pdf,D:\University_studies\Junior\data_visualization\experiment\final_self\opera_dataset\01000000\01004001_逍遥津.pdf,01000000/01004001_逍遥津.pdf,49bfac8f-ad5c-4639-829d-be1bd24f8504,3,【第三场】,77,dialogue,dialogue,汉献帝,pdf_01000000__01004001___ad83d28842__char__c5e9da9fa3,引子,对白,引子,,汉献帝,"海晏河清,社稷宁,四海升平。","汉献帝（引子）海晏河清,社稷宁,四海升平。"
pdf_01000000__01004001___ad83d28842,逍遥津,pdf_01000000__01004001___ad83d28842__line__000077,pdf_01000000__01004001___ad83d28842__scene__003,01004001_逍遥津.pdf,D:\University_studies\Junior\data_visualization\experiment\final_self\opera_dataset\01000000\01004001_逍遥津.pdf,01000000/01004001_逍遥津.pdf,49bfac8f-ad5c-4639-829d-be1bd24f8504,3,【第三场】,77,dialogue,dialogue,曹操,pdf_01000000__01004001___ad83d28842__char__e1bd96b7dd,白,白,白,念白,曹操,"臣曹操见驾,愿吾皇万岁!","曹操（白）臣曹操见驾,愿吾皇万岁!"
pdf_01000000__01004001___ad83d28842,逍遥津,pdf_01000000__01004001___ad83d28842__line__000077,pdf_01000000__01004001___ad83d28842__scene__003,01004001_逍遥津.pdf,D:\University_studies\Junior\data_visualization\experiment\final_self\opera_dataset\01000000\01004001_逍遥津.pdf,01000000/01004001_逍遥津.pdf,49bfac8f-ad5c-4639-829d-be1bd24f8504,3,【第三场】,77,dialogue,dialogue,汉献帝,pdf_01000000__01004001___ad83d28842__char__c5e9da9fa3,白,白,白,念白,汉献帝,平身。,汉献帝（白）平身。
pdf_01000000__01004001___ad83d28842,逍遥津,pdf_01000000__01004001___ad83d28842__line__000077,pdf_01000000__01004001___ad83d28842__scene__003,01004001_逍遥津.pdf,D:\University_studies\Junior\data_visualization\experiment\final_self\opera_dataset\01000000\01004001_逍遥津.pdf,01000000/01004001_逍遥津.pdf,49bfac8f-ad5c-4639-829d-be1bd24f8504,3,【第三场】,77,dialogue,dialogue,张辽、夏侯渊、司马懿、华歆、贾诩、郄虑、王粲、曹植、文聘、曹操,pdf_01000000__01004001___ad83d28842__char__f6ded73a6f,同白,白,同白,念白,张辽、夏侯渊、司马懿、华歆、贾诩、郄虑、王粲、曹植、文聘、曹操；司马懿；夏侯渊；贾诩；文聘；郄虑；王粲；曹操；曹植；张辽；华歆,万万岁!,张辽、夏侯渊、司马懿、华歆、贾诩、郄虑、王粲、曹植、文聘、曹操（同白）万万岁!
pdf_01000000__01004001___ad83d28842,逍遥津,pdf_01000000__01004001___ad83d28842__line__000077,pdf_01000000__01004001___ad83d28842__scene__003,01004001_逍遥津.pdf,D:\University_studies\Junior\data_visualization\experiment\final_self\opera_dataset\01000000\01004001_逍遥津.pdf,01000000/01004001_逍遥津.pdf,49bfac8f-ad5c-4639-829d-be1bd24f8504,3,【第三场】,77,dialogue,dialogue,汉献帝,pdf_01000000__01004001___ad83d28842__char__c5e9da9fa3,念,念,念,立,汉献帝,"孤王立帝在许昌,文臣武将定家邦。南征北剿曹丞相,忠心耿耿保孤王。","汉献帝（念）孤王立帝在许昌,文臣武将定家邦。南征北剿曹丞相,忠心耿耿保孤王。"
pdf_01000000__01004001___ad83d28842,逍遥津,pdf_01000000__01004001___ad83d28842__line__000077,pdf_01000000__01004001___ad83d28842__scene__003,01004001_逍遥津.pdf,D:\University_studies\Junior\data_visualization\experiment\final_self\opera_dataset\01000000\01004001_逍遥津.pdf,01000000/01004001_逍遥津.pdf,49bfac8f-ad5c-4639-829d-be1bd24f8504,3,【第三场】,77,dialogue,dialogue,曹操,pdf_01000000__01004001___ad83d28842__char__e1bd96b7dd,白,白,白,念白,曹操,嘿嘿嘿!,曹操（白）嘿嘿嘿!
pdf_01000000__01004001___ad83d28842,逍遥津,pdf_01000000__01004001___ad83d28842__line__000077,pdf_01000000__01004001___ad83d28842__scene__003,01004001_逍遥津.pdf,D:\University_studies\Junior\data_visualization\experiment\final_self\opera_dataset\01000000\01004001_逍遥津.pdf,01000000/01004001_逍遥津.pdf,49bfac8f-ad5c-4639-829d-be1bd24f8504,3,【第三场】,77,dialogue,dialogue,汉献帝,pdf_01000000__01004001___ad83d28842__char__c5e9da9fa3,白,白,白,上；念白,汉献帝,"曹丞相上殿,有何本奏?","汉献帝（白）曹丞相上殿,有何本奏?"
pdf_01000000__01004001___ad83d28842,逍遥津,pdf_01000000__01004001___ad83d28842__line__000077,pdf_01000000__01004001___ad83d28842__scene__003,01004001_逍遥津.pdf,D:\University_studies\Junior\data_visualization\experiment\final_self\opera_dataset\01000000\01004001_逍遥津.pdf,01000000/01004001_逍遥津.pdf,49bfac8f-ad5c-4639-829d-be1bd24f8504,3,【第三场】,77,dialogue,dialogue,曹操,pdf_01000000__01004001___ad83d28842__char__e1bd96b7dd,白,白,白,念白,曹操,"启万岁:外有两处烟尘未扫,乃是吾朝之后患!","曹操（白）启万岁:外有两处烟尘未扫,乃是吾朝之后患!"
pdf_01000000__01004001___ad83d28842,逍遥津,pdf_01000000__01004001___ad83d28842__line__000077,pdf_01000000__01004001___ad83d28842__scene__003,01004001_逍遥津.pdf,D:\University_studies\Junior\data_visualization\experiment\final_self\opera_dataset\01000000\01004001_逍遥津.pdf,01000000/01004001_逍遥津.pdf,49bfac8f-ad5c-4639-829d-be1bd24f8504,3,【第三场】,77,dialogue,dialogue,汉献帝,pdf_01000000__01004001___ad83d28842__char__c5e9da9fa3,白,白,白,念白,汉献帝,是哪两处?,汉献帝（白）是哪两处?
pdf_01000000__01004001___ad83d28842,逍遥津,pdf_01000000__01004001___ad83d28842__line__000077,pdf_01000000__01004001___ad83d28842__scene__003,01004001_逍遥津.pdf,D:\University_studies\Junior\data_visualization\experiment\final_self\opera_dataset\01000000\01004001_逍遥津.pdf,01000000/01004001_逍遥津.pdf,49bfac8f-ad5c-4639-829d-be1bd24f8504,3,【第三场】,77,dialogue,dialogue,曹操,pdf_01000000__01004001___ad83d28842__char__e1bd96b7dd,白,白,白,坐；念白,曹操,"东吴孙权虎踞江东;西蜀刘备稳坐西川。两寇不除,乃是后患!","曹操（白）东吴孙权虎踞江东;西蜀刘备稳坐西川。两寇不除,乃是后患!"
pdf_01000000__01004001___ad83d28842,逍遥津,pdf_01000000__01004001___ad83d28842__line__000083,pdf_01000000__01004001___ad83d28842__scene__004,01004001_逍遥津.pdf,D:\University_studies\Junior\data_visualization\experiment\final_self\opera_dataset\01000000\01004001_逍遥津.pdf,01000000/01004001_逍遥津.pdf,49bfac8f-ad5c-4639-829d-be1bd24f8504,4,【第四场】,83,stage_direction,stage_direction,,,四宫女引曹妃、伏后同上。,做,四宫女引曹妃、伏后同上。,上,伏后；曹妃,,（四宫女引曹妃、伏后同上。）
pdf_01000000__01004001___ad83d28842,逍遥津,pdf_01000000__01004001___ad83d28842__line__000085,pdf_01000000__01004001___ad83d28842__scene__004,01004001_逍遥津.pdf,D:\University_studies\Junior\data_visualization\experiment\final_self\opera_dataset\01000000\01004001_逍遥津.pdf,01000000/01004001_逍遥津.pdf,49bfac8f-ad5c-4639-829d-be1bd24f8504,4,【第四场】,85,dialogue,dialogue,伏后,pdf_01000000__01004001___ad83d28842__char__9dd690d913,念,念,念,,伏后；曹妃,风吹玉珮响，曹妃 （念） 明月照纱窗。,伏后 （念） 风吹玉珮响，曹妃 （念） 明月照纱窗。
pdf_01000000__01004001___ad83d28842,逍遥津,pdf_01000000__01004001___ad83d28842__line__000087,pdf_01000000__01004001___ad83d28842__scene__004,01004001_逍遥津.pdf,D:\University_studies\Junior\data_visualization\experiment\final_self\opera_dataset\01000000\01004001_逍遥津.pdf,01000000/01004001_逍遥津.pdf,49bfac8f-ad5c-4639-829d-be1bd24f8504,4,【第四场】,87,stage_direction,stage_direction,,,四太监引汉献帝同上，穆顺上。,做,四太监引汉献帝同上，穆顺上。,上,汉献帝；穆顺,,（四太监引汉献帝同上，穆顺上。）
pdf_01000000__01004001___ad83d28842,逍遥津,pdf_01000000__01004001___ad83d28842__line__000089,pdf_01000000__01004001___ad83d28842__scene__004,01004001_逍遥津.pdf,D:\University_studies\Junior\data_visualization\experiment\final_self\opera_dataset\01000000\01004001_逍遥津.pdf,01000000/01004001_逍遥津.pdf,49bfac8f-ad5c-4639-829d-be1bd24f8504,4,【第四场】,89,lyric,lyric,汉献帝,pdf_01000000__01004001___ad83d28842__char__c5e9da9fa3,西皮散板,唱,西皮散板,去；命；坐；叹；唱段,汉献帝；伏后；曹妃,内侍摆驾回宫廷，见了梓童说分明。伏后 （白） 妾妃见驾，万岁！汉献帝 （白） 平身。赐座！伏后 （白） 万万岁！谢坐。汉献帝 （白） 咳！可恼呀可恼！伏后 （白） 万岁为何长叹？汉献帝 （白） 梓童有所不知，今曹妃 （白） 万岁，“曹”什么？伏后 （白） 御妹去命光禄寺曹妃 （白） 是。适才万岁，说了个（念） 闭户闲观窗外月，,汉献帝 （西皮散板） 内侍摆驾回宫廷，见了梓童说分明。伏后 （白） 妾妃见驾，万岁！汉献帝 （白） 平身。赐座！伏后 （白） 万万岁！谢坐。汉献帝 （白） 咳！可恼呀可恼！伏后 （白） 万岁为何长叹？汉献帝 （白） 梓童有所不知，今曹妃 （白） 万岁，“曹”什么？伏后 （白） 御妹去命光禄寺曹妃 （白） 是。适才万岁，说了个（念） 闭户闲观窗外月，
pdf_01000000__01004001___ad83d28842,逍遥津,pdf_01000000__01004001___ad83d28842__line__000091,pdf_01000000__01004001___ad83d28842__scene__004,01004001_逍遥津.pdf,D:\University_studies\Junior\data_visualization\experiment\final_self\opera_dataset\01000000\01004001_逍遥津.pdf,01000000/01004001_逍遥津.pdf,49bfac8f-ad5c-4639-829d-be1bd24f8504,4,【第四场】,91,stage_direction,stage_direction,,,曹妃下。,做,曹妃下。,下,曹妃,,（曹妃下。）
pdf_01000000__01004001___ad83d28842,逍遥津,pdf_01000000__01004001___ad83d28842__line__000093,pdf_01000000__01004001___ad83d28842__scene__004,01004001_逍遥津.pdf,D:\University_studies\Junior\data_visualization\experiment\final_self\opera_dataset\01000000\01004001_逍遥津.pdf,01000000/01004001_逍遥津.pdf,49bfac8f-ad5c-4639-829d-be1bd24f8504,4,【第四场】,93,dialogue,dialogue,伏后,pdf_01000000__01004001___ad83d28842__char__9dd690d913,白,白,白,上；念白,汉献帝；曹操；伏后,万岁，“曹”什么吓？汉献帝 （白） 适才曹操带剑上殿，（汉献帝洒泪。）,伏后 （白） 万岁，“曹”什么吓？汉献帝 （白） 适才曹操带剑上殿，（汉献帝洒泪。）
pdf_01000000__01004001___ad83d28842,逍遥津,pdf_01000000__01004001___ad83d28842__line__000095,pdf_01000000__01004001___ad83d28842__scene__004,01004001_逍遥津.pdf,D:\University_studies\Junior\data_visualization\experiment\final_self\opera_dataset\01000000\01004001_逍遥津.pdf,01000000/01004001_逍遥津.pdf,49bfac8f-ad5c-4639-829d-be1bd24f8504,4,【第四场】,95,dialogue,dialogue,伏后,pdf_01000000__01004001___ad83d28842__char__9dd690d913,白,白,白,上；下；看；请；道；杀；刺；念白,汉献帝；伏后,既然如此，万岁何不写下血诏，搬请各路诸侯，共灭逆贼，以安社稷。汉献帝 （白） 此计甚好，看白绫伺侯！（西皮导板） 奸贼金殿行霸道，（西皮原板） 刺杀孤皇为哪条？含悲忍泪把指尖咬，鲜血淋漓书血诏。上写晓谕众卿晓：,伏后 （白） 既然如此，万岁何不写下血诏，搬请各路诸侯，共灭逆贼，以安社稷。汉献帝 （白） 此计甚好，看白绫伺侯！（西皮导板） 奸贼金殿行霸道，（西皮原板） 刺杀孤皇为哪条？含悲忍泪把指尖咬，鲜血淋漓书血诏。上写晓谕众卿晓：
pdf_01000000__01004001___ad83d28842,逍遥津,pdf_01000000__01004001___ad83d28842__line__000097,pdf_01000000__01004001___ad83d28842__scene__004,01004001_逍遥津.pdf,D:\University_studies\Junior\data_visualization\experiment\final_self\opera_dataset\01000000\01004001_逍遥津.pdf,01000000/01004001_逍遥津.pdf,49bfac8f-ad5c-4639-829d-be1bd24f8504,4,【第四场】,97,dialogue,dialogue,伏后,pdf_01000000__01004001___ad83d28842__char__9dd690d913,白,白,白,去；看；命；念白,穆顺；伏后,"我看穆顺忠心耿耿,何不命他前去搬兵。","伏后（白）我看穆顺忠心耿耿,何不命他前去搬兵。"
pdf_01000000__01004001___ad83d28842,逍遥津,pdf_01000000__01004001___ad83d28842__line__000097,pdf_01000000__01004001___ad83d28842__scene__004,01004001_逍遥津.pdf,D:\University_studies\Junior\data_visualization\experiment\final_self\opera_dataset\01000000\01004001_逍遥津.pdf,01000000/01004001_逍遥津.pdf,49bfac8f-ad5c-4639-829d-be1bd24f8504,4,【第四场】,97,dialogue,dialogue,汉献帝,pdf_01000000__01004001___ad83d28842__char__c5e9da9fa3,白,白,白,念白,汉献帝；穆顺,穆顺!,汉献帝（白）穆顺!
pdf_01000000__01004001___ad83d28842,逍遥津,pdf_01000000__01004001___ad83d28842__line__000097,pdf_01000000__01004001___ad83d28842__scene__004,01004001_逍遥津.pdf,D:\University_studies\Junior\data_visualization\experiment\final_self\opera_dataset\01000000\01004001_逍遥津.pdf,01000000/01004001_逍遥津.pdf,49bfac8f-ad5c-4639-829d-be1bd24f8504,4,【第四场】,97,dialogue,dialogue,穆顺,pdf_01000000__01004001___ad83d28842__char__3fba7bea98,白,白,白,念白,穆顺,万岁!,穆顺（白）万岁!
pdf_01000000__01004001___ad83d28842,逍遥津,pdf_01000000__01004001___ad83d28842__line__000097,pdf_01000000__01004001___ad83d28842__scene__004,01004001_逍遥津.pdf,D:\University_studies\Junior\data_visualization\experiment\final_self\opera_dataset\01000000\01004001_逍遥津.pdf,01000000/01004001_逍遥津.pdf,49bfac8f-ad5c-4639-829d-be1bd24f8504,4,【第四场】,97,dialogue,dialogue,汉献帝,pdf_01000000__01004001___ad83d28842__char__c5e9da9fa3,白,白,白,上；下；请；命；刺；念白,汉献帝；曹操,"只因曹操带剑上殿,欲刺孤王,多亏众卿保驾,才得回宫。如今修下血诏,命卿往各路搬请诸侯,共灭曹贼,不知卿家可有此胆量?","汉献帝（白）只因曹操带剑上殿,欲刺孤王,多亏众卿保驾,才得回宫。如今修下血诏,命卿往各路搬请诸侯,共灭曹贼,不知卿家可有此胆量?"
pdf_01000000__01004001___ad83d28842,逍遥津,pdf_01000000__01004001___ad83d28842__line__000097,pdf_01000000__01004001___ad83d28842__scene__004,01004001_逍遥津.pdf,D:\University_studies\Junior\data_visualization\experiment\final_self\opera_dataset\01000000\01004001_逍遥津.pdf,01000000/01004001_逍遥津.pdf,49bfac8f-ad5c-4639-829d-be1bd24f8504,4,【第四场】,97,dialogue,dialogue,穆顺,pdf_01000000__01004001___ad83d28842__char__3fba7bea98,白,白,白,去；念白,曹操；穆顺,"哎,如今曹操这样欺君,奴婢有此胆量,去至各路搬取救兵,奴婢万死不辞!","穆顺（白）哎,如今曹操这样欺君,奴婢有此胆量,去至各路搬取救兵,奴婢万死不辞!"
pdf_01000000__01004001___ad83d28842,逍遥津,pdf_01000000__01004001___ad83d28842__line__000097,pdf_01000000__01004001___ad83d28842__scene__004,01004001_逍遥津.pdf,D:\University_studies\Junior\data_visualization\experiment\final_self\opera_dataset\01000000\01004001_逍遥津.pdf,01000000/01004001_逍遥津.pdf,49bfac8f-ad5c-4639-829d-be1bd24f8504,4,【第四场】,97,dialogue,dialogue,汉献帝,pdf_01000000__01004001___ad83d28842__char__c5e9da9fa3,白,白,白,上；请；拜；念白,汉献帝,"如此请上,受孤一拜!","汉献帝（白）如此请上,受孤一拜!"
pdf_01000000__01004001___ad83d28842,逍遥津,pdf_01000000__01004001___ad83d28842__line__000097,pdf_01000000__01004001___ad83d28842__scene__004,01004001_逍遥津.pdf,D:\University_studies\Junior\data_visualization\experiment\final_self\opera_dataset\01000000\01004001_逍遥津.pdf,01000000/01004001_逍遥津.pdf,49bfac8f-ad5c-4639-829d-be1bd24f8504,4,【第四场】,97,dialogue,dialogue,伏后,pdf_01000000__01004001___ad83d28842__char__9dd690d913,二黄摇板,唱,二黄摇板,,伏后,双手付与穆爱卿。,伏后（二黄摇板）双手付与穆爱卿。
pdf_01000000__01004001___ad83d28842,逍遥津,pdf_01000000__01004001___ad83d28842__line__000097,pdf_01000000__01004001___ad83d28842__scene__004,01004001_逍遥津.pdf,D:\University_studies\Junior\data_visualization\experiment\final_self\opera_dataset\01000000\01004001_逍遥津.pdf,01000000/01004001_逍遥津.pdf,49bfac8f-ad5c-4639-829d-be1bd24f8504,4,【第四场】,97,dialogue,dialogue,穆顺,pdf_01000000__01004001___ad83d28842__char__3fba7bea98,二黄导板,唱,二黄导板,哭,穆顺,"君臣们只哭得山摇地崩,万岁,娘娘,咳!万岁吓!","穆顺（二黄导板）君臣们只哭得山摇地崩,万岁,娘娘,咳!万岁吓!"
pdf_01000000__01004001___ad83d28842,逍遥津,pdf_01000000__01004001___ad83d28842__line__000097,pdf_01000000__01004001___ad83d28842__scene__004,01004001_逍遥津.pdf,D:\University_studies\Junior\data_visualization\experiment\final_self\opera_dataset\01000000\01004001_逍遥津.pdf,01000000/01004001_逍遥津.pdf,49bfac8f-ad5c-4639-829d-be1bd24f8504,4,【第四场】,97,dialogue,dialogue,汉献帝,pdf_01000000__01004001___ad83d28842__char__c5e9da9fa3,白,白,白,来；念白,汉献帝,穆卿回来!,汉献帝（白）穆卿回来!
pdf_01000000__01004001___ad83d28842,逍遥津,pdf_01000000__01004001___ad83d28842__line__000097,pdf_01000000__01004001___ad83d28842__scene__004,01004001_逍遥津.pdf,D:\University_studies\Junior\data_visualization\experiment\final_self\opera_dataset\01000000\01004001_逍遥津.pdf,01000000/01004001_逍遥津.pdf,49bfac8f-ad5c-4639-829d-be1bd24f8504,4,【第四场】,97,dialogue,dialogue,穆顺,pdf_01000000__01004001___ad83d28842__char__3fba7bea98,二黄摇板,唱,二黄摇板,,穆顺,万岁有话快说明!,穆顺（二黄摇板）万岁有话快说明!
pdf_01000000__01004001___ad83d28842,逍遥津,pdf_01000000__01004001___ad83d28842__line__000097,pdf_01000000__01004001___ad83d28842__scene__004,01004001_逍遥津.pdf,D:\University_studies\Junior\data_visualization\experiment\final_self\opera_dataset\01000000\01004001_逍遥津.pdf,01000000/01004001_逍遥津.pdf,49bfac8f-ad5c-4639-829d-be1bd24f8504,4,【第四场】,97,dialogue,dialogue,汉献帝,pdf_01000000__01004001___ad83d28842__char__c5e9da9fa3,白,白,白,念白,汉献帝,"此番出宫须要小心,若遇曹贼......咳!你我君臣,就不能见面了!","汉献帝（白）此番出宫须要小心,若遇曹贼......咳!你我君臣,就不能见面了!"
pdf_01000000__01004001___ad83d28842,逍遥津,pdf_01000000__01004001___ad83d28842__line__000097,pdf_01000000__01004001___ad83d28842__scene__004,01004001_逍遥津.pdf,D:\University_studies\Junior\data_visualization\experiment\final_self\opera_dataset\01000000\01004001_逍遥津.pdf,01000000/01004001_逍遥津.pdf,49bfac8f-ad5c-4639-829d-be1bd24f8504,4,【第四场】,97,dialogue,dialogue,穆顺,pdf_01000000__01004001___ad83d28842__char__3fba7bea98,白,白,白,念白,穆顺,哎呀!不不不好了!,穆顺（白）哎呀!不不不好了!
pdf_01000000__01004001___ad83d28842,逍遥津,pdf_01000000__01004001___ad83d28842__line__000097,pdf_01000000__01004001___ad83d28842__scene__004,01004001_逍遥津.pdf,D:\University_studies\Junior\data_visualization\experiment\final_self\opera_dataset\01000000\01004001_逍遥津.pdf,01000000/01004001_逍遥津.pdf,49bfac8f-ad5c-4639-829d-be1bd24f8504,4,【第四场】,97,dialogue,dialogue,汉献帝,pdf_01000000__01004001___ad83d28842__char__c5e9da9fa3,二黄摇板,唱,二黄摇板,来,汉献帝,"但愿救兵早来到,","汉献帝（二黄摇板）但愿救兵早来到,"
pdf_01000000__01004001___ad83d28842,逍遥津,pdf_01000000__01004001___ad83d28842__line__000097,pdf_01000000__01004001___ad83d28842__scene__004,01004001_逍遥津.pdf,D:\University_studies\Junior\data_visualization\experiment\final_self\opera_dataset\01000000\01004001_逍遥津.pdf,01000000/01004001_逍遥津.pdf,49bfac8f-ad5c-4639-829d-be1bd24f8504,4,【第四场】,97,dialogue,dialogue,伏后,pdf_01000000__01004001___ad83d28842__char__9dd690d913,二黄摇板,唱,二黄摇板,,伏后,灭却奸贼整吾朝。,伏后（二黄摇板）灭却奸贼整吾朝。
pdf_01000000__01004001___ad83d28842,逍遥津,pdf_01000000__01004001___ad83d28842__line__000101,pdf_01000000__01004001___ad83d28842__scene__005,01004001_逍遥津.pdf,D:\University_studies\Junior\data_visualization\experiment\final_self\opera_dataset\01000000\01004001_逍遥津.pdf,01000000/01004001_逍遥津.pdf,49bfac8f-ad5c-4639-829d-be1bd24f8504,5,【第五场】,101,stage_direction,stage_direction,,,穆顺上。,做,穆顺上。,上,穆顺,,（穆顺上。）
pdf_01000000__01004001___ad83d28842,逍遥津,pdf_01000000__01004001___ad83d28842__line__000103,pdf_01000000__01004001___ad83d28842__scene__005,01004001_逍遥津.pdf,D:\University_studies\Junior\data_visualization\experiment\final_self\opera_dataset\01000000\01004001_逍遥津.pdf,01000000/01004001_逍遥津.pdf,49bfac8f-ad5c-4639-829d-be1bd24f8504,5,【第五场】,103,dialogue,dialogue,穆顺,pdf_01000000__01004001___ad83d28842__char__3fba7bea98,白,白,白,上；来；念白,穆顺,来此已是相府，门上哪位在？,穆顺 （白） 来此已是相府，门上哪位在？
pdf_01000000__01004001___ad83d28842,逍遥津,pdf_01000000__01004001___ad83d28842__line__000105,pdf_01000000__01004001___ad83d28842__scene__005,01004001_逍遥津.pdf,D:\University_studies\Junior\data_visualization\experiment\final_self\opera_dataset\01000000\01004001_逍遥津.pdf,01000000/01004001_逍遥津.pdf,49bfac8f-ad5c-4639-829d-be1bd24f8504,5,【第五场】,105,stage_direction,stage_direction,,,院子上。,做,院子上。,上,院子,,（院子上。）
pdf_01000000__01004001___ad83d28842,逍遥津,pdf_01000000__01004001___ad83d28842__line__000107,pdf_01000000__01004001___ad83d28842__scene__005,01004001_逍遥津.pdf,D:\University_studies\Junior\data_visualization\experiment\final_self\opera_dataset\01000000\01004001_逍遥津.pdf,01000000/01004001_逍遥津.pdf,49bfac8f-ad5c-4639-829d-be1bd24f8504,5,【第五场】,107,dialogue,dialogue,院子,pdf_01000000__01004001___ad83d28842__char__aaab4af545,白,白,白,念白,院子,什么人？,院子 （白） 什么人？
pdf_01000000__01004001___ad83d28842,逍遥津,pdf_01000000__01004001___ad83d28842__line__000111,pdf_01000000__01004001___ad83d28842__scene__005,01004001_逍遥津.pdf,D:\University_studies\Junior\data_visualization\experiment\final_self\opera_dataset\01000000\01004001_逍遥津.pdf,01000000/01004001_逍遥津.pdf,49bfac8f-ad5c-4639-829d-be1bd24f8504,5,【第五场】,111,stage_direction,stage_direction,,,穆顺、伏完自两边分下。,做,穆顺、伏完自两边分下。,下,伏完；穆顺,,（穆顺、伏完自两边分下。）
pdf_01000000__01004001___ad83d28842,逍遥津,pdf_01000000__01004001___ad83d28842__line__000115,pdf_01000000__01004001___ad83d28842__scene__006,01004001_逍遥津.pdf,D:\University_studies\Junior\data_visualization\experiment\final_self\opera_dataset\01000000\01004001_逍遥津.pdf,01000000/01004001_逍遥津.pdf,49bfac8f-ad5c-4639-829d-be1bd24f8504,6,【第六场】,115,stage_direction,stage_direction,,,四大铠掌灯引夏侯渊同上。,做,四大铠掌灯引夏侯渊同上。,上,夏侯渊,,（四大铠掌灯引夏侯渊同上。）
pdf_01000000__01004001___ad83d28842,逍遥津,pdf_01000000__01004001___ad83d28842__line__000117,pdf_01000000__01004001___ad83d28842__scene__006,01004001_逍遥津.pdf,D:\University_studies\Junior\data_visualization\experiment\final_self\opera_dataset\01000000\01004001_逍遥津.pdf,01000000/01004001_逍遥津.pdf,49bfac8f-ad5c-4639-829d-be1bd24f8504,6,【第六场】,117,dialogue,dialogue,夏侯渊,pdf_01000000__01004001___ad83d28842__char__394feb30ad,白,白,白,来；命；念白,夏侯渊,俺，夏侯渊。今奉丞相之命，巡查御街。来，掌灯前往！,夏侯渊 （白） 俺，夏侯渊。今奉丞相之命，巡查御街。来，掌灯前往！
pdf_01000000__01004001___ad83d28842,逍遥津,pdf_01000000__01004001___ad83d28842__line__000119,pdf_01000000__01004001___ad83d28842__scene__006,01004001_逍遥津.pdf,D:\University_studies\Junior\data_visualization\experiment\final_self\opera_dataset\01000000\01004001_逍遥津.pdf,01000000/01004001_逍遥津.pdf,49bfac8f-ad5c-4639-829d-be1bd24f8504,6,【第六场】,119,stage_direction,stage_direction,,,穆顺上，过场，下。,做,穆顺上，过场，下。,上；下,穆顺,,（穆顺上，过场，下。）
pdf_01000000__01004001___ad83d28842,逍遥津,pdf_01000000__01004001___ad83d28842__line__000121,pdf_01000000__01004001___ad83d28842__scene__006,01004001_逍遥津.pdf,D:\University_studies\Junior\data_visualization\experiment\final_self\opera_dataset\01000000\01004001_逍遥津.pdf,01000000/01004001_逍遥津.pdf,49bfac8f-ad5c-4639-829d-be1bd24f8504,6,【第六场】,121,dialogue,dialogue,夏侯渊,pdf_01000000__01004001___ad83d28842__char__394feb30ad,白,白,白,打；念白,夏侯渊,且住，适才何人打此经过？,夏侯渊 （白） 且住，适才何人打此经过？
pdf_01000000__01004001___ad83d28842,逍遥津,pdf_01000000__01004001___ad83d28842__line__000123,pdf_01000000__01004001___ad83d28842__scene__006,01004001_逍遥津.pdf,D:\University_studies\Junior\data_visualization\experiment\final_self\opera_dataset\01000000\01004001_逍遥津.pdf,01000000/01004001_逍遥津.pdf,49bfac8f-ad5c-4639-829d-be1bd24f8504,6,【第六场】,123,dialogue,dialogue,四大铠,pdf_01000000__01004001___ad83d28842__char__6d709e0726,同白,白,同白,念白,四大铠,是穆公公。,四大铠 （同白） 是穆公公。
pdf_01000000__01004001___ad83d28842,逍遥津,pdf_01000000__01004001___ad83d28842__line__000125,pdf_01000000__01004001___ad83d28842__scene__006,01004001_逍遥津.pdf,D:\University_studies\Junior\data_visualization\experiment\final_self\opera_dataset\01000000\01004001_逍遥津.pdf,01000000/01004001_逍遥津.pdf,49bfac8f-ad5c-4639-829d-be1bd24f8504,6,【第六场】,125,dialogue,dialogue,夏侯渊,pdf_01000000__01004001___ad83d28842__char__394feb30ad,白,白,白,去；道；念白,夏侯渊,往哪道而去？,夏侯渊 （白） 往哪道而去？
pdf_01000000__01004001___ad83d28842,逍遥津,pdf_01000000__01004001___ad83d28842__line__000127,pdf_01000000__01004001___ad83d28842__scene__006,01004001_逍遥津.pdf,D:\University_studies\Junior\data_visualization\experiment\final_self\opera_dataset\01000000\01004001_逍遥津.pdf,01000000/01004001_逍遥津.pdf,49bfac8f-ad5c-4639-829d-be1bd24f8504,6,【第六场】,127,dialogue,dialogue,四大铠,pdf_01000000__01004001___ad83d28842__char__6d709e0726,同白,白,同白,去；念白,四大铠,伏相府而去！,四大铠 （同白） 伏相府而去！
pdf_01000000__01004001___ad83d28842,逍遥津,pdf_01000000__01004001___ad83d28842__line__000129,pdf_01000000__01004001___ad83d28842__scene__006,01004001_逍遥津.pdf,D:\University_studies\Junior\data_visualization\experiment\final_self\opera_dataset\01000000\01004001_逍遥津.pdf,01000000/01004001_逍遥津.pdf,49bfac8f-ad5c-4639-829d-be1bd24f8504,6,【第六场】,129,dialogue,dialogue,夏侯渊,pdf_01000000__01004001___ad83d28842__char__394feb30ad,白,白,白,去；念白,夏侯渊；穆顺,唔！穆顺出宫，竟往伏相府而去，其中定有奸诈！,夏侯渊 （白） 唔！穆顺出宫，竟往伏相府而去，其中定有奸诈！
pdf_01000000__01004001___ad83d28842,逍遥津,pdf_01000000__01004001___ad83d28842__line__000131,pdf_01000000__01004001___ad83d28842__scene__006,01004001_逍遥津.pdf,D:\University_studies\Junior\data_visualization\experiment\final_self\opera_dataset\01000000\01004001_逍遥津.pdf,01000000/01004001_逍遥津.pdf,49bfac8f-ad5c-4639-829d-be1bd24f8504,6,【第六场】,131,narration,narration,,,,说明,,来；报；道；打,打道相府；报与曹丞相知道,来，打道相府，报与曹丞相知道！,来，打道相府，报与曹丞相知道！
pdf_01000000__01004001___ad83d28842,逍遥津,pdf_01000000__01004001___ad83d28842__line__000133,pdf_01000000__01004001___ad83d28842__scene__006,01004001_逍遥津.pdf,D:\University_studies\Junior\data_visualization\experiment\final_self\opera_dataset\01000000\01004001_逍遥津.pdf,01000000/01004001_逍遥津.pdf,49bfac8f-ad5c-4639-829d-be1bd24f8504,6,【第六场】,133,stage_direction,stage_direction,,,夏侯渊、四大铠同下。,做,夏侯渊、四大铠同下。,下,夏侯渊,,（夏侯渊、四大铠同下。）
pdf_01000000__01004001___ad83d28842,逍遥津,pdf_01000000__01004001___ad83d28842__line__000137,pdf_01000000__01004001___ad83d28842__scene__007,01004001_逍遥津.pdf,D:\University_studies\Junior\data_visualization\experiment\final_self\opera_dataset\01000000\01004001_逍遥津.pdf,01000000/01004001_逍遥津.pdf,49bfac8f-ad5c-4639-829d-be1bd24f8504,7,【第七场】,137,stage_direction,stage_direction,,,八校尉、司马懿、华歆、曹操同上。,做,八校尉、司马懿、华歆、曹操同上。,上,司马懿；曹操；华歆,,（八校尉、司马懿、华歆、曹操同上。）
pdf_01000000__01004001___ad83d28842,逍遥津,pdf_01000000__01004001___ad83d28842__line__000139,pdf_01000000__01004001___ad83d28842__scene__007,01004001_逍遥津.pdf,D:\University_studies\Junior\data_visualization\experiment\final_self\opera_dataset\01000000\01004001_逍遥津.pdf,01000000/01004001_逍遥津.pdf,49bfac8f-ad5c-4639-829d-be1bd24f8504,7,【第七场】,139,dialogue,dialogue,曹操,pdf_01000000__01004001___ad83d28842__char__e1bd96b7dd,白,白,白,去；报；道；念白,夏侯渊；曹操；穆顺,适才夏侯渊报道，穆顺出宫，赶往伏相府而去。唔唔唔，必有别情！,曹操 （白） 适才夏侯渊报道，穆顺出宫，赶往伏相府而去。唔唔唔，必有别情！
pdf_01000000__01004001___ad83d28842,逍遥津,pdf_01000000__01004001___ad83d28842__line__000141,pdf_01000000__01004001___ad83d28842__scene__007,01004001_逍遥津.pdf,D:\University_studies\Junior\data_visualization\experiment\final_self\opera_dataset\01000000\01004001_逍遥津.pdf,01000000/01004001_逍遥津.pdf,49bfac8f-ad5c-4639-829d-be1bd24f8504,7,【第七场】,141,narration,narration,,,,说明,,道；打,校尉等；打道午门,校尉等，打道午门！,校尉等，打道午门！
pdf_01000000__01004001___ad83d28842,逍遥津,pdf_01000000__01004001___ad83d28842__line__000143,pdf_01000000__01004001___ad83d28842__scene__007,01004001_逍遥津.pdf,D:\University_studies\Junior\data_visualization\experiment\final_self\opera_dataset\01000000\01004001_逍遥津.pdf,01000000/01004001_逍遥津.pdf,49bfac8f-ad5c-4639-829d-be1bd24f8504,7,【第七场】,143,dialogue,dialogue,手下,pdf_01000000__01004001___ad83d28842__char__c16731aca0,同白,白,同白,来；念白,手；（同白）；来此午门,来此午门！,手下 （同白） 来此午门！
pdf_01000000__01004001___ad83d28842,逍遥津,pdf_01000000__01004001___ad83d28842__line__000145,pdf_01000000__01004001___ad83d28842__scene__007,01004001_逍遥津.pdf,D:\University_studies\Junior\data_visualization\experiment\final_self\opera_dataset\01000000\01004001_逍遥津.pdf,01000000/01004001_逍遥津.pdf,49bfac8f-ad5c-4639-829d-be1bd24f8504,7,【第七场】,145,dialogue,dialogue,曹操,pdf_01000000__01004001___ad83d28842__char__e1bd96b7dd,白,白,白,来；报；念白,曹操；穆顺,待那穆顺到来，速报吾知。,曹操 （白） 待那穆顺到来，速报吾知。
pdf_01000000__01004001___ad83d28842,逍遥津,pdf_01000000__01004001___ad83d28842__line__000147,pdf_01000000__01004001___ad83d28842__scene__007,01004001_逍遥津.pdf,D:\University_studies\Junior\data_visualization\experiment\final_self\opera_dataset\01000000\01004001_逍遥津.pdf,01000000/01004001_逍遥津.pdf,49bfac8f-ad5c-4639-829d-be1bd24f8504,7,【第七场】,147,stage_direction,stage_direction,,,穆顺上，惊。,做,穆顺上，惊。,上；惊,穆顺,,（穆顺上，惊。）
pdf_01000000__01004001___ad83d28842,逍遥津,pdf_01000000__01004001___ad83d28842__line__000149,pdf_01000000__01004001___ad83d28842__scene__007,01004001_逍遥津.pdf,D:\University_studies\Junior\data_visualization\experiment\final_self\opera_dataset\01000000\01004001_逍遥津.pdf,01000000/01004001_逍遥津.pdf,49bfac8f-ad5c-4639-829d-be1bd24f8504,7,【第七场】,149,dialogue,dialogue,穆顺,pdf_01000000__01004001___ad83d28842__char__3fba7bea98,白,白,白,去；念白,穆顺,适才去至伏相府中，将吾主娘娘情由，告诉一番，朝内诸事，托他照应，谅必大事无妨。,穆顺 （白） 适才去至伏相府中，将吾主娘娘情由，告诉一番，朝内诸事，托他照应，谅必大事无妨。
pdf_01000000__01004001___ad83d28842,逍遥津,pdf_01000000__01004001___ad83d28842__line__000151,pdf_01000000__01004001___ad83d28842__scene__007,01004001_逍遥津.pdf,D:\University_studies\Junior\data_visualization\experiment\final_self\opera_dataset\01000000\01004001_逍遥津.pdf,01000000/01004001_逍遥津.pdf,49bfac8f-ad5c-4639-829d-be1bd24f8504,7,【第七场】,151,narration,narration,,,,说明,,来；去,唔！午门以外；怎么有这些车马？哦；原来是这曹贼！咳；真不凑巧！不免回；去罢,唔！午门以外，怎么有这些车马？哦，原来是这曹贼！咳，真不凑巧！不免回 去罢！,唔！午门以外，怎么有这些车马？哦，原来是这曹贼！咳，真不凑巧！不免回 去罢！
pdf_01000000__01004001___ad83d28842,逍遥津,pdf_01000000__01004001___ad83d28842__line__000153,pdf_01000000__01004001___ad83d28842__scene__007,01004001_逍遥津.pdf,D:\University_studies\Junior\data_visualization\experiment\final_self\opera_dataset\01000000\01004001_逍遥津.pdf,01000000/01004001_逍遥津.pdf,49bfac8f-ad5c-4639-829d-be1bd24f8504,7,【第七场】,153,dialogue,dialogue,华歆,pdf_01000000__01004001___ad83d28842__char__c3323ed43f,白,白,白,来；念白,穆顺；华歆,丞相。那厢穆顺来了！,华歆 （白） 丞相。那厢穆顺来了！
pdf_01000000__01004001___ad83d28842,逍遥津,pdf_01000000__01004001___ad83d28842__line__000155,pdf_01000000__01004001___ad83d28842__scene__007,01004001_逍遥津.pdf,D:\University_studies\Junior\data_visualization\experiment\final_self\opera_dataset\01000000\01004001_逍遥津.pdf,01000000/01004001_逍遥津.pdf,49bfac8f-ad5c-4639-829d-be1bd24f8504,7,【第七场】,155,dialogue,dialogue,曹操,pdf_01000000__01004001___ad83d28842__char__e1bd96b7dd,白,白,白,来；叫；念白,曹操,叫他回来！,曹操 （白） 叫他回来！
pdf_01000000__01004001___ad83d28842,逍遥津,pdf_01000000__01004001___ad83d28842__line__000157,pdf_01000000__01004001___ad83d28842__scene__007,01004001_逍遥津.pdf,D:\University_studies\Junior\data_visualization\experiment\final_self\opera_dataset\01000000\01004001_逍遥津.pdf,01000000/01004001_逍遥津.pdf,49bfac8f-ad5c-4639-829d-be1bd24f8504,7,【第七场】,157,dialogue,dialogue,华歆,pdf_01000000__01004001___ad83d28842__char__c3323ed43f,白,白,白,念白,华歆,是。,华歆 （白） 是。
pdf_01000000__01004001___ad83d28842,逍遥津,pdf_01000000__01004001___ad83d28842__line__000159,pdf_01000000__01004001___ad83d28842__scene__007,01004001_逍遥津.pdf,D:\University_studies\Junior\data_visualization\experiment\final_self\opera_dataset\01000000\01004001_逍遥津.pdf,01000000/01004001_逍遥津.pdf,49bfac8f-ad5c-4639-829d-be1bd24f8504,7,【第七场】,159,narration,narration,,,,说明,,请,穆公公请转；曹丞相在此,穆公公请转，曹丞相在此！,穆公公请转，曹丞相在此！
pdf_01000000__01004001___ad83d28842,逍遥津,pdf_01000000__01004001___ad83d28842__line__000161,pdf_01000000__01004001___ad83d28842__scene__007,01004001_逍遥津.pdf,D:\University_studies\Junior\data_visualization\experiment\final_self\opera_dataset\01000000\01004001_逍遥津.pdf,01000000/01004001_逍遥津.pdf,49bfac8f-ad5c-4639-829d-be1bd24f8504,7,【第七场】,161,dialogue,dialogue,穆顺,pdf_01000000__01004001___ad83d28842__char__3fba7bea98,白,白,白,看；道；念白,穆顺,咳！又被他们看见了，待咱向前说几句好话，朦至午门，再作道理。咳！,穆顺 （白） 咳！又被他们看见了，待咱向前说几句好话，朦至午门，再作道理。咳！
pdf_01000000__01004001___ad83d28842,逍遥津,pdf_01000000__01004001___ad83d28842__line__000163,pdf_01000000__01004001___ad83d28842__scene__007,01004001_逍遥津.pdf,D:\University_studies\Junior\data_visualization\experiment\final_self\opera_dataset\01000000\01004001_逍遥津.pdf,01000000/01004001_逍遥津.pdf,49bfac8f-ad5c-4639-829d-be1bd24f8504,7,【第七场】,163,narration,narration,,,,说明,,,恼人须在心；相见又何妨,恼人须在心，相见又何妨！,恼人须在心，相见又何妨！
pdf_01000000__01004001___ad83d28842,逍遥津,pdf_01000000__01004001___ad83d28842__line__000165,pdf_01000000__01004001___ad83d28842__scene__007,01004001_逍遥津.pdf,D:\University_studies\Junior\data_visualization\experiment\final_self\opera_dataset\01000000\01004001_逍遥津.pdf,01000000/01004001_逍遥津.pdf,49bfac8f-ad5c-4639-829d-be1bd24f8504,7,【第七场】,165,dialogue,dialogue,,,白,白,白,来；念白,白）；哈哈哈；原来是大丞相；曹国丈；曹外公,哈哈哈，原来是大丞相，曹国丈，曹外公！,（白） 哈哈哈，原来是大丞相，曹国丈，曹外公！
pdf_01000000__01004001___ad83d28842,逍遥津,pdf_01000000__01004001___ad83d28842__line__000167,pdf_01000000__01004001___ad83d28842__scene__007,01004001_逍遥津.pdf,D:\University_studies\Junior\data_visualization\experiment\final_self\opera_dataset\01000000\01004001_逍遥津.pdf,01000000/01004001_逍遥津.pdf,49bfac8f-ad5c-4639-829d-be1bd24f8504,7,【第七场】,167,dialogue,dialogue,曹操,pdf_01000000__01004001___ad83d28842__char__e1bd96b7dd,白,白,白,请；坐；念白,曹操,穆公公请坐。未知穆公公驾到，老夫有失远迎，恕罪！,曹操 （白） 穆公公请坐。未知穆公公驾到，老夫有失远迎，恕罪！
pdf_01000000__01004001___ad83d28842,逍遥津,pdf_01000000__01004001___ad83d28842__line__000169,pdf_01000000__01004001___ad83d28842__scene__007,01004001_逍遥津.pdf,D:\University_studies\Junior\data_visualization\experiment\final_self\opera_dataset\01000000\01004001_逍遥津.pdf,01000000/01004001_逍遥津.pdf,49bfac8f-ad5c-4639-829d-be1bd24f8504,7,【第七场】,169,dialogue,dialogue,穆顺,pdf_01000000__01004001___ad83d28842__char__3fba7bea98,白,白,白,来；念白,穆顺,岂敢！咱家来得卤莽，望大丞相恕罪！,穆顺 （白） 岂敢！咱家来得卤莽，望大丞相恕罪！
pdf_01000000__01004001___ad83d28842,逍遥津,pdf_01000000__01004001___ad83d28842__line__000171,pdf_01000000__01004001___ad83d28842__scene__007,01004001_逍遥津.pdf,D:\University_studies\Junior\data_visualization\experiment\final_self\opera_dataset\01000000\01004001_逍遥津.pdf,01000000/01004001_逍遥津.pdf,49bfac8f-ad5c-4639-829d-be1bd24f8504,7,【第七场】,171,dialogue,dialogue,曹操,pdf_01000000__01004001___ad83d28842__char__e1bd96b7dd,白,白,白,念白,曹操,岂敢！公公清早出宫，有何贵干？,曹操 （白） 岂敢！公公清早出宫，有何贵干？
pdf_01000000__01004001___ad83d28842,逍遥津,pdf_01000000__01004001___ad83d28842__line__000173,pdf_01000000__01004001___ad83d28842__scene__007,01004001_逍遥津.pdf,D:\University_studies\Junior\data_visualization\experiment\final_self\opera_dataset\01000000\01004001_逍遥津.pdf,01000000/01004001_逍遥津.pdf,49bfac8f-ad5c-4639-829d-be1bd24f8504,7,【第七场】,173,dialogue,dialogue,穆顾,pdf_01000000__01004001___ad83d28842__char__3ed1c2e7ab,白,白,白,去；请；命；念白,穆顾,"这个!哦,娘娘有病,命咱出宫去请太医院,和娘娘调治病症。","穆顾（白）这个!哦,娘娘有病,命咱出宫去请太医院,和娘娘调治病症。"
pdf_01000000__01004001___ad83d28842,逍遥津,pdf_01000000__01004001___ad83d28842__line__000173,pdf_01000000__01004001___ad83d28842__scene__007,01004001_逍遥津.pdf,D:\University_studies\Junior\data_visualization\experiment\final_self\opera_dataset\01000000\01004001_逍遥津.pdf,01000000/01004001_逍遥津.pdf,49bfac8f-ad5c-4639-829d-be1bd24f8504,7,【第七场】,173,dialogue,dialogue,曹操,pdf_01000000__01004001___ad83d28842__char__e1bd96b7dd,白,白,白,念白,曹操,娘娘得何病症?,曹操（白）娘娘得何病症?
pdf_01000000__01004001___ad83d28842,逍遥津,pdf_01000000__01004001___ad83d28842__line__000173,pdf_01000000__01004001___ad83d28842__scene__007,01004001_逍遥津.pdf,D:\University_studies\Junior\data_visualization\experiment\final_self\opera_dataset\01000000\01004001_逍遥津.pdf,01000000/01004001_逍遥津.pdf,49bfac8f-ad5c-4639-829d-be1bd24f8504,7,【第七场】,173,dialogue,dialogue,穆顺,pdf_01000000__01004001___ad83d28842__char__3fba7bea98,白,白,白,念白,穆顺,"娘娘作女娃儿的时候,得了个气闷而不和之症。","穆顺（白）娘娘作女娃儿的时候,得了个气闷而不和之症。"
pdf_01000000__01004001___ad83d28842,逍遥津,pdf_01000000__01004001___ad83d28842__line__000173,pdf_01000000__01004001___ad83d28842__scene__007,01004001_逍遥津.pdf,D:\University_studies\Junior\data_visualization\experiment\final_self\opera_dataset\01000000\01004001_逍遥津.pdf,01000000/01004001_逍遥津.pdf,49bfac8f-ad5c-4639-829d-be1bd24f8504,7,【第七场】,173,dialogue,dialogue,曹操,pdf_01000000__01004001___ad83d28842__char__e1bd96b7dd,白,白,白,念白,曹操,那医生为何不到?,曹操（白）那医生为何不到?
pdf_01000000__01004001___ad83d28842,逍遥津,pdf_01000000__01004001___ad83d28842__line__000173,pdf_01000000__01004001___ad83d28842__scene__007,01004001_逍遥津.pdf,D:\University_studies\Junior\data_visualization\experiment\final_self\opera_dataset\01000000\01004001_逍遥津.pdf,01000000/01004001_逍遥津.pdf,49bfac8f-ad5c-4639-829d-be1bd24f8504,7,【第七场】,173,dialogue,dialogue,穆顺,pdf_01000000__01004001___ad83d28842__char__3fba7bea98,白,白,白,下；问；念白,穆顺,他要问病而下药。,穆顺（白）他要问病而下药。
pdf_01000000__01004001___ad83d28842,逍遥津,pdf_01000000__01004001___ad83d28842__line__000173,pdf_01000000__01004001___ad83d28842__scene__007,01004001_逍遥津.pdf,D:\University_studies\Junior\data_visualization\experiment\final_self\opera_dataset\01000000\01004001_逍遥津.pdf,01000000/01004001_逍遥津.pdf,49bfac8f-ad5c-4639-829d-be1bd24f8504,7,【第七场】,173,dialogue,dialogue,曹操,pdf_01000000__01004001___ad83d28842__char__e1bd96b7dd,白,白,白,念白,曹操,用的是什么汤?,曹操（白）用的是什么汤?
pdf_01000000__01004001___ad83d28842,逍遥津,pdf_01000000__01004001___ad83d28842__line__000173,pdf_01000000__01004001___ad83d28842__scene__007,01004001_逍遥津.pdf,D:\University_studies\Junior\data_visualization\experiment\final_self\opera_dataset\01000000\01004001_逍遥津.pdf,01000000/01004001_逍遥津.pdf,49bfac8f-ad5c-4639-829d-be1bd24f8504,7,【第七场】,173,dialogue,dialogue,穆顺,pdf_01000000__01004001___ad83d28842__char__3fba7bea98,白,白,白,念白,穆顺,用的是君臣父子礼义汤。,穆顺（白）用的是君臣父子礼义汤。
pdf_01000000__01004001___ad83d28842,逍遥津,pdf_01000000__01004001___ad83d28842__line__000173,pdf_01000000__01004001___ad83d28842__scene__007,01004001_逍遥津.pdf,D:\University_studies\Junior\data_visualization\experiment\final_self\opera_dataset\01000000\01004001_逍遥津.pdf,01000000/01004001_逍遥津.pdf,49bfac8f-ad5c-4639-829d-be1bd24f8504,7,【第七场】,173,dialogue,dialogue,曹操,pdf_01000000__01004001___ad83d28842__char__e1bd96b7dd,白,白,白,念白,曹操,"唔,药内有什么君臣?","曹操（白）唔,药内有什么君臣?"
pdf_01000000__01004001___ad83d28842,逍遥津,pdf_01000000__01004001___ad83d28842__line__000173,pdf_01000000__01004001___ad83d28842__scene__007,01004001_逍遥津.pdf,D:\University_studies\Junior\data_visualization\experiment\final_self\opera_dataset\01000000\01004001_逍遥津.pdf,01000000/01004001_逍遥津.pdf,49bfac8f-ad5c-4639-829d-be1bd24f8504,7,【第七场】,173,dialogue,dialogue,穆顺,pdf_01000000__01004001___ad83d28842__char__3fba7bea98,白,白,白,道；念白,穆顺,"大丞相错也,哎,吾朝不分君臣,难道连药都没有君臣么!","穆顺（白）大丞相错也,哎,吾朝不分君臣,难道连药都没有君臣么!"
pdf_01000000__01004001___ad83d28842,逍遥津,pdf_01000000__01004001___ad83d28842__line__000173,pdf_01000000__01004001___ad83d28842__scene__007,01004001_逍遥津.pdf,D:\University_studies\Junior\data_visualization\experiment\final_self\opera_dataset\01000000\01004001_逍遥津.pdf,01000000/01004001_逍遥津.pdf,49bfac8f-ad5c-4639-829d-be1bd24f8504,7,【第七场】,173,dialogue,dialogue,曹操,pdf_01000000__01004001___ad83d28842__char__e1bd96b7dd,白,白,白,念白,曹操,吾朝是谁没有君臣?,曹操（白）吾朝是谁没有君臣?
pdf_01000000__01004001___ad83d28842,逍遥津,pdf_01000000__01004001___ad83d28842__line__000173,pdf_01000000__01004001___ad83d28842__scene__007,01004001_逍遥津.pdf,D:\University_studies\Junior\data_visualization\experiment\final_self\opera_dataset\01000000\01004001_逍遥津.pdf,01000000/01004001_逍遥津.pdf,49bfac8f-ad5c-4639-829d-be1bd24f8504,7,【第七场】,173,dialogue,dialogue,穆顺,pdf_01000000__01004001___ad83d28842__char__3fba7bea98,白,白,白,念白,穆顺,"就是李榷、郭汜、董卓之辈,没有君臣。","穆顺（白）就是李榷、郭汜、董卓之辈,没有君臣。"
pdf_01000000__01004001___ad83d28842,逍遥津,pdf_01000000__01004001___ad83d28842__line__000173,pdf_01000000__01004001___ad83d28842__scene__007,01004001_逍遥津.pdf,D:\University_studies\Junior\data_visualization\experiment\final_self\opera_dataset\01000000\01004001_逍遥津.pdf,01000000/01004001_逍遥津.pdf,49bfac8f-ad5c-4639-829d-be1bd24f8504,7,【第七场】,173,dialogue,dialogue,曹操,pdf_01000000__01004001___ad83d28842__char__e1bd96b7dd,白,白,白,念白,曹操,如今何在?,曹操（白）如今何在?
pdf_01000000__01004001___ad83d28842,逍遥津,pdf_01000000__01004001___ad83d28842__line__000173,pdf_01000000__01004001___ad83d28842__scene__007,01004001_逍遥津.pdf,D:\University_studies\Junior\data_visualization\experiment\final_self\opera_dataset\01000000\01004001_逍遥津.pdf,01000000/01004001_逍遥津.pdf,49bfac8f-ad5c-4639-829d-be1bd24f8504,7,【第七场】,173,dialogue,dialogue,穆顺,pdf_01000000__01004001___ad83d28842__char__3fba7bea98,白,白,白,下；念白,穆顺,都被丞相剑下诛之。,穆顺（白）都被丞相剑下诛之。
pdf_01000000__01004001___ad83d28842,逍遥津,pdf_01000000__01004001___ad83d28842__line__000173,pdf_01000000__01004001___ad83d28842__scene__007,01004001_逍遥津.pdf,D:\University_studies\Junior\data_visualization\experiment\final_self\opera_dataset\01000000\01004001_逍遥津.pdf,01000000/01004001_逍遥津.pdf,49bfac8f-ad5c-4639-829d-be1bd24f8504,7,【第七场】,173,dialogue,dialogue,曹操,pdf_01000000__01004001___ad83d28842__char__e1bd96b7dd,白,白,白,下；念白,曹操,"嘿嘿,好个剑下诛之!未知何药为君?","曹操（白）嘿嘿,好个剑下诛之!未知何药为君?"
pdf_01000000__01004001___ad83d28842,逍遥津,pdf_01000000__01004001___ad83d28842__line__000173,pdf_01000000__01004001___ad83d28842__scene__007,01004001_逍遥津.pdf,D:\University_studies\Junior\data_visualization\experiment\final_self\opera_dataset\01000000\01004001_逍遥津.pdf,01000000/01004001_逍遥津.pdf,49bfac8f-ad5c-4639-829d-be1bd24f8504,7,【第七场】,173,dialogue,dialogue,穆顺,pdf_01000000__01004001___ad83d28842__char__3fba7bea98,白,白,白,念白,穆顺,香附子为君。,穆顺（白）香附子为君。
pdf_01000000__01004001___ad83d28842,逍遥津,pdf_01000000__01004001___ad83d28842__line__000173,pdf_01000000__01004001___ad83d28842__scene__007,01004001_逍遥津.pdf,D:\University_studies\Junior\data_visualization\experiment\final_self\opera_dataset\01000000\01004001_逍遥津.pdf,01000000/01004001_逍遥津.pdf,49bfac8f-ad5c-4639-829d-be1bd24f8504,7,【第七场】,173,dialogue,dialogue,曹操,pdf_01000000__01004001___ad83d28842__char__e1bd96b7dd,白,白,白,念白,曹操,何药为臣?,曹操（白）何药为臣?
pdf_01000000__01004001___ad83d28842,逍遥津,pdf_01000000__01004001___ad83d28842__line__000173,pdf_01000000__01004001___ad83d28842__scene__007,01004001_逍遥津.pdf,D:\University_studies\Junior\data_visualization\experiment\final_self\opera_dataset\01000000\01004001_逍遥津.pdf,01000000/01004001_逍遥津.pdf,49bfac8f-ad5c-4639-829d-be1bd24f8504,7,【第七场】,173,dialogue,dialogue,穆顺,pdf_01000000__01004001___ad83d28842__char__3fba7bea98,白,白,白,念白,穆顺,藕节莲米为臣。,穆顺（白）藕节莲米为臣。
pdf_01000000__01004001___ad83d28842,逍遥津,pdf_01000000__01004001___ad83d28842__line__000173,pdf_01000000__01004001___ad83d28842__scene__007,01004001_逍遥津.pdf,D:\University_studies\Junior\data_visualization\experiment\final_self\opera_dataset\01000000\01004001_逍遥津.pdf,01000000/01004001_逍遥津.pdf,49bfac8f-ad5c-4639-829d-be1bd24f8504,7,【第七场】,173,dialogue,dialogue,曹操,pdf_01000000__01004001___ad83d28842__char__e1bd96b7dd,白,白,白,念白,曹操,何药为凑?,曹操（白）何药为凑?
pdf_01000000__01004001___ad83d28842,逍遥津,pdf_01000000__01004001___ad83d28842__line__000173,pdf_01000000__01004001___ad83d28842__scene__007,01004001_逍遥津.pdf,D:\University_studies\Junior\data_visualization\experiment\final_self\opera_dataset\01000000\01004001_逍遥津.pdf,01000000/01004001_逍遥津.pdf,49bfac8f-ad5c-4639-829d-be1bd24f8504,7,【第七场】,173,dialogue,dialogue,穆顺,pdf_01000000__01004001___ad83d28842__char__3fba7bea98,白,白,白,杀；念白,穆顺,"东吴当归,西蜀橘红,吃在腹内,也能杀个奸虫!","穆顺（白）东吴当归,西蜀橘红,吃在腹内,也能杀个奸虫!"
pdf_01000000__01004001___ad83d28842,逍遥津,pdf_01000000__01004001___ad83d28842__line__000173,pdf_01000000__01004001___ad83d28842__scene__007,01004001_逍遥津.pdf,D:\University_studies\Junior\data_visualization\experiment\final_self\opera_dataset\01000000\01004001_逍遥津.pdf,01000000/01004001_逍遥津.pdf,49bfac8f-ad5c-4639-829d-be1bd24f8504,7,【第七场】,173,dialogue,dialogue,曹操,pdf_01000000__01004001___ad83d28842__char__e1bd96b7dd,白,白,白,念白,曹操,"当归竟说当归,橘红竟说橘红,说什么东吴当归,西蜀橘红?","曹操（白）当归竟说当归,橘红竟说橘红,说什么东吴当归,西蜀橘红?"
pdf_01000000__01004001___ad83d28842,逍遥津,pdf_01000000__01004001___ad83d28842__line__000173,pdf_01000000__01004001___ad83d28842__scene__007,01004001_逍遥津.pdf,D:\University_studies\Junior\data_visualization\experiment\final_self\opera_dataset\01000000\01004001_逍遥津.pdf,01000000/01004001_逍遥津.pdf,49bfac8f-ad5c-4639-829d-be1bd24f8504,7,【第七场】,173,dialogue,dialogue,穆顺,pdf_01000000__01004001___ad83d28842__char__3fba7bea98,白,白,白,念白,穆顺,"哈哈,大丞相不知东吴出的是当归,西蜀出的是橘红,岂不是东吴当归,西蜀橘红么!","穆顺（白）哈哈,大丞相不知东吴出的是当归,西蜀出的是橘红,岂不是东吴当归,西蜀橘红么!"
pdf_01000000__01004001___ad83d28842,逍遥津,pdf_01000000__01004001___ad83d28842__line__000173,pdf_01000000__01004001___ad83d28842__scene__007,01004001_逍遥津.pdf,D:\University_studies\Junior\data_visualization\experiment\final_self\opera_dataset\01000000\01004001_逍遥津.pdf,01000000/01004001_逍遥津.pdf,49bfac8f-ad5c-4639-829d-be1bd24f8504,7,【第七场】,173,dialogue,dialogue,曹操,pdf_01000000__01004001___ad83d28842__char__e1bd96b7dd,白,白,白,问；请；念白,曹操,"哈哈哈,是老夫多问了。各有公干,请便!","曹操（白）哈哈哈,是老夫多问了。各有公干,请便!"
pdf_01000000__01004001___ad83d28842,逍遥津,pdf_01000000__01004001___ad83d28842__line__000173,pdf_01000000__01004001___ad83d28842__scene__007,01004001_逍遥津.pdf,D:\University_studies\Junior\data_visualization\experiment\final_self\opera_dataset\01000000\01004001_逍遥津.pdf,01000000/01004001_逍遥津.pdf,49bfac8f-ad5c-4639-829d-be1bd24f8504,7,【第七场】,173,dialogue,dialogue,穆顺,pdf_01000000__01004001___ad83d28842__char__3fba7bea98,白,白,白,念白,穆顺,告辞!,穆顺（白）告辞!
pdf_01000000__01004001___ad83d28842,逍遥津,pdf_01000000__01004001___ad83d28842__line__000173,pdf_01000000__01004001___ad83d28842__scene__007,01004001_逍遥津.pdf,D:\University_studies\Junior\data_visualization\experiment\final_self\opera_dataset\01000000\01004001_逍遥津.pdf,01000000/01004001_逍遥津.pdf,49bfac8f-ad5c-4639-829d-be1bd24f8504,7,【第七场】,173,dialogue,dialogue,华歆,pdf_01000000__01004001___ad83d28842__char__c3323ed43f,白,白,白,念白,穆顺；华歆,"丞相,那穆顺临行慌迫,绊了一跤!","华歆（白）丞相,那穆顺临行慌迫,绊了一跤!"
pdf_01000000__01004001___ad83d28842,逍遥津,pdf_01000000__01004001___ad83d28842__line__000173,pdf_01000000__01004001___ad83d28842__scene__007,01004001_逍遥津.pdf,D:\University_studies\Junior\data_visualization\experiment\final_self\opera_dataset\01000000\01004001_逍遥津.pdf,01000000/01004001_逍遥津.pdf,49bfac8f-ad5c-4639-829d-be1bd24f8504,7,【第七场】,173,dialogue,dialogue,曹操,pdf_01000000__01004001___ad83d28842__char__e1bd96b7dd,白,白,白,来；叫；念白,曹操,"唔,叫他回来!","曹操（白）唔,叫他回来!"
pdf_01000000__01004001___ad83d28842,逍遥津,pdf_01000000__01004001___ad83d28842__line__000173,pdf_01000000__01004001___ad83d28842__scene__007,01004001_逍遥津.pdf,D:\University_studies\Junior\data_visualization\experiment\final_self\opera_dataset\01000000\01004001_逍遥津.pdf,01000000/01004001_逍遥津.pdf,49bfac8f-ad5c-4639-829d-be1bd24f8504,7,【第七场】,173,dialogue,dialogue,华歆,pdf_01000000__01004001___ad83d28842__char__c3323ed43f,白,白,白,请；念白,华歆,是。穆公公请转!,华歆（白）是。穆公公请转!
pdf_01000000__01004001___ad83d28842,逍遥津,pdf_01000000__01004001___ad83d28842__line__000173,pdf_01000000__01004001___ad83d28842__scene__007,01004001_逍遥津.pdf,D:\University_studies\Junior\data_visualization\experiment\final_self\opera_dataset\01000000\01004001_逍遥津.pdf,01000000/01004001_逍遥津.pdf,49bfac8f-ad5c-4639-829d-be1bd24f8504,7,【第七场】,173,dialogue,dialogue,穆顺,pdf_01000000__01004001___ad83d28842__char__3fba7bea98,白,白,白,去；叫；念白,穆顺,"大丞相,咱家去得好好,叫回咱家还有何事?","穆顺（白）大丞相,咱家去得好好,叫回咱家还有何事?"
pdf_01000000__01004001___ad83d28842,逍遥津,pdf_01000000__01004001___ad83d28842__line__000173,pdf_01000000__01004001___ad83d28842__scene__007,01004001_逍遥津.pdf,D:\University_studies\Junior\data_visualization\experiment\final_self\opera_dataset\01000000\01004001_逍遥津.pdf,01000000/01004001_逍遥津.pdf,49bfac8f-ad5c-4639-829d-be1bd24f8504,7,【第七场】,173,dialogue,dialogue,曹操,pdf_01000000__01004001___ad83d28842__char__e1bd96b7dd,白,白,白,念白,曹操,你为何绊了一跤?,曹操（白）你为何绊了一跤?
pdf_01000000__01004001___ad83d28842,逍遥津,pdf_01000000__01004001___ad83d28842__line__000173,pdf_01000000__01004001___ad83d28842__scene__007,01004001_逍遥津.pdf,D:\University_studies\Junior\data_visualization\experiment\final_self\opera_dataset\01000000\01004001_逍遥津.pdf,01000000/01004001_逍遥津.pdf,49bfac8f-ad5c-4639-829d-be1bd24f8504,7,【第七场】,173,dialogue,dialogue,穆顺,pdf_01000000__01004001___ad83d28842__char__3fba7bea98,白,白,白,走；念白,穆顺,"这个......哦,不错,万岁赏我一件蟒袍,长了三寸,走路有点儿不便。故而绊了一跤!","穆顺（白）这个......哦,不错,万岁赏我一件蟒袍,长了三寸,走路有点儿不便。故而绊了一跤!"
pdf_01000000__01004001___ad83d28842,逍遥津,pdf_01000000__01004001___ad83d28842__line__000173,pdf_01000000__01004001___ad83d28842__scene__007,01004001_逍遥津.pdf,D:\University_studies\Junior\data_visualization\experiment\final_self\opera_dataset\01000000\01004001_逍遥津.pdf,01000000/01004001_逍遥津.pdf,49bfac8f-ad5c-4639-829d-be1bd24f8504,7,【第七场】,173,dialogue,dialogue,曹操,pdf_01000000__01004001___ad83d28842__char__e1bd96b7dd,白,白,白,去；念白,曹操,就该用刀割去!,曹操（白）就该用刀割去!
pdf_01000000__01004001___ad83d28842,逍遥津,pdf_01000000__01004001___ad83d28842__line__000173,pdf_01000000__01004001___ad83d28842__scene__007,01004001_逍遥津.pdf,D:\University_studies\Junior\data_visualization\experiment\final_self\opera_dataset\01000000\01004001_逍遥津.pdf,01000000/01004001_逍遥津.pdf,49bfac8f-ad5c-4639-829d-be1bd24f8504,7,【第七场】,173,dialogue,dialogue,穆顺,pdf_01000000__01004001___ad83d28842__char__3fba7bea98,白,白,白,道；念白,穆顺,"哎,有道是:成功不可毁!","穆顺（白）哎,有道是:成功不可毁!"
pdf_01000000__01004001___ad83d28842,逍遥津,pdf_01000000__01004001___ad83d28842__line__000173,pdf_01000000__01004001___ad83d28842__scene__007,01004001_逍遥津.pdf,D:\University_studies\Junior\data_visualization\experiment\final_self\opera_dataset\01000000\01004001_逍遥津.pdf,01000000/01004001_逍遥津.pdf,49bfac8f-ad5c-4639-829d-be1bd24f8504,7,【第七场】,173,dialogue,dialogue,曹操,pdf_01000000__01004001___ad83d28842__char__e1bd96b7dd,白,白,白,来；看；念白,曹操；穆顺,"穆顺,看你来意有奸?","曹操（白）穆顺,看你来意有奸?"
pdf_01000000__01004001___ad83d28842,逍遥津,pdf_01000000__01004001___ad83d28842__line__000173,pdf_01000000__01004001___ad83d28842__scene__007,01004001_逍遥津.pdf,D:\University_studies\Junior\data_visualization\experiment\final_self\opera_dataset\01000000\01004001_逍遥津.pdf,01000000/01004001_逍遥津.pdf,49bfac8f-ad5c-4639-829d-be1bd24f8504,7,【第七场】,173,dialogue,dialogue,穆顺,pdf_01000000__01004001___ad83d28842__char__3fba7bea98,白,白,白,念白,穆顺,无奸。,穆顺（白）无奸。
pdf_01000000__01004001___ad83d28842,逍遥津,pdf_01000000__01004001___ad83d28842__line__000173,pdf_01000000__01004001___ad83d28842__scene__007,01004001_逍遥津.pdf,D:\University_studies\Junior\data_visualization\experiment\final_self\opera_dataset\01000000\01004001_逍遥津.pdf,01000000/01004001_逍遥津.pdf,49bfac8f-ad5c-4639-829d-be1bd24f8504,7,【第七场】,173,dialogue,dialogue,曹操,pdf_01000000__01004001___ad83d28842__char__e1bd96b7dd,白,白,白,念白,曹操,有诈?,曹操（白）有诈?
pdf_01000000__01004001___ad83d28842,逍遥津,pdf_01000000__01004001___ad83d28842__line__000173,pdf_01000000__01004001___ad83d28842__scene__007,01004001_逍遥津.pdf,D:\University_studies\Junior\data_visualization\experiment\final_self\opera_dataset\01000000\01004001_逍遥津.pdf,01000000/01004001_逍遥津.pdf,49bfac8f-ad5c-4639-829d-be1bd24f8504,7,【第七场】,173,dialogue,dialogue,穆顺,pdf_01000000__01004001___ad83d28842__char__3fba7bea98,白,白,白,念白,穆顺,无诈。,穆顺（白）无诈。
pdf_01000000__01004001___ad83d28842,逍遥津,pdf_01000000__01004001___ad83d28842__line__000173,pdf_01000000__01004001___ad83d28842__scene__007,01004001_逍遥津.pdf,D:\University_studies\Junior\data_visualization\experiment\final_self\opera_dataset\01000000\01004001_逍遥津.pdf,01000000/01004001_逍遥津.pdf,49bfac8f-ad5c-4639-829d-be1bd24f8504,7,【第七场】,173,dialogue,dialogue,曹操,pdf_01000000__01004001___ad83d28842__char__e1bd96b7dd,白,白,白,念白,曹操,"既无奸诈,老夫我要......","曹操（白）既无奸诈,老夫我要......"
pdf_01000000__01004001___ad83d28842,逍遥津,pdf_01000000__01004001___ad83d28842__line__000173,pdf_01000000__01004001___ad83d28842__scene__007,01004001_逍遥津.pdf,D:\University_studies\Junior\data_visualization\experiment\final_self\opera_dataset\01000000\01004001_逍遥津.pdf,01000000/01004001_逍遥津.pdf,49bfac8f-ad5c-4639-829d-be1bd24f8504,7,【第七场】,173,dialogue,dialogue,穆顺,pdf_01000000__01004001___ad83d28842__char__3fba7bea98,白,白,白,念白,穆顺,要怎么样?,穆顺（白）要怎么样?
pdf_01000000__01004001___ad83d28842,逍遥津,pdf_01000000__01004001___ad83d28842__line__000173,pdf_01000000__01004001___ad83d28842__scene__007,01004001_逍遥津.pdf,D:\University_studies\Junior\data_visualization\experiment\final_self\opera_dataset\01000000\01004001_逍遥津.pdf,01000000/01004001_逍遥津.pdf,49bfac8f-ad5c-4639-829d-be1bd24f8504,7,【第七场】,173,dialogue,dialogue,曹操,pdf_01000000__01004001___ad83d28842__char__e1bd96b7dd,白,白,白,念白,曹操,要盘!,曹操（白）要盘!
pdf_01000000__01004001___ad83d28842,逍遥津,pdf_01000000__01004001___ad83d28842__line__000173,pdf_01000000__01004001___ad83d28842__scene__007,01004001_逍遥津.pdf,D:\University_studies\Junior\data_visualization\experiment\final_self\opera_dataset\01000000\01004001_逍遥津.pdf,01000000/01004001_逍遥津.pdf,49bfac8f-ad5c-4639-829d-be1bd24f8504,7,【第七场】,173,dialogue,dialogue,穆顺,pdf_01000000__01004001___ad83d28842__char__3fba7bea98,白,白,白,请；念白,穆顺,请盘。,穆顺（白）请盘。
pdf_01000000__01004001___ad83d28842,逍遥津,pdf_01000000__01004001___ad83d28842__line__000173,pdf_01000000__01004001___ad83d28842__scene__007,01004001_逍遥津.pdf,D:\University_studies\Junior\data_visualization\experiment\final_self\opera_dataset\01000000\01004001_逍遥津.pdf,01000000/01004001_逍遥津.pdf,49bfac8f-ad5c-4639-829d-be1bd24f8504,7,【第七场】,173,dialogue,dialogue,曹操,pdf_01000000__01004001___ad83d28842__char__e1bd96b7dd,白,白,白,念白,曹操,出宫何往?,曹操（白）出宫何往?
pdf_01000000__01004001___ad83d28842,逍遥津,pdf_01000000__01004001___ad83d28842__line__000173,pdf_01000000__01004001___ad83d28842__scene__007,01004001_逍遥津.pdf,D:\University_studies\Junior\data_visualization\experiment\final_self\opera_dataset\01000000\01004001_逍遥津.pdf,01000000/01004001_逍遥津.pdf,49bfac8f-ad5c-4639-829d-be1bd24f8504,7,【第七场】,173,dialogue,dialogue,穆顺,pdf_01000000__01004001___ad83d28842__char__3fba7bea98,白,白,白,去；请；念白,穆顺,"去请太医,调治娘娘的病症。","穆顺（白）去请太医,调治娘娘的病症。"
pdf_01000000__01004001___ad83d28842,逍遥津,pdf_01000000__01004001___ad83d28842__line__000173,pdf_01000000__01004001___ad83d28842__scene__007,01004001_逍遥津.pdf,D:\University_studies\Junior\data_visualization\experiment\final_self\opera_dataset\01000000\01004001_逍遥津.pdf,01000000/01004001_逍遥津.pdf,49bfac8f-ad5c-4639-829d-be1bd24f8504,7,【第七场】,173,dialogue,dialogue,曹操,pdf_01000000__01004001___ad83d28842__char__e1bd96b7dd,白,白,白,念白,曹操,是何病症?,曹操（白）是何病症?
pdf_01000000__01004001___ad83d28842,逍遥津,pdf_01000000__01004001___ad83d28842__line__000173,pdf_01000000__01004001___ad83d28842__scene__007,01004001_逍遥津.pdf,D:\University_studies\Junior\data_visualization\experiment\final_self\opera_dataset\01000000\01004001_逍遥津.pdf,01000000/01004001_逍遥津.pdf,49bfac8f-ad5c-4639-829d-be1bd24f8504,7,【第七场】,173,dialogue,dialogue,穆顺,pdf_01000000__01004001___ad83d28842__char__3fba7bea98,白,白,白,念白,穆顺,"做女娃的时候,得的气闷而不和之症。","穆顺（白）做女娃的时候,得的气闷而不和之症。"
pdf_01000000__01004001___ad83d28842,逍遥津,pdf_01000000__01004001___ad83d28842__line__000173,pdf_01000000__01004001___ad83d28842__scene__007,01004001_逍遥津.pdf,D:\University_studies\Junior\data_visualization\experiment\final_self\opera_dataset\01000000\01004001_逍遥津.pdf,01000000/01004001_逍遥津.pdf,49bfac8f-ad5c-4639-829d-be1bd24f8504,7,【第七场】,173,dialogue,dialogue,曹操,pdf_01000000__01004001___ad83d28842__char__e1bd96b7dd,白,白,白,念白,曹操,太医为何不到?,曹操（白）太医为何不到?
pdf_01000000__01004001___ad83d28842,逍遥津,pdf_01000000__01004001___ad83d28842__line__000173,pdf_01000000__01004001___ad83d28842__scene__007,01004001_逍遥津.pdf,D:\University_studies\Junior\data_visualization\experiment\final_self\opera_dataset\01000000\01004001_逍遥津.pdf,01000000/01004001_逍遥津.pdf,49bfac8f-ad5c-4639-829d-be1bd24f8504,7,【第七场】,173,dialogue,dialogue,穆顺,pdf_01000000__01004001___ad83d28842__char__3fba7bea98,白,白,白,下；问；念白,穆顺,他要问病而下药。,穆顺（白）他要问病而下药。
pdf_01000000__01004001___ad83d28842,逍遥津,pdf_01000000__01004001___ad83d28842__line__000173,pdf_01000000__01004001___ad83d28842__scene__007,01004001_逍遥津.pdf,D:\University_studies\Junior\data_visualization\experiment\final_self\opera_dataset\01000000\01004001_逍遥津.pdf,01000000/01004001_逍遥津.pdf,49bfac8f-ad5c-4639-829d-be1bd24f8504,7,【第七场】,173,dialogue,dialogue,曹操,pdf_01000000__01004001___ad83d28842__char__e1bd96b7dd,白,白,白,下；念白,曹操,下的是什么汤?,曹操（白）下的是什么汤?
pdf_01000000__01004001___ad83d28842,逍遥津,pdf_01000000__01004001___ad83d28842__line__000173,pdf_01000000__01004001___ad83d28842__scene__007,01004001_逍遥津.pdf,D:\University_studies\Junior\data_visualization\experiment\final_self\opera_dataset\01000000\01004001_逍遥津.pdf,01000000/01004001_逍遥津.pdf,49bfac8f-ad5c-4639-829d-be1bd24f8504,7,【第七场】,173,dialogue,dialogue,穆顺,pdf_01000000__01004001___ad83d28842__char__3fba7bea98,白,白,白,念白,穆顺,君臣父子礼义汤!,穆顺（白）君臣父子礼义汤!
pdf_01000000__01004001___ad83d28842,逍遥津,pdf_01000000__01004001___ad83d28842__line__000173,pdf_01000000__01004001___ad83d28842__scene__007,01004001_逍遥津.pdf,D:\University_studies\Junior\data_visualization\experiment\final_self\opera_dataset\01000000\01004001_逍遥津.pdf,01000000/01004001_逍遥津.pdf,49bfac8f-ad5c-4639-829d-be1bd24f8504,7,【第七场】,173,dialogue,dialogue,曹操,pdf_01000000__01004001___ad83d28842__char__e1bd96b7dd,白,白,白,念白,曹操,何药为君?,曹操（白）何药为君?
pdf_01000000__01004001___ad83d28842,逍遥津,pdf_01000000__01004001___ad83d28842__line__000173,pdf_01000000__01004001___ad83d28842__scene__007,01004001_逍遥津.pdf,D:\University_studies\Junior\data_visualization\experiment\final_self\opera_dataset\01000000\01004001_逍遥津.pdf,01000000/01004001_逍遥津.pdf,49bfac8f-ad5c-4639-829d-be1bd24f8504,7,【第七场】,173,dialogue,dialogue,穆顺,pdf_01000000__01004001___ad83d28842__char__3fba7bea98,白,白,白,念白,穆顺,香附子为君。,穆顺（白）香附子为君。
pdf_01000000__01004001___ad83d28842,逍遥津,pdf_01000000__01004001___ad83d28842__line__000173,pdf_01000000__01004001___ad83d28842__scene__007,01004001_逍遥津.pdf,D:\University_studies\Junior\data_visualization\experiment\final_self\opera_dataset\01000000\01004001_逍遥津.pdf,01000000/01004001_逍遥津.pdf,49bfac8f-ad5c-4639-829d-be1bd24f8504,7,【第七场】,173,dialogue,dialogue,曹操,pdf_01000000__01004001___ad83d28842__char__e1bd96b7dd,白,白,白,念白,曹操,何药为臣?,曹操（白）何药为臣?
pdf_01000000__01004001___ad83d28842,逍遥津,pdf_01000000__01004001___ad83d28842__line__000173,pdf_01000000__01004001___ad83d28842__scene__007,01004001_逍遥津.pdf,D:\University_studies\Junior\data_visualization\experiment\final_self\opera_dataset\01000000\01004001_逍遥津.pdf,01000000/01004001_逍遥津.pdf,49bfac8f-ad5c-4639-829d-be1bd24f8504,7,【第七场】,173,dialogue,dialogue,穆顺,pdf_01000000__01004001___ad83d28842__char__3fba7bea98,白,白,白,念白,穆顺,藕节莲米为臣。,穆顺（白）藕节莲米为臣。
pdf_01000000__01004001___ad83d28842,逍遥津,pdf_01000000__01004001___ad83d28842__line__000173,pdf_01000000__01004001___ad83d28842__scene__007,01004001_逍遥津.pdf,D:\University_studies\Junior\data_visualization\experiment\final_self\opera_dataset\01000000\01004001_逍遥津.pdf,01000000/01004001_逍遥津.pdf,49bfac8f-ad5c-4639-829d-be1bd24f8504,7,【第七场】,173,dialogue,dialogue,曹操,pdf_01000000__01004001___ad83d28842__char__e1bd96b7dd,白,白,白,念白,曹操,何药为凑?,曹操（白）何药为凑?
pdf_01000000__01004001___ad83d28842,逍遥津,pdf_01000000__01004001___ad83d28842__line__000173,pdf_01000000__01004001___ad83d28842__scene__007,01004001_逍遥津.pdf,D:\University_studies\Junior\data_visualization\experiment\final_self\opera_dataset\01000000\01004001_逍遥津.pdf,01000000/01004001_逍遥津.pdf,49bfac8f-ad5c-4639-829d-be1bd24f8504,7,【第七场】,173,dialogue,dialogue,穆顺,pdf_01000000__01004001___ad83d28842__char__3fba7bea98,白,白,白,杀；念白,穆顺,"东吴当归,西蜀桔红,吃在腹内,也能杀个奸虫。","穆顺（白）东吴当归,西蜀桔红,吃在腹内,也能杀个奸虫。"
pdf_01000000__01004001___ad83d28842,逍遥津,pdf_01000000__01004001___ad83d28842__line__000173,pdf_01000000__01004001___ad83d28842__scene__007,01004001_逍遥津.pdf,D:\University_studies\Junior\data_visualization\experiment\final_self\opera_dataset\01000000\01004001_逍遥津.pdf,01000000/01004001_逍遥津.pdf,49bfac8f-ad5c-4639-829d-be1bd24f8504,7,【第七场】,173,dialogue,dialogue,曹操,pdf_01000000__01004001___ad83d28842__char__e1bd96b7dd,白,白,白,杀；念白,曹操,杀的什么虫?,曹操（白）杀的什么虫?
pdf_01000000__01004001___ad83d28842,逍遥津,pdf_01000000__01004001___ad83d28842__line__000173,pdf_01000000__01004001___ad83d28842__scene__007,01004001_逍遥津.pdf,D:\University_studies\Junior\data_visualization\experiment\final_self\opera_dataset\01000000\01004001_逍遥津.pdf,01000000/01004001_逍遥津.pdf,49bfac8f-ad5c-4639-829d-be1bd24f8504,7,【第七场】,173,dialogue,dialogue,穆顺,pdf_01000000__01004001___ad83d28842__char__3fba7bea98,白,白,白,杀；念白,穆顺,杀的是大大的奸虫!,穆顺（白）杀的是大大的奸虫!
pdf_01000000__01004001___ad83d28842,逍遥津,pdf_01000000__01004001___ad83d28842__line__000173,pdf_01000000__01004001___ad83d28842__scene__007,01004001_逍遥津.pdf,D:\University_studies\Junior\data_visualization\experiment\final_self\opera_dataset\01000000\01004001_逍遥津.pdf,01000000/01004001_逍遥津.pdf,49bfac8f-ad5c-4639-829d-be1bd24f8504,7,【第七场】,173,dialogue,dialogue,曹操,pdf_01000000__01004001___ad83d28842__char__e1bd96b7dd,白,白,白,念白,曹操,"唔,虫有什么忠奸?","曹操（白）唔,虫有什么忠奸?"
pdf_01000000__01004001___ad83d28842,逍遥津,pdf_01000000__01004001___ad83d28842__line__000173,pdf_01000000__01004001___ad83d28842__scene__007,01004001_逍遥津.pdf,D:\University_studies\Junior\data_visualization\experiment\final_self\opera_dataset\01000000\01004001_逍遥津.pdf,01000000/01004001_逍遥津.pdf,49bfac8f-ad5c-4639-829d-be1bd24f8504,7,【第七场】,173,dialogue,dialogue,穆顺,pdf_01000000__01004001___ad83d28842__char__3fba7bea98,白,白,白,命；念白,穆顺,"大丞相,虫岂没有忠奸!他在人腹内,要吃人心肝五脏,能害人的性命,这不是害人奸虫么!","穆顺（白）大丞相,虫岂没有忠奸!他在人腹内,要吃人心肝五脏,能害人的性命,这不是害人奸虫么!"
pdf_01000000__01004001___ad83d28842,逍遥津,pdf_01000000__01004001___ad83d28842__line__000173,pdf_01000000__01004001___ad83d28842__scene__007,01004001_逍遥津.pdf,D:\University_studies\Junior\data_visualization\experiment\final_self\opera_dataset\01000000\01004001_逍遥津.pdf,01000000/01004001_逍遥津.pdf,49bfac8f-ad5c-4639-829d-be1bd24f8504,7,【第七场】,173,dialogue,dialogue,曹操,pdf_01000000__01004001___ad83d28842__char__e1bd96b7dd,白,白,白,刺；念白,曹操；穆顺,"穆顺口内带刺,定有奸诈!","曹操（白）穆顺口内带刺,定有奸诈!"
pdf_01000000__01004001___ad83d28842,逍遥津,pdf_01000000__01004001___ad83d28842__line__000173,pdf_01000000__01004001___ad83d28842__scene__007,01004001_逍遥津.pdf,D:\University_studies\Junior\data_visualization\experiment\final_self\opera_dataset\01000000\01004001_逍遥津.pdf,01000000/01004001_逍遥津.pdf,49bfac8f-ad5c-4639-829d-be1bd24f8504,7,【第七场】,173,dialogue,dialogue,穆顺,pdf_01000000__01004001___ad83d28842__char__3fba7bea98,白,白,白,念白,穆顺,无奸无诈。,穆顺（白）无奸无诈。
pdf_01000000__01004001___ad83d28842,逍遥津,pdf_01000000__01004001___ad83d28842__line__000173,pdf_01000000__01004001___ad83d28842__scene__007,01004001_逍遥津.pdf,D:\University_studies\Junior\data_visualization\experiment\final_self\opera_dataset\01000000\01004001_逍遥津.pdf,01000000/01004001_逍遥津.pdf,49bfac8f-ad5c-4639-829d-be1bd24f8504,7,【第七场】,173,dialogue,dialogue,曹操,pdf_01000000__01004001___ad83d28842__char__e1bd96b7dd,白,白,白,念白,曹操,"好,既是无奸无诈,老夫要......","曹操（白）好,既是无奸无诈,老夫要......"
pdf_01000000__01004001___ad83d28842,逍遥津,pdf_01000000__01004001___ad83d28842__line__000173,pdf_01000000__01004001___ad83d28842__scene__007,01004001_逍遥津.pdf,D:\University_studies\Junior\data_visualization\experiment\final_self\opera_dataset\01000000\01004001_逍遥津.pdf,01000000/01004001_逍遥津.pdf,49bfac8f-ad5c-4639-829d-be1bd24f8504,7,【第七场】,173,dialogue,dialogue,穆顺,pdf_01000000__01004001___ad83d28842__char__3fba7bea98,白,白,白,念白,穆顺,要怎么样?,穆顺（白）要怎么样?
pdf_01000000__01004001___ad83d28842,逍遥津,pdf_01000000__01004001___ad83d28842__line__000173,pdf_01000000__01004001___ad83d28842__scene__007,01004001_逍遥津.pdf,D:\University_studies\Junior\data_visualization\experiment\final_self\opera_dataset\01000000\01004001_逍遥津.pdf,01000000/01004001_逍遥津.pdf,49bfac8f-ad5c-4639-829d-be1bd24f8504,7,【第七场】,173,dialogue,dialogue,曹操,pdf_01000000__01004001___ad83d28842__char__e1bd96b7dd,白,白,白,念白,曹操,搜!,曹操（白）搜!
pdf_01000000__01004001___ad83d28842,逍遥津,pdf_01000000__01004001___ad83d28842__line__000173,pdf_01000000__01004001___ad83d28842__scene__007,01004001_逍遥津.pdf,D:\University_studies\Junior\data_visualization\experiment\final_self\opera_dataset\01000000\01004001_逍遥津.pdf,01000000/01004001_逍遥津.pdf,49bfac8f-ad5c-4639-829d-be1bd24f8504,7,【第七场】,173,dialogue,dialogue,穆顺,pdf_01000000__01004001___ad83d28842__char__3fba7bea98,白,白,白,念白,穆顺,要搜!告辞了!,穆顺（白）要搜!告辞了!
pdf_01000000__01004001___ad83d28842,逍遥津,pdf_01000000__01004001___ad83d28842__line__000173,pdf_01000000__01004001___ad83d28842__scene__007,01004001_逍遥津.pdf,D:\University_studies\Junior\data_visualization\experiment\final_self\opera_dataset\01000000\01004001_逍遥津.pdf,01000000/01004001_逍遥津.pdf,49bfac8f-ad5c-4639-829d-be1bd24f8504,7,【第七场】,173,dialogue,dialogue,曹操,pdf_01000000__01004001___ad83d28842__char__e1bd96b7dd,白,白,白,下；来；拿；念白,曹操,"来,拿下了!","曹操（白）来,拿下了!"
pdf_01000000__01004001___ad83d28842,逍遥津,pdf_01000000__01004001___ad83d28842__line__000173,pdf_01000000__01004001___ad83d28842__scene__007,01004001_逍遥津.pdf,D:\University_studies\Junior\data_visualization\experiment\final_self\opera_dataset\01000000\01004001_逍遥津.pdf,01000000/01004001_逍遥津.pdf,49bfac8f-ad5c-4639-829d-be1bd24f8504,7,【第七场】,173,dialogue,dialogue,曹操,pdf_01000000__01004001___ad83d28842__char__e1bd96b7dd,白,白,白,去；念白,曹操,赶了出去!,曹操（白）赶了出去!
pdf_01000000__01004001___ad83d28842,逍遥津,pdf_01000000__01004001___ad83d28842__line__000173,pdf_01000000__01004001___ad83d28842__scene__007,01004001_逍遥津.pdf,D:\University_studies\Junior\data_visualization\experiment\final_self\opera_dataset\01000000\01004001_逍遥津.pdf,01000000/01004001_逍遥津.pdf,49bfac8f-ad5c-4639-829d-be1bd24f8504,7,【第七场】,173,dialogue,dialogue,华歆,pdf_01000000__01004001___ad83d28842__char__c3323ed43f,白,白,白,看；念白,穆顺；华歆,"丞相,我看穆顺一定有奸!","华歆（白）丞相,我看穆顺一定有奸!"
pdf_01000000__01004001___ad83d28842,逍遥津,pdf_01000000__01004001___ad83d28842__line__000173,pdf_01000000__01004001___ad83d28842__scene__007,01004001_逍遥津.pdf,D:\University_studies\Junior\data_visualization\experiment\final_self\opera_dataset\01000000\01004001_逍遥津.pdf,01000000/01004001_逍遥津.pdf,49bfac8f-ad5c-4639-829d-be1bd24f8504,7,【第七场】,173,dialogue,dialogue,曹操,pdf_01000000__01004001___ad83d28842__char__e1bd96b7dd,白,白,白,念白,曹操,奸在何处?,曹操（白）奸在何处?
pdf_01000000__01004001___ad83d28842,逍遥津,pdf_01000000__01004001___ad83d28842__line__000173,pdf_01000000__01004001___ad83d28842__scene__007,01004001_逍遥津.pdf,D:\University_studies\Junior\data_visualization\experiment\final_self\opera_dataset\01000000\01004001_逍遥津.pdf,01000000/01004001_逍遥津.pdf,49bfac8f-ad5c-4639-829d-be1bd24f8504,7,【第七场】,173,dialogue,dialogue,华歆,pdf_01000000__01004001___ad83d28842__char__c3323ed43f,白,白,白,念白,华歆,奸在发内!,华歆（白）奸在发内!
pdf_01000000__01004001___ad83d28842,逍遥津,pdf_01000000__01004001___ad83d28842__line__000173,pdf_01000000__01004001___ad83d28842__scene__007,01004001_逍遥津.pdf,D:\University_studies\Junior\data_visualization\experiment\final_self\opera_dataset\01000000\01004001_逍遥津.pdf,01000000/01004001_逍遥津.pdf,49bfac8f-ad5c-4639-829d-be1bd24f8504,7,【第七场】,173,dialogue,dialogue,曹操,pdf_01000000__01004001___ad83d28842__char__e1bd96b7dd,白,白,白,来；抓；念白,曹操,"唔唔唔唔唔唔,抓他回来!","曹操（白）唔唔唔唔唔唔,抓他回来!"
pdf_01000000__01004001___ad83d28842,逍遥津,pdf_01000000__01004001___ad83d28842__line__000173,pdf_01000000__01004001___ad83d28842__scene__007,01004001_逍遥津.pdf,D:\University_studies\Junior\data_visualization\experiment\final_self\opera_dataset\01000000\01004001_逍遥津.pdf,01000000/01004001_逍遥津.pdf,49bfac8f-ad5c-4639-829d-be1bd24f8504,7,【第七场】,173,dialogue,dialogue,穆顺,pdf_01000000__01004001___ad83d28842__char__3fba7bea98,白,白,白,去；抓；念白,穆顺,"咱家去得好好,三番两次,把咱抓回,有些儿不耐烦!","穆顺（白）咱家去得好好,三番两次,把咱抓回,有些儿不耐烦!"
pdf_01000000__01004001___ad83d28842,逍遥津,pdf_01000000__01004001___ad83d28842__line__000173,pdf_01000000__01004001___ad83d28842__scene__007,01004001_逍遥津.pdf,D:\University_studies\Junior\data_visualization\experiment\final_self\opera_dataset\01000000\01004001_逍遥津.pdf,01000000/01004001_逍遥津.pdf,49bfac8f-ad5c-4639-829d-be1bd24f8504,7,【第七场】,173,dialogue,dialogue,曹操,pdf_01000000__01004001___ad83d28842__char__e1bd96b7dd,白,白,白,念白,曹操；穆顺,"穆顺,你定然有奸!","曹操（白）穆顺,你定然有奸!"
pdf_01000000__01004001___ad83d28842,逍遥津,pdf_01000000__01004001___ad83d28842__line__000173,pdf_01000000__01004001___ad83d28842__scene__007,01004001_逍遥津.pdf,D:\University_studies\Junior\data_visualization\experiment\final_self\opera_dataset\01000000\01004001_逍遥津.pdf,01000000/01004001_逍遥津.pdf,49bfac8f-ad5c-4639-829d-be1bd24f8504,7,【第七场】,173,dialogue,dialogue,穆顺,pdf_01000000__01004001___ad83d28842__char__3fba7bea98,白,白,白,念白,穆顺,奸在哪里?,穆顺（白）奸在哪里?
pdf_01000000__01004001___ad83d28842,逍遥津,pdf_01000000__01004001___ad83d28842__line__000173,pdf_01000000__01004001___ad83d28842__scene__007,01004001_逍遥津.pdf,D:\University_studies\Junior\data_visualization\experiment\final_self\opera_dataset\01000000\01004001_逍遥津.pdf,01000000/01004001_逍遥津.pdf,49bfac8f-ad5c-4639-829d-be1bd24f8504,7,【第七场】,173,dialogue,dialogue,曹操,pdf_01000000__01004001___ad83d28842__char__e1bd96b7dd,白,白,白,念白,曹操,发内呵!,曹操（白）发内呵!
pdf_01000000__01004001___ad83d28842,逍遥津,pdf_01000000__01004001___ad83d28842__line__000173,pdf_01000000__01004001___ad83d28842__scene__007,01004001_逍遥津.pdf,D:\University_studies\Junior\data_visualization\experiment\final_self\opera_dataset\01000000\01004001_逍遥津.pdf,01000000/01004001_逍遥津.pdf,49bfac8f-ad5c-4639-829d-be1bd24f8504,7,【第七场】,173,dialogue,dialogue,曹操,pdf_01000000__01004001___ad83d28842__char__e1bd96b7dd,白,白,白,道；念白,曹操；穆顺,"穆顺,我待你不薄,你为何搬取诸侯,共灭老夫,是何道理?","曹操（白）穆顺,我待你不薄,你为何搬取诸侯,共灭老夫,是何道理?"
pdf_01000000__01004001___ad83d28842,逍遥津,pdf_01000000__01004001___ad83d28842__line__000173,pdf_01000000__01004001___ad83d28842__scene__007,01004001_逍遥津.pdf,D:\University_studies\Junior\data_visualization\experiment\final_self\opera_dataset\01000000\01004001_逍遥津.pdf,01000000/01004001_逍遥津.pdf,49bfac8f-ad5c-4639-829d-be1bd24f8504,7,【第七场】,173,dialogue,dialogue,穆顺,pdf_01000000__01004001___ad83d28842__char__3fba7bea98,白,白,白,上；下；看；命；杀；刺；念白,曹操；穆顺,"咳!曹操吓曹操,实对你说了罢!只因你带剑上殿,刺皇杀驾,幸得众臣保驾回宫,吾皇与娘娘修下血诏,特命咱家搬动各路诸侯,共灭你这奸贼!如今午门被你看破,搜出回文,咳!乃是天网恢恢,疏而不漏。我死一命,何足得奇!恐你日后遗臭万年,骂名千古!也罢,我拚,拚这条性命不要,与你转了罢!","穆顺（白）咳!曹操吓曹操,实对你说了罢!只因你带剑上殿,刺皇杀驾,幸得众臣保驾回宫,吾皇与娘娘修下血诏,特命咱家搬动各路诸侯,共灭你这奸贼!如今午门被你看破,搜出回文,咳!乃是天网恢恢,疏而不漏。我死一命,何足得奇!恐你日后遗臭万年,骂名千古!也罢,我拚,拚这条性命不要,与你转了罢!"
pdf_01000000__01004001___ad83d28842,逍遥津,pdf_01000000__01004001___ad83d28842__line__000173,pdf_01000000__01004001___ad83d28842__scene__007,01004001_逍遥津.pdf,D:\University_studies\Junior\data_visualization\experiment\final_self\opera_dataset\01000000\01004001_逍遥津.pdf,01000000/01004001_逍遥津.pdf,49bfac8f-ad5c-4639-829d-be1bd24f8504,7,【第七场】,173,dialogue,dialogue,曹操,pdf_01000000__01004001___ad83d28842__char__e1bd96b7dd,白,白,白,来；报；命；杀；念白,曹操；华歆,"华歆过来!命你将那伏相府满门杀死,速报我知!","曹操（白）华歆过来!命你将那伏相府满门杀死,速报我知!"
pdf_01000000__01004001___ad83d28842,逍遥津,pdf_01000000__01004001___ad83d28842__line__000173,pdf_01000000__01004001___ad83d28842__scene__007,01004001_逍遥津.pdf,D:\University_studies\Junior\data_visualization\experiment\final_self\opera_dataset\01000000\01004001_逍遥津.pdf,01000000/01004001_逍遥津.pdf,49bfac8f-ad5c-4639-829d-be1bd24f8504,7,【第七场】,173,dialogue,dialogue,众人,pdf_01000000__01004001___ad83d28842__char__64ddc2ec1d,内同白,对白,内同白,杀,众人,好杀吓杀吓!,众人（内同白）好杀吓杀吓!
pdf_01000000__01004001___ad83d28842,逍遥津,pdf_01000000__01004001___ad83d28842__line__000173,pdf_01000000__01004001___ad83d28842__scene__007,01004001_逍遥津.pdf,D:\University_studies\Junior\data_visualization\experiment\final_self\opera_dataset\01000000\01004001_逍遥津.pdf,01000000/01004001_逍遥津.pdf,49bfac8f-ad5c-4639-829d-be1bd24f8504,7,【第七场】,173,dialogue,dialogue,华歆,pdf_01000000__01004001___ad83d28842__char__c3323ed43f,白,白,白,念白,华歆,伏相府满门剿除!,华歆（白）伏相府满门剿除!
pdf_01000000__01004001___ad83d28842,逍遥津,pdf_01000000__01004001___ad83d28842__line__000173,pdf_01000000__01004001___ad83d28842__scene__007,01004001_逍遥津.pdf,D:\University_studies\Junior\data_visualization\experiment\final_self\opera_dataset\01000000\01004001_逍遥津.pdf,01000000/01004001_逍遥津.pdf,49bfac8f-ad5c-4639-829d-be1bd24f8504,7,【第七场】,173,dialogue,dialogue,曹操,pdf_01000000__01004001___ad83d28842__char__e1bd96b7dd,白,白,白,来；抓；念白,曹操；伏后,"好,速往禁宫,将那伏后抓来见我!","曹操（白）好,速往禁宫,将那伏后抓来见我!"
pdf_01000000__01004001___ad83d28842,逍遥津,pdf_01000000__01004001___ad83d28842__line__000173,pdf_01000000__01004001___ad83d28842__scene__007,01004001_逍遥津.pdf,D:\University_studies\Junior\data_visualization\experiment\final_self\opera_dataset\01000000\01004001_逍遥津.pdf,01000000/01004001_逍遥津.pdf,49bfac8f-ad5c-4639-829d-be1bd24f8504,7,【第七场】,173,dialogue,dialogue,曹操,pdf_01000000__01004001___ad83d28842__char__e1bd96b7dd,白,白,白,道；打；念白,曹操,校尉等打道禁宫!,曹操（白）校尉等打道禁宫!
pdf_01000000__01004001___ad83d28842,逍遥津,pdf_01000000__01004001___ad83d28842__line__000177,pdf_01000000__01004001___ad83d28842__scene__008,01004001_逍遥津.pdf,D:\University_studies\Junior\data_visualization\experiment\final_self\opera_dataset\01000000\01004001_逍遥津.pdf,01000000/01004001_逍遥津.pdf,49bfac8f-ad5c-4639-829d-be1bd24f8504,8,【第八场】,177,stage_direction,stage_direction,,,四太监引二皇子、伏后、汉献帝同上。,做,四太监引二皇子、伏后、汉献帝同上。,上,汉献帝；二皇子；伏后,,（四太监引二皇子、伏后、汉献帝同上。）
pdf_01000000__01004001___ad83d28842,逍遥津,pdf_01000000__01004001___ad83d28842__line__000179,pdf_01000000__01004001___ad83d28842__scene__008,01004001_逍遥津.pdf,D:\University_studies\Junior\data_visualization\experiment\final_self\opera_dataset\01000000\01004001_逍遥津.pdf,01000000/01004001_逍遥津.pdf,49bfac8f-ad5c-4639-829d-be1bd24f8504,8,【第八场】,179,dialogue,dialogue,汉献帝,pdf_01000000__01004001___ad83d28842__char__c5e9da9fa3,二黄摇板,唱,二黄摇板,令,汉献帝,曹孟德起谋意令人可恨，,汉献帝 （二黄摇板） 曹孟德起谋意令人可恨，
pdf_01000000__01004001___ad83d28842,逍遥津,pdf_01000000__01004001___ad83d28842__line__000181,pdf_01000000__01004001___ad83d28842__scene__008,01004001_逍遥津.pdf,D:\University_studies\Junior\data_visualization\experiment\final_self\opera_dataset\01000000\01004001_逍遥津.pdf,01000000/01004001_逍遥津.pdf,49bfac8f-ad5c-4639-829d-be1bd24f8504,8,【第八场】,181,narration,narration,,,,说明,,刺；惊,今早朝刺寡人胆战心惊,今早朝刺寡人胆战心惊。,今早朝刺寡人胆战心惊。
pdf_01000000__01004001___ad83d28842,逍遥津,pdf_01000000__01004001___ad83d28842__line__000183,pdf_01000000__01004001___ad83d28842__scene__008,01004001_逍遥津.pdf,D:\University_studies\Junior\data_visualization\experiment\final_self\opera_dataset\01000000\01004001_逍遥津.pdf,01000000/01004001_逍遥津.pdf,49bfac8f-ad5c-4639-829d-be1bd24f8504,8,【第八场】,183,narration,narration,,,,说明,,,伏后,与伏后定密计血诏颁行，,与伏后定密计血诏颁行，
pdf_01000000__01004001___ad83d28842,逍遥津,pdf_01000000__01004001___ad83d28842__line__000185,pdf_01000000__01004001___ad83d28842__scene__008,01004001_逍遥津.pdf,D:\University_studies\Junior\data_visualization\experiment\final_self\opera_dataset\01000000\01004001_逍遥津.pdf,01000000/01004001_逍遥津.pdf,49bfac8f-ad5c-4639-829d-be1bd24f8504,8,【第八场】,185,narration,narration,,,,说明,,,但愿得人马到共灭奸臣,但愿得人马到共灭奸臣！,但愿得人马到共灭奸臣！
pdf_01000000__01004001___ad83d28842,逍遥津,pdf_01000000__01004001___ad83d28842__line__000187,pdf_01000000__01004001___ad83d28842__scene__008,01004001_逍遥津.pdf,D:\University_studies\Junior\data_visualization\experiment\final_self\opera_dataset\01000000\01004001_逍遥津.pdf,01000000/01004001_逍遥津.pdf,49bfac8f-ad5c-4639-829d-be1bd24f8504,8,【第八场】,187,stage_direction,stage_direction,,,太监上。,做,太监上。,上,太监,,（太监上。）
pdf_01000000__01004001___ad83d28842,逍遥津,pdf_01000000__01004001___ad83d28842__line__000189,pdf_01000000__01004001___ad83d28842__scene__008,01004001_逍遥津.pdf,D:\University_studies\Junior\data_visualization\experiment\final_self\opera_dataset\01000000\01004001_逍遥津.pdf,01000000/01004001_逍遥津.pdf,49bfac8f-ad5c-4639-829d-be1bd24f8504,8,【第八场】,189,dialogue,dialogue,太监,pdf_01000000__01004001___ad83d28842__char__07511305c7,白,白,白,念白,太监,"万岁,大事不好了!","太监（白）万岁,大事不好了!"
pdf_01000000__01004001___ad83d28842,逍遥津,pdf_01000000__01004001___ad83d28842__line__000189,pdf_01000000__01004001___ad83d28842__scene__008,01004001_逍遥津.pdf,D:\University_studies\Junior\data_visualization\experiment\final_self\opera_dataset\01000000\01004001_逍遥津.pdf,01000000/01004001_逍遥津.pdf,49bfac8f-ad5c-4639-829d-be1bd24f8504,8,【第八场】,189,dialogue,dialogue,汉献帝,pdf_01000000__01004001___ad83d28842__char__c5e9da9fa3,白,白,白,惊；念白,汉献帝,何事惊慌?,汉献帝（白）何事惊慌?
pdf_01000000__01004001___ad83d28842,逍遥津,pdf_01000000__01004001___ad83d28842__line__000189,pdf_01000000__01004001___ad83d28842__scene__008,01004001_逍遥津.pdf,D:\University_studies\Junior\data_visualization\experiment\final_self\opera_dataset\01000000\01004001_逍遥津.pdf,01000000/01004001_逍遥津.pdf,49bfac8f-ad5c-4639-829d-be1bd24f8504,8,【第八场】,189,dialogue,dialogue,太监,pdf_01000000__01004001___ad83d28842__char__07511305c7,白,白,白,进；念白,太监；华歆,华歆带剑进宫!,太监（白）华歆带剑进宫!
pdf_01000000__01004001___ad83d28842,逍遥津,pdf_01000000__01004001___ad83d28842__line__000191,pdf_01000000__01004001___ad83d28842__scene__008,01004001_逍遥津.pdf,D:\University_studies\Junior\data_visualization\experiment\final_self\opera_dataset\01000000\01004001_逍遥津.pdf,01000000/01004001_逍遥津.pdf,49bfac8f-ad5c-4639-829d-be1bd24f8504,8,【第八场】,191,stage_direction,stage_direction,,,太监下。,做,太监下。,下,太监,,（太监下。）
pdf_01000000__01004001___ad83d28842,逍遥津,pdf_01000000__01004001___ad83d28842__line__000193,pdf_01000000__01004001___ad83d28842__scene__008,01004001_逍遥津.pdf,D:\University_studies\Junior\data_visualization\experiment\final_self\opera_dataset\01000000\01004001_逍遥津.pdf,01000000/01004001_逍遥津.pdf,49bfac8f-ad5c-4639-829d-be1bd24f8504,8,【第八场】,193,dialogue,dialogue,汉献帝,pdf_01000000__01004001___ad83d28842__char__c5e9da9fa3,白,白,白,念白,汉献帝,"哎呀,不不好了!","汉献帝（白）哎呀,不不好了!"
pdf_01000000__01004001___ad83d28842,逍遥津,pdf_01000000__01004001___ad83d28842__line__000193,pdf_01000000__01004001___ad83d28842__scene__008,01004001_逍遥津.pdf,D:\University_studies\Junior\data_visualization\experiment\final_self\opera_dataset\01000000\01004001_逍遥津.pdf,01000000/01004001_逍遥津.pdf,49bfac8f-ad5c-4639-829d-be1bd24f8504,8,【第八场】,193,dialogue,dialogue,伏后,pdf_01000000__01004001___ad83d28842__char__9dd690d913,二黄摇板,唱,二黄摇板,去,伏后,"辞别了万岁出宫庭,御花园中去藏身!","伏后（二黄摇板）辞别了万岁出宫庭,御花园中去藏身!"
pdf_01000000__01004001___ad83d28842,逍遥津,pdf_01000000__01004001___ad83d28842__line__000195,pdf_01000000__01004001___ad83d28842__scene__008,01004001_逍遥津.pdf,D:\University_studies\Junior\data_visualization\experiment\final_self\opera_dataset\01000000\01004001_逍遥津.pdf,01000000/01004001_逍遥津.pdf,49bfac8f-ad5c-4639-829d-be1bd24f8504,8,【第八场】,195,stage_direction,stage_direction,,,二皇子、伏后同下。华歆上。,做,二皇子、伏后同下。华歆上。,上；下,二皇子；华歆；伏后,,（二皇子、伏后同下。华歆上。）
pdf_01000000__01004001___ad83d28842,逍遥津,pdf_01000000__01004001___ad83d28842__line__000199,pdf_01000000__01004001___ad83d28842__scene__008,01004001_逍遥津.pdf,D:\University_studies\Junior\data_visualization\experiment\final_self\opera_dataset\01000000\01004001_逍遥津.pdf,01000000/01004001_逍遥津.pdf,49bfac8f-ad5c-4639-829d-be1bd24f8504,8,【第八场】,199,stage_direction,stage_direction,,,华歆下，华歆拉伏后、二皇子同上，伏后跌，二皇子同倒。华歆欲杀伏后。曹妃暗上，摇手。华歆拉伏后同下。,做,华歆下，华歆拉伏后、二皇子同上，伏后跌，二皇子同倒。华歆欲杀伏后。曹妃暗上，摇手。华歆拉伏后同下。,上；下；杀,二皇子；华歆；伏后；曹妃,,（华歆下，华歆拉伏后、二皇子同上，伏后跌，二皇子同倒。华歆欲杀伏后。曹妃暗上，摇手。华歆拉伏后同下。）
pdf_01000000__01004001___ad83d28842,逍遥津,pdf_01000000__01004001___ad83d28842__line__000201,pdf_01000000__01004001___ad83d28842__scene__008,01004001_逍遥津.pdf,D:\University_studies\Junior\data_visualization\experiment\final_self\opera_dataset\01000000\01004001_逍遥津.pdf,01000000/01004001_逍遥津.pdf,49bfac8f-ad5c-4639-829d-be1bd24f8504,8,【第八场】,201,dialogue,dialogue,曹妃,pdf_01000000__01004001___ad83d28842__char__9517bd5ccf,白,白,白,哭；念白,曹妃,"皇儿不必啼哭,有为娘在此。","曹妃（白）皇儿不必啼哭,有为娘在此。"
pdf_01000000__01004001___ad83d28842,逍遥津,pdf_01000000__01004001___ad83d28842__line__000201,pdf_01000000__01004001___ad83d28842__scene__008,01004001_逍遥津.pdf,D:\University_studies\Junior\data_visualization\experiment\final_self\opera_dataset\01000000\01004001_逍遥津.pdf,01000000/01004001_逍遥津.pdf,49bfac8f-ad5c-4639-829d-be1bd24f8504,8,【第八场】,201,dialogue,dialogue,二皇子,pdf_01000000__01004001___ad83d28842__char__c784474173,同白,白,同白,念白,二皇子,"放屁!谁是你的儿,你是谁的娘?哈哈哈,好不害羞么!","二皇子（同白）放屁!谁是你的儿,你是谁的娘?哈哈哈,好不害羞么!"
pdf_01000000__01004001___ad83d28842,逍遥津,pdf_01000000__01004001___ad83d28842__line__000201,pdf_01000000__01004001___ad83d28842__scene__008,01004001_逍遥津.pdf,D:\University_studies\Junior\data_visualization\experiment\final_self\opera_dataset\01000000\01004001_逍遥津.pdf,01000000/01004001_逍遥津.pdf,49bfac8f-ad5c-4639-829d-be1bd24f8504,8,【第八场】,201,dialogue,dialogue,曹妃,pdf_01000000__01004001___ad83d28842__char__9517bd5ccf,白,白,白,念白,曹妃,咳!真乃可恼!,曹妃（白）咳!真乃可恼!
pdf_01000000__01004001___ad83d28842,逍遥津,pdf_01000000__01004001___ad83d28842__line__000201,pdf_01000000__01004001___ad83d28842__scene__008,01004001_逍遥津.pdf,D:\University_studies\Junior\data_visualization\experiment\final_self\opera_dataset\01000000\01004001_逍遥津.pdf,01000000/01004001_逍遥津.pdf,49bfac8f-ad5c-4639-829d-be1bd24f8504,8,【第八场】,201,dialogue,dialogue,汉献帝,pdf_01000000__01004001___ad83d28842__char__c5e9da9fa3,白,白,白,念白,汉献帝,"梓童不必如此,皇儿冒犯,寡人这里赔礼了!","汉献帝（白）梓童不必如此,皇儿冒犯,寡人这里赔礼了!"
pdf_01000000__01004001___ad83d28842,逍遥津,pdf_01000000__01004001___ad83d28842__line__000201,pdf_01000000__01004001___ad83d28842__scene__008,01004001_逍遥津.pdf,D:\University_studies\Junior\data_visualization\experiment\final_self\opera_dataset\01000000\01004001_逍遥津.pdf,01000000/01004001_逍遥津.pdf,49bfac8f-ad5c-4639-829d-be1bd24f8504,8,【第八场】,201,dialogue,dialogue,曹妃,pdf_01000000__01004001___ad83d28842__char__9517bd5ccf,白,白,白,念白,曹妃,呀啐!哪个要你赔礼!咳!,曹妃（白）呀啐!哪个要你赔礼!咳!
pdf_01000000__01004001___ad83d28842,逍遥津,pdf_01000000__01004001___ad83d28842__line__000203,pdf_01000000__01004001___ad83d28842__scene__008,01004001_逍遥津.pdf,D:\University_studies\Junior\data_visualization\experiment\final_self\opera_dataset\01000000\01004001_逍遥津.pdf,01000000/01004001_逍遥津.pdf,49bfac8f-ad5c-4639-829d-be1bd24f8504,8,【第八场】,203,stage_direction,stage_direction,,,曹妃下。,做,曹妃下。,下,曹妃,,（曹妃下。）
pdf_01000000__01004001___ad83d28842,逍遥津,pdf_01000000__01004001___ad83d28842__line__000205,pdf_01000000__01004001___ad83d28842__scene__008,01004001_逍遥津.pdf,D:\University_studies\Junior\data_visualization\experiment\final_self\opera_dataset\01000000\01004001_逍遥津.pdf,01000000/01004001_逍遥津.pdf,49bfac8f-ad5c-4639-829d-be1bd24f8504,8,【第八场】,205,dialogue,dialogue,汉献帝,pdf_01000000__01004001___ad83d28842__char__c5e9da9fa3,白,白,白,念白,汉献帝,"皇儿,你母后呢?","汉献帝（白）皇儿,你母后呢?"
pdf_01000000__01004001___ad83d28842,逍遥津,pdf_01000000__01004001___ad83d28842__line__000205,pdf_01000000__01004001___ad83d28842__scene__008,01004001_逍遥津.pdf,D:\University_studies\Junior\data_visualization\experiment\final_self\opera_dataset\01000000\01004001_逍遥津.pdf,01000000/01004001_逍遥津.pdf,49bfac8f-ad5c-4639-829d-be1bd24f8504,8,【第八场】,205,dialogue,dialogue,二皇子,pdf_01000000__01004001___ad83d28842__char__c784474173,同白,白,同白,去；念白,二皇子；华歆,"被那华歆,仗剑拉出宫门去了!","二皇子（同白）被那华歆,仗剑拉出宫门去了!"
pdf_01000000__01004001___ad83d28842,逍遥津,pdf_01000000__01004001___ad83d28842__line__000205,pdf_01000000__01004001___ad83d28842__scene__008,01004001_逍遥津.pdf,D:\University_studies\Junior\data_visualization\experiment\final_self\opera_dataset\01000000\01004001_逍遥津.pdf,01000000/01004001_逍遥津.pdf,49bfac8f-ad5c-4639-829d-be1bd24f8504,8,【第八场】,205,dialogue,dialogue,汉献帝,pdf_01000000__01004001___ad83d28842__char__c5e9da9fa3,白,白,白,走；去；念白,汉献帝,"哎呀不好!随定为父,寻找你母去!走走走!","汉献帝（白）哎呀不好!随定为父,寻找你母去!走走走!"
pdf_01000000__01004001___ad83d28842,逍遥津,pdf_01000000__01004001___ad83d28842__line__000207,pdf_01000000__01004001___ad83d28842__scene__008,01004001_逍遥津.pdf,D:\University_studies\Junior\data_visualization\experiment\final_self\opera_dataset\01000000\01004001_逍遥津.pdf,01000000/01004001_逍遥津.pdf,49bfac8f-ad5c-4639-829d-be1bd24f8504,8,【第八场】,207,stage_direction,stage_direction,,,汉献帝、二皇子同下。,做,汉献帝、二皇子同下。,下,汉献帝；二皇子,,（汉献帝、二皇子同下。）
pdf_01000000__01004001___ad83d28842,逍遥津,pdf_01000000__01004001___ad83d28842__line__000211,pdf_01000000__01004001___ad83d28842__scene__009,01004001_逍遥津.pdf,D:\University_studies\Junior\data_visualization\experiment\final_self\opera_dataset\01000000\01004001_逍遥津.pdf,01000000/01004001_逍遥津.pdf,49bfac8f-ad5c-4639-829d-be1bd24f8504,9,【第九场】,211,dialogue,dialogue,华歆,pdf_01000000__01004001___ad83d28842__char__c3323ed43f,白,白,白,拿；念白,华歆；伏后,伏后拿到!,华歆（白）伏后拿到!
pdf_01000000__01004001___ad83d28842,逍遥津,pdf_01000000__01004001___ad83d28842__line__000211,pdf_01000000__01004001___ad83d28842__scene__009,01004001_逍遥津.pdf,D:\University_studies\Junior\data_visualization\experiment\final_self\opera_dataset\01000000\01004001_逍遥津.pdf,01000000/01004001_逍遥津.pdf,49bfac8f-ad5c-4639-829d-be1bd24f8504,9,【第九场】,211,dialogue,dialogue,曹操,pdf_01000000__01004001___ad83d28842__char__e1bd96b7dd,白,白,白,念白,曹操,好贱人吓!,曹操（白）好贱人吓!
pdf_01000000__01004001___ad83d28842,逍遥津,pdf_01000000__01004001___ad83d28842__line__000211,pdf_01000000__01004001___ad83d28842__scene__009,01004001_逍遥津.pdf,D:\University_studies\Junior\data_visualization\experiment\final_self\opera_dataset\01000000\01004001_逍遥津.pdf,01000000/01004001_逍遥津.pdf,49bfac8f-ad5c-4639-829d-be1bd24f8504,9,【第九场】,211,dialogue,dialogue,伏后,pdf_01000000__01004001___ad83d28842__char__9dd690d913,二黄摇板,唱,二黄摇板,命；跪,伏后,"缓步向前忙跪定,搭救哀家命残生!","伏后（二黄摇板）缓步向前忙跪定,搭救哀家命残生!"
pdf_01000000__01004001___ad83d28842,逍遥津,pdf_01000000__01004001___ad83d28842__line__000211,pdf_01000000__01004001___ad83d28842__scene__009,01004001_逍遥津.pdf,D:\University_studies\Junior\data_visualization\experiment\final_self\opera_dataset\01000000\01004001_逍遥津.pdf,01000000/01004001_逍遥津.pdf,49bfac8f-ad5c-4639-829d-be1bd24f8504,9,【第九场】,211,dialogue,dialogue,司马懿,pdf_01000000__01004001___ad83d28842__char__2df9eac30e,二黄摇板,唱,二黄摇板,命；跪,司马懿；伏后,"伏后不必跪埃尘,为臣怎敢欺当今。官卑职小难救命,那厢恳求姓华人!","司马懿（二黄摇板）伏后不必跪埃尘,为臣怎敢欺当今。官卑职小难救命,那厢恳求姓华人!"
pdf_01000000__01004001___ad83d28842,逍遥津,pdf_01000000__01004001___ad83d28842__line__000211,pdf_01000000__01004001___ad83d28842__scene__009,01004001_逍遥津.pdf,D:\University_studies\Junior\data_visualization\experiment\final_self\opera_dataset\01000000\01004001_逍遥津.pdf,01000000/01004001_逍遥津.pdf,49bfac8f-ad5c-4639-829d-be1bd24f8504,9,【第九场】,211,dialogue,dialogue,伏后,pdf_01000000__01004001___ad83d28842__char__9dd690d913,二黄摇板,唱,二黄摇板,,伏后,"转身哀告求华卿,伏乞饶恕一线恩!","伏后（二黄摇板）转身哀告求华卿,伏乞饶恕一线恩!"
pdf_01000000__01004001___ad83d28842,逍遥津,pdf_01000000__01004001___ad83d28842__line__000211,pdf_01000000__01004001___ad83d28842__scene__009,01004001_逍遥津.pdf,D:\University_studies\Junior\data_visualization\experiment\final_self\opera_dataset\01000000\01004001_逍遥津.pdf,01000000/01004001_逍遥津.pdf,49bfac8f-ad5c-4639-829d-be1bd24f8504,9,【第九场】,211,dialogue,dialogue,华歆,pdf_01000000__01004001___ad83d28842__char__c3323ed43f,白,白,白,念白,华歆,呸!,华歆（白）呸!
pdf_01000000__01004001___ad83d28842,逍遥津,pdf_01000000__01004001___ad83d28842__line__000213,pdf_01000000__01004001___ad83d28842__scene__009,01004001_逍遥津.pdf,D:\University_studies\Junior\data_visualization\experiment\final_self\opera_dataset\01000000\01004001_逍遥津.pdf,01000000/01004001_逍遥津.pdf,49bfac8f-ad5c-4639-829d-be1bd24f8504,9,【第九场】,213,dialogue,dialogue,华歆,pdf_01000000__01004001___ad83d28842__char__c3323ed43f,二黄摇板,唱,二黄摇板,来,华歆,我与个君不君来臣不臣!,华歆（二黄摇板）我与个君不君来臣不臣!
pdf_01000000__01004001___ad83d28842,逍遥津,pdf_01000000__01004001___ad83d28842__line__000213,pdf_01000000__01004001___ad83d28842__scene__009,01004001_逍遥津.pdf,D:\University_studies\Junior\data_visualization\experiment\final_self\opera_dataset\01000000\01004001_逍遥津.pdf,01000000/01004001_逍遥津.pdf,49bfac8f-ad5c-4639-829d-be1bd24f8504,9,【第九场】,213,dialogue,dialogue,伏后,pdf_01000000__01004001___ad83d28842__char__9dd690d913,白,白,白,念白,伏后,罢!,伏后（白）罢!
pdf_01000000__01004001___ad83d28842,逍遥津,pdf_01000000__01004001___ad83d28842__line__000213,pdf_01000000__01004001___ad83d28842__scene__009,01004001_逍遥津.pdf,D:\University_studies\Junior\data_visualization\experiment\final_self\opera_dataset\01000000\01004001_逍遥津.pdf,01000000/01004001_逍遥津.pdf,49bfac8f-ad5c-4639-829d-be1bd24f8504,9,【第九场】,213,dialogue,dialogue,曹操,pdf_01000000__01004001___ad83d28842__char__e1bd96b7dd,白,白,白,念白,曹操,校尉等!,曹操（白）校尉等!
pdf_01000000__01004001___ad83d28842,逍遥津,pdf_01000000__01004001___ad83d28842__line__000213,pdf_01000000__01004001___ad83d28842__scene__009,01004001_逍遥津.pdf,D:\University_studies\Junior\data_visualization\experiment\final_self\opera_dataset\01000000\01004001_逍遥津.pdf,01000000/01004001_逍遥津.pdf,49bfac8f-ad5c-4639-829d-be1bd24f8504,9,【第九场】,213,dialogue,dialogue,司马懿,pdf_01000000__01004001___ad83d28842__char__2df9eac30e,二黄摇板,唱,二黄摇板,,司马懿,丞相息怒暂稍停!,司马懿（二黄摇板）丞相息怒暂稍停!
pdf_01000000__01004001___ad83d28842,逍遥津,pdf_01000000__01004001___ad83d28842__line__000213,pdf_01000000__01004001___ad83d28842__scene__009,01004001_逍遥津.pdf,D:\University_studies\Junior\data_visualization\experiment\final_self\opera_dataset\01000000\01004001_逍遥津.pdf,01000000/01004001_逍遥津.pdf,49bfac8f-ad5c-4639-829d-be1bd24f8504,9,【第九场】,213,dialogue,dialogue,曹操,pdf_01000000__01004001___ad83d28842__char__e1bd96b7dd,白,白,白,打；念白,曹操,好。校尉等!乱棍打死!,曹操（白）好。校尉等!乱棍打死!
pdf_01000000__01004001___ad83d28842,逍遥津,pdf_01000000__01004001___ad83d28842__line__000213,pdf_01000000__01004001___ad83d28842__scene__009,01004001_逍遥津.pdf,D:\University_studies\Junior\data_visualization\experiment\final_self\opera_dataset\01000000\01004001_逍遥津.pdf,01000000/01004001_逍遥津.pdf,49bfac8f-ad5c-4639-829d-be1bd24f8504,9,【第九场】,213,dialogue,dialogue,华歆,pdf_01000000__01004001___ad83d28842__char__c3323ed43f,白,白,白,念白,华歆；伏后,伏后气绝了!,华歆（白）伏后气绝了!
pdf_01000000__01004001___ad83d28842,逍遥津,pdf_01000000__01004001___ad83d28842__line__000213,pdf_01000000__01004001___ad83d28842__scene__009,01004001_逍遥津.pdf,D:\University_studies\Junior\data_visualization\experiment\final_self\opera_dataset\01000000\01004001_逍遥津.pdf,01000000/01004001_逍遥津.pdf,49bfac8f-ad5c-4639-829d-be1bd24f8504,9,【第九场】,213,dialogue,dialogue,曹操,pdf_01000000__01004001___ad83d28842__char__e1bd96b7dd,白,白,白,念白,曹操,闪开!,曹操（白）闪开!
pdf_01000000__01004001___ad83d28842,逍遥津,pdf_01000000__01004001___ad83d28842__line__000213,pdf_01000000__01004001___ad83d28842__scene__009,01004001_逍遥津.pdf,D:\University_studies\Junior\data_visualization\experiment\final_self\opera_dataset\01000000\01004001_逍遥津.pdf,01000000/01004001_逍遥津.pdf,49bfac8f-ad5c-4639-829d-be1bd24f8504,9,【第九场】,213,dialogue,dialogue,曹操,pdf_01000000__01004001___ad83d28842__char__e1bd96b7dd,白,白,白,念白,曹操,拖入荒郊!,曹操（白）拖入荒郊!
pdf_01000000__01004001___ad83d28842,逍遥津,pdf_01000000__01004001___ad83d28842__line__000213,pdf_01000000__01004001___ad83d28842__scene__009,01004001_逍遥津.pdf,D:\University_studies\Junior\data_visualization\experiment\final_self\opera_dataset\01000000\01004001_逍遥津.pdf,01000000/01004001_逍遥津.pdf,49bfac8f-ad5c-4639-829d-be1bd24f8504,9,【第九场】,213,dialogue,dialogue,司马懿,pdf_01000000__01004001___ad83d28842__char__2df9eac30e,白,白,白,上；看；念白,司马懿,"且慢!丞相看在献帝分上,赏她棺木一具!","司马懿（白）且慢!丞相看在献帝分上,赏她棺木一具!"
pdf_01000000__01004001___ad83d28842,逍遥津,pdf_01000000__01004001___ad83d28842__line__000213,pdf_01000000__01004001___ad83d28842__scene__009,01004001_逍遥津.pdf,D:\University_studies\Junior\data_visualization\experiment\final_self\opera_dataset\01000000\01004001_逍遥津.pdf,01000000/01004001_逍遥津.pdf,49bfac8f-ad5c-4639-829d-be1bd24f8504,9,【第九场】,213,dialogue,dialogue,曹操,pdf_01000000__01004001___ad83d28842__char__e1bd96b7dd,白,白,白,下；去；念白,曹操,"依你主见,拖下去!","曹操（白）依你主见,拖下去!"
pdf_01000000__01004001___ad83d28842,逍遥津,pdf_01000000__01004001___ad83d28842__line__000213,pdf_01000000__01004001___ad83d28842__scene__009,01004001_逍遥津.pdf,D:\University_studies\Junior\data_visualization\experiment\final_self\opera_dataset\01000000\01004001_逍遥津.pdf,01000000/01004001_逍遥津.pdf,49bfac8f-ad5c-4639-829d-be1bd24f8504,9,【第九场】,213,dialogue,dialogue,曹操,pdf_01000000__01004001___ad83d28842__char__e1bd96b7dd,白,白,白,念白,曹操；伏后,哎!伏后吓伏后!,曹操（白）哎!伏后吓伏后!
pdf_01000000__01004001___ad83d28842,逍遥津,pdf_01000000__01004001___ad83d28842__line__000213,pdf_01000000__01004001___ad83d28842__scene__009,01004001_逍遥津.pdf,D:\University_studies\Junior\data_visualization\experiment\final_self\opera_dataset\01000000\01004001_逍遥津.pdf,01000000/01004001_逍遥津.pdf,49bfac8f-ad5c-4639-829d-be1bd24f8504,9,【第九场】,213,dialogue,dialogue,华歆,pdf_01000000__01004001___ad83d28842__char__c3323ed43f,白,白,白,道；打；念白,华歆；伏后,"丞相打死伏后,难道就罢了不成么?","华歆（白）丞相打死伏后,难道就罢了不成么?"
pdf_01000000__01004001___ad83d28842,逍遥津,pdf_01000000__01004001___ad83d28842__line__000213,pdf_01000000__01004001___ad83d28842__scene__009,01004001_逍遥津.pdf,D:\University_studies\Junior\data_visualization\experiment\final_self\opera_dataset\01000000\01004001_逍遥津.pdf,01000000/01004001_逍遥津.pdf,49bfac8f-ad5c-4639-829d-be1bd24f8504,9,【第九场】,213,dialogue,dialogue,曹操,pdf_01000000__01004001___ad83d28842__char__e1bd96b7dd,白,白,白,劈；杀；念白,曹操；穆顺；伏后,"午门剑劈穆顺,丹墀棒死伏后,抄杀伏相满门家眷数十余口,也就够了!","曹操（白）午门剑劈穆顺,丹墀棒死伏后,抄杀伏相满门家眷数十余口,也就够了!"
pdf_01000000__01004001___ad83d28842,逍遥津,pdf_01000000__01004001___ad83d28842__line__000213,pdf_01000000__01004001___ad83d28842__scene__009,01004001_逍遥津.pdf,D:\University_studies\Junior\data_visualization\experiment\final_self\opera_dataset\01000000\01004001_逍遥津.pdf,01000000/01004001_逍遥津.pdf,49bfac8f-ad5c-4639-829d-be1bd24f8504,9,【第九场】,213,dialogue,dialogue,华歆,pdf_01000000__01004001___ad83d28842__char__c3323ed43f,白,白,白,报；念白,华歆；伏后,"伏后还有两个儿子,现在宫中,日后长大成人,定报弑母之仇,丞相须要再思吓,再想!","华歆（白）伏后还有两个儿子,现在宫中,日后长大成人,定报弑母之仇,丞相须要再思吓,再想!"
pdf_01000000__01004001___ad83d28842,逍遥津,pdf_01000000__01004001___ad83d28842__line__000213,pdf_01000000__01004001___ad83d28842__scene__009,01004001_逍遥津.pdf,D:\University_studies\Junior\data_visualization\experiment\final_self\opera_dataset\01000000\01004001_逍遥津.pdf,01000000/01004001_逍遥津.pdf,49bfac8f-ad5c-4639-829d-be1bd24f8504,9,【第九场】,213,dialogue,dialogue,曹操,pdf_01000000__01004001___ad83d28842__char__e1bd96b7dd,白,白,白,念白,曹操,有何高见?,曹操（白）有何高见?
pdf_01000000__01004001___ad83d28842,逍遥津,pdf_01000000__01004001___ad83d28842__line__000213,pdf_01000000__01004001___ad83d28842__scene__009,01004001_逍遥津.pdf,D:\University_studies\Junior\data_visualization\experiment\final_self\opera_dataset\01000000\01004001_逍遥津.pdf,01000000/01004001_逍遥津.pdf,49bfac8f-ad5c-4639-829d-be1bd24f8504,9,【第九场】,213,dialogue,dialogue,华歆,pdf_01000000__01004001___ad83d28842__char__c3323ed43f,白,白,白,念白,华歆,斩草除根!,华歆（白）斩草除根!
pdf_01000000__01004001___ad83d28842,逍遥津,pdf_01000000__01004001___ad83d28842__line__000213,pdf_01000000__01004001___ad83d28842__scene__009,01004001_逍遥津.pdf,D:\University_studies\Junior\data_visualization\experiment\final_self\opera_dataset\01000000\01004001_逍遥津.pdf,01000000/01004001_逍遥津.pdf,49bfac8f-ad5c-4639-829d-be1bd24f8504,9,【第九场】,213,dialogue,dialogue,曹操,pdf_01000000__01004001___ad83d28842__char__e1bd96b7dd,白,白,白,进；道；打；念白,曹操,"好,打道进宫!","曹操（白）好,打道进宫!"
pdf_01000000__01004001___ad83d28842,逍遥津,pdf_01000000__01004001___ad83d28842__line__000217,pdf_01000000__01004001___ad83d28842__scene__010,01004001_逍遥津.pdf,D:\University_studies\Junior\data_visualization\experiment\final_self\opera_dataset\01000000\01004001_逍遥津.pdf,01000000/01004001_逍遥津.pdf,49bfac8f-ad5c-4639-829d-be1bd24f8504,10,【第十场】,217,dialogue,dialogue,汉献帝,pdf_01000000__01004001___ad83d28842__char__c5e9da9fa3,内二黄导板,对白,内二黄导板,,汉献帝,"父子们在宫院伤心落泪,","汉献帝（内二黄导板）父子们在宫院伤心落泪,"
pdf_01000000__01004001___ad83d28842,逍遥津,pdf_01000000__01004001___ad83d28842__line__000217,pdf_01000000__01004001___ad83d28842__scene__010,01004001_逍遥津.pdf,D:\University_studies\Junior\data_visualization\experiment\final_self\opera_dataset\01000000\01004001_逍遥津.pdf,01000000/01004001_逍遥津.pdf,49bfac8f-ad5c-4639-829d-be1bd24f8504,10,【第十场】,217,dialogue,dialogue,汉献帝,pdf_01000000__01004001___ad83d28842__char__c5e9da9fa3,二黄快三眼,唱,二黄快三眼,叫,汉献帝,叫孤王思想起好不伤悲!,汉献帝（二黄快三眼）叫孤王思想起好不伤悲!
pdf_01000000__01004001___ad83d28842,逍遥津,pdf_01000000__01004001___ad83d28842__line__000219,pdf_01000000__01004001___ad83d28842__scene__010,01004001_逍遥津.pdf,D:\University_studies\Junior\data_visualization\experiment\final_self\opera_dataset\01000000\01004001_逍遥津.pdf,01000000/01004001_逍遥津.pdf,49bfac8f-ad5c-4639-829d-be1bd24f8504,10,【第十场】,219,dialogue,dialogue,曹操,pdf_01000000__01004001___ad83d28842__char__e1bd96b7dd,白,白,白,进；打；念白,曹操,打进宫闱!,曹操（白）打进宫闱!
pdf_01000000__01004001___ad83d28842,逍遥津,pdf_01000000__01004001___ad83d28842__line__000219,pdf_01000000__01004001___ad83d28842__scene__010,01004001_逍遥津.pdf,D:\University_studies\Junior\data_visualization\experiment\final_self\opera_dataset\01000000\01004001_逍遥津.pdf,01000000/01004001_逍遥津.pdf,49bfac8f-ad5c-4639-829d-be1bd24f8504,10,【第十场】,219,dialogue,dialogue,汉献帝,pdf_01000000__01004001___ad83d28842__char__c5e9da9fa3,白,白,白,念白,汉献帝,"哎呀,不不......不好了!","汉献帝（白）哎呀,不不......不好了!"
pdf_01000000__01004001___ad83d28842,逍遥津,pdf_01000000__01004001___ad83d28842__line__000219,pdf_01000000__01004001___ad83d28842__scene__010,01004001_逍遥津.pdf,D:\University_studies\Junior\data_visualization\experiment\final_self\opera_dataset\01000000\01004001_逍遥津.pdf,01000000/01004001_逍遥津.pdf,49bfac8f-ad5c-4639-829d-be1bd24f8504,10,【第十场】,219,dialogue,dialogue,二皇子,pdf_01000000__01004001___ad83d28842__char__c784474173,同白,白,同白,念白,二皇子,待我两人向前。,二皇子（同白）待我两人向前。
pdf_01000000__01004001___ad83d28842,逍遥津,pdf_01000000__01004001___ad83d28842__line__000219,pdf_01000000__01004001___ad83d28842__scene__010,01004001_逍遥津.pdf,D:\University_studies\Junior\data_visualization\experiment\final_self\opera_dataset\01000000\01004001_逍遥津.pdf,01000000/01004001_逍遥津.pdf,49bfac8f-ad5c-4639-829d-be1bd24f8504,10,【第十场】,219,dialogue,dialogue,曹操,pdf_01000000__01004001___ad83d28842__char__e1bd96b7dd,二黄摇板,唱,二黄摇板,哭,曹操,"他二人只哭得天地震,","曹操（二黄摇板）他二人只哭得天地震,"
pdf_01000000__01004001___ad83d28842,逍遥津,pdf_01000000__01004001___ad83d28842__line__000219,pdf_01000000__01004001___ad83d28842__scene__010,01004001_逍遥津.pdf,D:\University_studies\Junior\data_visualization\experiment\final_self\opera_dataset\01000000\01004001_逍遥津.pdf,01000000/01004001_逍遥津.pdf,49bfac8f-ad5c-4639-829d-be1bd24f8504,10,【第十场】,219,dialogue,dialogue,司马懿,pdf_01000000__01004001___ad83d28842__char__2df9eac30e,白,白,白,杀；念白,司马懿,"杀也在丞相,放也在丞相。自古云“饶人是福”!","司马懿（白）杀也在丞相,放也在丞相。自古云“饶人是福”!"
pdf_01000000__01004001___ad83d28842,逍遥津,pdf_01000000__01004001___ad83d28842__line__000219,pdf_01000000__01004001___ad83d28842__scene__010,01004001_逍遥津.pdf,D:\University_studies\Junior\data_visualization\experiment\final_self\opera_dataset\01000000\01004001_逍遥津.pdf,01000000/01004001_逍遥津.pdf,49bfac8f-ad5c-4639-829d-be1bd24f8504,10,【第十场】,219,dialogue,dialogue,曹操,pdf_01000000__01004001___ad83d28842__char__e1bd96b7dd,白,白,白,念白,曹操,好个“饶人是福”!,曹操（白）好个“饶人是福”!
pdf_01000000__01004001___ad83d28842,逍遥津,pdf_01000000__01004001___ad83d28842__line__000219,pdf_01000000__01004001___ad83d28842__scene__010,01004001_逍遥津.pdf,D:\University_studies\Junior\data_visualization\experiment\final_self\opera_dataset\01000000\01004001_逍遥津.pdf,01000000/01004001_逍遥津.pdf,49bfac8f-ad5c-4639-829d-be1bd24f8504,10,【第十场】,219,dialogue,dialogue,华歆,pdf_01000000__01004001___ad83d28842__char__c3323ed43f,白,白,白,道；杀；念白,华歆,"放也在丞相,杀也在丞相,有道是“放虎容易擒虎难”吓!","华歆（白）放也在丞相,杀也在丞相,有道是“放虎容易擒虎难”吓!"
pdf_01000000__01004001___ad83d28842,逍遥津,pdf_01000000__01004001___ad83d28842__line__000219,pdf_01000000__01004001___ad83d28842__scene__010,01004001_逍遥津.pdf,D:\University_studies\Junior\data_visualization\experiment\final_self\opera_dataset\01000000\01004001_逍遥津.pdf,01000000/01004001_逍遥津.pdf,49bfac8f-ad5c-4639-829d-be1bd24f8504,10,【第十场】,219,dialogue,dialogue,汉献帝,pdf_01000000__01004001___ad83d28842__char__c5e9da9fa3,白,白,白,念白,汉献帝,"哎吓,不不......不好了!","汉献帝（白）哎吓,不不......不好了!"
pdf_01000000__01004001___ad83d28842,逍遥津,pdf_01000000__01004001___ad83d28842__line__000219,pdf_01000000__01004001___ad83d28842__scene__010,01004001_逍遥津.pdf,D:\University_studies\Junior\data_visualization\experiment\final_self\opera_dataset\01000000\01004001_逍遥津.pdf,01000000/01004001_逍遥津.pdf,49bfac8f-ad5c-4639-829d-be1bd24f8504,10,【第十场】,219,dialogue,dialogue,二皇子,pdf_01000000__01004001___ad83d28842__char__c784474173,同二黄摇板,对白,同二黄摇板,来；报,二皇子,"哀求外公放外孙,到来生衔环报你恩!","二皇子（同二黄摇板）哀求外公放外孙,到来生衔环报你恩!"
pdf_01000000__01004001___ad83d28842,逍遥津,pdf_01000000__01004001___ad83d28842__line__000219,pdf_01000000__01004001___ad83d28842__scene__010,01004001_逍遥津.pdf,D:\University_studies\Junior\data_visualization\experiment\final_self\opera_dataset\01000000\01004001_逍遥津.pdf,01000000/01004001_逍遥津.pdf,49bfac8f-ad5c-4639-829d-be1bd24f8504,10,【第十场】,219,dialogue,dialogue,曹操,pdf_01000000__01004001___ad83d28842__char__e1bd96b7dd,二黄摇板,唱,二黄摇板,叫；哭,曹操,"他父子哭得如山倒, 口口声声叫我饶。","曹操（二黄摇板）他父子哭得如山倒, 口口声声叫我饶。"
pdf_01000000__01004001___ad83d28842,逍遥津,pdf_01000000__01004001___ad83d28842__line__000219,pdf_01000000__01004001___ad83d28842__scene__010,01004001_逍遥津.pdf,D:\University_studies\Junior\data_visualization\experiment\final_self\opera_dataset\01000000\01004001_逍遥津.pdf,01000000/01004001_逍遥津.pdf,49bfac8f-ad5c-4639-829d-be1bd24f8504,10,【第十场】,219,dialogue,dialogue,曹操,pdf_01000000__01004001___ad83d28842__char__e1bd96b7dd,二黄摇板,唱,二黄摇板,,曹操,"我儿那厢把手摇。 忙将宝剑入了鞘,","曹操（二黄摇板）我儿那厢把手摇。 忙将宝剑入了鞘,"
pdf_01000000__01004001___ad83d28842,逍遥津,pdf_01000000__01004001___ad83d28842__line__000219,pdf_01000000__01004001___ad83d28842__scene__010,01004001_逍遥津.pdf,D:\University_studies\Junior\data_visualization\experiment\final_self\opera_dataset\01000000\01004001_逍遥津.pdf,01000000/01004001_逍遥津.pdf,49bfac8f-ad5c-4639-829d-be1bd24f8504,10,【第十场】,219,dialogue,dialogue,汉献帝,pdf_01000000__01004001___ad83d28842__char__c5e9da9fa3,白,白,白,念白,汉献帝,"呵呵,谢天谢地!","汉献帝（白）呵呵,谢天谢地!"
pdf_01000000__01004001___ad83d28842,逍遥津,pdf_01000000__01004001___ad83d28842__line__000219,pdf_01000000__01004001___ad83d28842__scene__010,01004001_逍遥津.pdf,D:\University_studies\Junior\data_visualization\experiment\final_self\opera_dataset\01000000\01004001_逍遥津.pdf,01000000/01004001_逍遥津.pdf,49bfac8f-ad5c-4639-829d-be1bd24f8504,10,【第十场】,219,dialogue,dialogue,华歆,pdf_01000000__01004001___ad83d28842__char__c3323ed43f,白,白,白,念白,华歆,"丞相,你饶了他们不成么?","华歆（白）丞相,你饶了他们不成么?"
pdf_01000000__01004001___ad83d28842,逍遥津,pdf_01000000__01004001___ad83d28842__line__000219,pdf_01000000__01004001___ad83d28842__scene__010,01004001_逍遥津.pdf,D:\University_studies\Junior\data_visualization\experiment\final_self\opera_dataset\01000000\01004001_逍遥津.pdf,01000000/01004001_逍遥津.pdf,49bfac8f-ad5c-4639-829d-be1bd24f8504,10,【第十场】,219,dialogue,dialogue,曹操,pdf_01000000__01004001___ad83d28842__char__e1bd96b7dd,白,白,白,上；看；念白,曹操,"看在内亲分上,故而饶恕与他!","曹操（白）看在内亲分上,故而饶恕与他!"
pdf_01000000__01004001___ad83d28842,逍遥津,pdf_01000000__01004001___ad83d28842__line__000219,pdf_01000000__01004001___ad83d28842__scene__010,01004001_逍遥津.pdf,D:\University_studies\Junior\data_visualization\experiment\final_self\opera_dataset\01000000\01004001_逍遥津.pdf,01000000/01004001_逍遥津.pdf,49bfac8f-ad5c-4639-829d-be1bd24f8504,10,【第十场】,219,dialogue,dialogue,华歆,pdf_01000000__01004001___ad83d28842__char__c3323ed43f,白,白,白,念白,华歆,"嘿嘿嘿,丞相忘怀了春秋晋国屠岸贾搜孤救孤之故事耳?","华歆（白）嘿嘿嘿,丞相忘怀了春秋晋国屠岸贾搜孤救孤之故事耳?"
pdf_01000000__01004001___ad83d28842,逍遥津,pdf_01000000__01004001___ad83d28842__line__000219,pdf_01000000__01004001___ad83d28842__scene__010,01004001_逍遥津.pdf,D:\University_studies\Junior\data_visualization\experiment\final_self\opera_dataset\01000000\01004001_逍遥津.pdf,01000000/01004001_逍遥津.pdf,49bfac8f-ad5c-4639-829d-be1bd24f8504,10,【第十场】,219,dialogue,dialogue,曹操,pdf_01000000__01004001___ad83d28842__char__e1bd96b7dd,白,白,白,念白,曹操,"唔唔唔,依你主见?","曹操（白）唔唔唔,依你主见?"
pdf_01000000__01004001___ad83d28842,逍遥津,pdf_01000000__01004001___ad83d28842__line__000219,pdf_01000000__01004001___ad83d28842__scene__010,01004001_逍遥津.pdf,D:\University_studies\Junior\data_visualization\experiment\final_self\opera_dataset\01000000\01004001_逍遥津.pdf,01000000/01004001_逍遥津.pdf,49bfac8f-ad5c-4639-829d-be1bd24f8504,10,【第十场】,219,dialogue,dialogue,华散,pdf_01000000__01004001___ad83d28842__char__a3c4844f25,白,白,白,念白,华散,赏他个全尸。,华散（白）赏他个全尸。
pdf_01000000__01004001___ad83d28842,逍遥津,pdf_01000000__01004001___ad83d28842__line__000219,pdf_01000000__01004001___ad83d28842__scene__010,01004001_逍遥津.pdf,D:\University_studies\Junior\data_visualization\experiment\final_self\opera_dataset\01000000\01004001_逍遥津.pdf,01000000/01004001_逍遥津.pdf,49bfac8f-ad5c-4639-829d-be1bd24f8504,10,【第十场】,219,dialogue,dialogue,曹操,pdf_01000000__01004001___ad83d28842__char__e1bd96b7dd,白,白,白,念白,曹操,只是未曾带得药酒。,曹操（白）只是未曾带得药酒。
pdf_01000000__01004001___ad83d28842,逍遥津,pdf_01000000__01004001___ad83d28842__line__000219,pdf_01000000__01004001___ad83d28842__scene__010,01004001_逍遥津.pdf,D:\University_studies\Junior\data_visualization\experiment\final_self\opera_dataset\01000000\01004001_逍遥津.pdf,01000000/01004001_逍遥津.pdf,49bfac8f-ad5c-4639-829d-be1bd24f8504,10,【第十场】,219,dialogue,dialogue,华歆,pdf_01000000__01004001___ad83d28842__char__c3323ed43f,白,白,白,念白,华歆,药酒早已预备。,华歆（白）药酒早已预备。
pdf_01000000__01004001___ad83d28842,逍遥津,pdf_01000000__01004001___ad83d28842__line__000219,pdf_01000000__01004001___ad83d28842__scene__010,01004001_逍遥津.pdf,D:\University_studies\Junior\data_visualization\experiment\final_self\opera_dataset\01000000\01004001_逍遥津.pdf,01000000/01004001_逍遥津.pdf,49bfac8f-ad5c-4639-829d-be1bd24f8504,10,【第十场】,219,dialogue,dialogue,曹操,pdf_01000000__01004001___ad83d28842__char__e1bd96b7dd,白,白,白,念白,曹操,但凭于你!,曹操（白）但凭于你!
pdf_01000000__01004001___ad83d28842,逍遥津,pdf_01000000__01004001___ad83d28842__line__000219,pdf_01000000__01004001___ad83d28842__scene__010,01004001_逍遥津.pdf,D:\University_studies\Junior\data_visualization\experiment\final_self\opera_dataset\01000000\01004001_逍遥津.pdf,01000000/01004001_逍遥津.pdf,49bfac8f-ad5c-4639-829d-be1bd24f8504,10,【第十场】,219,dialogue,dialogue,华歆,pdf_01000000__01004001___ad83d28842__char__c3323ed43f,白,白,白,来；念白,华歆,"来,与我绑好了!","华歆（白）来,与我绑好了!"
pdf_01000000__01004001___ad83d28842,逍遥津,pdf_01000000__01004001___ad83d28842__line__000219,pdf_01000000__01004001___ad83d28842__scene__010,01004001_逍遥津.pdf,D:\University_studies\Junior\data_visualization\experiment\final_self\opera_dataset\01000000\01004001_逍遥津.pdf,01000000/01004001_逍遥津.pdf,49bfac8f-ad5c-4639-829d-be1bd24f8504,10,【第十场】,219,dialogue,dialogue,华歆,pdf_01000000__01004001___ad83d28842__char__c3323ed43f,白,白,白,念白,华歆,启丞相:气绝了!,华歆（白）启丞相:气绝了!
pdf_01000000__01004001___ad83d28842,逍遥津,pdf_01000000__01004001___ad83d28842__line__000219,pdf_01000000__01004001___ad83d28842__scene__010,01004001_逍遥津.pdf,D:\University_studies\Junior\data_visualization\experiment\final_self\opera_dataset\01000000\01004001_逍遥津.pdf,01000000/01004001_逍遥津.pdf,49bfac8f-ad5c-4639-829d-be1bd24f8504,10,【第十场】,219,dialogue,dialogue,曹操,pdf_01000000__01004001___ad83d28842__char__e1bd96b7dd,白,白,白,念白,曹操,闪开!,曹操（白）闪开!
pdf_01000000__01004001___ad83d28842,逍遥津,pdf_01000000__01004001___ad83d28842__line__000219,pdf_01000000__01004001___ad83d28842__scene__010,01004001_逍遥津.pdf,D:\University_studies\Junior\data_visualization\experiment\final_self\opera_dataset\01000000\01004001_逍遥津.pdf,01000000/01004001_逍遥津.pdf,49bfac8f-ad5c-4639-829d-be1bd24f8504,10,【第十场】,219,dialogue,dialogue,曹操,pdf_01000000__01004001___ad83d28842__char__e1bd96b7dd,白,白,白,下；去；令；念白,司马懿；曹操,"搭下去。 司马懿听令:带领二十万雄兵,大下江南!","曹操（白）搭下去。 司马懿听令:带领二十万雄兵,大下江南!"
pdf_01000000__01004001___ad83d28842,逍遥津,pdf_01000000__01004001___ad83d28842__line__000219,pdf_01000000__01004001___ad83d28842__scene__010,01004001_逍遥津.pdf,D:\University_studies\Junior\data_visualization\experiment\final_self\opera_dataset\01000000\01004001_逍遥津.pdf,01000000/01004001_逍遥津.pdf,49bfac8f-ad5c-4639-829d-be1bd24f8504,10,【第十场】,219,dialogue,dialogue,司马懿,pdf_01000000__01004001___ad83d28842__char__2df9eac30e,白,白,白,令；念白,司马懿,得令!,司马懿（白）得令!
pdf_01000000__01004001___ad83d28842,逍遥津,pdf_01000000__01004001___ad83d28842__line__000219,pdf_01000000__01004001___ad83d28842__scene__010,01004001_逍遥津.pdf,D:\University_studies\Junior\data_visualization\experiment\final_self\opera_dataset\01000000\01004001_逍遥津.pdf,01000000/01004001_逍遥津.pdf,49bfac8f-ad5c-4639-829d-be1bd24f8504,10,【第十场】,219,dialogue,dialogue,曹操,pdf_01000000__01004001___ad83d28842__char__e1bd96b7dd,白,白,白,传；令；念白,曹操；华歆,"华歆听令:传我号令,众将披挂,教场听点!","曹操（白）华歆听令:传我号令,众将披挂,教场听点!"
pdf_01000000__01004001___ad83d28842,逍遥津,pdf_01000000__01004001___ad83d28842__line__000219,pdf_01000000__01004001___ad83d28842__scene__010,01004001_逍遥津.pdf,D:\University_studies\Junior\data_visualization\experiment\final_self\opera_dataset\01000000\01004001_逍遥津.pdf,01000000/01004001_逍遥津.pdf,49bfac8f-ad5c-4639-829d-be1bd24f8504,10,【第十场】,219,dialogue,dialogue,华歆,pdf_01000000__01004001___ad83d28842__char__c3323ed43f,白,白,白,令；念白,华歆,得令!,华歆（白）得令!
pdf_01000000__01004001___ad83d28842,逍遥津,pdf_01000000__01004001___ad83d28842__line__000219,pdf_01000000__01004001___ad83d28842__scene__010,01004001_逍遥津.pdf,D:\University_studies\Junior\data_visualization\experiment\final_self\opera_dataset\01000000\01004001_逍遥津.pdf,01000000/01004001_逍遥津.pdf,49bfac8f-ad5c-4639-829d-be1bd24f8504,10,【第十场】,219,dialogue,dialogue,曹妃,pdf_01000000__01004001___ad83d28842__char__9517bd5ccf,白,白,白,请；念白,曹妃,万岁请茶!,曹妃（白）万岁请茶!
pdf_01000000__01004001___ad83d28842,逍遥津,pdf_01000000__01004001___ad83d28842__line__000219,pdf_01000000__01004001___ad83d28842__scene__010,01004001_逍遥津.pdf,D:\University_studies\Junior\data_visualization\experiment\final_self\opera_dataset\01000000\01004001_逍遥津.pdf,01000000/01004001_逍遥津.pdf,49bfac8f-ad5c-4639-829d-be1bd24f8504,10,【第十场】,219,dialogue,dialogue,汉献帝,pdf_01000000__01004001___ad83d28842__char__c5e9da9fa3,白,白,白,念白,汉献帝,孤家不用。,汉献帝（白）孤家不用。
pdf_01000000__01004001___ad83d28842,逍遥津,pdf_01000000__01004001___ad83d28842__line__000219,pdf_01000000__01004001___ad83d28842__scene__010,01004001_逍遥津.pdf,D:\University_studies\Junior\data_visualization\experiment\final_self\opera_dataset\01000000\01004001_逍遥津.pdf,01000000/01004001_逍遥津.pdf,49bfac8f-ad5c-4639-829d-be1bd24f8504,10,【第十场】,219,dialogue,dialogue,曹妃,pdf_01000000__01004001___ad83d28842__char__9517bd5ccf,白,白,白,念白,曹妃,爹爹用茶!,曹妃（白）爹爹用茶!
pdf_01000000__01004001___ad83d28842,逍遥津,pdf_01000000__01004001___ad83d28842__line__000219,pdf_01000000__01004001___ad83d28842__scene__010,01004001_逍遥津.pdf,D:\University_studies\Junior\data_visualization\experiment\final_self\opera_dataset\01000000\01004001_逍遥津.pdf,01000000/01004001_逍遥津.pdf,49bfac8f-ad5c-4639-829d-be1bd24f8504,10,【第十场】,219,dialogue,dialogue,曹操,pdf_01000000__01004001___ad83d28842__char__e1bd96b7dd,白,白,白,来；念白,曹操；伏后,"取来我饮。 吓,万岁,伏后已死,但有正宫不可一日无主。","曹操（白）取来我饮。 吓,万岁,伏后已死,但有正宫不可一日无主。"
pdf_01000000__01004001___ad83d28842,逍遥津,pdf_01000000__01004001___ad83d28842__line__000219,pdf_01000000__01004001___ad83d28842__scene__010,01004001_逍遥津.pdf,D:\University_studies\Junior\data_visualization\experiment\final_self\opera_dataset\01000000\01004001_逍遥津.pdf,01000000/01004001_逍遥津.pdf,49bfac8f-ad5c-4639-829d-be1bd24f8504,10,【第十场】,219,dialogue,dialogue,汉献帝,pdf_01000000__01004001___ad83d28842__char__c5e9da9fa3,白,白,白,道；念白,汉献帝,难道你女以为正宫?,汉献帝（白）难道你女以为正宫?
pdf_01000000__01004001___ad83d28842,逍遥津,pdf_01000000__01004001___ad83d28842__line__000219,pdf_01000000__01004001___ad83d28842__scene__010,01004001_逍遥津.pdf,D:\University_studies\Junior\data_visualization\experiment\final_self\opera_dataset\01000000\01004001_逍遥津.pdf,01000000/01004001_逍遥津.pdf,49bfac8f-ad5c-4639-829d-be1bd24f8504,10,【第十场】,219,dialogue,dialogue,曹操,pdf_01000000__01004001___ad83d28842__char__e1bd96b7dd,白,白,白,念白,曹操,吾儿谢恩!,曹操（白）吾儿谢恩!
pdf_01000000__01004001___ad83d28842,逍遥津,pdf_01000000__01004001___ad83d28842__line__000219,pdf_01000000__01004001___ad83d28842__scene__010,01004001_逍遥津.pdf,D:\University_studies\Junior\data_visualization\experiment\final_self\opera_dataset\01000000\01004001_逍遥津.pdf,01000000/01004001_逍遥津.pdf,49bfac8f-ad5c-4639-829d-be1bd24f8504,10,【第十场】,219,dialogue,dialogue,汉献帝,pdf_01000000__01004001___ad83d28842__char__c5e9da9fa3,白,白,白,传；念白,汉献帝,"呀呸,孤王未曾传旨!","汉献帝（白）呀呸,孤王未曾传旨!"
pdf_01000000__01004001___ad83d28842,逍遥津,pdf_01000000__01004001___ad83d28842__line__000219,pdf_01000000__01004001___ad83d28842__scene__010,01004001_逍遥津.pdf,D:\University_studies\Junior\data_visualization\experiment\final_self\opera_dataset\01000000\01004001_逍遥津.pdf,01000000/01004001_逍遥津.pdf,49bfac8f-ad5c-4639-829d-be1bd24f8504,10,【第十场】,219,dialogue,dialogue,曹操,pdf_01000000__01004001___ad83d28842__char__e1bd96b7dd,白,白,白,念白,曹操,"“君无戏言”!咳!我为你这江山,忠心保国,南征北讨,东荡西除,血染红袍,老夫若有二意,定犯破脑风而死!","曹操（白）“君无戏言”!咳!我为你这江山,忠心保国,南征北讨,东荡西除,血染红袍,老夫若有二意,定犯破脑风而死!"
pdf_01000000__01004001___ad83d28842,逍遥津,pdf_01000000__01004001___ad83d28842__line__000219,pdf_01000000__01004001___ad83d28842__scene__010,01004001_逍遥津.pdf,D:\University_studies\Junior\data_visualization\experiment\final_self\opera_dataset\01000000\01004001_逍遥津.pdf,01000000/01004001_逍遥津.pdf,49bfac8f-ad5c-4639-829d-be1bd24f8504,10,【第十场】,219,dialogue,dialogue,曹妃,pdf_01000000__01004001___ad83d28842__char__9517bd5ccf,白,白,白,请；念白,曹妃,请驾回宫!,曹妃（白）请驾回宫!
pdf_01000000__01004001___ad83d28842,逍遥津,pdf_01000000__01004001___ad83d28842__line__000219,pdf_01000000__01004001___ad83d28842__scene__010,01004001_逍遥津.pdf,D:\University_studies\Junior\data_visualization\experiment\final_self\opera_dataset\01000000\01004001_逍遥津.pdf,01000000/01004001_逍遥津.pdf,49bfac8f-ad5c-4639-829d-be1bd24f8504,10,【第十场】,219,dialogue,dialogue,汉献帝,pdf_01000000__01004001___ad83d28842__char__c5e9da9fa3,白,白,白,念白,汉献帝,梓童......,汉献帝（白）梓童......
pdf_01000000__01004001___ad83d28842,逍遥津,pdf_01000000__01004001___ad83d28842__line__000219,pdf_01000000__01004001___ad83d28842__scene__010,01004001_逍遥津.pdf,D:\University_studies\Junior\data_visualization\experiment\final_self\opera_dataset\01000000\01004001_逍遥津.pdf,01000000/01004001_逍遥津.pdf,49bfac8f-ad5c-4639-829d-be1bd24f8504,10,【第十场】,219,dialogue,dialogue,曹妃,pdf_01000000__01004001___ad83d28842__char__9517bd5ccf,白,白,白,念白,曹妃,妾妃在。,曹妃（白）妾妃在。
pdf_01000000__01004001___ad83d28842,逍遥津,pdf_01000000__01004001___ad83d28842__line__000219,pdf_01000000__01004001___ad83d28842__scene__010,01004001_逍遥津.pdf,D:\University_studies\Junior\data_visualization\experiment\final_self\opera_dataset\01000000\01004001_逍遥津.pdf,01000000/01004001_逍遥津.pdf,49bfac8f-ad5c-4639-829d-be1bd24f8504,10,【第十场】,219,dialogue,dialogue,汉献帝,pdf_01000000__01004001___ad83d28842__char__c5e9da9fa3,白,白,白,念白,汉献帝,呀呀呸!,汉献帝（白）呀呀呸!
pdf_01000000__01004001___ad83d28842,逍遥津,pdf_01000000__01004001___ad83d28842__line__000219,pdf_01000000__01004001___ad83d28842__scene__010,01004001_逍遥津.pdf,D:\University_studies\Junior\data_visualization\experiment\final_self\opera_dataset\01000000\01004001_逍遥津.pdf,01000000/01004001_逍遥津.pdf,49bfac8f-ad5c-4639-829d-be1bd24f8504,10,【第十场】,219,dialogue,dialogue,曹操,pdf_01000000__01004001___ad83d28842__char__e1bd96b7dd,白,白,白,请；念白,曹操,请驾回宫!,曹操（白）请驾回宫!
