doc_id,doc_title,line_id,scene_id,source_file,source_path,relative_path,batch_id,scene_index,scene,line_no,row_type,line_category,speaker,speaker_char_id,cue,perform_type,perform_subtype,action_tags,participants,text,raw_line
pdf_01000000__01004006___13b2265b9d,辕门射戟,pdf_01000000__01004006___13b2265b9d__line__000001,pdf_01000000__01004006___13b2265b9d__scene__000,01004006_辕门射戟.pdf,D:\University_studies\Junior\data_visualization\experiment\final_self\opera_dataset\01000000\01004006_辕门射戟.pdf,01000000/01004006_辕门射戟.pdf,49bfac8f-ad5c-4639-829d-be1bd24f8504,0,序幕/前置内容,1,narration,narration,,,,说明,,射,《辕门射戟》；（一名：《夺小沛》,# 《辕门射戟》 （一名：《夺小沛》）,# 《辕门射戟》 （一名：《夺小沛》）
pdf_01000000__01004006___13b2265b9d,辕门射戟,pdf_01000000__01004006___13b2265b9d__line__000025,pdf_01000000__01004006___13b2265b9d__scene__001,01004006_辕门射戟.pdf,D:\University_studies\Junior\data_visualization\experiment\final_self\opera_dataset\01000000\01004006_辕门射戟.pdf,01000000/01004006_辕门射戟.pdf,49bfac8f-ad5c-4639-829d-be1bd24f8504,1,【第一场】,25,narration,narration,,,,说明,,上,（吴兰；雷同；同起霸,# （吴兰、雷同同上，同起霸。）,# （吴兰、雷同同上，同起霸。）
pdf_01000000__01004006___13b2265b9d,辕门射戟,pdf_01000000__01004006___13b2265b9d__line__000027,pdf_01000000__01004006___13b2265b9d__scene__001,01004006_辕门射戟.pdf,D:\University_studies\Junior\data_visualization\experiment\final_self\opera_dataset\01000000\01004006_辕门射戟.pdf,01000000/01004006_辕门射戟.pdf,49bfac8f-ad5c-4639-829d-be1bd24f8504,1,【第一场】,27,narration,narration,,,,说明,,,吴兰,吴兰、,吴兰、
pdf_01000000__01004006___13b2265b9d,辕门射戟,pdf_01000000__01004006___13b2265b9d__line__000029,pdf_01000000__01004006___13b2265b9d__scene__001,01004006_辕门射戟.pdf,D:\University_studies\Junior\data_visualization\experiment\final_self\opera_dataset\01000000\01004006_辕门射戟.pdf,01000000/01004006_辕门射戟.pdf,49bfac8f-ad5c-4639-829d-be1bd24f8504,1,【第一场】,29,dialogue,dialogue,雷同,pdf_01000000__01004006___13b2265b9d__char__c1e8379e9e,同念,对白,同念,请；杀,雷同,大将威风凛，腾腾杀气高。金盔齐眉扫，身披血战袍。（同白） （吴兰）（雷同），请了请了。元帅发兵在此伺候。,雷同 （同念） 大将威风凛，腾腾杀气高。金盔齐眉扫，身披血战袍。（同白） （吴兰）（雷同），请了请了。元帅发兵在此伺候。
pdf_01000000__01004006___13b2265b9d,辕门射戟,pdf_01000000__01004006___13b2265b9d__line__000031,pdf_01000000__01004006___13b2265b9d__scene__001,01004006_辕门射戟.pdf,D:\University_studies\Junior\data_visualization\experiment\final_self\opera_dataset\01000000\01004006_辕门射戟.pdf,01000000/01004006_辕门射戟.pdf,49bfac8f-ad5c-4639-829d-be1bd24f8504,1,【第一场】,31,stage_direction,stage_direction,,,四龙套同上，纪灵上。纪灵上高台点将。,做,四龙套同上，纪灵上。纪灵上高台点将。,上,四龙套；纪灵；龙套,,（四龙套同上，纪灵上。纪灵上高台点将。）
pdf_01000000__01004006___13b2265b9d,辕门射戟,pdf_01000000__01004006___13b2265b9d__line__000033,pdf_01000000__01004006___13b2265b9d__scene__001,01004006_辕门射戟.pdf,D:\University_studies\Junior\data_visualization\experiment\final_self\opera_dataset\01000000\01004006_辕门射戟.pdf,01000000/01004006_辕门射戟.pdf,49bfac8f-ad5c-4639-829d-be1bd24f8504,1,【第一场】,33,dialogue,dialogue,纪灵,pdf_01000000__01004006___13b2265b9d__char__aae21e2109,念,念,念,下；来；去；命,刘备；吕布；纪灵,大将生来盖世雄，十万雄兵称英雄。今日夺取小沛地，灭去刘备方称心。（白） 本帅，纪灵。奉了我主之命，夺取小沛，灭却刘备。又想前面乃是徐州吕布镇守，想那刘备与吕布两下交好，不能让俺过去生擒刘备，我也曾送下一份厚礼与那吕布，教他休管我两家闲事。二位将军，人马可齐？,纪灵 （念） 大将生来盖世雄，十万雄兵称英雄。今日夺取小沛地，灭去刘备方称心。（白） 本帅，纪灵。奉了我主之命，夺取小沛，灭却刘备。又想前面乃是徐州吕布镇守，想那刘备与吕布两下交好，不能让俺过去生擒刘备，我也曾送下一份厚礼与那吕布，教他休管我两家闲事。二位将军，人马可齐？
pdf_01000000__01004006___13b2265b9d,辕门射戟,pdf_01000000__01004006___13b2265b9d__line__000035,pdf_01000000__01004006___13b2265b9d__scene__001,01004006_辕门射戟.pdf,D:\University_studies\Junior\data_visualization\experiment\final_self\opera_dataset\01000000\01004006_辕门射戟.pdf,01000000/01004006_辕门射戟.pdf,49bfac8f-ad5c-4639-829d-be1bd24f8504,1,【第一场】,35,narration,narration,,,,说明,,,吴兰,吴兰、,吴兰、
pdf_01000000__01004006___13b2265b9d,辕门射戟,pdf_01000000__01004006___13b2265b9d__line__000037,pdf_01000000__01004006___13b2265b9d__scene__001,01004006_辕门射戟.pdf,D:\University_studies\Junior\data_visualization\experiment\final_self\opera_dataset\01000000\01004006_辕门射戟.pdf,01000000/01004006_辕门射戟.pdf,49bfac8f-ad5c-4639-829d-be1bd24f8504,1,【第一场】,37,dialogue,dialogue,雷同,pdf_01000000__01004006___13b2265b9d__char__c1e8379e9e,同白,白,同白,念白,纪灵；雷同,齐备多时。纪灵 （白） 起兵前往。,雷同 （同白） 齐备多时。纪灵 （白） 起兵前往。
pdf_01000000__01004006___13b2265b9d,辕门射戟,pdf_01000000__01004006___13b2265b9d__line__000039,pdf_01000000__01004006___13b2265b9d__scene__001,01004006_辕门射戟.pdf,D:\University_studies\Junior\data_visualization\experiment\final_self\opera_dataset\01000000\01004006_辕门射戟.pdf,01000000/01004006_辕门射戟.pdf,49bfac8f-ad5c-4639-829d-be1bd24f8504,1,【第一场】,39,stage_direction,stage_direction,,,〖牌子〗。众人同下。,做,〖牌子〗。众人同下。,下,众人,,（〖牌子〗。众人同下。）
pdf_01000000__01004006___13b2265b9d,辕门射戟,pdf_01000000__01004006___13b2265b9d__line__000043,pdf_01000000__01004006___13b2265b9d__scene__002,01004006_辕门射戟.pdf,D:\University_studies\Junior\data_visualization\experiment\final_self\opera_dataset\01000000\01004006_辕门射戟.pdf,01000000/01004006_辕门射戟.pdf,49bfac8f-ad5c-4639-829d-be1bd24f8504,2,【第二场】,43,stage_direction,stage_direction,,,吕布上。,做,吕布上。,上,吕布,,（吕布上。）
pdf_01000000__01004006___13b2265b9d,辕门射戟,pdf_01000000__01004006___13b2265b9d__line__000045,pdf_01000000__01004006___13b2265b9d__scene__002,01004006_辕门射戟.pdf,D:\University_studies\Junior\data_visualization\experiment\final_self\opera_dataset\01000000\01004006_辕门射戟.pdf,01000000/01004006_辕门射戟.pdf,49bfac8f-ad5c-4639-829d-be1bd24f8504,2,【第二场】,45,dialogue,dialogue,吕布,pdf_01000000__01004006___13b2265b9d__char__916b136e7f,引子,对白,引子,下；立,吕布,辕门站立三千将，统领貔貅百万郎。（念） 少小英雄世间奇，手持画杆方天戟。跨下赤兔胭脂马，战败桃园三结义。（白） 某，姓吕名布字奉先，乃是西川邬原郡人氏。是我占据徐州，屯军养马。今日,吕布 （引子） 辕门站立三千将，统领貔貅百万郎。（念） 少小英雄世间奇，手持画杆方天戟。跨下赤兔胭脂马，战败桃园三结义。（白） 某，姓吕名布字奉先，乃是西川邬原郡人氏。是我占据徐州，屯军养马。今日
pdf_01000000__01004006___13b2265b9d,辕门射戟,pdf_01000000__01004006___13b2265b9d__line__000047,pdf_01000000__01004006___13b2265b9d__scene__002,01004006_辕门射戟.pdf,D:\University_studies\Junior\data_visualization\experiment\final_self\opera_dataset\01000000\01004006_辕门射戟.pdf,01000000/01004006_辕门射戟.pdf,49bfac8f-ad5c-4639-829d-be1bd24f8504,2,【第二场】,47,dialogue,dialogue,旗牌,pdf_01000000__01004006___13b2265b9d__char__7fb4a8e292,念,念,念,,旗牌,"人行千里路,马过万重山。","旗牌（念）人行千里路,马过万重山。"
pdf_01000000__01004006___13b2265b9d,辕门射戟,pdf_01000000__01004006___13b2265b9d__line__000047,pdf_01000000__01004006___13b2265b9d__scene__002,01004006_辕门射戟.pdf,D:\University_studies\Junior\data_visualization\experiment\final_self\opera_dataset\01000000\01004006_辕门射戟.pdf,01000000/01004006_辕门射戟.pdf,49bfac8f-ad5c-4639-829d-be1bd24f8504,2,【第二场】,47,dialogue,dialogue,中军,pdf_01000000__01004006___13b2265b9d__char__b524d7bcb1,白,白,白,念白,中军,何人到此?,中军（白）何人到此?
pdf_01000000__01004006___13b2265b9d,辕门射戟,pdf_01000000__01004006___13b2265b9d__line__000047,pdf_01000000__01004006___13b2265b9d__scene__002,01004006_辕门射戟.pdf,D:\University_studies\Junior\data_visualization\experiment\final_self\opera_dataset\01000000\01004006_辕门射戟.pdf,01000000/01004006_辕门射戟.pdf,49bfac8f-ad5c-4639-829d-be1bd24f8504,2,【第二场】,47,dialogue,dialogue,旗牌,pdf_01000000__01004006___13b2265b9d__char__7fb4a8e292,白,白,白,念白,旗牌,送礼人要见。,旗牌（白）送礼人要见。
pdf_01000000__01004006___13b2265b9d,辕门射戟,pdf_01000000__01004006___13b2265b9d__line__000047,pdf_01000000__01004006___13b2265b9d__scene__002,01004006_辕门射戟.pdf,D:\University_studies\Junior\data_visualization\experiment\final_self\opera_dataset\01000000\01004006_辕门射戟.pdf,01000000/01004006_辕门射戟.pdf,49bfac8f-ad5c-4639-829d-be1bd24f8504,2,【第二场】,47,dialogue,dialogue,中军,pdf_01000000__01004006___13b2265b9d__char__b524d7bcb1,白,白,白,念白,中军,候着。启温侯:送礼人要见。,中军（白）候着。启温侯:送礼人要见。
pdf_01000000__01004006___13b2265b9d,辕门射戟,pdf_01000000__01004006___13b2265b9d__line__000047,pdf_01000000__01004006___13b2265b9d__scene__002,01004006_辕门射戟.pdf,D:\University_studies\Junior\data_visualization\experiment\final_self\opera_dataset\01000000\01004006_辕门射戟.pdf,01000000/01004006_辕门射戟.pdf,49bfac8f-ad5c-4639-829d-be1bd24f8504,2,【第二场】,47,dialogue,dialogue,吕布,pdf_01000000__01004006___13b2265b9d__char__916b136e7f,白,白,白,传；念白,吕布,传。,吕布（白）传。
pdf_01000000__01004006___13b2265b9d,辕门射戟,pdf_01000000__01004006___13b2265b9d__line__000047,pdf_01000000__01004006___13b2265b9d__scene__002,01004006_辕门射戟.pdf,D:\University_studies\Junior\data_visualization\experiment\final_self\opera_dataset\01000000\01004006_辕门射戟.pdf,01000000/01004006_辕门射戟.pdf,49bfac8f-ad5c-4639-829d-be1bd24f8504,2,【第二场】,47,dialogue,dialogue,中军,pdf_01000000__01004006___13b2265b9d__char__b524d7bcb1,白,白,白,传；念白,中军,温侯传。,中军（白）温侯传。
pdf_01000000__01004006___13b2265b9d,辕门射戟,pdf_01000000__01004006___13b2265b9d__line__000047,pdf_01000000__01004006___13b2265b9d__scene__002,01004006_辕门射戟.pdf,D:\University_studies\Junior\data_visualization\experiment\final_self\opera_dataset\01000000\01004006_辕门射戟.pdf,01000000/01004006_辕门射戟.pdf,49bfac8f-ad5c-4639-829d-be1bd24f8504,2,【第二场】,47,dialogue,dialogue,旗牌,pdf_01000000__01004006___13b2265b9d__char__7fb4a8e292,白,白,白,念白,旗牌,参见温侯。,旗牌（白）参见温侯。
pdf_01000000__01004006___13b2265b9d,辕门射戟,pdf_01000000__01004006___13b2265b9d__line__000047,pdf_01000000__01004006___13b2265b9d__scene__002,01004006_辕门射戟.pdf,D:\University_studies\Junior\data_visualization\experiment\final_self\opera_dataset\01000000\01004006_辕门射戟.pdf,01000000/01004006_辕门射戟.pdf,49bfac8f-ad5c-4639-829d-be1bd24f8504,2,【第二场】,47,dialogue,dialogue,吕布,pdf_01000000__01004006___13b2265b9d__char__916b136e7f,白,白,白,念白,吕布,你奉何人所差?,吕布（白）你奉何人所差?
pdf_01000000__01004006___13b2265b9d,辕门射戟,pdf_01000000__01004006___13b2265b9d__line__000047,pdf_01000000__01004006___13b2265b9d__scene__002,01004006_辕门射戟.pdf,D:\University_studies\Junior\data_visualization\experiment\final_self\opera_dataset\01000000\01004006_辕门射戟.pdf,01000000/01004006_辕门射戟.pdf,49bfac8f-ad5c-4639-829d-be1bd24f8504,2,【第二场】,47,dialogue,dialogue,旗牌,pdf_01000000__01004006___13b2265b9d__char__7fb4a8e292,白,白,白,念白,旗牌,"奉纪将军所差,现有礼单在此。","旗牌（白）奉纪将军所差,现有礼单在此。"
pdf_01000000__01004006___13b2265b9d,辕门射戟,pdf_01000000__01004006___13b2265b9d__line__000047,pdf_01000000__01004006___13b2265b9d__scene__002,01004006_辕门射戟.pdf,D:\University_studies\Junior\data_visualization\experiment\final_self\opera_dataset\01000000\01004006_辕门射戟.pdf,01000000/01004006_辕门射戟.pdf,49bfac8f-ad5c-4639-829d-be1bd24f8504,2,【第二场】,47,dialogue,dialogue,吕布,pdf_01000000__01004006___13b2265b9d__char__916b136e7f,白,白,白,上；下；来；念白,吕布,"呈上来,下面伺候。","吕布（白）呈上来,下面伺候。"
pdf_01000000__01004006___13b2265b9d,辕门射戟,pdf_01000000__01004006___13b2265b9d__line__000047,pdf_01000000__01004006___13b2265b9d__scene__002,01004006_辕门射戟.pdf,D:\University_studies\Junior\data_visualization\experiment\final_self\opera_dataset\01000000\01004006_辕门射戟.pdf,01000000/01004006_辕门射戟.pdf,49bfac8f-ad5c-4639-829d-be1bd24f8504,2,【第二场】,47,dialogue,dialogue,吕布,pdf_01000000__01004006___13b2265b9d__char__916b136e7f,白,白,白,来；念白,吕布,"纪将军送来一份厚礼,不知为了何事?","吕布（白）纪将军送来一份厚礼,不知为了何事?"
pdf_01000000__01004006___13b2265b9d,辕门射戟,pdf_01000000__01004006___13b2265b9d__line__000047,pdf_01000000__01004006___13b2265b9d__scene__002,01004006_辕门射戟.pdf,D:\University_studies\Junior\data_visualization\experiment\final_self\opera_dataset\01000000\01004006_辕门射戟.pdf,01000000/01004006_辕门射戟.pdf,49bfac8f-ad5c-4639-829d-be1bd24f8504,2,【第二场】,47,dialogue,dialogue,下书人,pdf_01000000__01004006___13b2265b9d__char__67a777d840,念,念,念,来；命,书人（念）奉了使君命；送书到此,"奉了使君命,送书到此来。","下书人（念）奉了使君命,送书到此来。"
pdf_01000000__01004006___13b2265b9d,辕门射戟,pdf_01000000__01004006___13b2265b9d__line__000047,pdf_01000000__01004006___13b2265b9d__scene__002,01004006_辕门射戟.pdf,D:\University_studies\Junior\data_visualization\experiment\final_self\opera_dataset\01000000\01004006_辕门射戟.pdf,01000000/01004006_辕门射戟.pdf,49bfac8f-ad5c-4639-829d-be1bd24f8504,2,【第二场】,47,dialogue,dialogue,中军,pdf_01000000__01004006___13b2265b9d__char__b524d7bcb1,白,白,白,念白,中军,何事?,中军（白）何事?
pdf_01000000__01004006___13b2265b9d,辕门射戟,pdf_01000000__01004006___13b2265b9d__line__000047,pdf_01000000__01004006___13b2265b9d__scene__002,01004006_辕门射戟.pdf,D:\University_studies\Junior\data_visualization\experiment\final_self\opera_dataset\01000000\01004006_辕门射戟.pdf,01000000/01004006_辕门射戟.pdf,49bfac8f-ad5c-4639-829d-be1bd24f8504,2,【第二场】,47,dialogue,dialogue,下书人,pdf_01000000__01004006___13b2265b9d__char__67a777d840,白,白,白,下；念白,书人（白）；书人要见,下书人要见。,下书人（白）下书人要见。
pdf_01000000__01004006___13b2265b9d,辕门射戟,pdf_01000000__01004006___13b2265b9d__line__000047,pdf_01000000__01004006___13b2265b9d__scene__002,01004006_辕门射戟.pdf,D:\University_studies\Junior\data_visualization\experiment\final_self\opera_dataset\01000000\01004006_辕门射戟.pdf,01000000/01004006_辕门射戟.pdf,49bfac8f-ad5c-4639-829d-be1bd24f8504,2,【第二场】,47,dialogue,dialogue,中军,pdf_01000000__01004006___13b2265b9d__char__b524d7bcb1,白,白,白,下；念白,中军,候着。启温侯:下书人要见。,中军（白）候着。启温侯:下书人要见。
pdf_01000000__01004006___13b2265b9d,辕门射戟,pdf_01000000__01004006___13b2265b9d__line__000047,pdf_01000000__01004006___13b2265b9d__scene__002,01004006_辕门射戟.pdf,D:\University_studies\Junior\data_visualization\experiment\final_self\opera_dataset\01000000\01004006_辕门射戟.pdf,01000000/01004006_辕门射戟.pdf,49bfac8f-ad5c-4639-829d-be1bd24f8504,2,【第二场】,47,dialogue,dialogue,吕布,pdf_01000000__01004006___13b2265b9d__char__916b136e7f,白,白,白,传；念白,吕布,传。,吕布（白）传。
pdf_01000000__01004006___13b2265b9d,辕门射戟,pdf_01000000__01004006___13b2265b9d__line__000047,pdf_01000000__01004006___13b2265b9d__scene__002,01004006_辕门射戟.pdf,D:\University_studies\Junior\data_visualization\experiment\final_self\opera_dataset\01000000\01004006_辕门射戟.pdf,01000000/01004006_辕门射戟.pdf,49bfac8f-ad5c-4639-829d-be1bd24f8504,2,【第二场】,47,dialogue,dialogue,中军,pdf_01000000__01004006___13b2265b9d__char__b524d7bcb1,白,白,白,传；念白,中军,温侯传。,中军（白）温侯传。
pdf_01000000__01004006___13b2265b9d,辕门射戟,pdf_01000000__01004006___13b2265b9d__line__000047,pdf_01000000__01004006___13b2265b9d__scene__002,01004006_辕门射戟.pdf,D:\University_studies\Junior\data_visualization\experiment\final_self\opera_dataset\01000000\01004006_辕门射戟.pdf,01000000/01004006_辕门射戟.pdf,49bfac8f-ad5c-4639-829d-be1bd24f8504,2,【第二场】,47,dialogue,dialogue,下书人,pdf_01000000__01004006___13b2265b9d__char__67a777d840,白,白,白,念白,书人（白）参见温侯,参见温侯。,下书人（白）参见温侯。
pdf_01000000__01004006___13b2265b9d,辕门射戟,pdf_01000000__01004006___13b2265b9d__line__000047,pdf_01000000__01004006___13b2265b9d__scene__002,01004006_辕门射戟.pdf,D:\University_studies\Junior\data_visualization\experiment\final_self\opera_dataset\01000000\01004006_辕门射戟.pdf,01000000/01004006_辕门射戟.pdf,49bfac8f-ad5c-4639-829d-be1bd24f8504,2,【第二场】,47,dialogue,dialogue,吕布,pdf_01000000__01004006___13b2265b9d__char__916b136e7f,白,白,白,念白,吕布,你奉何人所差?,吕布（白）你奉何人所差?
pdf_01000000__01004006___13b2265b9d,辕门射戟,pdf_01000000__01004006___13b2265b9d__line__000047,pdf_01000000__01004006___13b2265b9d__scene__002,01004006_辕门射戟.pdf,D:\University_studies\Junior\data_visualization\experiment\final_self\opera_dataset\01000000\01004006_辕门射戟.pdf,01000000/01004006_辕门射戟.pdf,49bfac8f-ad5c-4639-829d-be1bd24f8504,2,【第二场】,47,dialogue,dialogue,下书人,pdf_01000000__01004006___13b2265b9d__char__67a777d840,白,白,白,念白,书人（白）奉使君所差；有书信在此,"奉使君所差,有书信在此。","下书人（白）奉使君所差,有书信在此。"
pdf_01000000__01004006___13b2265b9d,辕门射戟,pdf_01000000__01004006___13b2265b9d__line__000047,pdf_01000000__01004006___13b2265b9d__scene__002,01004006_辕门射戟.pdf,D:\University_studies\Junior\data_visualization\experiment\final_self\opera_dataset\01000000\01004006_辕门射戟.pdf,01000000/01004006_辕门射戟.pdf,49bfac8f-ad5c-4639-829d-be1bd24f8504,2,【第二场】,47,dialogue,dialogue,吕布,pdf_01000000__01004006___13b2265b9d__char__916b136e7f,白,白,白,上；下；来；念白,吕布,"呈上来,下面伺候。","吕布（白）呈上来,下面伺候。"
pdf_01000000__01004006___13b2265b9d,辕门射戟,pdf_01000000__01004006___13b2265b9d__line__000047,pdf_01000000__01004006___13b2265b9d__scene__002,01004006_辕门射戟.pdf,D:\University_studies\Junior\data_visualization\experiment\final_self\opera_dataset\01000000\01004006_辕门射戟.pdf,01000000/01004006_辕门射戟.pdf,49bfac8f-ad5c-4639-829d-be1bd24f8504,2,【第二场】,47,dialogue,dialogue,吕布,pdf_01000000__01004006___13b2265b9d__char__916b136e7f,白,白,白,来；看；念白,吕布,"刘使君有书到来,待我拆开一看。","吕布（白）刘使君有书到来,待我拆开一看。"
pdf_01000000__01004006___13b2265b9d,辕门射戟,pdf_01000000__01004006___13b2265b9d__line__000047,pdf_01000000__01004006___13b2265b9d__scene__002,01004006_辕门射戟.pdf,D:\University_studies\Junior\data_visualization\experiment\final_self\opera_dataset\01000000\01004006_辕门射戟.pdf,01000000/01004006_辕门射戟.pdf,49bfac8f-ad5c-4639-829d-be1bd24f8504,2,【第二场】,47,dialogue,dialogue,吕布,pdf_01000000__01004006___13b2265b9d__char__916b136e7f,白,白,白,来；去；请；念白,吕布；纪灵,"哦吓,原来纪灵带领十万之众,夺取小沛。那刘使君请我前去,拔刀相助,这便如何是好?哦,有了,代我修书两封。请他二人到此。与他两家解围。中军,浓墨伺候。","吕布（白）哦吓,原来纪灵带领十万之众,夺取小沛。那刘使君请我前去,拔刀相助,这便如何是好?哦,有了,代我修书两封。请他二人到此。与他两家解围。中军,浓墨伺候。"
pdf_01000000__01004006___13b2265b9d,辕门射戟,pdf_01000000__01004006___13b2265b9d__line__000049,pdf_01000000__01004006___13b2265b9d__scene__002,01004006_辕门射戟.pdf,D:\University_studies\Junior\data_visualization\experiment\final_self\opera_dataset\01000000\01004006_辕门射戟.pdf,01000000/01004006_辕门射戟.pdf,49bfac8f-ad5c-4639-829d-be1bd24f8504,2,【第二场】,49,stage_direction,stage_direction,,,吕布、中军同下。,做,吕布、中军同下。,下,吕布,,（吕布、中军同下。）
pdf_01000000__01004006___13b2265b9d,辕门射戟,pdf_01000000__01004006___13b2265b9d__line__000053,pdf_01000000__01004006___13b2265b9d__scene__003,01004006_辕门射戟.pdf,D:\University_studies\Junior\data_visualization\experiment\final_self\opera_dataset\01000000\01004006_辕门射戟.pdf,01000000/01004006_辕门射戟.pdf,49bfac8f-ad5c-4639-829d-be1bd24f8504,3,【第三场】,53,stage_direction,stage_direction,,,刘备上，四龙套同上。,做,刘备上，四龙套同上。,上,四龙套；刘备；龙套,,（刘备上，四龙套同上。）
pdf_01000000__01004006___13b2265b9d,辕门射戟,pdf_01000000__01004006___13b2265b9d__line__000055,pdf_01000000__01004006___13b2265b9d__scene__003,01004006_辕门射戟.pdf,D:\University_studies\Junior\data_visualization\experiment\final_self\opera_dataset\01000000\01004006_辕门射戟.pdf,01000000/01004006_辕门射戟.pdf,49bfac8f-ad5c-4639-829d-be1bd24f8504,3,【第三场】,55,dialogue,dialogue,刘备,pdf_01000000__01004006___13b2265b9d__char__238f0dc566,念,念,念,,刘备,,刘备 （念）
pdf_01000000__01004006___13b2265b9d,辕门射戟,pdf_01000000__01004006___13b2265b9d__line__000057,pdf_01000000__01004006___13b2265b9d__scene__003,01004006_辕门射戟.pdf,D:\University_studies\Junior\data_visualization\experiment\final_self\opera_dataset\01000000\01004006_辕门射戟.pdf,01000000/01004006_辕门射戟.pdf,49bfac8f-ad5c-4639-829d-be1bd24f8504,3,【第三场】,57,narration,narration,,,,说明,,,镇守小沛地；日夜不安宁,镇守小沛地，日夜不安宁。,镇守小沛地，日夜不安宁。
pdf_01000000__01004006___13b2265b9d,辕门射戟,pdf_01000000__01004006___13b2265b9d__line__000059,pdf_01000000__01004006___13b2265b9d__scene__003,01004006_辕门射戟.pdf,D:\University_studies\Junior\data_visualization\experiment\final_self\opera_dataset\01000000\01004006_辕门射戟.pdf,01000000/01004006_辕门射戟.pdf,49bfac8f-ad5c-4639-829d-be1bd24f8504,3,【第三场】,59,dialogue,dialogue,报子,pdf_01000000__01004006___13b2265b9d__char__da11a22ecc,白,白,白,念白,纪灵；报子,"纪灵带领人马,夺取小沛。","报子（白）纪灵带领人马,夺取小沛。"
pdf_01000000__01004006___13b2265b9d,辕门射戟,pdf_01000000__01004006___13b2265b9d__line__000059,pdf_01000000__01004006___13b2265b9d__scene__003,01004006_辕门射戟.pdf,D:\University_studies\Junior\data_visualization\experiment\final_self\opera_dataset\01000000\01004006_辕门射戟.pdf,01000000/01004006_辕门射戟.pdf,49bfac8f-ad5c-4639-829d-be1bd24f8504,3,【第三场】,59,dialogue,dialogue,刘备,pdf_01000000__01004006___13b2265b9d__char__238f0dc566,白,白,白,念白,刘备,再探。,刘备（白）再探。
pdf_01000000__01004006___13b2265b9d,辕门射戟,pdf_01000000__01004006___13b2265b9d__line__000059,pdf_01000000__01004006___13b2265b9d__scene__003,01004006_辕门射戟.pdf,D:\University_studies\Junior\data_visualization\experiment\final_self\opera_dataset\01000000\01004006_辕门射戟.pdf,01000000/01004006_辕门射戟.pdf,49bfac8f-ad5c-4639-829d-be1bd24f8504,3,【第三场】,59,dialogue,dialogue,刘备,pdf_01000000__01004006___13b2265b9d__char__238f0dc566,白,白,白,来；请；念白,刘备,"来,有请二爷、三爷。","刘备（白）来,有请二爷、三爷。"
pdf_01000000__01004006___13b2265b9d,辕门射戟,pdf_01000000__01004006___13b2265b9d__line__000059,pdf_01000000__01004006___13b2265b9d__scene__003,01004006_辕门射戟.pdf,D:\University_studies\Junior\data_visualization\experiment\final_self\opera_dataset\01000000\01004006_辕门射戟.pdf,01000000/01004006_辕门射戟.pdf,49bfac8f-ad5c-4639-829d-be1bd24f8504,3,【第三场】,59,dialogue,dialogue,龙套,pdf_01000000__01004006___13b2265b9d__char__dfb729e051,同白,白,同白,请；念白,四龙套；龙套,有请二爷、三爷。,四龙套（同白）有请二爷、三爷。
pdf_01000000__01004006___13b2265b9d,辕门射戟,pdf_01000000__01004006___13b2265b9d__line__000059,pdf_01000000__01004006___13b2265b9d__scene__003,01004006_辕门射戟.pdf,D:\University_studies\Junior\data_visualization\experiment\final_self\opera_dataset\01000000\01004006_辕门射戟.pdf,01000000/01004006_辕门射戟.pdf,49bfac8f-ad5c-4639-829d-be1bd24f8504,3,【第三场】,59,dialogue,dialogue,关羽,pdf_01000000__01004006___13b2265b9d__char__be46ac237c,念,念,念,,关羽,"胸中志气广略韬,","关羽（念）胸中志气广略韬,"
pdf_01000000__01004006___13b2265b9d,辕门射戟,pdf_01000000__01004006___13b2265b9d__line__000059,pdf_01000000__01004006___13b2265b9d__scene__003,01004006_辕门射戟.pdf,D:\University_studies\Junior\data_visualization\experiment\final_self\opera_dataset\01000000\01004006_辕门射戟.pdf,01000000/01004006_辕门射戟.pdf,49bfac8f-ad5c-4639-829d-be1bd24f8504,3,【第三场】,59,dialogue,dialogue,张飞,pdf_01000000__01004006___13b2265b9d__char__173560819f,念,念,念,,张飞,大破黄巾美名标。,张飞（念）大破黄巾美名标。
pdf_01000000__01004006___13b2265b9d,辕门射戟,pdf_01000000__01004006___13b2265b9d__line__000059,pdf_01000000__01004006___13b2265b9d__scene__003,01004006_辕门射戟.pdf,D:\University_studies\Junior\data_visualization\experiment\final_self\opera_dataset\01000000\01004006_辕门射戟.pdf,01000000/01004006_辕门射戟.pdf,49bfac8f-ad5c-4639-829d-be1bd24f8504,3,【第三场】,59,dialogue,dialogue,关羽,pdf_01000000__01004006___13b2265b9d__char__be46ac237c,念,念,念,,关羽,"白马祭天牛祭地,","关羽（念）白马祭天牛祭地,"
pdf_01000000__01004006___13b2265b9d,辕门射戟,pdf_01000000__01004006___13b2265b9d__line__000059,pdf_01000000__01004006___13b2265b9d__scene__003,01004006_辕门射戟.pdf,D:\University_studies\Junior\data_visualization\experiment\final_self\opera_dataset\01000000\01004006_辕门射戟.pdf,01000000/01004006_辕门射戟.pdf,49bfac8f-ad5c-4639-829d-be1bd24f8504,3,【第三场】,59,dialogue,dialogue,张飞,pdf_01000000__01004006___13b2265b9d__char__173560819f,念,念,念,,张飞,弟兄胜似亲同胞。,张飞（念）弟兄胜似亲同胞。
pdf_01000000__01004006___13b2265b9d,辕门射戟,pdf_01000000__01004006___13b2265b9d__line__000059,pdf_01000000__01004006___13b2265b9d__scene__003,01004006_辕门射戟.pdf,D:\University_studies\Junior\data_visualization\experiment\final_self\opera_dataset\01000000\01004006_辕门射戟.pdf,01000000/01004006_辕门射戟.pdf,49bfac8f-ad5c-4639-829d-be1bd24f8504,3,【第三场】,59,dialogue,dialogue,张飞,pdf_01000000__01004006___13b2265b9d__char__173560819f,同白,白,同白,念白,张飞,参见大哥。,张飞（同白）参见大哥。
pdf_01000000__01004006___13b2265b9d,辕门射戟,pdf_01000000__01004006___13b2265b9d__line__000059,pdf_01000000__01004006___13b2265b9d__scene__003,01004006_辕门射戟.pdf,D:\University_studies\Junior\data_visualization\experiment\final_self\opera_dataset\01000000\01004006_辕门射戟.pdf,01000000/01004006_辕门射戟.pdf,49bfac8f-ad5c-4639-829d-be1bd24f8504,3,【第三场】,59,dialogue,dialogue,刘备,pdf_01000000__01004006___13b2265b9d__char__238f0dc566,白,白,白,请；坐；念白,刘备,"二弟少礼,两厢请坐。","刘备（白）二弟少礼,两厢请坐。"
pdf_01000000__01004006___13b2265b9d,辕门射戟,pdf_01000000__01004006___13b2265b9d__line__000059,pdf_01000000__01004006___13b2265b9d__scene__003,01004006_辕门射戟.pdf,D:\University_studies\Junior\data_visualization\experiment\final_self\opera_dataset\01000000\01004006_辕门射戟.pdf,01000000/01004006_辕门射戟.pdf,49bfac8f-ad5c-4639-829d-be1bd24f8504,3,【第三场】,59,dialogue,dialogue,张飞,pdf_01000000__01004006___13b2265b9d__char__173560819f,同白,白,同白,进；传；坐；念白,张飞,"谢坐。传小弟进帐,有何军情议论?","张飞（同白）谢坐。传小弟进帐,有何军情议论?"
pdf_01000000__01004006___13b2265b9d,辕门射戟,pdf_01000000__01004006___13b2265b9d__line__000059,pdf_01000000__01004006___13b2265b9d__scene__003,01004006_辕门射戟.pdf,D:\University_studies\Junior\data_visualization\experiment\final_self\opera_dataset\01000000\01004006_辕门射戟.pdf,01000000/01004006_辕门射戟.pdf,49bfac8f-ad5c-4639-829d-be1bd24f8504,3,【第三场】,59,dialogue,dialogue,刘备,pdf_01000000__01004006___13b2265b9d__char__238f0dc566,白,白,白,念白,刘备；纪灵,"二弟、三弟有所不知,只因纪灵带领人马,夺取小沛。","刘备（白）二弟、三弟有所不知,只因纪灵带领人马,夺取小沛。"
pdf_01000000__01004006___13b2265b9d,辕门射戟,pdf_01000000__01004006___13b2265b9d__line__000059,pdf_01000000__01004006___13b2265b9d__scene__003,01004006_辕门射戟.pdf,D:\University_studies\Junior\data_visualization\experiment\final_self\opera_dataset\01000000\01004006_辕门射戟.pdf,01000000/01004006_辕门射戟.pdf,49bfac8f-ad5c-4639-829d-be1bd24f8504,3,【第三场】,59,dialogue,dialogue,张飞,pdf_01000000__01004006___13b2265b9d__char__173560819f,白,白,白,念白,张飞,"啊,三军们,抬枪带马!","张飞（白）啊,三军们,抬枪带马!"
pdf_01000000__01004006___13b2265b9d,辕门射戟,pdf_01000000__01004006___13b2265b9d__line__000059,pdf_01000000__01004006___13b2265b9d__scene__003,01004006_辕门射戟.pdf,D:\University_studies\Junior\data_visualization\experiment\final_self\opera_dataset\01000000\01004006_辕门射戟.pdf,01000000/01004006_辕门射戟.pdf,49bfac8f-ad5c-4639-829d-be1bd24f8504,3,【第三场】,59,dialogue,dialogue,刘备,pdf_01000000__01004006___13b2265b9d__char__238f0dc566,白,白,白,去；看；道；念白,刘备,"且慢,你我去到城楼,看过明白,再作道理,带马。","刘备（白）且慢,你我去到城楼,看过明白,再作道理,带马。"
pdf_01000000__01004006___13b2265b9d,辕门射戟,pdf_01000000__01004006___13b2265b9d__line__000059,pdf_01000000__01004006___13b2265b9d__scene__003,01004006_辕门射戟.pdf,D:\University_studies\Junior\data_visualization\experiment\final_self\opera_dataset\01000000\01004006_辕门射戟.pdf,01000000/01004006_辕门射戟.pdf,49bfac8f-ad5c-4639-829d-be1bd24f8504,3,【第三场】,59,lyric,lyric,刘备,pdf_01000000__01004006___13b2265b9d__char__238f0dc566,西皮摇板,唱,西皮摇板,唱段,刘备,"重重叠叠兵和将,","刘备（西皮摇板）重重叠叠兵和将,"
pdf_01000000__01004006___13b2265b9d,辕门射戟,pdf_01000000__01004006___13b2265b9d__line__000059,pdf_01000000__01004006___13b2265b9d__scene__003,01004006_辕门射戟.pdf,D:\University_studies\Junior\data_visualization\experiment\final_self\opera_dataset\01000000\01004006_辕门射戟.pdf,01000000/01004006_辕门射戟.pdf,49bfac8f-ad5c-4639-829d-be1bd24f8504,3,【第三场】,59,dialogue,dialogue,张飞,pdf_01000000__01004006___13b2265b9d__char__173560819f,白,白,白,念白,张飞,哇呀!,张飞（白）哇呀!
pdf_01000000__01004006___13b2265b9d,辕门射戟,pdf_01000000__01004006___13b2265b9d__line__000059,pdf_01000000__01004006___13b2265b9d__scene__003,01004006_辕门射戟.pdf,D:\University_studies\Junior\data_visualization\experiment\final_self\opera_dataset\01000000\01004006_辕门射戟.pdf,01000000/01004006_辕门射戟.pdf,49bfac8f-ad5c-4639-829d-be1bd24f8504,3,【第三场】,59,lyric,lyric,刘备,pdf_01000000__01004006___13b2265b9d__char__238f0dc566,西皮摇板,唱,西皮摇板,叫；唱段,刘备,叫声三弟莫高声。,刘备（西皮摇板）叫声三弟莫高声。
pdf_01000000__01004006___13b2265b9d,辕门射戟,pdf_01000000__01004006___13b2265b9d__line__000059,pdf_01000000__01004006___13b2265b9d__scene__003,01004006_辕门射戟.pdf,D:\University_studies\Junior\data_visualization\experiment\final_self\opera_dataset\01000000\01004006_辕门射戟.pdf,01000000/01004006_辕门射戟.pdf,49bfac8f-ad5c-4639-829d-be1bd24f8504,3,【第三场】,59,dialogue,dialogue,张飞,pdf_01000000__01004006___13b2265b9d__char__173560819f,白,白,白,念白,张飞,小弟倒有一计。,张飞（白）小弟倒有一计。
pdf_01000000__01004006___13b2265b9d,辕门射戟,pdf_01000000__01004006___13b2265b9d__line__000059,pdf_01000000__01004006___13b2265b9d__scene__003,01004006_辕门射戟.pdf,D:\University_studies\Junior\data_visualization\experiment\final_self\opera_dataset\01000000\01004006_辕门射戟.pdf,01000000/01004006_辕门射戟.pdf,49bfac8f-ad5c-4639-829d-be1bd24f8504,3,【第三场】,59,dialogue,dialogue,刘备,pdf_01000000__01004006___13b2265b9d__char__238f0dc566,白,白,白,念白,刘备,有何妙计。,刘备（白）有何妙计。
pdf_01000000__01004006___13b2265b9d,辕门射戟,pdf_01000000__01004006___13b2265b9d__line__000059,pdf_01000000__01004006___13b2265b9d__scene__003,01004006_辕门射戟.pdf,D:\University_studies\Junior\data_visualization\experiment\final_self\opera_dataset\01000000\01004006_辕门射戟.pdf,01000000/01004006_辕门射戟.pdf,49bfac8f-ad5c-4639-829d-be1bd24f8504,3,【第三场】,59,dialogue,dialogue,张飞,pdf_01000000__01004006___13b2265b9d__char__173560819f,白,白,白,念白,张飞；纪灵,"你我弟兄三人开城,与那纪灵决一死战。","张飞（白）你我弟兄三人开城,与那纪灵决一死战。"
pdf_01000000__01004006___13b2265b9d,辕门射戟,pdf_01000000__01004006___13b2265b9d__line__000059,pdf_01000000__01004006___13b2265b9d__scene__003,01004006_辕门射戟.pdf,D:\University_studies\Junior\data_visualization\experiment\final_self\opera_dataset\01000000\01004006_辕门射戟.pdf,01000000/01004006_辕门射戟.pdf,49bfac8f-ad5c-4639-829d-be1bd24f8504,3,【第三场】,59,dialogue,dialogue,刘备,pdf_01000000__01004006___13b2265b9d__char__238f0dc566,白,白,白,念白,刘备,若是胜了。,刘备（白）若是胜了。
pdf_01000000__01004006___13b2265b9d,辕门射戟,pdf_01000000__01004006___13b2265b9d__line__000059,pdf_01000000__01004006___13b2265b9d__scene__003,01004006_辕门射戟.pdf,D:\University_studies\Junior\data_visualization\experiment\final_self\opera_dataset\01000000\01004006_辕门射戟.pdf,01000000/01004006_辕门射戟.pdf,49bfac8f-ad5c-4639-829d-be1bd24f8504,3,【第三场】,59,dialogue,dialogue,张飞,pdf_01000000__01004006___13b2265b9d__char__173560819f,白,白,白,杀；念白,张飞；纪灵,"杀了纪灵,擒了袁术。","张飞（白）杀了纪灵,擒了袁术。"
pdf_01000000__01004006___13b2265b9d,辕门射戟,pdf_01000000__01004006___13b2265b9d__line__000059,pdf_01000000__01004006___13b2265b9d__scene__003,01004006_辕门射戟.pdf,D:\University_studies\Junior\data_visualization\experiment\final_self\opera_dataset\01000000\01004006_辕门射戟.pdf,01000000/01004006_辕门射戟.pdf,49bfac8f-ad5c-4639-829d-be1bd24f8504,3,【第三场】,59,dialogue,dialogue,刘备,pdf_01000000__01004006___13b2265b9d__char__238f0dc566,白,白,白,念白,刘备,倘若败了。,刘备（白）倘若败了。
pdf_01000000__01004006___13b2265b9d,辕门射戟,pdf_01000000__01004006___13b2265b9d__line__000059,pdf_01000000__01004006___13b2265b9d__scene__003,01004006_辕门射戟.pdf,D:\University_studies\Junior\data_visualization\experiment\final_self\opera_dataset\01000000\01004006_辕门射戟.pdf,01000000/01004006_辕门射戟.pdf,49bfac8f-ad5c-4639-829d-be1bd24f8504,3,【第三场】,59,dialogue,dialogue,张飞,pdf_01000000__01004006___13b2265b9d__char__173560819f,白,白,白,念白,张飞,你我弟兄溜他娘呢。,张飞（白）你我弟兄溜他娘呢。
pdf_01000000__01004006___13b2265b9d,辕门射戟,pdf_01000000__01004006___13b2265b9d__line__000059,pdf_01000000__01004006___13b2265b9d__scene__003,01004006_辕门射戟.pdf,D:\University_studies\Junior\data_visualization\experiment\final_self\opera_dataset\01000000\01004006_辕门射戟.pdf,01000000/01004006_辕门射戟.pdf,49bfac8f-ad5c-4639-829d-be1bd24f8504,3,【第三场】,59,dialogue,dialogue,刘备,pdf_01000000__01004006___13b2265b9d__char__238f0dc566,白,白,白,念白,刘备,此计不好。,刘备（白）此计不好。
pdf_01000000__01004006___13b2265b9d,辕门射戟,pdf_01000000__01004006___13b2265b9d__line__000059,pdf_01000000__01004006___13b2265b9d__scene__003,01004006_辕门射戟.pdf,D:\University_studies\Junior\data_visualization\experiment\final_self\opera_dataset\01000000\01004006_辕门射戟.pdf,01000000/01004006_辕门射戟.pdf,49bfac8f-ad5c-4639-829d-be1bd24f8504,3,【第三场】,59,dialogue,dialogue,张飞,pdf_01000000__01004006___13b2265b9d__char__173560819f,白,白,白,下；收；念白,张飞；纪灵,"大哥将小弟黑头割下,挂在城楼。纪灵人马一见,他就收兵回转。","张飞（白）大哥将小弟黑头割下,挂在城楼。纪灵人马一见,他就收兵回转。"
pdf_01000000__01004006___13b2265b9d,辕门射戟,pdf_01000000__01004006___13b2265b9d__line__000059,pdf_01000000__01004006___13b2265b9d__scene__003,01004006_辕门射戟.pdf,D:\University_studies\Junior\data_visualization\experiment\final_self\opera_dataset\01000000\01004006_辕门射戟.pdf,01000000/01004006_辕门射戟.pdf,49bfac8f-ad5c-4639-829d-be1bd24f8504,3,【第三场】,59,dialogue,dialogue,刘备,pdf_01000000__01004006___13b2265b9d__char__238f0dc566,白,白,白,念白,刘备,此计不好。,刘备（白）此计不好。
pdf_01000000__01004006___13b2265b9d,辕门射戟,pdf_01000000__01004006___13b2265b9d__line__000059,pdf_01000000__01004006___13b2265b9d__scene__003,01004006_辕门射戟.pdf,D:\University_studies\Junior\data_visualization\experiment\final_self\opera_dataset\01000000\01004006_辕门射戟.pdf,01000000/01004006_辕门射戟.pdf,49bfac8f-ad5c-4639-829d-be1bd24f8504,3,【第三场】,59,dialogue,dialogue,张飞,pdf_01000000__01004006___13b2265b9d__char__173560819f,白,白,白,念白,张飞,小弟无计了。,张飞（白）小弟无计了。
pdf_01000000__01004006___13b2265b9d,辕门射戟,pdf_01000000__01004006___13b2265b9d__line__000059,pdf_01000000__01004006___13b2265b9d__scene__003,01004006_辕门射戟.pdf,D:\University_studies\Junior\data_visualization\experiment\final_self\opera_dataset\01000000\01004006_辕门射戟.pdf,01000000/01004006_辕门射戟.pdf,49bfac8f-ad5c-4639-829d-be1bd24f8504,3,【第三场】,59,dialogue,dialogue,刘备,pdf_01000000__01004006___13b2265b9d__char__238f0dc566,白,白,白,念白,刘备,伺候了。,刘备（白）伺候了。
pdf_01000000__01004006___13b2265b9d,辕门射戟,pdf_01000000__01004006___13b2265b9d__line__000059,pdf_01000000__01004006___13b2265b9d__scene__003,01004006_辕门射戟.pdf,D:\University_studies\Junior\data_visualization\experiment\final_self\opera_dataset\01000000\01004006_辕门射戟.pdf,01000000/01004006_辕门射戟.pdf,49bfac8f-ad5c-4639-829d-be1bd24f8504,3,【第三场】,59,dialogue,dialogue,旗牌,pdf_01000000__01004006___13b2265b9d__char__7fb4a8e292,白,白,白,念白,旗牌,吕温侯有书信在此。,旗牌（白）吕温侯有书信在此。
pdf_01000000__01004006___13b2265b9d,辕门射戟,pdf_01000000__01004006___13b2265b9d__line__000059,pdf_01000000__01004006___13b2265b9d__scene__003,01004006_辕门射戟.pdf,D:\University_studies\Junior\data_visualization\experiment\final_self\opera_dataset\01000000\01004006_辕门射戟.pdf,01000000/01004006_辕门射戟.pdf,49bfac8f-ad5c-4639-829d-be1bd24f8504,3,【第三场】,59,dialogue,dialogue,张飞,pdf_01000000__01004006___13b2265b9d__char__173560819f,白,白,白,来；拿；念白,张飞,拿过来!,张飞（白）拿过来!
pdf_01000000__01004006___13b2265b9d,辕门射戟,pdf_01000000__01004006___13b2265b9d__line__000059,pdf_01000000__01004006___13b2265b9d__scene__003,01004006_辕门射戟.pdf,D:\University_studies\Junior\data_visualization\experiment\final_self\opera_dataset\01000000\01004006_辕门射戟.pdf,01000000/01004006_辕门射戟.pdf,49bfac8f-ad5c-4639-829d-be1bd24f8504,3,【第三场】,59,dialogue,dialogue,刘备,pdf_01000000__01004006___13b2265b9d__char__238f0dc566,白,白,白,拿；念白,刘备,三弟手中拿的什么?,刘备（白）三弟手中拿的什么?
pdf_01000000__01004006___13b2265b9d,辕门射戟,pdf_01000000__01004006___13b2265b9d__line__000059,pdf_01000000__01004006___13b2265b9d__scene__003,01004006_辕门射戟.pdf,D:\University_studies\Junior\data_visualization\experiment\final_self\opera_dataset\01000000\01004006_辕门射戟.pdf,01000000/01004006_辕门射戟.pdf,49bfac8f-ad5c-4639-829d-be1bd24f8504,3,【第三场】,59,dialogue,dialogue,张飞,pdf_01000000__01004006___13b2265b9d__char__173560819f,白,白,白,念白,张飞；吕布,乃是吕布狗贼的信!,张飞（白）乃是吕布狗贼的信!
pdf_01000000__01004006___13b2265b9d,辕门射戟,pdf_01000000__01004006___13b2265b9d__line__000059,pdf_01000000__01004006___13b2265b9d__scene__003,01004006_辕门射戟.pdf,D:\University_studies\Junior\data_visualization\experiment\final_self\opera_dataset\01000000\01004006_辕门射戟.pdf,01000000/01004006_辕门射戟.pdf,49bfac8f-ad5c-4639-829d-be1bd24f8504,3,【第三场】,59,dialogue,dialogue,刘备,pdf_01000000__01004006___13b2265b9d__char__238f0dc566,白,白,白,来；看；拿；念白,刘备,拿来愚兄观看。,刘备（白）拿来愚兄观看。
pdf_01000000__01004006___13b2265b9d,辕门射戟,pdf_01000000__01004006___13b2265b9d__line__000059,pdf_01000000__01004006___13b2265b9d__scene__003,01004006_辕门射戟.pdf,D:\University_studies\Junior\data_visualization\experiment\final_self\opera_dataset\01000000\01004006_辕门射戟.pdf,01000000/01004006_辕门射戟.pdf,49bfac8f-ad5c-4639-829d-be1bd24f8504,3,【第三场】,59,dialogue,dialogue,张飞,pdf_01000000__01004006___13b2265b9d__char__173560819f,白,白,白,看；念白,张飞,没有什么好看。,张飞（白）没有什么好看。
pdf_01000000__01004006___13b2265b9d,辕门射戟,pdf_01000000__01004006___13b2265b9d__line__000059,pdf_01000000__01004006___13b2265b9d__scene__003,01004006_辕门射戟.pdf,D:\University_studies\Junior\data_visualization\experiment\final_self\opera_dataset\01000000\01004006_辕门射戟.pdf,01000000/01004006_辕门射戟.pdf,49bfac8f-ad5c-4639-829d-be1bd24f8504,3,【第三场】,59,dialogue,dialogue,刘备,pdf_01000000__01004006___13b2265b9d__char__238f0dc566,白,白,白,看；念白,刘备,愚兄要看。,刘备（白）愚兄要看。
pdf_01000000__01004006___13b2265b9d,辕门射戟,pdf_01000000__01004006___13b2265b9d__line__000059,pdf_01000000__01004006___13b2265b9d__scene__003,01004006_辕门射戟.pdf,D:\University_studies\Junior\data_visualization\experiment\final_self\opera_dataset\01000000\01004006_辕门射戟.pdf,01000000/01004006_辕门射戟.pdf,49bfac8f-ad5c-4639-829d-be1bd24f8504,3,【第三场】,59,dialogue,dialogue,张飞,pdf_01000000__01004006___13b2265b9d__char__173560819f,白,白,白,去；看；拿；念白,张飞,要看拿去看。,张飞（白）要看拿去看。
pdf_01000000__01004006___13b2265b9d,辕门射戟,pdf_01000000__01004006___13b2265b9d__line__000059,pdf_01000000__01004006___13b2265b9d__scene__003,01004006_辕门射戟.pdf,D:\University_studies\Junior\data_visualization\experiment\final_self\opera_dataset\01000000\01004006_辕门射戟.pdf,01000000/01004006_辕门射戟.pdf,49bfac8f-ad5c-4639-829d-be1bd24f8504,3,【第三场】,59,dialogue,dialogue,刘备,pdf_01000000__01004006___13b2265b9d__char__238f0dc566,白,白,白,来；看；念白,刘备,"温侯有书信到来,待我拆开观看。","刘备（白）温侯有书信到来,待我拆开观看。"
pdf_01000000__01004006___13b2265b9d,辕门射戟,pdf_01000000__01004006___13b2265b9d__line__000061,pdf_01000000__01004006___13b2265b9d__scene__003,01004006_辕门射戟.pdf,D:\University_studies\Junior\data_visualization\experiment\final_self\opera_dataset\01000000\01004006_辕门射戟.pdf,01000000/01004006_辕门射戟.pdf,49bfac8f-ad5c-4639-829d-be1bd24f8504,3,【第三场】,61,dialogue,dialogue,关羽,pdf_01000000__01004006___13b2265b9d__char__be46ac237c,白,白,白,上；念白,关羽,"大哥,书信上面,写得什么言语?","关羽（白）大哥,书信上面,写得什么言语?"
pdf_01000000__01004006___13b2265b9d,辕门射戟,pdf_01000000__01004006___13b2265b9d__line__000061,pdf_01000000__01004006___13b2265b9d__scene__003,01004006_辕门射戟.pdf,D:\University_studies\Junior\data_visualization\experiment\final_self\opera_dataset\01000000\01004006_辕门射戟.pdf,01000000/01004006_辕门射戟.pdf,49bfac8f-ad5c-4639-829d-be1bd24f8504,3,【第三场】,61,dialogue,dialogue,刘备,pdf_01000000__01004006___13b2265b9d__char__238f0dc566,白,白,白,去；请；念白,刘备,"请我前去,与我二家解围。","刘备（白）请我前去,与我二家解围。"
pdf_01000000__01004006___13b2265b9d,辕门射戟,pdf_01000000__01004006___13b2265b9d__line__000061,pdf_01000000__01004006___13b2265b9d__scene__003,01004006_辕门射戟.pdf,D:\University_studies\Junior\data_visualization\experiment\final_self\opera_dataset\01000000\01004006_辕门射戟.pdf,01000000/01004006_辕门射戟.pdf,49bfac8f-ad5c-4639-829d-be1bd24f8504,3,【第三场】,61,dialogue,dialogue,关羽,pdf_01000000__01004006___13b2265b9d__char__be46ac237c,白,白,白,去；念白,关羽,三弟可去?,关羽（白）三弟可去?
pdf_01000000__01004006___13b2265b9d,辕门射戟,pdf_01000000__01004006___13b2265b9d__line__000061,pdf_01000000__01004006___13b2265b9d__scene__003,01004006_辕门射戟.pdf,D:\University_studies\Junior\data_visualization\experiment\final_self\opera_dataset\01000000\01004006_辕门射戟.pdf,01000000/01004006_辕门射戟.pdf,49bfac8f-ad5c-4639-829d-be1bd24f8504,3,【第三场】,61,dialogue,dialogue,张飞,pdf_01000000__01004006___13b2265b9d__char__173560819f,白,白,白,去；念白,张飞,小弟不去。,张飞（白）小弟不去。
pdf_01000000__01004006___13b2265b9d,辕门射戟,pdf_01000000__01004006___13b2265b9d__line__000061,pdf_01000000__01004006___13b2265b9d__scene__003,01004006_辕门射戟.pdf,D:\University_studies\Junior\data_visualization\experiment\final_self\opera_dataset\01000000\01004006_辕门射戟.pdf,01000000/01004006_辕门射戟.pdf,49bfac8f-ad5c-4639-829d-be1bd24f8504,3,【第三场】,61,dialogue,dialogue,关羽,pdf_01000000__01004006___13b2265b9d__char__be46ac237c,白,白,白,去；念白,关羽,为何不去?,关羽（白）为何不去?
pdf_01000000__01004006___13b2265b9d,辕门射戟,pdf_01000000__01004006___13b2265b9d__line__000061,pdf_01000000__01004006___13b2265b9d__scene__003,01004006_辕门射戟.pdf,D:\University_studies\Junior\data_visualization\experiment\final_self\opera_dataset\01000000\01004006_辕门射戟.pdf,01000000/01004006_辕门射戟.pdf,49bfac8f-ad5c-4639-829d-be1bd24f8504,3,【第三场】,61,dialogue,dialogue,张飞,pdf_01000000__01004006___13b2265b9d__char__173560819f,白,白,白,去；道；念白,张飞；吕布,"吕布性子傲,小弟性子燥,有道是:仇人见面,不是吵,就是闹,还是不去的稳当!","张飞（白）吕布性子傲,小弟性子燥,有道是:仇人见面,不是吵,就是闹,还是不去的稳当!"
pdf_01000000__01004006___13b2265b9d,辕门射戟,pdf_01000000__01004006___13b2265b9d__line__000061,pdf_01000000__01004006___13b2265b9d__scene__003,01004006_辕门射戟.pdf,D:\University_studies\Junior\data_visualization\experiment\final_self\opera_dataset\01000000\01004006_辕门射戟.pdf,01000000/01004006_辕门射戟.pdf,49bfac8f-ad5c-4639-829d-be1bd24f8504,3,【第三场】,61,dialogue,dialogue,关羽,pdf_01000000__01004006___13b2265b9d__char__be46ac237c,白,白,白,去；念白,吕布；关羽,"哪里是不去,分明惧怕吕布!","关羽（白）哪里是不去,分明惧怕吕布!"
pdf_01000000__01004006___13b2265b9d,辕门射戟,pdf_01000000__01004006___13b2265b9d__line__000061,pdf_01000000__01004006___13b2265b9d__scene__003,01004006_辕门射戟.pdf,D:\University_studies\Junior\data_visualization\experiment\final_self\opera_dataset\01000000\01004006_辕门射戟.pdf,01000000/01004006_辕门射戟.pdf,49bfac8f-ad5c-4639-829d-be1bd24f8504,3,【第三场】,61,dialogue,dialogue,张飞,pdf_01000000__01004006___13b2265b9d__char__173560819f,白,白,白,走；念白,张飞,啊!我怕他?我怕他?大哥、二哥走!,张飞（白）啊!我怕他?我怕他?大哥、二哥走!
pdf_01000000__01004006___13b2265b9d,辕门射戟,pdf_01000000__01004006___13b2265b9d__line__000061,pdf_01000000__01004006___13b2265b9d__scene__003,01004006_辕门射戟.pdf,D:\University_studies\Junior\data_visualization\experiment\final_self\opera_dataset\01000000\01004006_辕门射戟.pdf,01000000/01004006_辕门射戟.pdf,49bfac8f-ad5c-4639-829d-be1bd24f8504,3,【第三场】,61,dialogue,dialogue,刘备,pdf_01000000__01004006___13b2265b9d__char__238f0dc566,白,白,白,念白,刘备,三弟吓!,刘备（白）三弟吓!
pdf_01000000__01004006___13b2265b9d,辕门射戟,pdf_01000000__01004006___13b2265b9d__line__000061,pdf_01000000__01004006___13b2265b9d__scene__003,01004006_辕门射戟.pdf,D:\University_studies\Junior\data_visualization\experiment\final_self\opera_dataset\01000000\01004006_辕门射戟.pdf,01000000/01004006_辕门射戟.pdf,49bfac8f-ad5c-4639-829d-be1bd24f8504,3,【第三场】,61,dialogue,dialogue,张飞,pdf_01000000__01004006___13b2265b9d__char__173560819f,白,白,白,念白,张飞,大哥吓!,张飞（白）大哥吓!
pdf_01000000__01004006___13b2265b9d,辕门射戟,pdf_01000000__01004006___13b2265b9d__line__000061,pdf_01000000__01004006___13b2265b9d__scene__003,01004006_辕门射戟.pdf,D:\University_studies\Junior\data_visualization\experiment\final_self\opera_dataset\01000000\01004006_辕门射戟.pdf,01000000/01004006_辕门射戟.pdf,49bfac8f-ad5c-4639-829d-be1bd24f8504,3,【第三场】,61,dialogue,dialogue,张飞,pdf_01000000__01004006___13b2265b9d__char__173560819f,白,白,白,走；念白,张飞,走!,张飞（白）走!
pdf_01000000__01004006___13b2265b9d,辕门射戟,pdf_01000000__01004006___13b2265b9d__line__000061,pdf_01000000__01004006___13b2265b9d__scene__003,01004006_辕门射戟.pdf,D:\University_studies\Junior\data_visualization\experiment\final_self\opera_dataset\01000000\01004006_辕门射戟.pdf,01000000/01004006_辕门射戟.pdf,49bfac8f-ad5c-4639-829d-be1bd24f8504,3,【第三场】,61,lyric,lyric,刘备,pdf_01000000__01004006___13b2265b9d__char__238f0dc566,西皮摇板,唱,西皮摇板,下；唱段,刘备,"弟兄三人徐州闯,准备两下动刀枪。","刘备（西皮摇板）弟兄三人徐州闯,准备两下动刀枪。"
pdf_01000000__01004006___13b2265b9d,辕门射戟,pdf_01000000__01004006___13b2265b9d__line__000065,pdf_01000000__01004006___13b2265b9d__scene__004,01004006_辕门射戟.pdf,D:\University_studies\Junior\data_visualization\experiment\final_self\opera_dataset\01000000\01004006_辕门射戟.pdf,01000000/01004006_辕门射戟.pdf,49bfac8f-ad5c-4639-829d-be1bd24f8504,4,【第四场】,65,stage_direction,stage_direction,,,吕布上。,做,吕布上。,上,吕布,,（吕布上。）
pdf_01000000__01004006___13b2265b9d,辕门射戟,pdf_01000000__01004006___13b2265b9d__line__000067,pdf_01000000__01004006___13b2265b9d__scene__004,01004006_辕门射戟.pdf,D:\University_studies\Junior\data_visualization\experiment\final_self\opera_dataset\01000000\01004006_辕门射戟.pdf,01000000/01004006_辕门射戟.pdf,49bfac8f-ad5c-4639-829d-be1bd24f8504,4,【第四场】,67,narration,narration,,,,说明,,打；杀；刺；收,张飞；刘备；吕布,"<table><tr><td>吕布</td><td>(西皮原板)</td><td>战罢疆场在濮阳,诸侯见我也心忙。丁公不仁被我斩,戟刺董卓为貂婵。虎牢关前打一战,偶遇刘备与关张。三人扣住连环战,掩杀儿郎让刁鞍。方天画戟情不让,张飞误挑紫金冠。含羞带愧收兵转,谁人不知俺吕奉先。</td></tr></table>","<table><tr><td>吕布</td><td>(西皮原板)</td><td>战罢疆场在濮阳,诸侯见我也心忙。丁公不仁被我斩,戟刺董卓为貂婵。虎牢关前打一战,偶遇刘备与关张。三人扣住连环战,掩杀儿郎让刁鞍。方天画戟情不让,张飞误挑紫金冠。含羞带愧收兵转,谁人不知俺吕奉先。</td></tr></table>"
pdf_01000000__01004006___13b2265b9d,辕门射戟,pdf_01000000__01004006___13b2265b9d__line__000069,pdf_01000000__01004006___13b2265b9d__scene__004,01004006_辕门射戟.pdf,D:\University_studies\Junior\data_visualization\experiment\final_self\opera_dataset\01000000\01004006_辕门射戟.pdf,01000000/01004006_辕门射戟.pdf,49bfac8f-ad5c-4639-829d-be1bd24f8504,4,【第四场】,69,stage_direction,stage_direction,,,吕布坐。刘备、关羽同上。,做,吕布坐。刘备、关羽同上。,上；坐,刘备；吕布,,（吕布坐。刘备、关羽同上。）
pdf_01000000__01004006___13b2265b9d,辕门射戟,pdf_01000000__01004006___13b2265b9d__line__000071,pdf_01000000__01004006___13b2265b9d__scene__004,01004006_辕门射戟.pdf,D:\University_studies\Junior\data_visualization\experiment\final_self\opera_dataset\01000000\01004006_辕门射戟.pdf,01000000/01004006_辕门射戟.pdf,49bfac8f-ad5c-4639-829d-be1bd24f8504,4,【第四场】,71,narration,narration,,,,说明,,,刘备,刘备、,刘备、
pdf_01000000__01004006___13b2265b9d,辕门射戟,pdf_01000000__01004006___13b2265b9d__line__000073,pdf_01000000__01004006___13b2265b9d__scene__004,01004006_辕门射戟.pdf,D:\University_studies\Junior\data_visualization\experiment\final_self\opera_dataset\01000000\01004006_辕门射戟.pdf,01000000/01004006_辕门射戟.pdf,49bfac8f-ad5c-4639-829d-be1bd24f8504,4,【第四场】,73,dialogue,dialogue,关羽,pdf_01000000__01004006___13b2265b9d__char__be46ac237c,同念,对白,同念,,关羽,离了小沛地，,关羽 （同念） 离了小沛地，
pdf_01000000__01004006___13b2265b9d,辕门射戟,pdf_01000000__01004006___13b2265b9d__line__000075,pdf_01000000__01004006___13b2265b9d__scene__004,01004006_辕门射戟.pdf,D:\University_studies\Junior\data_visualization\experiment\final_self\opera_dataset\01000000\01004006_辕门射戟.pdf,01000000/01004006_辕门射戟.pdf,49bfac8f-ad5c-4639-829d-be1bd24f8504,4,【第四场】,75,stage_direction,stage_direction,,,张飞上。,做,张飞上。,上,张飞,,（张飞上。）
pdf_01000000__01004006___13b2265b9d,辕门射戟,pdf_01000000__01004006___13b2265b9d__line__000077,pdf_01000000__01004006___13b2265b9d__scene__004,01004006_辕门射戟.pdf,D:\University_studies\Junior\data_visualization\experiment\final_self\opera_dataset\01000000\01004006_辕门射戟.pdf,01000000/01004006_辕门射戟.pdf,49bfac8f-ad5c-4639-829d-be1bd24f8504,4,【第四场】,77,dialogue,dialogue,张飞,pdf_01000000__01004006___13b2265b9d__char__173560819f,念,念,念,来,张飞,来此狗辕门！,张飞 （念） 来此狗辕门！
pdf_01000000__01004006___13b2265b9d,辕门射戟,pdf_01000000__01004006___13b2265b9d__line__000079,pdf_01000000__01004006___13b2265b9d__scene__004,01004006_辕门射戟.pdf,D:\University_studies\Junior\data_visualization\experiment\final_self\opera_dataset\01000000\01004006_辕门射戟.pdf,01000000/01004006_辕门射戟.pdf,49bfac8f-ad5c-4639-829d-be1bd24f8504,4,【第四场】,79,dialogue,dialogue,刘备,pdf_01000000__01004006___13b2265b9d__char__238f0dc566,白,白,白,来；念白,刘备,来此已是辕门，我心中有些害怕。,刘备 （白） 来此已是辕门，我心中有些害怕。
pdf_01000000__01004006___13b2265b9d,辕门射戟,pdf_01000000__01004006___13b2265b9d__line__000081,pdf_01000000__01004006___13b2265b9d__scene__004,01004006_辕门射戟.pdf,D:\University_studies\Junior\data_visualization\experiment\final_self\opera_dataset\01000000\01004006_辕门射戟.pdf,01000000/01004006_辕门射戟.pdf,49bfac8f-ad5c-4639-829d-be1bd24f8504,4,【第四场】,81,dialogue,dialogue,张飞,pdf_01000000__01004006___13b2265b9d__char__173560819f,白,白,白,念白,张飞,大哥，有小弟在此，不要害怕。,张飞 （白） 大哥，有小弟在此，不要害怕。
pdf_01000000__01004006___13b2265b9d,辕门射戟,pdf_01000000__01004006___13b2265b9d__line__000083,pdf_01000000__01004006___13b2265b9d__scene__004,01004006_辕门射戟.pdf,D:\University_studies\Junior\data_visualization\experiment\final_self\opera_dataset\01000000\01004006_辕门射戟.pdf,01000000/01004006_辕门射戟.pdf,49bfac8f-ad5c-4639-829d-be1bd24f8504,4,【第四场】,83,dialogue,dialogue,刘备,pdf_01000000__01004006___13b2265b9d__char__238f0dc566,白,白,白,上；念白,刘备,待我上前。,刘备 （白） 待我上前。
pdf_01000000__01004006___13b2265b9d,辕门射戟,pdf_01000000__01004006___13b2265b9d__line__000085,pdf_01000000__01004006___13b2265b9d__scene__004,01004006_辕门射戟.pdf,D:\University_studies\Junior\data_visualization\experiment\final_self\opera_dataset\01000000\01004006_辕门射戟.pdf,01000000/01004006_辕门射戟.pdf,49bfac8f-ad5c-4639-829d-be1bd24f8504,4,【第四场】,85,dialogue,dialogue,张飞,pdf_01000000__01004006___13b2265b9d__char__173560819f,白,白,白,去；念白,张飞,大哥哪里去？,张飞 （白） 大哥哪里去？
pdf_01000000__01004006___13b2265b9d,辕门射戟,pdf_01000000__01004006___13b2265b9d__line__000087,pdf_01000000__01004006___13b2265b9d__scene__004,01004006_辕门射戟.pdf,D:\University_studies\Junior\data_visualization\experiment\final_self\opera_dataset\01000000\01004006_辕门射戟.pdf,01000000/01004006_辕门射戟.pdf,49bfac8f-ad5c-4639-829d-be1bd24f8504,4,【第四场】,87,dialogue,dialogue,刘备,pdf_01000000__01004006___13b2265b9d__char__238f0dc566,白,白,白,上；念白,刘备,上前投帖。,刘备 （白） 上前投帖。
pdf_01000000__01004006___13b2265b9d,辕门射戟,pdf_01000000__01004006___13b2265b9d__line__000089,pdf_01000000__01004006___13b2265b9d__scene__004,01004006_辕门射戟.pdf,D:\University_studies\Junior\data_visualization\experiment\final_self\opera_dataset\01000000\01004006_辕门射戟.pdf,01000000/01004006_辕门射戟.pdf,49bfac8f-ad5c-4639-829d-be1bd24f8504,4,【第四场】,89,dialogue,dialogue,张飞,pdf_01000000__01004006___13b2265b9d__char__173560819f,白,白,白,上；念白,张飞,投帖乃是小事，待小弟上前。,张飞 （白） 投帖乃是小事，待小弟上前。
pdf_01000000__01004006___13b2265b9d,辕门射戟,pdf_01000000__01004006___13b2265b9d__line__000091,pdf_01000000__01004006___13b2265b9d__scene__004,01004006_辕门射戟.pdf,D:\University_studies\Junior\data_visualization\experiment\final_self\opera_dataset\01000000\01004006_辕门射戟.pdf,01000000/01004006_辕门射戟.pdf,49bfac8f-ad5c-4639-829d-be1bd24f8504,4,【第四场】,91,dialogue,dialogue,刘备,pdf_01000000__01004006___13b2265b9d__char__238f0dc566,白,白,白,念白,刘备,你不会讲话。,刘备 （白） 你不会讲话。
pdf_01000000__01004006___13b2265b9d,辕门射戟,pdf_01000000__01004006___13b2265b9d__line__000093,pdf_01000000__01004006___13b2265b9d__scene__004,01004006_辕门射戟.pdf,D:\University_studies\Junior\data_visualization\experiment\final_self\opera_dataset\01000000\01004006_辕门射戟.pdf,01000000/01004006_辕门射戟.pdf,49bfac8f-ad5c-4639-829d-be1bd24f8504,4,【第四场】,93,dialogue,dialogue,张飞,pdf_01000000__01004006___13b2265b9d__char__173560819f,白,白,白,来；念白,张飞,我连话都不会讲呢？呔，有人么，滚出一个来！,张飞 （白） 我连话都不会讲呢？呔，有人么，滚出一个来！
pdf_01000000__01004006___13b2265b9d,辕门射戟,pdf_01000000__01004006___13b2265b9d__line__000095,pdf_01000000__01004006___13b2265b9d__scene__004,01004006_辕门射戟.pdf,D:\University_studies\Junior\data_visualization\experiment\final_self\opera_dataset\01000000\01004006_辕门射戟.pdf,01000000/01004006_辕门射戟.pdf,49bfac8f-ad5c-4639-829d-be1bd24f8504,4,【第四场】,95,dialogue,dialogue,中军,pdf_01000000__01004006___13b2265b9d__char__b524d7bcb1,白,白,白,念白,中军,什么人？,中军 （白） 什么人？
pdf_01000000__01004006___13b2265b9d,辕门射戟,pdf_01000000__01004006___13b2265b9d__line__000097,pdf_01000000__01004006___13b2265b9d__scene__004,01004006_辕门射戟.pdf,D:\University_studies\Junior\data_visualization\experiment\final_self\opera_dataset\01000000\01004006_辕门射戟.pdf,01000000/01004006_辕门射戟.pdf,49bfac8f-ad5c-4639-829d-be1bd24f8504,4,【第四场】,97,dialogue,dialogue,张飞,pdf_01000000__01004006___13b2265b9d__char__173560819f,白,白,白,念白,张飞；吕布,吕布狗子，可曾升帐？,张飞 （白） 吕布狗子，可曾升帐？
pdf_01000000__01004006___13b2265b9d,辕门射戟,pdf_01000000__01004006___13b2265b9d__line__000099,pdf_01000000__01004006___13b2265b9d__scene__004,01004006_辕门射戟.pdf,D:\University_studies\Junior\data_visualization\experiment\final_self\opera_dataset\01000000\01004006_辕门射戟.pdf,01000000/01004006_辕门射戟.pdf,49bfac8f-ad5c-4639-829d-be1bd24f8504,4,【第四场】,99,dialogue,dialogue,中军,pdf_01000000__01004006___13b2265b9d__char__b524d7bcb1,白,白,白,念白,中军,他升帐不升帐与你什么相干？,中军 （白） 他升帐不升帐与你什么相干？
pdf_01000000__01004006___13b2265b9d,辕门射戟,pdf_01000000__01004006___13b2265b9d__line__000101,pdf_01000000__01004006___13b2265b9d__scene__004,01004006_辕门射戟.pdf,D:\University_studies\Junior\data_visualization\experiment\final_self\opera_dataset\01000000\01004006_辕门射戟.pdf,01000000/01004006_辕门射戟.pdf,49bfac8f-ad5c-4639-829d-be1bd24f8504,4,【第四场】,101,dialogue,dialogue,张飞,pdf_01000000__01004006___13b2265b9d__char__173560819f,白,白,白,来；念白,张飞,你就说大伯伯、二伯伯、三老子来了!,张飞（白）你就说大伯伯、二伯伯、三老子来了!
pdf_01000000__01004006___13b2265b9d,辕门射戟,pdf_01000000__01004006___13b2265b9d__line__000101,pdf_01000000__01004006___13b2265b9d__scene__004,01004006_辕门射戟.pdf,D:\University_studies\Junior\data_visualization\experiment\final_self\opera_dataset\01000000\01004006_辕门射戟.pdf,01000000/01004006_辕门射戟.pdf,49bfac8f-ad5c-4639-829d-be1bd24f8504,4,【第四场】,101,dialogue,dialogue,中军,pdf_01000000__01004006___13b2265b9d__char__b524d7bcb1,白,白,白,念白,中军,这是什么话?,中军（白）这是什么话?
pdf_01000000__01004006___13b2265b9d,辕门射戟,pdf_01000000__01004006___13b2265b9d__line__000101,pdf_01000000__01004006___13b2265b9d__scene__004,01004006_辕门射戟.pdf,D:\University_studies\Junior\data_visualization\experiment\final_self\opera_dataset\01000000\01004006_辕门射戟.pdf,01000000/01004006_辕门射戟.pdf,49bfac8f-ad5c-4639-829d-be1bd24f8504,4,【第四场】,101,dialogue,dialogue,张飞,pdf_01000000__01004006___13b2265b9d__char__173560819f,白,白,白,报；打；念白,张飞,"你不通报,呸,照打!","张飞（白）你不通报,呸,照打!"
pdf_01000000__01004006___13b2265b9d,辕门射戟,pdf_01000000__01004006___13b2265b9d__line__000101,pdf_01000000__01004006___13b2265b9d__scene__004,01004006_辕门射戟.pdf,D:\University_studies\Junior\data_visualization\experiment\final_self\opera_dataset\01000000\01004006_辕门射戟.pdf,01000000/01004006_辕门射戟.pdf,49bfac8f-ad5c-4639-829d-be1bd24f8504,4,【第四场】,101,dialogue,dialogue,刘备,pdf_01000000__01004006___13b2265b9d__char__238f0dc566,白,白,白,念白,刘备,"吓,你不会讲话。","刘备（白）吓,你不会讲话。"
pdf_01000000__01004006___13b2265b9d,辕门射戟,pdf_01000000__01004006___13b2265b9d__line__000101,pdf_01000000__01004006___13b2265b9d__scene__004,01004006_辕门射戟.pdf,D:\University_studies\Junior\data_visualization\experiment\final_self\opera_dataset\01000000\01004006_辕门射戟.pdf,01000000/01004006_辕门射戟.pdf,49bfac8f-ad5c-4639-829d-be1bd24f8504,4,【第四场】,101,dialogue,dialogue,张飞,pdf_01000000__01004006___13b2265b9d__char__173560819f,白,白,白,报；念白,张飞,他不与我通报。,张飞（白）他不与我通报。
pdf_01000000__01004006___13b2265b9d,辕门射戟,pdf_01000000__01004006___13b2265b9d__line__000101,pdf_01000000__01004006___13b2265b9d__scene__004,01004006_辕门射戟.pdf,D:\University_studies\Junior\data_visualization\experiment\final_self\opera_dataset\01000000\01004006_辕门射戟.pdf,01000000/01004006_辕门射戟.pdf,49bfac8f-ad5c-4639-829d-be1bd24f8504,4,【第四场】,101,dialogue,dialogue,刘备,pdf_01000000__01004006___13b2265b9d__char__238f0dc566,白,白,白,禀；念白,刘备,"你站远些。烦劳通禀,桃园弟兄求见。","刘备（白）你站远些。烦劳通禀,桃园弟兄求见。"
pdf_01000000__01004006___13b2265b9d,辕门射戟,pdf_01000000__01004006___13b2265b9d__line__000101,pdf_01000000__01004006___13b2265b9d__scene__004,01004006_辕门射戟.pdf,D:\University_studies\Junior\data_visualization\experiment\final_self\opera_dataset\01000000\01004006_辕门射戟.pdf,01000000/01004006_辕门射戟.pdf,49bfac8f-ad5c-4639-829d-be1bd24f8504,4,【第四场】,101,dialogue,dialogue,中军,pdf_01000000__01004006___13b2265b9d__char__b524d7bcb1,白,白,白,禀；念白,中军,少站一时。启禀温侯:桃园弟兄求见。,中军（白）少站一时。启禀温侯:桃园弟兄求见。
pdf_01000000__01004006___13b2265b9d,辕门射戟,pdf_01000000__01004006___13b2265b9d__line__000101,pdf_01000000__01004006___13b2265b9d__scene__004,01004006_辕门射戟.pdf,D:\University_studies\Junior\data_visualization\experiment\final_self\opera_dataset\01000000\01004006_辕门射戟.pdf,01000000/01004006_辕门射戟.pdf,49bfac8f-ad5c-4639-829d-be1bd24f8504,4,【第四场】,101,dialogue,dialogue,吕布,pdf_01000000__01004006___13b2265b9d__char__916b136e7f,白,白,白,请；念白,吕布,有请。,吕布（白）有请。
pdf_01000000__01004006___13b2265b9d,辕门射戟,pdf_01000000__01004006___13b2265b9d__line__000101,pdf_01000000__01004006___13b2265b9d__scene__004,01004006_辕门射戟.pdf,D:\University_studies\Junior\data_visualization\experiment\final_self\opera_dataset\01000000\01004006_辕门射戟.pdf,01000000/01004006_辕门射戟.pdf,49bfac8f-ad5c-4639-829d-be1bd24f8504,4,【第四场】,101,dialogue,dialogue,中军,pdf_01000000__01004006___13b2265b9d__char__b524d7bcb1,白,白,白,请；念白,中军,有请。,中军（白）有请。
pdf_01000000__01004006___13b2265b9d,辕门射戟,pdf_01000000__01004006___13b2265b9d__line__000101,pdf_01000000__01004006___13b2265b9d__scene__004,01004006_辕门射戟.pdf,D:\University_studies\Junior\data_visualization\experiment\final_self\opera_dataset\01000000\01004006_辕门射戟.pdf,01000000/01004006_辕门射戟.pdf,49bfac8f-ad5c-4639-829d-be1bd24f8504,4,【第四场】,101,dialogue,dialogue,刘备,pdf_01000000__01004006___13b2265b9d__char__238f0dc566,白,白,白,念白,刘备,"温侯,","刘备（白）温侯,"
pdf_01000000__01004006___13b2265b9d,辕门射戟,pdf_01000000__01004006___13b2265b9d__line__000101,pdf_01000000__01004006___13b2265b9d__scene__004,01004006_辕门射戟.pdf,D:\University_studies\Junior\data_visualization\experiment\final_self\opera_dataset\01000000\01004006_辕门射戟.pdf,01000000/01004006_辕门射戟.pdf,49bfac8f-ad5c-4639-829d-be1bd24f8504,4,【第四场】,101,dialogue,dialogue,吕布,pdf_01000000__01004006___13b2265b9d__char__916b136e7f,白,白,白,念白,吕布,使君。,吕布（白）使君。
pdf_01000000__01004006___13b2265b9d,辕门射戟,pdf_01000000__01004006___13b2265b9d__line__000101,pdf_01000000__01004006___13b2265b9d__scene__004,01004006_辕门射戟.pdf,D:\University_studies\Junior\data_visualization\experiment\final_self\opera_dataset\01000000\01004006_辕门射戟.pdf,01000000/01004006_辕门射戟.pdf,49bfac8f-ad5c-4639-829d-be1bd24f8504,4,【第四场】,101,dialogue,dialogue,关羽,pdf_01000000__01004006___13b2265b9d__char__be46ac237c,白,白,白,念白,关羽,"温侯,","关羽（白）温侯,"
pdf_01000000__01004006___13b2265b9d,辕门射戟,pdf_01000000__01004006___13b2265b9d__line__000101,pdf_01000000__01004006___13b2265b9d__scene__004,01004006_辕门射戟.pdf,D:\University_studies\Junior\data_visualization\experiment\final_self\opera_dataset\01000000\01004006_辕门射戟.pdf,01000000/01004006_辕门射戟.pdf,49bfac8f-ad5c-4639-829d-be1bd24f8504,4,【第四场】,101,dialogue,dialogue,吕布,pdf_01000000__01004006___13b2265b9d__char__916b136e7f,白,白,白,念白,吕布,君候,吕布（白）君候
pdf_01000000__01004006___13b2265b9d,辕门射戟,pdf_01000000__01004006___13b2265b9d__line__000101,pdf_01000000__01004006___13b2265b9d__scene__004,01004006_辕门射戟.pdf,D:\University_studies\Junior\data_visualization\experiment\final_self\opera_dataset\01000000\01004006_辕门射戟.pdf,01000000/01004006_辕门射戟.pdf,49bfac8f-ad5c-4639-829d-be1bd24f8504,4,【第四场】,101,dialogue,dialogue,吕布,pdf_01000000__01004006___13b2265b9d__char__916b136e7f,白,白,白,请；坐；念白,吕布,请坐。,吕布（白）请坐。
pdf_01000000__01004006___13b2265b9d,辕门射戟,pdf_01000000__01004006___13b2265b9d__line__000101,pdf_01000000__01004006___13b2265b9d__scene__004,01004006_辕门射戟.pdf,D:\University_studies\Junior\data_visualization\experiment\final_self\opera_dataset\01000000\01004006_辕门射戟.pdf,01000000/01004006_辕门射戟.pdf,49bfac8f-ad5c-4639-829d-be1bd24f8504,4,【第四场】,101,dialogue,dialogue,关羽,pdf_01000000__01004006___13b2265b9d__char__be46ac237c,白,白,白,坐；念白,关羽,有坐。,关羽（白）有坐。
pdf_01000000__01004006___13b2265b9d,辕门射戟,pdf_01000000__01004006___13b2265b9d__line__000101,pdf_01000000__01004006___13b2265b9d__scene__004,01004006_辕门射戟.pdf,D:\University_studies\Junior\data_visualization\experiment\final_self\opera_dataset\01000000\01004006_辕门射戟.pdf,01000000/01004006_辕门射戟.pdf,49bfac8f-ad5c-4639-829d-be1bd24f8504,4,【第四场】,101,dialogue,dialogue,吕布,pdf_01000000__01004006___13b2265b9d__char__916b136e7f,白,白,白,念白,吕布,"吓,贤弟......","吕布（白）吓,贤弟......"
pdf_01000000__01004006___13b2265b9d,辕门射戟,pdf_01000000__01004006___13b2265b9d__line__000101,pdf_01000000__01004006___13b2265b9d__scene__004,01004006_辕门射戟.pdf,D:\University_studies\Junior\data_visualization\experiment\final_self\opera_dataset\01000000\01004006_辕门射戟.pdf,01000000/01004006_辕门射戟.pdf,49bfac8f-ad5c-4639-829d-be1bd24f8504,4,【第四场】,101,dialogue,dialogue,张飞,pdf_01000000__01004006___13b2265b9d__char__173560819f,白,白,白,下；叫；念白,张飞,"呔,俺大哥乃中山靖王之后,孝景皇帝阁下玄孙,你敢叫他贤弟!","张飞（白）呔,俺大哥乃中山靖王之后,孝景皇帝阁下玄孙,你敢叫他贤弟!"
pdf_01000000__01004006___13b2265b9d,辕门射戟,pdf_01000000__01004006___13b2265b9d__line__000101,pdf_01000000__01004006___13b2265b9d__scene__004,01004006_辕门射戟.pdf,D:\University_studies\Junior\data_visualization\experiment\final_self\opera_dataset\01000000\01004006_辕门射戟.pdf,01000000/01004006_辕门射戟.pdf,49bfac8f-ad5c-4639-829d-be1bd24f8504,4,【第四场】,101,dialogue,dialogue,吕布,pdf_01000000__01004006___13b2265b9d__char__916b136e7f,白,白,白,念白,吕布,这个......,吕布（白）这个......
pdf_01000000__01004006___13b2265b9d,辕门射戟,pdf_01000000__01004006___13b2265b9d__line__000101,pdf_01000000__01004006___13b2265b9d__scene__004,01004006_辕门射戟.pdf,D:\University_studies\Junior\data_visualization\experiment\final_self\opera_dataset\01000000\01004006_辕门射戟.pdf,01000000/01004006_辕门射戟.pdf,49bfac8f-ad5c-4639-829d-be1bd24f8504,4,【第四场】,101,dialogue,dialogue,刘备,pdf_01000000__01004006___13b2265b9d__char__238f0dc566,白,白,白,叫；念白,刘备,"吓,温侯,温侯。吓,三弟,温侯叫我贤弟,与你什么相干?","刘备（白）吓,温侯,温侯。吓,三弟,温侯叫我贤弟,与你什么相干?"
pdf_01000000__01004006___13b2265b9d,辕门射戟,pdf_01000000__01004006___13b2265b9d__line__000101,pdf_01000000__01004006___13b2265b9d__scene__004,01004006_辕门射戟.pdf,D:\University_studies\Junior\data_visualization\experiment\final_self\opera_dataset\01000000\01004006_辕门射戟.pdf,01000000/01004006_辕门射戟.pdf,49bfac8f-ad5c-4639-829d-be1bd24f8504,4,【第四场】,101,dialogue,dialogue,张飞,pdf_01000000__01004006___13b2265b9d__char__173560819f,白,白,白,叫；念白,张飞,我不许他叫。,张飞（白）我不许他叫。
pdf_01000000__01004006___13b2265b9d,辕门射戟,pdf_01000000__01004006___13b2265b9d__line__000101,pdf_01000000__01004006___13b2265b9d__scene__004,01004006_辕门射戟.pdf,D:\University_studies\Junior\data_visualization\experiment\final_self\opera_dataset\01000000\01004006_辕门射戟.pdf,01000000/01004006_辕门射戟.pdf,49bfac8f-ad5c-4639-829d-be1bd24f8504,4,【第四场】,101,dialogue,dialogue,刘备,pdf_01000000__01004006___13b2265b9d__char__238f0dc566,白,白,白,念白,刘备,你不要讲话。,刘备（白）你不要讲话。
pdf_01000000__01004006___13b2265b9d,辕门射戟,pdf_01000000__01004006___13b2265b9d__line__000101,pdf_01000000__01004006___13b2265b9d__scene__004,01004006_辕门射戟.pdf,D:\University_studies\Junior\data_visualization\experiment\final_self\opera_dataset\01000000\01004006_辕门射戟.pdf,01000000/01004006_辕门射戟.pdf,49bfac8f-ad5c-4639-829d-be1bd24f8504,4,【第四场】,101,dialogue,dialogue,张飞,pdf_01000000__01004006___13b2265b9d__char__173560819f,白,白,白,念白,张飞,我就不讲话。,张飞（白）我就不讲话。
pdf_01000000__01004006___13b2265b9d,辕门射戟,pdf_01000000__01004006___13b2265b9d__line__000101,pdf_01000000__01004006___13b2265b9d__scene__004,01004006_辕门射戟.pdf,D:\University_studies\Junior\data_visualization\experiment\final_self\opera_dataset\01000000\01004006_辕门射戟.pdf,01000000/01004006_辕门射戟.pdf,49bfac8f-ad5c-4639-829d-be1bd24f8504,4,【第四场】,101,dialogue,dialogue,刘备,pdf_01000000__01004006___13b2265b9d__char__238f0dc566,白,白,白,下；坐；念白,刘备,你与我坐下。,刘备（白）你与我坐下。
pdf_01000000__01004006___13b2265b9d,辕门射戟,pdf_01000000__01004006___13b2265b9d__line__000101,pdf_01000000__01004006___13b2265b9d__scene__004,01004006_辕门射戟.pdf,D:\University_studies\Junior\data_visualization\experiment\final_self\opera_dataset\01000000\01004006_辕门射戟.pdf,01000000/01004006_辕门射戟.pdf,49bfac8f-ad5c-4639-829d-be1bd24f8504,4,【第四场】,101,dialogue,dialogue,张飞,pdf_01000000__01004006___13b2265b9d__char__173560819f,白,白,白,下；坐；念白,张飞,我就坐下。,张飞（白）我就坐下。
pdf_01000000__01004006___13b2265b9d,辕门射戟,pdf_01000000__01004006___13b2265b9d__line__000101,pdf_01000000__01004006___13b2265b9d__scene__004,01004006_辕门射戟.pdf,D:\University_studies\Junior\data_visualization\experiment\final_self\opera_dataset\01000000\01004006_辕门射戟.pdf,01000000/01004006_辕门射戟.pdf,49bfac8f-ad5c-4639-829d-be1bd24f8504,4,【第四场】,101,dialogue,dialogue,刘备,pdf_01000000__01004006___13b2265b9d__char__238f0dc566,白,白,白,念白,刘备,"吓,温侯,","刘备（白）吓,温侯,"
pdf_01000000__01004006___13b2265b9d,辕门射戟,pdf_01000000__01004006___13b2265b9d__line__000101,pdf_01000000__01004006___13b2265b9d__scene__004,01004006_辕门射戟.pdf,D:\University_studies\Junior\data_visualization\experiment\final_self\opera_dataset\01000000\01004006_辕门射戟.pdf,01000000/01004006_辕门射戟.pdf,49bfac8f-ad5c-4639-829d-be1bd24f8504,4,【第四场】,101,dialogue,dialogue,吕布,pdf_01000000__01004006___13b2265b9d__char__916b136e7f,白,白,白,念白,吕布,"不知使君驾到,未得远迎,当面恕罪。","吕布（白）不知使君驾到,未得远迎,当面恕罪。"
pdf_01000000__01004006___13b2265b9d,辕门射戟,pdf_01000000__01004006___13b2265b9d__line__000101,pdf_01000000__01004006___13b2265b9d__scene__004,01004006_辕门射戟.pdf,D:\University_studies\Junior\data_visualization\experiment\final_self\opera_dataset\01000000\01004006_辕门射戟.pdf,01000000/01004006_辕门射戟.pdf,49bfac8f-ad5c-4639-829d-be1bd24f8504,4,【第四场】,101,dialogue,dialogue,刘备,pdf_01000000__01004006___13b2265b9d__char__238f0dc566,白,白,白,来；问；念白,刘备,"少来问候,都督海涵。","刘备（白）少来问候,都督海涵。"
pdf_01000000__01004006___13b2265b9d,辕门射戟,pdf_01000000__01004006___13b2265b9d__line__000101,pdf_01000000__01004006___13b2265b9d__scene__004,01004006_辕门射戟.pdf,D:\University_studies\Junior\data_visualization\experiment\final_self\opera_dataset\01000000\01004006_辕门射戟.pdf,01000000/01004006_辕门射戟.pdf,49bfac8f-ad5c-4639-829d-be1bd24f8504,4,【第四场】,101,dialogue,dialogue,吕布,pdf_01000000__01004006___13b2265b9d__char__916b136e7f,白,白,白,念白,吕布,"岂敢,二君候可好?","吕布（白）岂敢,二君候可好?"
pdf_01000000__01004006___13b2265b9d,辕门射戟,pdf_01000000__01004006___13b2265b9d__line__000101,pdf_01000000__01004006___13b2265b9d__scene__004,01004006_辕门射戟.pdf,D:\University_studies\Junior\data_visualization\experiment\final_self\opera_dataset\01000000\01004006_辕门射戟.pdf,01000000/01004006_辕门射戟.pdf,49bfac8f-ad5c-4639-829d-be1bd24f8504,4,【第四场】,101,dialogue,dialogue,关羽,pdf_01000000__01004006___13b2265b9d__char__be46ac237c,白,白,白,念白,关羽,温侯驾安。,关羽（白）温侯驾安。
pdf_01000000__01004006___13b2265b9d,辕门射戟,pdf_01000000__01004006___13b2265b9d__line__000101,pdf_01000000__01004006___13b2265b9d__scene__004,01004006_辕门射戟.pdf,D:\University_studies\Junior\data_visualization\experiment\final_self\opera_dataset\01000000\01004006_辕门射戟.pdf,01000000/01004006_辕门射戟.pdf,49bfac8f-ad5c-4639-829d-be1bd24f8504,4,【第四场】,101,dialogue,dialogue,刘备,pdf_01000000__01004006___13b2265b9d__char__238f0dc566,白,白,白,念白,刘备,"三弟,与温侯见礼。","刘备（白）三弟,与温侯见礼。"
pdf_01000000__01004006___13b2265b9d,辕门射戟,pdf_01000000__01004006___13b2265b9d__line__000101,pdf_01000000__01004006___13b2265b9d__scene__004,01004006_辕门射戟.pdf,D:\University_studies\Junior\data_visualization\experiment\final_self\opera_dataset\01000000\01004006_辕门射戟.pdf,01000000/01004006_辕门射戟.pdf,49bfac8f-ad5c-4639-829d-be1bd24f8504,4,【第四场】,101,dialogue,dialogue,张飞,pdf_01000000__01004006___13b2265b9d__char__173560819f,白,白,白,念白,张飞,俺老张不会见礼。,张飞（白）俺老张不会见礼。
pdf_01000000__01004006___13b2265b9d,辕门射戟,pdf_01000000__01004006___13b2265b9d__line__000101,pdf_01000000__01004006___13b2265b9d__scene__004,01004006_辕门射戟.pdf,D:\University_studies\Junior\data_visualization\experiment\final_self\opera_dataset\01000000\01004006_辕门射戟.pdf,01000000/01004006_辕门射戟.pdf,49bfac8f-ad5c-4639-829d-be1bd24f8504,4,【第四场】,101,dialogue,dialogue,刘备,pdf_01000000__01004006___13b2265b9d__char__238f0dc566,白,白,白,念白,刘备,"吓,桃园呢?","刘备（白）吓,桃园呢?"
pdf_01000000__01004006___13b2265b9d,辕门射戟,pdf_01000000__01004006___13b2265b9d__line__000101,pdf_01000000__01004006___13b2265b9d__scene__004,01004006_辕门射戟.pdf,D:\University_studies\Junior\data_visualization\experiment\final_self\opera_dataset\01000000\01004006_辕门射戟.pdf,01000000/01004006_辕门射戟.pdf,49bfac8f-ad5c-4639-829d-be1bd24f8504,4,【第四场】,101,dialogue,dialogue,张飞,pdf_01000000__01004006___13b2265b9d__char__173560819f,白,白,白,请；念白,张飞；吕布,"咳,俺老张不与吕布狗子见礼,俺大哥在一旁“桃园”“桃园”呢!俺老张一生一世,就吃这“桃园”亏了。吕布狗子,请了!","张飞（白）咳,俺老张不与吕布狗子见礼,俺大哥在一旁“桃园”“桃园”呢!俺老张一生一世,就吃这“桃园”亏了。吕布狗子,请了!"
pdf_01000000__01004006___13b2265b9d,辕门射戟,pdf_01000000__01004006___13b2265b9d__line__000101,pdf_01000000__01004006___13b2265b9d__scene__004,01004006_辕门射戟.pdf,D:\University_studies\Junior\data_visualization\experiment\final_self\opera_dataset\01000000\01004006_辕门射戟.pdf,01000000/01004006_辕门射戟.pdf,49bfac8f-ad5c-4639-829d-be1bd24f8504,4,【第四场】,101,dialogue,dialogue,吕布,pdf_01000000__01004006___13b2265b9d__char__916b136e7f,白,白,白,念白,吕布,哪个是狗子?,吕布（白）哪个是狗子?
pdf_01000000__01004006___13b2265b9d,辕门射戟,pdf_01000000__01004006___13b2265b9d__line__000101,pdf_01000000__01004006___13b2265b9d__scene__004,01004006_辕门射戟.pdf,D:\University_studies\Junior\data_visualization\experiment\final_self\opera_dataset\01000000\01004006_辕门射戟.pdf,01000000/01004006_辕门射戟.pdf,49bfac8f-ad5c-4639-829d-be1bd24f8504,4,【第四场】,101,dialogue,dialogue,张飞,pdf_01000000__01004006___13b2265b9d__char__173560819f,白,白,白,念白,张飞,你是狗子!,张飞（白）你是狗子!
pdf_01000000__01004006___13b2265b9d,辕门射戟,pdf_01000000__01004006___13b2265b9d__line__000101,pdf_01000000__01004006___13b2265b9d__scene__004,01004006_辕门射戟.pdf,D:\University_studies\Junior\data_visualization\experiment\final_self\opera_dataset\01000000\01004006_辕门射戟.pdf,01000000/01004006_辕门射戟.pdf,49bfac8f-ad5c-4639-829d-be1bd24f8504,4,【第四场】,101,dialogue,dialogue,吕布,pdf_01000000__01004006___13b2265b9d__char__916b136e7f,白,白,白,念白,吕布,你是狗子!,吕布（白）你是狗子!
pdf_01000000__01004006___13b2265b9d,辕门射戟,pdf_01000000__01004006___13b2265b9d__line__000101,pdf_01000000__01004006___13b2265b9d__scene__004,01004006_辕门射戟.pdf,D:\University_studies\Junior\data_visualization\experiment\final_self\opera_dataset\01000000\01004006_辕门射戟.pdf,01000000/01004006_辕门射戟.pdf,49bfac8f-ad5c-4639-829d-be1bd24f8504,4,【第四场】,101,dialogue,dialogue,刘备,pdf_01000000__01004006___13b2265b9d__char__238f0dc566,白,白,白,叫；念白,刘备,"吓,温侯!吓,你怎么叫他狗子?","刘备（白）吓,温侯!吓,你怎么叫他狗子?"
pdf_01000000__01004006___13b2265b9d,辕门射戟,pdf_01000000__01004006___13b2265b9d__line__000101,pdf_01000000__01004006___13b2265b9d__scene__004,01004006_辕门射戟.pdf,D:\University_studies\Junior\data_visualization\experiment\final_self\opera_dataset\01000000\01004006_辕门射戟.pdf,01000000/01004006_辕门射戟.pdf,49bfac8f-ad5c-4639-829d-be1bd24f8504,4,【第四场】,101,dialogue,dialogue,张飞,pdf_01000000__01004006___13b2265b9d__char__173560819f,白,白,白,来；念白,张飞,他本来就是狗子!,张飞（白）他本来就是狗子!
pdf_01000000__01004006___13b2265b9d,辕门射戟,pdf_01000000__01004006___13b2265b9d__line__000101,pdf_01000000__01004006___13b2265b9d__scene__004,01004006_辕门射戟.pdf,D:\University_studies\Junior\data_visualization\experiment\final_self\opera_dataset\01000000\01004006_辕门射戟.pdf,01000000/01004006_辕门射戟.pdf,49bfac8f-ad5c-4639-829d-be1bd24f8504,4,【第四场】,101,dialogue,dialogue,刘备,pdf_01000000__01004006___13b2265b9d__char__238f0dc566,白,白,白,念白,刘备,我不许你讲话!,刘备（白）我不许你讲话!
pdf_01000000__01004006___13b2265b9d,辕门射戟,pdf_01000000__01004006___13b2265b9d__line__000101,pdf_01000000__01004006___13b2265b9d__scene__004,01004006_辕门射戟.pdf,D:\University_studies\Junior\data_visualization\experiment\final_self\opera_dataset\01000000\01004006_辕门射戟.pdf,01000000/01004006_辕门射戟.pdf,49bfac8f-ad5c-4639-829d-be1bd24f8504,4,【第四场】,101,dialogue,dialogue,张飞,pdf_01000000__01004006___13b2265b9d__char__173560819f,白,白,白,念白,张飞,我就不讲话!,张飞（白）我就不讲话!
pdf_01000000__01004006___13b2265b9d,辕门射戟,pdf_01000000__01004006___13b2265b9d__line__000101,pdf_01000000__01004006___13b2265b9d__scene__004,01004006_辕门射戟.pdf,D:\University_studies\Junior\data_visualization\experiment\final_self\opera_dataset\01000000\01004006_辕门射戟.pdf,01000000/01004006_辕门射戟.pdf,49bfac8f-ad5c-4639-829d-be1bd24f8504,4,【第四场】,101,dialogue,dialogue,刘备,pdf_01000000__01004006___13b2265b9d__char__238f0dc566,白,白,白,下；坐；念白,刘备,你与我坐下!,刘备（白）你与我坐下!
pdf_01000000__01004006___13b2265b9d,辕门射戟,pdf_01000000__01004006___13b2265b9d__line__000101,pdf_01000000__01004006___13b2265b9d__scene__004,01004006_辕门射戟.pdf,D:\University_studies\Junior\data_visualization\experiment\final_self\opera_dataset\01000000\01004006_辕门射戟.pdf,01000000/01004006_辕门射戟.pdf,49bfac8f-ad5c-4639-829d-be1bd24f8504,4,【第四场】,101,dialogue,dialogue,张飞,pdf_01000000__01004006___13b2265b9d__char__173560819f,白,白,白,下；坐；念白,张飞,我就坐下!,张飞（白）我就坐下!
pdf_01000000__01004006___13b2265b9d,辕门射戟,pdf_01000000__01004006___13b2265b9d__line__000101,pdf_01000000__01004006___13b2265b9d__scene__004,01004006_辕门射戟.pdf,D:\University_studies\Junior\data_visualization\experiment\final_self\opera_dataset\01000000\01004006_辕门射戟.pdf,01000000/01004006_辕门射戟.pdf,49bfac8f-ad5c-4639-829d-be1bd24f8504,4,【第四场】,101,dialogue,dialogue,刘备,pdf_01000000__01004006___13b2265b9d__char__238f0dc566,白,白,白,念白,刘备,"温侯,","刘备（白）温侯,"
pdf_01000000__01004006___13b2265b9d,辕门射戟,pdf_01000000__01004006___13b2265b9d__line__000101,pdf_01000000__01004006___13b2265b9d__scene__004,01004006_辕门射戟.pdf,D:\University_studies\Junior\data_visualization\experiment\final_self\opera_dataset\01000000\01004006_辕门射戟.pdf,01000000/01004006_辕门射戟.pdf,49bfac8f-ad5c-4639-829d-be1bd24f8504,4,【第四场】,101,dialogue,dialogue,张飞,pdf_01000000__01004006___13b2265b9d__char__173560819f,白,白,白,念白,张飞,"哎,咦咦咦......","张飞（白）哎,咦咦咦......"
pdf_01000000__01004006___13b2265b9d,辕门射戟,pdf_01000000__01004006___13b2265b9d__line__000101,pdf_01000000__01004006___13b2265b9d__scene__004,01004006_辕门射戟.pdf,D:\University_studies\Junior\data_visualization\experiment\final_self\opera_dataset\01000000\01004006_辕门射戟.pdf,01000000/01004006_辕门射戟.pdf,49bfac8f-ad5c-4639-829d-be1bd24f8504,4,【第四场】,101,dialogue,dialogue,刘备,pdf_01000000__01004006___13b2265b9d__char__238f0dc566,白,白,白,念白,刘备,"吓,温侯,","刘备（白）吓,温侯,"
pdf_01000000__01004006___13b2265b9d,辕门射戟,pdf_01000000__01004006___13b2265b9d__line__000101,pdf_01000000__01004006___13b2265b9d__scene__004,01004006_辕门射戟.pdf,D:\University_studies\Junior\data_visualization\experiment\final_self\opera_dataset\01000000\01004006_辕门射戟.pdf,01000000/01004006_辕门射戟.pdf,49bfac8f-ad5c-4639-829d-be1bd24f8504,4,【第四场】,101,dialogue,dialogue,吕布,pdf_01000000__01004006___13b2265b9d__char__916b136e7f,白,白,白,念白,吕布,黑脸的可好?,吕布（白）黑脸的可好?
pdf_01000000__01004006___13b2265b9d,辕门射戟,pdf_01000000__01004006___13b2265b9d__line__000101,pdf_01000000__01004006___13b2265b9d__scene__004,01004006_辕门射戟.pdf,D:\University_studies\Junior\data_visualization\experiment\final_self\opera_dataset\01000000\01004006_辕门射戟.pdf,01000000/01004006_辕门射戟.pdf,49bfac8f-ad5c-4639-829d-be1bd24f8504,4,【第四场】,101,dialogue,dialogue,张飞,pdf_01000000__01004006___13b2265b9d__char__173560819f,白,白,白,念白,张飞,"俺老张无病,怎么不好?","张飞（白）俺老张无病,怎么不好?"
pdf_01000000__01004006___13b2265b9d,辕门射戟,pdf_01000000__01004006___13b2265b9d__line__000103,pdf_01000000__01004006___13b2265b9d__scene__004,01004006_辕门射戟.pdf,D:\University_studies\Junior\data_visualization\experiment\final_self\opera_dataset\01000000\01004006_辕门射戟.pdf,01000000/01004006_辕门射戟.pdf,49bfac8f-ad5c-4639-829d-be1bd24f8504,4,【第四场】,103,dialogue,dialogue,吕布,pdf_01000000__01004006___13b2265b9d__char__916b136e7f,白,白,白,念白,吕布,"身为大将,事要正办,酒要少饮。","吕布（白）身为大将,事要正办,酒要少饮。"
pdf_01000000__01004006___13b2265b9d,辕门射戟,pdf_01000000__01004006___13b2265b9d__line__000103,pdf_01000000__01004006___13b2265b9d__scene__004,01004006_辕门射戟.pdf,D:\University_studies\Junior\data_visualization\experiment\final_self\opera_dataset\01000000\01004006_辕门射戟.pdf,01000000/01004006_辕门射戟.pdf,49bfac8f-ad5c-4639-829d-be1bd24f8504,4,【第四场】,103,dialogue,dialogue,张飞,pdf_01000000__01004006___13b2265b9d__char__173560819f,白,白,白,念白,张飞,"呔,俺老张不过一时酒醉,你不该夺我徐州!","张飞（白）呔,俺老张不过一时酒醉,你不该夺我徐州!"
pdf_01000000__01004006___13b2265b9d,辕门射戟,pdf_01000000__01004006___13b2265b9d__line__000103,pdf_01000000__01004006___13b2265b9d__scene__004,01004006_辕门射戟.pdf,D:\University_studies\Junior\data_visualization\experiment\final_self\opera_dataset\01000000\01004006_辕门射戟.pdf,01000000/01004006_辕门射戟.pdf,49bfac8f-ad5c-4639-829d-be1bd24f8504,4,【第四场】,103,dialogue,dialogue,吕布,pdf_01000000__01004006___13b2265b9d__char__916b136e7f,白,白,白,念白,吕布,这个......,吕布（白）这个......
pdf_01000000__01004006___13b2265b9d,辕门射戟,pdf_01000000__01004006___13b2265b9d__line__000103,pdf_01000000__01004006___13b2265b9d__scene__004,01004006_辕门射戟.pdf,D:\University_studies\Junior\data_visualization\experiment\final_self\opera_dataset\01000000\01004006_辕门射戟.pdf,01000000/01004006_辕门射戟.pdf,49bfac8f-ad5c-4639-829d-be1bd24f8504,4,【第四场】,103,dialogue,dialogue,张飞,pdf_01000000__01004006___13b2265b9d__char__173560819f,白,白,白,念白,张飞,哪个?,张飞（白）哪个?
pdf_01000000__01004006___13b2265b9d,辕门射戟,pdf_01000000__01004006___13b2265b9d__line__000103,pdf_01000000__01004006___13b2265b9d__scene__004,01004006_辕门射戟.pdf,D:\University_studies\Junior\data_visualization\experiment\final_self\opera_dataset\01000000\01004006_辕门射戟.pdf,01000000/01004006_辕门射戟.pdf,49bfac8f-ad5c-4639-829d-be1bd24f8504,4,【第四场】,103,dialogue,dialogue,刘备,pdf_01000000__01004006___13b2265b9d__char__238f0dc566,白,白,白,念白,刘备,"吓,温侯!","刘备（白）吓,温侯!"
pdf_01000000__01004006___13b2265b9d,辕门射戟,pdf_01000000__01004006___13b2265b9d__line__000103,pdf_01000000__01004006___13b2265b9d__scene__004,01004006_辕门射戟.pdf,D:\University_studies\Junior\data_visualization\experiment\final_self\opera_dataset\01000000\01004006_辕门射戟.pdf,01000000/01004006_辕门射戟.pdf,49bfac8f-ad5c-4639-829d-be1bd24f8504,4,【第四场】,103,dialogue,dialogue,张飞,pdf_01000000__01004006___13b2265b9d__char__173560819f,白,白,白,念白,张飞,这样之人我要顶他两句!,张飞（白）这样之人我要顶他两句!
pdf_01000000__01004006___13b2265b9d,辕门射戟,pdf_01000000__01004006___13b2265b9d__line__000103,pdf_01000000__01004006___13b2265b9d__scene__004,01004006_辕门射戟.pdf,D:\University_studies\Junior\data_visualization\experiment\final_self\opera_dataset\01000000\01004006_辕门射戟.pdf,01000000/01004006_辕门射戟.pdf,49bfac8f-ad5c-4639-829d-be1bd24f8504,4,【第四场】,103,dialogue,dialogue,刘备,pdf_01000000__01004006___13b2265b9d__char__238f0dc566,白,白,白,念白,刘备,你不要讲话!,刘备（白）你不要讲话!
pdf_01000000__01004006___13b2265b9d,辕门射戟,pdf_01000000__01004006___13b2265b9d__line__000103,pdf_01000000__01004006___13b2265b9d__scene__004,01004006_辕门射戟.pdf,D:\University_studies\Junior\data_visualization\experiment\final_self\opera_dataset\01000000\01004006_辕门射戟.pdf,01000000/01004006_辕门射戟.pdf,49bfac8f-ad5c-4639-829d-be1bd24f8504,4,【第四场】,103,dialogue,dialogue,张飞,pdf_01000000__01004006___13b2265b9d__char__173560819f,白,白,白,念白,张飞,我就不讲话!,张飞（白）我就不讲话!
pdf_01000000__01004006___13b2265b9d,辕门射戟,pdf_01000000__01004006___13b2265b9d__line__000103,pdf_01000000__01004006___13b2265b9d__scene__004,01004006_辕门射戟.pdf,D:\University_studies\Junior\data_visualization\experiment\final_self\opera_dataset\01000000\01004006_辕门射戟.pdf,01000000/01004006_辕门射戟.pdf,49bfac8f-ad5c-4639-829d-be1bd24f8504,4,【第四场】,103,dialogue,dialogue,刘备,pdf_01000000__01004006___13b2265b9d__char__238f0dc566,白,白,白,下；坐；念白,刘备,你与我坐下!,刘备（白）你与我坐下!
pdf_01000000__01004006___13b2265b9d,辕门射戟,pdf_01000000__01004006___13b2265b9d__line__000103,pdf_01000000__01004006___13b2265b9d__scene__004,01004006_辕门射戟.pdf,D:\University_studies\Junior\data_visualization\experiment\final_self\opera_dataset\01000000\01004006_辕门射戟.pdf,01000000/01004006_辕门射戟.pdf,49bfac8f-ad5c-4639-829d-be1bd24f8504,4,【第四场】,103,dialogue,dialogue,张飞,pdf_01000000__01004006___13b2265b9d__char__173560819f,白,白,白,下；坐；念白,张飞,我就坐下!,张飞（白）我就坐下!
pdf_01000000__01004006___13b2265b9d,辕门射戟,pdf_01000000__01004006___13b2265b9d__line__000103,pdf_01000000__01004006___13b2265b9d__scene__004,01004006_辕门射戟.pdf,D:\University_studies\Junior\data_visualization\experiment\final_self\opera_dataset\01000000\01004006_辕门射戟.pdf,01000000/01004006_辕门射戟.pdf,49bfac8f-ad5c-4639-829d-be1bd24f8504,4,【第四场】,103,dialogue,dialogue,刘备,pdf_01000000__01004006___13b2265b9d__char__238f0dc566,白,白,白,念白,刘备,"吓,温侯,","刘备（白）吓,温侯,"
pdf_01000000__01004006___13b2265b9d,辕门射戟,pdf_01000000__01004006___13b2265b9d__line__000103,pdf_01000000__01004006___13b2265b9d__scene__004,01004006_辕门射戟.pdf,D:\University_studies\Junior\data_visualization\experiment\final_self\opera_dataset\01000000\01004006_辕门射戟.pdf,01000000/01004006_辕门射戟.pdf,49bfac8f-ad5c-4639-829d-be1bd24f8504,4,【第四场】,103,dialogue,dialogue,张飞,pdf_01000000__01004006___13b2265b9d__char__173560819f,白,白,白,下；请；坐；念白,张飞,"我坐下,你请安!","张飞（白）我坐下,你请安!"
pdf_01000000__01004006___13b2265b9d,辕门射戟,pdf_01000000__01004006___13b2265b9d__line__000103,pdf_01000000__01004006___13b2265b9d__scene__004,01004006_辕门射戟.pdf,D:\University_studies\Junior\data_visualization\experiment\final_self\opera_dataset\01000000\01004006_辕门射戟.pdf,01000000/01004006_辕门射戟.pdf,49bfac8f-ad5c-4639-829d-be1bd24f8504,4,【第四场】,103,dialogue,dialogue,刘备,pdf_01000000__01004006___13b2265b9d__char__238f0dc566,白,白,白,念白,刘备,温侯相邀我等有何见论?,刘备（白）温侯相邀我等有何见论?
pdf_01000000__01004006___13b2265b9d,辕门射戟,pdf_01000000__01004006___13b2265b9d__line__000103,pdf_01000000__01004006___13b2265b9d__scene__004,01004006_辕门射戟.pdf,D:\University_studies\Junior\data_visualization\experiment\final_self\opera_dataset\01000000\01004006_辕门射戟.pdf,01000000/01004006_辕门射戟.pdf,49bfac8f-ad5c-4639-829d-be1bd24f8504,4,【第四场】,103,dialogue,dialogue,吕布,pdf_01000000__01004006___13b2265b9d__char__916b136e7f,白,白,白,请；念白,吕布,"请使君到此,与你二家解围。","吕布（白）请使君到此,与你二家解围。"
pdf_01000000__01004006___13b2265b9d,辕门射戟,pdf_01000000__01004006___13b2265b9d__line__000103,pdf_01000000__01004006___13b2265b9d__scene__004,01004006_辕门射戟.pdf,D:\University_studies\Junior\data_visualization\experiment\final_self\opera_dataset\01000000\01004006_辕门射戟.pdf,01000000/01004006_辕门射戟.pdf,49bfac8f-ad5c-4639-829d-be1bd24f8504,4,【第四场】,103,dialogue,dialogue,刘备,pdf_01000000__01004006___13b2265b9d__char__238f0dc566,白,白,白,念白,刘备,不知怎样的解法?,刘备（白）不知怎样的解法?
pdf_01000000__01004006___13b2265b9d,辕门射戟,pdf_01000000__01004006___13b2265b9d__line__000103,pdf_01000000__01004006___13b2265b9d__scene__004,01004006_辕门射戟.pdf,D:\University_studies\Junior\data_visualization\experiment\final_self\opera_dataset\01000000\01004006_辕门射戟.pdf,01000000/01004006_辕门射戟.pdf,49bfac8f-ad5c-4639-829d-be1bd24f8504,4,【第四场】,103,dialogue,dialogue,吕布,pdf_01000000__01004006___13b2265b9d__char__916b136e7f,白,白,白,念白,吕布；纪灵,"等纪灵到此,自有定夺。","吕布（白）等纪灵到此,自有定夺。"
pdf_01000000__01004006___13b2265b9d,辕门射戟,pdf_01000000__01004006___13b2265b9d__line__000103,pdf_01000000__01004006___13b2265b9d__scene__004,01004006_辕门射戟.pdf,D:\University_studies\Junior\data_visualization\experiment\final_self\opera_dataset\01000000\01004006_辕门射戟.pdf,01000000/01004006_辕门射戟.pdf,49bfac8f-ad5c-4639-829d-be1bd24f8504,4,【第四场】,103,dialogue,dialogue,报子,pdf_01000000__01004006___13b2265b9d__char__da11a22ecc,白,白,白,念白,报子,纪将军到。,报子（白）纪将军到。
pdf_01000000__01004006___13b2265b9d,辕门射戟,pdf_01000000__01004006___13b2265b9d__line__000103,pdf_01000000__01004006___13b2265b9d__scene__004,01004006_辕门射戟.pdf,D:\University_studies\Junior\data_visualization\experiment\final_self\opera_dataset\01000000\01004006_辕门射戟.pdf,01000000/01004006_辕门射戟.pdf,49bfac8f-ad5c-4639-829d-be1bd24f8504,4,【第四场】,103,dialogue,dialogue,吕布,pdf_01000000__01004006___13b2265b9d__char__916b136e7f,白,白,白,请；念白,吕布,有请。,吕布（白）有请。
pdf_01000000__01004006___13b2265b9d,辕门射戟,pdf_01000000__01004006___13b2265b9d__line__000103,pdf_01000000__01004006___13b2265b9d__scene__004,01004006_辕门射戟.pdf,D:\University_studies\Junior\data_visualization\experiment\final_self\opera_dataset\01000000\01004006_辕门射戟.pdf,01000000/01004006_辕门射戟.pdf,49bfac8f-ad5c-4639-829d-be1bd24f8504,4,【第四场】,103,dialogue,dialogue,刘备,pdf_01000000__01004006___13b2265b9d__char__238f0dc566,白,白,白,念白,刘备,告辞。,刘备（白）告辞。
pdf_01000000__01004006___13b2265b9d,辕门射戟,pdf_01000000__01004006___13b2265b9d__line__000103,pdf_01000000__01004006___13b2265b9d__scene__004,01004006_辕门射戟.pdf,D:\University_studies\Junior\data_visualization\experiment\final_self\opera_dataset\01000000\01004006_辕门射戟.pdf,01000000/01004006_辕门射戟.pdf,49bfac8f-ad5c-4639-829d-be1bd24f8504,4,【第四场】,103,dialogue,dialogue,吕布,pdf_01000000__01004006___13b2265b9d__char__916b136e7f,白,白,白,念白,吕布,"不妨,有某担任。","吕布（白）不妨,有某担任。"
pdf_01000000__01004006___13b2265b9d,辕门射戟,pdf_01000000__01004006___13b2265b9d__line__000103,pdf_01000000__01004006___13b2265b9d__scene__004,01004006_辕门射戟.pdf,D:\University_studies\Junior\data_visualization\experiment\final_self\opera_dataset\01000000\01004006_辕门射戟.pdf,01000000/01004006_辕门射戟.pdf,49bfac8f-ad5c-4639-829d-be1bd24f8504,4,【第四场】,103,dialogue,dialogue,纪灵,pdf_01000000__01004006___13b2265b9d__char__aae21e2109,白,白,白,念白,纪灵,温侯!,纪灵（白）温侯!
pdf_01000000__01004006___13b2265b9d,辕门射戟,pdf_01000000__01004006___13b2265b9d__line__000103,pdf_01000000__01004006___13b2265b9d__scene__004,01004006_辕门射戟.pdf,D:\University_studies\Junior\data_visualization\experiment\final_self\opera_dataset\01000000\01004006_辕门射戟.pdf,01000000/01004006_辕门射戟.pdf,49bfac8f-ad5c-4639-829d-be1bd24f8504,4,【第四场】,103,dialogue,dialogue,吕布,pdf_01000000__01004006___13b2265b9d__char__916b136e7f,白,白,白,念白,吕布,将军。,吕布（白）将军。
pdf_01000000__01004006___13b2265b9d,辕门射戟,pdf_01000000__01004006___13b2265b9d__line__000103,pdf_01000000__01004006___13b2265b9d__scene__004,01004006_辕门射戟.pdf,D:\University_studies\Junior\data_visualization\experiment\final_self\opera_dataset\01000000\01004006_辕门射戟.pdf,01000000/01004006_辕门射戟.pdf,49bfac8f-ad5c-4639-829d-be1bd24f8504,4,【第四场】,103,dialogue,dialogue,吕布,pdf_01000000__01004006___13b2265b9d__char__916b136e7f,同白,白,同白,请；念白,吕布,请。,吕布（同白）请。
pdf_01000000__01004006___13b2265b9d,辕门射戟,pdf_01000000__01004006___13b2265b9d__line__000103,pdf_01000000__01004006___13b2265b9d__scene__004,01004006_辕门射戟.pdf,D:\University_studies\Junior\data_visualization\experiment\final_self\opera_dataset\01000000\01004006_辕门射戟.pdf,01000000/01004006_辕门射戟.pdf,49bfac8f-ad5c-4639-829d-be1bd24f8504,4,【第四场】,103,dialogue,dialogue,纪灵,pdf_01000000__01004006___13b2265b9d__char__aae21e2109,白,白,白,念白,纪灵,告辞。,纪灵（白）告辞。
pdf_01000000__01004006___13b2265b9d,辕门射戟,pdf_01000000__01004006___13b2265b9d__line__000103,pdf_01000000__01004006___13b2265b9d__scene__004,01004006_辕门射戟.pdf,D:\University_studies\Junior\data_visualization\experiment\final_self\opera_dataset\01000000\01004006_辕门射戟.pdf,01000000/01004006_辕门射戟.pdf,49bfac8f-ad5c-4639-829d-be1bd24f8504,4,【第四场】,103,dialogue,dialogue,吕布,pdf_01000000__01004006___13b2265b9d__char__916b136e7f,白,白,白,去；念白,吕布,"且慢,为何去心太急?","吕布（白）且慢,为何去心太急?"
pdf_01000000__01004006___13b2265b9d,辕门射戟,pdf_01000000__01004006___13b2265b9d__line__000103,pdf_01000000__01004006___13b2265b9d__scene__004,01004006_辕门射戟.pdf,D:\University_studies\Junior\data_visualization\experiment\final_self\opera_dataset\01000000\01004006_辕门射戟.pdf,01000000/01004006_辕门射戟.pdf,49bfac8f-ad5c-4639-829d-be1bd24f8504,4,【第四场】,103,dialogue,dialogue,纪灵,pdf_01000000__01004006___13b2265b9d__char__aae21e2109,白,白,白,念白,纪灵,营中有事。,纪灵（白）营中有事。
pdf_01000000__01004006___13b2265b9d,辕门射戟,pdf_01000000__01004006___13b2265b9d__line__000103,pdf_01000000__01004006___13b2265b9d__scene__004,01004006_辕门射戟.pdf,D:\University_studies\Junior\data_visualization\experiment\final_self\opera_dataset\01000000\01004006_辕门射戟.pdf,01000000/01004006_辕门射戟.pdf,49bfac8f-ad5c-4639-829d-be1bd24f8504,4,【第四场】,103,dialogue,dialogue,吕布,pdf_01000000__01004006___13b2265b9d__char__916b136e7f,白,白,白,下；来；坐；念白,吕布,"吓,营中有事,你就不该来,坐下了!","吕布（白）吓,营中有事,你就不该来,坐下了!"
pdf_01000000__01004006___13b2265b9d,辕门射戟,pdf_01000000__01004006___13b2265b9d__line__000103,pdf_01000000__01004006___13b2265b9d__scene__004,01004006_辕门射戟.pdf,D:\University_studies\Junior\data_visualization\experiment\final_self\opera_dataset\01000000\01004006_辕门射戟.pdf,01000000/01004006_辕门射戟.pdf,49bfac8f-ad5c-4639-829d-be1bd24f8504,4,【第四场】,103,dialogue,dialogue,纪灵,pdf_01000000__01004006___13b2265b9d__char__aae21e2109,白,白,白,坐；念白,纪灵,"有坐,温侯敢是欺某?","纪灵（白）有坐,温侯敢是欺某?"
pdf_01000000__01004006___13b2265b9d,辕门射戟,pdf_01000000__01004006___13b2265b9d__line__000103,pdf_01000000__01004006___13b2265b9d__scene__004,01004006_辕门射戟.pdf,D:\University_studies\Junior\data_visualization\experiment\final_self\opera_dataset\01000000\01004006_辕门射戟.pdf,01000000/01004006_辕门射戟.pdf,49bfac8f-ad5c-4639-829d-be1bd24f8504,4,【第四场】,103,dialogue,dialogue,吕布,pdf_01000000__01004006___13b2265b9d__char__916b136e7f,白,白,白,请；坐；念白,吕布,"非也,俺无霸王之勇,不过与你二家解围,不必多疑,请坐。","吕布（白）非也,俺无霸王之勇,不过与你二家解围,不必多疑,请坐。"
pdf_01000000__01004006___13b2265b9d,辕门射戟,pdf_01000000__01004006___13b2265b9d__line__000103,pdf_01000000__01004006___13b2265b9d__scene__004,01004006_辕门射戟.pdf,D:\University_studies\Junior\data_visualization\experiment\final_self\opera_dataset\01000000\01004006_辕门射戟.pdf,01000000/01004006_辕门射戟.pdf,49bfac8f-ad5c-4639-829d-be1bd24f8504,4,【第四场】,103,dialogue,dialogue,纪灵,pdf_01000000__01004006___13b2265b9d__char__aae21e2109,白,白,白,念白,纪灵,但不知怎样的解法?,纪灵（白）但不知怎样的解法?
pdf_01000000__01004006___13b2265b9d,辕门射戟,pdf_01000000__01004006___13b2265b9d__line__000103,pdf_01000000__01004006___13b2265b9d__scene__004,01004006_辕门射戟.pdf,D:\University_studies\Junior\data_visualization\experiment\final_self\opera_dataset\01000000\01004006_辕门射戟.pdf,01000000/01004006_辕门射戟.pdf,49bfac8f-ad5c-4639-829d-be1bd24f8504,4,【第四场】,103,dialogue,dialogue,吕布,pdf_01000000__01004006___13b2265b9d__char__916b136e7f,白,白,白,念白,吕布,"宴罢之后,再为定夺。刘使君见过纪将军。","吕布（白）宴罢之后,再为定夺。刘使君见过纪将军。"
pdf_01000000__01004006___13b2265b9d,辕门射戟,pdf_01000000__01004006___13b2265b9d__line__000103,pdf_01000000__01004006___13b2265b9d__scene__004,01004006_辕门射戟.pdf,D:\University_studies\Junior\data_visualization\experiment\final_self\opera_dataset\01000000\01004006_辕门射戟.pdf,01000000/01004006_辕门射戟.pdf,49bfac8f-ad5c-4639-829d-be1bd24f8504,4,【第四场】,103,dialogue,dialogue,刘备,pdf_01000000__01004006___13b2265b9d__char__238f0dc566,白,白,白,念白,刘备,"吓,纪将军,","刘备（白）吓,纪将军,"
pdf_01000000__01004006___13b2265b9d,辕门射戟,pdf_01000000__01004006___13b2265b9d__line__000103,pdf_01000000__01004006___13b2265b9d__scene__004,01004006_辕门射戟.pdf,D:\University_studies\Junior\data_visualization\experiment\final_self\opera_dataset\01000000\01004006_辕门射戟.pdf,01000000/01004006_辕门射戟.pdf,49bfac8f-ad5c-4639-829d-be1bd24f8504,4,【第四场】,103,dialogue,dialogue,纪灵,pdf_01000000__01004006___13b2265b9d__char__aae21e2109,白,白,白,念白,纪灵,哪个与你见礼!,纪灵（白）哪个与你见礼!
pdf_01000000__01004006___13b2265b9d,辕门射戟,pdf_01000000__01004006___13b2265b9d__line__000103,pdf_01000000__01004006___13b2265b9d__scene__004,01004006_辕门射戟.pdf,D:\University_studies\Junior\data_visualization\experiment\final_self\opera_dataset\01000000\01004006_辕门射戟.pdf,01000000/01004006_辕门射戟.pdf,49bfac8f-ad5c-4639-829d-be1bd24f8504,4,【第四场】,103,dialogue,dialogue,吕布,pdf_01000000__01004006___13b2265b9d__char__916b136e7f,白,白,白,下；来；道；念白,吕布,"宴罢之后,自有道理。来,将宴摆下。","吕布（白）宴罢之后,自有道理。来,将宴摆下。"
pdf_01000000__01004006___13b2265b9d,辕门射戟,pdf_01000000__01004006___13b2265b9d__line__000103,pdf_01000000__01004006___13b2265b9d__scene__004,01004006_辕门射戟.pdf,D:\University_studies\Junior\data_visualization\experiment\final_self\opera_dataset\01000000\01004006_辕门射戟.pdf,01000000/01004006_辕门射戟.pdf,49bfac8f-ad5c-4639-829d-be1bd24f8504,4,【第四场】,103,dialogue,dialogue,张飞,pdf_01000000__01004006___13b2265b9d__char__173560819f,白,白,白,念白,张飞,哇呀!,张飞（白）哇呀!
pdf_01000000__01004006___13b2265b9d,辕门射戟,pdf_01000000__01004006___13b2265b9d__line__000103,pdf_01000000__01004006___13b2265b9d__scene__004,01004006_辕门射戟.pdf,D:\University_studies\Junior\data_visualization\experiment\final_self\opera_dataset\01000000\01004006_辕门射戟.pdf,01000000/01004006_辕门射戟.pdf,49bfac8f-ad5c-4639-829d-be1bd24f8504,4,【第四场】,103,dialogue,dialogue,纪灵,pdf_01000000__01004006___13b2265b9d__char__aae21e2109,白,白,白,念白,纪灵,是哪里响雷?,纪灵（白）是哪里响雷?
pdf_01000000__01004006___13b2265b9d,辕门射戟,pdf_01000000__01004006___13b2265b9d__line__000103,pdf_01000000__01004006___13b2265b9d__scene__004,01004006_辕门射戟.pdf,D:\University_studies\Junior\data_visualization\experiment\final_self\opera_dataset\01000000\01004006_辕门射戟.pdf,01000000/01004006_辕门射戟.pdf,49bfac8f-ad5c-4639-829d-be1bd24f8504,4,【第四场】,103,dialogue,dialogue,龙套,pdf_01000000__01004006___13b2265b9d__char__dfb729e051,白,白,白,念白,龙套,张将军虎威。,龙套（白）张将军虎威。
pdf_01000000__01004006___13b2265b9d,辕门射戟,pdf_01000000__01004006___13b2265b9d__line__000103,pdf_01000000__01004006___13b2265b9d__scene__004,01004006_辕门射戟.pdf,D:\University_studies\Junior\data_visualization\experiment\final_self\opera_dataset\01000000\01004006_辕门射戟.pdf,01000000/01004006_辕门射戟.pdf,49bfac8f-ad5c-4639-829d-be1bd24f8504,4,【第四场】,103,dialogue,dialogue,纪灵,pdf_01000000__01004006___13b2265b9d__char__aae21e2109,白,白,白,念白,纪灵,吓了我一跳!,纪灵（白）吓了我一跳!
pdf_01000000__01004006___13b2265b9d,辕门射戟,pdf_01000000__01004006___13b2265b9d__line__000103,pdf_01000000__01004006___13b2265b9d__scene__004,01004006_辕门射戟.pdf,D:\University_studies\Junior\data_visualization\experiment\final_self\opera_dataset\01000000\01004006_辕门射戟.pdf,01000000/01004006_辕门射戟.pdf,49bfac8f-ad5c-4639-829d-be1bd24f8504,4,【第四场】,103,dialogue,dialogue,张飞,pdf_01000000__01004006___13b2265b9d__char__173560819f,白,白,白,来；念白,张飞,原来是草包!,张飞（白）原来是草包!
pdf_01000000__01004006___13b2265b9d,辕门射戟,pdf_01000000__01004006___13b2265b9d__line__000103,pdf_01000000__01004006___13b2265b9d__scene__004,01004006_辕门射戟.pdf,D:\University_studies\Junior\data_visualization\experiment\final_self\opera_dataset\01000000\01004006_辕门射戟.pdf,01000000/01004006_辕门射戟.pdf,49bfac8f-ad5c-4639-829d-be1bd24f8504,4,【第四场】,103,lyric,lyric,吕布,pdf_01000000__01004006___13b2265b9d__char__916b136e7f,西皮摇板,唱,西皮摇板,唱段,吕布,只为和好免争强。,吕布（西皮摇板）只为和好免争强。
pdf_01000000__01004006___13b2265b9d,辕门射戟,pdf_01000000__01004006___13b2265b9d__line__000103,pdf_01000000__01004006___13b2265b9d__scene__004,01004006_辕门射戟.pdf,D:\University_studies\Junior\data_visualization\experiment\final_self\opera_dataset\01000000\01004006_辕门射戟.pdf,01000000/01004006_辕门射戟.pdf,49bfac8f-ad5c-4639-829d-be1bd24f8504,4,【第四场】,103,lyric,lyric,纪灵,pdf_01000000__01004006___13b2265b9d__char__aae21e2109,西皮摇板,唱,西皮摇板,唱段,纪灵,"多蒙温侯赐琼浆,","纪灵（西皮摇板）多蒙温侯赐琼浆,"
pdf_01000000__01004006___13b2265b9d,辕门射戟,pdf_01000000__01004006___13b2265b9d__line__000105,pdf_01000000__01004006___13b2265b9d__scene__004,01004006_辕门射戟.pdf,D:\University_studies\Junior\data_visualization\experiment\final_self\opera_dataset\01000000\01004006_辕门射戟.pdf,01000000/01004006_辕门射戟.pdf,49bfac8f-ad5c-4639-829d-be1bd24f8504,4,【第四场】,105,lyric,lyric,刘备,pdf_01000000__01004006___13b2265b9d__char__238f0dc566,西皮摇板,唱,西皮摇板,上；退；走；来；唱段,刘备,"走上前来忙告退,今日此宴难奉陪。","刘备（西皮摇板）走上前来忙告退,今日此宴难奉陪。"
pdf_01000000__01004006___13b2265b9d,辕门射戟,pdf_01000000__01004006___13b2265b9d__line__000105,pdf_01000000__01004006___13b2265b9d__scene__004,01004006_辕门射戟.pdf,D:\University_studies\Junior\data_visualization\experiment\final_self\opera_dataset\01000000\01004006_辕门射戟.pdf,01000000/01004006_辕门射戟.pdf,49bfac8f-ad5c-4639-829d-be1bd24f8504,4,【第四场】,105,dialogue,dialogue,纪灵,pdf_01000000__01004006___13b2265b9d__char__aae21e2109,白,白,白,下；杀；念白,纪灵,"帐下听真:有人不服者,要杀抬枪,要战何惧!","纪灵（白）帐下听真:有人不服者,要杀抬枪,要战何惧!"
pdf_01000000__01004006___13b2265b9d,辕门射戟,pdf_01000000__01004006___13b2265b9d__line__000105,pdf_01000000__01004006___13b2265b9d__scene__004,01004006_辕门射戟.pdf,D:\University_studies\Junior\data_visualization\experiment\final_self\opera_dataset\01000000\01004006_辕门射戟.pdf,01000000/01004006_辕门射戟.pdf,49bfac8f-ad5c-4639-829d-be1bd24f8504,4,【第四场】,105,dialogue,dialogue,张飞,pdf_01000000__01004006___13b2265b9d__char__173560819f,白,白,白,打；念白,张飞；纪灵,"吠,纪灵!想你带领不过十万之众,可记得大破黄巾雄兵百万,被俺枪挑鞭打!","张飞（白）吠,纪灵!想你带领不过十万之众,可记得大破黄巾雄兵百万,被俺枪挑鞭打!"
pdf_01000000__01004006___13b2265b9d,辕门射戟,pdf_01000000__01004006___13b2265b9d__line__000105,pdf_01000000__01004006___13b2265b9d__scene__004,01004006_辕门射戟.pdf,D:\University_studies\Junior\data_visualization\experiment\final_self\opera_dataset\01000000\01004006_辕门射戟.pdf,01000000/01004006_辕门射戟.pdf,49bfac8f-ad5c-4639-829d-be1bd24f8504,4,【第四场】,105,dialogue,dialogue,纪灵,pdf_01000000__01004006___13b2265b9d__char__aae21e2109,白,白,白,上；来；念白,纪灵,你敢上来?,纪灵（白）你敢上来?
pdf_01000000__01004006___13b2265b9d,辕门射戟,pdf_01000000__01004006___13b2265b9d__line__000105,pdf_01000000__01004006___13b2265b9d__scene__004,01004006_辕门射戟.pdf,D:\University_studies\Junior\data_visualization\experiment\final_self\opera_dataset\01000000\01004006_辕门射戟.pdf,01000000/01004006_辕门射戟.pdf,49bfac8f-ad5c-4639-829d-be1bd24f8504,4,【第四场】,105,dialogue,dialogue,张飞,pdf_01000000__01004006___13b2265b9d__char__173560819f,白,白,白,下；来；念白,张飞,你敢下来?,张飞（白）你敢下来?
pdf_01000000__01004006___13b2265b9d,辕门射戟,pdf_01000000__01004006___13b2265b9d__line__000105,pdf_01000000__01004006___13b2265b9d__scene__004,01004006_辕门射戟.pdf,D:\University_studies\Junior\data_visualization\experiment\final_self\opera_dataset\01000000\01004006_辕门射戟.pdf,01000000/01004006_辕门射戟.pdf,49bfac8f-ad5c-4639-829d-be1bd24f8504,4,【第四场】,105,dialogue,dialogue,吕布,pdf_01000000__01004006___13b2265b9d__char__916b136e7f,白,白,白,来；叫；念白,吕布,"且慢,与你两家解围,谁叫你等争斗起来!","吕布（白）且慢,与你两家解围,谁叫你等争斗起来!"
pdf_01000000__01004006___13b2265b9d,辕门射戟,pdf_01000000__01004006___13b2265b9d__line__000105,pdf_01000000__01004006___13b2265b9d__scene__004,01004006_辕门射戟.pdf,D:\University_studies\Junior\data_visualization\experiment\final_self\opera_dataset\01000000\01004006_辕门射戟.pdf,01000000/01004006_辕门射戟.pdf,49bfac8f-ad5c-4639-829d-be1bd24f8504,4,【第四场】,105,dialogue,dialogue,纪灵,pdf_01000000__01004006___13b2265b9d__char__aae21e2109,白,白,白,念白,纪灵,不知怎样的解法?,纪灵（白）不知怎样的解法?
pdf_01000000__01004006___13b2265b9d,辕门射戟,pdf_01000000__01004006___13b2265b9d__line__000105,pdf_01000000__01004006___13b2265b9d__scene__004,01004006_辕门射戟.pdf,D:\University_studies\Junior\data_visualization\experiment\final_self\opera_dataset\01000000\01004006_辕门射戟.pdf,01000000/01004006_辕门射戟.pdf,49bfac8f-ad5c-4639-829d-be1bd24f8504,4,【第四场】,105,dialogue,dialogue,吕布,pdf_01000000__01004006___13b2265b9d__char__916b136e7f,白,白,白,立；收；射；念白,吕布,"辕门之外立一方天画戟,本侯一箭箭射中心,你两家收兵回转......","吕布（白）辕门之外立一方天画戟,本侯一箭箭射中心,你两家收兵回转......"
pdf_01000000__01004006___13b2265b9d,辕门射戟,pdf_01000000__01004006___13b2265b9d__line__000105,pdf_01000000__01004006___13b2265b9d__scene__004,01004006_辕门射戟.pdf,D:\University_studies\Junior\data_visualization\experiment\final_self\opera_dataset\01000000\01004006_辕门射戟.pdf,01000000/01004006_辕门射戟.pdf,49bfac8f-ad5c-4639-829d-be1bd24f8504,4,【第四场】,105,dialogue,dialogue,纪灵,pdf_01000000__01004006___13b2265b9d__char__aae21e2109,白,白,白,念白,纪灵,倘若不中?,纪灵（白）倘若不中?
pdf_01000000__01004006___13b2265b9d,辕门射戟,pdf_01000000__01004006___13b2265b9d__line__000105,pdf_01000000__01004006___13b2265b9d__scene__004,01004006_辕门射戟.pdf,D:\University_studies\Junior\data_visualization\experiment\final_self\opera_dataset\01000000\01004006_辕门射戟.pdf,01000000/01004006_辕门射戟.pdf,49bfac8f-ad5c-4639-829d-be1bd24f8504,4,【第四场】,105,dialogue,dialogue,吕布,pdf_01000000__01004006___13b2265b9d__char__916b136e7f,白,白,白,念白,吕布,但凭你二家所为。,吕布（白）但凭你二家所为。
pdf_01000000__01004006___13b2265b9d,辕门射戟,pdf_01000000__01004006___13b2265b9d__line__000105,pdf_01000000__01004006___13b2265b9d__scene__004,01004006_辕门射戟.pdf,D:\University_studies\Junior\data_visualization\experiment\final_self\opera_dataset\01000000\01004006_辕门射戟.pdf,01000000/01004006_辕门射戟.pdf,49bfac8f-ad5c-4639-829d-be1bd24f8504,4,【第四场】,105,dialogue,dialogue,纪灵,pdf_01000000__01004006___13b2265b9d__char__aae21e2109,白,白,白,道；立；收；射；念白,纪灵,"告便。且住,温候言道,辕门之外,立一方天画戟,箭射红心,我两家收兵回转。","纪灵（白）告便。且住,温候言道,辕门之外,立一方天画戟,箭射红心,我两家收兵回转。"
pdf_01000000__01004006___13b2265b9d,辕门射戟,pdf_01000000__01004006___13b2265b9d__line__000105,pdf_01000000__01004006___13b2265b9d__scene__004,01004006_辕门射戟.pdf,D:\University_studies\Junior\data_visualization\experiment\final_self\opera_dataset\01000000\01004006_辕门射戟.pdf,01000000/01004006_辕门射戟.pdf,49bfac8f-ad5c-4639-829d-be1bd24f8504,4,【第四场】,105,dialogue,dialogue,刘备、关羽,pdf_01000000__01004006___13b2265b9d__char__68e9f54783,同白,白,同白,射；念白,刘备、关羽；刘备,但愿得射得着。,刘备、关羽（同白）但愿得射得着。
pdf_01000000__01004006___13b2265b9d,辕门射戟,pdf_01000000__01004006___13b2265b9d__line__000105,pdf_01000000__01004006___13b2265b9d__scene__004,01004006_辕门射戟.pdf,D:\University_studies\Junior\data_visualization\experiment\final_self\opera_dataset\01000000\01004006_辕门射戟.pdf,01000000/01004006_辕门射戟.pdf,49bfac8f-ad5c-4639-829d-be1bd24f8504,4,【第四场】,105,dialogue,dialogue,纪灵,pdf_01000000__01004006___13b2265b9d__char__aae21e2109,白,白,白,念白,纪灵,但凭温侯。,纪灵（白）但凭温侯。
pdf_01000000__01004006___13b2265b9d,辕门射戟,pdf_01000000__01004006___13b2265b9d__line__000105,pdf_01000000__01004006___13b2265b9d__scene__004,01004006_辕门射戟.pdf,D:\University_studies\Junior\data_visualization\experiment\final_self\opera_dataset\01000000\01004006_辕门射戟.pdf,01000000/01004006_辕门射戟.pdf,49bfac8f-ad5c-4639-829d-be1bd24f8504,4,【第四场】,105,dialogue,dialogue,吕布,pdf_01000000__01004006___13b2265b9d__char__916b136e7f,白,白,白,念白,吕布,有佔了!,吕布（白）有佔了!
pdf_01000000__01004006___13b2265b9d,辕门射戟,pdf_01000000__01004006___13b2265b9d__line__000105,pdf_01000000__01004006___13b2265b9d__scene__004,01004006_辕门射戟.pdf,D:\University_studies\Junior\data_visualization\experiment\final_self\opera_dataset\01000000\01004006_辕门射戟.pdf,01000000/01004006_辕门射戟.pdf,49bfac8f-ad5c-4639-829d-be1bd24f8504,4,【第四场】,105,lyric,lyric,刘备,pdf_01000000__01004006___13b2265b9d__char__238f0dc566,西皮快板,唱,西皮快板,上；来；扶；唱段,刘备,"汉刘备上前来祝告神威:但愿得老天爷扶保刘备,","刘备（西皮快板）汉刘备上前来祝告神威:但愿得老天爷扶保刘备,"
pdf_01000000__01004006___13b2265b9d,辕门射戟,pdf_01000000__01004006___13b2265b9d__line__000105,pdf_01000000__01004006___13b2265b9d__scene__004,01004006_辕门射戟.pdf,D:\University_studies\Junior\data_visualization\experiment\final_self\opera_dataset\01000000\01004006_辕门射戟.pdf,01000000/01004006_辕门射戟.pdf,49bfac8f-ad5c-4639-829d-be1bd24f8504,4,【第四场】,105,lyric,lyric,吕布,pdf_01000000__01004006___13b2265b9d__char__916b136e7f,西皮快板,唱,西皮快板,上；唱段,吕布,"使君休要心发愁。双手搭上珠红扣,","吕布（西皮快板）使君休要心发愁。双手搭上珠红扣,"
pdf_01000000__01004006___13b2265b9d,辕门射戟,pdf_01000000__01004006___13b2265b9d__line__000105,pdf_01000000__01004006___13b2265b9d__scene__004,01004006_辕门射戟.pdf,D:\University_studies\Junior\data_visualization\experiment\final_self\opera_dataset\01000000\01004006_辕门射戟.pdf,01000000/01004006_辕门射戟.pdf,49bfac8f-ad5c-4639-829d-be1bd24f8504,4,【第四场】,105,dialogue,dialogue,吕布,pdf_01000000__01004006___13b2265b9d__char__916b136e7f,笑,做,笑,笑,吕布,哈哈哈!,吕布（笑）哈哈哈!
pdf_01000000__01004006___13b2265b9d,辕门射戟,pdf_01000000__01004006___13b2265b9d__line__000105,pdf_01000000__01004006___13b2265b9d__scene__004,01004006_辕门射戟.pdf,D:\University_studies\Junior\data_visualization\experiment\final_self\opera_dataset\01000000\01004006_辕门射戟.pdf,01000000/01004006_辕门射戟.pdf,49bfac8f-ad5c-4639-829d-be1bd24f8504,4,【第四场】,105,dialogue,dialogue,纪灵,pdf_01000000__01004006___13b2265b9d__char__aae21e2109,白,白,白,念白,纪灵,想我怎样回复我主?,纪灵（白）想我怎样回复我主?
pdf_01000000__01004006___13b2265b9d,辕门射戟,pdf_01000000__01004006___13b2265b9d__line__000105,pdf_01000000__01004006___13b2265b9d__scene__004,01004006_辕门射戟.pdf,D:\University_studies\Junior\data_visualization\experiment\final_self\opera_dataset\01000000\01004006_辕门射戟.pdf,01000000/01004006_辕门射戟.pdf,49bfac8f-ad5c-4639-829d-be1bd24f8504,4,【第四场】,105,dialogue,dialogue,吕布,pdf_01000000__01004006___13b2265b9d__char__916b136e7f,白,白,白,下；念白,吕布,"待我修下书信,回复你主。","吕布（白）待我修下书信,回复你主。"
pdf_01000000__01004006___13b2265b9d,辕门射戟,pdf_01000000__01004006___13b2265b9d__line__000105,pdf_01000000__01004006___13b2265b9d__scene__004,01004006_辕门射戟.pdf,D:\University_studies\Junior\data_visualization\experiment\final_self\opera_dataset\01000000\01004006_辕门射戟.pdf,01000000/01004006_辕门射戟.pdf,49bfac8f-ad5c-4639-829d-be1bd24f8504,4,【第四场】,105,dialogue,dialogue,纪灵,pdf_01000000__01004006___13b2265b9d__char__aae21e2109,白,白,白,念白,纪灵,但凭温侯。,纪灵（白）但凭温侯。
pdf_01000000__01004006___13b2265b9d,辕门射戟,pdf_01000000__01004006___13b2265b9d__line__000105,pdf_01000000__01004006___13b2265b9d__scene__004,01004006_辕门射戟.pdf,D:\University_studies\Junior\data_visualization\experiment\final_self\opera_dataset\01000000\01004006_辕门射戟.pdf,01000000/01004006_辕门射戟.pdf,49bfac8f-ad5c-4639-829d-be1bd24f8504,4,【第四场】,105,dialogue,dialogue,吕布,pdf_01000000__01004006___13b2265b9d__char__916b136e7f,白,白,白,念白,吕布,浓墨伺候。,吕布（白）浓墨伺候。
pdf_01000000__01004006___13b2265b9d,辕门射戟,pdf_01000000__01004006___13b2265b9d__line__000105,pdf_01000000__01004006___13b2265b9d__scene__004,01004006_辕门射戟.pdf,D:\University_studies\Junior\data_visualization\experiment\final_self\opera_dataset\01000000\01004006_辕门射戟.pdf,01000000/01004006_辕门射戟.pdf,49bfac8f-ad5c-4639-829d-be1bd24f8504,4,【第四场】,105,lyric,lyric,纪灵,pdf_01000000__01004006___13b2265b9d__char__aae21e2109,西皮快板,唱,西皮快板,上；走；来；命；唱段,纪灵,"纪灵接书面带愧,背转身来把胸槌。上前施个分别礼,奉命夺沛空走一回。","纪灵（西皮快板）纪灵接书面带愧,背转身来把胸槌。上前施个分别礼,奉命夺沛空走一回。"
pdf_01000000__01004006___13b2265b9d,辕门射戟,pdf_01000000__01004006___13b2265b9d__line__000105,pdf_01000000__01004006___13b2265b9d__scene__004,01004006_辕门射戟.pdf,D:\University_studies\Junior\data_visualization\experiment\final_self\opera_dataset\01000000\01004006_辕门射戟.pdf,01000000/01004006_辕门射戟.pdf,49bfac8f-ad5c-4639-829d-be1bd24f8504,4,【第四场】,105,lyric,lyric,吕布,pdf_01000000__01004006___13b2265b9d__char__916b136e7f,西皮快板,唱,西皮快板,射；唱段,吕布,"这一箭射却了百万雄队,","吕布（西皮快板）这一箭射却了百万雄队,"
pdf_01000000__01004006___13b2265b9d,辕门射戟,pdf_01000000__01004006___13b2265b9d__line__000105,pdf_01000000__01004006___13b2265b9d__scene__004,01004006_辕门射戟.pdf,D:\University_studies\Junior\data_visualization\experiment\final_self\opera_dataset\01000000\01004006_辕门射戟.pdf,01000000/01004006_辕门射戟.pdf,49bfac8f-ad5c-4639-829d-be1bd24f8504,4,【第四场】,105,lyric,lyric,刘备,pdf_01000000__01004006___13b2265b9d__char__238f0dc566,西皮快板,唱,西皮快板,唱段,刘备,吕温侯可算得将中之魁!,刘备（西皮快板）吕温侯可算得将中之魁!
pdf_01000000__01004006___13b2265b9d,辕门射戟,pdf_01000000__01004006___13b2265b9d__line__000105,pdf_01000000__01004006___13b2265b9d__scene__004,01004006_辕门射戟.pdf,D:\University_studies\Junior\data_visualization\experiment\final_self\opera_dataset\01000000\01004006_辕门射戟.pdf,01000000/01004006_辕门射戟.pdf,49bfac8f-ad5c-4639-829d-be1bd24f8504,4,【第四场】,105,dialogue,dialogue,吕布,pdf_01000000__01004006___13b2265b9d__char__916b136e7f,白,白,白,来；射；念白,吕布,"使君,后来若有得地之日,切不可忘却了辕门射戟的情由!","吕布（白）使君,后来若有得地之日,切不可忘却了辕门射戟的情由!"
pdf_01000000__01004006___13b2265b9d,辕门射戟,pdf_01000000__01004006___13b2265b9d__line__000105,pdf_01000000__01004006___13b2265b9d__scene__004,01004006_辕门射戟.pdf,D:\University_studies\Junior\data_visualization\experiment\final_self\opera_dataset\01000000\01004006_辕门射戟.pdf,01000000/01004006_辕门射戟.pdf,49bfac8f-ad5c-4639-829d-be1bd24f8504,4,【第四场】,105,dialogue,dialogue,刘备,pdf_01000000__01004006___13b2265b9d__char__238f0dc566,白,白,白,来；射；念白,刘备,"温侯,后来忘了辕门射戟情由,这天......","刘备（白）温侯,后来忘了辕门射戟情由,这天......"
pdf_01000000__01004006___13b2265b9d,辕门射戟,pdf_01000000__01004006___13b2265b9d__line__000105,pdf_01000000__01004006___13b2265b9d__scene__004,01004006_辕门射戟.pdf,D:\University_studies\Junior\data_visualization\experiment\final_self\opera_dataset\01000000\01004006_辕门射戟.pdf,01000000/01004006_辕门射戟.pdf,49bfac8f-ad5c-4639-829d-be1bd24f8504,4,【第四场】,105,dialogue,dialogue,张飞,pdf_01000000__01004006___13b2265b9d__char__173560819f,白,白,白,去；念白,张飞,"大哥天色不早了,你我弟兄回去了!","张飞（白）大哥天色不早了,你我弟兄回去了!"
pdf_01000000__01004006___13b2265b9d,辕门射戟,pdf_01000000__01004006___13b2265b9d__line__000105,pdf_01000000__01004006___13b2265b9d__scene__004,01004006_辕门射戟.pdf,D:\University_studies\Junior\data_visualization\experiment\final_self\opera_dataset\01000000\01004006_辕门射戟.pdf,01000000/01004006_辕门射戟.pdf,49bfac8f-ad5c-4639-829d-be1bd24f8504,4,【第四场】,105,dialogue,dialogue,报子,pdf_01000000__01004006___13b2265b9d__char__da11a22ecc,白,白,白,念白,纪灵；报子,纪灵讨战。,报子（白）纪灵讨战。
pdf_01000000__01004006___13b2265b9d,辕门射戟,pdf_01000000__01004006___13b2265b9d__line__000105,pdf_01000000__01004006___13b2265b9d__scene__004,01004006_辕门射戟.pdf,D:\University_studies\Junior\data_visualization\experiment\final_self\opera_dataset\01000000\01004006_辕门射戟.pdf,01000000/01004006_辕门射戟.pdf,49bfac8f-ad5c-4639-829d-be1bd24f8504,4,【第四场】,105,dialogue,dialogue,吕布,pdf_01000000__01004006___13b2265b9d__char__916b136e7f,白,白,白,念白,吕布,再探!,吕布（白）再探!
pdf_01000000__01004006___13b2265b9d,辕门射戟,pdf_01000000__01004006___13b2265b9d__line__000107,pdf_01000000__01004006___13b2265b9d__scene__004,01004006_辕门射戟.pdf,D:\University_studies\Junior\data_visualization\experiment\final_self\opera_dataset\01000000\01004006_辕门射戟.pdf,01000000/01004006_辕门射戟.pdf,49bfac8f-ad5c-4639-829d-be1bd24f8504,4,【第四场】,107,dialogue,dialogue,张飞,pdf_01000000__01004006___13b2265b9d__char__173560819f,同白,白,同白,念白,张飞,待俺弟兄出马！,张飞 （同白） 待俺弟兄出马！
pdf_01000000__01004006___13b2265b9d,辕门射戟,pdf_01000000__01004006___13b2265b9d__line__000109,pdf_01000000__01004006___13b2265b9d__scene__004,01004006_辕门射戟.pdf,D:\University_studies\Junior\data_visualization\experiment\final_self\opera_dataset\01000000\01004006_辕门射戟.pdf,01000000/01004006_辕门射戟.pdf,49bfac8f-ad5c-4639-829d-be1bd24f8504,4,【第四场】,109,dialogue,dialogue,吕布,pdf_01000000__01004006___13b2265b9d__char__916b136e7f,白,白,白,请；念白,吕布,且慢，请在后面。,吕布 （白） 且慢，请在后面。
pdf_01000000__01004006___13b2265b9d,辕门射戟,pdf_01000000__01004006___13b2265b9d__line__000111,pdf_01000000__01004006___13b2265b9d__scene__004,01004006_辕门射戟.pdf,D:\University_studies\Junior\data_visualization\experiment\final_self\opera_dataset\01000000\01004006_辕门射戟.pdf,01000000/01004006_辕门射戟.pdf,49bfac8f-ad5c-4639-829d-be1bd24f8504,4,【第四场】,111,stage_direction,stage_direction,,,刘备、关羽、张飞同下。,做,刘备、关羽、张飞同下。,下,张飞；刘备,,（刘备、关羽、张飞同下。）
pdf_01000000__01004006___13b2265b9d,辕门射戟,pdf_01000000__01004006___13b2265b9d__line__000113,pdf_01000000__01004006___13b2265b9d__scene__004,01004006_辕门射戟.pdf,D:\University_studies\Junior\data_visualization\experiment\final_self\opera_dataset\01000000\01004006_辕门射戟.pdf,01000000/01004006_辕门射戟.pdf,49bfac8f-ad5c-4639-829d-be1bd24f8504,4,【第四场】,113,dialogue,dialogue,吕布,pdf_01000000__01004006___13b2265b9d__char__916b136e7f,白,白,白,念白,吕布,众将官抬枪带马！,吕布 （白） 众将官抬枪带马！
pdf_01000000__01004006___13b2265b9d,辕门射戟,pdf_01000000__01004006___13b2265b9d__line__000115,pdf_01000000__01004006___13b2265b9d__scene__004,01004006_辕门射戟.pdf,D:\University_studies\Junior\data_visualization\experiment\final_self\opera_dataset\01000000\01004006_辕门射戟.pdf,01000000/01004006_辕门射戟.pdf,49bfac8f-ad5c-4639-829d-be1bd24f8504,4,【第四场】,115,stage_direction,stage_direction,,,纪灵上，会阵。,做,纪灵上，会阵。,上,纪灵,,（纪灵上，会阵。）
pdf_01000000__01004006___13b2265b9d,辕门射戟,pdf_01000000__01004006___13b2265b9d__line__000117,pdf_01000000__01004006___13b2265b9d__scene__004,01004006_辕门射戟.pdf,D:\University_studies\Junior\data_visualization\experiment\final_self\opera_dataset\01000000\01004006_辕门射戟.pdf,01000000/01004006_辕门射戟.pdf,49bfac8f-ad5c-4639-829d-be1bd24f8504,4,【第四场】,117,dialogue,dialogue,吕布,pdf_01000000__01004006___13b2265b9d__char__916b136e7f,白,白,白,去；念白,吕布,纪将军为何去而复转？,吕布 （白） 纪将军为何去而复转？
pdf_01000000__01004006___13b2265b9d,辕门射戟,pdf_01000000__01004006___13b2265b9d__line__000119,pdf_01000000__01004006___13b2265b9d__scene__004,01004006_辕门射戟.pdf,D:\University_studies\Junior\data_visualization\experiment\final_self\opera_dataset\01000000\01004006_辕门射戟.pdf,01000000/01004006_辕门射戟.pdf,49bfac8f-ad5c-4639-829d-be1bd24f8504,4,【第四场】,119,dialogue,dialogue,纪灵,pdf_01000000__01004006___13b2265b9d__char__aae21e2109,白,白,白,命；念白,纪灵,奉了我主之命，灭尔的徐州！,纪灵 （白） 奉了我主之命，灭尔的徐州！
pdf_01000000__01004006___13b2265b9d,辕门射戟,pdf_01000000__01004006___13b2265b9d__line__000121,pdf_01000000__01004006___13b2265b9d__scene__004,01004006_辕门射戟.pdf,D:\University_studies\Junior\data_visualization\experiment\final_self\opera_dataset\01000000\01004006_辕门射戟.pdf,01000000/01004006_辕门射戟.pdf,49bfac8f-ad5c-4639-829d-be1bd24f8504,4,【第四场】,121,dialogue,dialogue,吕布,pdf_01000000__01004006___13b2265b9d__char__916b136e7f,白,白,白,念白,吕布,一派胡言！,吕布 （白） 一派胡言！
pdf_01000000__01004006___13b2265b9d,辕门射戟,pdf_01000000__01004006___13b2265b9d__line__000123,pdf_01000000__01004006___13b2265b9d__scene__004,01004006_辕门射戟.pdf,D:\University_studies\Junior\data_visualization\experiment\final_self\opera_dataset\01000000\01004006_辕门射戟.pdf,01000000/01004006_辕门射戟.pdf,49bfac8f-ad5c-4639-829d-be1bd24f8504,4,【第四场】,123,stage_direction,stage_direction,,,纪灵、吕布会阵，同开打。纪灵败下。,做,纪灵、吕布会阵，同开打。纪灵败下。,下；打,吕布；纪灵,,（纪灵、吕布会阵，同开打。纪灵败下。）
pdf_01000000__01004006___13b2265b9d,辕门射戟,pdf_01000000__01004006___13b2265b9d__line__000125,pdf_01000000__01004006___13b2265b9d__scene__004,01004006_辕门射戟.pdf,D:\University_studies\Junior\data_visualization\experiment\final_self\opera_dataset\01000000\01004006_辕门射戟.pdf,01000000/01004006_辕门射戟.pdf,49bfac8f-ad5c-4639-829d-be1bd24f8504,4,【第四场】,125,dialogue,dialogue,吕布,pdf_01000000__01004006___13b2265b9d__char__916b136e7f,笑,做,笑,笑,吕布,哈哈哈！,吕布 （笑） 哈哈哈！
pdf_01000000__01004006___13b2265b9d,辕门射戟,pdf_01000000__01004006___13b2265b9d__line__000127,pdf_01000000__01004006___13b2265b9d__scene__004,01004006_辕门射戟.pdf,D:\University_studies\Junior\data_visualization\experiment\final_self\opera_dataset\01000000\01004006_辕门射戟.pdf,01000000/01004006_辕门射戟.pdf,49bfac8f-ad5c-4639-829d-be1bd24f8504,4,【第四场】,127,dialogue,dialogue,,,白,白,白,收；念白,白）；收兵,收兵！,（白） 收兵！
pdf_01000000__01004006___13b2265b9d,辕门射戟,pdf_01000000__01004006___13b2265b9d__line__000129,pdf_01000000__01004006___13b2265b9d__scene__004,01004006_辕门射戟.pdf,D:\University_studies\Junior\data_visualization\experiment\final_self\opera_dataset\01000000\01004006_辕门射戟.pdf,01000000/01004006_辕门射戟.pdf,49bfac8f-ad5c-4639-829d-be1bd24f8504,4,【第四场】,129,stage_direction,stage_direction,,,吕布下。,做,吕布下。,下,吕布,,（吕布下。）
pdf_01000000__01004006___13b2265b9d,辕门射戟,pdf_01000000__01004006___13b2265b9d__line__000131,pdf_01000000__01004006___13b2265b9d__scene__004,01004006_辕门射戟.pdf,D:\University_studies\Junior\data_visualization\experiment\final_self\opera_dataset\01000000\01004006_辕门射戟.pdf,01000000/01004006_辕门射戟.pdf,49bfac8f-ad5c-4639-829d-be1bd24f8504,4,【第四场】,131,stage_direction,stage_direction,,,完,做,完,,完,,（完）
