doc_id,doc_title,line_id,scene_id,source_file,source_path,relative_path,batch_id,scene_index,scene,line_no,row_type,line_category,speaker,speaker_char_id,cue,perform_type,perform_subtype,action_tags,participants,text,raw_line
pdf_01000000__01003011___a844c57d4e,斩黄袍,pdf_01000000__01003011___a844c57d4e__line__000001,pdf_01000000__01003011___a844c57d4e__scene__000,01003011_斩黄袍.pdf,D:\University_studies\Junior\data_visualization\experiment\final_self\opera_dataset\01000000\01003011_斩黄袍.pdf,01000000/01003011_斩黄袍.pdf,62507f36-aa22-4065-bb0f-f7de69f87e7c,0,序幕/前置内容,1,narration,narration,,,,说明,,,郑恩,# 《斩黄袍》 （一名：《斩郑恩》）,# 《斩黄袍》 （一名：《斩郑恩》）
pdf_01000000__01003011___a844c57d4e,斩黄袍,pdf_01000000__01003011___a844c57d4e__line__000033,pdf_01000000__01003011___a844c57d4e__scene__001,01003011_斩黄袍.pdf,D:\University_studies\Junior\data_visualization\experiment\final_self\opera_dataset\01000000\01003011_斩黄袍.pdf,01000000/01003011_斩黄袍.pdf,62507f36-aa22-4065-bb0f-f7de69f87e7c,1,【第一场】,33,stage_direction,stage_direction,,,四文堂引赵匡胤、郑恩同上。,做,四文堂引赵匡胤、郑恩同上。,上,赵匡胤；郑恩,,（四文堂引赵匡胤、郑恩同上。）
pdf_01000000__01003011___a844c57d4e,斩黄袍,pdf_01000000__01003011___a844c57d4e__line__000035,pdf_01000000__01003011___a844c57d4e__scene__001,01003011_斩黄袍.pdf,D:\University_studies\Junior\data_visualization\experiment\final_self\opera_dataset\01000000\01003011_斩黄袍.pdf,01000000/01003011_斩黄袍.pdf,62507f36-aa22-4065-bb0f-f7de69f87e7c,1,【第一场】,35,dialogue,dialogue,赵匡胤,pdf_01000000__01003011___a844c57d4e__char__72668eef72,念,念,念,,赵匡胤,少游关西创帝邦，,赵匡胤 （念） 少游关西创帝邦，
pdf_01000000__01003011___a844c57d4e,斩黄袍,pdf_01000000__01003011___a844c57d4e__line__000037,pdf_01000000__01003011___a844c57d4e__scene__001,01003011_斩黄袍.pdf,D:\University_studies\Junior\data_visualization\experiment\final_self\opera_dataset\01000000\01003011_斩黄袍.pdf,01000000/01003011_斩黄袍.pdf,62507f36-aa22-4065-bb0f-f7de69f87e7c,1,【第一场】,37,dialogue,dialogue,郑恩,pdf_01000000__01003011___a844c57d4e__char__0fc20654bc,念,念,念,,郑恩,董家桥头摆战场。,郑恩 （念） 董家桥头摆战场。
pdf_01000000__01003011___a844c57d4e,斩黄袍,pdf_01000000__01003011___a844c57d4e__line__000039,pdf_01000000__01003011___a844c57d4e__scene__001,01003011_斩黄袍.pdf,D:\University_studies\Junior\data_visualization\experiment\final_self\opera_dataset\01000000\01003011_斩黄袍.pdf,01000000/01003011_斩黄袍.pdf,62507f36-aa22-4065-bb0f-f7de69f87e7c,1,【第一场】,39,dialogue,dialogue,赵匡胤,pdf_01000000__01003011___a844c57d4e__char__72668eef72,念,念,念,,赵匡胤,鞭坠董龙董虎丧，,赵匡胤 （念） 鞭坠董龙董虎丧，
pdf_01000000__01003011___a844c57d4e,斩黄袍,pdf_01000000__01003011___a844c57d4e__line__000041,pdf_01000000__01003011___a844c57d4e__scene__001,01003011_斩黄袍.pdf,D:\University_studies\Junior\data_visualization\experiment\final_self\opera_dataset\01000000\01003011_斩黄袍.pdf,01000000/01003011_斩黄袍.pdf,62507f36-aa22-4065-bb0f-f7de69f87e7c,1,【第一场】,41,dialogue,dialogue,郑恩,pdf_01000000__01003011___a844c57d4e__char__0fc20654bc,念,念,念,,郑恩,保定大哥做帝王。,郑恩 （念） 保定大哥做帝王。
pdf_01000000__01003011___a844c57d4e,斩黄袍,pdf_01000000__01003011___a844c57d4e__line__000043,pdf_01000000__01003011___a844c57d4e__scene__001,01003011_斩黄袍.pdf,D:\University_studies\Junior\data_visualization\experiment\final_self\opera_dataset\01000000\01003011_斩黄袍.pdf,01000000/01003011_斩黄袍.pdf,62507f36-aa22-4065-bb0f-f7de69f87e7c,1,【第一场】,43,dialogue,dialogue,赵匡胤,pdf_01000000__01003011___a844c57d4e__char__72668eef72,白,白,白,念白,赵匡胤,本藩南宋王赵匡胤。,赵匡胤 （白） 本藩南宋王赵匡胤。
pdf_01000000__01003011___a844c57d4e,斩黄袍,pdf_01000000__01003011___a844c57d4e__line__000045,pdf_01000000__01003011___a844c57d4e__scene__001,01003011_斩黄袍.pdf,D:\University_studies\Junior\data_visualization\experiment\final_self\opera_dataset\01000000\01003011_斩黄袍.pdf,01000000/01003011_斩黄袍.pdf,62507f36-aa22-4065-bb0f-f7de69f87e7c,1,【第一场】,45,dialogue,dialogue,郑恩,pdf_01000000__01003011___a844c57d4e__char__0fc20654bc,白,白,白,念白,郑恩,本藩北平王郑子明。,郑恩 （白） 本藩北平王郑子明。
pdf_01000000__01003011___a844c57d4e,斩黄袍,pdf_01000000__01003011___a844c57d4e__line__000047,pdf_01000000__01003011___a844c57d4e__scene__001,01003011_斩黄袍.pdf,D:\University_studies\Junior\data_visualization\experiment\final_self\opera_dataset\01000000\01003011_斩黄袍.pdf,01000000/01003011_斩黄袍.pdf,62507f36-aa22-4065-bb0f-f7de69f87e7c,1,【第一场】,47,dialogue,dialogue,赵匡胤,pdf_01000000__01003011___a844c57d4e__char__72668eef72,白,白,白,请；坐；念白,赵匡胤,三弟请坐。,赵匡胤 （白） 三弟请坐。
pdf_01000000__01003011___a844c57d4e,斩黄袍,pdf_01000000__01003011___a844c57d4e__line__000049,pdf_01000000__01003011___a844c57d4e__scene__001,01003011_斩黄袍.pdf,D:\University_studies\Junior\data_visualization\experiment\final_self\opera_dataset\01000000\01003011_斩黄袍.pdf,01000000/01003011_斩黄袍.pdf,62507f36-aa22-4065-bb0f-f7de69f87e7c,1,【第一场】,49,dialogue,dialogue,郑恩,pdf_01000000__01003011___a844c57d4e__char__0fc20654bc,白,白,白,请；传；坐；念白,郑恩,二哥请坐。二哥，大哥晏驾，不知傅后怎样的传旨？,郑恩 （白） 二哥请坐。二哥，大哥晏驾，不知傅后怎样的传旨？
pdf_01000000__01003011___a844c57d4e,斩黄袍,pdf_01000000__01003011___a844c57d4e__line__000051,pdf_01000000__01003011___a844c57d4e__scene__001,01003011_斩黄袍.pdf,D:\University_studies\Junior\data_visualization\experiment\final_self\opera_dataset\01000000\01003011_斩黄袍.pdf,01000000/01003011_斩黄袍.pdf,62507f36-aa22-4065-bb0f-f7de69f87e7c,1,【第一场】,51,dialogue,dialogue,赵匡胤,pdf_01000000__01003011___a844c57d4e__char__72668eef72,白,白,白,来；念白,赵匡胤,等先生御亲到来，便知分晓。,赵匡胤 （白） 等先生御亲到来，便知分晓。
pdf_01000000__01003011___a844c57d4e,斩黄袍,pdf_01000000__01003011___a844c57d4e__line__000053,pdf_01000000__01003011___a844c57d4e__scene__001,01003011_斩黄袍.pdf,D:\University_studies\Junior\data_visualization\experiment\final_self\opera_dataset\01000000\01003011_斩黄袍.pdf,01000000/01003011_斩黄袍.pdf,62507f36-aa22-4065-bb0f-f7de69f87e7c,1,【第一场】,53,dialogue,dialogue,报子,pdf_01000000__01003011___a844c57d4e__char__db2c464a5a,内白,白,内白,念白,报子,先生御亲到。,报子 （内白） 先生御亲到。
pdf_01000000__01003011___a844c57d4e,斩黄袍,pdf_01000000__01003011___a844c57d4e__line__000055,pdf_01000000__01003011___a844c57d4e__scene__001,01003011_斩黄袍.pdf,D:\University_studies\Junior\data_visualization\experiment\final_self\opera_dataset\01000000\01003011_斩黄袍.pdf,01000000/01003011_斩黄袍.pdf,62507f36-aa22-4065-bb0f-f7de69f87e7c,1,【第一场】,55,narration,narration,,,,说明,,请,赵匡胤；郑恩,赵匡胤、郑恩 （同白） 动乐相请。,赵匡胤、郑恩 （同白） 动乐相请。
pdf_01000000__01003011___a844c57d4e,斩黄袍,pdf_01000000__01003011___a844c57d4e__line__000057,pdf_01000000__01003011___a844c57d4e__scene__001,01003011_斩黄袍.pdf,D:\University_studies\Junior\data_visualization\experiment\final_self\opera_dataset\01000000\01003011_斩黄袍.pdf,01000000/01003011_斩黄袍.pdf,62507f36-aa22-4065-bb0f-f7de69f87e7c,1,【第一场】,57,stage_direction,stage_direction,,,〖吹打〗。苗顺、高怀德同上。,做,〖吹打〗。苗顺、高怀德同上。,上；打,苗顺,,（〖吹打〗。苗顺、高怀德同上。）
pdf_01000000__01003011___a844c57d4e,斩黄袍,pdf_01000000__01003011___a844c57d4e__line__000059,pdf_01000000__01003011___a844c57d4e__scene__001,01003011_斩黄袍.pdf,D:\University_studies\Junior\data_visualization\experiment\final_self\opera_dataset\01000000\01003011_斩黄袍.pdf,01000000/01003011_斩黄袍.pdf,62507f36-aa22-4065-bb0f-f7de69f87e7c,1,【第一场】,59,narration,narration,,,,说明,,,苗顺,苗顺、,苗顺、
pdf_01000000__01003011___a844c57d4e,斩黄袍,pdf_01000000__01003011___a844c57d4e__line__000061,pdf_01000000__01003011___a844c57d4e__scene__001,01003011_斩黄袍.pdf,D:\University_studies\Junior\data_visualization\experiment\final_self\opera_dataset\01000000\01003011_斩黄袍.pdf,01000000/01003011_斩黄袍.pdf,62507f36-aa22-4065-bb0f-f7de69f87e7c,1,【第一场】,61,dialogue,dialogue,高怀德,pdf_01000000__01003011___a844c57d4e__char__c766491bbd,同白,白,同白,念白,高怀德,二位千岁！,高怀德 （同白） 二位千岁！
pdf_01000000__01003011___a844c57d4e,斩黄袍,pdf_01000000__01003011___a844c57d4e__line__000063,pdf_01000000__01003011___a844c57d4e__scene__001,01003011_斩黄袍.pdf,D:\University_studies\Junior\data_visualization\experiment\final_self\opera_dataset\01000000\01003011_斩黄袍.pdf,01000000/01003011_斩黄袍.pdf,62507f36-aa22-4065-bb0f-f7de69f87e7c,1,【第一场】,63,narration,narration,,,,说明,,请；坐,赵匡胤；郑恩,赵匡胤、郑恩 （同白） 先生、御卿请坐！,赵匡胤、郑恩 （同白） 先生、御卿请坐！
pdf_01000000__01003011___a844c57d4e,斩黄袍,pdf_01000000__01003011___a844c57d4e__line__000065,pdf_01000000__01003011___a844c57d4e__scene__001,01003011_斩黄袍.pdf,D:\University_studies\Junior\data_visualization\experiment\final_self\opera_dataset\01000000\01003011_斩黄袍.pdf,01000000/01003011_斩黄袍.pdf,62507f36-aa22-4065-bb0f-f7de69f87e7c,1,【第一场】,65,narration,narration,,,,说明,,请；坐,苗顺,高怀德、苗顺 （同白） 二位千岁请坐！,高怀德、苗顺 （同白） 二位千岁请坐！
pdf_01000000__01003011___a844c57d4e,斩黄袍,pdf_01000000__01003011___a844c57d4e__line__000067,pdf_01000000__01003011___a844c57d4e__scene__001,01003011_斩黄袍.pdf,D:\University_studies\Junior\data_visualization\experiment\final_self\opera_dataset\01000000\01003011_斩黄袍.pdf,01000000/01003011_斩黄袍.pdf,62507f36-aa22-4065-bb0f-f7de69f87e7c,1,【第一场】,67,narration,narration,,,,说明,,,赵匡胤；郑恩,赵匡胤、郑恩 （同白） 不知先生、御卿驾到，未曾远迎，有罪！,赵匡胤、郑恩 （同白） 不知先生、御卿驾到，未曾远迎，有罪！
pdf_01000000__01003011___a844c57d4e,斩黄袍,pdf_01000000__01003011___a844c57d4e__line__000069,pdf_01000000__01003011___a844c57d4e__scene__001,01003011_斩黄袍.pdf,D:\University_studies\Junior\data_visualization\experiment\final_self\opera_dataset\01000000\01003011_斩黄袍.pdf,01000000/01003011_斩黄袍.pdf,62507f36-aa22-4065-bb0f-f7de69f87e7c,1,【第一场】,69,narration,narration,,,,说明,,,高怀德,高怀德、,高怀德、
pdf_01000000__01003011___a844c57d4e,斩黄袍,pdf_01000000__01003011___a844c57d4e__line__000071,pdf_01000000__01003011___a844c57d4e__scene__001,01003011_斩黄袍.pdf,D:\University_studies\Junior\data_visualization\experiment\final_self\opera_dataset\01000000\01003011_斩黄袍.pdf,01000000/01003011_斩黄袍.pdf,62507f36-aa22-4065-bb0f-f7de69f87e7c,1,【第一场】,71,dialogue,dialogue,苗顺,pdf_01000000__01003011___a844c57d4e__char__bcdba448ac,同白,白,同白,问；念白,苗顺,"岂敢!未曾问候二位千岁金安,恕罪!","苗顺（同白）岂敢!未曾问候二位千岁金安,恕罪!"
pdf_01000000__01003011___a844c57d4e,斩黄袍,pdf_01000000__01003011___a844c57d4e__line__000071,pdf_01000000__01003011___a844c57d4e__scene__001,01003011_斩黄袍.pdf,D:\University_studies\Junior\data_visualization\experiment\final_self\opera_dataset\01000000\01003011_斩黄袍.pdf,01000000/01003011_斩黄袍.pdf,62507f36-aa22-4065-bb0f-f7de69f87e7c,1,【第一场】,71,dialogue,dialogue,赵匡胤,pdf_01000000__01003011___a844c57d4e__char__72668eef72,白,白,白,传；念白,赵匡胤,"岂敢!大哥晏驾,不知傅后怎样传旨?","赵匡胤（白）岂敢!大哥晏驾,不知傅后怎样传旨?"
pdf_01000000__01003011___a844c57d4e,斩黄袍,pdf_01000000__01003011___a844c57d4e__line__000071,pdf_01000000__01003011___a844c57d4e__scene__001,01003011_斩黄袍.pdf,D:\University_studies\Junior\data_visualization\experiment\final_self\opera_dataset\01000000\01003011_斩黄袍.pdf,01000000/01003011_斩黄袍.pdf,62507f36-aa22-4065-bb0f-f7de69f87e7c,1,【第一场】,71,dialogue,dialogue,苗顺,pdf_01000000__01003011___a844c57d4e__char__bcdba448ac,白,白,白,下；传；念白,苗顺,"皇后传下旨意:此有冲天冠、赭黄袍,付与哪家千岁执掌,三年五载,太子成龙,原业归宗。","苗顺（白）皇后传下旨意:此有冲天冠、赭黄袍,付与哪家千岁执掌,三年五载,太子成龙,原业归宗。"
pdf_01000000__01003011___a844c57d4e,斩黄袍,pdf_01000000__01003011___a844c57d4e__line__000071,pdf_01000000__01003011___a844c57d4e__scene__001,01003011_斩黄袍.pdf,D:\University_studies\Junior\data_visualization\experiment\final_self\opera_dataset\01000000\01003011_斩黄袍.pdf,01000000/01003011_斩黄袍.pdf,62507f36-aa22-4065-bb0f-f7de69f87e7c,1,【第一场】,71,dialogue,dialogue,郑恩,pdf_01000000__01003011___a844c57d4e__char__0fc20654bc,白,白,白,念白,郑恩,"咱的二哥,傅后虽是女流之辈,倒有男子肚才!","郑恩（白）咱的二哥,傅后虽是女流之辈,倒有男子肚才!"
pdf_01000000__01003011___a844c57d4e,斩黄袍,pdf_01000000__01003011___a844c57d4e__line__000071,pdf_01000000__01003011___a844c57d4e__scene__001,01003011_斩黄袍.pdf,D:\University_studies\Junior\data_visualization\experiment\final_self\opera_dataset\01000000\01003011_斩黄袍.pdf,01000000/01003011_斩黄袍.pdf,62507f36-aa22-4065-bb0f-f7de69f87e7c,1,【第一场】,71,dialogue,dialogue,赵匡胤,pdf_01000000__01003011___a844c57d4e__char__72668eef72,白,白,白,念白,赵匡胤,这倒果然!,赵匡胤（白）这倒果然!
pdf_01000000__01003011___a844c57d4e,斩黄袍,pdf_01000000__01003011___a844c57d4e__line__000071,pdf_01000000__01003011___a844c57d4e__scene__001,01003011_斩黄袍.pdf,D:\University_studies\Junior\data_visualization\experiment\final_self\opera_dataset\01000000\01003011_斩黄袍.pdf,01000000/01003011_斩黄袍.pdf,62507f36-aa22-4065-bb0f-f7de69f87e7c,1,【第一场】,71,dialogue,dialogue,文堂甲,pdf_01000000__01003011___a844c57d4e__char__8329b9faa8,白,白,白,念白,文堂甲,宴齐。,文堂甲（白）宴齐。
pdf_01000000__01003011___a844c57d4e,斩黄袍,pdf_01000000__01003011___a844c57d4e__line__000071,pdf_01000000__01003011___a844c57d4e__scene__001,01003011_斩黄袍.pdf,D:\University_studies\Junior\data_visualization\experiment\final_self\opera_dataset\01000000\01003011_斩黄袍.pdf,01000000/01003011_斩黄袍.pdf,62507f36-aa22-4065-bb0f-f7de69f87e7c,1,【第一场】,71,dialogue,dialogue,赵匡胤,pdf_01000000__01003011___a844c57d4e__char__72668eef72,白,白,白,来；看；念白,赵匡胤,看宴过来。待我把盏!,赵匡胤（白）看宴过来。待我把盏!
pdf_01000000__01003011___a844c57d4e,斩黄袍,pdf_01000000__01003011___a844c57d4e__line__000071,pdf_01000000__01003011___a844c57d4e__scene__001,01003011_斩黄袍.pdf,D:\University_studies\Junior\data_visualization\experiment\final_self\opera_dataset\01000000\01003011_斩黄袍.pdf,01000000/01003011_斩黄袍.pdf,62507f36-aa22-4065-bb0f-f7de69f87e7c,1,【第一场】,71,dialogue,dialogue,高怀德、苗顺,pdf_01000000__01003011___a844c57d4e__char__27b6a3d7ca,同白,白,同白,下；念白,高怀德、苗顺；苗顺,不敢!摆下就是。,高怀德、苗顺（同白）不敢!摆下就是。
pdf_01000000__01003011___a844c57d4e,斩黄袍,pdf_01000000__01003011___a844c57d4e__line__000071,pdf_01000000__01003011___a844c57d4e__scene__001,01003011_斩黄袍.pdf,D:\University_studies\Junior\data_visualization\experiment\final_self\opera_dataset\01000000\01003011_斩黄袍.pdf,01000000/01003011_斩黄袍.pdf,62507f36-aa22-4065-bb0f-f7de69f87e7c,1,【第一场】,71,dialogue,dialogue,赵匡胤、郑恩,pdf_01000000__01003011___a844c57d4e__char__ca798f07fe,同白,白,同白,下；来；请；念白,赵匡胤、郑恩；赵匡胤；郑恩,"来,将宴摆下。先生、御卿请。","赵匡胤、郑恩（同白）来,将宴摆下。先生、御卿请。"
pdf_01000000__01003011___a844c57d4e,斩黄袍,pdf_01000000__01003011___a844c57d4e__line__000071,pdf_01000000__01003011___a844c57d4e__scene__001,01003011_斩黄袍.pdf,D:\University_studies\Junior\data_visualization\experiment\final_self\opera_dataset\01000000\01003011_斩黄袍.pdf,01000000/01003011_斩黄袍.pdf,62507f36-aa22-4065-bb0f-f7de69f87e7c,1,【第一场】,71,dialogue,dialogue,高怀德、苗顺,pdf_01000000__01003011___a844c57d4e__char__27b6a3d7ca,同白,白,同白,请；打；念白,高怀德、苗顺；赵匡胤；苗顺,二千岁、三千岁同请。(画眉序牌。【吹打】。赵匡胤醉。),高怀德、苗顺（同白）二千岁、三千岁同请。(画眉序牌。【吹打】。赵匡胤醉。)
pdf_01000000__01003011___a844c57d4e,斩黄袍,pdf_01000000__01003011___a844c57d4e__line__000071,pdf_01000000__01003011___a844c57d4e__scene__001,01003011_斩黄袍.pdf,D:\University_studies\Junior\data_visualization\experiment\final_self\opera_dataset\01000000\01003011_斩黄袍.pdf,01000000/01003011_斩黄袍.pdf,62507f36-aa22-4065-bb0f-f7de69f87e7c,1,【第一场】,71,dialogue,dialogue,苗顺,pdf_01000000__01003011___a844c57d4e__char__bcdba448ac,白,白,白,来；看；念白,苗顺,"三千岁、御卿,你看二千岁酒醉席前,不如就将冲天冠、赭黄袍,与他穿戴起来。","苗顺（白）三千岁、御卿,你看二千岁酒醉席前,不如就将冲天冠、赭黄袍,与他穿戴起来。"
pdf_01000000__01003011___a844c57d4e,斩黄袍,pdf_01000000__01003011___a844c57d4e__line__000071,pdf_01000000__01003011___a844c57d4e__scene__001,01003011_斩黄袍.pdf,D:\University_studies\Junior\data_visualization\experiment\final_self\opera_dataset\01000000\01003011_斩黄袍.pdf,01000000/01003011_斩黄袍.pdf,62507f36-aa22-4065-bb0f-f7de69f87e7c,1,【第一场】,71,dialogue,dialogue,郑恩、高怀德,pdf_01000000__01003011___a844c57d4e__char__ff167b6659,同白,白,同白,来；问；念白,郑恩、高怀德；郑恩,他若酒醉来问呢?,郑恩、高怀德（同白）他若酒醉来问呢?
pdf_01000000__01003011___a844c57d4e,斩黄袍,pdf_01000000__01003011___a844c57d4e__line__000071,pdf_01000000__01003011___a844c57d4e__scene__001,01003011_斩黄袍.pdf,D:\University_studies\Junior\data_visualization\experiment\final_self\opera_dataset\01000000\01003011_斩黄袍.pdf,01000000/01003011_斩黄袍.pdf,62507f36-aa22-4065-bb0f-f7de69f87e7c,1,【第一场】,71,dialogue,dialogue,苗顺,pdf_01000000__01003011___a844c57d4e__char__bcdba448ac,白,白,白,上；来；问；念白,苗顺,"他若酒醒来问,只说是一阵狂风,吹在他身上来的。","苗顺（白）他若酒醒来问,只说是一阵狂风,吹在他身上来的。"
pdf_01000000__01003011___a844c57d4e,斩黄袍,pdf_01000000__01003011___a844c57d4e__line__000071,pdf_01000000__01003011___a844c57d4e__scene__001,01003011_斩黄袍.pdf,D:\University_studies\Junior\data_visualization\experiment\final_self\opera_dataset\01000000\01003011_斩黄袍.pdf,01000000/01003011_斩黄袍.pdf,62507f36-aa22-4065-bb0f-f7de69f87e7c,1,【第一场】,71,dialogue,dialogue,郑恩、高怀德,pdf_01000000__01003011___a844c57d4e__char__ff167b6659,同白,白,同白,念白,郑恩、高怀德；郑恩,说得有理。,郑恩、高怀德（同白）说得有理。
pdf_01000000__01003011___a844c57d4e,斩黄袍,pdf_01000000__01003011___a844c57d4e__line__000071,pdf_01000000__01003011___a844c57d4e__scene__001,01003011_斩黄袍.pdf,D:\University_studies\Junior\data_visualization\experiment\final_self\opera_dataset\01000000\01003011_斩黄袍.pdf,01000000/01003011_斩黄袍.pdf,62507f36-aa22-4065-bb0f-f7de69f87e7c,1,【第一场】,71,dialogue,dialogue,苗顺、郑恩、高怀德,pdf_01000000__01003011___a844c57d4e__char__56dd41e524,同白,白,同白,来；念白,苗顺、郑恩、高怀德；郑恩；苗顺,主公醒来!,苗顺、郑恩、高怀德（同白）主公醒来!
pdf_01000000__01003011___a844c57d4e,斩黄袍,pdf_01000000__01003011___a844c57d4e__line__000071,pdf_01000000__01003011___a844c57d4e__scene__001,01003011_斩黄袍.pdf,D:\University_studies\Junior\data_visualization\experiment\final_self\opera_dataset\01000000\01003011_斩黄袍.pdf,01000000/01003011_斩黄袍.pdf,62507f36-aa22-4065-bb0f-f7de69f87e7c,1,【第一场】,71,lyric,lyric,赵匡胤,pdf_01000000__01003011___a844c57d4e__char__72668eef72,西皮导板)(西皮摇板,唱,西皮导板)(西皮摇板,唱段,赵匡胤,"梦儿里只见我兄长,将江山大事付玄郎。猛然间睁开了昏花眼,","赵匡胤（西皮导板)(西皮摇板）梦儿里只见我兄长,将江山大事付玄郎。猛然间睁开了昏花眼,"
pdf_01000000__01003011___a844c57d4e,斩黄袍,pdf_01000000__01003011___a844c57d4e__line__000071,pdf_01000000__01003011___a844c57d4e__scene__001,01003011_斩黄袍.pdf,D:\University_studies\Junior\data_visualization\experiment\final_self\opera_dataset\01000000\01003011_斩黄袍.pdf,01000000/01003011_斩黄袍.pdf,62507f36-aa22-4065-bb0f-f7de69f87e7c,1,【第一场】,71,dialogue,dialogue,苗顺、郑恩、高怀德,pdf_01000000__01003011___a844c57d4e__char__56dd41e524,同白,白,同白,念白,苗顺、郑恩、高怀德；郑恩；苗顺,万岁!,苗顺、郑恩、高怀德（同白）万岁!
pdf_01000000__01003011___a844c57d4e,斩黄袍,pdf_01000000__01003011___a844c57d4e__line__000071,pdf_01000000__01003011___a844c57d4e__scene__001,01003011_斩黄袍.pdf,D:\University_studies\Junior\data_visualization\experiment\final_self\opera_dataset\01000000\01003011_斩黄袍.pdf,01000000/01003011_斩黄袍.pdf,62507f36-aa22-4065-bb0f-f7de69f87e7c,1,【第一场】,71,lyric,lyric,赵匡胤,pdf_01000000__01003011___a844c57d4e__char__72668eef72,西皮摇板,唱,西皮摇板,道；唱段,赵匡胤,称孤道寡谁是王?,赵匡胤（西皮摇板）称孤道寡谁是王?
pdf_01000000__01003011___a844c57d4e,斩黄袍,pdf_01000000__01003011___a844c57d4e__line__000071,pdf_01000000__01003011___a844c57d4e__scene__001,01003011_斩黄袍.pdf,D:\University_studies\Junior\data_visualization\experiment\final_self\opera_dataset\01000000\01003011_斩黄袍.pdf,01000000/01003011_斩黄袍.pdf,62507f36-aa22-4065-bb0f-f7de69f87e7c,1,【第一场】,71,dialogue,dialogue,郑恩,pdf_01000000__01003011___a844c57d4e__char__0fc20654bc,白,白,白,念白,郑恩,恭喜二哥!贺喜二哥!,郑恩（白）恭喜二哥!贺喜二哥!
pdf_01000000__01003011___a844c57d4e,斩黄袍,pdf_01000000__01003011___a844c57d4e__line__000071,pdf_01000000__01003011___a844c57d4e__scene__001,01003011_斩黄袍.pdf,D:\University_studies\Junior\data_visualization\experiment\final_self\opera_dataset\01000000\01003011_斩黄袍.pdf,01000000/01003011_斩黄袍.pdf,62507f36-aa22-4065-bb0f-f7de69f87e7c,1,【第一场】,71,dialogue,dialogue,赵匡胤,pdf_01000000__01003011___a844c57d4e__char__72668eef72,白,白,白,来；念白,赵匡胤,喜从何来?,赵匡胤（白）喜从何来?
pdf_01000000__01003011___a844c57d4e,斩黄袍,pdf_01000000__01003011___a844c57d4e__line__000071,pdf_01000000__01003011___a844c57d4e__scene__001,01003011_斩黄袍.pdf,D:\University_studies\Junior\data_visualization\experiment\final_self\opera_dataset\01000000\01003011_斩黄袍.pdf,01000000/01003011_斩黄袍.pdf,62507f36-aa22-4065-bb0f-f7de69f87e7c,1,【第一场】,71,dialogue,dialogue,郑恩,pdf_01000000__01003011___a844c57d4e__char__0fc20654bc,白,白,白,念白,郑恩,"二哥做了皇帝,怎的不是恭喜贺喜呢?","郑恩（白）二哥做了皇帝,怎的不是恭喜贺喜呢?"
pdf_01000000__01003011___a844c57d4e,斩黄袍,pdf_01000000__01003011___a844c57d4e__line__000071,pdf_01000000__01003011___a844c57d4e__scene__001,01003011_斩黄袍.pdf,D:\University_studies\Junior\data_visualization\experiment\final_self\opera_dataset\01000000\01003011_斩黄袍.pdf,01000000/01003011_斩黄袍.pdf,62507f36-aa22-4065-bb0f-f7de69f87e7c,1,【第一场】,71,dialogue,dialogue,赵匡胤,pdf_01000000__01003011___a844c57d4e__char__72668eef72,白,白,白,念白,赵匡胤,怎见得?,赵匡胤（白）怎见得?
pdf_01000000__01003011___a844c57d4e,斩黄袍,pdf_01000000__01003011___a844c57d4e__line__000071,pdf_01000000__01003011___a844c57d4e__scene__001,01003011_斩黄袍.pdf,D:\University_studies\Junior\data_visualization\experiment\final_self\opera_dataset\01000000\01003011_斩黄袍.pdf,01000000/01003011_斩黄袍.pdf,62507f36-aa22-4065-bb0f-f7de69f87e7c,1,【第一场】,71,dialogue,dialogue,郑高苗,pdf_01000000__01003011___a844c57d4e__char__43c039a059,同白,白,同白,念白,郑高苗,"头戴冲天冠,身穿赭黄袍,即是皇帝。","郑高苗（同白）头戴冲天冠,身穿赭黄袍,即是皇帝。"
pdf_01000000__01003011___a844c57d4e,斩黄袍,pdf_01000000__01003011___a844c57d4e__line__000071,pdf_01000000__01003011___a844c57d4e__scene__001,01003011_斩黄袍.pdf,D:\University_studies\Junior\data_visualization\experiment\final_self\opera_dataset\01000000\01003011_斩黄袍.pdf,01000000/01003011_斩黄袍.pdf,62507f36-aa22-4065-bb0f-f7de69f87e7c,1,【第一场】,71,dialogue,dialogue,赵匡胤,pdf_01000000__01003011___a844c57d4e__char__72668eef72,白,白,白,来；念白,赵匡胤,"这冲天冠赭黄袍,是哪里来的?","赵匡胤（白）这冲天冠赭黄袍,是哪里来的?"
pdf_01000000__01003011___a844c57d4e,斩黄袍,pdf_01000000__01003011___a844c57d4e__line__000071,pdf_01000000__01003011___a844c57d4e__scene__001,01003011_斩黄袍.pdf,D:\University_studies\Junior\data_visualization\experiment\final_self\opera_dataset\01000000\01003011_斩黄袍.pdf,01000000/01003011_斩黄袍.pdf,62507f36-aa22-4065-bb0f-f7de69f87e7c,1,【第一场】,71,dialogue,dialogue,郑高苗,pdf_01000000__01003011___a844c57d4e__char__43c039a059,同白,白,同白,上；念白,郑高苗,"乃是一阵狂风,吹在万岁身上。","郑高苗（同白）乃是一阵狂风,吹在万岁身上。"
pdf_01000000__01003011___a844c57d4e,斩黄袍,pdf_01000000__01003011___a844c57d4e__line__000071,pdf_01000000__01003011___a844c57d4e__scene__001,01003011_斩黄袍.pdf,D:\University_studies\Junior\data_visualization\experiment\final_self\opera_dataset\01000000\01003011_斩黄袍.pdf,01000000/01003011_斩黄袍.pdf,62507f36-aa22-4065-bb0f-f7de69f87e7c,1,【第一场】,71,dialogue,dialogue,赵匡胤,pdf_01000000__01003011___a844c57d4e__char__72668eef72,白,白,白,念白,赵匡胤,这又奇了!,赵匡胤（白）这又奇了!
pdf_01000000__01003011___a844c57d4e,斩黄袍,pdf_01000000__01003011___a844c57d4e__line__000073,pdf_01000000__01003011___a844c57d4e__scene__001,01003011_斩黄袍.pdf,D:\University_studies\Junior\data_visualization\experiment\final_self\opera_dataset\01000000\01003011_斩黄袍.pdf,01000000/01003011_斩黄袍.pdf,62507f36-aa22-4065-bb0f-f7de69f87e7c,1,【第一场】,73,dialogue,dialogue,郑恩,pdf_01000000__01003011___a844c57d4e__char__0fc20654bc,白,白,白,念白,郑恩,"二哥做皇帝也在你,不做皇帝也在你,为何要寻短见呢?","郑恩（白）二哥做皇帝也在你,不做皇帝也在你,为何要寻短见呢?"
pdf_01000000__01003011___a844c57d4e,斩黄袍,pdf_01000000__01003011___a844c57d4e__line__000073,pdf_01000000__01003011___a844c57d4e__scene__001,01003011_斩黄袍.pdf,D:\University_studies\Junior\data_visualization\experiment\final_self\opera_dataset\01000000\01003011_斩黄袍.pdf,01000000/01003011_斩黄袍.pdf,62507f36-aa22-4065-bb0f-f7de69f87e7c,1,【第一场】,73,dialogue,dialogue,苗顺,pdf_01000000__01003011___a844c57d4e__char__bcdba448ac,白,白,白,看；请；念白,苗顺,"不要如此,请到祭天台一祭。看是哪家国号,就是那家做皇帝。","苗顺（白）不要如此,请到祭天台一祭。看是哪家国号,就是那家做皇帝。"
pdf_01000000__01003011___a844c57d4e,斩黄袍,pdf_01000000__01003011___a844c57d4e__line__000073,pdf_01000000__01003011___a844c57d4e__scene__001,01003011_斩黄袍.pdf,D:\University_studies\Junior\data_visualization\experiment\final_self\opera_dataset\01000000\01003011_斩黄袍.pdf,01000000/01003011_斩黄袍.pdf,62507f36-aa22-4065-bb0f-f7de69f87e7c,1,【第一场】,73,dialogue,dialogue,郑恩,pdf_01000000__01003011___a844c57d4e__char__0fc20654bc,白,白,白,来；念白,郑恩,"先生讲得有理。来,摆驾祭天台。","郑恩（白）先生讲得有理。来,摆驾祭天台。"
pdf_01000000__01003011___a844c57d4e,斩黄袍,pdf_01000000__01003011___a844c57d4e__line__000075,pdf_01000000__01003011___a844c57d4e__scene__001,01003011_斩黄袍.pdf,D:\University_studies\Junior\data_visualization\experiment\final_self\opera_dataset\01000000\01003011_斩黄袍.pdf,01000000/01003011_斩黄袍.pdf,62507f36-aa22-4065-bb0f-f7de69f87e7c,1,【第一场】,75,stage_direction,stage_direction,,,四文堂引赵匡胤、郑恩、苗顺、高怀德同下。,做,四文堂引赵匡胤、郑恩、苗顺、高怀德同下。,下,赵匡胤；郑恩；苗顺,,（四文堂引赵匡胤、郑恩、苗顺、高怀德同下。）
pdf_01000000__01003011___a844c57d4e,斩黄袍,pdf_01000000__01003011___a844c57d4e__line__000079,pdf_01000000__01003011___a844c57d4e__scene__002,01003011_斩黄袍.pdf,D:\University_studies\Junior\data_visualization\experiment\final_self\opera_dataset\01000000\01003011_斩黄袍.pdf,01000000/01003011_斩黄袍.pdf,62507f36-aa22-4065-bb0f-f7de69f87e7c,2,【第二场】,79,stage_direction,stage_direction,,,二童子扶神仙同上，神仙写，二童子、神仙同下。,做,二童子扶神仙同上，神仙写，二童子、神仙同下。,上；下；扶,二童子扶神仙；神仙写；二童子；神仙,,（二童子扶神仙同上，神仙写，二童子、神仙同下。）
pdf_01000000__01003011___a844c57d4e,斩黄袍,pdf_01000000__01003011___a844c57d4e__line__000083,pdf_01000000__01003011___a844c57d4e__scene__003,01003011_斩黄袍.pdf,D:\University_studies\Junior\data_visualization\experiment\final_self\opera_dataset\01000000\01003011_斩黄袍.pdf,01000000/01003011_斩黄袍.pdf,62507f36-aa22-4065-bb0f-f7de69f87e7c,3,【第三场】,83,stage_direction,stage_direction,,,赵匡胤、郑恩、苗顺、高怀德、四文堂同上，同拜。〖吹打〗。众人同拿帖过场。〖风入松〗，众人同下。,做,赵匡胤、郑恩、苗顺、高怀德、四文堂同上，同拜。〖吹打〗。众人同拿帖过场。〖风入松〗，众人同下。,上；下；拿；打；拜,赵匡胤；众人；郑恩；苗顺,,（赵匡胤、郑恩、苗顺、高怀德、四文堂同上，同拜。〖吹打〗。众人同拿帖过场。〖风入松〗，众人同下。）
pdf_01000000__01003011___a844c57d4e,斩黄袍,pdf_01000000__01003011___a844c57d4e__line__000087,pdf_01000000__01003011___a844c57d4e__scene__004,01003011_斩黄袍.pdf,D:\University_studies\Junior\data_visualization\experiment\final_self\opera_dataset\01000000\01003011_斩黄袍.pdf,01000000/01003011_斩黄袍.pdf,62507f36-aa22-4065-bb0f-f7de69f87e7c,4,【第四场】,87,dialogue,dialogue,苗顺,pdf_01000000__01003011___a844c57d4e__char__bcdba448ac,白,白,白,上；来；请；念白,苗顺,"这上面字迹,不甚明白,待我袖内一数。原来要老苍龙的画押。三千岁,这上面字迹不明,请借三千岁的翰墨一用。","苗顺（白）这上面字迹,不甚明白,待我袖内一数。原来要老苍龙的画押。三千岁,这上面字迹不明,请借三千岁的翰墨一用。"
pdf_01000000__01003011___a844c57d4e,斩黄袍,pdf_01000000__01003011___a844c57d4e__line__000087,pdf_01000000__01003011___a844c57d4e__scene__004,01003011_斩黄袍.pdf,D:\University_studies\Junior\data_visualization\experiment\final_self\opera_dataset\01000000\01003011_斩黄袍.pdf,01000000/01003011_斩黄袍.pdf,62507f36-aa22-4065-bb0f-f7de69f87e7c,4,【第四场】,87,dialogue,dialogue,郑恩,pdf_01000000__01003011___a844c57d4e__char__0fc20654bc,白,白,白,来；笑；念白,郑恩,"嘻嘻,先生明知咱老郑不识字的,又来取笑么?","郑恩（白）嘻嘻,先生明知咱老郑不识字的,又来取笑么?"
pdf_01000000__01003011___a844c57d4e,斩黄袍,pdf_01000000__01003011___a844c57d4e__line__000087,pdf_01000000__01003011___a844c57d4e__scene__004,01003011_斩黄袍.pdf,D:\University_studies\Junior\data_visualization\experiment\final_self\opera_dataset\01000000\01003011_斩黄袍.pdf,01000000/01003011_斩黄袍.pdf,62507f36-aa22-4065-bb0f-f7de69f87e7c,4,【第四场】,87,dialogue,dialogue,苗顺,pdf_01000000__01003011___a844c57d4e__char__bcdba448ac,白,白,白,来；念白,苗顺,原来不识字者更妙!,苗顺（白）原来不识字者更妙!
pdf_01000000__01003011___a844c57d4e,斩黄袍,pdf_01000000__01003011___a844c57d4e__line__000087,pdf_01000000__01003011___a844c57d4e__scene__004,01003011_斩黄袍.pdf,D:\University_studies\Junior\data_visualization\experiment\final_self\opera_dataset\01000000\01003011_斩黄袍.pdf,01000000/01003011_斩黄袍.pdf,62507f36-aa22-4065-bb0f-f7de69f87e7c,4,【第四场】,87,dialogue,dialogue,郑恩,pdf_01000000__01003011___a844c57d4e__char__0fc20654bc,白,白,白,来；拿；念白,郑恩,"怎么讲,正要不识字的?拿笔来!咱大哥登基,也是老郑这一笔;咱二哥今日登基,又要老郑这一笔,好似万里江山凭点墨。","郑恩（白）怎么讲,正要不识字的?拿笔来!咱大哥登基,也是老郑这一笔;咱二哥今日登基,又要老郑这一笔,好似万里江山凭点墨。"
pdf_01000000__01003011___a844c57d4e,斩黄袍,pdf_01000000__01003011___a844c57d4e__line__000087,pdf_01000000__01003011___a844c57d4e__scene__004,01003011_斩黄袍.pdf,D:\University_studies\Junior\data_visualization\experiment\final_self\opera_dataset\01000000\01003011_斩黄袍.pdf,01000000/01003011_斩黄袍.pdf,62507f36-aa22-4065-bb0f-f7de69f87e7c,4,【第四场】,87,dialogue,dialogue,苗顺,pdf_01000000__01003011___a844c57d4e__char__bcdba448ac,白,白,白,来；看；请；念白,苗顺,"有了国号了:“乾德王,赵。”请主公看来。","苗顺（白）有了国号了:“乾德王,赵。”请主公看来。"
pdf_01000000__01003011___a844c57d4e,斩黄袍,pdf_01000000__01003011___a844c57d4e__line__000087,pdf_01000000__01003011___a844c57d4e__scene__004,01003011_斩黄袍.pdf,D:\University_studies\Junior\data_visualization\experiment\final_self\opera_dataset\01000000\01003011_斩黄袍.pdf,01000000/01003011_斩黄袍.pdf,62507f36-aa22-4065-bb0f-f7de69f87e7c,4,【第四场】,87,dialogue,dialogue,赵匡胤,pdf_01000000__01003011___a844c57d4e__char__72668eef72,白,白,白,请；念白,赵匡胤,“乾德元年赵。”先生、御卿请!,赵匡胤（白）“乾德元年赵。”先生、御卿请!
pdf_01000000__01003011___a844c57d4e,斩黄袍,pdf_01000000__01003011___a844c57d4e__line__000087,pdf_01000000__01003011___a844c57d4e__scene__004,01003011_斩黄袍.pdf,D:\University_studies\Junior\data_visualization\experiment\final_self\opera_dataset\01000000\01003011_斩黄袍.pdf,01000000/01003011_斩黄袍.pdf,62507f36-aa22-4065-bb0f-f7de69f87e7c,4,【第四场】,87,dialogue,dialogue,苗顺、高怀德,pdf_01000000__01003011___a844c57d4e__char__a684506c18,同白,白,同白,请；念白,苗顺、高怀德；苗顺,主公请!,苗顺、高怀德（同白）主公请!
pdf_01000000__01003011___a844c57d4e,斩黄袍,pdf_01000000__01003011___a844c57d4e__line__000087,pdf_01000000__01003011___a844c57d4e__scene__004,01003011_斩黄袍.pdf,D:\University_studies\Junior\data_visualization\experiment\final_self\opera_dataset\01000000\01003011_斩黄袍.pdf,01000000/01003011_斩黄袍.pdf,62507f36-aa22-4065-bb0f-f7de69f87e7c,4,【第四场】,87,dialogue,dialogue,赵匡胤,pdf_01000000__01003011___a844c57d4e__char__72668eef72,白,白,白,念白,赵匡胤,三弟情!,赵匡胤（白）三弟情!
pdf_01000000__01003011___a844c57d4e,斩黄袍,pdf_01000000__01003011___a844c57d4e__line__000087,pdf_01000000__01003011___a844c57d4e__scene__004,01003011_斩黄袍.pdf,D:\University_studies\Junior\data_visualization\experiment\final_self\opera_dataset\01000000\01003011_斩黄袍.pdf,01000000/01003011_斩黄袍.pdf,62507f36-aa22-4065-bb0f-f7de69f87e7c,4,【第四场】,87,dialogue,dialogue,郑恩,pdf_01000000__01003011___a844c57d4e__char__0fc20654bc,白,白,白,坐；念白,郑恩,二哥你就坐了罢!,郑恩（白）二哥你就坐了罢!
pdf_01000000__01003011___a844c57d4e,斩黄袍,pdf_01000000__01003011___a844c57d4e__line__000087,pdf_01000000__01003011___a844c57d4e__scene__004,01003011_斩黄袍.pdf,D:\University_studies\Junior\data_visualization\experiment\final_self\opera_dataset\01000000\01003011_斩黄袍.pdf,01000000/01003011_斩黄袍.pdf,62507f36-aa22-4065-bb0f-f7de69f87e7c,4,【第四场】,87,dialogue,dialogue,赵匡胤,pdf_01000000__01003011___a844c57d4e__char__72668eef72,白,白,白,念白,赵匡胤,这就是玄郎不恭了!,赵匡胤（白）这就是玄郎不恭了!
pdf_01000000__01003011___a844c57d4e,斩黄袍,pdf_01000000__01003011___a844c57d4e__line__000087,pdf_01000000__01003011___a844c57d4e__scene__004,01003011_斩黄袍.pdf,D:\University_studies\Junior\data_visualization\experiment\final_self\opera_dataset\01000000\01003011_斩黄袍.pdf,01000000/01003011_斩黄袍.pdf,62507f36-aa22-4065-bb0f-f7de69f87e7c,4,【第四场】,87,dialogue,dialogue,郑恩,pdf_01000000__01003011___a844c57d4e__char__0fc20654bc,白,白,白,念白,郑恩,老王封过了。,郑恩（白）老王封过了。
pdf_01000000__01003011___a844c57d4e,斩黄袍,pdf_01000000__01003011___a844c57d4e__line__000087,pdf_01000000__01003011___a844c57d4e__scene__004,01003011_斩黄袍.pdf,D:\University_studies\Junior\data_visualization\experiment\final_self\opera_dataset\01000000\01003011_斩黄袍.pdf,01000000/01003011_斩黄袍.pdf,62507f36-aa22-4065-bb0f-f7de69f87e7c,4,【第四场】,87,lyric,lyric,赵匡胤,pdf_01000000__01003011___a844c57d4e__char__72668eef72,西皮流水板,唱,西皮流水板,唱段,赵匡胤,"虽然是老王封过了,官升三级用在朝。","赵匡胤（西皮流水板）虽然是老王封过了,官升三级用在朝。"
pdf_01000000__01003011___a844c57d4e,斩黄袍,pdf_01000000__01003011___a844c57d4e__line__000087,pdf_01000000__01003011___a844c57d4e__scene__004,01003011_斩黄袍.pdf,D:\University_studies\Junior\data_visualization\experiment\final_self\opera_dataset\01000000\01003011_斩黄袍.pdf,01000000/01003011_斩黄袍.pdf,62507f36-aa22-4065-bb0f-f7de69f87e7c,4,【第四场】,87,dialogue,dialogue,郑恩,pdf_01000000__01003011___a844c57d4e__char__0fc20654bc,白,白,白,念白,郑恩,谢王龙恩。,郑恩（白）谢王龙恩。
pdf_01000000__01003011___a844c57d4e,斩黄袍,pdf_01000000__01003011___a844c57d4e__line__000087,pdf_01000000__01003011___a844c57d4e__scene__004,01003011_斩黄袍.pdf,D:\University_studies\Junior\data_visualization\experiment\final_self\opera_dataset\01000000\01003011_斩黄袍.pdf,01000000/01003011_斩黄袍.pdf,62507f36-aa22-4065-bb0f-f7de69f87e7c,4,【第四场】,87,lyric,lyric,赵匡胤,pdf_01000000__01003011___a844c57d4e__char__72668eef72,西皮流水板,唱,西皮流水板,唱段,赵匡胤；苗顺,苗顺近前听封赠:护国军师辅寡人。,赵匡胤（西皮流水板）苗顺近前听封赠:护国军师辅寡人。
pdf_01000000__01003011___a844c57d4e,斩黄袍,pdf_01000000__01003011___a844c57d4e__line__000087,pdf_01000000__01003011___a844c57d4e__scene__004,01003011_斩黄袍.pdf,D:\University_studies\Junior\data_visualization\experiment\final_self\opera_dataset\01000000\01003011_斩黄袍.pdf,01000000/01003011_斩黄袍.pdf,62507f36-aa22-4065-bb0f-f7de69f87e7c,4,【第四场】,87,lyric,lyric,苗顺,pdf_01000000__01003011___a844c57d4e__char__bcdba448ac,西皮摇板,唱,西皮摇板,下；来；道；唱段,苗顺,"孤王赐你一道本,晓喻傅后把宫腾。苗顺领了万岁旨,晓喻傅后得知情。袖内八卦来算定,十八载天下不太平。","苗顺（西皮摇板）孤王赐你一道本,晓喻傅后把宫腾。苗顺领了万岁旨,晓喻傅后得知情。袖内八卦来算定,十八载天下不太平。"
pdf_01000000__01003011___a844c57d4e,斩黄袍,pdf_01000000__01003011___a844c57d4e__line__000087,pdf_01000000__01003011___a844c57d4e__scene__004,01003011_斩黄袍.pdf,D:\University_studies\Junior\data_visualization\experiment\final_self\opera_dataset\01000000\01003011_斩黄袍.pdf,01000000/01003011_斩黄袍.pdf,62507f36-aa22-4065-bb0f-f7de69f87e7c,4,【第四场】,87,lyric,lyric,赵匡胤,pdf_01000000__01003011___a844c57d4e__char__72668eef72,西皮流水板,唱,西皮流水板,唱段,赵匡胤,"适才封罢苗先生,回头再封高御卿:孤王赐你尚方剑,朝里朝外要查得清。","赵匡胤（西皮流水板）适才封罢苗先生,回头再封高御卿:孤王赐你尚方剑,朝里朝外要查得清。"
pdf_01000000__01003011___a844c57d4e,斩黄袍,pdf_01000000__01003011___a844c57d4e__line__000087,pdf_01000000__01003011___a844c57d4e__scene__004,01003011_斩黄袍.pdf,D:\University_studies\Junior\data_visualization\experiment\final_self\opera_dataset\01000000\01003011_斩黄袍.pdf,01000000/01003011_斩黄袍.pdf,62507f36-aa22-4065-bb0f-f7de69f87e7c,4,【第四场】,87,dialogue,dialogue,高怀德,pdf_01000000__01003011___a844c57d4e__char__c766491bbd,白)(西皮摇板,对白,白)(西皮摇板,来,高怀德,"领旨。叩罢头来谢龙恩,朝里朝外要查得明。","高怀德（白)(西皮摇板）领旨。叩罢头来谢龙恩,朝里朝外要查得明。"
pdf_01000000__01003011___a844c57d4e,斩黄袍,pdf_01000000__01003011___a844c57d4e__line__000087,pdf_01000000__01003011___a844c57d4e__scene__004,01003011_斩黄袍.pdf,D:\University_studies\Junior\data_visualization\experiment\final_self\opera_dataset\01000000\01003011_斩黄袍.pdf,01000000/01003011_斩黄袍.pdf,62507f36-aa22-4065-bb0f-f7de69f87e7c,4,【第四场】,87,dialogue,dialogue,郑恩,pdf_01000000__01003011___a844c57d4e__char__0fc20654bc,白,白,白,请；念白,郑恩,"请二哥出了赦条,早安民心。","郑恩（白）请二哥出了赦条,早安民心。"
pdf_01000000__01003011___a844c57d4e,斩黄袍,pdf_01000000__01003011___a844c57d4e__line__000087,pdf_01000000__01003011___a844c57d4e__scene__004,01003011_斩黄袍.pdf,D:\University_studies\Junior\data_visualization\experiment\final_self\opera_dataset\01000000\01003011_斩黄袍.pdf,01000000/01003011_斩黄袍.pdf,62507f36-aa22-4065-bb0f-f7de69f87e7c,4,【第四场】,87,lyric,lyric,赵匡胤,pdf_01000000__01003011___a844c57d4e__char__72668eef72,西皮流水板,唱,西皮流水板,道；唱段,赵匡胤,"乾德元年出赦条,晓喻黎民得知晓:一赦钱粮并钱钞,二赦囚犯出监牢。此地不是藏龙道......","赵匡胤（西皮流水板）乾德元年出赦条,晓喻黎民得知晓:一赦钱粮并钱钞,二赦囚犯出监牢。此地不是藏龙道......"
pdf_01000000__01003011___a844c57d4e,斩黄袍,pdf_01000000__01003011___a844c57d4e__line__000087,pdf_01000000__01003011___a844c57d4e__scene__004,01003011_斩黄袍.pdf,D:\University_studies\Junior\data_visualization\experiment\final_self\opera_dataset\01000000\01003011_斩黄袍.pdf,01000000/01003011_斩黄袍.pdf,62507f36-aa22-4065-bb0f-f7de69f87e7c,4,【第四场】,87,lyric,lyric,郑恩,pdf_01000000__01003011___a844c57d4e__char__0fc20654bc,西皮摇板,唱,西皮摇板,坐；唱段,郑恩,咱保二哥坐九朝。,郑恩（西皮摇板）咱保二哥坐九朝。
pdf_01000000__01003011___a844c57d4e,斩黄袍,pdf_01000000__01003011___a844c57d4e__line__000087,pdf_01000000__01003011___a844c57d4e__scene__004,01003011_斩黄袍.pdf,D:\University_studies\Junior\data_visualization\experiment\final_self\opera_dataset\01000000\01003011_斩黄袍.pdf,01000000/01003011_斩黄袍.pdf,62507f36-aa22-4065-bb0f-f7de69f87e7c,4,【第四场】,87,dialogue,dialogue,赵匡胤,pdf_01000000__01003011___a844c57d4e__char__72668eef72,白,白,白,念白,赵匡胤,摆驾汴梁!,赵匡胤（白）摆驾汴梁!
pdf_01000000__01003011___a844c57d4e,斩黄袍,pdf_01000000__01003011___a844c57d4e__line__000087,pdf_01000000__01003011___a844c57d4e__scene__004,01003011_斩黄袍.pdf,D:\University_studies\Junior\data_visualization\experiment\final_self\opera_dataset\01000000\01003011_斩黄袍.pdf,01000000/01003011_斩黄袍.pdf,62507f36-aa22-4065-bb0f-f7de69f87e7c,4,【第四场】,87,dialogue,dialogue,韩龙,pdf_01000000__01003011___a844c57d4e__char__61f13d5518,念,念,念,上,韩龙,"昨晚三更得一梦,梦见妹子床上一条龙。","韩龙（念）昨晚三更得一梦,梦见妹子床上一条龙。"
pdf_01000000__01003011___a844c57d4e,斩黄袍,pdf_01000000__01003011___a844c57d4e__line__000087,pdf_01000000__01003011___a844c57d4e__scene__004,01003011_斩黄袍.pdf,D:\University_studies\Junior\data_visualization\experiment\final_self\opera_dataset\01000000\01003011_斩黄袍.pdf,01000000/01003011_斩黄袍.pdf,62507f36-aa22-4065-bb0f-f7de69f87e7c,4,【第四场】,87,dialogue,dialogue,韩素梅,pdf_01000000__01003011___a844c57d4e__char__0ac09d8c88,念,念,念,来,韩素梅,"昨晚一梦在皇宫,醒来依然在家中。兄长。","韩素梅（念）昨晚一梦在皇宫,醒来依然在家中。兄长。"
pdf_01000000__01003011___a844c57d4e,斩黄袍,pdf_01000000__01003011___a844c57d4e__line__000087,pdf_01000000__01003011___a844c57d4e__scene__004,01003011_斩黄袍.pdf,D:\University_studies\Junior\data_visualization\experiment\final_self\opera_dataset\01000000\01003011_斩黄袍.pdf,01000000/01003011_斩黄袍.pdf,62507f36-aa22-4065-bb0f-f7de69f87e7c,4,【第四场】,87,dialogue,dialogue,韩龙,pdf_01000000__01003011___a844c57d4e__char__61f13d5518,白,白,白,请；坐；念白,韩龙,妹妹请坐。,韩龙（白）妹妹请坐。
pdf_01000000__01003011___a844c57d4e,斩黄袍,pdf_01000000__01003011___a844c57d4e__line__000087,pdf_01000000__01003011___a844c57d4e__scene__004,01003011_斩黄袍.pdf,D:\University_studies\Junior\data_visualization\experiment\final_self\opera_dataset\01000000\01003011_斩黄袍.pdf,01000000/01003011_斩黄袍.pdf,62507f36-aa22-4065-bb0f-f7de69f87e7c,4,【第四场】,87,dialogue,dialogue,韩素梅,pdf_01000000__01003011___a844c57d4e__char__0ac09d8c88,白,白,白,来；唤；念白,韩素梅,唤我出来何事?,韩素梅（白）唤我出来何事?
pdf_01000000__01003011___a844c57d4e,斩黄袍,pdf_01000000__01003011___a844c57d4e__line__000087,pdf_01000000__01003011___a844c57d4e__scene__004,01003011_斩黄袍.pdf,D:\University_studies\Junior\data_visualization\experiment\final_self\opera_dataset\01000000\01003011_斩黄袍.pdf,01000000/01003011_斩黄袍.pdf,62507f36-aa22-4065-bb0f-f7de69f87e7c,4,【第四场】,87,dialogue,dialogue,韩龙,pdf_01000000__01003011___a844c57d4e__char__61f13d5518,白,白,白,下；进；来；叫；念白,赵匡胤；韩龙,"贤妹有所不知,今有赵匡胤在汴梁登基。想你当日与他有约,故此叫你出来商议,把你进妃。你意下如何?","韩龙（白）贤妹有所不知,今有赵匡胤在汴梁登基。想你当日与他有约,故此叫你出来商议,把你进妃。你意下如何?"
pdf_01000000__01003011___a844c57d4e,斩黄袍,pdf_01000000__01003011___a844c57d4e__line__000087,pdf_01000000__01003011___a844c57d4e__scene__004,01003011_斩黄袍.pdf,D:\University_studies\Junior\data_visualization\experiment\final_self\opera_dataset\01000000\01003011_斩黄袍.pdf,01000000/01003011_斩黄袍.pdf,62507f36-aa22-4065-bb0f-f7de69f87e7c,4,【第四场】,87,dialogue,dialogue,韩素梅,pdf_01000000__01003011___a844c57d4e__char__0ac09d8c88,白,白,白,念白,韩素梅,几时起程?,韩素梅（白）几时起程?
pdf_01000000__01003011___a844c57d4e,斩黄袍,pdf_01000000__01003011___a844c57d4e__line__000087,pdf_01000000__01003011___a844c57d4e__scene__004,01003011_斩黄袍.pdf,D:\University_studies\Junior\data_visualization\experiment\final_self\opera_dataset\01000000\01003011_斩黄袍.pdf,01000000/01003011_斩黄袍.pdf,62507f36-aa22-4065-bb0f-f7de69f87e7c,4,【第四场】,87,dialogue,dialogue,韩龙,pdf_01000000__01003011___a844c57d4e__char__61f13d5518,白,白,白,念白,韩龙,今日起程。,韩龙（白）今日起程。
pdf_01000000__01003011___a844c57d4e,斩黄袍,pdf_01000000__01003011___a844c57d4e__line__000087,pdf_01000000__01003011___a844c57d4e__scene__004,01003011_斩黄袍.pdf,D:\University_studies\Junior\data_visualization\experiment\final_self\opera_dataset\01000000\01003011_斩黄袍.pdf,01000000/01003011_斩黄袍.pdf,62507f36-aa22-4065-bb0f-f7de69f87e7c,4,【第四场】,87,dialogue,dialogue,韩素梅,pdf_01000000__01003011___a844c57d4e__char__0ac09d8c88,念,念,念,收,韩素梅,"待我收拾行和李,兄妹二人奔汴京。","韩素梅（念）待我收拾行和李,兄妹二人奔汴京。"
pdf_01000000__01003011___a844c57d4e,斩黄袍,pdf_01000000__01003011___a844c57d4e__line__000091,pdf_01000000__01003011___a844c57d4e__scene__005,01003011_斩黄袍.pdf,D:\University_studies\Junior\data_visualization\experiment\final_self\opera_dataset\01000000\01003011_斩黄袍.pdf,01000000/01003011_斩黄袍.pdf,62507f36-aa22-4065-bb0f-f7de69f87e7c,5,【第六场】,91,stage_direction,stage_direction,,,黄门官上。,做,黄门官上。,上,黄门官,,（黄门官上。）
pdf_01000000__01003011___a844c57d4e,斩黄袍,pdf_01000000__01003011___a844c57d4e__line__000093,pdf_01000000__01003011___a844c57d4e__scene__005,01003011_斩黄袍.pdf,D:\University_studies\Junior\data_visualization\experiment\final_self\opera_dataset\01000000\01003011_斩黄袍.pdf,01000000/01003011_斩黄袍.pdf,62507f36-aa22-4065-bb0f-f7de69f87e7c,5,【第六场】,93,dialogue,dialogue,黄门官,pdf_01000000__01003011___a844c57d4e__char__28bf593c87,念,念,念,下；进；来；报；拜,黄门官；韩龙,富贵奇异报晓酬，万国衣冠拜冕旒。（白） 下官，黄门官是也。今有河北韩龙，前来进妃，待等圣驾登殿，启奏便了。香烟渺渺，圣驾临朝。朝房伺候。,黄门官 （念） 富贵奇异报晓酬，万国衣冠拜冕旒。（白） 下官，黄门官是也。今有河北韩龙，前来进妃，待等圣驾登殿，启奏便了。香烟渺渺，圣驾临朝。朝房伺候。
pdf_01000000__01003011___a844c57d4e,斩黄袍,pdf_01000000__01003011___a844c57d4e__line__000095,pdf_01000000__01003011___a844c57d4e__scene__005,01003011_斩黄袍.pdf,D:\University_studies\Junior\data_visualization\experiment\final_self\opera_dataset\01000000\01003011_斩黄袍.pdf,01000000/01003011_斩黄袍.pdf,62507f36-aa22-4065-bb0f-f7de69f87e7c,5,【第六场】,95,stage_direction,stage_direction,,,黄门官下。四太监引赵匡胤同上。,做,黄门官下。四太监引赵匡胤同上。,上；下,赵匡胤,,（黄门官下。四太监引赵匡胤同上。）
pdf_01000000__01003011___a844c57d4e,斩黄袍,pdf_01000000__01003011___a844c57d4e__line__000097,pdf_01000000__01003011___a844c57d4e__scene__005,01003011_斩黄袍.pdf,D:\University_studies\Junior\data_visualization\experiment\final_self\opera_dataset\01000000\01003011_斩黄袍.pdf,01000000/01003011_斩黄袍.pdf,62507f36-aa22-4065-bb0f-f7de69f87e7c,5,【第六场】,97,dialogue,dialogue,赵匡胤,pdf_01000000__01003011___a844c57d4e__char__72668eef72,引子,对白,引子,,赵匡胤,朕登山河，万民安乐。,赵匡胤 （引子） 朕登山河，万民安乐。
pdf_01000000__01003011___a844c57d4e,斩黄袍,pdf_01000000__01003011___a844c57d4e__line__000103,pdf_01000000__01003011___a844c57d4e__scene__006,01003011_斩黄袍.pdf,D:\University_studies\Junior\data_visualization\experiment\final_self\opera_dataset\01000000\01003011_斩黄袍.pdf,01000000/01003011_斩黄袍.pdf,62507f36-aa22-4065-bb0f-f7de69f87e7c,6,【第七场】,103,stage_direction,stage_direction,,,郑恩上，四龙套同上。,做,郑恩上，四龙套同上。,上,四龙套；郑恩；龙套,,（郑恩上，四龙套同上。）
pdf_01000000__01003011___a844c57d4e,斩黄袍,pdf_01000000__01003011___a844c57d4e__line__000105,pdf_01000000__01003011___a844c57d4e__scene__006,01003011_斩黄袍.pdf,D:\University_studies\Junior\data_visualization\experiment\final_self\opera_dataset\01000000\01003011_斩黄袍.pdf,01000000/01003011_斩黄袍.pdf,62507f36-aa22-4065-bb0f-f7de69f87e7c,6,【第七场】,105,dialogue,dialogue,郑恩,pdf_01000000__01003011___a844c57d4e__char__0fc20654bc,念,念,念,,郑恩,,郑恩 （念）
pdf_01000000__01003011___a844c57d4e,斩黄袍,pdf_01000000__01003011___a844c57d4e__line__000107,pdf_01000000__01003011___a844c57d4e__scene__006,01003011_斩黄袍.pdf,D:\University_studies\Junior\data_visualization\experiment\final_self\opera_dataset\01000000\01003011_斩黄袍.pdf,01000000/01003011_斩黄袍.pdf,62507f36-aa22-4065-bb0f-f7de69f87e7c,6,【第七场】,107,stage_direction,stage_direction,,,白,做,白,念白,白,,（白）
pdf_01000000__01003011___a844c57d4e,斩黄袍,pdf_01000000__01003011___a844c57d4e__line__000109,pdf_01000000__01003011___a844c57d4e__scene__006,01003011_斩黄袍.pdf,D:\University_studies\Junior\data_visualization\experiment\final_self\opera_dataset\01000000\01003011_斩黄袍.pdf,01000000/01003011_斩黄袍.pdf,62507f36-aa22-4065-bb0f-f7de69f87e7c,6,【第七场】,109,narration,narration,,,,说明,,下,雌雄眼能观天；枣阳槊保定邦家,雌雄眼能观天下，枣阳槊保定邦家。,雌雄眼能观天下，枣阳槊保定邦家。
pdf_01000000__01003011___a844c57d4e,斩黄袍,pdf_01000000__01003011___a844c57d4e__line__000111,pdf_01000000__01003011___a844c57d4e__scene__006,01003011_斩黄袍.pdf,D:\University_studies\Junior\data_visualization\experiment\final_self\opera_dataset\01000000\01003011_斩黄袍.pdf,01000000/01003011_斩黄袍.pdf,62507f36-aa22-4065-bb0f-f7de69f87e7c,6,【第七场】,111,narration,narration,,,,说明,,去,不免去到教场；祭祭咱的枣阳槊,本藩北平王郑子明。二哥登基大宝，不免去到教场，祭祭咱的枣阳槊。,本藩北平王郑子明。二哥登基大宝，不免去到教场，祭祭咱的枣阳槊。
pdf_01000000__01003011___a844c57d4e,斩黄袍,pdf_01000000__01003011___a844c57d4e__line__000113,pdf_01000000__01003011___a844c57d4e__scene__006,01003011_斩黄袍.pdf,D:\University_studies\Junior\data_visualization\experiment\final_self\opera_dataset\01000000\01003011_斩黄袍.pdf,01000000/01003011_斩黄袍.pdf,62507f36-aa22-4065-bb0f-f7de69f87e7c,6,【第七场】,113,narration,narration,,,,说明,,来；道；打,打道教场,来，打道教场！,来，打道教场！
pdf_01000000__01003011___a844c57d4e,斩黄袍,pdf_01000000__01003011___a844c57d4e__line__000115,pdf_01000000__01003011___a844c57d4e__scene__006,01003011_斩黄袍.pdf,D:\University_studies\Junior\data_visualization\experiment\final_self\opera_dataset\01000000\01003011_斩黄袍.pdf,01000000/01003011_斩黄袍.pdf,62507f36-aa22-4065-bb0f-f7de69f87e7c,6,【第七场】,115,stage_direction,stage_direction,,,四龙套同允。〖牌子〗。四龙套、郑恩同走圆场。,做,四龙套同允。〖牌子〗。四龙套、郑恩同走圆场。,走,四龙套；郑恩；龙套,,（四龙套同允。〖牌子〗。四龙套、郑恩同走圆场。）
pdf_01000000__01003011___a844c57d4e,斩黄袍,pdf_01000000__01003011___a844c57d4e__line__000117,pdf_01000000__01003011___a844c57d4e__scene__006,01003011_斩黄袍.pdf,D:\University_studies\Junior\data_visualization\experiment\final_self\opera_dataset\01000000\01003011_斩黄袍.pdf,01000000/01003011_斩黄袍.pdf,62507f36-aa22-4065-bb0f-f7de69f87e7c,6,【第七场】,117,dialogue,dialogue,龙套,pdf_01000000__01003011___a844c57d4e__char__b3ca8681bb,同白,白,同白,念白,四龙套；龙套,,四龙套 （同白）
pdf_01000000__01003011___a844c57d4e,斩黄袍,pdf_01000000__01003011___a844c57d4e__line__000119,pdf_01000000__01003011___a844c57d4e__scene__006,01003011_斩黄袍.pdf,D:\University_studies\Junior\data_visualization\experiment\final_self\opera_dataset\01000000\01003011_斩黄袍.pdf,01000000/01003011_斩黄袍.pdf,62507f36-aa22-4065-bb0f-f7de69f87e7c,6,【第七场】,119,narration,narration,启三千岁,pdf_01000000__01003011___a844c57d4e__char__ba9356e9f8,,说明,,来,启三千岁,来此教场！,启三千岁：来此教场！
pdf_01000000__01003011___a844c57d4e,斩黄袍,pdf_01000000__01003011___a844c57d4e__line__000121,pdf_01000000__01003011___a844c57d4e__scene__006,01003011_斩黄袍.pdf,D:\University_studies\Junior\data_visualization\experiment\final_self\opera_dataset\01000000\01003011_斩黄袍.pdf,01000000/01003011_斩黄袍.pdf,62507f36-aa22-4065-bb0f-f7de69f87e7c,6,【第七场】,121,dialogue,dialogue,郑恩,pdf_01000000__01003011___a844c57d4e__char__0fc20654bc,白,白,白,念白,郑恩,,郑恩 （白）
pdf_01000000__01003011___a844c57d4e,斩黄袍,pdf_01000000__01003011___a844c57d4e__line__000123,pdf_01000000__01003011___a844c57d4e__scene__006,01003011_斩黄袍.pdf,D:\University_studies\Junior\data_visualization\experiment\final_self\opera_dataset\01000000\01003011_斩黄袍.pdf,01000000/01003011_斩黄袍.pdf,62507f36-aa22-4065-bb0f-f7de69f87e7c,6,【第七场】,123,narration,narration,,,,说明,,,摆开香案,摆开香案。,摆开香案。
pdf_01000000__01003011___a844c57d4e,斩黄袍,pdf_01000000__01003011___a844c57d4e__line__000125,pdf_01000000__01003011___a844c57d4e__scene__006,01003011_斩黄袍.pdf,D:\University_studies\Junior\data_visualization\experiment\final_self\opera_dataset\01000000\01003011_斩黄袍.pdf,01000000/01003011_斩黄袍.pdf,62507f36-aa22-4065-bb0f-f7de69f87e7c,6,【第七场】,125,stage_direction,stage_direction,,,郑恩上香，拜。,做,郑恩上香，拜。,上；拜,郑恩,,（郑恩上香，拜。）
pdf_01000000__01003011___a844c57d4e,斩黄袍,pdf_01000000__01003011___a844c57d4e__line__000131,pdf_01000000__01003011___a844c57d4e__scene__007,01003011_斩黄袍.pdf,D:\University_studies\Junior\data_visualization\experiment\final_self\opera_dataset\01000000\01003011_斩黄袍.pdf,01000000/01003011_斩黄袍.pdf,62507f36-aa22-4065-bb0f-f7de69f87e7c,7,【第八场】,131,stage_direction,stage_direction,,,太监引赵匡胤同上。,做,太监引赵匡胤同上。,上,赵匡胤,,（太监引赵匡胤同上。）
pdf_01000000__01003011___a844c57d4e,斩黄袍,pdf_01000000__01003011___a844c57d4e__line__000135,pdf_01000000__01003011___a844c57d4e__scene__007,01003011_斩黄袍.pdf,D:\University_studies\Junior\data_visualization\experiment\final_self\opera_dataset\01000000\01003011_斩黄袍.pdf,01000000/01003011_斩黄袍.pdf,62507f36-aa22-4065-bb0f-f7de69f87e7c,7,【第八场】,135,dialogue,dialogue,郑恩,pdf_01000000__01003011___a844c57d4e__char__0fc20654bc,白,白,白,来；念白,郑恩,就为你来!,郑恩（白）就为你来!
pdf_01000000__01003011___a844c57d4e,斩黄袍,pdf_01000000__01003011___a844c57d4e__line__000135,pdf_01000000__01003011___a844c57d4e__scene__007,01003011_斩黄袍.pdf,D:\University_studies\Junior\data_visualization\experiment\final_self\opera_dataset\01000000\01003011_斩黄袍.pdf,01000000/01003011_斩黄袍.pdf,62507f36-aa22-4065-bb0f-f7de69f87e7c,7,【第八场】,135,dialogue,dialogue,赵匡胤,pdf_01000000__01003011___a844c57d4e__char__72668eef72,白,白,白,来；念白,赵匡胤,为寡人何来?,赵匡胤（白）为寡人何来?
pdf_01000000__01003011___a844c57d4e,斩黄袍,pdf_01000000__01003011___a844c57d4e__line__000135,pdf_01000000__01003011___a844c57d4e__scene__007,01003011_斩黄袍.pdf,D:\University_studies\Junior\data_visualization\experiment\final_self\opera_dataset\01000000\01003011_斩黄袍.pdf,01000000/01003011_斩黄袍.pdf,62507f36-aa22-4065-bb0f-f7de69f87e7c,7,【第八场】,135,dialogue,dialogue,郑恩,pdf_01000000__01003011___a844c57d4e__char__0fc20654bc,白,白,白,来；问；念白,郑恩,"我来问你,方才身着红袍官儿,他是何人?","郑恩（白）我来问你,方才身着红袍官儿,他是何人?"
pdf_01000000__01003011___a844c57d4e,斩黄袍,pdf_01000000__01003011___a844c57d4e__line__000135,pdf_01000000__01003011___a844c57d4e__scene__007,01003011_斩黄袍.pdf,D:\University_studies\Junior\data_visualization\experiment\final_self\opera_dataset\01000000\01003011_斩黄袍.pdf,01000000/01003011_斩黄袍.pdf,62507f36-aa22-4065-bb0f-f7de69f87e7c,7,【第八场】,135,dialogue,dialogue,赵匡胤,pdf_01000000__01003011___a844c57d4e__char__72668eef72,白,白,白,念白,赵匡胤；韩龙,河北韩龙。,赵匡胤（白）河北韩龙。
pdf_01000000__01003011___a844c57d4e,斩黄袍,pdf_01000000__01003011___a844c57d4e__line__000135,pdf_01000000__01003011___a844c57d4e__scene__007,01003011_斩黄袍.pdf,D:\University_studies\Junior\data_visualization\experiment\final_self\opera_dataset\01000000\01003011_斩黄袍.pdf,01000000/01003011_斩黄袍.pdf,62507f36-aa22-4065-bb0f-f7de69f87e7c,7,【第八场】,135,dialogue,dialogue,郑恩,pdf_01000000__01003011___a844c57d4e__char__0fc20654bc,白,白,白,来；念白,郑恩,前来则甚?,郑恩（白）前来则甚?
pdf_01000000__01003011___a844c57d4e,斩黄袍,pdf_01000000__01003011___a844c57d4e__line__000135,pdf_01000000__01003011___a844c57d4e__scene__007,01003011_斩黄袍.pdf,D:\University_studies\Junior\data_visualization\experiment\final_self\opera_dataset\01000000\01003011_斩黄袍.pdf,01000000/01003011_斩黄袍.pdf,62507f36-aa22-4065-bb0f-f7de69f87e7c,7,【第八场】,135,dialogue,dialogue,赵匡胤,pdf_01000000__01003011___a844c57d4e__char__72668eef72,白,白,白,进；来；念白,赵匡胤,前来进妃。,赵匡胤（白）前来进妃。
pdf_01000000__01003011___a844c57d4e,斩黄袍,pdf_01000000__01003011___a844c57d4e__line__000135,pdf_01000000__01003011___a844c57d4e__scene__007,01003011_斩黄袍.pdf,D:\University_studies\Junior\data_visualization\experiment\final_self\opera_dataset\01000000\01003011_斩黄袍.pdf,01000000/01003011_斩黄袍.pdf,62507f36-aa22-4065-bb0f-f7de69f87e7c,7,【第八场】,135,dialogue,dialogue,郑恩,pdf_01000000__01003011___a844c57d4e__char__0fc20654bc,白,白,白,进；念白,郑恩,进的何人?,郑恩（白）进的何人?
pdf_01000000__01003011___a844c57d4e,斩黄袍,pdf_01000000__01003011___a844c57d4e__line__000135,pdf_01000000__01003011___a844c57d4e__scene__007,01003011_斩黄袍.pdf,D:\University_studies\Junior\data_visualization\experiment\final_self\opera_dataset\01000000\01003011_斩黄袍.pdf,01000000/01003011_斩黄袍.pdf,62507f36-aa22-4065-bb0f-f7de69f87e7c,7,【第八场】,135,dialogue,dialogue,赵匡胤,pdf_01000000__01003011___a844c57d4e__char__72668eef72,白,白,白,念白,赵匡胤,他妹韩素梅。,赵匡胤（白）他妹韩素梅。
pdf_01000000__01003011___a844c57d4e,斩黄袍,pdf_01000000__01003011___a844c57d4e__line__000135,pdf_01000000__01003011___a844c57d4e__scene__007,01003011_斩黄袍.pdf,D:\University_studies\Junior\data_visualization\experiment\final_self\opera_dataset\01000000\01003011_斩黄袍.pdf,01000000/01003011_斩黄袍.pdf,62507f36-aa22-4065-bb0f-f7de69f87e7c,7,【第八场】,135,dialogue,dialogue,郑恩,pdf_01000000__01003011___a844c57d4e__char__0fc20654bc,白,白,白,传；念白,郑恩,二哥怎样传旨?,郑恩（白）二哥怎样传旨?
pdf_01000000__01003011___a844c57d4e,斩黄袍,pdf_01000000__01003011___a844c57d4e__line__000135,pdf_01000000__01003011___a844c57d4e__scene__007,01003011_斩黄袍.pdf,D:\University_studies\Junior\data_visualization\experiment\final_self\opera_dataset\01000000\01003011_斩黄袍.pdf,01000000/01003011_斩黄袍.pdf,62507f36-aa22-4065-bb0f-f7de69f87e7c,7,【第八场】,135,dialogue,dialogue,赵匡胤,pdf_01000000__01003011___a844c57d4e__char__72668eef72,白,白,白,念白,赵匡胤,封为桃花宫院。,赵匡胤（白）封为桃花宫院。
pdf_01000000__01003011___a844c57d4e,斩黄袍,pdf_01000000__01003011___a844c57d4e__line__000135,pdf_01000000__01003011___a844c57d4e__scene__007,01003011_斩黄袍.pdf,D:\University_studies\Junior\data_visualization\experiment\final_self\opera_dataset\01000000\01003011_斩黄袍.pdf,01000000/01003011_斩黄袍.pdf,62507f36-aa22-4065-bb0f-f7de69f87e7c,7,【第八场】,135,dialogue,dialogue,郑恩,pdf_01000000__01003011___a844c57d4e__char__0fc20654bc,白,白,白,念白,郑恩；韩龙,韩龙呢?,郑恩（白）韩龙呢?
pdf_01000000__01003011___a844c57d4e,斩黄袍,pdf_01000000__01003011___a844c57d4e__line__000135,pdf_01000000__01003011___a844c57d4e__scene__007,01003011_斩黄袍.pdf,D:\University_studies\Junior\data_visualization\experiment\final_self\opera_dataset\01000000\01003011_斩黄袍.pdf,01000000/01003011_斩黄袍.pdf,62507f36-aa22-4065-bb0f-f7de69f87e7c,7,【第八场】,135,dialogue,dialogue,赵匡胤,pdf_01000000__01003011___a844c57d4e__char__72668eef72,白,白,白,念白,赵匡胤,大理寺正卿。,赵匡胤（白）大理寺正卿。
pdf_01000000__01003011___a844c57d4e,斩黄袍,pdf_01000000__01003011___a844c57d4e__line__000135,pdf_01000000__01003011___a844c57d4e__scene__007,01003011_斩黄袍.pdf,D:\University_studies\Junior\data_visualization\experiment\final_self\opera_dataset\01000000\01003011_斩黄袍.pdf,01000000/01003011_斩黄袍.pdf,62507f36-aa22-4065-bb0f-f7de69f87e7c,7,【第八场】,135,dialogue,dialogue,郑恩,pdf_01000000__01003011___a844c57d4e__char__0fc20654bc,白,白,白,念白,郑恩,吓!二哥这就是你的不是了。,郑恩（白）吓!二哥这就是你的不是了。
pdf_01000000__01003011___a844c57d4e,斩黄袍,pdf_01000000__01003011___a844c57d4e__line__000135,pdf_01000000__01003011___a844c57d4e__scene__007,01003011_斩黄袍.pdf,D:\University_studies\Junior\data_visualization\experiment\final_self\opera_dataset\01000000\01003011_斩黄袍.pdf,01000000/01003011_斩黄袍.pdf,62507f36-aa22-4065-bb0f-f7de69f87e7c,7,【第八场】,135,dialogue,dialogue,赵匡胤,pdf_01000000__01003011___a844c57d4e__char__72668eef72,白,白,白,念白,赵匡胤,怎么是寡人不是呢?,赵匡胤（白）怎么是寡人不是呢?
pdf_01000000__01003011___a844c57d4e,斩黄袍,pdf_01000000__01003011___a844c57d4e__line__000135,pdf_01000000__01003011___a844c57d4e__scene__007,01003011_斩黄袍.pdf,D:\University_studies\Junior\data_visualization\experiment\final_self\opera_dataset\01000000\01003011_斩黄袍.pdf,01000000/01003011_斩黄袍.pdf,62507f36-aa22-4065-bb0f-f7de69f87e7c,7,【第八场】,135,dialogue,dialogue,郑恩,pdf_01000000__01003011___a844c57d4e__char__0fc20654bc,白,白,白,进；来；去；念白,郑恩；韩龙,"当日大哥登基,也是河北马瑶,前来进妃,后来火烧尧王庙;今日二哥登基,又是河北韩龙,前来进妃,此乃不祥之兆!定要将他赶出宫去便罢;如若不能,咱老郑的火性要发了!","郑恩（白）当日大哥登基,也是河北马瑶,前来进妃,后来火烧尧王庙;今日二哥登基,又是河北韩龙,前来进妃,此乃不祥之兆!定要将他赶出宫去便罢;如若不能,咱老郑的火性要发了!"
pdf_01000000__01003011___a844c57d4e,斩黄袍,pdf_01000000__01003011___a844c57d4e__line__000135,pdf_01000000__01003011___a844c57d4e__scene__007,01003011_斩黄袍.pdf,D:\University_studies\Junior\data_visualization\experiment\final_self\opera_dataset\01000000\01003011_斩黄袍.pdf,01000000/01003011_斩黄袍.pdf,62507f36-aa22-4065-bb0f-f7de69f87e7c,7,【第八场】,135,dialogue,dialogue,赵匡胤,pdf_01000000__01003011___a844c57d4e__char__72668eef72,白,白,白,道；念白,赵匡胤,"唔!动不动你的火性就要发燥,难道就无人敢灭你的火性?","赵匡胤（白）唔!动不动你的火性就要发燥,难道就无人敢灭你的火性?"
pdf_01000000__01003011___a844c57d4e,斩黄袍,pdf_01000000__01003011___a844c57d4e__line__000135,pdf_01000000__01003011___a844c57d4e__scene__007,01003011_斩黄袍.pdf,D:\University_studies\Junior\data_visualization\experiment\final_self\opera_dataset\01000000\01003011_斩黄袍.pdf,01000000/01003011_斩黄袍.pdf,62507f36-aa22-4065-bb0f-f7de69f87e7c,7,【第八场】,135,dialogue,dialogue,郑恩,pdf_01000000__01003011___a844c57d4e__char__0fc20654bc,白,白,白,念白,郑恩,"别人的火性倒有人灭,咱老郑的火性,谁人敢灭?","郑恩（白）别人的火性倒有人灭,咱老郑的火性,谁人敢灭?"
pdf_01000000__01003011___a844c57d4e,斩黄袍,pdf_01000000__01003011___a844c57d4e__line__000135,pdf_01000000__01003011___a844c57d4e__scene__007,01003011_斩黄袍.pdf,D:\University_studies\Junior\data_visualization\experiment\final_self\opera_dataset\01000000\01003011_斩黄袍.pdf,01000000/01003011_斩黄袍.pdf,62507f36-aa22-4065-bb0f-f7de69f87e7c,7,【第八场】,135,dialogue,dialogue,赵匡胤,pdf_01000000__01003011___a844c57d4e__char__72668eef72,白,白,白,念白,赵匡胤,"寡人今日,偏偏要灭灭你的火性!殿前武士!","赵匡胤（白）寡人今日,偏偏要灭灭你的火性!殿前武士!"
pdf_01000000__01003011___a844c57d4e,斩黄袍,pdf_01000000__01003011___a844c57d4e__line__000135,pdf_01000000__01003011___a844c57d4e__scene__007,01003011_斩黄袍.pdf,D:\University_studies\Junior\data_visualization\experiment\final_self\opera_dataset\01000000\01003011_斩黄袍.pdf,01000000/01003011_斩黄袍.pdf,62507f36-aa22-4065-bb0f-f7de69f87e7c,7,【第八场】,135,dialogue,dialogue,众武士,pdf_01000000__01003011___a844c57d4e__char__0af440b140,同白,白,同白,念白,众武士,领旨!,众武士（同白）领旨!
pdf_01000000__01003011___a844c57d4e,斩黄袍,pdf_01000000__01003011___a844c57d4e__line__000135,pdf_01000000__01003011___a844c57d4e__scene__007,01003011_斩黄袍.pdf,D:\University_studies\Junior\data_visualization\experiment\final_self\opera_dataset\01000000\01003011_斩黄袍.pdf,01000000/01003011_斩黄袍.pdf,62507f36-aa22-4065-bb0f-f7de69f87e7c,7,【第八场】,135,dialogue,dialogue,赵匡胤,pdf_01000000__01003011___a844c57d4e__char__72668eef72,白,白,白,念白,赵匡胤,绑了!,赵匡胤（白）绑了!
pdf_01000000__01003011___a844c57d4e,斩黄袍,pdf_01000000__01003011___a844c57d4e__line__000135,pdf_01000000__01003011___a844c57d4e__scene__007,01003011_斩黄袍.pdf,D:\University_studies\Junior\data_visualization\experiment\final_self\opera_dataset\01000000\01003011_斩黄袍.pdf,01000000/01003011_斩黄袍.pdf,62507f36-aa22-4065-bb0f-f7de69f87e7c,7,【第八场】,135,dialogue,dialogue,郑恩,pdf_01000000__01003011___a844c57d4e__char__0fc20654bc,白,白,白,念白,郑恩,"哇!这个囚娘养的,谁敢动手?","郑恩（白）哇!这个囚娘养的,谁敢动手?"
pdf_01000000__01003011___a844c57d4e,斩黄袍,pdf_01000000__01003011___a844c57d4e__line__000135,pdf_01000000__01003011___a844c57d4e__scene__007,01003011_斩黄袍.pdf,D:\University_studies\Junior\data_visualization\experiment\final_self\opera_dataset\01000000\01003011_斩黄袍.pdf,01000000/01003011_斩黄袍.pdf,62507f36-aa22-4065-bb0f-f7de69f87e7c,7,【第八场】,135,dialogue,dialogue,众武士,pdf_01000000__01003011___a844c57d4e__char__0af440b140,同白,白,同白,念白,众武士,"启三千岁:江山也是你家的,社稷也是你家的。今日不受一绑,恐满朝文武不服。","众武士（同白）启三千岁:江山也是你家的,社稷也是你家的。今日不受一绑,恐满朝文武不服。"
pdf_01000000__01003011___a844c57d4e,斩黄袍,pdf_01000000__01003011___a844c57d4e__line__000135,pdf_01000000__01003011___a844c57d4e__scene__007,01003011_斩黄袍.pdf,D:\University_studies\Junior\data_visualization\experiment\final_self\opera_dataset\01000000\01003011_斩黄袍.pdf,01000000/01003011_斩黄袍.pdf,62507f36-aa22-4065-bb0f-f7de69f87e7c,7,【第八场】,135,dialogue,dialogue,郑恩,pdf_01000000__01003011___a844c57d4e__char__0fc20654bc,白,白,白,来；看；叫；念白,郑恩,"起来。倒是这两个囚娘养的,说得有理。我不受今日一绑,尤恐满朝文武不服。来,叫你们绑,你们就绑;叫你们松,你们就要松。来来来,绑绑看。","郑恩（白）起来。倒是这两个囚娘养的,说得有理。我不受今日一绑,尤恐满朝文武不服。来,叫你们绑,你们就绑;叫你们松,你们就要松。来来来,绑绑看。"
pdf_01000000__01003011___a844c57d4e,斩黄袍,pdf_01000000__01003011___a844c57d4e__line__000135,pdf_01000000__01003011___a844c57d4e__scene__007,01003011_斩黄袍.pdf,D:\University_studies\Junior\data_visualization\experiment\final_self\opera_dataset\01000000\01003011_斩黄袍.pdf,01000000/01003011_斩黄袍.pdf,62507f36-aa22-4065-bb0f-f7de69f87e7c,7,【第八场】,135,dialogue,dialogue,郑恩,pdf_01000000__01003011___a844c57d4e__char__0fc20654bc,白,白,白,念白,郑恩,"哎呀,有些难过,快快松绑!","郑恩（白）哎呀,有些难过,快快松绑!"
pdf_01000000__01003011___a844c57d4e,斩黄袍,pdf_01000000__01003011___a844c57d4e__line__000135,pdf_01000000__01003011___a844c57d4e__scene__007,01003011_斩黄袍.pdf,D:\University_studies\Junior\data_visualization\experiment\final_self\opera_dataset\01000000\01003011_斩黄袍.pdf,01000000/01003011_斩黄袍.pdf,62507f36-aa22-4065-bb0f-f7de69f87e7c,7,【第八场】,135,dialogue,dialogue,众武士,pdf_01000000__01003011___a844c57d4e__char__0af440b140,同白,白,同白,念白,众武士,"万岁无旨,不敢松绑。","众武士（同白）万岁无旨,不敢松绑。"
pdf_01000000__01003011___a844c57d4e,斩黄袍,pdf_01000000__01003011___a844c57d4e__line__000135,pdf_01000000__01003011___a844c57d4e__scene__007,01003011_斩黄袍.pdf,D:\University_studies\Junior\data_visualization\experiment\final_self\opera_dataset\01000000\01003011_斩黄袍.pdf,01000000/01003011_斩黄袍.pdf,62507f36-aa22-4065-bb0f-f7de69f87e7c,7,【第八场】,135,dialogue,dialogue,郑恩,pdf_01000000__01003011___a844c57d4e__char__0fc20654bc,白,白,白,念白,郑恩,不好了!,郑恩（白）不好了!
pdf_01000000__01003011___a844c57d4e,斩黄袍,pdf_01000000__01003011___a844c57d4e__line__000135,pdf_01000000__01003011___a844c57d4e__scene__007,01003011_斩黄袍.pdf,D:\University_studies\Junior\data_visualization\experiment\final_self\opera_dataset\01000000\01003011_斩黄袍.pdf,01000000/01003011_斩黄袍.pdf,62507f36-aa22-4065-bb0f-f7de69f87e7c,7,【第八场】,135,dialogue,dialogue,郑恩,pdf_01000000__01003011___a844c57d4e__char__0fc20654bc,白,白,白,念白,郑恩,"万岁念臣,董家桥救骂有功,将功折罪。","郑恩（白）万岁念臣,董家桥救骂有功,将功折罪。"
pdf_01000000__01003011___a844c57d4e,斩黄袍,pdf_01000000__01003011___a844c57d4e__line__000135,pdf_01000000__01003011___a844c57d4e__scene__007,01003011_斩黄袍.pdf,D:\University_studies\Junior\data_visualization\experiment\final_self\opera_dataset\01000000\01003011_斩黄袍.pdf,01000000/01003011_斩黄袍.pdf,62507f36-aa22-4065-bb0f-f7de69f87e7c,7,【第八场】,135,dialogue,dialogue,赵匡胤,pdf_01000000__01003011___a844c57d4e__char__72668eef72,白,白,白,念白,赵匡胤,"不提董家桥,还则罢了;提起董家桥,寡人是定斩不赦!","赵匡胤（白）不提董家桥,还则罢了;提起董家桥,寡人是定斩不赦!"
pdf_01000000__01003011___a844c57d4e,斩黄袍,pdf_01000000__01003011___a844c57d4e__line__000135,pdf_01000000__01003011___a844c57d4e__scene__007,01003011_斩黄袍.pdf,D:\University_studies\Junior\data_visualization\experiment\final_self\opera_dataset\01000000\01003011_斩黄袍.pdf,01000000/01003011_斩黄袍.pdf,62507f36-aa22-4065-bb0f-f7de69f87e7c,7,【第八场】,135,dialogue,dialogue,郑恩,pdf_01000000__01003011___a844c57d4e__char__0fc20654bc,白,白,白,念白,郑恩,你当真要斩?,郑恩（白）你当真要斩?
pdf_01000000__01003011___a844c57d4e,斩黄袍,pdf_01000000__01003011___a844c57d4e__line__000135,pdf_01000000__01003011___a844c57d4e__scene__007,01003011_斩黄袍.pdf,D:\University_studies\Junior\data_visualization\experiment\final_self\opera_dataset\01000000\01003011_斩黄袍.pdf,01000000/01003011_斩黄袍.pdf,62507f36-aa22-4065-bb0f-f7de69f87e7c,7,【第八场】,135,dialogue,dialogue,赵匡胤,pdf_01000000__01003011___a844c57d4e__char__72668eef72,白,白,白,念白,赵匡胤,当真要斩!,赵匡胤（白）当真要斩!
pdf_01000000__01003011___a844c57d4e,斩黄袍,pdf_01000000__01003011___a844c57d4e__line__000135,pdf_01000000__01003011___a844c57d4e__scene__007,01003011_斩黄袍.pdf,D:\University_studies\Junior\data_visualization\experiment\final_self\opera_dataset\01000000\01003011_斩黄袍.pdf,01000000/01003011_斩黄袍.pdf,62507f36-aa22-4065-bb0f-f7de69f87e7c,7,【第八场】,135,dialogue,dialogue,郑恩,pdf_01000000__01003011___a844c57d4e__char__0fc20654bc,白,白,白,念白,郑恩,你果然要斩?,郑恩（白）你果然要斩?
pdf_01000000__01003011___a844c57d4e,斩黄袍,pdf_01000000__01003011___a844c57d4e__line__000135,pdf_01000000__01003011___a844c57d4e__scene__007,01003011_斩黄袍.pdf,D:\University_studies\Junior\data_visualization\experiment\final_self\opera_dataset\01000000\01003011_斩黄袍.pdf,01000000/01003011_斩黄袍.pdf,62507f36-aa22-4065-bb0f-f7de69f87e7c,7,【第八场】,135,dialogue,dialogue,赵匡胤,pdf_01000000__01003011___a844c57d4e__char__72668eef72,白,白,白,念白,赵匡胤,果然要斩!,赵匡胤（白）果然要斩!
pdf_01000000__01003011___a844c57d4e,斩黄袍,pdf_01000000__01003011___a844c57d4e__line__000135,pdf_01000000__01003011___a844c57d4e__scene__007,01003011_斩黄袍.pdf,D:\University_studies\Junior\data_visualization\experiment\final_self\opera_dataset\01000000\01003011_斩黄袍.pdf,01000000/01003011_斩黄袍.pdf,62507f36-aa22-4065-bb0f-f7de69f87e7c,7,【第八场】,135,dialogue,dialogue,郑恩,pdf_01000000__01003011___a844c57d4e__char__0fc20654bc,白,白,白,念白,郑恩,凭你娘的斩吓!,郑恩（白）凭你娘的斩吓!
pdf_01000000__01003011___a844c57d4e,斩黄袍,pdf_01000000__01003011___a844c57d4e__line__000135,pdf_01000000__01003011___a844c57d4e__scene__007,01003011_斩黄袍.pdf,D:\University_studies\Junior\data_visualization\experiment\final_self\opera_dataset\01000000\01003011_斩黄袍.pdf,01000000/01003011_斩黄袍.pdf,62507f36-aa22-4065-bb0f-f7de69f87e7c,7,【第八场】,135,dialogue,dialogue,韩龙,pdf_01000000__01003011___a844c57d4e__char__61f13d5518,白,白,白,念白,韩龙,"启万岁:三千岁犯罪,何人监斩?","韩龙（白）启万岁:三千岁犯罪,何人监斩?"
pdf_01000000__01003011___a844c57d4e,斩黄袍,pdf_01000000__01003011___a844c57d4e__line__000135,pdf_01000000__01003011___a844c57d4e__scene__007,01003011_斩黄袍.pdf,D:\University_studies\Junior\data_visualization\experiment\final_self\opera_dataset\01000000\01003011_斩黄袍.pdf,01000000/01003011_斩黄袍.pdf,62507f36-aa22-4065-bb0f-f7de69f87e7c,7,【第八场】,135,dialogue,dialogue,赵匡胤,pdf_01000000__01003011___a844c57d4e__char__72668eef72,白,白,白,命；道；念白,赵匡胤,难道命你监斩不成?,赵匡胤（白）难道命你监斩不成?
pdf_01000000__01003011___a844c57d4e,斩黄袍,pdf_01000000__01003011___a844c57d4e__line__000135,pdf_01000000__01003011___a844c57d4e__scene__007,01003011_斩黄袍.pdf,D:\University_studies\Junior\data_visualization\experiment\final_self\opera_dataset\01000000\01003011_斩黄袍.pdf,01000000/01003011_斩黄袍.pdf,62507f36-aa22-4065-bb0f-f7de69f87e7c,7,【第八场】,135,dialogue,dialogue,韩龙,pdf_01000000__01003011___a844c57d4e__char__61f13d5518,白,白,白,念白,韩龙,谢万岁!,韩龙（白）谢万岁!
pdf_01000000__01003011___a844c57d4e,斩黄袍,pdf_01000000__01003011___a844c57d4e__line__000135,pdf_01000000__01003011___a844c57d4e__scene__007,01003011_斩黄袍.pdf,D:\University_studies\Junior\data_visualization\experiment\final_self\opera_dataset\01000000\01003011_斩黄袍.pdf,01000000/01003011_斩黄袍.pdf,62507f36-aa22-4065-bb0f-f7de69f87e7c,7,【第八场】,135,dialogue,dialogue,赵匡胤,pdf_01000000__01003011___a844c57d4e__char__72668eef72,白,白,白,来；传；念白,赵匡胤,"转来,寡人不曾传旨。","赵匡胤（白）转来,寡人不曾传旨。"
pdf_01000000__01003011___a844c57d4e,斩黄袍,pdf_01000000__01003011___a844c57d4e__line__000135,pdf_01000000__01003011___a844c57d4e__scene__007,01003011_斩黄袍.pdf,D:\University_studies\Junior\data_visualization\experiment\final_self\opera_dataset\01000000\01003011_斩黄袍.pdf,01000000/01003011_斩黄袍.pdf,62507f36-aa22-4065-bb0f-f7de69f87e7c,7,【第八场】,135,dialogue,dialogue,韩龙,pdf_01000000__01003011___a844c57d4e__char__61f13d5518,白,白,白,念白,韩龙,君无戏言!,韩龙（白）君无戏言!
pdf_01000000__01003011___a844c57d4e,斩黄袍,pdf_01000000__01003011___a844c57d4e__line__000135,pdf_01000000__01003011___a844c57d4e__scene__007,01003011_斩黄袍.pdf,D:\University_studies\Junior\data_visualization\experiment\final_self\opera_dataset\01000000\01003011_斩黄袍.pdf,01000000/01003011_斩黄袍.pdf,62507f36-aa22-4065-bb0f-f7de69f87e7c,7,【第八场】,135,dialogue,dialogue,赵匡胤,pdf_01000000__01003011___a844c57d4e__char__72668eef72,白,白,白,下；命；念白,赵匡胤,"好一个君无戏言!就命你监斩,领旨下殿。","赵匡胤（白）好一个君无戏言!就命你监斩,领旨下殿。"
pdf_01000000__01003011___a844c57d4e,斩黄袍,pdf_01000000__01003011___a844c57d4e__line__000135,pdf_01000000__01003011___a844c57d4e__scene__007,01003011_斩黄袍.pdf,D:\University_studies\Junior\data_visualization\experiment\final_self\opera_dataset\01000000\01003011_斩黄袍.pdf,01000000/01003011_斩黄袍.pdf,62507f36-aa22-4065-bb0f-f7de69f87e7c,7,【第八场】,135,dialogue,dialogue,韩龙,pdf_01000000__01003011___a844c57d4e__char__61f13d5518,白,白,白,请；念白,韩龙,"朝事以毕,请驾回宫。","韩龙（白）朝事以毕,请驾回宫。"
pdf_01000000__01003011___a844c57d4e,斩黄袍,pdf_01000000__01003011___a844c57d4e__line__000135,pdf_01000000__01003011___a844c57d4e__scene__007,01003011_斩黄袍.pdf,D:\University_studies\Junior\data_visualization\experiment\final_self\opera_dataset\01000000\01003011_斩黄袍.pdf,01000000/01003011_斩黄袍.pdf,62507f36-aa22-4065-bb0f-f7de69f87e7c,7,【第八场】,135,dialogue,dialogue,赵匡胤,pdf_01000000__01003011___a844c57d4e__char__72668eef72,白,白,白,退；念白,赵匡胤,退班!,赵匡胤（白）退班!
pdf_01000000__01003011___a844c57d4e,斩黄袍,pdf_01000000__01003011___a844c57d4e__line__000135,pdf_01000000__01003011___a844c57d4e__scene__007,01003011_斩黄袍.pdf,D:\University_studies\Junior\data_visualization\experiment\final_self\opera_dataset\01000000\01003011_斩黄袍.pdf,01000000/01003011_斩黄袍.pdf,62507f36-aa22-4065-bb0f-f7de69f87e7c,7,【第八场】,135,dialogue,dialogue,韩龙,pdf_01000000__01003011___a844c57d4e__char__61f13d5518,念,念,念,,韩龙,"金殿领圣旨,监斩有仇人。","韩龙（念）金殿领圣旨,监斩有仇人。"
pdf_01000000__01003011___a844c57d4e,斩黄袍,pdf_01000000__01003011___a844c57d4e__line__000135,pdf_01000000__01003011___a844c57d4e__scene__007,01003011_斩黄袍.pdf,D:\University_studies\Junior\data_visualization\experiment\final_self\opera_dataset\01000000\01003011_斩黄袍.pdf,01000000/01003011_斩黄袍.pdf,62507f36-aa22-4065-bb0f-f7de69f87e7c,7,【第八场】,135,lyric,lyric,苗顺,pdf_01000000__01003011___a844c57d4e__char__bcdba448ac,西皮快板,唱,西皮快板,下；命；唱段,苗顺,"昨夜晚在灯下占就一课,算就了老苍龙命归天河。","苗顺（西皮快板）昨夜晚在灯下占就一课,算就了老苍龙命归天河。"
pdf_01000000__01003011___a844c57d4e,斩黄袍,pdf_01000000__01003011___a844c57d4e__line__000135,pdf_01000000__01003011___a844c57d4e__scene__007,01003011_斩黄袍.pdf,D:\University_studies\Junior\data_visualization\experiment\final_self\opera_dataset\01000000\01003011_斩黄袍.pdf,01000000/01003011_斩黄袍.pdf,62507f36-aa22-4065-bb0f-f7de69f87e7c,7,【第八场】,135,dialogue,dialogue,高怀德,pdf_01000000__01003011___a844c57d4e__char__c766491bbd,内白,白,内白,念白,高怀德,先生等着!,高怀德（内白）先生等着!
pdf_01000000__01003011___a844c57d4e,斩黄袍,pdf_01000000__01003011___a844c57d4e__line__000135,pdf_01000000__01003011___a844c57d4e__scene__007,01003011_斩黄袍.pdf,D:\University_studies\Junior\data_visualization\experiment\final_self\opera_dataset\01000000\01003011_斩黄袍.pdf,01000000/01003011_斩黄袍.pdf,62507f36-aa22-4065-bb0f-f7de69f87e7c,7,【第八场】,135,lyric,lyric,苗顺,pdf_01000000__01003011___a844c57d4e__char__bcdba448ac,西皮摇板,唱,西皮摇板,来；唱段,苗顺,那旁来了高御亲。,苗顺（西皮摇板）那旁来了高御亲。
pdf_01000000__01003011___a844c57d4e,斩黄袍,pdf_01000000__01003011___a844c57d4e__line__000135,pdf_01000000__01003011___a844c57d4e__scene__007,01003011_斩黄袍.pdf,D:\University_studies\Junior\data_visualization\experiment\final_self\opera_dataset\01000000\01003011_斩黄袍.pdf,01000000/01003011_斩黄袍.pdf,62507f36-aa22-4065-bb0f-f7de69f87e7c,7,【第八场】,135,dialogue,dialogue,高怀德,pdf_01000000__01003011___a844c57d4e__char__c766491bbd,白,白,白,念白,高怀德,吓!,高怀德（白）吓!
pdf_01000000__01003011___a844c57d4e,斩黄袍,pdf_01000000__01003011___a844c57d4e__line__000135,pdf_01000000__01003011___a844c57d4e__scene__007,01003011_斩黄袍.pdf,D:\University_studies\Junior\data_visualization\experiment\final_self\opera_dataset\01000000\01003011_斩黄袍.pdf,01000000/01003011_斩黄袍.pdf,62507f36-aa22-4065-bb0f-f7de69f87e7c,7,【第八场】,135,lyric,lyric,高怀德,pdf_01000000__01003011___a844c57d4e__char__c766491bbd,西皮摇板,唱,西皮摇板,唱段,高怀德,"迈步如梭出朝房,","高怀德（西皮摇板）迈步如梭出朝房,"
pdf_01000000__01003011___a844c57d4e,斩黄袍,pdf_01000000__01003011___a844c57d4e__line__000135,pdf_01000000__01003011___a844c57d4e__scene__007,01003011_斩黄袍.pdf,D:\University_studies\Junior\data_visualization\experiment\final_self\opera_dataset\01000000\01003011_斩黄袍.pdf,01000000/01003011_斩黄袍.pdf,62507f36-aa22-4065-bb0f-f7de69f87e7c,7,【第八场】,135,lyric,lyric,高怀德,pdf_01000000__01003011___a844c57d4e__char__c766491bbd,西皮摇板,唱,西皮摇板,唱段,高怀德,见了公公说端详。,高怀德（西皮摇板）见了公公说端详。
pdf_01000000__01003011___a844c57d4e,斩黄袍,pdf_01000000__01003011___a844c57d4e__line__000135,pdf_01000000__01003011___a844c57d4e__scene__007,01003011_斩黄袍.pdf,D:\University_studies\Junior\data_visualization\experiment\final_self\opera_dataset\01000000\01003011_斩黄袍.pdf,01000000/01003011_斩黄袍.pdf,62507f36-aa22-4065-bb0f-f7de69f87e7c,7,【第八场】,135,dialogue,dialogue,太监,pdf_01000000__01003011___a844c57d4e__char__c6e2af2456,白,白,白,来；念白,太监,"原来是高御亲,到此何事?","太监（白）原来是高御亲,到此何事?"
pdf_01000000__01003011___a844c57d4e,斩黄袍,pdf_01000000__01003011___a844c57d4e__line__000135,pdf_01000000__01003011___a844c57d4e__scene__007,01003011_斩黄袍.pdf,D:\University_studies\Junior\data_visualization\experiment\final_self\opera_dataset\01000000\01003011_斩黄袍.pdf,01000000/01003011_斩黄袍.pdf,62507f36-aa22-4065-bb0f-f7de69f87e7c,7,【第八场】,135,dialogue,dialogue,高怀德,pdf_01000000__01003011___a844c57d4e__char__c766491bbd,白,白,白,去；念白,高怀德,"公公有所不知,三千岁不知身犯何罪,推出午门去斩。怀德有本,保北平王不死。望公公转奏。","高怀德（白）公公有所不知,三千岁不知身犯何罪,推出午门去斩。怀德有本,保北平王不死。望公公转奏。"
pdf_01000000__01003011___a844c57d4e,斩黄袍,pdf_01000000__01003011___a844c57d4e__line__000135,pdf_01000000__01003011___a844c57d4e__scene__007,01003011_斩黄袍.pdf,D:\University_studies\Junior\data_visualization\experiment\final_self\opera_dataset\01000000\01003011_斩黄袍.pdf,01000000/01003011_斩黄袍.pdf,62507f36-aa22-4065-bb0f-f7de69f87e7c,7,【第八场】,135,dialogue,dialogue,太监,pdf_01000000__01003011___a844c57d4e__char__c6e2af2456,白,白,白,念白,太监,咱家与你转奏就是。,太监（白）咱家与你转奏就是。
pdf_01000000__01003011___a844c57d4e,斩黄袍,pdf_01000000__01003011___a844c57d4e__line__000135,pdf_01000000__01003011___a844c57d4e__scene__007,01003011_斩黄袍.pdf,D:\University_studies\Junior\data_visualization\experiment\final_self\opera_dataset\01000000\01003011_斩黄袍.pdf,01000000/01003011_斩黄袍.pdf,62507f36-aa22-4065-bb0f-f7de69f87e7c,7,【第八场】,135,dialogue,dialogue,高怀德,pdf_01000000__01003011___a844c57d4e__char__c766491bbd,白,白,白,念白,高怀德,有劳公公。,高怀德（白）有劳公公。
pdf_01000000__01003011___a844c57d4e,斩黄袍,pdf_01000000__01003011___a844c57d4e__line__000135,pdf_01000000__01003011___a844c57d4e__scene__007,01003011_斩黄袍.pdf,D:\University_studies\Junior\data_visualization\experiment\final_self\opera_dataset\01000000\01003011_斩黄袍.pdf,01000000/01003011_斩黄袍.pdf,62507f36-aa22-4065-bb0f-f7de69f87e7c,7,【第八场】,135,dialogue,dialogue,太监,pdf_01000000__01003011___a844c57d4e__char__c6e2af2456,白,白,白,念白,太监,"启奏万岁:今有万里侯本章,保北平王无罪。","太监（白）启奏万岁:今有万里侯本章,保北平王无罪。"
pdf_01000000__01003011___a844c57d4e,斩黄袍,pdf_01000000__01003011___a844c57d4e__line__000135,pdf_01000000__01003011___a844c57d4e__scene__007,01003011_斩黄袍.pdf,D:\University_studies\Junior\data_visualization\experiment\final_self\opera_dataset\01000000\01003011_斩黄袍.pdf,01000000/01003011_斩黄袍.pdf,62507f36-aa22-4065-bb0f-f7de69f87e7c,7,【第八场】,135,dialogue,dialogue,韩素梅,pdf_01000000__01003011___a844c57d4e__char__0ac09d8c88,内白,白,内白,下；来；念白,韩素梅,"万岁酒醉,将本章押下。有宝剑一口,悬挂宫门,有人保本,提头来见。","韩素梅（内白）万岁酒醉,将本章押下。有宝剑一口,悬挂宫门,有人保本,提头来见。"
pdf_01000000__01003011___a844c57d4e,斩黄袍,pdf_01000000__01003011___a844c57d4e__line__000135,pdf_01000000__01003011___a844c57d4e__scene__007,01003011_斩黄袍.pdf,D:\University_studies\Junior\data_visualization\experiment\final_self\opera_dataset\01000000\01003011_斩黄袍.pdf,01000000/01003011_斩黄袍.pdf,62507f36-aa22-4065-bb0f-f7de69f87e7c,7,【第八场】,135,dialogue,dialogue,太监,pdf_01000000__01003011___a844c57d4e__char__c6e2af2456,白,白,白,念白,太监,哎呀!高御亲事不好了!,太监（白）哎呀!高御亲事不好了!
pdf_01000000__01003011___a844c57d4e,斩黄袍,pdf_01000000__01003011___a844c57d4e__line__000135,pdf_01000000__01003011___a844c57d4e__scene__007,01003011_斩黄袍.pdf,D:\University_studies\Junior\data_visualization\experiment\final_self\opera_dataset\01000000\01003011_斩黄袍.pdf,01000000/01003011_斩黄袍.pdf,62507f36-aa22-4065-bb0f-f7de69f87e7c,7,【第八场】,135,dialogue,dialogue,高怀德,pdf_01000000__01003011___a844c57d4e__char__c766491bbd,白,白,白,念白,高怀德,怎样?,高怀德（白）怎样?
pdf_01000000__01003011___a844c57d4e,斩黄袍,pdf_01000000__01003011___a844c57d4e__line__000135,pdf_01000000__01003011___a844c57d4e__scene__007,01003011_斩黄袍.pdf,D:\University_studies\Junior\data_visualization\experiment\final_self\opera_dataset\01000000\01003011_斩黄袍.pdf,01000000/01003011_斩黄袍.pdf,62507f36-aa22-4065-bb0f-f7de69f87e7c,7,【第八场】,135,dialogue,dialogue,太监,pdf_01000000__01003011___a844c57d4e__char__c6e2af2456,白,白,白,下；来；念白,太监,"万岁爷酒醉桃花宫,娘娘将你的本章押下;有宝剑一口,悬挂宫门,再有人保奏,提头来见。","太监（白）万岁爷酒醉桃花宫,娘娘将你的本章押下;有宝剑一口,悬挂宫门,再有人保奏,提头来见。"
pdf_01000000__01003011___a844c57d4e,斩黄袍,pdf_01000000__01003011___a844c57d4e__line__000135,pdf_01000000__01003011___a844c57d4e__scene__007,01003011_斩黄袍.pdf,D:\University_studies\Junior\data_visualization\experiment\final_self\opera_dataset\01000000\01003011_斩黄袍.pdf,01000000/01003011_斩黄袍.pdf,62507f36-aa22-4065-bb0f-f7de69f87e7c,7,【第八场】,135,dialogue,dialogue,高怀德,pdf_01000000__01003011___a844c57d4e__char__c766491bbd,白,白,白,进；去；念白,高怀德,"万岁酒醉桃花宫,也罢!待我闯进宫去。","高怀德（白）万岁酒醉桃花宫,也罢!待我闯进宫去。"
pdf_01000000__01003011___a844c57d4e,斩黄袍,pdf_01000000__01003011___a844c57d4e__line__000135,pdf_01000000__01003011___a844c57d4e__scene__007,01003011_斩黄袍.pdf,D:\University_studies\Junior\data_visualization\experiment\final_self\opera_dataset\01000000\01003011_斩黄袍.pdf,01000000/01003011_斩黄袍.pdf,62507f36-aa22-4065-bb0f-f7de69f87e7c,7,【第八场】,135,dialogue,dialogue,太监,pdf_01000000__01003011___a844c57d4e__char__c6e2af2456,白,白,白,道；念白,太监,万里侯难道你不要脑袋子么?,太监（白）万里侯难道你不要脑袋子么?
pdf_01000000__01003011___a844c57d4e,斩黄袍,pdf_01000000__01003011___a844c57d4e__line__000135,pdf_01000000__01003011___a844c57d4e__scene__007,01003011_斩黄袍.pdf,D:\University_studies\Junior\data_visualization\experiment\final_self\opera_dataset\01000000\01003011_斩黄袍.pdf,01000000/01003011_斩黄袍.pdf,62507f36-aa22-4065-bb0f-f7de69f87e7c,7,【第八场】,135,dialogue,dialogue,高怀德,pdf_01000000__01003011___a844c57d4e__char__c766491bbd,白,白,白,下；看；杀；念白,高怀德,"哎呀,看这昏王,酒醉桃花宫;娘娘又将我的本章押下,这君不能见臣,臣不能见君,这这这便怎么处?哦,有了!不免回到府中,全身披挂,阻住午门,见文杀文,遇武杀武,就是这个主意,回府披挂便了。","高怀德（白）哎呀,看这昏王,酒醉桃花宫;娘娘又将我的本章押下,这君不能见臣,臣不能见君,这这这便怎么处?哦,有了!不免回到府中,全身披挂,阻住午门,见文杀文,遇武杀武,就是这个主意,回府披挂便了。"
pdf_01000000__01003011___a844c57d4e,斩黄袍,pdf_01000000__01003011___a844c57d4e__line__000137,pdf_01000000__01003011___a844c57d4e__scene__007,01003011_斩黄袍.pdf,D:\University_studies\Junior\data_visualization\experiment\final_self\opera_dataset\01000000\01003011_斩黄袍.pdf,01000000/01003011_斩黄袍.pdf,62507f36-aa22-4065-bb0f-f7de69f87e7c,7,【第八场】,137,narration,narration,,,,说明,,,,#,#
pdf_01000000__01003011___a844c57d4e,斩黄袍,pdf_01000000__01003011___a844c57d4e__line__000139,pdf_01000000__01003011___a844c57d4e__scene__007,01003011_斩黄袍.pdf,D:\University_studies\Junior\data_visualization\experiment\final_self\opera_dataset\01000000\01003011_斩黄袍.pdf,01000000/01003011_斩黄袍.pdf,62507f36-aa22-4065-bb0f-f7de69f87e7c,7,【第八场】,139,lyric,lyric,苗顺,pdf_01000000__01003011___a844c57d4e__char__bcdba448ac,西皮快板,唱,西皮快板,下；命；唱段,苗顺,"昨夜晚在灯下占就一课,算就了老苍龙命归天河。","苗顺（西皮快板）昨夜晚在灯下占就一课,算就了老苍龙命归天河。"
pdf_01000000__01003011___a844c57d4e,斩黄袍,pdf_01000000__01003011___a844c57d4e__line__000139,pdf_01000000__01003011___a844c57d4e__scene__007,01003011_斩黄袍.pdf,D:\University_studies\Junior\data_visualization\experiment\final_self\opera_dataset\01000000\01003011_斩黄袍.pdf,01000000/01003011_斩黄袍.pdf,62507f36-aa22-4065-bb0f-f7de69f87e7c,7,【第八场】,139,dialogue,dialogue,高怀德,pdf_01000000__01003011___a844c57d4e__char__c766491bbd,内白,白,内白,念白,高怀德,先生等着!,高怀德（内白）先生等着!
pdf_01000000__01003011___a844c57d4e,斩黄袍,pdf_01000000__01003011___a844c57d4e__line__000139,pdf_01000000__01003011___a844c57d4e__scene__007,01003011_斩黄袍.pdf,D:\University_studies\Junior\data_visualization\experiment\final_self\opera_dataset\01000000\01003011_斩黄袍.pdf,01000000/01003011_斩黄袍.pdf,62507f36-aa22-4065-bb0f-f7de69f87e7c,7,【第八场】,139,lyric,lyric,苗顺,pdf_01000000__01003011___a844c57d4e__char__bcdba448ac,西皮摇板,唱,西皮摇板,来；唱段,苗顺,那旁来了高御亲。,苗顺（西皮摇板）那旁来了高御亲。
pdf_01000000__01003011___a844c57d4e,斩黄袍,pdf_01000000__01003011___a844c57d4e__line__000139,pdf_01000000__01003011___a844c57d4e__scene__007,01003011_斩黄袍.pdf,D:\University_studies\Junior\data_visualization\experiment\final_self\opera_dataset\01000000\01003011_斩黄袍.pdf,01000000/01003011_斩黄袍.pdf,62507f36-aa22-4065-bb0f-f7de69f87e7c,7,【第八场】,139,dialogue,dialogue,高怀德,pdf_01000000__01003011___a844c57d4e__char__c766491bbd,白,白,白,念白,高怀德,吓!,高怀德（白）吓!
pdf_01000000__01003011___a844c57d4e,斩黄袍,pdf_01000000__01003011___a844c57d4e__line__000139,pdf_01000000__01003011___a844c57d4e__scene__007,01003011_斩黄袍.pdf,D:\University_studies\Junior\data_visualization\experiment\final_self\opera_dataset\01000000\01003011_斩黄袍.pdf,01000000/01003011_斩黄袍.pdf,62507f36-aa22-4065-bb0f-f7de69f87e7c,7,【第八场】,139,lyric,lyric,高怀德,pdf_01000000__01003011___a844c57d4e__char__c766491bbd,西皮摇板,唱,西皮摇板,唱段,高怀德,"迈步如梭出朝房,","高怀德（西皮摇板）迈步如梭出朝房,"
pdf_01000000__01003011___a844c57d4e,斩黄袍,pdf_01000000__01003011___a844c57d4e__line__000139,pdf_01000000__01003011___a844c57d4e__scene__007,01003011_斩黄袍.pdf,D:\University_studies\Junior\data_visualization\experiment\final_self\opera_dataset\01000000\01003011_斩黄袍.pdf,01000000/01003011_斩黄袍.pdf,62507f36-aa22-4065-bb0f-f7de69f87e7c,7,【第八场】,139,lyric,lyric,高怀德,pdf_01000000__01003011___a844c57d4e__char__c766491bbd,西皮摇板,唱,西皮摇板,唱段,高怀德,见了公公说端详。,高怀德（西皮摇板）见了公公说端详。
pdf_01000000__01003011___a844c57d4e,斩黄袍,pdf_01000000__01003011___a844c57d4e__line__000139,pdf_01000000__01003011___a844c57d4e__scene__007,01003011_斩黄袍.pdf,D:\University_studies\Junior\data_visualization\experiment\final_self\opera_dataset\01000000\01003011_斩黄袍.pdf,01000000/01003011_斩黄袍.pdf,62507f36-aa22-4065-bb0f-f7de69f87e7c,7,【第八场】,139,dialogue,dialogue,太监,pdf_01000000__01003011___a844c57d4e__char__c6e2af2456,白,白,白,来；念白,太监,"原来是高御亲,到此何事?","太监（白）原来是高御亲,到此何事?"
pdf_01000000__01003011___a844c57d4e,斩黄袍,pdf_01000000__01003011___a844c57d4e__line__000139,pdf_01000000__01003011___a844c57d4e__scene__007,01003011_斩黄袍.pdf,D:\University_studies\Junior\data_visualization\experiment\final_self\opera_dataset\01000000\01003011_斩黄袍.pdf,01000000/01003011_斩黄袍.pdf,62507f36-aa22-4065-bb0f-f7de69f87e7c,7,【第八场】,139,dialogue,dialogue,高怀德,pdf_01000000__01003011___a844c57d4e__char__c766491bbd,白,白,白,去；念白,高怀德,"公公有所不知,三千岁不知身犯何罪,推出午门去斩。怀德有本,保北平王不死。望公公转奏。","高怀德（白）公公有所不知,三千岁不知身犯何罪,推出午门去斩。怀德有本,保北平王不死。望公公转奏。"
pdf_01000000__01003011___a844c57d4e,斩黄袍,pdf_01000000__01003011___a844c57d4e__line__000139,pdf_01000000__01003011___a844c57d4e__scene__007,01003011_斩黄袍.pdf,D:\University_studies\Junior\data_visualization\experiment\final_self\opera_dataset\01000000\01003011_斩黄袍.pdf,01000000/01003011_斩黄袍.pdf,62507f36-aa22-4065-bb0f-f7de69f87e7c,7,【第八场】,139,dialogue,dialogue,太监,pdf_01000000__01003011___a844c57d4e__char__c6e2af2456,白,白,白,念白,太监,咱家与你转奏就是。,太监（白）咱家与你转奏就是。
pdf_01000000__01003011___a844c57d4e,斩黄袍,pdf_01000000__01003011___a844c57d4e__line__000139,pdf_01000000__01003011___a844c57d4e__scene__007,01003011_斩黄袍.pdf,D:\University_studies\Junior\data_visualization\experiment\final_self\opera_dataset\01000000\01003011_斩黄袍.pdf,01000000/01003011_斩黄袍.pdf,62507f36-aa22-4065-bb0f-f7de69f87e7c,7,【第八场】,139,dialogue,dialogue,高怀德,pdf_01000000__01003011___a844c57d4e__char__c766491bbd,白,白,白,念白,高怀德,有劳公公。,高怀德（白）有劳公公。
pdf_01000000__01003011___a844c57d4e,斩黄袍,pdf_01000000__01003011___a844c57d4e__line__000139,pdf_01000000__01003011___a844c57d4e__scene__007,01003011_斩黄袍.pdf,D:\University_studies\Junior\data_visualization\experiment\final_self\opera_dataset\01000000\01003011_斩黄袍.pdf,01000000/01003011_斩黄袍.pdf,62507f36-aa22-4065-bb0f-f7de69f87e7c,7,【第八场】,139,dialogue,dialogue,太监,pdf_01000000__01003011___a844c57d4e__char__c6e2af2456,白,白,白,念白,太监,"启奏万岁:今有万里侯本章,保北平王无罪。","太监（白）启奏万岁:今有万里侯本章,保北平王无罪。"
pdf_01000000__01003011___a844c57d4e,斩黄袍,pdf_01000000__01003011___a844c57d4e__line__000139,pdf_01000000__01003011___a844c57d4e__scene__007,01003011_斩黄袍.pdf,D:\University_studies\Junior\data_visualization\experiment\final_self\opera_dataset\01000000\01003011_斩黄袍.pdf,01000000/01003011_斩黄袍.pdf,62507f36-aa22-4065-bb0f-f7de69f87e7c,7,【第八场】,139,dialogue,dialogue,韩素梅,pdf_01000000__01003011___a844c57d4e__char__0ac09d8c88,内白,白,内白,下；来；念白,韩素梅,"万岁酒醉,将本章押下。有宝剑一口,悬挂宫门,有人保本,提头来见。","韩素梅（内白）万岁酒醉,将本章押下。有宝剑一口,悬挂宫门,有人保本,提头来见。"
pdf_01000000__01003011___a844c57d4e,斩黄袍,pdf_01000000__01003011___a844c57d4e__line__000139,pdf_01000000__01003011___a844c57d4e__scene__007,01003011_斩黄袍.pdf,D:\University_studies\Junior\data_visualization\experiment\final_self\opera_dataset\01000000\01003011_斩黄袍.pdf,01000000/01003011_斩黄袍.pdf,62507f36-aa22-4065-bb0f-f7de69f87e7c,7,【第八场】,139,dialogue,dialogue,太监,pdf_01000000__01003011___a844c57d4e__char__c6e2af2456,白,白,白,念白,太监,哎呀!高御亲事不好了!,太监（白）哎呀!高御亲事不好了!
pdf_01000000__01003011___a844c57d4e,斩黄袍,pdf_01000000__01003011___a844c57d4e__line__000139,pdf_01000000__01003011___a844c57d4e__scene__007,01003011_斩黄袍.pdf,D:\University_studies\Junior\data_visualization\experiment\final_self\opera_dataset\01000000\01003011_斩黄袍.pdf,01000000/01003011_斩黄袍.pdf,62507f36-aa22-4065-bb0f-f7de69f87e7c,7,【第八场】,139,dialogue,dialogue,高怀德,pdf_01000000__01003011___a844c57d4e__char__c766491bbd,白,白,白,念白,高怀德,怎样?,高怀德（白）怎样?
pdf_01000000__01003011___a844c57d4e,斩黄袍,pdf_01000000__01003011___a844c57d4e__line__000139,pdf_01000000__01003011___a844c57d4e__scene__007,01003011_斩黄袍.pdf,D:\University_studies\Junior\data_visualization\experiment\final_self\opera_dataset\01000000\01003011_斩黄袍.pdf,01000000/01003011_斩黄袍.pdf,62507f36-aa22-4065-bb0f-f7de69f87e7c,7,【第八场】,139,dialogue,dialogue,太监,pdf_01000000__01003011___a844c57d4e__char__c6e2af2456,白,白,白,下；来；念白,太监,"万岁爷酒醉桃花宫,娘娘将你的本章押下;有宝剑一口,悬挂宫门,再有人保奏,提头来见。","太监（白）万岁爷酒醉桃花宫,娘娘将你的本章押下;有宝剑一口,悬挂宫门,再有人保奏,提头来见。"
pdf_01000000__01003011___a844c57d4e,斩黄袍,pdf_01000000__01003011___a844c57d4e__line__000139,pdf_01000000__01003011___a844c57d4e__scene__007,01003011_斩黄袍.pdf,D:\University_studies\Junior\data_visualization\experiment\final_self\opera_dataset\01000000\01003011_斩黄袍.pdf,01000000/01003011_斩黄袍.pdf,62507f36-aa22-4065-bb0f-f7de69f87e7c,7,【第八场】,139,dialogue,dialogue,高怀德,pdf_01000000__01003011___a844c57d4e__char__c766491bbd,白,白,白,进；去；念白,高怀德,"万岁酒醉桃花宫,也罢!待我闯进宫去。","高怀德（白）万岁酒醉桃花宫,也罢!待我闯进宫去。"
pdf_01000000__01003011___a844c57d4e,斩黄袍,pdf_01000000__01003011___a844c57d4e__line__000139,pdf_01000000__01003011___a844c57d4e__scene__007,01003011_斩黄袍.pdf,D:\University_studies\Junior\data_visualization\experiment\final_self\opera_dataset\01000000\01003011_斩黄袍.pdf,01000000/01003011_斩黄袍.pdf,62507f36-aa22-4065-bb0f-f7de69f87e7c,7,【第八场】,139,dialogue,dialogue,太监,pdf_01000000__01003011___a844c57d4e__char__c6e2af2456,白,白,白,道；念白,太监,万里侯难道你不要脑袋子么?,太监（白）万里侯难道你不要脑袋子么?
pdf_01000000__01003011___a844c57d4e,斩黄袍,pdf_01000000__01003011___a844c57d4e__line__000139,pdf_01000000__01003011___a844c57d4e__scene__007,01003011_斩黄袍.pdf,D:\University_studies\Junior\data_visualization\experiment\final_self\opera_dataset\01000000\01003011_斩黄袍.pdf,01000000/01003011_斩黄袍.pdf,62507f36-aa22-4065-bb0f-f7de69f87e7c,7,【第八场】,139,dialogue,dialogue,高怀德,pdf_01000000__01003011___a844c57d4e__char__c766491bbd,白,白,白,下；看；杀；念白,高怀德,"哎呀,看这昏王,酒醉桃花宫;娘娘又将我的本章押下,这君不能见臣,臣不能见君,这这这便怎么处?哦,有了!不免回到府中,全身披挂,阻住午门,见文杀文,遇武杀武,就是这个主意,回府披挂便了。","高怀德（白）哎呀,看这昏王,酒醉桃花宫;娘娘又将我的本章押下,这君不能见臣,臣不能见君,这这这便怎么处?哦,有了!不免回到府中,全身披挂,阻住午门,见文杀文,遇武杀武,就是这个主意,回府披挂便了。"
pdf_01000000__01003011___a844c57d4e,斩黄袍,pdf_01000000__01003011___a844c57d4e__line__000143,pdf_01000000__01003011___a844c57d4e__scene__008,01003011_斩黄袍.pdf,D:\University_studies\Junior\data_visualization\experiment\final_self\opera_dataset\01000000\01003011_斩黄袍.pdf,01000000/01003011_斩黄袍.pdf,62507f36-aa22-4065-bb0f-f7de69f87e7c,8,【第十场】,143,stage_direction,stage_direction,,,郑英上。,做,郑英上。,上,郑英,,（郑英上。）
pdf_01000000__01003011___a844c57d4e,斩黄袍,pdf_01000000__01003011___a844c57d4e__line__000145,pdf_01000000__01003011___a844c57d4e__scene__008,01003011_斩黄袍.pdf,D:\University_studies\Junior\data_visualization\experiment\final_self\opera_dataset\01000000\01003011_斩黄袍.pdf,01000000/01003011_斩黄袍.pdf,62507f36-aa22-4065-bb0f-f7de69f87e7c,8,【第十场】,145,dialogue,dialogue,郑英,pdf_01000000__01003011___a844c57d4e__char__3ee7c6ada5,念,念,念,坐,郑英,"独坐书房,心中烦闷。","郑英（念）独坐书房,心中烦闷。"
pdf_01000000__01003011___a844c57d4e,斩黄袍,pdf_01000000__01003011___a844c57d4e__line__000151,pdf_01000000__01003011___a844c57d4e__scene__009,01003011_斩黄袍.pdf,D:\University_studies\Junior\data_visualization\experiment\final_self\opera_dataset\01000000\01003011_斩黄袍.pdf,01000000/01003011_斩黄袍.pdf,62507f36-aa22-4065-bb0f-f7de69f87e7c,9,【第十一场】,151,dialogue,dialogue,韩龙,pdf_01000000__01003011___a844c57d4e__char__61f13d5518,内白,白,内白,念白,韩龙,"刀斧手,绑好了!","韩龙（内白）刀斧手,绑好了!"
pdf_01000000__01003011___a844c57d4e,斩黄袍,pdf_01000000__01003011___a844c57d4e__line__000151,pdf_01000000__01003011___a844c57d4e__scene__009,01003011_斩黄袍.pdf,D:\University_studies\Junior\data_visualization\experiment\final_self\opera_dataset\01000000\01003011_斩黄袍.pdf,01000000/01003011_斩黄袍.pdf,62507f36-aa22-4065-bb0f-f7de69f87e7c,9,【第十一场】,151,dialogue,dialogue,郑恩,pdf_01000000__01003011___a844c57d4e__char__0fc20654bc,内西皮导板,对白,内西皮导板,上,郑恩；韩龙,"昔日纣王宠妲己,(众武士押郑恩同上,韩龙上。)","郑恩（内西皮导板）昔日纣王宠妲己,(众武士押郑恩同上,韩龙上。)"
pdf_01000000__01003011___a844c57d4e,斩黄袍,pdf_01000000__01003011___a844c57d4e__line__000151,pdf_01000000__01003011___a844c57d4e__scene__009,01003011_斩黄袍.pdf,D:\University_studies\Junior\data_visualization\experiment\final_self\opera_dataset\01000000\01003011_斩黄袍.pdf,01000000/01003011_斩黄袍.pdf,62507f36-aa22-4065-bb0f-f7de69f87e7c,9,【第十一场】,151,lyric,lyric,郑恩,pdf_01000000__01003011___a844c57d4e__char__0fc20654bc,西皮快板,唱,西皮快板,上；来；哭；唱段,郑恩；家院,"诗句题在粉壁墙。女娲娘娘冲冲怒,招取妲己乱朝纲。比干丞相剖心丧,贾氏夫人坠楼亡。黄飞虎父子造了反,八百诸侯反朝堂。摘星楼纣王火焚丧,保定周室在朝堂。再不能朝房会文武,再不能校场训儿郎;再不能与夫人来叙讲,再不能与我儿作商量;再不能金殿把本奏,再不能领兵伐边疆。将身且把法场上,(哭)(西皮摇板)(家院上。)","郑恩（西皮快板）诗句题在粉壁墙。女娲娘娘冲冲怒,招取妲己乱朝纲。比干丞相剖心丧,贾氏夫人坠楼亡。黄飞虎父子造了反,八百诸侯反朝堂。摘星楼纣王火焚丧,保定周室在朝堂。再不能朝房会文武,再不能校场训儿郎;再不能与夫人来叙讲,再不能与我儿作商量;再不能金殿把本奏,再不能领兵伐边疆。将身且把法场上,(哭)(西皮摇板)(家院上。)"
pdf_01000000__01003011___a844c57d4e,斩黄袍,pdf_01000000__01003011___a844c57d4e__line__000151,pdf_01000000__01003011___a844c57d4e__scene__009,01003011_斩黄袍.pdf,D:\University_studies\Junior\data_visualization\experiment\final_self\opera_dataset\01000000\01003011_斩黄袍.pdf,01000000/01003011_斩黄袍.pdf,62507f36-aa22-4065-bb0f-f7de69f87e7c,9,【第十一场】,151,dialogue,dialogue,家院,pdf_01000000__01003011___a844c57d4e__char__64f848f8e7,白)(郑英上。,对白,白)(郑英上。,上；来,家院；郑英,公子随我来。,家院（白)(郑英上。）公子随我来。
pdf_01000000__01003011___a844c57d4e,斩黄袍,pdf_01000000__01003011___a844c57d4e__line__000153,pdf_01000000__01003011___a844c57d4e__scene__009,01003011_斩黄袍.pdf,D:\University_studies\Junior\data_visualization\experiment\final_self\opera_dataset\01000000\01003011_斩黄袍.pdf,01000000/01003011_斩黄袍.pdf,62507f36-aa22-4065-bb0f-f7de69f87e7c,9,【第十一场】,153,lyric,lyric,郑英,pdf_01000000__01003011___a844c57d4e__char__3ee7c6ada5,西皮摇板,唱,西皮摇板,上；来；唱段,郑英,"将身来在法场上,不知爹爹在哪厢。不顾生死往前闯,","郑英（西皮摇板）将身来在法场上,不知爹爹在哪厢。不顾生死往前闯,"
pdf_01000000__01003011___a844c57d4e,斩黄袍,pdf_01000000__01003011___a844c57d4e__line__000153,pdf_01000000__01003011___a844c57d4e__scene__009,01003011_斩黄袍.pdf,D:\University_studies\Junior\data_visualization\experiment\final_self\opera_dataset\01000000\01003011_斩黄袍.pdf,01000000/01003011_斩黄袍.pdf,62507f36-aa22-4065-bb0f-f7de69f87e7c,9,【第十一场】,153,dialogue,dialogue,众武士,pdf_01000000__01003011___a844c57d4e__char__0af440b140,同白,白,同白,念白,众武士,吠!,众武士（同白）吠!
pdf_01000000__01003011___a844c57d4e,斩黄袍,pdf_01000000__01003011___a844c57d4e__line__000153,pdf_01000000__01003011___a844c57d4e__scene__009,01003011_斩黄袍.pdf,D:\University_studies\Junior\data_visualization\experiment\final_self\opera_dataset\01000000\01003011_斩黄袍.pdf,01000000/01003011_斩黄袍.pdf,62507f36-aa22-4065-bb0f-f7de69f87e7c,9,【第十一场】,153,dialogue,dialogue,韩龙,pdf_01000000__01003011___a844c57d4e__char__61f13d5518,白,白,白,念白,韩龙,他是何人?,韩龙（白）他是何人?
pdf_01000000__01003011___a844c57d4e,斩黄袍,pdf_01000000__01003011___a844c57d4e__line__000153,pdf_01000000__01003011___a844c57d4e__scene__009,01003011_斩黄袍.pdf,D:\University_studies\Junior\data_visualization\experiment\final_self\opera_dataset\01000000\01003011_斩黄袍.pdf,01000000/01003011_斩黄袍.pdf,62507f36-aa22-4065-bb0f-f7de69f87e7c,9,【第十一场】,153,dialogue,dialogue,众武士,pdf_01000000__01003011___a844c57d4e__char__0af440b140,同白,白,同白,念白,众武士,三千岁的公子。,众武士（同白）三千岁的公子。
pdf_01000000__01003011___a844c57d4e,斩黄袍,pdf_01000000__01003011___a844c57d4e__line__000153,pdf_01000000__01003011___a844c57d4e__scene__009,01003011_斩黄袍.pdf,D:\University_studies\Junior\data_visualization\experiment\final_self\opera_dataset\01000000\01003011_斩黄袍.pdf,01000000/01003011_斩黄袍.pdf,62507f36-aa22-4065-bb0f-f7de69f87e7c,9,【第十一场】,153,dialogue,dialogue,韩龙,pdf_01000000__01003011___a844c57d4e__char__61f13d5518,白,白,白,去；拿；杀；念白,韩龙,拿去杀了罢。,韩龙（白）拿去杀了罢。
pdf_01000000__01003011___a844c57d4e,斩黄袍,pdf_01000000__01003011___a844c57d4e__line__000153,pdf_01000000__01003011___a844c57d4e__scene__009,01003011_斩黄袍.pdf,D:\University_studies\Junior\data_visualization\experiment\final_self\opera_dataset\01000000\01003011_斩黄袍.pdf,01000000/01003011_斩黄袍.pdf,62507f36-aa22-4065-bb0f-f7de69f87e7c,9,【第十一场】,153,dialogue,dialogue,众武士,pdf_01000000__01003011___a844c57d4e__char__0af440b140,同白,白,同白,念白,众武士,家无全犯。,众武士（同白）家无全犯。
pdf_01000000__01003011___a844c57d4e,斩黄袍,pdf_01000000__01003011___a844c57d4e__line__000153,pdf_01000000__01003011___a844c57d4e__scene__009,01003011_斩黄袍.pdf,D:\University_studies\Junior\data_visualization\experiment\final_self\opera_dataset\01000000\01003011_斩黄袍.pdf,01000000/01003011_斩黄袍.pdf,62507f36-aa22-4065-bb0f-f7de69f87e7c,9,【第十一场】,153,dialogue,dialogue,韩龙,pdf_01000000__01003011___a844c57d4e__char__61f13d5518,白,白,白,杀；念白,韩龙,"什么家无全犯,先杀老的,后杀小的!","韩龙（白）什么家无全犯,先杀老的,后杀小的!"
pdf_01000000__01003011___a844c57d4e,斩黄袍,pdf_01000000__01003011___a844c57d4e__line__000153,pdf_01000000__01003011___a844c57d4e__scene__009,01003011_斩黄袍.pdf,D:\University_studies\Junior\data_visualization\experiment\final_self\opera_dataset\01000000\01003011_斩黄袍.pdf,01000000/01003011_斩黄袍.pdf,62507f36-aa22-4065-bb0f-f7de69f87e7c,9,【第十一场】,153,dialogue,dialogue,郑英,pdf_01000000__01003011___a844c57d4e__char__3ee7c6ada5,白,白,白,念白,郑英,"哎呀,爹爹吓!","郑英（白）哎呀,爹爹吓!"
pdf_01000000__01003011___a844c57d4e,斩黄袍,pdf_01000000__01003011___a844c57d4e__line__000153,pdf_01000000__01003011___a844c57d4e__scene__009,01003011_斩黄袍.pdf,D:\University_studies\Junior\data_visualization\experiment\final_self\opera_dataset\01000000\01003011_斩黄袍.pdf,01000000/01003011_斩黄袍.pdf,62507f36-aa22-4065-bb0f-f7de69f87e7c,9,【第十一场】,153,lyric,lyric,郑恩,pdf_01000000__01003011___a844c57d4e__char__0fc20654bc,西皮摇板,唱,西皮摇板,上；来；唱段,郑恩,"法场上绑得我两眼昏,抬头只见小娇生。不在学堂习经纶,来到法场为何因?","郑恩（西皮摇板）法场上绑得我两眼昏,抬头只见小娇生。不在学堂习经纶,来到法场为何因?"
pdf_01000000__01003011___a844c57d4e,斩黄袍,pdf_01000000__01003011___a844c57d4e__line__000153,pdf_01000000__01003011___a844c57d4e__scene__009,01003011_斩黄袍.pdf,D:\University_studies\Junior\data_visualization\experiment\final_self\opera_dataset\01000000\01003011_斩黄袍.pdf,01000000/01003011_斩黄袍.pdf,62507f36-aa22-4065-bb0f-f7de69f87e7c,9,【第十一场】,153,lyric,lyric,郑英,pdf_01000000__01003011___a844c57d4e__char__3ee7c6ada5,西皮摇板,唱,西皮摇板,唱段,郑英,"爹爹犯了何条罪,捆绑法场受非刑?","郑英（西皮摇板）爹爹犯了何条罪,捆绑法场受非刑?"
pdf_01000000__01003011___a844c57d4e,斩黄袍,pdf_01000000__01003011___a844c57d4e__line__000153,pdf_01000000__01003011___a844c57d4e__scene__009,01003011_斩黄袍.pdf,D:\University_studies\Junior\data_visualization\experiment\final_self\opera_dataset\01000000\01003011_斩黄袍.pdf,01000000/01003011_斩黄袍.pdf,62507f36-aa22-4065-bb0f-f7de69f87e7c,9,【第十一场】,153,lyric,lyric,郑恩,pdf_01000000__01003011___a844c57d4e__char__0fc20654bc,西皮摇板,唱,西皮摇板,问；唱段,郑恩,"昏王听信谗言语,要把为父问斩刑。","郑恩（西皮摇板）昏王听信谗言语,要把为父问斩刑。"
pdf_01000000__01003011___a844c57d4e,斩黄袍,pdf_01000000__01003011___a844c57d4e__line__000153,pdf_01000000__01003011___a844c57d4e__scene__009,01003011_斩黄袍.pdf,D:\University_studies\Junior\data_visualization\experiment\final_self\opera_dataset\01000000\01003011_斩黄袍.pdf,01000000/01003011_斩黄袍.pdf,62507f36-aa22-4065-bb0f-f7de69f87e7c,9,【第十一场】,153,lyric,lyric,郑英,pdf_01000000__01003011___a844c57d4e__char__3ee7c6ada5,西皮摇板,唱,西皮摇板,上；拿；唱段,郑英,"孩儿回府点人马,反上金殿拿昏君。","郑英（西皮摇板）孩儿回府点人马,反上金殿拿昏君。"
pdf_01000000__01003011___a844c57d4e,斩黄袍,pdf_01000000__01003011___a844c57d4e__line__000153,pdf_01000000__01003011___a844c57d4e__scene__009,01003011_斩黄袍.pdf,D:\University_studies\Junior\data_visualization\experiment\final_self\opera_dataset\01000000\01003011_斩黄袍.pdf,01000000/01003011_斩黄袍.pdf,62507f36-aa22-4065-bb0f-f7de69f87e7c,9,【第十一场】,153,dialogue,dialogue,郑恩,pdf_01000000__01003011___a844c57d4e__char__0fc20654bc,白,白,白,下；念白,郑恩,"住口!畜生若提造反之事,靴尖之下,送儿的残生!","郑恩（白）住口!畜生若提造反之事,靴尖之下,送儿的残生!"
pdf_01000000__01003011___a844c57d4e,斩黄袍,pdf_01000000__01003011___a844c57d4e__line__000153,pdf_01000000__01003011___a844c57d4e__scene__009,01003011_斩黄袍.pdf,D:\University_studies\Junior\data_visualization\experiment\final_self\opera_dataset\01000000\01003011_斩黄袍.pdf,01000000/01003011_斩黄袍.pdf,62507f36-aa22-4065-bb0f-f7de69f87e7c,9,【第十一场】,153,lyric,lyric,郑英,pdf_01000000__01003011___a844c57d4e__char__3ee7c6ada5,西皮摇板,唱,西皮摇板,道；唱段,郑英,"这是昏王无了道,非怪孩儿起反心。","郑英（西皮摇板）这是昏王无了道,非怪孩儿起反心。"
pdf_01000000__01003011___a844c57d4e,斩黄袍,pdf_01000000__01003011___a844c57d4e__line__000153,pdf_01000000__01003011___a844c57d4e__scene__009,01003011_斩黄袍.pdf,D:\University_studies\Junior\data_visualization\experiment\final_self\opera_dataset\01000000\01003011_斩黄袍.pdf,01000000/01003011_斩黄袍.pdf,62507f36-aa22-4065-bb0f-f7de69f87e7c,9,【第十一场】,153,lyric,lyric,郑恩,pdf_01000000__01003011___a844c57d4e__char__0fc20654bc,西皮摇板,唱,西皮摇板,唱段,郑恩,"郑家本是忠良将,岂肯作了反叛臣?","郑恩（西皮摇板）郑家本是忠良将,岂肯作了反叛臣?"
pdf_01000000__01003011___a844c57d4e,斩黄袍,pdf_01000000__01003011___a844c57d4e__line__000153,pdf_01000000__01003011___a844c57d4e__scene__009,01003011_斩黄袍.pdf,D:\University_studies\Junior\data_visualization\experiment\final_self\opera_dataset\01000000\01003011_斩黄袍.pdf,01000000/01003011_斩黄袍.pdf,62507f36-aa22-4065-bb0f-f7de69f87e7c,9,【第十一场】,153,lyric,lyric,郑英,pdf_01000000__01003011___a844c57d4e__char__3ee7c6ada5,西皮摇板,唱,西皮摇板,上；命；唱段,郑英,"法场上闷坏了小郑英,倒不如一命丧残生。","郑英（西皮摇板）法场上闷坏了小郑英,倒不如一命丧残生。"
pdf_01000000__01003011___a844c57d4e,斩黄袍,pdf_01000000__01003011___a844c57d4e__line__000153,pdf_01000000__01003011___a844c57d4e__scene__009,01003011_斩黄袍.pdf,D:\University_studies\Junior\data_visualization\experiment\final_self\opera_dataset\01000000\01003011_斩黄袍.pdf,01000000/01003011_斩黄袍.pdf,62507f36-aa22-4065-bb0f-f7de69f87e7c,9,【第十一场】,153,lyric,lyric,黄花真人,pdf_01000000__01003011___a844c57d4e__char__b70227e412,西皮快板,唱,西皮快板,下；来；去；唱段,黄花真人,"黄花山来黄花洞,黄花洞中一仙翁。你的儿子我带去,兵法武艺教得通。若要她母子重相会,大下南唐再相逢。","黄花真人（西皮快板）黄花山来黄花洞,黄花洞中一仙翁。你的儿子我带去,兵法武艺教得通。若要她母子重相会,大下南唐再相逢。"
pdf_01000000__01003011___a844c57d4e,斩黄袍,pdf_01000000__01003011___a844c57d4e__line__000153,pdf_01000000__01003011___a844c57d4e__scene__009,01003011_斩黄袍.pdf,D:\University_studies\Junior\data_visualization\experiment\final_self\opera_dataset\01000000\01003011_斩黄袍.pdf,01000000/01003011_斩黄袍.pdf,62507f36-aa22-4065-bb0f-f7de69f87e7c,9,【第十一场】,153,dialogue,dialogue,众人,pdf_01000000__01003011___a844c57d4e__char__7f0b3368cb,同白,白,同白,念白,众人,启三千岁:公子不见了。,众人（同白）启三千岁:公子不见了。
pdf_01000000__01003011___a844c57d4e,斩黄袍,pdf_01000000__01003011___a844c57d4e__line__000153,pdf_01000000__01003011___a844c57d4e__scene__009,01003011_斩黄袍.pdf,D:\University_studies\Junior\data_visualization\experiment\final_self\opera_dataset\01000000\01003011_斩黄袍.pdf,01000000/01003011_斩黄袍.pdf,62507f36-aa22-4065-bb0f-f7de69f87e7c,9,【第十一场】,153,dialogue,dialogue,郑恩,pdf_01000000__01003011___a844c57d4e__char__0fc20654bc,白,白,白,念白,郑恩,"哎呀,不好了!","郑恩（白）哎呀,不好了!"
pdf_01000000__01003011___a844c57d4e,斩黄袍,pdf_01000000__01003011___a844c57d4e__line__000153,pdf_01000000__01003011___a844c57d4e__scene__009,01003011_斩黄袍.pdf,D:\University_studies\Junior\data_visualization\experiment\final_self\opera_dataset\01000000\01003011_斩黄袍.pdf,01000000/01003011_斩黄袍.pdf,62507f36-aa22-4065-bb0f-f7de69f87e7c,9,【第十一场】,153,dialogue,dialogue,韩龙,pdf_01000000__01003011___a844c57d4e__char__61f13d5518,白,白,白,来；念白,韩龙,来!,韩龙（白）来!
pdf_01000000__01003011___a844c57d4e,斩黄袍,pdf_01000000__01003011___a844c57d4e__line__000153,pdf_01000000__01003011___a844c57d4e__scene__009,01003011_斩黄袍.pdf,D:\University_studies\Junior\data_visualization\experiment\final_self\opera_dataset\01000000\01003011_斩黄袍.pdf,01000000/01003011_斩黄袍.pdf,62507f36-aa22-4065-bb0f-f7de69f87e7c,9,【第十一场】,153,dialogue,dialogue,韩龙,pdf_01000000__01003011___a844c57d4e__char__61f13d5518,白,白,白,念白,韩龙,时辰可到?,韩龙（白）时辰可到?
pdf_01000000__01003011___a844c57d4e,斩黄袍,pdf_01000000__01003011___a844c57d4e__line__000153,pdf_01000000__01003011___a844c57d4e__scene__009,01003011_斩黄袍.pdf,D:\University_studies\Junior\data_visualization\experiment\final_self\opera_dataset\01000000\01003011_斩黄袍.pdf,01000000/01003011_斩黄袍.pdf,62507f36-aa22-4065-bb0f-f7de69f87e7c,9,【第十一场】,153,dialogue,dialogue,武士,pdf_01000000__01003011___a844c57d4e__char__26d1af98e1,同白,白,同白,念白,武士,未到。,武士（同白）未到。
pdf_01000000__01003011___a844c57d4e,斩黄袍,pdf_01000000__01003011___a844c57d4e__line__000153,pdf_01000000__01003011___a844c57d4e__scene__009,01003011_斩黄袍.pdf,D:\University_studies\Junior\data_visualization\experiment\final_self\opera_dataset\01000000\01003011_斩黄袍.pdf,01000000/01003011_斩黄袍.pdf,62507f36-aa22-4065-bb0f-f7de69f87e7c,9,【第十一场】,153,dialogue,dialogue,韩龙,pdf_01000000__01003011___a844c57d4e__char__61f13d5518,白,白,白,念白,韩龙,可有个赖时?,韩龙（白）可有个赖时?
pdf_01000000__01003011___a844c57d4e,斩黄袍,pdf_01000000__01003011___a844c57d4e__line__000153,pdf_01000000__01003011___a844c57d4e__scene__009,01003011_斩黄袍.pdf,D:\University_studies\Junior\data_visualization\experiment\final_self\opera_dataset\01000000\01003011_斩黄袍.pdf,01000000/01003011_斩黄袍.pdf,62507f36-aa22-4065-bb0f-f7de69f87e7c,9,【第十一场】,153,dialogue,dialogue,众武士,pdf_01000000__01003011___a844c57d4e__char__0af440b140,同白,白,同白,念白,众武士,"只有亥时,没有赖时。","众武士（同白）只有亥时,没有赖时。"
pdf_01000000__01003011___a844c57d4e,斩黄袍,pdf_01000000__01003011___a844c57d4e__line__000153,pdf_01000000__01003011___a844c57d4e__scene__009,01003011_斩黄袍.pdf,D:\University_studies\Junior\data_visualization\experiment\final_self\opera_dataset\01000000\01003011_斩黄袍.pdf,01000000/01003011_斩黄袍.pdf,62507f36-aa22-4065-bb0f-f7de69f87e7c,9,【第十一场】,153,dialogue,dialogue,韩龙,pdf_01000000__01003011___a844c57d4e__char__61f13d5518,白,白,白,去；拿；念白,韩龙,"赖个时辰,拿去斩了罢。","韩龙（白）赖个时辰,拿去斩了罢。"
pdf_01000000__01003011___a844c57d4e,斩黄袍,pdf_01000000__01003011___a844c57d4e__line__000153,pdf_01000000__01003011___a844c57d4e__scene__009,01003011_斩黄袍.pdf,D:\University_studies\Junior\data_visualization\experiment\final_self\opera_dataset\01000000\01003011_斩黄袍.pdf,01000000/01003011_斩黄袍.pdf,62507f36-aa22-4065-bb0f-f7de69f87e7c,9,【第十一场】,153,dialogue,dialogue,众武士,pdf_01000000__01003011___a844c57d4e__char__0af440b140,同白,白,同白,请；念白,众武士,请三千岁归天位。,众武士（同白）请三千岁归天位。
pdf_01000000__01003011___a844c57d4e,斩黄袍,pdf_01000000__01003011___a844c57d4e__line__000153,pdf_01000000__01003011___a844c57d4e__scene__009,01003011_斩黄袍.pdf,D:\University_studies\Junior\data_visualization\experiment\final_self\opera_dataset\01000000\01003011_斩黄袍.pdf,01000000/01003011_斩黄袍.pdf,62507f36-aa22-4065-bb0f-f7de69f87e7c,9,【第十一场】,153,dialogue,dialogue,郑恩,pdf_01000000__01003011___a844c57d4e__char__0fc20654bc,白,白,白,念白,郑恩,昏王吓!,郑恩（白）昏王吓!
pdf_01000000__01003011___a844c57d4e,斩黄袍,pdf_01000000__01003011___a844c57d4e__line__000153,pdf_01000000__01003011___a844c57d4e__scene__009,01003011_斩黄袍.pdf,D:\University_studies\Junior\data_visualization\experiment\final_self\opera_dataset\01000000\01003011_斩黄袍.pdf,01000000/01003011_斩黄袍.pdf,62507f36-aa22-4065-bb0f-f7de69f87e7c,9,【第十一场】,153,dialogue,dialogue,众武士,pdf_01000000__01003011___a844c57d4e__char__0af440b140,同白,白,同白,念白,众武士,开刀斩讫。,众武士（同白）开刀斩讫。
pdf_01000000__01003011___a844c57d4e,斩黄袍,pdf_01000000__01003011___a844c57d4e__line__000153,pdf_01000000__01003011___a844c57d4e__scene__009,01003011_斩黄袍.pdf,D:\University_studies\Junior\data_visualization\experiment\final_self\opera_dataset\01000000\01003011_斩黄袍.pdf,01000000/01003011_斩黄袍.pdf,62507f36-aa22-4065-bb0f-f7de69f87e7c,9,【第十一场】,153,dialogue,dialogue,韩龙,pdf_01000000__01003011___a844c57d4e__char__61f13d5518,白,白,白,上；念白,韩龙,上殿交旨。,韩龙（白）上殿交旨。
pdf_01000000__01003011___a844c57d4e,斩黄袍,pdf_01000000__01003011___a844c57d4e__line__000155,pdf_01000000__01003011___a844c57d4e__scene__009,01003011_斩黄袍.pdf,D:\University_studies\Junior\data_visualization\experiment\final_self\opera_dataset\01000000\01003011_斩黄袍.pdf,01000000/01003011_斩黄袍.pdf,62507f36-aa22-4065-bb0f-f7de69f87e7c,9,【第十一场】,155,dialogue,dialogue,,,念,念,念,下,韩龙,满朝文武俱斩尽，让我兄妹掌权衡。（众武士、韩龙同下。）,（念） 满朝文武俱斩尽，让我兄妹掌权衡。（众武士、韩龙同下。）
pdf_01000000__01003011___a844c57d4e,斩黄袍,pdf_01000000__01003011___a844c57d4e__line__000159,pdf_01000000__01003011___a844c57d4e__scene__010,01003011_斩黄袍.pdf,D:\University_studies\Junior\data_visualization\experiment\final_self\opera_dataset\01000000\01003011_斩黄袍.pdf,01000000/01003011_斩黄袍.pdf,62507f36-aa22-4065-bb0f-f7de69f87e7c,10,【第十二场】,159,dialogue,dialogue,,,陶三春上。家院上。,对白,陶三春上。家院上。,上；命；叫,陶三春；家院,家院 （白） 启夫人：王爷斩首法场，公子一时不见了。陶三春 （白） 哎呀，老爷吓！（西皮摇板） 听说儿夫丧了命，怎不叫人泪淋淋！（白） 家院，吩咐众将，各自披挂，大堂听点。,（陶三春上。家院上。）家院 （白） 启夫人：王爷斩首法场，公子一时不见了。陶三春 （白） 哎呀，老爷吓！（西皮摇板） 听说儿夫丧了命，怎不叫人泪淋淋！（白） 家院，吩咐众将，各自披挂，大堂听点。
pdf_01000000__01003011___a844c57d4e,斩黄袍,pdf_01000000__01003011___a844c57d4e__line__000161,pdf_01000000__01003011___a844c57d4e__scene__010,01003011_斩黄袍.pdf,D:\University_studies\Junior\data_visualization\experiment\final_self\opera_dataset\01000000\01003011_斩黄袍.pdf,01000000/01003011_斩黄袍.pdf,62507f36-aa22-4065-bb0f-f7de69f87e7c,10,【第十二场】,161,dialogue,dialogue,,,陶三春下。,对白,陶三春下。,上；下；来；令；道；拿；杀,四龙套；陶三春；龙套；家院,家院 （白） 众将个个披挂，大堂听点！（起鼓。四龙套自两边分上。陶三春上。）陶三春 （西皮快板） 炮响号令振山岳，拿住昏君定不饶。人来催马前引道，杀上金殿灭当朝。,（陶三春下。）家院 （白） 众将个个披挂，大堂听点！（起鼓。四龙套自两边分上。陶三春上。）陶三春 （西皮快板） 炮响号令振山岳，拿住昏君定不饶。人来催马前引道，杀上金殿灭当朝。
pdf_01000000__01003011___a844c57d4e,斩黄袍,pdf_01000000__01003011___a844c57d4e__line__000163,pdf_01000000__01003011___a844c57d4e__scene__010,01003011_斩黄袍.pdf,D:\University_studies\Junior\data_visualization\experiment\final_self\opera_dataset\01000000\01003011_斩黄袍.pdf,01000000/01003011_斩黄袍.pdf,62507f36-aa22-4065-bb0f-f7de69f87e7c,10,【第十二场】,163,stage_direction,stage_direction,,,陶三春、四龙套同下。,做,陶三春、四龙套同下。,下,四龙套；陶三春；龙套,,（陶三春、四龙套同下。）
pdf_01000000__01003011___a844c57d4e,斩黄袍,pdf_01000000__01003011___a844c57d4e__line__000167,pdf_01000000__01003011___a844c57d4e__scene__011,01003011_斩黄袍.pdf,D:\University_studies\Junior\data_visualization\experiment\final_self\opera_dataset\01000000\01003011_斩黄袍.pdf,01000000/01003011_斩黄袍.pdf,62507f36-aa22-4065-bb0f-f7de69f87e7c,11,【第十三场】,167,narration,narration,,,,说明,,上；下；走；来；去；问；报；道；哭,四龙套；陶三春；郑恩；龙套,（郑恩上。）郑恩 （西皮摇板） 汗马功劳今何在，无常一到万事休。（白） 吾乃郑恩鬼魂是也。只因陶三春，点动人马，与我报仇。现有黄花真人，将吾儿救去，夫人哪里知道。不免去到中途，路上说明便了。（西皮摇板） 将身站在中途路，等候我妻陶三春。（四龙套同上，陶三春上。）陶三春 （西皮摇板） 王府点动人和马，要与夫君把冤伸。（白） 前道为何不行？四龙套 （同白） 黑风挡路。陶三春 （白） 列开旗门。（西皮快板） 陶三春马上问一声，你是何方鬼怪精？郑恩 （西皮快板） 不是鬼来不是精，是你的丈夫郑子明。陶三春 （西皮快板） 既是我夫郑子明，可知孩儿信和音？郑恩 （西皮快板） 黄花山来黄花洞，黄花洞中一仙翁。将我孩儿他带去，道法武艺他教通。你母子若要重相会，大下南唐再相逢。本待与你多叙话，尤恐误了南天门。耳旁听得天鼓响，你走阳来我走阴。（郑恩下。）陶三春 （哭） 哎呀！王爷，夫君呀！,（郑恩上。）郑恩 （西皮摇板） 汗马功劳今何在，无常一到万事休。（白） 吾乃郑恩鬼魂是也。只因陶三春，点动人马，与我报仇。现有黄花真人，将吾儿救去，夫人哪里知道。不免去到中途，路上说明便了。（西皮摇板） 将身站在中途路，等候我妻陶三春。（四龙套同上，陶三春上。）陶三春 （西皮摇板） 王府点动人和马，要与夫君把冤伸。（白） 前道为何不行？四龙套 （同白） 黑风挡路。陶三春 （白） 列开旗门。（西皮快板） 陶三春马上问一声，你是何方鬼怪精？郑恩 （西皮快板） 不是鬼来不是精，是你的丈夫郑子明。陶三春 （西皮快板） 既是我夫郑子明，可知孩儿信和音？郑恩 （西皮快板） 黄花山来黄花洞，黄花洞中一仙翁。将我孩儿他带去，道法武艺他教通。你母子若要重相会，大下南唐再相逢。本待与你多叙话，尤恐误了南天门。耳旁听得天鼓响，你走阳来我走阴。（郑恩下。）陶三春　　（哭） 哎呀！王爷，夫君呀！
pdf_01000000__01003011___a844c57d4e,斩黄袍,pdf_01000000__01003011___a844c57d4e__line__000169,pdf_01000000__01003011___a844c57d4e__scene__011,01003011_斩黄袍.pdf,D:\University_studies\Junior\data_visualization\experiment\final_self\opera_dataset\01000000\01003011_斩黄袍.pdf,01000000/01003011_斩黄袍.pdf,62507f36-aa22-4065-bb0f-f7de69f87e7c,11,【第十三场】,169,lyric,lyric,,,西皮快板,唱,西皮快板,去；唱段,西皮快板）；一见夫君他去了,一见夫君他去了，,（西皮快板） 一见夫君他去了，
pdf_01000000__01003011___a844c57d4e,斩黄袍,pdf_01000000__01003011___a844c57d4e__line__000171,pdf_01000000__01003011___a844c57d4e__scene__011,01003011_斩黄袍.pdf,D:\University_studies\Junior\data_visualization\experiment\final_self\opera_dataset\01000000\01003011_斩黄袍.pdf,01000000/01003011_斩黄袍.pdf,62507f36-aa22-4065-bb0f-f7de69f87e7c,11,【第十三场】,171,narration,narration,,,,说明,,叫,怎不叫人两泪抛,怎不叫人两泪抛！,怎不叫人两泪抛！
pdf_01000000__01003011___a844c57d4e,斩黄袍,pdf_01000000__01003011___a844c57d4e__line__000173,pdf_01000000__01003011___a844c57d4e__scene__011,01003011_斩黄袍.pdf,D:\University_studies\Junior\data_visualization\experiment\final_self\opera_dataset\01000000\01003011_斩黄袍.pdf,01000000/01003011_斩黄袍.pdf,62507f36-aa22-4065-bb0f-f7de69f87e7c,11,【第十三场】,173,narration,narration,,,,说明,,叫,叫儿郎催动人和马,叫儿郎催动人和马，,叫儿郎催动人和马，
pdf_01000000__01003011___a844c57d4e,斩黄袍,pdf_01000000__01003011___a844c57d4e__line__000175,pdf_01000000__01003011___a844c57d4e__scene__011,01003011_斩黄袍.pdf,D:\University_studies\Junior\data_visualization\experiment\final_self\opera_dataset\01000000\01003011_斩黄袍.pdf,01000000/01003011_斩黄袍.pdf,62507f36-aa22-4065-bb0f-f7de69f87e7c,11,【第十三场】,175,narration,narration,,,,说明,,上；拿,反；金殿拿昏王,反上金殿拿昏王！,反上金殿拿昏王！
pdf_01000000__01003011___a844c57d4e,斩黄袍,pdf_01000000__01003011___a844c57d4e__line__000177,pdf_01000000__01003011___a844c57d4e__scene__011,01003011_斩黄袍.pdf,D:\University_studies\Junior\data_visualization\experiment\final_self\opera_dataset\01000000\01003011_斩黄袍.pdf,01000000/01003011_斩黄袍.pdf,62507f36-aa22-4065-bb0f-f7de69f87e7c,11,【第十三场】,177,stage_direction,stage_direction,,,四龙套、陶三春同下。,做,四龙套、陶三春同下。,下,四龙套；陶三春；龙套,,（四龙套、陶三春同下。）
pdf_01000000__01003011___a844c57d4e,斩黄袍,pdf_01000000__01003011___a844c57d4e__line__000183,pdf_01000000__01003011___a844c57d4e__scene__012,01003011_斩黄袍.pdf,D:\University_studies\Junior\data_visualization\experiment\final_self\opera_dataset\01000000\01003011_斩黄袍.pdf,01000000/01003011_斩黄袍.pdf,62507f36-aa22-4065-bb0f-f7de69f87e7c,12,【第十四场】,183,lyric,lyric,高怀德,pdf_01000000__01003011___a844c57d4e__char__c766491bbd,西皮摇板,唱,西皮摇板,来；杀；唱段,陶三春；高怀德,"回头便对御亲论,弟妹人马你要当承。听说反了陶三春,不由我心中喜盈盈。任她反来任她杀,怀德不管这闲事情!","高怀德（西皮摇板）回头便对御亲论,弟妹人马你要当承。听说反了陶三春,不由我心中喜盈盈。任她反来任她杀,怀德不管这闲事情!"
pdf_01000000__01003011___a844c57d4e,斩黄袍,pdf_01000000__01003011___a844c57d4e__line__000183,pdf_01000000__01003011___a844c57d4e__scene__012,01003011_斩黄袍.pdf,D:\University_studies\Junior\data_visualization\experiment\final_self\opera_dataset\01000000\01003011_斩黄袍.pdf,01000000/01003011_斩黄袍.pdf,62507f36-aa22-4065-bb0f-f7de69f87e7c,12,【第十四场】,183,lyric,lyric,赵匡胤,pdf_01000000__01003011___a844c57d4e__char__72668eef72,西皮摇板,唱,西皮摇板,唱段,赵匡胤,骂声怀德是奸臣!,赵匡胤（西皮摇板）骂声怀德是奸臣!
pdf_01000000__01003011___a844c57d4e,斩黄袍,pdf_01000000__01003011___a844c57d4e__line__000183,pdf_01000000__01003011___a844c57d4e__scene__012,01003011_斩黄袍.pdf,D:\University_studies\Junior\data_visualization\experiment\final_self\opera_dataset\01000000\01003011_斩黄袍.pdf,01000000/01003011_斩黄袍.pdf,62507f36-aa22-4065-bb0f-f7de69f87e7c,12,【第十四场】,183,dialogue,dialogue,高怀德,pdf_01000000__01003011___a844c57d4e__char__c766491bbd,白,白,白,念白,高怀德,谁是奸臣?,高怀德（白）谁是奸臣?
pdf_01000000__01003011___a844c57d4e,斩黄袍,pdf_01000000__01003011___a844c57d4e__line__000183,pdf_01000000__01003011___a844c57d4e__scene__012,01003011_斩黄袍.pdf,D:\University_studies\Junior\data_visualization\experiment\final_self\opera_dataset\01000000\01003011_斩黄袍.pdf,01000000/01003011_斩黄袍.pdf,62507f36-aa22-4065-bb0f-f7de69f87e7c,12,【第十四场】,183,dialogue,dialogue,赵匡胤,pdf_01000000__01003011___a844c57d4e__char__72668eef72,白,白,白,念白,赵匡胤,"你是忠臣,我晓得吓!","赵匡胤（白）你是忠臣,我晓得吓!"
pdf_01000000__01003011___a844c57d4e,斩黄袍,pdf_01000000__01003011___a844c57d4e__line__000183,pdf_01000000__01003011___a844c57d4e__scene__012,01003011_斩黄袍.pdf,D:\University_studies\Junior\data_visualization\experiment\final_self\opera_dataset\01000000\01003011_斩黄袍.pdf,01000000/01003011_斩黄袍.pdf,62507f36-aa22-4065-bb0f-f7de69f87e7c,12,【第十四场】,183,dialogue,dialogue,高怀德,pdf_01000000__01003011___a844c57d4e__char__c766491bbd,白,白,白,念白,高怀德,你斩谁?,高怀德（白）你斩谁?
pdf_01000000__01003011___a844c57d4e,斩黄袍,pdf_01000000__01003011___a844c57d4e__line__000183,pdf_01000000__01003011___a844c57d4e__scene__012,01003011_斩黄袍.pdf,D:\University_studies\Junior\data_visualization\experiment\final_self\opera_dataset\01000000\01003011_斩黄袍.pdf,01000000/01003011_斩黄袍.pdf,62507f36-aa22-4065-bb0f-f7de69f87e7c,12,【第十四场】,183,dialogue,dialogue,赵匡胤,pdf_01000000__01003011___a844c57d4e__char__72668eef72,白,白,白,念白,赵匡胤,我不敢斩!,赵匡胤（白）我不敢斩!
pdf_01000000__01003011___a844c57d4e,斩黄袍,pdf_01000000__01003011___a844c57d4e__line__000183,pdf_01000000__01003011___a844c57d4e__scene__012,01003011_斩黄袍.pdf,D:\University_studies\Junior\data_visualization\experiment\final_self\opera_dataset\01000000\01003011_斩黄袍.pdf,01000000/01003011_斩黄袍.pdf,62507f36-aa22-4065-bb0f-f7de69f87e7c,12,【第十四场】,183,dialogue,dialogue,高怀德,pdf_01000000__01003011___a844c57d4e__char__c766491bbd,白,白,白,念白,高怀德,你不敢斩我!,高怀德（白）你不敢斩我!
pdf_01000000__01003011___a844c57d4e,斩黄袍,pdf_01000000__01003011___a844c57d4e__line__000183,pdf_01000000__01003011___a844c57d4e__scene__012,01003011_斩黄袍.pdf,D:\University_studies\Junior\data_visualization\experiment\final_self\opera_dataset\01000000\01003011_斩黄袍.pdf,01000000/01003011_斩黄袍.pdf,62507f36-aa22-4065-bb0f-f7de69f87e7c,12,【第十四场】,183,lyric,lyric,赵匡胤,pdf_01000000__01003011___a844c57d4e__char__72668eef72,西皮摇板,唱,西皮摇板,看；跪；唱段,赵匡胤,"哎唷唷,我晓得吓!哪一个敢斩孤的高御亲!孤王无奈屈膝跪,不看寡人看先君。","赵匡胤（西皮摇板）哎唷唷,我晓得吓!哪一个敢斩孤的高御亲!孤王无奈屈膝跪,不看寡人看先君。"
pdf_01000000__01003011___a844c57d4e,斩黄袍,pdf_01000000__01003011___a844c57d4e__line__000183,pdf_01000000__01003011___a844c57d4e__scene__012,01003011_斩黄袍.pdf,D:\University_studies\Junior\data_visualization\experiment\final_self\opera_dataset\01000000\01003011_斩黄袍.pdf,01000000/01003011_斩黄袍.pdf,62507f36-aa22-4065-bb0f-f7de69f87e7c,12,【第十四场】,183,lyric,lyric,高怀德,pdf_01000000__01003011___a844c57d4e__char__c766491bbd,西皮摇板,唱,西皮摇板,请；唱段,高怀德,"尊声万岁忙请起,皇嫂人马我担承。","高怀德（西皮摇板）尊声万岁忙请起,皇嫂人马我担承。"
pdf_01000000__01003011___a844c57d4e,斩黄袍,pdf_01000000__01003011___a844c57d4e__line__000183,pdf_01000000__01003011___a844c57d4e__scene__012,01003011_斩黄袍.pdf,D:\University_studies\Junior\data_visualization\experiment\final_self\opera_dataset\01000000\01003011_斩黄袍.pdf,01000000/01003011_斩黄袍.pdf,62507f36-aa22-4065-bb0f-f7de69f87e7c,12,【第十四场】,183,lyric,lyric,赵匡胤,pdf_01000000__01003011___a844c57d4e__char__72668eef72,西皮摇板,唱,西皮摇板,进；唱段,赵匡胤,"内待臣罢驾敌楼进,","赵匡胤（西皮摇板）内待臣罢驾敌楼进,"
pdf_01000000__01003011___a844c57d4e,斩黄袍,pdf_01000000__01003011___a844c57d4e__line__000183,pdf_01000000__01003011___a844c57d4e__scene__012,01003011_斩黄袍.pdf,D:\University_studies\Junior\data_visualization\experiment\final_self\opera_dataset\01000000\01003011_斩黄袍.pdf,01000000/01003011_斩黄袍.pdf,62507f36-aa22-4065-bb0f-f7de69f87e7c,12,【第十四场】,183,lyric,lyric,赵匡胤,pdf_01000000__01003011___a844c57d4e__char__72668eef72,西皮摇板,唱,西皮摇板,来；看；唱段,赵匡胤,看看弟妹发来兵。,赵匡胤（西皮摇板）看看弟妹发来兵。
pdf_01000000__01003011___a844c57d4e,斩黄袍,pdf_01000000__01003011___a844c57d4e__line__000183,pdf_01000000__01003011___a844c57d4e__scene__012,01003011_斩黄袍.pdf,D:\University_studies\Junior\data_visualization\experiment\final_self\opera_dataset\01000000\01003011_斩黄袍.pdf,01000000/01003011_斩黄袍.pdf,62507f36-aa22-4065-bb0f-f7de69f87e7c,12,【第十四场】,183,dialogue,dialogue,陶三春,pdf_01000000__01003011___a844c57d4e__char__e52cb8b02b,内西皮导板,对白,内西皮导板,,陶三春,"北平府逼反陶三春,","陶三春（内西皮导板）北平府逼反陶三春,"
pdf_01000000__01003011___a844c57d4e,斩黄袍,pdf_01000000__01003011___a844c57d4e__line__000183,pdf_01000000__01003011___a844c57d4e__scene__012,01003011_斩黄袍.pdf,D:\University_studies\Junior\data_visualization\experiment\final_self\opera_dataset\01000000\01003011_斩黄袍.pdf,01000000/01003011_斩黄袍.pdf,62507f36-aa22-4065-bb0f-f7de69f87e7c,12,【第十四场】,183,lyric,lyric,陶三春,pdf_01000000__01003011___a844c57d4e__char__e52cb8b02b,西皮快板,唱,西皮快板,来；叫；拿；唱段,陶三春,"号炮不住响连声。叫儿郎将皇城来围定,拿住了昏王把冤伸。","陶三春（西皮快板）号炮不住响连声。叫儿郎将皇城来围定,拿住了昏王把冤伸。"
pdf_01000000__01003011___a844c57d4e,斩黄袍,pdf_01000000__01003011___a844c57d4e__line__000183,pdf_01000000__01003011___a844c57d4e__scene__012,01003011_斩黄袍.pdf,D:\University_studies\Junior\data_visualization\experiment\final_self\opera_dataset\01000000\01003011_斩黄袍.pdf,01000000/01003011_斩黄袍.pdf,62507f36-aa22-4065-bb0f-f7de69f87e7c,12,【第十四场】,183,lyric,lyric,赵匡胤,pdf_01000000__01003011___a844c57d4e__char__72668eef72,西皮快板,唱,西皮快板,上；下；来；看；打；坐；唱段,赵匡胤,"丹凤眼来看端详,果然一座好战场:人成对,马成双,刀枪剑戟列两旁。坐纛旗下一女将,看她打扮世无双:头戴银盔珠绕顶,身上铠甲似秋霜;跨下一骑桃花马,手执青龙放毫光。孤王假意把话讲,是何方女将反汴梁?","赵匡胤（西皮快板）丹凤眼来看端详,果然一座好战场:人成对,马成双,刀枪剑戟列两旁。坐纛旗下一女将,看她打扮世无双:头戴银盔珠绕顶,身上铠甲似秋霜;跨下一骑桃花马,手执青龙放毫光。孤王假意把话讲,是何方女将反汴梁?"
pdf_01000000__01003011___a844c57d4e,斩黄袍,pdf_01000000__01003011___a844c57d4e__line__000183,pdf_01000000__01003011___a844c57d4e__scene__012,01003011_斩黄袍.pdf,D:\University_studies\Junior\data_visualization\experiment\final_self\opera_dataset\01000000\01003011_斩黄袍.pdf,01000000/01003011_斩黄袍.pdf,62507f36-aa22-4065-bb0f-f7de69f87e7c,12,【第十四场】,183,lyric,lyric,陶三春,pdf_01000000__01003011___a844c57d4e__char__e52cb8b02b,西皮快板,唱,西皮快板,道；唱段,陶三春,"骂声昏王无道君,不认得姑娘陶三春!","陶三春（西皮快板）骂声昏王无道君,不认得姑娘陶三春!"
pdf_01000000__01003011___a844c57d4e,斩黄袍,pdf_01000000__01003011___a844c57d4e__line__000183,pdf_01000000__01003011___a844c57d4e__scene__012,01003011_斩黄袍.pdf,D:\University_studies\Junior\data_visualization\experiment\final_self\opera_dataset\01000000\01003011_斩黄袍.pdf,01000000/01003011_斩黄袍.pdf,62507f36-aa22-4065-bb0f-f7de69f87e7c,12,【第十四场】,183,lyric,lyric,赵匡胤,pdf_01000000__01003011___a844c57d4e__char__72668eef72,西皮快板,唱,西皮快板,上；唱段,赵匡胤,"三弟常常对我讲,弟妹武艺比他强。一无有哪国贼犯上,二无有土匪犯边疆,孤王也未把旨降,弟妹领兵征何方?","赵匡胤（西皮快板）三弟常常对我讲,弟妹武艺比他强。一无有哪国贼犯上,二无有土匪犯边疆,孤王也未把旨降,弟妹领兵征何方?"
pdf_01000000__01003011___a844c57d4e,斩黄袍,pdf_01000000__01003011___a844c57d4e__line__000183,pdf_01000000__01003011___a844c57d4e__scene__012,01003011_斩黄袍.pdf,D:\University_studies\Junior\data_visualization\experiment\final_self\opera_dataset\01000000\01003011_斩黄袍.pdf,01000000/01003011_斩黄袍.pdf,62507f36-aa22-4065-bb0f-f7de69f87e7c,12,【第十四场】,183,lyric,lyric,陶三春,pdf_01000000__01003011___a844c57d4e__char__e52cb8b02b,西皮摇板,唱,西皮摇板,唱段,陶三春,"我的夫身犯何条罪,为何斩首在午门?","陶三春（西皮摇板）我的夫身犯何条罪,为何斩首在午门?"
pdf_01000000__01003011___a844c57d4e,斩黄袍,pdf_01000000__01003011___a844c57d4e__line__000183,pdf_01000000__01003011___a844c57d4e__scene__012,01003011_斩黄袍.pdf,D:\University_studies\Junior\data_visualization\experiment\final_self\opera_dataset\01000000\01003011_斩黄袍.pdf,01000000/01003011_斩黄袍.pdf,62507f36-aa22-4065-bb0f-f7de69f87e7c,12,【第十四场】,183,lyric,lyric,赵匡胤,pdf_01000000__01003011___a844c57d4e__char__72668eef72,西皮快板,唱,西皮快板,来；唱段,赵匡胤,"三弟生来情性犟,他把言语压孤王。孤王未曾把旨降,","赵匡胤（西皮快板）三弟生来情性犟,他把言语压孤王。孤王未曾把旨降,"
pdf_01000000__01003011___a844c57d4e,斩黄袍,pdf_01000000__01003011___a844c57d4e__line__000185,pdf_01000000__01003011___a844c57d4e__scene__012,01003011_斩黄袍.pdf,D:\University_studies\Junior\data_visualization\experiment\final_self\opera_dataset\01000000\01003011_斩黄袍.pdf,01000000/01003011_斩黄袍.pdf,62507f36-aa22-4065-bb0f-f7de69f87e7c,12,【第十四场】,185,lyric,lyric,陶三春,pdf_01000000__01003011___a844c57d4e__char__e52cb8b02b,西皮摇板,唱,西皮摇板,来；唱段,陶三春,"不做官来不受害,要与夫君把冤伸!","陶三春（西皮摇板）不做官来不受害,要与夫君把冤伸!"
pdf_01000000__01003011___a844c57d4e,斩黄袍,pdf_01000000__01003011___a844c57d4e__line__000185,pdf_01000000__01003011___a844c57d4e__scene__012,01003011_斩黄袍.pdf,D:\University_studies\Junior\data_visualization\experiment\final_self\opera_dataset\01000000\01003011_斩黄袍.pdf,01000000/01003011_斩黄袍.pdf,62507f36-aa22-4065-bb0f-f7de69f87e7c,12,【第十四场】,185,lyric,lyric,赵匡胤,pdf_01000000__01003011___a844c57d4e__char__72668eef72,西皮快板,唱,西皮快板,下；杀；唱段,赵匡胤,"孤把好言对你讲,黄口孺子敢逞强!高御亲摆下杀人场,","赵匡胤（西皮快板）孤把好言对你讲,黄口孺子敢逞强!高御亲摆下杀人场,"
pdf_01000000__01003011___a844c57d4e,斩黄袍,pdf_01000000__01003011___a844c57d4e__line__000185,pdf_01000000__01003011___a844c57d4e__scene__012,01003011_斩黄袍.pdf,D:\University_studies\Junior\data_visualization\experiment\final_self\opera_dataset\01000000\01003011_斩黄袍.pdf,01000000/01003011_斩黄袍.pdf,62507f36-aa22-4065-bb0f-f7de69f87e7c,12,【第十四场】,185,dialogue,dialogue,高怀德,pdf_01000000__01003011___a844c57d4e__char__c766491bbd,白,白,白,念白,高怀德,不能得胜?,高怀德（白）不能得胜?
pdf_01000000__01003011___a844c57d4e,斩黄袍,pdf_01000000__01003011___a844c57d4e__line__000185,pdf_01000000__01003011___a844c57d4e__scene__012,01003011_斩黄袍.pdf,D:\University_studies\Junior\data_visualization\experiment\final_self\opera_dataset\01000000\01003011_斩黄袍.pdf,01000000/01003011_斩黄袍.pdf,62507f36-aa22-4065-bb0f-f7de69f87e7c,12,【第十四场】,185,lyric,lyric,赵匡胤,pdf_01000000__01003011___a844c57d4e__char__72668eef72,西皮摇板,唱,西皮摇板,唱段,赵匡胤,"纵然不胜,落一个两无伤!","赵匡胤（西皮摇板）纵然不胜,落一个两无伤!"
pdf_01000000__01003011___a844c57d4e,斩黄袍,pdf_01000000__01003011___a844c57d4e__line__000185,pdf_01000000__01003011___a844c57d4e__scene__012,01003011_斩黄袍.pdf,D:\University_studies\Junior\data_visualization\experiment\final_self\opera_dataset\01000000\01003011_斩黄袍.pdf,01000000/01003011_斩黄袍.pdf,62507f36-aa22-4065-bb0f-f7de69f87e7c,12,【第十四场】,185,lyric,lyric,陶三春,pdf_01000000__01003011___a844c57d4e__char__e52cb8b02b,西皮摇板,唱,西皮摇板,走；来；叫；唱段,陶三春,"听一言来怒气生,定与夫君把冤伸!叫儿郎与我城围定,休要放走了乾德君。","陶三春（西皮摇板）听一言来怒气生,定与夫君把冤伸!叫儿郎与我城围定,休要放走了乾德君。"
pdf_01000000__01003011___a844c57d4e,斩黄袍,pdf_01000000__01003011___a844c57d4e__line__000185,pdf_01000000__01003011___a844c57d4e__scene__012,01003011_斩黄袍.pdf,D:\University_studies\Junior\data_visualization\experiment\final_self\opera_dataset\01000000\01003011_斩黄袍.pdf,01000000/01003011_斩黄袍.pdf,62507f36-aa22-4065-bb0f-f7de69f87e7c,12,【第十四场】,185,lyric,lyric,赵匡胤,pdf_01000000__01003011___a844c57d4e__char__72668eef72,西皮摇板,唱,西皮摇板,下；叫；唱段,陶三春；赵匡胤,"孤王一言错出唇,城下逼反陶三春!眼望着养老院一声叫:我的娘吓!没奈何好言对他论,罢罢罢!将弟妹封在养老......","赵匡胤（西皮摇板）孤王一言错出唇,城下逼反陶三春!眼望着养老院一声叫:我的娘吓!没奈何好言对他论,罢罢罢!将弟妹封在养老......"
pdf_01000000__01003011___a844c57d4e,斩黄袍,pdf_01000000__01003011___a844c57d4e__line__000185,pdf_01000000__01003011___a844c57d4e__scene__012,01003011_斩黄袍.pdf,D:\University_studies\Junior\data_visualization\experiment\final_self\opera_dataset\01000000\01003011_斩黄袍.pdf,01000000/01003011_斩黄袍.pdf,62507f36-aa22-4065-bb0f-f7de69f87e7c,12,【第十四场】,185,dialogue,dialogue,高怀德,pdf_01000000__01003011___a844c57d4e__char__c766491bbd,白,白,白,念白,高怀德,院!,高怀德（白）院!
pdf_01000000__01003011___a844c57d4e,斩黄袍,pdf_01000000__01003011___a844c57d4e__line__000185,pdf_01000000__01003011___a844c57d4e__scene__012,01003011_斩黄袍.pdf,D:\University_studies\Junior\data_visualization\experiment\final_self\opera_dataset\01000000\01003011_斩黄袍.pdf,01000000/01003011_斩黄袍.pdf,62507f36-aa22-4065-bb0f-f7de69f87e7c,12,【第十四场】,185,dialogue,dialogue,赵匡胤,pdf_01000000__01003011___a844c57d4e__char__72668eef72,白,白,白,念白,赵匡胤,吓、吓......,赵匡胤（白）吓、吓......
pdf_01000000__01003011___a844c57d4e,斩黄袍,pdf_01000000__01003011___a844c57d4e__line__000185,pdf_01000000__01003011___a844c57d4e__scene__012,01003011_斩黄袍.pdf,D:\University_studies\Junior\data_visualization\experiment\final_self\opera_dataset\01000000\01003011_斩黄袍.pdf,01000000/01003011_斩黄袍.pdf,62507f36-aa22-4065-bb0f-f7de69f87e7c,12,【第十四场】,185,dialogue,dialogue,高怀德,pdf_01000000__01003011___a844c57d4e__char__c766491bbd,白,白,白,念白,高怀德,院!,高怀德（白）院!
pdf_01000000__01003011___a844c57d4e,斩黄袍,pdf_01000000__01003011___a844c57d4e__line__000185,pdf_01000000__01003011___a844c57d4e__scene__012,01003011_斩黄袍.pdf,D:\University_studies\Junior\data_visualization\experiment\final_self\opera_dataset\01000000\01003011_斩黄袍.pdf,01000000/01003011_斩黄袍.pdf,62507f36-aa22-4065-bb0f-f7de69f87e7c,12,【第十四场】,185,dialogue,dialogue,赵匡胤,pdf_01000000__01003011___a844c57d4e__char__72668eef72,白,白,白,念白,赵匡胤,“院”不得!,赵匡胤（白）“院”不得!
pdf_01000000__01003011___a844c57d4e,斩黄袍,pdf_01000000__01003011___a844c57d4e__line__000185,pdf_01000000__01003011___a844c57d4e__scene__012,01003011_斩黄袍.pdf,D:\University_studies\Junior\data_visualization\experiment\final_self\opera_dataset\01000000\01003011_斩黄袍.pdf,01000000/01003011_斩黄袍.pdf,62507f36-aa22-4065-bb0f-f7de69f87e7c,12,【第十四场】,185,dialogue,dialogue,高怀德,pdf_01000000__01003011___a844c57d4e__char__c766491bbd,白,白,白,念白,高怀德,院!,高怀德（白）院!
pdf_01000000__01003011___a844c57d4e,斩黄袍,pdf_01000000__01003011___a844c57d4e__line__000185,pdf_01000000__01003011___a844c57d4e__scene__012,01003011_斩黄袍.pdf,D:\University_studies\Junior\data_visualization\experiment\final_self\opera_dataset\01000000\01003011_斩黄袍.pdf,01000000/01003011_斩黄袍.pdf,62507f36-aa22-4065-bb0f-f7de69f87e7c,12,【第十四场】,185,dialogue,dialogue,赵匡胤,pdf_01000000__01003011___a844c57d4e__char__72668eef72,白,白,白,念白,赵匡胤,哎!,赵匡胤（白）哎!
pdf_01000000__01003011___a844c57d4e,斩黄袍,pdf_01000000__01003011___a844c57d4e__line__000185,pdf_01000000__01003011___a844c57d4e__scene__012,01003011_斩黄袍.pdf,D:\University_studies\Junior\data_visualization\experiment\final_self\opera_dataset\01000000\01003011_斩黄袍.pdf,01000000/01003011_斩黄袍.pdf,62507f36-aa22-4065-bb0f-f7de69f87e7c,12,【第十四场】,185,dialogue,dialogue,高怀德,pdf_01000000__01003011___a844c57d4e__char__c766491bbd,白,白,白,念白,高怀德,院!,高怀德（白）院!
pdf_01000000__01003011___a844c57d4e,斩黄袍,pdf_01000000__01003011___a844c57d4e__line__000185,pdf_01000000__01003011___a844c57d4e__scene__012,01003011_斩黄袍.pdf,D:\University_studies\Junior\data_visualization\experiment\final_self\opera_dataset\01000000\01003011_斩黄袍.pdf,01000000/01003011_斩黄袍.pdf,62507f36-aa22-4065-bb0f-f7de69f87e7c,12,【第十四场】,185,lyric,lyric,赵匡胤,pdf_01000000__01003011___a844c57d4e__char__72668eef72,西皮摇板,唱,西皮摇板,唱段,赵匡胤,你就院!院!院!孤的亲娘吓!,赵匡胤（西皮摇板）你就院!院!院!孤的亲娘吓!
pdf_01000000__01003011___a844c57d4e,斩黄袍,pdf_01000000__01003011___a844c57d4e__line__000185,pdf_01000000__01003011___a844c57d4e__scene__012,01003011_斩黄袍.pdf,D:\University_studies\Junior\data_visualization\experiment\final_self\opera_dataset\01000000\01003011_斩黄袍.pdf,01000000/01003011_斩黄袍.pdf,62507f36-aa22-4065-bb0f-f7de69f87e7c,12,【第十四场】,185,dialogue,dialogue,高怀德,pdf_01000000__01003011___a844c57d4e__char__c766491bbd,白,白,白,念白,高怀德,斩!,高怀德（白）斩!
pdf_01000000__01003011___a844c57d4e,斩黄袍,pdf_01000000__01003011___a844c57d4e__line__000185,pdf_01000000__01003011___a844c57d4e__scene__012,01003011_斩黄袍.pdf,D:\University_studies\Junior\data_visualization\experiment\final_self\opera_dataset\01000000\01003011_斩黄袍.pdf,01000000/01003011_斩黄袍.pdf,62507f36-aa22-4065-bb0f-f7de69f87e7c,12,【第十四场】,185,dialogue,dialogue,赵匡胤,pdf_01000000__01003011___a844c57d4e__char__72668eef72,白,白,白,念白,赵匡胤,斩不得!,赵匡胤（白）斩不得!
pdf_01000000__01003011___a844c57d4e,斩黄袍,pdf_01000000__01003011___a844c57d4e__line__000185,pdf_01000000__01003011___a844c57d4e__scene__012,01003011_斩黄袍.pdf,D:\University_studies\Junior\data_visualization\experiment\final_self\opera_dataset\01000000\01003011_斩黄袍.pdf,01000000/01003011_斩黄袍.pdf,62507f36-aa22-4065-bb0f-f7de69f87e7c,12,【第十四场】,185,dialogue,dialogue,高怀德,pdf_01000000__01003011___a844c57d4e__char__c766491bbd,白,白,白,念白,高怀德,斩得!,高怀德（白）斩得!
pdf_01000000__01003011___a844c57d4e,斩黄袍,pdf_01000000__01003011___a844c57d4e__line__000185,pdf_01000000__01003011___a844c57d4e__scene__012,01003011_斩黄袍.pdf,D:\University_studies\Junior\data_visualization\experiment\final_self\opera_dataset\01000000\01003011_斩黄袍.pdf,01000000/01003011_斩黄袍.pdf,62507f36-aa22-4065-bb0f-f7de69f87e7c,12,【第十四场】,185,dialogue,dialogue,赵匡胤,pdf_01000000__01003011___a844c57d4e__char__72668eef72,白,白,白,念白,赵匡胤,斩不得!,赵匡胤（白）斩不得!
pdf_01000000__01003011___a844c57d4e,斩黄袍,pdf_01000000__01003011___a844c57d4e__line__000185,pdf_01000000__01003011___a844c57d4e__scene__012,01003011_斩黄袍.pdf,D:\University_studies\Junior\data_visualization\experiment\final_self\opera_dataset\01000000\01003011_斩黄袍.pdf,01000000/01003011_斩黄袍.pdf,62507f36-aa22-4065-bb0f-f7de69f87e7c,12,【第十四场】,185,dialogue,dialogue,高怀德,pdf_01000000__01003011___a844c57d4e__char__c766491bbd,白,白,白,念白,高怀德,斩得斩得!,高怀德（白）斩得斩得!
pdf_01000000__01003011___a844c57d4e,斩黄袍,pdf_01000000__01003011___a844c57d4e__line__000185,pdf_01000000__01003011___a844c57d4e__scene__012,01003011_斩黄袍.pdf,D:\University_studies\Junior\data_visualization\experiment\final_self\opera_dataset\01000000\01003011_斩黄袍.pdf,01000000/01003011_斩黄袍.pdf,62507f36-aa22-4065-bb0f-f7de69f87e7c,12,【第十四场】,185,dialogue,dialogue,赵匡胤,pdf_01000000__01003011___a844c57d4e__char__72668eef72,白,白,白,念白,赵匡胤,"哦,斩得。","赵匡胤（白）哦,斩得。"
pdf_01000000__01003011___a844c57d4e,斩黄袍,pdf_01000000__01003011___a844c57d4e__line__000185,pdf_01000000__01003011___a844c57d4e__scene__012,01003011_斩黄袍.pdf,D:\University_studies\Junior\data_visualization\experiment\final_self\opera_dataset\01000000\01003011_斩黄袍.pdf,01000000/01003011_斩黄袍.pdf,62507f36-aa22-4065-bb0f-f7de69f87e7c,12,【第十四场】,185,dialogue,dialogue,高怀德,pdf_01000000__01003011___a844c57d4e__char__c766491bbd,白,白,白,念白,高怀德,斩!,高怀德（白）斩!
pdf_01000000__01003011___a844c57d4e,斩黄袍,pdf_01000000__01003011___a844c57d4e__line__000185,pdf_01000000__01003011___a844c57d4e__scene__012,01003011_斩黄袍.pdf,D:\University_studies\Junior\data_visualization\experiment\final_self\opera_dataset\01000000\01003011_斩黄袍.pdf,01000000/01003011_斩黄袍.pdf,62507f36-aa22-4065-bb0f-f7de69f87e7c,12,【第十四场】,185,lyric,lyric,赵匡胤,pdf_01000000__01003011___a844c57d4e__char__72668eef72,西皮摇板,唱,西皮摇板,道；打；唱段,赵匡胤,你就斩!斩!斩!孤的干娘呀!难道说弟妹铁打的心?,赵匡胤（西皮摇板）你就斩!斩!斩!孤的干娘呀!难道说弟妹铁打的心?
pdf_01000000__01003011___a844c57d4e,斩黄袍,pdf_01000000__01003011___a844c57d4e__line__000185,pdf_01000000__01003011___a844c57d4e__scene__012,01003011_斩黄袍.pdf,D:\University_studies\Junior\data_visualization\experiment\final_self\opera_dataset\01000000\01003011_斩黄袍.pdf,01000000/01003011_斩黄袍.pdf,62507f36-aa22-4065-bb0f-f7de69f87e7c,12,【第十四场】,185,lyric,lyric,陶三春,pdf_01000000__01003011___a844c57d4e__char__e52cb8b02b,西皮摇板,唱,西皮摇板,来；杀；唱段,陶三春,"听一言来泪满腮,可怜儿夫丧尘埃。快还我黄袍和玉带,杀夫冤仇两罢开!","陶三春（西皮摇板）听一言来泪满腮,可怜儿夫丧尘埃。快还我黄袍和玉带,杀夫冤仇两罢开!"
pdf_01000000__01003011___a844c57d4e,斩黄袍,pdf_01000000__01003011___a844c57d4e__line__000185,pdf_01000000__01003011___a844c57d4e__scene__012,01003011_斩黄袍.pdf,D:\University_studies\Junior\data_visualization\experiment\final_self\opera_dataset\01000000\01003011_斩黄袍.pdf,01000000/01003011_斩黄袍.pdf,62507f36-aa22-4065-bb0f-f7de69f87e7c,12,【第十四场】,185,lyric,lyric,赵匡胤,pdf_01000000__01003011___a844c57d4e__char__72668eef72,西皮快板,唱,西皮快板,来；唱段,赵匡胤,"一块金砖落了台,孤王才把心放开。侍臣与孤解袍带,巍巍黄袍现出来。到如今物在人不在,水流长江不回来。御亲与孤把宝解,","赵匡胤（西皮快板）一块金砖落了台,孤王才把心放开。侍臣与孤解袍带,巍巍黄袍现出来。到如今物在人不在,水流长江不回来。御亲与孤把宝解,"
pdf_01000000__01003011___a844c57d4e,斩黄袍,pdf_01000000__01003011___a844c57d4e__line__000187,pdf_01000000__01003011___a844c57d4e__scene__012,01003011_斩黄袍.pdf,D:\University_studies\Junior\data_visualization\experiment\final_self\opera_dataset\01000000\01003011_斩黄袍.pdf,01000000/01003011_斩黄袍.pdf,62507f36-aa22-4065-bb0f-f7de69f87e7c,12,【第十四场】,187,dialogue,dialogue,高怀德,pdf_01000000__01003011___a844c57d4e__char__c766491bbd,白,白,白,念白,高怀德,领旨!,高怀德（白）领旨!
pdf_01000000__01003011___a844c57d4e,斩黄袍,pdf_01000000__01003011___a844c57d4e__line__000187,pdf_01000000__01003011___a844c57d4e__scene__012,01003011_斩黄袍.pdf,D:\University_studies\Junior\data_visualization\experiment\final_self\opera_dataset\01000000\01003011_斩黄袍.pdf,01000000/01003011_斩黄袍.pdf,62507f36-aa22-4065-bb0f-f7de69f87e7c,12,【第十四场】,187,lyric,lyric,高怀德,pdf_01000000__01003011___a844c57d4e__char__c766491bbd,西皮摇板,唱,西皮摇板,唱段,高怀德,见了皇嫂礼相迎。,高怀德（西皮摇板）见了皇嫂礼相迎。
pdf_01000000__01003011___a844c57d4e,斩黄袍,pdf_01000000__01003011___a844c57d4e__line__000187,pdf_01000000__01003011___a844c57d4e__scene__012,01003011_斩黄袍.pdf,D:\University_studies\Junior\data_visualization\experiment\final_self\opera_dataset\01000000\01003011_斩黄袍.pdf,01000000/01003011_斩黄袍.pdf,62507f36-aa22-4065-bb0f-f7de69f87e7c,12,【第十四场】,187,dialogue,dialogue,陶三春,pdf_01000000__01003011___a844c57d4e__char__e52cb8b02b,白,白,白,去；打；收；念白,陶三春,"要我收兵,依我一件:去到北平王府,高搭坛台,打七七四十九日罗天大醮,方可收兵。","陶三春（白）要我收兵,依我一件:去到北平王府,高搭坛台,打七七四十九日罗天大醮,方可收兵。"
pdf_01000000__01003011___a844c57d4e,斩黄袍,pdf_01000000__01003011___a844c57d4e__line__000187,pdf_01000000__01003011___a844c57d4e__scene__012,01003011_斩黄袍.pdf,D:\University_studies\Junior\data_visualization\experiment\final_self\opera_dataset\01000000\01003011_斩黄袍.pdf,01000000/01003011_斩黄袍.pdf,62507f36-aa22-4065-bb0f-f7de69f87e7c,12,【第十四场】,187,dialogue,dialogue,高怀德,pdf_01000000__01003011___a844c57d4e__char__c766491bbd,白,白,白,去；传；打；收；念白,高怀德,"与你传奏。启万岁:要她收兵,要去到北平王府,高搭坛台,打七七四十九日罗天大醮,方可收兵。","高怀德（白）与你传奏。启万岁:要她收兵,要去到北平王府,高搭坛台,打七七四十九日罗天大醮,方可收兵。"
pdf_01000000__01003011___a844c57d4e,斩黄袍,pdf_01000000__01003011___a844c57d4e__line__000187,pdf_01000000__01003011___a844c57d4e__scene__012,01003011_斩黄袍.pdf,D:\University_studies\Junior\data_visualization\experiment\final_self\opera_dataset\01000000\01003011_斩黄袍.pdf,01000000/01003011_斩黄袍.pdf,62507f36-aa22-4065-bb0f-f7de69f87e7c,12,【第十四场】,187,dialogue,dialogue,赵匡胤,pdf_01000000__01003011___a844c57d4e__char__72668eef72,白,白,白,叫；收；念白,赵匡胤,"哎呀,御亲吓,慢说四十九日罗天大醮,就周年半载,也是何妨!叫弟妹你收兵罢!","赵匡胤（白）哎呀,御亲吓,慢说四十九日罗天大醮,就周年半载,也是何妨!叫弟妹你收兵罢!"
pdf_01000000__01003011___a844c57d4e,斩黄袍,pdf_01000000__01003011___a844c57d4e__line__000187,pdf_01000000__01003011___a844c57d4e__scene__012,01003011_斩黄袍.pdf,D:\University_studies\Junior\data_visualization\experiment\final_self\opera_dataset\01000000\01003011_斩黄袍.pdf,01000000/01003011_斩黄袍.pdf,62507f36-aa22-4065-bb0f-f7de69f87e7c,12,【第十四场】,187,dialogue,dialogue,高怀德,pdf_01000000__01003011___a844c57d4e__char__c766491bbd,白,白,白,请；收；念白,高怀德,"皇嫂,万岁件件依从,请皇嫂收兵。","高怀德（白）皇嫂,万岁件件依从,请皇嫂收兵。"
pdf_01000000__01003011___a844c57d4e,斩黄袍,pdf_01000000__01003011___a844c57d4e__line__000187,pdf_01000000__01003011___a844c57d4e__scene__012,01003011_斩黄袍.pdf,D:\University_studies\Junior\data_visualization\experiment\final_self\opera_dataset\01000000\01003011_斩黄袍.pdf,01000000/01003011_斩黄袍.pdf,62507f36-aa22-4065-bb0f-f7de69f87e7c,12,【第十四场】,187,dialogue,dialogue,陶三春,pdf_01000000__01003011___a844c57d4e__char__e52cb8b02b,白,白,白,念白,陶三春,众儿郎!,陶三春（白）众儿郎!
pdf_01000000__01003011___a844c57d4e,斩黄袍,pdf_01000000__01003011___a844c57d4e__line__000187,pdf_01000000__01003011___a844c57d4e__scene__012,01003011_斩黄袍.pdf,D:\University_studies\Junior\data_visualization\experiment\final_self\opera_dataset\01000000\01003011_斩黄袍.pdf,01000000/01003011_斩黄袍.pdf,62507f36-aa22-4065-bb0f-f7de69f87e7c,12,【第十四场】,187,dialogue,dialogue,陶三春,pdf_01000000__01003011___a844c57d4e__char__e52cb8b02b,白,白,白,收；念白,陶三春,将人马收回!,陶三春（白）将人马收回!
