doc_id,doc_title,line_id,scene_id,source_file,source_path,relative_path,batch_id,scene_index,scene,line_no,row_type,line_category,speaker,speaker_char_id,cue,perform_type,perform_subtype,action_tags,participants,text,raw_line
pdf_01000000__01002016___7c4fa6e0d0,打渔杀家,pdf_01000000__01002016___7c4fa6e0d0__line__000001,pdf_01000000__01002016___7c4fa6e0d0__scene__000,01002016_打渔杀家.pdf,D:\University_studies\Junior\data_visualization\experiment\final_self\opera_dataset\01000000\01002016_打渔杀家.pdf,01000000/01002016_打渔杀家.pdf,62507f36-aa22-4065-bb0f-f7de69f87e7c,0,序幕/前置内容,1,narration,narration,,,,说明,,打；杀,一名：《讨鱼税》,# 《打渔杀家》（一名：《庆顶珠》；一名：《讨鱼税》）,# 《打渔杀家》（一名：《庆顶珠》；一名：《讨鱼税》）
pdf_01000000__01002016___7c4fa6e0d0,打渔杀家,pdf_01000000__01002016___7c4fa6e0d0__line__000027,pdf_01000000__01002016___7c4fa6e0d0__scene__001,01002016_打渔杀家.pdf,D:\University_studies\Junior\data_visualization\experiment\final_self\opera_dataset\01000000\01002016_打渔杀家.pdf,01000000/01002016_打渔杀家.pdf,62507f36-aa22-4065-bb0f-f7de69f87e7c,1,【第一场】,27,dialogue,dialogue,李俊,pdf_01000000__01002016___7c4fa6e0d0__char__6df09b0ab1,念,念,念,打,李俊,拳打南山猛虎。,李俊（念）拳打南山猛虎。
pdf_01000000__01002016___7c4fa6e0d0,打渔杀家,pdf_01000000__01002016___7c4fa6e0d0__line__000027,pdf_01000000__01002016___7c4fa6e0d0__scene__001,01002016_打渔杀家.pdf,D:\University_studies\Junior\data_visualization\experiment\final_self\opera_dataset\01000000\01002016_打渔杀家.pdf,01000000/01002016_打渔杀家.pdf,62507f36-aa22-4065-bb0f-f7de69f87e7c,1,【第一场】,27,dialogue,dialogue,倪荣,pdf_01000000__01002016___7c4fa6e0d0__char__5f372a1071,念,念,念,,倪荣,足踢北海蛟龙。,倪荣（念）足踢北海蛟龙。
pdf_01000000__01002016___7c4fa6e0d0,打渔杀家,pdf_01000000__01002016___7c4fa6e0d0__line__000027,pdf_01000000__01002016___7c4fa6e0d0__scene__001,01002016_打渔杀家.pdf,D:\University_studies\Junior\data_visualization\experiment\final_self\opera_dataset\01000000\01002016_打渔杀家.pdf,01000000/01002016_打渔杀家.pdf,62507f36-aa22-4065-bb0f-f7de69f87e7c,1,【第一场】,27,dialogue,dialogue,李俊,pdf_01000000__01002016___7c4fa6e0d0__char__6df09b0ab1,白,白,白,念白,李俊,"俺,混江龙李俊。","李俊（白）俺,混江龙李俊。"
pdf_01000000__01002016___7c4fa6e0d0,打渔杀家,pdf_01000000__01002016___7c4fa6e0d0__line__000027,pdf_01000000__01002016___7c4fa6e0d0__scene__001,01002016_打渔杀家.pdf,D:\University_studies\Junior\data_visualization\experiment\final_self\opera_dataset\01000000\01002016_打渔杀家.pdf,01000000/01002016_打渔杀家.pdf,62507f36-aa22-4065-bb0f-f7de69f87e7c,1,【第一场】,27,dialogue,dialogue,倪荣,pdf_01000000__01002016___7c4fa6e0d0__char__5f372a1071,白,白,白,念白,倪荣,"俺,卷毛虎倪荣。","倪荣（白）俺,卷毛虎倪荣。"
pdf_01000000__01002016___7c4fa6e0d0,打渔杀家,pdf_01000000__01002016___7c4fa6e0d0__line__000027,pdf_01000000__01002016___7c4fa6e0d0__scene__001,01002016_打渔杀家.pdf,D:\University_studies\Junior\data_visualization\experiment\final_self\opera_dataset\01000000\01002016_打渔杀家.pdf,01000000/01002016_打渔杀家.pdf,62507f36-aa22-4065-bb0f-f7de69f87e7c,1,【第一场】,27,dialogue,dialogue,李俊,pdf_01000000__01002016___7c4fa6e0d0__char__6df09b0ab1,白,白,白,请；念白,李俊,贤弟请了。,李俊（白）贤弟请了。
pdf_01000000__01002016___7c4fa6e0d0,打渔杀家,pdf_01000000__01002016___7c4fa6e0d0__line__000027,pdf_01000000__01002016___7c4fa6e0d0__scene__001,01002016_打渔杀家.pdf,D:\University_studies\Junior\data_visualization\experiment\final_self\opera_dataset\01000000\01002016_打渔杀家.pdf,01000000/01002016_打渔杀家.pdf,62507f36-aa22-4065-bb0f-f7de69f87e7c,1,【第一场】,27,dialogue,dialogue,倪荣,pdf_01000000__01002016___7c4fa6e0d0__char__5f372a1071,白,白,白,请；念白,倪荣,请了。,倪荣（白）请了。
pdf_01000000__01002016___7c4fa6e0d0,打渔杀家,pdf_01000000__01002016___7c4fa6e0d0__line__000027,pdf_01000000__01002016___7c4fa6e0d0__scene__001,01002016_打渔杀家.pdf,D:\University_studies\Junior\data_visualization\experiment\final_self\opera_dataset\01000000\01002016_打渔杀家.pdf,01000000/01002016_打渔杀家.pdf,62507f36-aa22-4065-bb0f-f7de69f87e7c,1,【第一场】,27,dialogue,dialogue,李俊,pdf_01000000__01002016___7c4fa6e0d0__char__6df09b0ab1,白,白,白,念白,李俊,"今日闲暇无事,不免江边游玩一回。","李俊（白）今日闲暇无事,不免江边游玩一回。"
pdf_01000000__01002016___7c4fa6e0d0,打渔杀家,pdf_01000000__01002016___7c4fa6e0d0__line__000027,pdf_01000000__01002016___7c4fa6e0d0__scene__001,01002016_打渔杀家.pdf,D:\University_studies\Junior\data_visualization\experiment\final_self\opera_dataset\01000000\01002016_打渔杀家.pdf,01000000/01002016_打渔杀家.pdf,62507f36-aa22-4065-bb0f-f7de69f87e7c,1,【第一场】,27,dialogue,dialogue,倪荣,pdf_01000000__01002016___7c4fa6e0d0__char__5f372a1071,白,白,白,请；念白,倪荣,请。,倪荣（白）请。
pdf_01000000__01002016___7c4fa6e0d0,打渔杀家,pdf_01000000__01002016___7c4fa6e0d0__line__000027,pdf_01000000__01002016___7c4fa6e0d0__scene__001,01002016_打渔杀家.pdf,D:\University_studies\Junior\data_visualization\experiment\final_self\opera_dataset\01000000\01002016_打渔杀家.pdf,01000000/01002016_打渔杀家.pdf,62507f36-aa22-4065-bb0f-f7de69f87e7c,1,【第一场】,27,lyric,lyric,李俊,pdf_01000000__01002016___7c4fa6e0d0__char__6df09b0ab1,西皮摇板,唱,西皮摇板,唱段,李俊,"忆昔当年灭方腊,","李俊（西皮摇板）忆昔当年灭方腊,"
pdf_01000000__01002016___7c4fa6e0d0,打渔杀家,pdf_01000000__01002016___7c4fa6e0d0__line__000027,pdf_01000000__01002016___7c4fa6e0d0__scene__001,01002016_打渔杀家.pdf,D:\University_studies\Junior\data_visualization\experiment\final_self\opera_dataset\01000000\01002016_打渔杀家.pdf,01000000/01002016_打渔杀家.pdf,62507f36-aa22-4065-bb0f-f7de69f87e7c,1,【第一场】,27,lyric,lyric,倪荣,pdf_01000000__01002016___7c4fa6e0d0__char__5f372a1071,西皮摇板,唱,西皮摇板,唱段,倪荣,弟兄猛勇果不差。,倪荣（西皮摇板）弟兄猛勇果不差。
pdf_01000000__01002016___7c4fa6e0d0,打渔杀家,pdf_01000000__01002016___7c4fa6e0d0__line__000027,pdf_01000000__01002016___7c4fa6e0d0__scene__001,01002016_打渔杀家.pdf,D:\University_studies\Junior\data_visualization\experiment\final_self\opera_dataset\01000000\01002016_打渔杀家.pdf,01000000/01002016_打渔杀家.pdf,62507f36-aa22-4065-bb0f-f7de69f87e7c,1,【第一场】,27,lyric,lyric,李俊,pdf_01000000__01002016___7c4fa6e0d0__char__6df09b0ab1,西皮摇板,唱,西皮摇板,唱段,李俊,"蟒袍玉带不愿挂,","李俊（西皮摇板）蟒袍玉带不愿挂,"
pdf_01000000__01002016___7c4fa6e0d0,打渔杀家,pdf_01000000__01002016___7c4fa6e0d0__line__000027,pdf_01000000__01002016___7c4fa6e0d0__scene__001,01002016_打渔杀家.pdf,D:\University_studies\Junior\data_visualization\experiment\final_self\opera_dataset\01000000\01002016_打渔杀家.pdf,01000000/01002016_打渔杀家.pdf,62507f36-aa22-4065-bb0f-f7de69f87e7c,1,【第一场】,27,lyric,lyric,倪荣,pdf_01000000__01002016___7c4fa6e0d0__char__5f372a1071,西皮摇板,唱,西皮摇板,唱段,倪荣,愿在江湖访豪家。,倪荣（西皮摇板）愿在江湖访豪家。
pdf_01000000__01002016___7c4fa6e0d0,打渔杀家,pdf_01000000__01002016___7c4fa6e0d0__line__000029,pdf_01000000__01002016___7c4fa6e0d0__scene__001,01002016_打渔杀家.pdf,D:\University_studies\Junior\data_visualization\experiment\final_self\opera_dataset\01000000\01002016_打渔杀家.pdf,01000000/01002016_打渔杀家.pdf,62507f36-aa22-4065-bb0f-f7de69f87e7c,1,【第一场】,29,stage_direction,stage_direction,,,李俊、倪荣同下。,做,李俊、倪荣同下。,下,倪荣；李俊,,（李俊、倪荣同下。）
pdf_01000000__01002016___7c4fa6e0d0,打渔杀家,pdf_01000000__01002016___7c4fa6e0d0__line__000033,pdf_01000000__01002016___7c4fa6e0d0__scene__002,01002016_打渔杀家.pdf,D:\University_studies\Junior\data_visualization\experiment\final_self\opera_dataset\01000000\01002016_打渔杀家.pdf,01000000/01002016_打渔杀家.pdf,62507f36-aa22-4065-bb0f-f7de69f87e7c,2,【第二场】,33,dialogue,dialogue,萧桂英,pdf_01000000__01002016___7c4fa6e0d0__char__518207dfcc,内西皮导板,对白,内西皮导板,,萧桂英,"海水茫茫白浪荡,","萧桂英（内西皮导板）海水茫茫白浪荡,"
pdf_01000000__01002016___7c4fa6e0d0,打渔杀家,pdf_01000000__01002016___7c4fa6e0d0__line__000033,pdf_01000000__01002016___7c4fa6e0d0__scene__002,01002016_打渔杀家.pdf,D:\University_studies\Junior\data_visualization\experiment\final_self\opera_dataset\01000000\01002016_打渔杀家.pdf,01000000/01002016_打渔杀家.pdf,62507f36-aa22-4065-bb0f-f7de69f87e7c,2,【第二场】,33,lyric,lyric,萧桂英,pdf_01000000__01002016___7c4fa6e0d0__char__518207dfcc,西皮快板,唱,西皮快板,下；打；笑；唱段,萧桂英,"青山绿水在河下。父母打渔到江边,贫穷哪怕人笑咱。","萧桂英（西皮快板）青山绿水在河下。父母打渔到江边,贫穷哪怕人笑咱。"
pdf_01000000__01002016___7c4fa6e0d0,打渔杀家,pdf_01000000__01002016___7c4fa6e0d0__line__000033,pdf_01000000__01002016___7c4fa6e0d0__scene__002,01002016_打渔杀家.pdf,D:\University_studies\Junior\data_visualization\experiment\final_self\opera_dataset\01000000\01002016_打渔杀家.pdf,01000000/01002016_打渔杀家.pdf,62507f36-aa22-4065-bb0f-f7de69f87e7c,2,【第二场】,33,lyric,lyric,萧恩,pdf_01000000__01002016___7c4fa6e0d0__char__1b320e74d7,西皮摇板,唱,西皮摇板,下；打；笑；唱段,萧恩,"父女打渔在河下,贫穷哪怕人笑咱。我的儿掌稳舵父把网撒,怎奈我年迈苍苍气力不加。","萧恩（西皮摇板）父女打渔在河下,贫穷哪怕人笑咱。我的儿掌稳舵父把网撒,怎奈我年迈苍苍气力不加。"
pdf_01000000__01002016___7c4fa6e0d0,打渔杀家,pdf_01000000__01002016___7c4fa6e0d0__line__000033,pdf_01000000__01002016___7c4fa6e0d0__scene__002,01002016_打渔杀家.pdf,D:\University_studies\Junior\data_visualization\experiment\final_self\opera_dataset\01000000\01002016_打渔杀家.pdf,01000000/01002016_打渔杀家.pdf,62507f36-aa22-4065-bb0f-f7de69f87e7c,2,【第二场】,33,dialogue,dialogue,萧桂英,pdf_01000000__01002016___7c4fa6e0d0__char__518207dfcc,白,白,白,下；念白,萧桂英,"爹爹年迈,河下生意,不做也罢。","萧桂英（白）爹爹年迈,河下生意,不做也罢。"
pdf_01000000__01002016___7c4fa6e0d0,打渔杀家,pdf_01000000__01002016___7c4fa6e0d0__line__000033,pdf_01000000__01002016___7c4fa6e0d0__scene__002,01002016_打渔杀家.pdf,D:\University_studies\Junior\data_visualization\experiment\final_self\opera_dataset\01000000\01002016_打渔杀家.pdf,01000000/01002016_打渔杀家.pdf,62507f36-aa22-4065-bb0f-f7de69f87e7c,2,【第二场】,33,dialogue,dialogue,萧恩,pdf_01000000__01002016___7c4fa6e0d0__char__1b320e74d7,白,白,白,下；念白,萧恩,"本当不做这河下买卖,怎奈难以度日。","萧恩（白）本当不做这河下买卖,怎奈难以度日。"
pdf_01000000__01002016___7c4fa6e0d0,打渔杀家,pdf_01000000__01002016___7c4fa6e0d0__line__000033,pdf_01000000__01002016___7c4fa6e0d0__scene__002,01002016_打渔杀家.pdf,D:\University_studies\Junior\data_visualization\experiment\final_self\opera_dataset\01000000\01002016_打渔杀家.pdf,01000000/01002016_打渔杀家.pdf,62507f36-aa22-4065-bb0f-f7de69f87e7c,2,【第二场】,33,dialogue,dialogue,萧桂英,pdf_01000000__01002016___7c4fa6e0d0__char__518207dfcc,哭,做,哭,哭,萧桂英,哎呀!,萧桂英（哭）哎呀!
pdf_01000000__01002016___7c4fa6e0d0,打渔杀家,pdf_01000000__01002016___7c4fa6e0d0__line__000037,pdf_01000000__01002016___7c4fa6e0d0__scene__002,01002016_打渔杀家.pdf,D:\University_studies\Junior\data_visualization\experiment\final_self\opera_dataset\01000000\01002016_打渔杀家.pdf,01000000/01002016_打渔杀家.pdf,62507f36-aa22-4065-bb0f-f7de69f87e7c,2,【第二场】,37,lyric,lyric,郭先生,pdf_01000000__01002016___7c4fa6e0d0__char__ff5ab78968,西皮摇板,唱,西皮摇板,下；走；来；唱段,郭先生,"闲来无事江边走,观见河下一小舟。","郭先生（西皮摇板）闲来无事江边走,观见河下一小舟。"
pdf_01000000__01002016___7c4fa6e0d0,打渔杀家,pdf_01000000__01002016___7c4fa6e0d0__line__000037,pdf_01000000__01002016___7c4fa6e0d0__scene__002,01002016_打渔杀家.pdf,D:\University_studies\Junior\data_visualization\experiment\final_self\opera_dataset\01000000\01002016_打渔杀家.pdf,01000000/01002016_打渔杀家.pdf,62507f36-aa22-4065-bb0f-f7de69f87e7c,2,【第二场】,37,dialogue,dialogue,李俊、倪荣,pdf_01000000__01002016___7c4fa6e0d0__char__95c279d8a7,同白,白,同白,上；来；去；看；念白,李俊、倪荣；倪荣；李俊,"萧兄,岸上有一人,前去看来。","李俊、倪荣（同白）萧兄,岸上有一人,前去看来。"
pdf_01000000__01002016___7c4fa6e0d0,打渔杀家,pdf_01000000__01002016___7c4fa6e0d0__line__000037,pdf_01000000__01002016___7c4fa6e0d0__scene__002,01002016_打渔杀家.pdf,D:\University_studies\Junior\data_visualization\experiment\final_self\opera_dataset\01000000\01002016_打渔杀家.pdf,01000000/01002016_打渔杀家.pdf,62507f36-aa22-4065-bb0f-f7de69f87e7c,2,【第二场】,37,dialogue,dialogue,萧恩,pdf_01000000__01002016___7c4fa6e0d0__char__1b320e74d7,白,白,白,来；看；念白,萧恩,"二位贤弟,少等一等。待我看来。","萧恩（白）二位贤弟,少等一等。待我看来。"
pdf_01000000__01002016___7c4fa6e0d0,打渔杀家,pdf_01000000__01002016___7c4fa6e0d0__line__000037,pdf_01000000__01002016___7c4fa6e0d0__scene__002,01002016_打渔杀家.pdf,D:\University_studies\Junior\data_visualization\experiment\final_self\opera_dataset\01000000\01002016_打渔杀家.pdf,01000000/01002016_打渔杀家.pdf,62507f36-aa22-4065-bb0f-f7de69f87e7c,2,【第二场】,37,dialogue,dialogue,萧恩,pdf_01000000__01002016___7c4fa6e0d0__char__1b320e74d7,白,白,白,念白,萧恩,"吠,做怎么的!","萧恩（白）吠,做怎么的!"
pdf_01000000__01002016___7c4fa6e0d0,打渔杀家,pdf_01000000__01002016___7c4fa6e0d0__line__000037,pdf_01000000__01002016___7c4fa6e0d0__scene__002,01002016_打渔杀家.pdf,D:\University_studies\Junior\data_visualization\experiment\final_self\opera_dataset\01000000\01002016_打渔杀家.pdf,01000000/01002016_打渔杀家.pdf,62507f36-aa22-4065-bb0f-f7de69f87e7c,2,【第二场】,37,dialogue,dialogue,郭先生,pdf_01000000__01002016___7c4fa6e0d0__char__ff5ab78968,白,白,白,问；念白,郭先生,问路的。,郭先生（白）问路的。
pdf_01000000__01002016___7c4fa6e0d0,打渔杀家,pdf_01000000__01002016___7c4fa6e0d0__line__000037,pdf_01000000__01002016___7c4fa6e0d0__scene__002,01002016_打渔杀家.pdf,D:\University_studies\Junior\data_visualization\experiment\final_self\opera_dataset\01000000\01002016_打渔杀家.pdf,01000000/01002016_打渔杀家.pdf,62507f36-aa22-4065-bb0f-f7de69f87e7c,2,【第二场】,37,dialogue,dialogue,萧恩,pdf_01000000__01002016___7c4fa6e0d0__char__1b320e74d7,白,白,白,问；念白,萧恩,你问的是哪一家?,萧恩（白）你问的是哪一家?
pdf_01000000__01002016___7c4fa6e0d0,打渔杀家,pdf_01000000__01002016___7c4fa6e0d0__line__000037,pdf_01000000__01002016___7c4fa6e0d0__scene__002,01002016_打渔杀家.pdf,D:\University_studies\Junior\data_visualization\experiment\final_self\opera_dataset\01000000\01002016_打渔杀家.pdf,01000000/01002016_打渔杀家.pdf,62507f36-aa22-4065-bb0f-f7de69f87e7c,2,【第二场】,37,dialogue,dialogue,郭先生,pdf_01000000__01002016___7c4fa6e0d0__char__ff5ab78968,白,白,白,问；念白,郭先生,问的是丁府。,郭先生（白）问的是丁府。
pdf_01000000__01002016___7c4fa6e0d0,打渔杀家,pdf_01000000__01002016___7c4fa6e0d0__line__000037,pdf_01000000__01002016___7c4fa6e0d0__scene__002,01002016_打渔杀家.pdf,D:\University_studies\Junior\data_visualization\experiment\final_self\opera_dataset\01000000\01002016_打渔杀家.pdf,01000000/01002016_打渔杀家.pdf,62507f36-aa22-4065-bb0f-f7de69f87e7c,2,【第二场】,37,dialogue,dialogue,萧恩,pdf_01000000__01002016___7c4fa6e0d0__char__1b320e74d7,白,白,白,看；念白,萧恩,"你看前面,八字粉墙,合脊大门楼,两座大旗杆,那就是丁府。咳,听见没有!","萧恩（白）你看前面,八字粉墙,合脊大门楼,两座大旗杆,那就是丁府。咳,听见没有!"
pdf_01000000__01002016___7c4fa6e0d0,打渔杀家,pdf_01000000__01002016___7c4fa6e0d0__line__000037,pdf_01000000__01002016___7c4fa6e0d0__scene__002,01002016_打渔杀家.pdf,D:\University_studies\Junior\data_visualization\experiment\final_self\opera_dataset\01000000\01002016_打渔杀家.pdf,01000000/01002016_打渔杀家.pdf,62507f36-aa22-4065-bb0f-f7de69f87e7c,2,【第二场】,37,dialogue,dialogue,郭先生,pdf_01000000__01002016___7c4fa6e0d0__char__ff5ab78968,白,白,白,念白,郭先生,哦哦。,郭先生（白）哦哦。
pdf_01000000__01002016___7c4fa6e0d0,打渔杀家,pdf_01000000__01002016___7c4fa6e0d0__line__000037,pdf_01000000__01002016___7c4fa6e0d0__scene__002,01002016_打渔杀家.pdf,D:\University_studies\Junior\data_visualization\experiment\final_self\opera_dataset\01000000\01002016_打渔杀家.pdf,01000000/01002016_打渔杀家.pdf,62507f36-aa22-4065-bb0f-f7de69f87e7c,2,【第二场】,37,dialogue,dialogue,萧恩,pdf_01000000__01002016___7c4fa6e0d0__char__1b320e74d7,白,白,白,念白,萧恩,"狗头狗脑,定不是好人。","萧恩（白）狗头狗脑,定不是好人。"
pdf_01000000__01002016___7c4fa6e0d0,打渔杀家,pdf_01000000__01002016___7c4fa6e0d0__line__000037,pdf_01000000__01002016___7c4fa6e0d0__scene__002,01002016_打渔杀家.pdf,D:\University_studies\Junior\data_visualization\experiment\final_self\opera_dataset\01000000\01002016_打渔杀家.pdf,01000000/01002016_打渔杀家.pdf,62507f36-aa22-4065-bb0f-f7de69f87e7c,2,【第二场】,37,dialogue,dialogue,李俊,pdf_01000000__01002016___7c4fa6e0d0__char__6df09b0ab1,白,白,白,念白,李俊,干什么的?,李俊（白）干什么的?
pdf_01000000__01002016___7c4fa6e0d0,打渔杀家,pdf_01000000__01002016___7c4fa6e0d0__line__000037,pdf_01000000__01002016___7c4fa6e0d0__scene__002,01002016_打渔杀家.pdf,D:\University_studies\Junior\data_visualization\experiment\final_self\opera_dataset\01000000\01002016_打渔杀家.pdf,01000000/01002016_打渔杀家.pdf,62507f36-aa22-4065-bb0f-f7de69f87e7c,2,【第二场】,37,dialogue,dialogue,萧恩,pdf_01000000__01002016___7c4fa6e0d0__char__1b320e74d7,白,白,白,问；念白,萧恩,乃是问路的。,萧恩（白）乃是问路的。
pdf_01000000__01002016___7c4fa6e0d0,打渔杀家,pdf_01000000__01002016___7c4fa6e0d0__line__000037,pdf_01000000__01002016___7c4fa6e0d0__scene__002,01002016_打渔杀家.pdf,D:\University_studies\Junior\data_visualization\experiment\final_self\opera_dataset\01000000\01002016_打渔杀家.pdf,01000000/01002016_打渔杀家.pdf,62507f36-aa22-4065-bb0f-f7de69f87e7c,2,【第二场】,37,dialogue,dialogue,倪荣,pdf_01000000__01002016___7c4fa6e0d0__char__5f372a1071,白,白,白,问；念白,倪荣,"哪里是问路的,分明是取......","倪荣（白）哪里是问路的,分明是取......"
pdf_01000000__01002016___7c4fa6e0d0,打渔杀家,pdf_01000000__01002016___7c4fa6e0d0__line__000037,pdf_01000000__01002016___7c4fa6e0d0__scene__002,01002016_打渔杀家.pdf,D:\University_studies\Junior\data_visualization\experiment\final_self\opera_dataset\01000000\01002016_打渔杀家.pdf,01000000/01002016_打渔杀家.pdf,62507f36-aa22-4065-bb0f-f7de69f87e7c,2,【第二场】,37,dialogue,dialogue,萧恩,pdf_01000000__01002016___7c4fa6e0d0__char__1b320e74d7,白,白,白,请；念白,萧恩,咳。谅他也不敢啊!请啊。,萧恩（白）咳。谅他也不敢啊!请啊。
pdf_01000000__01002016___7c4fa6e0d0,打渔杀家,pdf_01000000__01002016___7c4fa6e0d0__line__000037,pdf_01000000__01002016___7c4fa6e0d0__scene__002,01002016_打渔杀家.pdf,D:\University_studies\Junior\data_visualization\experiment\final_self\opera_dataset\01000000\01002016_打渔杀家.pdf,01000000/01002016_打渔杀家.pdf,62507f36-aa22-4065-bb0f-f7de69f87e7c,2,【第二场】,37,dialogue,dialogue,萧恩、李俊、倪荣,pdf_01000000__01002016___7c4fa6e0d0__char__a6b96ce4c2,同白,白,同白,请；念白,萧恩、李俊、倪荣；倪荣；李俊；萧恩,请。,萧恩、李俊、倪荣（同白）请。
pdf_01000000__01002016___7c4fa6e0d0,打渔杀家,pdf_01000000__01002016___7c4fa6e0d0__line__000037,pdf_01000000__01002016___7c4fa6e0d0__scene__002,01002016_打渔杀家.pdf,D:\University_studies\Junior\data_visualization\experiment\final_self\opera_dataset\01000000\01002016_打渔杀家.pdf,01000000/01002016_打渔杀家.pdf,62507f36-aa22-4065-bb0f-f7de69f87e7c,2,【第二场】,37,dialogue,dialogue,丁郎,pdf_01000000__01002016___7c4fa6e0d0__char__ef9971249c,念,念,念,下；来,丁郎,"离了家下,来到河下。","丁郎（念）离了家下,来到河下。"
pdf_01000000__01002016___7c4fa6e0d0,打渔杀家,pdf_01000000__01002016___7c4fa6e0d0__line__000037,pdf_01000000__01002016___7c4fa6e0d0__scene__002,01002016_打渔杀家.pdf,D:\University_studies\Junior\data_visualization\experiment\final_self\opera_dataset\01000000\01002016_打渔杀家.pdf,01000000/01002016_打渔杀家.pdf,62507f36-aa22-4065-bb0f-f7de69f87e7c,2,【第二场】,37,dialogue,dialogue,李俊,pdf_01000000__01002016___7c4fa6e0d0__char__6df09b0ab1,白,白,白,上；唤；念白,李俊,岸上有人唤你。,李俊（白）岸上有人唤你。
pdf_01000000__01002016___7c4fa6e0d0,打渔杀家,pdf_01000000__01002016___7c4fa6e0d0__line__000037,pdf_01000000__01002016___7c4fa6e0d0__scene__002,01002016_打渔杀家.pdf,D:\University_studies\Junior\data_visualization\experiment\final_self\opera_dataset\01000000\01002016_打渔杀家.pdf,01000000/01002016_打渔杀家.pdf,62507f36-aa22-4065-bb0f-f7de69f87e7c,2,【第二场】,37,dialogue,dialogue,萧恩,pdf_01000000__01002016___7c4fa6e0d0__char__1b320e74d7,白,白,白,唤；念白,萧恩,"哦,又有人唤我,再饮几杯。","萧恩（白）哦,又有人唤我,再饮几杯。"
pdf_01000000__01002016___7c4fa6e0d0,打渔杀家,pdf_01000000__01002016___7c4fa6e0d0__line__000037,pdf_01000000__01002016___7c4fa6e0d0__scene__002,01002016_打渔杀家.pdf,D:\University_studies\Junior\data_visualization\experiment\final_self\opera_dataset\01000000\01002016_打渔杀家.pdf,01000000/01002016_打渔杀家.pdf,62507f36-aa22-4065-bb0f-f7de69f87e7c,2,【第二场】,37,dialogue,dialogue,李倪,pdf_01000000__01002016___7c4fa6e0d0__char__b4941a2d2e,白,白,白,念白,李倪,酒也够了。,李倪（白）酒也够了。
pdf_01000000__01002016___7c4fa6e0d0,打渔杀家,pdf_01000000__01002016___7c4fa6e0d0__line__000037,pdf_01000000__01002016___7c4fa6e0d0__scene__002,01002016_打渔杀家.pdf,D:\University_studies\Junior\data_visualization\experiment\final_self\opera_dataset\01000000\01002016_打渔杀家.pdf,01000000/01002016_打渔杀家.pdf,62507f36-aa22-4065-bb0f-f7de69f87e7c,2,【第二场】,37,dialogue,dialogue,萧恩,pdf_01000000__01002016___7c4fa6e0d0__char__1b320e74d7,白,白,白,来；念白,萧恩,"哦,原来是丁郎儿,你前来做甚?","萧恩（白）哦,原来是丁郎儿,你前来做甚?"
pdf_01000000__01002016___7c4fa6e0d0,打渔杀家,pdf_01000000__01002016___7c4fa6e0d0__line__000037,pdf_01000000__01002016___7c4fa6e0d0__scene__002,01002016_打渔杀家.pdf,D:\University_studies\Junior\data_visualization\experiment\final_self\opera_dataset\01000000\01002016_打渔杀家.pdf,01000000/01002016_打渔杀家.pdf,62507f36-aa22-4065-bb0f-f7de69f87e7c,2,【第二场】,37,dialogue,dialogue,丁郎,pdf_01000000__01002016___7c4fa6e0d0__char__ef9971249c,白,白,白,来；念白,丁郎,"原来跟我发明白糊涂,我前来讨鱼税银子来的。","丁郎（白）原来跟我发明白糊涂,我前来讨鱼税银子来的。"
pdf_01000000__01002016___7c4fa6e0d0,打渔杀家,pdf_01000000__01002016___7c4fa6e0d0__line__000037,pdf_01000000__01002016___7c4fa6e0d0__scene__002,01002016_打渔杀家.pdf,D:\University_studies\Junior\data_visualization\experiment\final_self\opera_dataset\01000000\01002016_打渔杀家.pdf,01000000/01002016_打渔杀家.pdf,62507f36-aa22-4065-bb0f-f7de69f87e7c,2,【第二场】,37,dialogue,dialogue,萧恩,pdf_01000000__01002016___7c4fa6e0d0__char__1b320e74d7,白,白,白,上；去；看；念白,萧恩,"你看天干水浅,鱼不上网,改日有了银钱,与你送上府去就是。","萧恩（白）你看天干水浅,鱼不上网,改日有了银钱,与你送上府去就是。"
pdf_01000000__01002016___7c4fa6e0d0,打渔杀家,pdf_01000000__01002016___7c4fa6e0d0__line__000037,pdf_01000000__01002016___7c4fa6e0d0__scene__002,01002016_打渔杀家.pdf,D:\University_studies\Junior\data_visualization\experiment\final_self\opera_dataset\01000000\01002016_打渔杀家.pdf,01000000/01002016_打渔杀家.pdf,62507f36-aa22-4065-bb0f-f7de69f87e7c,2,【第二场】,37,dialogue,dialogue,丁郎,pdf_01000000__01002016___7c4fa6e0d0__char__ef9971249c,白,白,白,上；去；念白,丁郎,"话倒是两句好话。改日有了银钱,与我送上府去。跑坏了鞋子,还要我的钱买了。","丁郎（白）话倒是两句好话。改日有了银钱,与我送上府去。跑坏了鞋子,还要我的钱买了。"
pdf_01000000__01002016___7c4fa6e0d0,打渔杀家,pdf_01000000__01002016___7c4fa6e0d0__line__000037,pdf_01000000__01002016___7c4fa6e0d0__scene__002,01002016_打渔杀家.pdf,D:\University_studies\Junior\data_visualization\experiment\final_self\opera_dataset\01000000\01002016_打渔杀家.pdf,01000000/01002016_打渔杀家.pdf,62507f36-aa22-4065-bb0f-f7de69f87e7c,2,【第二场】,37,dialogue,dialogue,李俊、倪荣,pdf_01000000__01002016___7c4fa6e0d0__char__95c279d8a7,同白,白,同白,念白,李俊、倪荣；倪荣；李俊,做什么的?,李俊、倪荣（同白）做什么的?
pdf_01000000__01002016___7c4fa6e0d0,打渔杀家,pdf_01000000__01002016___7c4fa6e0d0__line__000037,pdf_01000000__01002016___7c4fa6e0d0__scene__002,01002016_打渔杀家.pdf,D:\University_studies\Junior\data_visualization\experiment\final_self\opera_dataset\01000000\01002016_打渔杀家.pdf,01000000/01002016_打渔杀家.pdf,62507f36-aa22-4065-bb0f-f7de69f87e7c,2,【第二场】,37,dialogue,dialogue,萧恩,pdf_01000000__01002016___7c4fa6e0d0__char__1b320e74d7,白,白,白,来；念白,萧恩,丁郎儿前来讨鱼税银子的。,萧恩（白）丁郎儿前来讨鱼税银子的。
pdf_01000000__01002016___7c4fa6e0d0,打渔杀家,pdf_01000000__01002016___7c4fa6e0d0__line__000037,pdf_01000000__01002016___7c4fa6e0d0__scene__002,01002016_打渔杀家.pdf,D:\University_studies\Junior\data_visualization\experiment\final_self\opera_dataset\01000000\01002016_打渔杀家.pdf,01000000/01002016_打渔杀家.pdf,62507f36-aa22-4065-bb0f-f7de69f87e7c,2,【第二场】,37,dialogue,dialogue,李俊,pdf_01000000__01002016___7c4fa6e0d0__char__6df09b0ab1,白,白,白,问；念白,李俊,待我问他几句。,李俊（白）待我问他几句。
pdf_01000000__01002016___7c4fa6e0d0,打渔杀家,pdf_01000000__01002016___7c4fa6e0d0__line__000037,pdf_01000000__01002016___7c4fa6e0d0__scene__002,01002016_打渔杀家.pdf,D:\University_studies\Junior\data_visualization\experiment\final_self\opera_dataset\01000000\01002016_打渔杀家.pdf,01000000/01002016_打渔杀家.pdf,62507f36-aa22-4065-bb0f-f7de69f87e7c,2,【第二场】,37,dialogue,dialogue,萧恩,pdf_01000000__01002016___7c4fa6e0d0__char__1b320e74d7,白,白,白,念白,萧恩,不要与他生气。,萧恩（白）不要与他生气。
pdf_01000000__01002016___7c4fa6e0d0,打渔杀家,pdf_01000000__01002016___7c4fa6e0d0__line__000037,pdf_01000000__01002016___7c4fa6e0d0__scene__002,01002016_打渔杀家.pdf,D:\University_studies\Junior\data_visualization\experiment\final_self\opera_dataset\01000000\01002016_打渔杀家.pdf,01000000/01002016_打渔杀家.pdf,62507f36-aa22-4065-bb0f-f7de69f87e7c,2,【第二场】,37,dialogue,dialogue,李俊,pdf_01000000__01002016___7c4fa6e0d0__char__6df09b0ab1,白,白,白,念白,李俊,晓得了。,李俊（白）晓得了。
pdf_01000000__01002016___7c4fa6e0d0,打渔杀家,pdf_01000000__01002016___7c4fa6e0d0__line__000037,pdf_01000000__01002016___7c4fa6e0d0__scene__002,01002016_打渔杀家.pdf,D:\University_studies\Junior\data_visualization\experiment\final_self\opera_dataset\01000000\01002016_打渔杀家.pdf,01000000/01002016_打渔杀家.pdf,62507f36-aa22-4065-bb0f-f7de69f87e7c,2,【第二场】,37,dialogue,dialogue,李俊,pdf_01000000__01002016___7c4fa6e0d0__char__6df09b0ab1,白,白,白,来；念白,李俊,"吠,滚回来!","李俊（白）吠,滚回来!"
pdf_01000000__01002016___7c4fa6e0d0,打渔杀家,pdf_01000000__01002016___7c4fa6e0d0__line__000037,pdf_01000000__01002016___7c4fa6e0d0__scene__002,01002016_打渔杀家.pdf,D:\University_studies\Junior\data_visualization\experiment\final_self\opera_dataset\01000000\01002016_打渔杀家.pdf,01000000/01002016_打渔杀家.pdf,62507f36-aa22-4065-bb0f-f7de69f87e7c,2,【第二场】,37,dialogue,dialogue,丁郎,pdf_01000000__01002016___7c4fa6e0d0__char__ef9971249c,白,白,白,来；念白,丁郎,"哦,又出来一个。回来了。","丁郎（白）哦,又出来一个。回来了。"
pdf_01000000__01002016___7c4fa6e0d0,打渔杀家,pdf_01000000__01002016___7c4fa6e0d0__line__000037,pdf_01000000__01002016___7c4fa6e0d0__scene__002,01002016_打渔杀家.pdf,D:\University_studies\Junior\data_visualization\experiment\final_self\opera_dataset\01000000\01002016_打渔杀家.pdf,01000000/01002016_打渔杀家.pdf,62507f36-aa22-4065-bb0f-f7de69f87e7c,2,【第二场】,37,dialogue,dialogue,李俊,pdf_01000000__01002016___7c4fa6e0d0__char__6df09b0ab1,白,白,白,来；念白,李俊,你前来做甚?,李俊（白）你前来做甚?
pdf_01000000__01002016___7c4fa6e0d0,打渔杀家,pdf_01000000__01002016___7c4fa6e0d0__line__000037,pdf_01000000__01002016___7c4fa6e0d0__scene__002,01002016_打渔杀家.pdf,D:\University_studies\Junior\data_visualization\experiment\final_self\opera_dataset\01000000\01002016_打渔杀家.pdf,01000000/01002016_打渔杀家.pdf,62507f36-aa22-4065-bb0f-f7de69f87e7c,2,【第二场】,37,dialogue,dialogue,丁郎,pdf_01000000__01002016___7c4fa6e0d0__char__ef9971249c,白,白,白,来；念白,丁郎,前来讨鱼税银子来的。,丁郎（白）前来讨鱼税银子来的。
pdf_01000000__01002016___7c4fa6e0d0,打渔杀家,pdf_01000000__01002016___7c4fa6e0d0__line__000037,pdf_01000000__01002016___7c4fa6e0d0__scene__002,01002016_打渔杀家.pdf,D:\University_studies\Junior\data_visualization\experiment\final_self\opera_dataset\01000000\01002016_打渔杀家.pdf,01000000/01002016_打渔杀家.pdf,62507f36-aa22-4065-bb0f-f7de69f87e7c,2,【第二场】,37,dialogue,dialogue,李俊,pdf_01000000__01002016___7c4fa6e0d0__char__6df09b0ab1,白,白,白,上；念白,李俊,"催讨鱼税银子,可有圣上旨意?","李俊（白）催讨鱼税银子,可有圣上旨意?"
pdf_01000000__01002016___7c4fa6e0d0,打渔杀家,pdf_01000000__01002016___7c4fa6e0d0__line__000037,pdf_01000000__01002016___7c4fa6e0d0__scene__002,01002016_打渔杀家.pdf,D:\University_studies\Junior\data_visualization\experiment\final_self\opera_dataset\01000000\01002016_打渔杀家.pdf,01000000/01002016_打渔杀家.pdf,62507f36-aa22-4065-bb0f-f7de69f87e7c,2,【第二场】,37,dialogue,dialogue,丁郎,pdf_01000000__01002016___7c4fa6e0d0__char__ef9971249c,白,白,白,念白,丁郎,没有。,丁郎（白）没有。
pdf_01000000__01002016___7c4fa6e0d0,打渔杀家,pdf_01000000__01002016___7c4fa6e0d0__line__000037,pdf_01000000__01002016___7c4fa6e0d0__scene__002,01002016_打渔杀家.pdf,D:\University_studies\Junior\data_visualization\experiment\final_self\opera_dataset\01000000\01002016_打渔杀家.pdf,01000000/01002016_打渔杀家.pdf,62507f36-aa22-4065-bb0f-f7de69f87e7c,2,【第二场】,37,dialogue,dialogue,李俊,pdf_01000000__01002016___7c4fa6e0d0__char__6df09b0ab1,白,白,白,念白,李俊,可有六部公文?,李俊（白）可有六部公文?
pdf_01000000__01002016___7c4fa6e0d0,打渔杀家,pdf_01000000__01002016___7c4fa6e0d0__line__000037,pdf_01000000__01002016___7c4fa6e0d0__scene__002,01002016_打渔杀家.pdf,D:\University_studies\Junior\data_visualization\experiment\final_self\opera_dataset\01000000\01002016_打渔杀家.pdf,01000000/01002016_打渔杀家.pdf,62507f36-aa22-4065-bb0f-f7de69f87e7c,2,【第二场】,37,dialogue,dialogue,丁郎,pdf_01000000__01002016___7c4fa6e0d0__char__ef9971249c,白,白,白,念白,丁郎,也没有。,丁郎（白）也没有。
pdf_01000000__01002016___7c4fa6e0d0,打渔杀家,pdf_01000000__01002016___7c4fa6e0d0__line__000037,pdf_01000000__01002016___7c4fa6e0d0__scene__002,01002016_打渔杀家.pdf,D:\University_studies\Junior\data_visualization\experiment\final_self\opera_dataset\01000000\01002016_打渔杀家.pdf,01000000/01002016_打渔杀家.pdf,62507f36-aa22-4065-bb0f-f7de69f87e7c,2,【第二场】,37,dialogue,dialogue,李俊,pdf_01000000__01002016___7c4fa6e0d0__char__6df09b0ab1,白,白,白,来；念白,李俊,凭着何来?,李俊（白）凭着何来?
pdf_01000000__01002016___7c4fa6e0d0,打渔杀家,pdf_01000000__01002016___7c4fa6e0d0__line__000037,pdf_01000000__01002016___7c4fa6e0d0__scene__002,01002016_打渔杀家.pdf,D:\University_studies\Junior\data_visualization\experiment\final_self\opera_dataset\01000000\01002016_打渔杀家.pdf,01000000/01002016_打渔杀家.pdf,62507f36-aa22-4065-bb0f-f7de69f87e7c,2,【第二场】,37,dialogue,dialogue,丁郎,pdf_01000000__01002016___7c4fa6e0d0__char__ef9971249c,白,白,白,念白,丁郎,本县的太爷。,丁郎（白）本县的太爷。
pdf_01000000__01002016___7c4fa6e0d0,打渔杀家,pdf_01000000__01002016___7c4fa6e0d0__line__000037,pdf_01000000__01002016___7c4fa6e0d0__scene__002,01002016_打渔杀家.pdf,D:\University_studies\Junior\data_visualization\experiment\final_self\opera_dataset\01000000\01002016_打渔杀家.pdf,01000000/01002016_打渔杀家.pdf,62507f36-aa22-4065-bb0f-f7de69f87e7c,2,【第二场】,37,dialogue,dialogue,李俊,pdf_01000000__01002016___7c4fa6e0d0__char__6df09b0ab1,白,白,白,念白,李俊,敢是那吕子秋?,李俊（白）敢是那吕子秋?
pdf_01000000__01002016___7c4fa6e0d0,打渔杀家,pdf_01000000__01002016___7c4fa6e0d0__line__000037,pdf_01000000__01002016___7c4fa6e0d0__scene__002,01002016_打渔杀家.pdf,D:\University_studies\Junior\data_visualization\experiment\final_self\opera_dataset\01000000\01002016_打渔杀家.pdf,01000000/01002016_打渔杀家.pdf,62507f36-aa22-4065-bb0f-f7de69f87e7c,2,【第二场】,37,dialogue,dialogue,丁郎,pdf_01000000__01002016___7c4fa6e0d0__char__ef9971249c,白,白,白,念白,丁郎,本县的太爷。,丁郎（白）本县的太爷。
pdf_01000000__01002016___7c4fa6e0d0,打渔杀家,pdf_01000000__01002016___7c4fa6e0d0__line__000037,pdf_01000000__01002016___7c4fa6e0d0__scene__002,01002016_打渔杀家.pdf,D:\University_studies\Junior\data_visualization\experiment\final_self\opera_dataset\01000000\01002016_打渔杀家.pdf,01000000/01002016_打渔杀家.pdf,62507f36-aa22-4065-bb0f-f7de69f87e7c,2,【第二场】,37,dialogue,dialogue,李俊,pdf_01000000__01002016___7c4fa6e0d0__char__6df09b0ab1,白,白,白,上；去；念白,李俊,"你回去对他言讲:鱼税银子,免了便罢;如若不免,大街之上,撞见俺有些不便。","李俊（白）你回去对他言讲:鱼税银子,免了便罢;如若不免,大街之上,撞见俺有些不便。"
pdf_01000000__01002016___7c4fa6e0d0,打渔杀家,pdf_01000000__01002016___7c4fa6e0d0__line__000037,pdf_01000000__01002016___7c4fa6e0d0__scene__002,01002016_打渔杀家.pdf,D:\University_studies\Junior\data_visualization\experiment\final_self\opera_dataset\01000000\01002016_打渔杀家.pdf,01000000/01002016_打渔杀家.pdf,62507f36-aa22-4065-bb0f-f7de69f87e7c,2,【第二场】,37,dialogue,dialogue,丁郎,pdf_01000000__01002016___7c4fa6e0d0__char__ef9971249c,白,白,白,叫；念白,丁郎,"你吹啥牛毬,说啥大话,你叫怎么名字?","丁郎（白）你吹啥牛毬,说啥大话,你叫怎么名字?"
pdf_01000000__01002016___7c4fa6e0d0,打渔杀家,pdf_01000000__01002016___7c4fa6e0d0__line__000037,pdf_01000000__01002016___7c4fa6e0d0__scene__002,01002016_打渔杀家.pdf,D:\University_studies\Junior\data_visualization\experiment\final_self\opera_dataset\01000000\01002016_打渔杀家.pdf,01000000/01002016_打渔杀家.pdf,62507f36-aa22-4065-bb0f-f7de69f87e7c,2,【第二场】,37,dialogue,dialogue,李俊,pdf_01000000__01002016___7c4fa6e0d0__char__6df09b0ab1,白,白,白,念白,李俊,俺混江龙李俊。,李俊（白）俺混江龙李俊。
pdf_01000000__01002016___7c4fa6e0d0,打渔杀家,pdf_01000000__01002016___7c4fa6e0d0__line__000037,pdf_01000000__01002016___7c4fa6e0d0__scene__002,01002016_打渔杀家.pdf,D:\University_studies\Junior\data_visualization\experiment\final_self\opera_dataset\01000000\01002016_打渔杀家.pdf,01000000/01002016_打渔杀家.pdf,62507f36-aa22-4065-bb0f-f7de69f87e7c,2,【第二场】,37,dialogue,dialogue,丁郎,pdf_01000000__01002016___7c4fa6e0d0__char__ef9971249c,白,白,白,念白,丁郎,"哦,你就是混堂里屁精!","丁郎（白）哦,你就是混堂里屁精!"
pdf_01000000__01002016___7c4fa6e0d0,打渔杀家,pdf_01000000__01002016___7c4fa6e0d0__line__000037,pdf_01000000__01002016___7c4fa6e0d0__scene__002,01002016_打渔杀家.pdf,D:\University_studies\Junior\data_visualization\experiment\final_self\opera_dataset\01000000\01002016_打渔杀家.pdf,01000000/01002016_打渔杀家.pdf,62507f36-aa22-4065-bb0f-f7de69f87e7c,2,【第二场】,37,dialogue,dialogue,李俊,pdf_01000000__01002016___7c4fa6e0d0__char__6df09b0ab1,白,白,白,打；念白,李俊,我打你这忘八禽的!,李俊（白）我打你这忘八禽的!
pdf_01000000__01002016___7c4fa6e0d0,打渔杀家,pdf_01000000__01002016___7c4fa6e0d0__line__000037,pdf_01000000__01002016___7c4fa6e0d0__scene__002,01002016_打渔杀家.pdf,D:\University_studies\Junior\data_visualization\experiment\final_self\opera_dataset\01000000\01002016_打渔杀家.pdf,01000000/01002016_打渔杀家.pdf,62507f36-aa22-4065-bb0f-f7de69f87e7c,2,【第二场】,37,dialogue,dialogue,倪荣,pdf_01000000__01002016___7c4fa6e0d0__char__5f372a1071,白,白,白,来；念白,倪荣,"呔,滚回来!","倪荣（白）呔,滚回来!"
pdf_01000000__01002016___7c4fa6e0d0,打渔杀家,pdf_01000000__01002016___7c4fa6e0d0__line__000037,pdf_01000000__01002016___7c4fa6e0d0__scene__002,01002016_打渔杀家.pdf,D:\University_studies\Junior\data_visualization\experiment\final_self\opera_dataset\01000000\01002016_打渔杀家.pdf,01000000/01002016_打渔杀家.pdf,62507f36-aa22-4065-bb0f-f7de69f87e7c,2,【第二场】,37,dialogue,dialogue,萧恩,pdf_01000000__01002016___7c4fa6e0d0__char__1b320e74d7,白,白,白,念白,萧恩,不要与他生气。,萧恩（白）不要与他生气。
pdf_01000000__01002016___7c4fa6e0d0,打渔杀家,pdf_01000000__01002016___7c4fa6e0d0__line__000037,pdf_01000000__01002016___7c4fa6e0d0__scene__002,01002016_打渔杀家.pdf,D:\University_studies\Junior\data_visualization\experiment\final_self\opera_dataset\01000000\01002016_打渔杀家.pdf,01000000/01002016_打渔杀家.pdf,62507f36-aa22-4065-bb0f-f7de69f87e7c,2,【第二场】,37,dialogue,dialogue,倪荣,pdf_01000000__01002016___7c4fa6e0d0__char__5f372a1071,白,白,白,来；念白,倪荣,待我来嘱咐他几句。,倪荣（白）待我来嘱咐他几句。
pdf_01000000__01002016___7c4fa6e0d0,打渔杀家,pdf_01000000__01002016___7c4fa6e0d0__line__000037,pdf_01000000__01002016___7c4fa6e0d0__scene__002,01002016_打渔杀家.pdf,D:\University_studies\Junior\data_visualization\experiment\final_self\opera_dataset\01000000\01002016_打渔杀家.pdf,01000000/01002016_打渔杀家.pdf,62507f36-aa22-4065-bb0f-f7de69f87e7c,2,【第二场】,37,dialogue,dialogue,丁郎,pdf_01000000__01002016___7c4fa6e0d0__char__ef9971249c,白,白,白,来；念白,丁郎,"呵,这个喉咙比那个还大。转来了。","丁郎（白）呵,这个喉咙比那个还大。转来了。"
pdf_01000000__01002016___7c4fa6e0d0,打渔杀家,pdf_01000000__01002016___7c4fa6e0d0__line__000037,pdf_01000000__01002016___7c4fa6e0d0__scene__002,01002016_打渔杀家.pdf,D:\University_studies\Junior\data_visualization\experiment\final_self\opera_dataset\01000000\01002016_打渔杀家.pdf,01000000/01002016_打渔杀家.pdf,62507f36-aa22-4065-bb0f-f7de69f87e7c,2,【第二场】,37,dialogue,dialogue,倪荣,pdf_01000000__01002016___7c4fa6e0d0__char__5f372a1071,白,白,白,上；问；念白,倪荣,我且问你。这鱼税银子可有圣上旨意?,倪荣（白）我且问你。这鱼税银子可有圣上旨意?
pdf_01000000__01002016___7c4fa6e0d0,打渔杀家,pdf_01000000__01002016___7c4fa6e0d0__line__000037,pdf_01000000__01002016___7c4fa6e0d0__scene__002,01002016_打渔杀家.pdf,D:\University_studies\Junior\data_visualization\experiment\final_self\opera_dataset\01000000\01002016_打渔杀家.pdf,01000000/01002016_打渔杀家.pdf,62507f36-aa22-4065-bb0f-f7de69f87e7c,2,【第二场】,37,dialogue,dialogue,丁郎,pdf_01000000__01002016___7c4fa6e0d0__char__ef9971249c,白,白,白,念白,丁郎,没有。,丁郎（白）没有。
pdf_01000000__01002016___7c4fa6e0d0,打渔杀家,pdf_01000000__01002016___7c4fa6e0d0__line__000037,pdf_01000000__01002016___7c4fa6e0d0__scene__002,01002016_打渔杀家.pdf,D:\University_studies\Junior\data_visualization\experiment\final_self\opera_dataset\01000000\01002016_打渔杀家.pdf,01000000/01002016_打渔杀家.pdf,62507f36-aa22-4065-bb0f-f7de69f87e7c,2,【第二场】,37,dialogue,dialogue,倪荣,pdf_01000000__01002016___7c4fa6e0d0__char__5f372a1071,白,白,白,念白,倪荣,六部公文?,倪荣（白）六部公文?
pdf_01000000__01002016___7c4fa6e0d0,打渔杀家,pdf_01000000__01002016___7c4fa6e0d0__line__000037,pdf_01000000__01002016___7c4fa6e0d0__scene__002,01002016_打渔杀家.pdf,D:\University_studies\Junior\data_visualization\experiment\final_self\opera_dataset\01000000\01002016_打渔杀家.pdf,01000000/01002016_打渔杀家.pdf,62507f36-aa22-4065-bb0f-f7de69f87e7c,2,【第二场】,37,dialogue,dialogue,丁郎,pdf_01000000__01002016___7c4fa6e0d0__char__ef9971249c,白,白,白,念白,丁郎,也没有。,丁郎（白）也没有。
pdf_01000000__01002016___7c4fa6e0d0,打渔杀家,pdf_01000000__01002016___7c4fa6e0d0__line__000037,pdf_01000000__01002016___7c4fa6e0d0__scene__002,01002016_打渔杀家.pdf,D:\University_studies\Junior\data_visualization\experiment\final_self\opera_dataset\01000000\01002016_打渔杀家.pdf,01000000/01002016_打渔杀家.pdf,62507f36-aa22-4065-bb0f-f7de69f87e7c,2,【第二场】,37,dialogue,dialogue,倪荣,pdf_01000000__01002016___7c4fa6e0d0__char__5f372a1071,白,白,白,来；念白,倪荣,凭着何来?,倪荣（白）凭着何来?
pdf_01000000__01002016___7c4fa6e0d0,打渔杀家,pdf_01000000__01002016___7c4fa6e0d0__line__000037,pdf_01000000__01002016___7c4fa6e0d0__scene__002,01002016_打渔杀家.pdf,D:\University_studies\Junior\data_visualization\experiment\final_self\opera_dataset\01000000\01002016_打渔杀家.pdf,01000000/01002016_打渔杀家.pdf,62507f36-aa22-4065-bb0f-f7de69f87e7c,2,【第二场】,37,dialogue,dialogue,丁郎,pdf_01000000__01002016___7c4fa6e0d0__char__ef9971249c,白,白,白,念白,丁郎,本县太爷所断。,丁郎（白）本县太爷所断。
pdf_01000000__01002016___7c4fa6e0d0,打渔杀家,pdf_01000000__01002016___7c4fa6e0d0__line__000037,pdf_01000000__01002016___7c4fa6e0d0__scene__002,01002016_打渔杀家.pdf,D:\University_studies\Junior\data_visualization\experiment\final_self\opera_dataset\01000000\01002016_打渔杀家.pdf,01000000/01002016_打渔杀家.pdf,62507f36-aa22-4065-bb0f-f7de69f87e7c,2,【第二场】,37,dialogue,dialogue,倪荣,pdf_01000000__01002016___7c4fa6e0d0__char__5f372a1071,白,白,白,念白,倪荣,敢是那吕子秋?,倪荣（白）敢是那吕子秋?
pdf_01000000__01002016___7c4fa6e0d0,打渔杀家,pdf_01000000__01002016___7c4fa6e0d0__line__000037,pdf_01000000__01002016___7c4fa6e0d0__scene__002,01002016_打渔杀家.pdf,D:\University_studies\Junior\data_visualization\experiment\final_self\opera_dataset\01000000\01002016_打渔杀家.pdf,01000000/01002016_打渔杀家.pdf,62507f36-aa22-4065-bb0f-f7de69f87e7c,2,【第二场】,37,dialogue,dialogue,丁郎,pdf_01000000__01002016___7c4fa6e0d0__char__ef9971249c,白,白,白,念白,丁郎,太爷。,丁郎（白）太爷。
pdf_01000000__01002016___7c4fa6e0d0,打渔杀家,pdf_01000000__01002016___7c4fa6e0d0__line__000037,pdf_01000000__01002016___7c4fa6e0d0__scene__002,01002016_打渔杀家.pdf,D:\University_studies\Junior\data_visualization\experiment\final_self\opera_dataset\01000000\01002016_打渔杀家.pdf,01000000/01002016_打渔杀家.pdf,62507f36-aa22-4065-bb0f-f7de69f87e7c,2,【第二场】,37,dialogue,dialogue,倪荣,pdf_01000000__01002016___7c4fa6e0d0__char__5f372a1071,白,白,白,去；念白,倪荣,回去言讲:鱼税银子免了也罢。,倪荣（白）回去言讲:鱼税银子免了也罢。
pdf_01000000__01002016___7c4fa6e0d0,打渔杀家,pdf_01000000__01002016___7c4fa6e0d0__line__000037,pdf_01000000__01002016___7c4fa6e0d0__scene__002,01002016_打渔杀家.pdf,D:\University_studies\Junior\data_visualization\experiment\final_self\opera_dataset\01000000\01002016_打渔杀家.pdf,01000000/01002016_打渔杀家.pdf,62507f36-aa22-4065-bb0f-f7de69f87e7c,2,【第二场】,37,dialogue,dialogue,丁郎,pdf_01000000__01002016___7c4fa6e0d0__char__ef9971249c,白,白,白,念白,丁郎,如若不免。,丁郎（白）如若不免。
pdf_01000000__01002016___7c4fa6e0d0,打渔杀家,pdf_01000000__01002016___7c4fa6e0d0__line__000037,pdf_01000000__01002016___7c4fa6e0d0__scene__002,01002016_打渔杀家.pdf,D:\University_studies\Junior\data_visualization\experiment\final_self\opera_dataset\01000000\01002016_打渔杀家.pdf,01000000/01002016_打渔杀家.pdf,62507f36-aa22-4065-bb0f-f7de69f87e7c,2,【第二场】,37,dialogue,dialogue,倪荣,pdf_01000000__01002016___7c4fa6e0d0__char__5f372a1071,白,白,白,上；下；念白,倪荣,"大街之上撞着某家,我剜他的眼睛,泡烧酒喝,我把他的皮熬狗皮膏药。记下了!","倪荣（白）大街之上撞着某家,我剜他的眼睛,泡烧酒喝,我把他的皮熬狗皮膏药。记下了!"
pdf_01000000__01002016___7c4fa6e0d0,打渔杀家,pdf_01000000__01002016___7c4fa6e0d0__line__000037,pdf_01000000__01002016___7c4fa6e0d0__scene__002,01002016_打渔杀家.pdf,D:\University_studies\Junior\data_visualization\experiment\final_self\opera_dataset\01000000\01002016_打渔杀家.pdf,01000000/01002016_打渔杀家.pdf,62507f36-aa22-4065-bb0f-f7de69f87e7c,2,【第二场】,37,dialogue,dialogue,丁郎,pdf_01000000__01002016___7c4fa6e0d0__char__ef9971249c,白,白,白,叫；念白,丁郎,你不要海外奇谈。你叫什么名字。,丁郎（白）你不要海外奇谈。你叫什么名字。
pdf_01000000__01002016___7c4fa6e0d0,打渔杀家,pdf_01000000__01002016___7c4fa6e0d0__line__000037,pdf_01000000__01002016___7c4fa6e0d0__scene__002,01002016_打渔杀家.pdf,D:\University_studies\Junior\data_visualization\experiment\final_self\opera_dataset\01000000\01002016_打渔杀家.pdf,01000000/01002016_打渔杀家.pdf,62507f36-aa22-4065-bb0f-f7de69f87e7c,2,【第二场】,37,dialogue,dialogue,倪荣,pdf_01000000__01002016___7c4fa6e0d0__char__5f372a1071,白,白,白,叫；念白,倪荣,俺叫卷毛虎倪荣。,倪荣（白）俺叫卷毛虎倪荣。
pdf_01000000__01002016___7c4fa6e0d0,打渔杀家,pdf_01000000__01002016___7c4fa6e0d0__line__000037,pdf_01000000__01002016___7c4fa6e0d0__scene__002,01002016_打渔杀家.pdf,D:\University_studies\Junior\data_visualization\experiment\final_self\opera_dataset\01000000\01002016_打渔杀家.pdf,01000000/01002016_打渔杀家.pdf,62507f36-aa22-4065-bb0f-f7de69f87e7c,2,【第二场】,37,dialogue,dialogue,丁郎,pdf_01000000__01002016___7c4fa6e0d0__char__ef9971249c,白,白,白,叫；念白,丁郎,"哦,你叫卵毛里臭虫!","丁郎（白）哦,你叫卵毛里臭虫!"
pdf_01000000__01002016___7c4fa6e0d0,打渔杀家,pdf_01000000__01002016___7c4fa6e0d0__line__000037,pdf_01000000__01002016___7c4fa6e0d0__scene__002,01002016_打渔杀家.pdf,D:\University_studies\Junior\data_visualization\experiment\final_self\opera_dataset\01000000\01002016_打渔杀家.pdf,01000000/01002016_打渔杀家.pdf,62507f36-aa22-4065-bb0f-f7de69f87e7c,2,【第二场】,37,dialogue,dialogue,倪荣,pdf_01000000__01002016___7c4fa6e0d0__char__5f372a1071,白,白,白,打；念白,倪荣,"什么话,我打你这忘八禽的!","倪荣（白）什么话,我打你这忘八禽的!"
pdf_01000000__01002016___7c4fa6e0d0,打渔杀家,pdf_01000000__01002016___7c4fa6e0d0__line__000037,pdf_01000000__01002016___7c4fa6e0d0__scene__002,01002016_打渔杀家.pdf,D:\University_studies\Junior\data_visualization\experiment\final_self\opera_dataset\01000000\01002016_打渔杀家.pdf,01000000/01002016_打渔杀家.pdf,62507f36-aa22-4065-bb0f-f7de69f87e7c,2,【第二场】,37,dialogue,dialogue,丁郎,pdf_01000000__01002016___7c4fa6e0d0__char__ef9971249c,白,白,白,打；念白,丁郎,"你要打,不要忙。等我摘了帽子。脱了衣裳。","丁郎（白）你要打,不要忙。等我摘了帽子。脱了衣裳。"
pdf_01000000__01002016___7c4fa6e0d0,打渔杀家,pdf_01000000__01002016___7c4fa6e0d0__line__000037,pdf_01000000__01002016___7c4fa6e0d0__scene__002,01002016_打渔杀家.pdf,D:\University_studies\Junior\data_visualization\experiment\final_self\opera_dataset\01000000\01002016_打渔杀家.pdf,01000000/01002016_打渔杀家.pdf,62507f36-aa22-4065-bb0f-f7de69f87e7c,2,【第二场】,37,dialogue,dialogue,倪荣,pdf_01000000__01002016___7c4fa6e0d0__char__5f372a1071,白,白,白,念白,倪荣,怎样怎样?,倪荣（白）怎样怎样?
pdf_01000000__01002016___7c4fa6e0d0,打渔杀家,pdf_01000000__01002016___7c4fa6e0d0__line__000037,pdf_01000000__01002016___7c4fa6e0d0__scene__002,01002016_打渔杀家.pdf,D:\University_studies\Junior\data_visualization\experiment\final_self\opera_dataset\01000000\01002016_打渔杀家.pdf,01000000/01002016_打渔杀家.pdf,62507f36-aa22-4065-bb0f-f7de69f87e7c,2,【第二场】,37,dialogue,dialogue,丁郎,pdf_01000000__01002016___7c4fa6e0d0__char__ef9971249c,白,白,白,走；念白,丁郎,你拉牢了他。我好逃走。,丁郎（白）你拉牢了他。我好逃走。
pdf_01000000__01002016___7c4fa6e0d0,打渔杀家,pdf_01000000__01002016___7c4fa6e0d0__line__000037,pdf_01000000__01002016___7c4fa6e0d0__scene__002,01002016_打渔杀家.pdf,D:\University_studies\Junior\data_visualization\experiment\final_self\opera_dataset\01000000\01002016_打渔杀家.pdf,01000000/01002016_打渔杀家.pdf,62507f36-aa22-4065-bb0f-f7de69f87e7c,2,【第二场】,37,dialogue,dialogue,倪荣,pdf_01000000__01002016___7c4fa6e0d0__char__5f372a1071,同白,白,同白,念白,倪荣,萧兄为何这等软弱?,倪荣（同白）萧兄为何这等软弱?
pdf_01000000__01002016___7c4fa6e0d0,打渔杀家,pdf_01000000__01002016___7c4fa6e0d0__line__000037,pdf_01000000__01002016___7c4fa6e0d0__scene__002,01002016_打渔杀家.pdf,D:\University_studies\Junior\data_visualization\experiment\final_self\opera_dataset\01000000\01002016_打渔杀家.pdf,01000000/01002016_打渔杀家.pdf,62507f36-aa22-4065-bb0f-f7de69f87e7c,2,【第二场】,37,dialogue,dialogue,萧恩,pdf_01000000__01002016___7c4fa6e0d0__char__1b320e74d7,白,白,白,念白,萧恩,他们的势力大。,萧恩（白）他们的势力大。
pdf_01000000__01002016___7c4fa6e0d0,打渔杀家,pdf_01000000__01002016___7c4fa6e0d0__line__000037,pdf_01000000__01002016___7c4fa6e0d0__scene__002,01002016_打渔杀家.pdf,D:\University_studies\Junior\data_visualization\experiment\final_self\opera_dataset\01000000\01002016_打渔杀家.pdf,01000000/01002016_打渔杀家.pdf,62507f36-aa22-4065-bb0f-f7de69f87e7c,2,【第二场】,37,dialogue,dialogue,倪荣,pdf_01000000__01002016___7c4fa6e0d0__char__5f372a1071,同白,白,同白,念白,倪荣,哪怕他是王位。,倪荣（同白）哪怕他是王位。
pdf_01000000__01002016___7c4fa6e0d0,打渔杀家,pdf_01000000__01002016___7c4fa6e0d0__line__000037,pdf_01000000__01002016___7c4fa6e0d0__scene__002,01002016_打渔杀家.pdf,D:\University_studies\Junior\data_visualization\experiment\final_self\opera_dataset\01000000\01002016_打渔杀家.pdf,01000000/01002016_打渔杀家.pdf,62507f36-aa22-4065-bb0f-f7de69f87e7c,2,【第二场】,37,dialogue,dialogue,萧恩,pdf_01000000__01002016___7c4fa6e0d0__char__1b320e74d7,白,白,白,念白,萧恩,他们人多。,萧恩（白）他们人多。
pdf_01000000__01002016___7c4fa6e0d0,打渔杀家,pdf_01000000__01002016___7c4fa6e0d0__line__000037,pdf_01000000__01002016___7c4fa6e0d0__scene__002,01002016_打渔杀家.pdf,D:\University_studies\Junior\data_visualization\experiment\final_self\opera_dataset\01000000\01002016_打渔杀家.pdf,01000000/01002016_打渔杀家.pdf,62507f36-aa22-4065-bb0f-f7de69f87e7c,2,【第二场】,37,dialogue,dialogue,倪荣,pdf_01000000__01002016___7c4fa6e0d0__char__5f372a1071,同白,白,同白,念白,倪荣,咱弟兄人也不少。,倪荣（同白）咱弟兄人也不少。
pdf_01000000__01002016___7c4fa6e0d0,打渔杀家,pdf_01000000__01002016___7c4fa6e0d0__line__000037,pdf_01000000__01002016___7c4fa6e0d0__scene__002,01002016_打渔杀家.pdf,D:\University_studies\Junior\data_visualization\experiment\final_self\opera_dataset\01000000\01002016_打渔杀家.pdf,01000000/01002016_打渔杀家.pdf,62507f36-aa22-4065-bb0f-f7de69f87e7c,2,【第二场】,37,dialogue,dialogue,萧恩,pdf_01000000__01002016___7c4fa6e0d0__char__1b320e74d7,白,白,白,念白,萧恩,他们有银钱。,萧恩（白）他们有银钱。
pdf_01000000__01002016___7c4fa6e0d0,打渔杀家,pdf_01000000__01002016___7c4fa6e0d0__line__000037,pdf_01000000__01002016___7c4fa6e0d0__scene__002,01002016_打渔杀家.pdf,D:\University_studies\Junior\data_visualization\experiment\final_self\opera_dataset\01000000\01002016_打渔杀家.pdf,01000000/01002016_打渔杀家.pdf,62507f36-aa22-4065-bb0f-f7de69f87e7c,2,【第二场】,37,dialogue,dialogue,倪荣,pdf_01000000__01002016___7c4fa6e0d0__char__5f372a1071,同白,白,同白,念白,倪荣,买咱弟兄不动。,倪荣（同白）买咱弟兄不动。
pdf_01000000__01002016___7c4fa6e0d0,打渔杀家,pdf_01000000__01002016___7c4fa6e0d0__line__000037,pdf_01000000__01002016___7c4fa6e0d0__scene__002,01002016_打渔杀家.pdf,D:\University_studies\Junior\data_visualization\experiment\final_self\opera_dataset\01000000\01002016_打渔杀家.pdf,01000000/01002016_打渔杀家.pdf,62507f36-aa22-4065-bb0f-f7de69f87e7c,2,【第二场】,37,dialogue,dialogue,萧恩,pdf_01000000__01002016___7c4fa6e0d0__char__1b320e74d7,白,白,白,念白,萧恩,这就难讲话了。,萧恩（白）这就难讲话了。
pdf_01000000__01002016___7c4fa6e0d0,打渔杀家,pdf_01000000__01002016___7c4fa6e0d0__line__000037,pdf_01000000__01002016___7c4fa6e0d0__scene__002,01002016_打渔杀家.pdf,D:\University_studies\Junior\data_visualization\experiment\final_self\opera_dataset\01000000\01002016_打渔杀家.pdf,01000000/01002016_打渔杀家.pdf,62507f36-aa22-4065-bb0f-f7de69f87e7c,2,【第二场】,37,dialogue,dialogue,倪荣,pdf_01000000__01002016___7c4fa6e0d0__char__5f372a1071,同白,白,同白,下；念白,倪荣,"这河下生意,不做也罢。","倪荣（同白）这河下生意,不做也罢。"
pdf_01000000__01002016___7c4fa6e0d0,打渔杀家,pdf_01000000__01002016___7c4fa6e0d0__line__000037,pdf_01000000__01002016___7c4fa6e0d0__scene__002,01002016_打渔杀家.pdf,D:\University_studies\Junior\data_visualization\experiment\final_self\opera_dataset\01000000\01002016_打渔杀家.pdf,01000000/01002016_打渔杀家.pdf,62507f36-aa22-4065-bb0f-f7de69f87e7c,2,【第二场】,37,dialogue,dialogue,萧恩,pdf_01000000__01002016___7c4fa6e0d0__char__1b320e74d7,白,白,白,下；念白,萧恩,"本当不做河下生意,怎奈囊中惭愧。","萧恩（白）本当不做河下生意,怎奈囊中惭愧。"
pdf_01000000__01002016___7c4fa6e0d0,打渔杀家,pdf_01000000__01002016___7c4fa6e0d0__line__000039,pdf_01000000__01002016___7c4fa6e0d0__scene__002,01002016_打渔杀家.pdf,D:\University_studies\Junior\data_visualization\experiment\final_self\opera_dataset\01000000\01002016_打渔杀家.pdf,01000000/01002016_打渔杀家.pdf,62507f36-aa22-4065-bb0f-f7de69f87e7c,2,【第二场】,39,dialogue,dialogue,李俊,pdf_01000000__01002016___7c4fa6e0d0__char__6df09b0ab1,白,白,白,念白,李俊,小弟送银十两。,李俊（白）小弟送银十两。
pdf_01000000__01002016___7c4fa6e0d0,打渔杀家,pdf_01000000__01002016___7c4fa6e0d0__line__000039,pdf_01000000__01002016___7c4fa6e0d0__scene__002,01002016_打渔杀家.pdf,D:\University_studies\Junior\data_visualization\experiment\final_self\opera_dataset\01000000\01002016_打渔杀家.pdf,01000000/01002016_打渔杀家.pdf,62507f36-aa22-4065-bb0f-f7de69f87e7c,2,【第二场】,39,dialogue,dialogue,倪荣,pdf_01000000__01002016___7c4fa6e0d0__char__5f372a1071,白,白,白,念白,倪荣,小弟送白米十担。,倪荣（白）小弟送白米十担。
pdf_01000000__01002016___7c4fa6e0d0,打渔杀家,pdf_01000000__01002016___7c4fa6e0d0__line__000039,pdf_01000000__01002016___7c4fa6e0d0__scene__002,01002016_打渔杀家.pdf,D:\University_studies\Junior\data_visualization\experiment\final_self\opera_dataset\01000000\01002016_打渔杀家.pdf,01000000/01002016_打渔杀家.pdf,62507f36-aa22-4065-bb0f-f7de69f87e7c,2,【第二场】,39,dialogue,dialogue,萧恩,pdf_01000000__01002016___7c4fa6e0d0__char__1b320e74d7,白,白,白,来；念白,萧恩,哪位贤弟送来?,萧恩（白）哪位贤弟送来?
pdf_01000000__01002016___7c4fa6e0d0,打渔杀家,pdf_01000000__01002016___7c4fa6e0d0__line__000039,pdf_01000000__01002016___7c4fa6e0d0__scene__002,01002016_打渔杀家.pdf,D:\University_studies\Junior\data_visualization\experiment\final_self\opera_dataset\01000000\01002016_打渔杀家.pdf,01000000/01002016_打渔杀家.pdf,62507f36-aa22-4065-bb0f-f7de69f87e7c,2,【第二场】,39,dialogue,dialogue,倪荣,pdf_01000000__01002016___7c4fa6e0d0__char__5f372a1071,白,白,白,来；念白,倪荣,小弟送来。,倪荣（白）小弟送来。
pdf_01000000__01002016___7c4fa6e0d0,打渔杀家,pdf_01000000__01002016___7c4fa6e0d0__line__000039,pdf_01000000__01002016___7c4fa6e0d0__scene__002,01002016_打渔杀家.pdf,D:\University_studies\Junior\data_visualization\experiment\final_self\opera_dataset\01000000\01002016_打渔杀家.pdf,01000000/01002016_打渔杀家.pdf,62507f36-aa22-4065-bb0f-f7de69f87e7c,2,【第二场】,39,dialogue,dialogue,萧恩,pdf_01000000__01002016___7c4fa6e0d0__char__1b320e74d7,白,白,白,念白,萧恩,愧领了。,萧恩（白）愧领了。
pdf_01000000__01002016___7c4fa6e0d0,打渔杀家,pdf_01000000__01002016___7c4fa6e0d0__line__000041,pdf_01000000__01002016___7c4fa6e0d0__scene__002,01002016_打渔杀家.pdf,D:\University_studies\Junior\data_visualization\experiment\final_self\opera_dataset\01000000\01002016_打渔杀家.pdf,01000000/01002016_打渔杀家.pdf,62507f36-aa22-4065-bb0f-f7de69f87e7c,2,【第二场】,41,narration,narration,,,,说明,,,李俊,李俊、,李俊、
pdf_01000000__01002016___7c4fa6e0d0,打渔杀家,pdf_01000000__01002016___7c4fa6e0d0__line__000043,pdf_01000000__01002016___7c4fa6e0d0__scene__002,01002016_打渔杀家.pdf,D:\University_studies\Junior\data_visualization\experiment\final_self\opera_dataset\01000000\01002016_打渔杀家.pdf,01000000/01002016_打渔杀家.pdf,62507f36-aa22-4065-bb0f-f7de69f87e7c,2,【第二场】,43,dialogue,dialogue,倪荣,pdf_01000000__01002016___7c4fa6e0d0__char__5f372a1071,同白,白,同白,念白,倪荣,告辞了。,倪荣（同白）告辞了。
pdf_01000000__01002016___7c4fa6e0d0,打渔杀家,pdf_01000000__01002016___7c4fa6e0d0__line__000043,pdf_01000000__01002016___7c4fa6e0d0__scene__002,01002016_打渔杀家.pdf,D:\University_studies\Junior\data_visualization\experiment\final_self\opera_dataset\01000000\01002016_打渔杀家.pdf,01000000/01002016_打渔杀家.pdf,62507f36-aa22-4065-bb0f-f7de69f87e7c,2,【第二场】,43,dialogue,dialogue,萧恩,pdf_01000000__01002016___7c4fa6e0d0__char__1b320e74d7,白,白,白,念白,萧恩,奉送。,萧恩（白）奉送。
pdf_01000000__01002016___7c4fa6e0d0,打渔杀家,pdf_01000000__01002016___7c4fa6e0d0__line__000043,pdf_01000000__01002016___7c4fa6e0d0__scene__002,01002016_打渔杀家.pdf,D:\University_studies\Junior\data_visualization\experiment\final_self\opera_dataset\01000000\01002016_打渔杀家.pdf,01000000/01002016_打渔杀家.pdf,62507f36-aa22-4065-bb0f-f7de69f87e7c,2,【第二场】,43,lyric,lyric,李俊,pdf_01000000__01002016___7c4fa6e0d0__char__6df09b0ab1,西皮摇板,唱,西皮摇板,令；唱段,李俊,"听说令爱出花家,","李俊（西皮摇板）听说令爱出花家,"
pdf_01000000__01002016___7c4fa6e0d0,打渔杀家,pdf_01000000__01002016___7c4fa6e0d0__line__000043,pdf_01000000__01002016___7c4fa6e0d0__scene__002,01002016_打渔杀家.pdf,D:\University_studies\Junior\data_visualization\experiment\final_self\opera_dataset\01000000\01002016_打渔杀家.pdf,01000000/01002016_打渔杀家.pdf,62507f36-aa22-4065-bb0f-f7de69f87e7c,2,【第二场】,43,lyric,lyric,倪荣,pdf_01000000__01002016___7c4fa6e0d0__char__5f372a1071,西皮摇板,唱,西皮摇板,唱段,倪荣,门当户对果不差。,倪荣（西皮摇板）门当户对果不差。
pdf_01000000__01002016___7c4fa6e0d0,打渔杀家,pdf_01000000__01002016___7c4fa6e0d0__line__000043,pdf_01000000__01002016___7c4fa6e0d0__scene__002,01002016_打渔杀家.pdf,D:\University_studies\Junior\data_visualization\experiment\final_self\opera_dataset\01000000\01002016_打渔杀家.pdf,01000000/01002016_打渔杀家.pdf,62507f36-aa22-4065-bb0f-f7de69f87e7c,2,【第二场】,43,lyric,lyric,李俊,pdf_01000000__01002016___7c4fa6e0d0__char__6df09b0ab1,西皮摇板,唱,西皮摇板,来；令；唱段,李俊,"但等令爱来出嫁,","李俊（西皮摇板）但等令爱来出嫁,"
pdf_01000000__01002016___7c4fa6e0d0,打渔杀家,pdf_01000000__01002016___7c4fa6e0d0__line__000043,pdf_01000000__01002016___7c4fa6e0d0__scene__002,01002016_打渔杀家.pdf,D:\University_studies\Junior\data_visualization\experiment\final_self\opera_dataset\01000000\01002016_打渔杀家.pdf,01000000/01002016_打渔杀家.pdf,62507f36-aa22-4065-bb0f-f7de69f87e7c,2,【第二场】,43,lyric,lyric,倪荣,pdf_01000000__01002016___7c4fa6e0d0__char__5f372a1071,西皮摇板,唱,西皮摇板,唱段,倪荣,花红彩礼送到家。,倪荣（西皮摇板）花红彩礼送到家。
pdf_01000000__01002016___7c4fa6e0d0,打渔杀家,pdf_01000000__01002016___7c4fa6e0d0__line__000045,pdf_01000000__01002016___7c4fa6e0d0__scene__002,01002016_打渔杀家.pdf,D:\University_studies\Junior\data_visualization\experiment\final_self\opera_dataset\01000000\01002016_打渔杀家.pdf,01000000/01002016_打渔杀家.pdf,62507f36-aa22-4065-bb0f-f7de69f87e7c,2,【第二场】,45,stage_direction,stage_direction,,,李俊、倪荣同下。,做,李俊、倪荣同下。,下,倪荣；李俊,,（李俊、倪荣同下。）
pdf_01000000__01002016___7c4fa6e0d0,打渔杀家,pdf_01000000__01002016___7c4fa6e0d0__line__000047,pdf_01000000__01002016___7c4fa6e0d0__scene__002,01002016_打渔杀家.pdf,D:\University_studies\Junior\data_visualization\experiment\final_self\opera_dataset\01000000\01002016_打渔杀家.pdf,01000000/01002016_打渔杀家.pdf,62507f36-aa22-4065-bb0f-f7de69f87e7c,2,【第二场】,47,dialogue,dialogue,萧恩,pdf_01000000__01002016___7c4fa6e0d0__char__1b320e74d7,白,白,白,走；念白,萧恩,二位贤弟慢走。愚兄不能远送了。这才是我好朋友呐!,萧恩（白）二位贤弟慢走。愚兄不能远送了。这才是我好朋友呐!
pdf_01000000__01002016___7c4fa6e0d0,打渔杀家,pdf_01000000__01002016___7c4fa6e0d0__line__000047,pdf_01000000__01002016___7c4fa6e0d0__scene__002,01002016_打渔杀家.pdf,D:\University_studies\Junior\data_visualization\experiment\final_self\opera_dataset\01000000\01002016_打渔杀家.pdf,01000000/01002016_打渔杀家.pdf,62507f36-aa22-4065-bb0f-f7de69f87e7c,2,【第二场】,47,dialogue,dialogue,萧桂英,pdf_01000000__01002016___7c4fa6e0d0__char__518207dfcc,白,白,白,念白,萧桂英,爹爹。这二位叔父是何等样人呀?,萧桂英（白）爹爹。这二位叔父是何等样人呀?
pdf_01000000__01002016___7c4fa6e0d0,打渔杀家,pdf_01000000__01002016___7c4fa6e0d0__line__000047,pdf_01000000__01002016___7c4fa6e0d0__scene__002,01002016_打渔杀家.pdf,D:\University_studies\Junior\data_visualization\experiment\final_self\opera_dataset\01000000\01002016_打渔杀家.pdf,01000000/01002016_打渔杀家.pdf,62507f36-aa22-4065-bb0f-f7de69f87e7c,2,【第二场】,47,dialogue,dialogue,萧恩,pdf_01000000__01002016___7c4fa6e0d0__char__1b320e74d7,白,白,白,问；念白,萧恩,儿问的是他二人?儿呀!,萧恩（白）儿问的是他二人?儿呀!
pdf_01000000__01002016___7c4fa6e0d0,打渔杀家,pdf_01000000__01002016___7c4fa6e0d0__line__000047,pdf_01000000__01002016___7c4fa6e0d0__scene__002,01002016_打渔杀家.pdf,D:\University_studies\Junior\data_visualization\experiment\final_self\opera_dataset\01000000\01002016_打渔杀家.pdf,01000000/01002016_打渔杀家.pdf,62507f36-aa22-4065-bb0f-f7de69f87e7c,2,【第二场】,47,lyric,lyric,萧桂英,pdf_01000000__01002016___7c4fa6e0d0__char__518207dfcc,西皮摇板,唱,西皮摇板,去；唱段,萧桂英,"昔日子期访伯牙,爹爹交友果不差。天色不早回去吧,","萧桂英（西皮摇板）昔日子期访伯牙,爹爹交友果不差。天色不早回去吧,"
pdf_01000000__01002016___7c4fa6e0d0,打渔杀家,pdf_01000000__01002016___7c4fa6e0d0__line__000047,pdf_01000000__01002016___7c4fa6e0d0__scene__002,01002016_打渔杀家.pdf,D:\University_studies\Junior\data_visualization\experiment\final_self\opera_dataset\01000000\01002016_打渔杀家.pdf,01000000/01002016_打渔杀家.pdf,62507f36-aa22-4065-bb0f-f7de69f87e7c,2,【第二场】,47,lyric,lyric,萧恩,pdf_01000000__01002016___7c4fa6e0d0__char__1b320e74d7,西皮摇板,唱,西皮摇板,下；看；唱段,萧恩,看看红日落西下。,萧恩（西皮摇板）看看红日落西下。
pdf_01000000__01002016___7c4fa6e0d0,打渔杀家,pdf_01000000__01002016___7c4fa6e0d0__line__000047,pdf_01000000__01002016___7c4fa6e0d0__scene__002,01002016_打渔杀家.pdf,D:\University_studies\Junior\data_visualization\experiment\final_self\opera_dataset\01000000\01002016_打渔杀家.pdf,01000000/01002016_打渔杀家.pdf,62507f36-aa22-4065-bb0f-f7de69f87e7c,2,【第二场】,47,dialogue,dialogue,萧桂英,pdf_01000000__01002016___7c4fa6e0d0__char__518207dfcc,白,白,白,命；念白,萧桂英,遵命。正是:,萧桂英（白）遵命。正是:
pdf_01000000__01002016___7c4fa6e0d0,打渔杀家,pdf_01000000__01002016___7c4fa6e0d0__line__000047,pdf_01000000__01002016___7c4fa6e0d0__scene__002,01002016_打渔杀家.pdf,D:\University_studies\Junior\data_visualization\experiment\final_self\opera_dataset\01000000\01002016_打渔杀家.pdf,01000000/01002016_打渔杀家.pdf,62507f36-aa22-4065-bb0f-f7de69f87e7c,2,【第二场】,47,dialogue,dialogue,萧恩,pdf_01000000__01002016___7c4fa6e0d0__char__1b320e74d7,念,念,念,下；打,萧恩,"父女打鱼在江下,","萧恩（念）父女打鱼在江下,"
pdf_01000000__01002016___7c4fa6e0d0,打渔杀家,pdf_01000000__01002016___7c4fa6e0d0__line__000047,pdf_01000000__01002016___7c4fa6e0d0__scene__002,01002016_打渔杀家.pdf,D:\University_studies\Junior\data_visualization\experiment\final_self\opera_dataset\01000000\01002016_打渔杀家.pdf,01000000/01002016_打渔杀家.pdf,62507f36-aa22-4065-bb0f-f7de69f87e7c,2,【第二场】,47,dialogue,dialogue,萧桂英,pdf_01000000__01002016___7c4fa6e0d0__char__518207dfcc,念,念,念,笑,萧桂英,家贫哪怕人笑咱。,萧桂英（念）家贫哪怕人笑咱。
pdf_01000000__01002016___7c4fa6e0d0,打渔杀家,pdf_01000000__01002016___7c4fa6e0d0__line__000047,pdf_01000000__01002016___7c4fa6e0d0__scene__002,01002016_打渔杀家.pdf,D:\University_studies\Junior\data_visualization\experiment\final_self\opera_dataset\01000000\01002016_打渔杀家.pdf,01000000/01002016_打渔杀家.pdf,62507f36-aa22-4065-bb0f-f7de69f87e7c,2,【第二场】,47,dialogue,dialogue,萧恩,pdf_01000000__01002016___7c4fa6e0d0__char__1b320e74d7,念,念,念,,萧恩,"有雾不知天早晚,","萧恩（念）有雾不知天早晚,"
pdf_01000000__01002016___7c4fa6e0d0,打渔杀家,pdf_01000000__01002016___7c4fa6e0d0__line__000047,pdf_01000000__01002016___7c4fa6e0d0__scene__002,01002016_打渔杀家.pdf,D:\University_studies\Junior\data_visualization\experiment\final_self\opera_dataset\01000000\01002016_打渔杀家.pdf,01000000/01002016_打渔杀家.pdf,62507f36-aa22-4065-bb0f-f7de69f87e7c,2,【第二场】,47,dialogue,dialogue,萧桂英,pdf_01000000__01002016___7c4fa6e0d0__char__518207dfcc,念,念,念,,萧桂英,一轮明月转回家。,萧桂英（念）一轮明月转回家。
pdf_01000000__01002016___7c4fa6e0d0,打渔杀家,pdf_01000000__01002016___7c4fa6e0d0__line__000049,pdf_01000000__01002016___7c4fa6e0d0__scene__002,01002016_打渔杀家.pdf,D:\University_studies\Junior\data_visualization\experiment\final_self\opera_dataset\01000000\01002016_打渔杀家.pdf,01000000/01002016_打渔杀家.pdf,62507f36-aa22-4065-bb0f-f7de69f87e7c,2,【第二场】,49,stage_direction,stage_direction,,,萧恩、萧桂英同下。,做,萧恩、萧桂英同下。,下,萧桂英；萧恩,,（萧恩、萧桂英同下。）
pdf_01000000__01002016___7c4fa6e0d0,打渔杀家,pdf_01000000__01002016___7c4fa6e0d0__line__000053,pdf_01000000__01002016___7c4fa6e0d0__scene__003,01002016_打渔杀家.pdf,D:\University_studies\Junior\data_visualization\experiment\final_self\opera_dataset\01000000\01002016_打渔杀家.pdf,01000000/01002016_打渔杀家.pdf,62507f36-aa22-4065-bb0f-f7de69f87e7c,3,【第三场】,53,dialogue,dialogue,丁员外,pdf_01000000__01002016___7c4fa6e0d0__char__a43a0ff027,念,念,念,,丁员外,家有千担粮。,丁员外（念）家有千担粮。
pdf_01000000__01002016___7c4fa6e0d0,打渔杀家,pdf_01000000__01002016___7c4fa6e0d0__line__000053,pdf_01000000__01002016___7c4fa6e0d0__scene__003,01002016_打渔杀家.pdf,D:\University_studies\Junior\data_visualization\experiment\final_self\opera_dataset\01000000\01002016_打渔杀家.pdf,01000000/01002016_打渔杀家.pdf,62507f36-aa22-4065-bb0f-f7de69f87e7c,3,【第三场】,53,dialogue,dialogue,郭先生,pdf_01000000__01002016___7c4fa6e0d0__char__ff5ab78968,念,念,念,,郭先生,前仓堆后仓。,郭先生（念）前仓堆后仓。
pdf_01000000__01002016___7c4fa6e0d0,打渔杀家,pdf_01000000__01002016___7c4fa6e0d0__line__000053,pdf_01000000__01002016___7c4fa6e0d0__scene__003,01002016_打渔杀家.pdf,D:\University_studies\Junior\data_visualization\experiment\final_self\opera_dataset\01000000\01002016_打渔杀家.pdf,01000000/01002016_打渔杀家.pdf,62507f36-aa22-4065-bb0f-f7de69f87e7c,3,【第三场】,53,dialogue,dialogue,丁郎,pdf_01000000__01002016___7c4fa6e0d0__char__ef9971249c,念,念,念,下；来,丁郎,"离了河下,来到家下。","丁郎（念）离了河下,来到家下。"
pdf_01000000__01002016___7c4fa6e0d0,打渔杀家,pdf_01000000__01002016___7c4fa6e0d0__line__000053,pdf_01000000__01002016___7c4fa6e0d0__scene__003,01002016_打渔杀家.pdf,D:\University_studies\Junior\data_visualization\experiment\final_self\opera_dataset\01000000\01002016_打渔杀家.pdf,01000000/01002016_打渔杀家.pdf,62507f36-aa22-4065-bb0f-f7de69f87e7c,3,【第三场】,53,dialogue,dialogue,丁员外,pdf_01000000__01002016___7c4fa6e0d0__char__a43a0ff027,白,白,白,命；念白,丁员外,"罢了。命你催讨鱼税银子,怎么样了?","丁员外（白）罢了。命你催讨鱼税银子,怎么样了?"
pdf_01000000__01002016___7c4fa6e0d0,打渔杀家,pdf_01000000__01002016___7c4fa6e0d0__line__000053,pdf_01000000__01002016___7c4fa6e0d0__scene__003,01002016_打渔杀家.pdf,D:\University_studies\Junior\data_visualization\experiment\final_self\opera_dataset\01000000\01002016_打渔杀家.pdf,01000000/01002016_打渔杀家.pdf,62507f36-aa22-4065-bb0f-f7de69f87e7c,3,【第三场】,53,dialogue,dialogue,丁郎,pdf_01000000__01002016___7c4fa6e0d0__char__ef9971249c,白,白,白,上；下；走；来；去；看；命；叫；念白,丁郎；萧恩,"待我慢慢的来告诉你呢:我奉了员外之命,去到河下,看见许多船只。我也认不清,哪只是萧恩的船。我在岸上高叫几声,看见萧恩出来了。倒讲的蛮好,叫我对员外说:这几天天旱水浅,鱼不上网,改日有了银钱,送上府去。这还倒也罢了,我刚要走出来,一个黑胡子的,叫了一声,叫我回来。","丁郎（白）待我慢慢的来告诉你呢:我奉了员外之命,去到河下,看见许多船只。我也认不清,哪只是萧恩的船。我在岸上高叫几声,看见萧恩出来了。倒讲的蛮好,叫我对员外说:这几天天旱水浅,鱼不上网,改日有了银钱,送上府去。这还倒也罢了,我刚要走出来,一个黑胡子的,叫了一声,叫我回来。"
pdf_01000000__01002016___7c4fa6e0d0,打渔杀家,pdf_01000000__01002016___7c4fa6e0d0__line__000053,pdf_01000000__01002016___7c4fa6e0d0__scene__003,01002016_打渔杀家.pdf,D:\University_studies\Junior\data_visualization\experiment\final_self\opera_dataset\01000000\01002016_打渔杀家.pdf,01000000/01002016_打渔杀家.pdf,62507f36-aa22-4065-bb0f-f7de69f87e7c,3,【第三场】,53,dialogue,dialogue,丁员外,pdf_01000000__01002016___7c4fa6e0d0__char__a43a0ff027,白,白,白,念白,丁员外,"哦,这是什么人呢。","丁员外（白）哦,这是什么人呢。"
pdf_01000000__01002016___7c4fa6e0d0,打渔杀家,pdf_01000000__01002016___7c4fa6e0d0__line__000053,pdf_01000000__01002016___7c4fa6e0d0__scene__003,01002016_打渔杀家.pdf,D:\University_studies\Junior\data_visualization\experiment\final_self\opera_dataset\01000000\01002016_打渔杀家.pdf,01000000/01002016_打渔杀家.pdf,62507f36-aa22-4065-bb0f-f7de69f87e7c,3,【第三场】,53,dialogue,dialogue,丁郎,pdf_01000000__01002016___7c4fa6e0d0__char__ef9971249c,白,白,白,上；来；去；问；念白,丁郎,"那时我就回去问他什么事。他就说了:我且问你,你哪里来的?我就说了:是丁府上来的,催讨鱼税银子。他就说了:鱼税银子,可有圣上旨意?","丁郎（白）那时我就回去问他什么事。他就说了:我且问你,你哪里来的?我就说了:是丁府上来的,催讨鱼税银子。他就说了:鱼税银子,可有圣上旨意?"
pdf_01000000__01002016___7c4fa6e0d0,打渔杀家,pdf_01000000__01002016___7c4fa6e0d0__line__000053,pdf_01000000__01002016___7c4fa6e0d0__scene__003,01002016_打渔杀家.pdf,D:\University_studies\Junior\data_visualization\experiment\final_self\opera_dataset\01000000\01002016_打渔杀家.pdf,01000000/01002016_打渔杀家.pdf,62507f36-aa22-4065-bb0f-f7de69f87e7c,3,【第三场】,53,dialogue,dialogue,丁员外,pdf_01000000__01002016___7c4fa6e0d0__char__a43a0ff027,白,白,白,念白,丁员外,无有。,丁员外（白）无有。
pdf_01000000__01002016___7c4fa6e0d0,打渔杀家,pdf_01000000__01002016___7c4fa6e0d0__line__000053,pdf_01000000__01002016___7c4fa6e0d0__scene__003,01002016_打渔杀家.pdf,D:\University_studies\Junior\data_visualization\experiment\final_self\opera_dataset\01000000\01002016_打渔杀家.pdf,01000000/01002016_打渔杀家.pdf,62507f36-aa22-4065-bb0f-f7de69f87e7c,3,【第三场】,53,dialogue,dialogue,丁郎,pdf_01000000__01002016___7c4fa6e0d0__char__ef9971249c,白,白,白,念白,丁郎,六部的公文?,丁郎（白）六部的公文?
pdf_01000000__01002016___7c4fa6e0d0,打渔杀家,pdf_01000000__01002016___7c4fa6e0d0__line__000053,pdf_01000000__01002016___7c4fa6e0d0__scene__003,01002016_打渔杀家.pdf,D:\University_studies\Junior\data_visualization\experiment\final_self\opera_dataset\01000000\01002016_打渔杀家.pdf,01000000/01002016_打渔杀家.pdf,62507f36-aa22-4065-bb0f-f7de69f87e7c,3,【第三场】,53,dialogue,dialogue,丁员外,pdf_01000000__01002016___7c4fa6e0d0__char__a43a0ff027,白,白,白,念白,丁员外,也无有。,丁员外（白）也无有。
pdf_01000000__01002016___7c4fa6e0d0,打渔杀家,pdf_01000000__01002016___7c4fa6e0d0__line__000053,pdf_01000000__01002016___7c4fa6e0d0__scene__003,01002016_打渔杀家.pdf,D:\University_studies\Junior\data_visualization\experiment\final_self\opera_dataset\01000000\01002016_打渔杀家.pdf,01000000/01002016_打渔杀家.pdf,62507f36-aa22-4065-bb0f-f7de69f87e7c,3,【第三场】,53,dialogue,dialogue,丁郎,pdf_01000000__01002016___7c4fa6e0d0__char__ef9971249c,白,白,白,来；念白,丁郎,凭着何来?,丁郎（白）凭着何来?
pdf_01000000__01002016___7c4fa6e0d0,打渔杀家,pdf_01000000__01002016___7c4fa6e0d0__line__000057,pdf_01000000__01002016___7c4fa6e0d0__scene__003,01002016_打渔杀家.pdf,D:\University_studies\Junior\data_visualization\experiment\final_self\opera_dataset\01000000\01002016_打渔杀家.pdf,01000000/01002016_打渔杀家.pdf,62507f36-aa22-4065-bb0f-f7de69f87e7c,3,【第三场】,57,dialogue,dialogue,大教师,pdf_01000000__01002016___7c4fa6e0d0__char__46eb6d0f04,白,白,白,念白,大教师；萧恩,"徒弟们,谁认识萧恩那块?","大教师（白）徒弟们,谁认识萧恩那块?"
pdf_01000000__01002016___7c4fa6e0d0,打渔杀家,pdf_01000000__01002016___7c4fa6e0d0__line__000057,pdf_01000000__01002016___7c4fa6e0d0__scene__003,01002016_打渔杀家.pdf,D:\University_studies\Junior\data_visualization\experiment\final_self\opera_dataset\01000000\01002016_打渔杀家.pdf,01000000/01002016_打渔杀家.pdf,62507f36-aa22-4065-bb0f-f7de69f87e7c,3,【第三场】,57,dialogue,dialogue,四家丁,pdf_01000000__01002016___7c4fa6e0d0__char__41a994893f,同白,白,同白,念白,四家丁,我认识。,四家丁（同白）我认识。
pdf_01000000__01002016___7c4fa6e0d0,打渔杀家,pdf_01000000__01002016___7c4fa6e0d0__line__000057,pdf_01000000__01002016___7c4fa6e0d0__scene__003,01002016_打渔杀家.pdf,D:\University_studies\Junior\data_visualization\experiment\final_self\opera_dataset\01000000\01002016_打渔杀家.pdf,01000000/01002016_打渔杀家.pdf,62507f36-aa22-4065-bb0f-f7de69f87e7c,3,【第三场】,57,dialogue,dialogue,大教师,pdf_01000000__01002016___7c4fa6e0d0__char__46eb6d0f04,白,白,白,念白,大教师,"好,一路捡鸡毛。","大教师（白）好,一路捡鸡毛。"
pdf_01000000__01002016___7c4fa6e0d0,打渔杀家,pdf_01000000__01002016___7c4fa6e0d0__line__000057,pdf_01000000__01002016___7c4fa6e0d0__scene__003,01002016_打渔杀家.pdf,D:\University_studies\Junior\data_visualization\experiment\final_self\opera_dataset\01000000\01002016_打渔杀家.pdf,01000000/01002016_打渔杀家.pdf,62507f36-aa22-4065-bb0f-f7de69f87e7c,3,【第三场】,57,dialogue,dialogue,四家丁,pdf_01000000__01002016___7c4fa6e0d0__char__41a994893f,同白,白,同白,念白,四家丁,此话怎么讲?,四家丁（同白）此话怎么讲?
pdf_01000000__01002016___7c4fa6e0d0,打渔杀家,pdf_01000000__01002016___7c4fa6e0d0__line__000057,pdf_01000000__01002016___7c4fa6e0d0__scene__003,01002016_打渔杀家.pdf,D:\University_studies\Junior\data_visualization\experiment\final_self\opera_dataset\01000000\01002016_打渔杀家.pdf,01000000/01002016_打渔杀家.pdf,62507f36-aa22-4065-bb0f-f7de69f87e7c,3,【第三场】,57,dialogue,dialogue,大教师,pdf_01000000__01002016___7c4fa6e0d0__char__46eb6d0f04,白,白,白,走；念白,大教师,凑胆子!走!,大教师（白）凑胆子!走!
pdf_01000000__01002016___7c4fa6e0d0,打渔杀家,pdf_01000000__01002016___7c4fa6e0d0__line__000057,pdf_01000000__01002016___7c4fa6e0d0__scene__003,01002016_打渔杀家.pdf,D:\University_studies\Junior\data_visualization\experiment\final_self\opera_dataset\01000000\01002016_打渔杀家.pdf,01000000/01002016_打渔杀家.pdf,62507f36-aa22-4065-bb0f-f7de69f87e7c,3,【第三场】,57,lyric,lyric,萧恩,pdf_01000000__01002016___7c4fa6e0d0__char__1b320e74d7,西皮慢板,唱,西皮慢板,下；来；去；报；叫；打；坐；惊；唱段,萧恩,"昨夜晚吃酒醉和衣而卧,报晓鸡惊醒了梦里南柯。二贤弟在河下相劝于我,他劝我把打鱼事一概丢却。我本当不打鱼家中闲坐,怎奈我家贫穷无计奈何。清晨起开柴扉乌鸦叫过,飞过来叫过去,却是为何?将身儿来至在草堂内坐,桂英儿捧茶来为父解渴。","萧恩（西皮慢板）昨夜晚吃酒醉和衣而卧,报晓鸡惊醒了梦里南柯。二贤弟在河下相劝于我,他劝我把打鱼事一概丢却。我本当不打鱼家中闲坐,怎奈我家贫穷无计奈何。清晨起开柴扉乌鸦叫过,飞过来叫过去,却是为何?将身儿来至在草堂内坐,桂英儿捧茶来为父解渴。"
pdf_01000000__01002016___7c4fa6e0d0,打渔杀家,pdf_01000000__01002016___7c4fa6e0d0__line__000057,pdf_01000000__01002016___7c4fa6e0d0__scene__003,01002016_打渔杀家.pdf,D:\University_studies\Junior\data_visualization\experiment\final_self\opera_dataset\01000000\01002016_打渔杀家.pdf,01000000/01002016_打渔杀家.pdf,62507f36-aa22-4065-bb0f-f7de69f87e7c,3,【第三场】,57,lyric,lyric,萧桂英,pdf_01000000__01002016___7c4fa6e0d0__char__518207dfcc,西皮摇板,唱,西皮摇板,下；唱段,萧桂英,"遭不幸我的母早年亡故,抛下我到如今一双大脚。爹爹用茶。","萧桂英（西皮摇板）遭不幸我的母早年亡故,抛下我到如今一双大脚。爹爹用茶。"
pdf_01000000__01002016___7c4fa6e0d0,打渔杀家,pdf_01000000__01002016___7c4fa6e0d0__line__000057,pdf_01000000__01002016___7c4fa6e0d0__scene__003,01002016_打渔杀家.pdf,D:\University_studies\Junior\data_visualization\experiment\final_self\opera_dataset\01000000\01002016_打渔杀家.pdf,01000000/01002016_打渔杀家.pdf,62507f36-aa22-4065-bb0f-f7de69f87e7c,3,【第三场】,57,dialogue,dialogue,萧恩,pdf_01000000__01002016___7c4fa6e0d0__char__1b320e74d7,白,白,白,叫；打；念白,萧恩,"儿呀,为父怎样嘱咐于你,不叫儿渔家打扮,儿还是渔家打扮。","萧恩（白）儿呀,为父怎样嘱咐于你,不叫儿渔家打扮,儿还是渔家打扮。"
pdf_01000000__01002016___7c4fa6e0d0,打渔杀家,pdf_01000000__01002016___7c4fa6e0d0__line__000057,pdf_01000000__01002016___7c4fa6e0d0__scene__003,01002016_打渔杀家.pdf,D:\University_studies\Junior\data_visualization\experiment\final_self\opera_dataset\01000000\01002016_打渔杀家.pdf,01000000/01002016_打渔杀家.pdf,62507f36-aa22-4065-bb0f-f7de69f87e7c,3,【第三场】,57,dialogue,dialogue,萧桂英,pdf_01000000__01002016___7c4fa6e0d0__char__518207dfcc,白,白,白,叫；打；念白,萧桂英,"孩儿生在渔家,长在渔家。不叫孩儿渔家打扮,怎样打扮?","萧桂英（白）孩儿生在渔家,长在渔家。不叫孩儿渔家打扮,怎样打扮?"
pdf_01000000__01002016___7c4fa6e0d0,打渔杀家,pdf_01000000__01002016___7c4fa6e0d0__line__000057,pdf_01000000__01002016___7c4fa6e0d0__scene__003,01002016_打渔杀家.pdf,D:\University_studies\Junior\data_visualization\experiment\final_self\opera_dataset\01000000\01002016_打渔杀家.pdf,01000000/01002016_打渔杀家.pdf,62507f36-aa22-4065-bb0f-f7de69f87e7c,3,【第三场】,57,dialogue,dialogue,萧恩,pdf_01000000__01002016___7c4fa6e0d0__char__1b320e74d7,白,白,白,念白,萧恩,"哽,不听为父之言,儿就为不孝。","萧恩（白）哽,不听为父之言,儿就为不孝。"
pdf_01000000__01002016___7c4fa6e0d0,打渔杀家,pdf_01000000__01002016___7c4fa6e0d0__line__000057,pdf_01000000__01002016___7c4fa6e0d0__scene__003,01002016_打渔杀家.pdf,D:\University_studies\Junior\data_visualization\experiment\final_self\opera_dataset\01000000\01002016_打渔杀家.pdf,01000000/01002016_打渔杀家.pdf,62507f36-aa22-4065-bb0f-f7de69f87e7c,3,【第三场】,57,dialogue,dialogue,萧桂英,pdf_01000000__01002016___7c4fa6e0d0__char__518207dfcc,白,白,白,念白,萧桂英,"爹爹,不必生气,孩儿改过就是!","萧桂英（白）爹爹,不必生气,孩儿改过就是!"
pdf_01000000__01002016___7c4fa6e0d0,打渔杀家,pdf_01000000__01002016___7c4fa6e0d0__line__000057,pdf_01000000__01002016___7c4fa6e0d0__scene__003,01002016_打渔杀家.pdf,D:\University_studies\Junior\data_visualization\experiment\final_self\opera_dataset\01000000\01002016_打渔杀家.pdf,01000000/01002016_打渔杀家.pdf,62507f36-aa22-4065-bb0f-f7de69f87e7c,3,【第三场】,57,dialogue,dialogue,萧恩,pdf_01000000__01002016___7c4fa6e0d0__char__1b320e74d7,白,白,白,念白,萧恩,这便才是!,萧恩（白）这便才是!
pdf_01000000__01002016___7c4fa6e0d0,打渔杀家,pdf_01000000__01002016___7c4fa6e0d0__line__000057,pdf_01000000__01002016___7c4fa6e0d0__scene__003,01002016_打渔杀家.pdf,D:\University_studies\Junior\data_visualization\experiment\final_self\opera_dataset\01000000\01002016_打渔杀家.pdf,01000000/01002016_打渔杀家.pdf,62507f36-aa22-4065-bb0f-f7de69f87e7c,3,【第三场】,57,dialogue,dialogue,大教师,pdf_01000000__01002016___7c4fa6e0d0__char__46eb6d0f04,白,白,白,走；念白,大教师,走走走。,大教师（白）走走走。
pdf_01000000__01002016___7c4fa6e0d0,打渔杀家,pdf_01000000__01002016___7c4fa6e0d0__line__000057,pdf_01000000__01002016___7c4fa6e0d0__scene__003,01002016_打渔杀家.pdf,D:\University_studies\Junior\data_visualization\experiment\final_self\opera_dataset\01000000\01002016_打渔杀家.pdf,01000000/01002016_打渔杀家.pdf,62507f36-aa22-4065-bb0f-f7de69f87e7c,3,【第三场】,57,dialogue,dialogue,家丁,pdf_01000000__01002016___7c4fa6e0d0__char__22309024c0,同白,白,同白,走；念白,家丁,不要走了。到了。,家丁（同白）不要走了。到了。
pdf_01000000__01002016___7c4fa6e0d0,打渔杀家,pdf_01000000__01002016___7c4fa6e0d0__line__000057,pdf_01000000__01002016___7c4fa6e0d0__scene__003,01002016_打渔杀家.pdf,D:\University_studies\Junior\data_visualization\experiment\final_self\opera_dataset\01000000\01002016_打渔杀家.pdf,01000000/01002016_打渔杀家.pdf,62507f36-aa22-4065-bb0f-f7de69f87e7c,3,【第三场】,57,dialogue,dialogue,大教师,pdf_01000000__01002016___7c4fa6e0d0__char__46eb6d0f04,白,白,白,念白,大教师,"不要到,留住喂狗。到哪里呢?","大教师（白）不要到,留住喂狗。到哪里呢?"
pdf_01000000__01002016___7c4fa6e0d0,打渔杀家,pdf_01000000__01002016___7c4fa6e0d0__line__000057,pdf_01000000__01002016___7c4fa6e0d0__scene__003,01002016_打渔杀家.pdf,D:\University_studies\Junior\data_visualization\experiment\final_self\opera_dataset\01000000\01002016_打渔杀家.pdf,01000000/01002016_打渔杀家.pdf,62507f36-aa22-4065-bb0f-f7de69f87e7c,3,【第三场】,57,dialogue,dialogue,家丁,pdf_01000000__01002016___7c4fa6e0d0__char__22309024c0,同白,白,同白,念白,家丁；萧恩,到了萧恩家里呢。,家丁（同白）到了萧恩家里呢。
pdf_01000000__01002016___7c4fa6e0d0,打渔杀家,pdf_01000000__01002016___7c4fa6e0d0__line__000057,pdf_01000000__01002016___7c4fa6e0d0__scene__003,01002016_打渔杀家.pdf,D:\University_studies\Junior\data_visualization\experiment\final_self\opera_dataset\01000000\01002016_打渔杀家.pdf,01000000/01002016_打渔杀家.pdf,62507f36-aa22-4065-bb0f-f7de69f87e7c,3,【第三场】,57,dialogue,dialogue,大教师,pdf_01000000__01002016___7c4fa6e0d0__char__46eb6d0f04,白,白,白,念白,大教师；萧恩,怎么到了萧恩家里了。,大教师（白）怎么到了萧恩家里了。
pdf_01000000__01002016___7c4fa6e0d0,打渔杀家,pdf_01000000__01002016___7c4fa6e0d0__line__000057,pdf_01000000__01002016___7c4fa6e0d0__scene__003,01002016_打渔杀家.pdf,D:\University_studies\Junior\data_visualization\experiment\final_self\opera_dataset\01000000\01002016_打渔杀家.pdf,01000000/01002016_打渔杀家.pdf,62507f36-aa22-4065-bb0f-f7de69f87e7c,3,【第三场】,57,dialogue,dialogue,家丁,pdf_01000000__01002016___7c4fa6e0d0__char__22309024c0,同白,白,同白,上；念白,家丁,上面挂住鱼网了。,家丁（同白）上面挂住鱼网了。
pdf_01000000__01002016___7c4fa6e0d0,打渔杀家,pdf_01000000__01002016___7c4fa6e0d0__line__000057,pdf_01000000__01002016___7c4fa6e0d0__scene__003,01002016_打渔杀家.pdf,D:\University_studies\Junior\data_visualization\experiment\final_self\opera_dataset\01000000\01002016_打渔杀家.pdf,01000000/01002016_打渔杀家.pdf,62507f36-aa22-4065-bb0f-f7de69f87e7c,3,【第三场】,57,dialogue,dialogue,大教师,pdf_01000000__01002016___7c4fa6e0d0__char__46eb6d0f04,白,白,白,来；去；看；念白,大教师,"待我看来。回去罢,回去罢。","大教师（白）待我看来。回去罢,回去罢。"
pdf_01000000__01002016___7c4fa6e0d0,打渔杀家,pdf_01000000__01002016___7c4fa6e0d0__line__000057,pdf_01000000__01002016___7c4fa6e0d0__scene__003,01002016_打渔杀家.pdf,D:\University_studies\Junior\data_visualization\experiment\final_self\opera_dataset\01000000\01002016_打渔杀家.pdf,01000000/01002016_打渔杀家.pdf,62507f36-aa22-4065-bb0f-f7de69f87e7c,3,【第三场】,57,dialogue,dialogue,家丁,pdf_01000000__01002016___7c4fa6e0d0__char__22309024c0,同白,白,同白,去；念白,家丁,干什么回去?,家丁（同白）干什么回去?
pdf_01000000__01002016___7c4fa6e0d0,打渔杀家,pdf_01000000__01002016___7c4fa6e0d0__line__000057,pdf_01000000__01002016___7c4fa6e0d0__scene__003,01002016_打渔杀家.pdf,D:\University_studies\Junior\data_visualization\experiment\final_self\opera_dataset\01000000\01002016_打渔杀家.pdf,01000000/01002016_打渔杀家.pdf,62507f36-aa22-4065-bb0f-f7de69f87e7c,3,【第三场】,57,dialogue,dialogue,大教师,pdf_01000000__01002016___7c4fa6e0d0__char__46eb6d0f04,白,白,白,念白,大教师；萧恩,萧恩不在家。,大教师（白）萧恩不在家。
pdf_01000000__01002016___7c4fa6e0d0,打渔杀家,pdf_01000000__01002016___7c4fa6e0d0__line__000057,pdf_01000000__01002016___7c4fa6e0d0__scene__003,01002016_打渔杀家.pdf,D:\University_studies\Junior\data_visualization\experiment\final_self\opera_dataset\01000000\01002016_打渔杀家.pdf,01000000/01002016_打渔杀家.pdf,62507f36-aa22-4065-bb0f-f7de69f87e7c,3,【第三场】,57,dialogue,dialogue,家丁,pdf_01000000__01002016___7c4fa6e0d0__char__22309024c0,同白,白,同白,念白,家丁,怎么不在家?,家丁（同白）怎么不在家?
pdf_01000000__01002016___7c4fa6e0d0,打渔杀家,pdf_01000000__01002016___7c4fa6e0d0__line__000057,pdf_01000000__01002016___7c4fa6e0d0__scene__003,01002016_打渔杀家.pdf,D:\University_studies\Junior\data_visualization\experiment\final_self\opera_dataset\01000000\01002016_打渔杀家.pdf,01000000/01002016_打渔杀家.pdf,62507f36-aa22-4065-bb0f-f7de69f87e7c,3,【第三场】,57,dialogue,dialogue,大教师,pdf_01000000__01002016___7c4fa6e0d0__char__46eb6d0f04,白,白,白,念白,大教师,关住门了。,大教师（白）关住门了。
pdf_01000000__01002016___7c4fa6e0d0,打渔杀家,pdf_01000000__01002016___7c4fa6e0d0__line__000057,pdf_01000000__01002016___7c4fa6e0d0__scene__003,01002016_打渔杀家.pdf,D:\University_studies\Junior\data_visualization\experiment\final_self\opera_dataset\01000000\01002016_打渔杀家.pdf,01000000/01002016_打渔杀家.pdf,62507f36-aa22-4065-bb0f-f7de69f87e7c,3,【第三场】,57,dialogue,dialogue,家丁,pdf_01000000__01002016___7c4fa6e0d0__char__22309024c0,同白,白,同白,念白,家丁,"关住门在家,锁住门不在家。","家丁（同白）关住门在家,锁住门不在家。"
pdf_01000000__01002016___7c4fa6e0d0,打渔杀家,pdf_01000000__01002016___7c4fa6e0d0__line__000057,pdf_01000000__01002016___7c4fa6e0d0__scene__003,01002016_打渔杀家.pdf,D:\University_studies\Junior\data_visualization\experiment\final_self\opera_dataset\01000000\01002016_打渔杀家.pdf,01000000/01002016_打渔杀家.pdf,62507f36-aa22-4065-bb0f-f7de69f87e7c,3,【第三场】,57,dialogue,dialogue,大教师,pdf_01000000__01002016___7c4fa6e0d0__char__46eb6d0f04,白,白,白,去；叫；念白,大教师,"嗄,关住门在家,锁住门不在家?好,去叫门去。","大教师（白）嗄,关住门在家,锁住门不在家?好,去叫门去。"
pdf_01000000__01002016___7c4fa6e0d0,打渔杀家,pdf_01000000__01002016___7c4fa6e0d0__line__000057,pdf_01000000__01002016___7c4fa6e0d0__scene__003,01002016_打渔杀家.pdf,D:\University_studies\Junior\data_visualization\experiment\final_self\opera_dataset\01000000\01002016_打渔杀家.pdf,01000000/01002016_打渔杀家.pdf,62507f36-aa22-4065-bb0f-f7de69f87e7c,3,【第三场】,57,dialogue,dialogue,家丁,pdf_01000000__01002016___7c4fa6e0d0__char__22309024c0,同白,白,同白,念白,家丁,师父没有教过我。我们不会。,家丁（同白）师父没有教过我。我们不会。
pdf_01000000__01002016___7c4fa6e0d0,打渔杀家,pdf_01000000__01002016___7c4fa6e0d0__line__000057,pdf_01000000__01002016___7c4fa6e0d0__scene__003,01002016_打渔杀家.pdf,D:\University_studies\Junior\data_visualization\experiment\final_self\opera_dataset\01000000\01002016_打渔杀家.pdf,01000000/01002016_打渔杀家.pdf,62507f36-aa22-4065-bb0f-f7de69f87e7c,3,【第三场】,57,dialogue,dialogue,大教师,pdf_01000000__01002016___7c4fa6e0d0__char__46eb6d0f04,白,白,白,上；下；来；看；叫；拦；念白,大教师；萧恩,"叫门还要教么。看着师父:我的叫门,要这个样子。这叫“拦门式”。你们学着一点。他不出来便罢,他要出来,上头一拳,底下一腿,他会倒了。学着一点。萧恩,开门来!来来来,呔,开门来!","大教师（白）叫门还要教么。看着师父:我的叫门,要这个样子。这叫“拦门式”。你们学着一点。他不出来便罢,他要出来,上头一拳,底下一腿,他会倒了。学着一点。萧恩,开门来!来来来,呔,开门来!"
pdf_01000000__01002016___7c4fa6e0d0,打渔杀家,pdf_01000000__01002016___7c4fa6e0d0__line__000057,pdf_01000000__01002016___7c4fa6e0d0__scene__003,01002016_打渔杀家.pdf,D:\University_studies\Junior\data_visualization\experiment\final_self\opera_dataset\01000000\01002016_打渔杀家.pdf,01000000/01002016_打渔杀家.pdf,62507f36-aa22-4065-bb0f-f7de69f87e7c,3,【第三场】,57,dialogue,dialogue,萧恩,pdf_01000000__01002016___7c4fa6e0d0__char__1b320e74d7,白,白,白,来；看；叫；念白,萧恩,"外面有人叫门,待我看来。","萧恩（白）外面有人叫门,待我看来。"
pdf_01000000__01002016___7c4fa6e0d0,打渔杀家,pdf_01000000__01002016___7c4fa6e0d0__line__000059,pdf_01000000__01002016___7c4fa6e0d0__scene__003,01002016_打渔杀家.pdf,D:\University_studies\Junior\data_visualization\experiment\final_self\opera_dataset\01000000\01002016_打渔杀家.pdf,01000000/01002016_打渔杀家.pdf,62507f36-aa22-4065-bb0f-f7de69f87e7c,3,【第三场】,59,stage_direction,stage_direction,,,萧桂英下。,做,萧桂英下。,下,萧桂英,,（萧桂英下。）
pdf_01000000__01002016___7c4fa6e0d0,打渔杀家,pdf_01000000__01002016___7c4fa6e0d0__line__000061,pdf_01000000__01002016___7c4fa6e0d0__scene__003,01002016_打渔杀家.pdf,D:\University_studies\Junior\data_visualization\experiment\final_self\opera_dataset\01000000\01002016_打渔杀家.pdf,01000000/01002016_打渔杀家.pdf,62507f36-aa22-4065-bb0f-f7de69f87e7c,3,【第三场】,61,dialogue,dialogue,萧恩,pdf_01000000__01002016___7c4fa6e0d0__char__1b320e74d7,白,白,白,念白,萧恩,,萧恩 （白）
pdf_01000000__01002016___7c4fa6e0d0,打渔杀家,pdf_01000000__01002016___7c4fa6e0d0__line__000063,pdf_01000000__01002016___7c4fa6e0d0__scene__003,01002016_打渔杀家.pdf,D:\University_studies\Junior\data_visualization\experiment\final_self\opera_dataset\01000000\01002016_打渔杀家.pdf,01000000/01002016_打渔杀家.pdf,62507f36-aa22-4065-bb0f-f7de69f87e7c,3,【第三场】,63,narration,narration,,,,说明,,,是哪一位,是哪一位？,是哪一位？
pdf_01000000__01002016___7c4fa6e0d0,打渔杀家,pdf_01000000__01002016___7c4fa6e0d0__line__000065,pdf_01000000__01002016___7c4fa6e0d0__scene__003,01002016_打渔杀家.pdf,D:\University_studies\Junior\data_visualization\experiment\final_self\opera_dataset\01000000\01002016_打渔杀家.pdf,01000000/01002016_打渔杀家.pdf,62507f36-aa22-4065-bb0f-f7de69f87e7c,3,【第三场】,65,stage_direction,stage_direction,,,萧恩开门，推大教师倒地。,做,萧恩开门，推大教师倒地。,,大教师；萧恩,,（萧恩开门，推大教师倒地。）
pdf_01000000__01002016___7c4fa6e0d0,打渔杀家,pdf_01000000__01002016___7c4fa6e0d0__line__000067,pdf_01000000__01002016___7c4fa6e0d0__scene__003,01002016_打渔杀家.pdf,D:\University_studies\Junior\data_visualization\experiment\final_self\opera_dataset\01000000\01002016_打渔杀家.pdf,01000000/01002016_打渔杀家.pdf,62507f36-aa22-4065-bb0f-f7de69f87e7c,3,【第三场】,67,dialogue,dialogue,大教师,pdf_01000000__01002016___7c4fa6e0d0__char__46eb6d0f04,白,白,白,念白,大教师,,大教师 （白）
pdf_01000000__01002016___7c4fa6e0d0,打渔杀家,pdf_01000000__01002016___7c4fa6e0d0__line__000069,pdf_01000000__01002016___7c4fa6e0d0__scene__003,01002016_打渔杀家.pdf,D:\University_studies\Junior\data_visualization\experiment\final_self\opera_dataset\01000000\01002016_打渔杀家.pdf,01000000/01002016_打渔杀家.pdf,62507f36-aa22-4065-bb0f-f7de69f87e7c,3,【第三场】,69,narration,narration,,,,说明,,下；来,地,地下哪里来的西瓜皮？把师父滑倒了。,地下哪里来的西瓜皮？把师父滑倒了。
pdf_01000000__01002016___7c4fa6e0d0,打渔杀家,pdf_01000000__01002016___7c4fa6e0d0__line__000071,pdf_01000000__01002016___7c4fa6e0d0__scene__003,01002016_打渔杀家.pdf,D:\University_studies\Junior\data_visualization\experiment\final_self\opera_dataset\01000000\01002016_打渔杀家.pdf,01000000/01002016_打渔杀家.pdf,62507f36-aa22-4065-bb0f-f7de69f87e7c,3,【第三场】,71,dialogue,dialogue,家丁,pdf_01000000__01002016___7c4fa6e0d0__char__22309024c0,同白,白,同白,念白,家丁,,家丁 （同白）
pdf_01000000__01002016___7c4fa6e0d0,打渔杀家,pdf_01000000__01002016___7c4fa6e0d0__line__000073,pdf_01000000__01002016___7c4fa6e0d0__scene__003,01002016_打渔杀家.pdf,D:\University_studies\Junior\data_visualization\experiment\final_self\opera_dataset\01000000\01002016_打渔杀家.pdf,01000000/01002016_打渔杀家.pdf,62507f36-aa22-4065-bb0f-f7de69f87e7c,3,【第三场】,73,narration,narration,,,,说明,,来,萧恩,萧恩出来了！,萧恩出来了！
pdf_01000000__01002016___7c4fa6e0d0,打渔杀家,pdf_01000000__01002016___7c4fa6e0d0__line__000075,pdf_01000000__01002016___7c4fa6e0d0__scene__003,01002016_打渔杀家.pdf,D:\University_studies\Junior\data_visualization\experiment\final_self\opera_dataset\01000000\01002016_打渔杀家.pdf,01000000/01002016_打渔杀家.pdf,62507f36-aa22-4065-bb0f-f7de69f87e7c,3,【第三场】,75,dialogue,dialogue,大教师,pdf_01000000__01002016___7c4fa6e0d0__char__46eb6d0f04,白,白,白,念白,大教师,,大教师 （白）
pdf_01000000__01002016___7c4fa6e0d0,打渔杀家,pdf_01000000__01002016___7c4fa6e0d0__line__000077,pdf_01000000__01002016___7c4fa6e0d0__scene__003,01002016_打渔杀家.pdf,D:\University_studies\Junior\data_visualization\experiment\final_self\opera_dataset\01000000\01002016_打渔杀家.pdf,01000000/01002016_打渔杀家.pdf,62507f36-aa22-4065-bb0f-f7de69f87e7c,3,【第三场】,77,narration,narration,,,,说明,,来,萧恩,怎么萧恩出来了？待我会会他。原来是个糟老头。,怎么萧恩出来了？待我会会他。原来是个糟老头。
pdf_01000000__01002016___7c4fa6e0d0,打渔杀家,pdf_01000000__01002016___7c4fa6e0d0__line__000079,pdf_01000000__01002016___7c4fa6e0d0__scene__003,01002016_打渔杀家.pdf,D:\University_studies\Junior\data_visualization\experiment\final_self\opera_dataset\01000000\01002016_打渔杀家.pdf,01000000/01002016_打渔杀家.pdf,62507f36-aa22-4065-bb0f-f7de69f87e7c,3,【第三场】,79,narration,narration,,,,说明,,,是我；是的我,是我，是我，是的我！,是我，是我，是的我！
pdf_01000000__01002016___7c4fa6e0d0,打渔杀家,pdf_01000000__01002016___7c4fa6e0d0__line__000081,pdf_01000000__01002016___7c4fa6e0d0__scene__003,01002016_打渔杀家.pdf,D:\University_studies\Junior\data_visualization\experiment\final_self\opera_dataset\01000000\01002016_打渔杀家.pdf,01000000/01002016_打渔杀家.pdf,62507f36-aa22-4065-bb0f-f7de69f87e7c,3,【第三场】,81,dialogue,dialogue,萧恩,pdf_01000000__01002016___7c4fa6e0d0__char__1b320e74d7,白,白,白,念白,萧恩,,萧恩 （白）
pdf_01000000__01002016___7c4fa6e0d0,打渔杀家,pdf_01000000__01002016___7c4fa6e0d0__line__000083,pdf_01000000__01002016___7c4fa6e0d0__scene__003,01002016_打渔杀家.pdf,D:\University_studies\Junior\data_visualization\experiment\final_self\opera_dataset\01000000\01002016_打渔杀家.pdf,01000000/01002016_打渔杀家.pdf,62507f36-aa22-4065-bb0f-f7de69f87e7c,3,【第三场】,83,narration,narration,,,,说明,,来,你们是哪里来的,你们是哪里来的？,你们是哪里来的？
pdf_01000000__01002016___7c4fa6e0d0,打渔杀家,pdf_01000000__01002016___7c4fa6e0d0__line__000085,pdf_01000000__01002016___7c4fa6e0d0__scene__003,01002016_打渔杀家.pdf,D:\University_studies\Junior\data_visualization\experiment\final_self\opera_dataset\01000000\01002016_打渔杀家.pdf,01000000/01002016_打渔杀家.pdf,62507f36-aa22-4065-bb0f-f7de69f87e7c,3,【第三场】,85,dialogue,dialogue,大教师,pdf_01000000__01002016___7c4fa6e0d0__char__46eb6d0f04,白,白,白,念白,大教师,,大教师 （白）
pdf_01000000__01002016___7c4fa6e0d0,打渔杀家,pdf_01000000__01002016___7c4fa6e0d0__line__000087,pdf_01000000__01002016___7c4fa6e0d0__scene__003,01002016_打渔杀家.pdf,D:\University_studies\Junior\data_visualization\experiment\final_self\opera_dataset\01000000\01002016_打渔杀家.pdf,01000000/01002016_打渔杀家.pdf,62507f36-aa22-4065-bb0f-f7de69f87e7c,3,【第三场】,87,narration,narration,,,,说明,,上；来,我们是丁府；来的教师爷,我们是丁府上来的教师爷。,我们是丁府上来的教师爷。
pdf_01000000__01002016___7c4fa6e0d0,打渔杀家,pdf_01000000__01002016___7c4fa6e0d0__line__000089,pdf_01000000__01002016___7c4fa6e0d0__scene__003,01002016_打渔杀家.pdf,D:\University_studies\Junior\data_visualization\experiment\final_self\opera_dataset\01000000\01002016_打渔杀家.pdf,01000000/01002016_打渔杀家.pdf,62507f36-aa22-4065-bb0f-f7de69f87e7c,3,【第三场】,89,dialogue,dialogue,萧恩,pdf_01000000__01002016___7c4fa6e0d0__char__1b320e74d7,白,白,白,念白,萧恩,,萧恩 （白）
pdf_01000000__01002016___7c4fa6e0d0,打渔杀家,pdf_01000000__01002016___7c4fa6e0d0__line__000091,pdf_01000000__01002016___7c4fa6e0d0__scene__003,01002016_打渔杀家.pdf,D:\University_studies\Junior\data_visualization\experiment\final_self\opera_dataset\01000000\01002016_打渔杀家.pdf,01000000/01002016_打渔杀家.pdf,62507f36-aa22-4065-bb0f-f7de69f87e7c,3,【第三场】,91,narration,narration,,,,说明,,上；来,原来是丁府；的教师爷；小老儿不知；多多有罪,原来是丁府上的教师爷，小老儿不知，多多有罪。,原来是丁府上的教师爷，小老儿不知，多多有罪。
pdf_01000000__01002016___7c4fa6e0d0,打渔杀家,pdf_01000000__01002016___7c4fa6e0d0__line__000093,pdf_01000000__01002016___7c4fa6e0d0__scene__003,01002016_打渔杀家.pdf,D:\University_studies\Junior\data_visualization\experiment\final_self\opera_dataset\01000000\01002016_打渔杀家.pdf,01000000/01002016_打渔杀家.pdf,62507f36-aa22-4065-bb0f-f7de69f87e7c,3,【第三场】,93,dialogue,dialogue,大教师,pdf_01000000__01002016___7c4fa6e0d0__char__46eb6d0f04,白,白,白,念白,大教师,,大教师 （白）
pdf_01000000__01002016___7c4fa6e0d0,打渔杀家,pdf_01000000__01002016___7c4fa6e0d0__line__000095,pdf_01000000__01002016___7c4fa6e0d0__scene__003,01002016_打渔杀家.pdf,D:\University_studies\Junior\data_visualization\experiment\final_self\opera_dataset\01000000\01002016_打渔杀家.pdf,01000000/01002016_打渔杀家.pdf,62507f36-aa22-4065-bb0f-f7de69f87e7c,3,【第三场】,95,narration,narration,,,,说明,,下,哦；会两；。不要紧；不要紧,哦，会两下。不要紧，不要紧。,哦，会两下。不要紧，不要紧。
pdf_01000000__01002016___7c4fa6e0d0,打渔杀家,pdf_01000000__01002016___7c4fa6e0d0__line__000097,pdf_01000000__01002016___7c4fa6e0d0__scene__003,01002016_打渔杀家.pdf,D:\University_studies\Junior\data_visualization\experiment\final_self\opera_dataset\01000000\01002016_打渔杀家.pdf,01000000/01002016_打渔杀家.pdf,62507f36-aa22-4065-bb0f-f7de69f87e7c,3,【第三场】,97,dialogue,dialogue,萧恩,pdf_01000000__01002016___7c4fa6e0d0__char__1b320e74d7,白,白,白,念白,萧恩,,萧恩 （白）
pdf_01000000__01002016___7c4fa6e0d0,打渔杀家,pdf_01000000__01002016___7c4fa6e0d0__line__000099,pdf_01000000__01002016___7c4fa6e0d0__scene__003,01002016_打渔杀家.pdf,D:\University_studies\Junior\data_visualization\experiment\final_self\opera_dataset\01000000\01002016_打渔杀家.pdf,01000000/01002016_打渔杀家.pdf,62507f36-aa22-4065-bb0f-f7de69f87e7c,3,【第三场】,99,narration,narration,,,,说明,,来,你们前来则甚,你们前来则甚？,你们前来则甚？
pdf_01000000__01002016___7c4fa6e0d0,打渔杀家,pdf_01000000__01002016___7c4fa6e0d0__line__000101,pdf_01000000__01002016___7c4fa6e0d0__scene__003,01002016_打渔杀家.pdf,D:\University_studies\Junior\data_visualization\experiment\final_self\opera_dataset\01000000\01002016_打渔杀家.pdf,01000000/01002016_打渔杀家.pdf,62507f36-aa22-4065-bb0f-f7de69f87e7c,3,【第三场】,101,dialogue,dialogue,大教师,pdf_01000000__01002016___7c4fa6e0d0__char__46eb6d0f04,白,白,白,念白,大教师,,大教师 （白）
pdf_01000000__01002016___7c4fa6e0d0,打渔杀家,pdf_01000000__01002016___7c4fa6e0d0__line__000103,pdf_01000000__01002016___7c4fa6e0d0__scene__003,01002016_打渔杀家.pdf,D:\University_studies\Junior\data_visualization\experiment\final_self\opera_dataset\01000000\01002016_打渔杀家.pdf,01000000/01002016_打渔杀家.pdf,62507f36-aa22-4065-bb0f-f7de69f87e7c,3,【第三场】,103,narration,narration,,,,说明,,来；问；请,一不请安；二不问好；与你讨鱼税银子来的,一不请安，二不问好，与你讨鱼税银子来的。,一不请安，二不问好，与你讨鱼税银子来的。
pdf_01000000__01002016___7c4fa6e0d0,打渔杀家,pdf_01000000__01002016___7c4fa6e0d0__line__000105,pdf_01000000__01002016___7c4fa6e0d0__scene__003,01002016_打渔杀家.pdf,D:\University_studies\Junior\data_visualization\experiment\final_self\opera_dataset\01000000\01002016_打渔杀家.pdf,01000000/01002016_打渔杀家.pdf,62507f36-aa22-4065-bb0f-f7de69f87e7c,3,【第三场】,105,dialogue,dialogue,萧恩,pdf_01000000__01002016___7c4fa6e0d0__char__1b320e74d7,白,白,白,念白,萧恩,,萧恩 （白）
pdf_01000000__01002016___7c4fa6e0d0,打渔杀家,pdf_01000000__01002016___7c4fa6e0d0__line__000107,pdf_01000000__01002016___7c4fa6e0d0__scene__003,01002016_打渔杀家.pdf,D:\University_studies\Junior\data_visualization\experiment\final_self\opera_dataset\01000000\01002016_打渔杀家.pdf,01000000/01002016_打渔杀家.pdf,62507f36-aa22-4065-bb0f-f7de69f87e7c,3,【第三场】,107,narration,narration,你看,pdf_01000000__01002016___7c4fa6e0d0__char__40bc313f06,,说明,,上；来；去,你看,天旱水浅，鱼不上网。改日有了银钱，与你送上府去，何必你来？,你看：天旱水浅，鱼不上网。改日有了银钱，与你送上府去，何必你来？
pdf_01000000__01002016___7c4fa6e0d0,打渔杀家,pdf_01000000__01002016___7c4fa6e0d0__line__000109,pdf_01000000__01002016___7c4fa6e0d0__scene__003,01002016_打渔杀家.pdf,D:\University_studies\Junior\data_visualization\experiment\final_self\opera_dataset\01000000\01002016_打渔杀家.pdf,01000000/01002016_打渔杀家.pdf,62507f36-aa22-4065-bb0f-f7de69f87e7c,3,【第三场】,109,stage_direction,stage_direction,,,萧恩点大教师穴。,做,萧恩点大教师穴。,,大教师；萧恩,,（萧恩点大教师穴。）
pdf_01000000__01002016___7c4fa6e0d0,打渔杀家,pdf_01000000__01002016___7c4fa6e0d0__line__000111,pdf_01000000__01002016___7c4fa6e0d0__scene__003,01002016_打渔杀家.pdf,D:\University_studies\Junior\data_visualization\experiment\final_self\opera_dataset\01000000\01002016_打渔杀家.pdf,01000000/01002016_打渔杀家.pdf,62507f36-aa22-4065-bb0f-f7de69f87e7c,3,【第三场】,111,dialogue,dialogue,大教师,pdf_01000000__01002016___7c4fa6e0d0__char__46eb6d0f04,白,白,白,念白,大教师,,大教师 （白）
pdf_01000000__01002016___7c4fa6e0d0,打渔杀家,pdf_01000000__01002016___7c4fa6e0d0__line__000113,pdf_01000000__01002016___7c4fa6e0d0__scene__003,01002016_打渔杀家.pdf,D:\University_studies\Junior\data_visualization\experiment\final_self\opera_dataset\01000000\01002016_打渔杀家.pdf,01000000/01002016_打渔杀家.pdf,62507f36-aa22-4065-bb0f-f7de69f87e7c,3,【第三场】,113,narration,narration,,,,说明,,,哦；会点穴！师父有功夫；不要紧,哦，会点穴！师父有功夫，不要紧。,哦，会点穴！师父有功夫，不要紧。
pdf_01000000__01002016___7c4fa6e0d0,打渔杀家,pdf_01000000__01002016___7c4fa6e0d0__line__000115,pdf_01000000__01002016___7c4fa6e0d0__scene__003,01002016_打渔杀家.pdf,D:\University_studies\Junior\data_visualization\experiment\final_self\opera_dataset\01000000\01002016_打渔杀家.pdf,01000000/01002016_打渔杀家.pdf,62507f36-aa22-4065-bb0f-f7de69f87e7c,3,【第三场】,115,dialogue,dialogue,萧恩,pdf_01000000__01002016___7c4fa6e0d0__char__1b320e74d7,白,白,白,念白,萧恩,,萧恩 （白）
pdf_01000000__01002016___7c4fa6e0d0,打渔杀家,pdf_01000000__01002016___7c4fa6e0d0__line__000117,pdf_01000000__01002016___7c4fa6e0d0__scene__003,01002016_打渔杀家.pdf,D:\University_studies\Junior\data_visualization\experiment\final_self\opera_dataset\01000000\01002016_打渔杀家.pdf,01000000/01002016_打渔杀家.pdf,62507f36-aa22-4065-bb0f-f7de69f87e7c,3,【第三场】,117,narration,narration,,,,说明,,来；去,萧恩,萧恩，别人来了，三言两语，让你哄回去了；今日教师来了，就得要给银子了。,萧恩，别人来了，三言两语，让你哄回去了；今日教师来了，就得要给银子了。
pdf_01000000__01002016___7c4fa6e0d0,打渔杀家,pdf_01000000__01002016___7c4fa6e0d0__line__000119,pdf_01000000__01002016___7c4fa6e0d0__scene__003,01002016_打渔杀家.pdf,D:\University_studies\Junior\data_visualization\experiment\final_self\opera_dataset\01000000\01002016_打渔杀家.pdf,01000000/01002016_打渔杀家.pdf,62507f36-aa22-4065-bb0f-f7de69f87e7c,3,【第三场】,119,narration,narration,,,,说明,,来,哼哼；越发的没有,别人来了没有。今日教师爷你来了么，哼哼，越发的没有！,别人来了没有。今日教师爷你来了么，哼哼，越发的没有！
pdf_01000000__01002016___7c4fa6e0d0,打渔杀家,pdf_01000000__01002016___7c4fa6e0d0__line__000121,pdf_01000000__01002016___7c4fa6e0d0__scene__003,01002016_打渔杀家.pdf,D:\University_studies\Junior\data_visualization\experiment\final_self\opera_dataset\01000000\01002016_打渔杀家.pdf,01000000/01002016_打渔杀家.pdf,62507f36-aa22-4065-bb0f-f7de69f87e7c,3,【第三场】,121,stage_direction,stage_direction,,,萧恩欲点穴，大教师闪去。,做,萧恩欲点穴，大教师闪去。,去,大教师；萧恩,,（萧恩欲点穴，大教师闪去。）
pdf_01000000__01002016___7c4fa6e0d0,打渔杀家,pdf_01000000__01002016___7c4fa6e0d0__line__000123,pdf_01000000__01002016___7c4fa6e0d0__scene__003,01002016_打渔杀家.pdf,D:\University_studies\Junior\data_visualization\experiment\final_self\opera_dataset\01000000\01002016_打渔杀家.pdf,01000000/01002016_打渔杀家.pdf,62507f36-aa22-4065-bb0f-f7de69f87e7c,3,【第三场】,123,dialogue,dialogue,大教师,pdf_01000000__01002016___7c4fa6e0d0__char__46eb6d0f04,白,白,白,念白,大教师,,大教师 （白）
pdf_01000000__01002016___7c4fa6e0d0,打渔杀家,pdf_01000000__01002016___7c4fa6e0d0__line__000125,pdf_01000000__01002016___7c4fa6e0d0__scene__003,01002016_打渔杀家.pdf,D:\University_studies\Junior\data_visualization\experiment\final_self\opera_dataset\01000000\01002016_打渔杀家.pdf,01000000/01002016_打渔杀家.pdf,62507f36-aa22-4065-bb0f-f7de69f87e7c,3,【第三场】,125,narration,narration,,,,说明,,上；来,哦；他又来了。亏着师父躲得快；又被他点；了。徒弟们；跟他说软的不行；跟他动硬的,哦，他又来了。亏着师父躲得快，又被他点上了。徒弟们，跟他说软的不行，跟他动硬的。,哦，他又来了。亏着师父躲得快，又被他点上了。徒弟们，跟他说软的不行，跟他动硬的。
pdf_01000000__01002016___7c4fa6e0d0,打渔杀家,pdf_01000000__01002016___7c4fa6e0d0__line__000127,pdf_01000000__01002016___7c4fa6e0d0__scene__003,01002016_打渔杀家.pdf,D:\University_studies\Junior\data_visualization\experiment\final_self\opera_dataset\01000000\01002016_打渔杀家.pdf,01000000/01002016_打渔杀家.pdf,62507f36-aa22-4065-bb0f-f7de69f87e7c,3,【第三场】,127,dialogue,dialogue,家丁,pdf_01000000__01002016___7c4fa6e0d0__char__22309024c0,同白,白,同白,念白,家丁,,家丁 （同白）
pdf_01000000__01002016___7c4fa6e0d0,打渔杀家,pdf_01000000__01002016___7c4fa6e0d0__line__000129,pdf_01000000__01002016___7c4fa6e0d0__scene__003,01002016_打渔杀家.pdf,D:\University_studies\Junior\data_visualization\experiment\final_self\opera_dataset\01000000\01002016_打渔杀家.pdf,01000000/01002016_打渔杀家.pdf,62507f36-aa22-4065-bb0f-f7de69f87e7c,3,【第三场】,129,narration,narration,,,,说明,,,动硬的,动硬的？,动硬的？
pdf_01000000__01002016___7c4fa6e0d0,打渔杀家,pdf_01000000__01002016___7c4fa6e0d0__line__000131,pdf_01000000__01002016___7c4fa6e0d0__scene__003,01002016_打渔杀家.pdf,D:\University_studies\Junior\data_visualization\experiment\final_self\opera_dataset\01000000\01002016_打渔杀家.pdf,01000000/01002016_打渔杀家.pdf,62507f36-aa22-4065-bb0f-f7de69f87e7c,3,【第三场】,131,dialogue,dialogue,大教师,pdf_01000000__01002016___7c4fa6e0d0__char__46eb6d0f04,白,白,白,念白,大教师,,大教师 （白）
pdf_01000000__01002016___7c4fa6e0d0,打渔杀家,pdf_01000000__01002016___7c4fa6e0d0__line__000133,pdf_01000000__01002016___7c4fa6e0d0__scene__003,01002016_打渔杀家.pdf,D:\University_studies\Junior\data_visualization\experiment\final_self\opera_dataset\01000000\01002016_打渔杀家.pdf,01000000/01002016_打渔杀家.pdf,62507f36-aa22-4065-bb0f-f7de69f87e7c,3,【第三场】,133,narration,narration,,,,说明,,来,链子带来没有,链子带来没有？,链子带来没有？
pdf_01000000__01002016___7c4fa6e0d0,打渔杀家,pdf_01000000__01002016___7c4fa6e0d0__line__000135,pdf_01000000__01002016___7c4fa6e0d0__scene__003,01002016_打渔杀家.pdf,D:\University_studies\Junior\data_visualization\experiment\final_self\opera_dataset\01000000\01002016_打渔杀家.pdf,01000000/01002016_打渔杀家.pdf,62507f36-aa22-4065-bb0f-f7de69f87e7c,3,【第三场】,135,dialogue,dialogue,家丁,pdf_01000000__01002016___7c4fa6e0d0__char__22309024c0,同白,白,同白,念白,家丁,,家丁 （同白）
pdf_01000000__01002016___7c4fa6e0d0,打渔杀家,pdf_01000000__01002016___7c4fa6e0d0__line__000137,pdf_01000000__01002016___7c4fa6e0d0__scene__003,01002016_打渔杀家.pdf,D:\University_studies\Junior\data_visualization\experiment\final_self\opera_dataset\01000000\01002016_打渔杀家.pdf,01000000/01002016_打渔杀家.pdf,62507f36-aa22-4065-bb0f-f7de69f87e7c,3,【第三场】,137,narration,narration,,,,说明,,来,带来了,带来了。,带来了。
pdf_01000000__01002016___7c4fa6e0d0,打渔杀家,pdf_01000000__01002016___7c4fa6e0d0__line__000139,pdf_01000000__01002016___7c4fa6e0d0__scene__003,01002016_打渔杀家.pdf,D:\University_studies\Junior\data_visualization\experiment\final_self\opera_dataset\01000000\01002016_打渔杀家.pdf,01000000/01002016_打渔杀家.pdf,62507f36-aa22-4065-bb0f-f7de69f87e7c,3,【第三场】,139,dialogue,dialogue,大教师,pdf_01000000__01002016___7c4fa6e0d0__char__46eb6d0f04,白,白,白,念白,大教师,,大教师 （白）
pdf_01000000__01002016___7c4fa6e0d0,打渔杀家,pdf_01000000__01002016___7c4fa6e0d0__line__000141,pdf_01000000__01002016___7c4fa6e0d0__scene__003,01002016_打渔杀家.pdf,D:\University_studies\Junior\data_visualization\experiment\final_self\opera_dataset\01000000\01002016_打渔杀家.pdf,01000000/01002016_打渔杀家.pdf,62507f36-aa22-4065-bb0f-f7de69f87e7c,3,【第三场】,141,narration,narration,,,,说明,,走；拿,我拿链子一套他的脖子；你们拉住就,我拿链子一套他的脖子，你们拉住就走。,我拿链子一套他的脖子，你们拉住就走。
pdf_01000000__01002016___7c4fa6e0d0,打渔杀家,pdf_01000000__01002016___7c4fa6e0d0__line__000143,pdf_01000000__01002016___7c4fa6e0d0__scene__003,01002016_打渔杀家.pdf,D:\University_studies\Junior\data_visualization\experiment\final_self\opera_dataset\01000000\01002016_打渔杀家.pdf,01000000/01002016_打渔杀家.pdf,62507f36-aa22-4065-bb0f-f7de69f87e7c,3,【第三场】,143,dialogue,dialogue,家丁,pdf_01000000__01002016___7c4fa6e0d0__char__22309024c0,同白,白,同白,念白,家丁,,家丁 （同白）
pdf_01000000__01002016___7c4fa6e0d0,打渔杀家,pdf_01000000__01002016___7c4fa6e0d0__line__000145,pdf_01000000__01002016___7c4fa6e0d0__scene__003,01002016_打渔杀家.pdf,D:\University_studies\Junior\data_visualization\experiment\final_self\opera_dataset\01000000\01002016_打渔杀家.pdf,01000000/01002016_打渔杀家.pdf,62507f36-aa22-4065-bb0f-f7de69f87e7c,3,【第三场】,145,narration,narration,,,,说明,,上；走,哦；套,哦，套上我们拉这就走。晓得了。晓得了。,哦，套上我们拉这就走。晓得了。晓得了。
pdf_01000000__01002016___7c4fa6e0d0,打渔杀家,pdf_01000000__01002016___7c4fa6e0d0__line__000147,pdf_01000000__01002016___7c4fa6e0d0__scene__003,01002016_打渔杀家.pdf,D:\University_studies\Junior\data_visualization\experiment\final_self\opera_dataset\01000000\01002016_打渔杀家.pdf,01000000/01002016_打渔杀家.pdf,62507f36-aa22-4065-bb0f-f7de69f87e7c,3,【第三场】,147,dialogue,dialogue,大教师,pdf_01000000__01002016___7c4fa6e0d0__char__46eb6d0f04,白,白,白,念白,大教师,,大教师 （白）
pdf_01000000__01002016___7c4fa6e0d0,打渔杀家,pdf_01000000__01002016___7c4fa6e0d0__line__000149,pdf_01000000__01002016___7c4fa6e0d0__scene__003,01002016_打渔杀家.pdf,D:\University_studies\Junior\data_visualization\experiment\final_self\opera_dataset\01000000\01002016_打渔杀家.pdf,01000000/01002016_打渔杀家.pdf,62507f36-aa22-4065-bb0f-f7de69f87e7c,3,【第三场】,149,narration,narration,,,,说明,,,不要忘了,不要忘了。,不要忘了。
pdf_01000000__01002016___7c4fa6e0d0,打渔杀家,pdf_01000000__01002016___7c4fa6e0d0__line__000151,pdf_01000000__01002016___7c4fa6e0d0__scene__003,01002016_打渔杀家.pdf,D:\University_studies\Junior\data_visualization\experiment\final_self\opera_dataset\01000000\01002016_打渔杀家.pdf,01000000/01002016_打渔杀家.pdf,62507f36-aa22-4065-bb0f-f7de69f87e7c,3,【第三场】,151,narration,narration,,,,说明,,,萧恩,萧恩，你可认识这个？,萧恩，你可认识这个？
pdf_01000000__01002016___7c4fa6e0d0,打渔杀家,pdf_01000000__01002016___7c4fa6e0d0__line__000153,pdf_01000000__01002016___7c4fa6e0d0__scene__003,01002016_打渔杀家.pdf,D:\University_studies\Junior\data_visualization\experiment\final_self\opera_dataset\01000000\01002016_打渔杀家.pdf,01000000/01002016_打渔杀家.pdf,62507f36-aa22-4065-bb0f-f7de69f87e7c,3,【第三场】,153,dialogue,dialogue,萧恩,pdf_01000000__01002016___7c4fa6e0d0__char__1b320e74d7,白,白,白,念白,萧恩,,萧恩 （白）
pdf_01000000__01002016___7c4fa6e0d0,打渔杀家,pdf_01000000__01002016___7c4fa6e0d0__line__000155,pdf_01000000__01002016___7c4fa6e0d0__scene__003,01002016_打渔杀家.pdf,D:\University_studies\Junior\data_visualization\experiment\final_self\opera_dataset\01000000\01002016_打渔杀家.pdf,01000000/01002016_打渔杀家.pdf,62507f36-aa22-4065-bb0f-f7de69f87e7c,3,【第三场】,155,narration,narration,,,,说明,,,朝廷的王法；要它则甚,朝廷的王法，要它则甚？,朝廷的王法，要它则甚？
pdf_01000000__01002016___7c4fa6e0d0,打渔杀家,pdf_01000000__01002016___7c4fa6e0d0__line__000157,pdf_01000000__01002016___7c4fa6e0d0__scene__003,01002016_打渔杀家.pdf,D:\University_studies\Junior\data_visualization\experiment\final_self\opera_dataset\01000000\01002016_打渔杀家.pdf,01000000/01002016_打渔杀家.pdf,62507f36-aa22-4065-bb0f-f7de69f87e7c,3,【第三场】,157,dialogue,dialogue,大教师,pdf_01000000__01002016___7c4fa6e0d0__char__46eb6d0f04,白,白,白,念白,大教师,,大教师 （白）
pdf_01000000__01002016___7c4fa6e0d0,打渔杀家,pdf_01000000__01002016___7c4fa6e0d0__line__000159,pdf_01000000__01002016___7c4fa6e0d0__scene__003,01002016_打渔杀家.pdf,D:\University_studies\Junior\data_visualization\experiment\final_self\opera_dataset\01000000\01002016_打渔杀家.pdf,01000000/01002016_打渔杀家.pdf,62507f36-aa22-4065-bb0f-f7de69f87e7c,3,【第三场】,159,narration,narration,,,,说明,,打,这个不是朝廷王法；是你姥姥怕你长不大；与你打了一个百家锁,这个不是朝廷王法，是你姥姥怕你长不大，与你打了一个百家锁！,这个不是朝廷王法，是你姥姥怕你长不大，与你打了一个百家锁！
pdf_01000000__01002016___7c4fa6e0d0,打渔杀家,pdf_01000000__01002016___7c4fa6e0d0__line__000161,pdf_01000000__01002016___7c4fa6e0d0__scene__003,01002016_打渔杀家.pdf,D:\University_studies\Junior\data_visualization\experiment\final_self\opera_dataset\01000000\01002016_打渔杀家.pdf,01000000/01002016_打渔杀家.pdf,62507f36-aa22-4065-bb0f-f7de69f87e7c,3,【第三场】,161,dialogue,dialogue,萧恩,pdf_01000000__01002016___7c4fa6e0d0__char__1b320e74d7,白,白,白,念白,萧恩,,萧恩 （白）
pdf_01000000__01002016___7c4fa6e0d0,打渔杀家,pdf_01000000__01002016___7c4fa6e0d0__line__000163,pdf_01000000__01002016___7c4fa6e0d0__scene__003,01002016_打渔杀家.pdf,D:\University_studies\Junior\data_visualization\experiment\final_self\opera_dataset\01000000\01002016_打渔杀家.pdf,01000000/01002016_打渔杀家.pdf,62507f36-aa22-4065-bb0f-f7de69f87e7c,3,【第三场】,163,narration,narration,,,,说明,,,不用,不用！,不用！
pdf_01000000__01002016___7c4fa6e0d0,打渔杀家,pdf_01000000__01002016___7c4fa6e0d0__line__000165,pdf_01000000__01002016___7c4fa6e0d0__scene__003,01002016_打渔杀家.pdf,D:\University_studies\Junior\data_visualization\experiment\final_self\opera_dataset\01000000\01002016_打渔杀家.pdf,01000000/01002016_打渔杀家.pdf,62507f36-aa22-4065-bb0f-f7de69f87e7c,3,【第三场】,165,stage_direction,stage_direction,,,萧恩打落锁链，踏在脚下。,做,萧恩打落锁链，踏在脚下。,下；打,萧恩,,（萧恩打落锁链，踏在脚下。）
pdf_01000000__01002016___7c4fa6e0d0,打渔杀家,pdf_01000000__01002016___7c4fa6e0d0__line__000167,pdf_01000000__01002016___7c4fa6e0d0__scene__003,01002016_打渔杀家.pdf,D:\University_studies\Junior\data_visualization\experiment\final_self\opera_dataset\01000000\01002016_打渔杀家.pdf,01000000/01002016_打渔杀家.pdf,62507f36-aa22-4065-bb0f-f7de69f87e7c,3,【第三场】,167,dialogue,dialogue,大教师,pdf_01000000__01002016___7c4fa6e0d0__char__46eb6d0f04,白,白,白,念白,大教师,,大教师 （白）
pdf_01000000__01002016___7c4fa6e0d0,打渔杀家,pdf_01000000__01002016___7c4fa6e0d0__line__000169,pdf_01000000__01002016___7c4fa6e0d0__scene__003,01002016_打渔杀家.pdf,D:\University_studies\Junior\data_visualization\experiment\final_self\opera_dataset\01000000\01002016_打渔杀家.pdf,01000000/01002016_打渔杀家.pdf,62507f36-aa22-4065-bb0f-f7de69f87e7c,3,【第三场】,169,narration,narration,,,,说明,,来；去；拿；打,差一点打了我的脚。徒弟们；去把我的链子拿,差一点打了我的脚。徒弟们，去把我的链子拿来。,差一点打了我的脚。徒弟们，去把我的链子拿来。
pdf_01000000__01002016___7c4fa6e0d0,打渔杀家,pdf_01000000__01002016___7c4fa6e0d0__line__000171,pdf_01000000__01002016___7c4fa6e0d0__scene__003,01002016_打渔杀家.pdf,D:\University_studies\Junior\data_visualization\experiment\final_self\opera_dataset\01000000\01002016_打渔杀家.pdf,01000000/01002016_打渔杀家.pdf,62507f36-aa22-4065-bb0f-f7de69f87e7c,3,【第三场】,171,dialogue,dialogue,家丁,pdf_01000000__01002016___7c4fa6e0d0__char__22309024c0,同白,白,同白,念白,家丁,,家丁 （同白）
pdf_01000000__01002016___7c4fa6e0d0,打渔杀家,pdf_01000000__01002016___7c4fa6e0d0__line__000173,pdf_01000000__01002016___7c4fa6e0d0__scene__003,01002016_打渔杀家.pdf,D:\University_studies\Junior\data_visualization\experiment\final_self\opera_dataset\01000000\01002016_打渔杀家.pdf,01000000/01002016_打渔杀家.pdf,62507f36-aa22-4065-bb0f-f7de69f87e7c,3,【第三场】,173,narration,narration,,,,说明,,,师父没教过我们,师父没教过我们。,师父没教过我们。
pdf_01000000__01002016___7c4fa6e0d0,打渔杀家,pdf_01000000__01002016___7c4fa6e0d0__line__000175,pdf_01000000__01002016___7c4fa6e0d0__scene__003,01002016_打渔杀家.pdf,D:\University_studies\Junior\data_visualization\experiment\final_self\opera_dataset\01000000\01002016_打渔杀家.pdf,01000000/01002016_打渔杀家.pdf,62507f36-aa22-4065-bb0f-f7de69f87e7c,3,【第三场】,175,dialogue,dialogue,大教师,pdf_01000000__01002016___7c4fa6e0d0__char__46eb6d0f04,白,白,白,念白,大教师,,大教师 （白）
pdf_01000000__01002016___7c4fa6e0d0,打渔杀家,pdf_01000000__01002016___7c4fa6e0d0__line__000177,pdf_01000000__01002016___7c4fa6e0d0__scene__003,01002016_打渔杀家.pdf,D:\University_studies\Junior\data_visualization\experiment\final_self\opera_dataset\01000000\01002016_打渔杀家.pdf,01000000/01002016_打渔杀家.pdf,62507f36-aa22-4065-bb0f-f7de69f87e7c,3,【第三场】,177,narration,narration,,,,说明,,看,又没教你们；这老头用的是这一功,又没教你们，你们真是饭桶。看师父我的。咳，这老头用的是这一功。,又没教你们，你们真是饭桶。看师父我的。咳，这老头用的是这一功。
pdf_01000000__01002016___7c4fa6e0d0,打渔杀家,pdf_01000000__01002016___7c4fa6e0d0__line__000179,pdf_01000000__01002016___7c4fa6e0d0__scene__003,01002016_打渔杀家.pdf,D:\University_studies\Junior\data_visualization\experiment\final_self\opera_dataset\01000000\01002016_打渔杀家.pdf,01000000/01002016_打渔杀家.pdf,62507f36-aa22-4065-bb0f-f7de69f87e7c,3,【第三场】,179,narration,narration,,,,说明,,看,萧恩,萧恩，你可看见嘘嘘哈？,萧恩，你可看见嘘嘘哈？
pdf_01000000__01002016___7c4fa6e0d0,打渔杀家,pdf_01000000__01002016___7c4fa6e0d0__line__000181,pdf_01000000__01002016___7c4fa6e0d0__scene__003,01002016_打渔杀家.pdf,D:\University_studies\Junior\data_visualization\experiment\final_self\opera_dataset\01000000\01002016_打渔杀家.pdf,01000000/01002016_打渔杀家.pdf,62507f36-aa22-4065-bb0f-f7de69f87e7c,3,【第三场】,181,dialogue,dialogue,萧恩,pdf_01000000__01002016___7c4fa6e0d0__char__1b320e74d7,白,白,白,念白,萧恩,,萧恩 （白）
pdf_01000000__01002016___7c4fa6e0d0,打渔杀家,pdf_01000000__01002016___7c4fa6e0d0__line__000183,pdf_01000000__01002016___7c4fa6e0d0__scene__003,01002016_打渔杀家.pdf,D:\University_studies\Junior\data_visualization\experiment\final_self\opera_dataset\01000000\01002016_打渔杀家.pdf,01000000/01002016_打渔杀家.pdf,62507f36-aa22-4065-bb0f-f7de69f87e7c,3,【第三场】,183,narration,narration,,,,说明,,,什么嘘嘘哈,什么嘘嘘哈？,什么嘘嘘哈？
pdf_01000000__01002016___7c4fa6e0d0,打渔杀家,pdf_01000000__01002016___7c4fa6e0d0__line__000185,pdf_01000000__01002016___7c4fa6e0d0__scene__003,01002016_打渔杀家.pdf,D:\University_studies\Junior\data_visualization\experiment\final_self\opera_dataset\01000000\01002016_打渔杀家.pdf,01000000/01002016_打渔杀家.pdf,62507f36-aa22-4065-bb0f-f7de69f87e7c,3,【第三场】,185,dialogue,dialogue,大教师,pdf_01000000__01002016___7c4fa6e0d0__char__46eb6d0f04,白,白,白,念白,大教师,,大教师 （白）
pdf_01000000__01002016___7c4fa6e0d0,打渔杀家,pdf_01000000__01002016___7c4fa6e0d0__line__000187,pdf_01000000__01002016___7c4fa6e0d0__scene__003,01002016_打渔杀家.pdf,D:\University_studies\Junior\data_visualization\experiment\final_self\opera_dataset\01000000\01002016_打渔杀家.pdf,01000000/01002016_打渔杀家.pdf,62507f36-aa22-4065-bb0f-f7de69f87e7c,3,【第三场】,187,narration,narration,,,,说明,,,一个鹊两个脑袋,一个鹊两个脑袋。,一个鹊两个脑袋。
pdf_01000000__01002016___7c4fa6e0d0,打渔杀家,pdf_01000000__01002016___7c4fa6e0d0__line__000189,pdf_01000000__01002016___7c4fa6e0d0__scene__003,01002016_打渔杀家.pdf,D:\University_studies\Junior\data_visualization\experiment\final_self\opera_dataset\01000000\01002016_打渔杀家.pdf,01000000/01002016_打渔杀家.pdf,62507f36-aa22-4065-bb0f-f7de69f87e7c,3,【第三场】,189,dialogue,dialogue,萧恩,pdf_01000000__01002016___7c4fa6e0d0__char__1b320e74d7,白,白,白,念白,萧恩,,萧恩 （白）
pdf_01000000__01002016___7c4fa6e0d0,打渔杀家,pdf_01000000__01002016___7c4fa6e0d0__line__000191,pdf_01000000__01002016___7c4fa6e0d0__scene__003,01002016_打渔杀家.pdf,D:\University_studies\Junior\data_visualization\experiment\final_self\opera_dataset\01000000\01002016_打渔杀家.pdf,01000000/01002016_打渔杀家.pdf,62507f36-aa22-4065-bb0f-f7de69f87e7c,3,【第三场】,191,narration,narration,,,,说明,,,在哪里,在哪里？,在哪里？
pdf_01000000__01002016___7c4fa6e0d0,打渔杀家,pdf_01000000__01002016___7c4fa6e0d0__line__000193,pdf_01000000__01002016___7c4fa6e0d0__scene__003,01002016_打渔杀家.pdf,D:\University_studies\Junior\data_visualization\experiment\final_self\opera_dataset\01000000\01002016_打渔杀家.pdf,01000000/01002016_打渔杀家.pdf,62507f36-aa22-4065-bb0f-f7de69f87e7c,3,【第三场】,193,stage_direction,stage_direction,,,大教师推萧恩，拾锁链。,做,大教师推萧恩，拾锁链。,,大教师；萧恩,,（大教师推萧恩，拾锁链。）
pdf_01000000__01002016___7c4fa6e0d0,打渔杀家,pdf_01000000__01002016___7c4fa6e0d0__line__000195,pdf_01000000__01002016___7c4fa6e0d0__scene__003,01002016_打渔杀家.pdf,D:\University_studies\Junior\data_visualization\experiment\final_self\opera_dataset\01000000\01002016_打渔杀家.pdf,01000000/01002016_打渔杀家.pdf,62507f36-aa22-4065-bb0f-f7de69f87e7c,3,【第三场】,195,dialogue,dialogue,大教师,pdf_01000000__01002016___7c4fa6e0d0__char__46eb6d0f04,白,白,白,念白,大教师,,大教师 （白）
pdf_01000000__01002016___7c4fa6e0d0,打渔杀家,pdf_01000000__01002016___7c4fa6e0d0__line__000197,pdf_01000000__01002016___7c4fa6e0d0__scene__003,01002016_打渔杀家.pdf,D:\University_studies\Junior\data_visualization\experiment\final_self\opera_dataset\01000000\01002016_打渔杀家.pdf,01000000/01002016_打渔杀家.pdf,62507f36-aa22-4065-bb0f-f7de69f87e7c,3,【第三场】,197,narration,narration,,,,说明,,,在哪里？在这里,在哪里？在这里。,在哪里？在这里。
pdf_01000000__01002016___7c4fa6e0d0,打渔杀家,pdf_01000000__01002016___7c4fa6e0d0__line__000199,pdf_01000000__01002016___7c4fa6e0d0__scene__003,01002016_打渔杀家.pdf,D:\University_studies\Junior\data_visualization\experiment\final_self\opera_dataset\01000000\01002016_打渔杀家.pdf,01000000/01002016_打渔杀家.pdf,62507f36-aa22-4065-bb0f-f7de69f87e7c,3,【第三场】,199,dialogue,dialogue,萧恩,pdf_01000000__01002016___7c4fa6e0d0__char__1b320e74d7,白,白,白,念白,萧恩,,萧恩 （白）
pdf_01000000__01002016___7c4fa6e0d0,打渔杀家,pdf_01000000__01002016___7c4fa6e0d0__line__000201,pdf_01000000__01002016___7c4fa6e0d0__scene__003,01002016_打渔杀家.pdf,D:\University_studies\Junior\data_visualization\experiment\final_self\opera_dataset\01000000\01002016_打渔杀家.pdf,01000000/01002016_打渔杀家.pdf,62507f36-aa22-4065-bb0f-f7de69f87e7c,3,【第三场】,201,narration,narration,,,,说明,,,哼；狗头狗脑的东西,哼，狗头狗脑的东西。,哼，狗头狗脑的东西。
pdf_01000000__01002016___7c4fa6e0d0,打渔杀家,pdf_01000000__01002016___7c4fa6e0d0__line__000203,pdf_01000000__01002016___7c4fa6e0d0__scene__003,01002016_打渔杀家.pdf,D:\University_studies\Junior\data_visualization\experiment\final_self\opera_dataset\01000000\01002016_打渔杀家.pdf,01000000/01002016_打渔杀家.pdf,62507f36-aa22-4065-bb0f-f7de69f87e7c,3,【第三场】,203,dialogue,dialogue,大教师,pdf_01000000__01002016___7c4fa6e0d0__char__46eb6d0f04,白,白,白,念白,大教师,,大教师 （白）
pdf_01000000__01002016___7c4fa6e0d0,打渔杀家,pdf_01000000__01002016___7c4fa6e0d0__line__000205,pdf_01000000__01002016___7c4fa6e0d0__scene__003,01002016_打渔杀家.pdf,D:\University_studies\Junior\data_visualization\experiment\final_self\opera_dataset\01000000\01002016_打渔杀家.pdf,01000000/01002016_打渔杀家.pdf,62507f36-aa22-4065-bb0f-f7de69f87e7c,3,【第三场】,205,narration,narration,,,,说明,,上；去,萧恩,徒弟们，我套上去，你们拉着萧恩。,徒弟们，我套上去，你们拉着萧恩。
pdf_01000000__01002016___7c4fa6e0d0,打渔杀家,pdf_01000000__01002016___7c4fa6e0d0__line__000207,pdf_01000000__01002016___7c4fa6e0d0__scene__003,01002016_打渔杀家.pdf,D:\University_studies\Junior\data_visualization\experiment\final_self\opera_dataset\01000000\01002016_打渔杀家.pdf,01000000/01002016_打渔杀家.pdf,62507f36-aa22-4065-bb0f-f7de69f87e7c,3,【第三场】,207,narration,narration,,,,说明,,,有银子便罢；没有银子；我要锁你,有银子便罢，没有银子，我要锁你。,有银子便罢，没有银子，我要锁你。
pdf_01000000__01002016___7c4fa6e0d0,打渔杀家,pdf_01000000__01002016___7c4fa6e0d0__line__000209,pdf_01000000__01002016___7c4fa6e0d0__scene__003,01002016_打渔杀家.pdf,D:\University_studies\Junior\data_visualization\experiment\final_self\opera_dataset\01000000\01002016_打渔杀家.pdf,01000000/01002016_打渔杀家.pdf,62507f36-aa22-4065-bb0f-f7de69f87e7c,3,【第三场】,209,dialogue,dialogue,萧恩,pdf_01000000__01002016___7c4fa6e0d0__char__1b320e74d7,白,白,白,念白,萧恩,,萧恩 （白）
pdf_01000000__01002016___7c4fa6e0d0,打渔杀家,pdf_01000000__01002016___7c4fa6e0d0__line__000211,pdf_01000000__01002016___7c4fa6e0d0__scene__003,01002016_打渔杀家.pdf,D:\University_studies\Junior\data_visualization\experiment\final_self\opera_dataset\01000000\01002016_打渔杀家.pdf,01000000/01002016_打渔杀家.pdf,62507f36-aa22-4065-bb0f-f7de69f87e7c,3,【第三场】,211,narration,narration,,,,说明,,,娃娃。你当真要锁,娃娃。你当真要锁？,娃娃。你当真要锁？
pdf_01000000__01002016___7c4fa6e0d0,打渔杀家,pdf_01000000__01002016___7c4fa6e0d0__line__000213,pdf_01000000__01002016___7c4fa6e0d0__scene__003,01002016_打渔杀家.pdf,D:\University_studies\Junior\data_visualization\experiment\final_self\opera_dataset\01000000\01002016_打渔杀家.pdf,01000000/01002016_打渔杀家.pdf,62507f36-aa22-4065-bb0f-f7de69f87e7c,3,【第三场】,213,dialogue,dialogue,大教师,pdf_01000000__01002016___7c4fa6e0d0__char__46eb6d0f04,白,白,白,念白,大教师,,大教师 （白）
pdf_01000000__01002016___7c4fa6e0d0,打渔杀家,pdf_01000000__01002016___7c4fa6e0d0__line__000215,pdf_01000000__01002016___7c4fa6e0d0__scene__003,01002016_打渔杀家.pdf,D:\University_studies\Junior\data_visualization\experiment\final_self\opera_dataset\01000000\01002016_打渔杀家.pdf,01000000/01002016_打渔杀家.pdf,62507f36-aa22-4065-bb0f-f7de69f87e7c,3,【第三场】,215,narration,narration,,,,说明,,,当真要锁,当真要锁。,当真要锁。
pdf_01000000__01002016___7c4fa6e0d0,打渔杀家,pdf_01000000__01002016___7c4fa6e0d0__line__000217,pdf_01000000__01002016___7c4fa6e0d0__scene__003,01002016_打渔杀家.pdf,D:\University_studies\Junior\data_visualization\experiment\final_self\opera_dataset\01000000\01002016_打渔杀家.pdf,01000000/01002016_打渔杀家.pdf,62507f36-aa22-4065-bb0f-f7de69f87e7c,3,【第三场】,217,dialogue,dialogue,萧恩,pdf_01000000__01002016___7c4fa6e0d0__char__1b320e74d7,白,白,白,念白,萧恩,,萧恩 （白）
pdf_01000000__01002016___7c4fa6e0d0,打渔杀家,pdf_01000000__01002016___7c4fa6e0d0__line__000219,pdf_01000000__01002016___7c4fa6e0d0__scene__003,01002016_打渔杀家.pdf,D:\University_studies\Junior\data_visualization\experiment\final_self\opera_dataset\01000000\01002016_打渔杀家.pdf,01000000/01002016_打渔杀家.pdf,62507f36-aa22-4065-bb0f-f7de69f87e7c,3,【第三场】,219,narration,narration,,,,说明,,,果然要锁,果然要锁？,果然要锁？
pdf_01000000__01002016___7c4fa6e0d0,打渔杀家,pdf_01000000__01002016___7c4fa6e0d0__line__000221,pdf_01000000__01002016___7c4fa6e0d0__scene__003,01002016_打渔杀家.pdf,D:\University_studies\Junior\data_visualization\experiment\final_self\opera_dataset\01000000\01002016_打渔杀家.pdf,01000000/01002016_打渔杀家.pdf,62507f36-aa22-4065-bb0f-f7de69f87e7c,3,【第三场】,221,dialogue,dialogue,大教师,pdf_01000000__01002016___7c4fa6e0d0__char__46eb6d0f04,白,白,白,念白,大教师,,大教师 （白）
pdf_01000000__01002016___7c4fa6e0d0,打渔杀家,pdf_01000000__01002016___7c4fa6e0d0__line__000223,pdf_01000000__01002016___7c4fa6e0d0__scene__003,01002016_打渔杀家.pdf,D:\University_studies\Junior\data_visualization\experiment\final_self\opera_dataset\01000000\01002016_打渔杀家.pdf,01000000/01002016_打渔杀家.pdf,62507f36-aa22-4065-bb0f-f7de69f87e7c,3,【第三场】,223,narration,narration,,,,说明,,,果然要锁,果然要锁。,果然要锁。
pdf_01000000__01002016___7c4fa6e0d0,打渔杀家,pdf_01000000__01002016___7c4fa6e0d0__line__000225,pdf_01000000__01002016___7c4fa6e0d0__scene__003,01002016_打渔杀家.pdf,D:\University_studies\Junior\data_visualization\experiment\final_self\opera_dataset\01000000\01002016_打渔杀家.pdf,01000000/01002016_打渔杀家.pdf,62507f36-aa22-4065-bb0f-f7de69f87e7c,3,【第三场】,225,dialogue,dialogue,萧恩,pdf_01000000__01002016___7c4fa6e0d0__char__1b320e74d7,白,白,白,念白,萧恩,,萧恩 （白）
pdf_01000000__01002016___7c4fa6e0d0,打渔杀家,pdf_01000000__01002016___7c4fa6e0d0__line__000227,pdf_01000000__01002016___7c4fa6e0d0__scene__003,01002016_打渔杀家.pdf,D:\University_studies\Junior\data_visualization\experiment\final_self\opera_dataset\01000000\01002016_打渔杀家.pdf,01000000/01002016_打渔杀家.pdf,62507f36-aa22-4065-bb0f-f7de69f87e7c,3,【第三场】,227,narration,narration,,,,说明,,,你与我锁,你与我锁，你与我锁！,你与我锁，你与我锁！
pdf_01000000__01002016___7c4fa6e0d0,打渔杀家,pdf_01000000__01002016___7c4fa6e0d0__line__000229,pdf_01000000__01002016___7c4fa6e0d0__scene__003,01002016_打渔杀家.pdf,D:\University_studies\Junior\data_visualization\experiment\final_self\opera_dataset\01000000\01002016_打渔杀家.pdf,01000000/01002016_打渔杀家.pdf,62507f36-aa22-4065-bb0f-f7de69f87e7c,3,【第三场】,229,stage_direction,stage_direction,,,大教师以锁链套萧恩，反被萧恩兜回套住脖子。,做,大教师以锁链套萧恩，反被萧恩兜回套住脖子。,,大教师；萧恩,,（大教师以锁链套萧恩，反被萧恩兜回套住脖子。）
pdf_01000000__01002016___7c4fa6e0d0,打渔杀家,pdf_01000000__01002016___7c4fa6e0d0__line__000231,pdf_01000000__01002016___7c4fa6e0d0__scene__003,01002016_打渔杀家.pdf,D:\University_studies\Junior\data_visualization\experiment\final_self\opera_dataset\01000000\01002016_打渔杀家.pdf,01000000/01002016_打渔杀家.pdf,62507f36-aa22-4065-bb0f-f7de69f87e7c,3,【第三场】,231,dialogue,dialogue,家丁,pdf_01000000__01002016___7c4fa6e0d0__char__22309024c0,同白,白,同白,念白,家丁,,家丁 （同白）
pdf_01000000__01002016___7c4fa6e0d0,打渔杀家,pdf_01000000__01002016___7c4fa6e0d0__line__000233,pdf_01000000__01002016___7c4fa6e0d0__scene__003,01002016_打渔杀家.pdf,D:\University_studies\Junior\data_visualization\experiment\final_self\opera_dataset\01000000\01002016_打渔杀家.pdf,01000000/01002016_打渔杀家.pdf,62507f36-aa22-4065-bb0f-f7de69f87e7c,3,【第三场】,233,narration,narration,,,,说明,,,拉着跑,拉着跑，拉着跑。,拉着跑，拉着跑。
pdf_01000000__01002016___7c4fa6e0d0,打渔杀家,pdf_01000000__01002016___7c4fa6e0d0__line__000235,pdf_01000000__01002016___7c4fa6e0d0__scene__003,01002016_打渔杀家.pdf,D:\University_studies\Junior\data_visualization\experiment\final_self\opera_dataset\01000000\01002016_打渔杀家.pdf,01000000/01002016_打渔杀家.pdf,62507f36-aa22-4065-bb0f-f7de69f87e7c,3,【第三场】,235,dialogue,dialogue,大教师,pdf_01000000__01002016___7c4fa6e0d0__char__46eb6d0f04,白,白,白,念白,大教师,,大教师 （白）
pdf_01000000__01002016___7c4fa6e0d0,打渔杀家,pdf_01000000__01002016___7c4fa6e0d0__line__000237,pdf_01000000__01002016___7c4fa6e0d0__scene__003,01002016_打渔杀家.pdf,D:\University_studies\Junior\data_visualization\experiment\final_self\opera_dataset\01000000\01002016_打渔杀家.pdf,01000000/01002016_打渔杀家.pdf,62507f36-aa22-4065-bb0f-f7de69f87e7c,3,【第三场】,237,narration,narration,,,,说明,,去,不要拉了；你要把我拉哪里,不要拉了，你要把我拉哪里去？,不要拉了，你要把我拉哪里去？
pdf_01000000__01002016___7c4fa6e0d0,打渔杀家,pdf_01000000__01002016___7c4fa6e0d0__line__000239,pdf_01000000__01002016___7c4fa6e0d0__scene__003,01002016_打渔杀家.pdf,D:\University_studies\Junior\data_visualization\experiment\final_self\opera_dataset\01000000\01002016_打渔杀家.pdf,01000000/01002016_打渔杀家.pdf,62507f36-aa22-4065-bb0f-f7de69f87e7c,3,【第三场】,239,dialogue,dialogue,家丁,pdf_01000000__01002016___7c4fa6e0d0__char__22309024c0,同白,白,同白,念白,家丁,,家丁 （同白）
pdf_01000000__01002016___7c4fa6e0d0,打渔杀家,pdf_01000000__01002016___7c4fa6e0d0__line__000241,pdf_01000000__01002016___7c4fa6e0d0__scene__003,01002016_打渔杀家.pdf,D:\University_studies\Junior\data_visualization\experiment\final_self\opera_dataset\01000000\01002016_打渔杀家.pdf,01000000/01002016_打渔杀家.pdf,62507f36-aa22-4065-bb0f-f7de69f87e7c,3,【第三场】,241,narration,narration,,,,说明,,,我拉错了,我拉错了。,我拉错了。
pdf_01000000__01002016___7c4fa6e0d0,打渔杀家,pdf_01000000__01002016___7c4fa6e0d0__line__000243,pdf_01000000__01002016___7c4fa6e0d0__scene__003,01002016_打渔杀家.pdf,D:\University_studies\Junior\data_visualization\experiment\final_self\opera_dataset\01000000\01002016_打渔杀家.pdf,01000000/01002016_打渔杀家.pdf,62507f36-aa22-4065-bb0f-f7de69f87e7c,3,【第三场】,243,dialogue,dialogue,大教师,pdf_01000000__01002016___7c4fa6e0d0__char__46eb6d0f04,白,白,白,念白,大教师,"你们几个人,连一个有眼睛的没有。这个老头有点扎手。硬的不行,还是动软的。","大教师（白）你们几个人,连一个有眼睛的没有。这个老头有点扎手。硬的不行,还是动软的。"
pdf_01000000__01002016___7c4fa6e0d0,打渔杀家,pdf_01000000__01002016___7c4fa6e0d0__line__000243,pdf_01000000__01002016___7c4fa6e0d0__scene__003,01002016_打渔杀家.pdf,D:\University_studies\Junior\data_visualization\experiment\final_self\opera_dataset\01000000\01002016_打渔杀家.pdf,01000000/01002016_打渔杀家.pdf,62507f36-aa22-4065-bb0f-f7de69f87e7c,3,【第三场】,243,dialogue,dialogue,家丁,pdf_01000000__01002016___7c4fa6e0d0__char__22309024c0,同白,白,同白,念白,家丁,还是动软的?,家丁（同白）还是动软的?
pdf_01000000__01002016___7c4fa6e0d0,打渔杀家,pdf_01000000__01002016___7c4fa6e0d0__line__000243,pdf_01000000__01002016___7c4fa6e0d0__scene__003,01002016_打渔杀家.pdf,D:\University_studies\Junior\data_visualization\experiment\final_self\opera_dataset\01000000\01002016_打渔杀家.pdf,01000000/01002016_打渔杀家.pdf,62507f36-aa22-4065-bb0f-f7de69f87e7c,3,【第三场】,243,dialogue,dialogue,大教师,pdf_01000000__01002016___7c4fa6e0d0__char__46eb6d0f04,白,白,白,看；念白,大教师,"萧二太爷,有银子没银子不要紧,你跟我们爷们过趟江,见着我们家员外爷银子给不给在你,要不要在他。把我们爷们差事可了呢。你看好不好?","大教师（白）萧二太爷,有银子没银子不要紧,你跟我们爷们过趟江,见着我们家员外爷银子给不给在你,要不要在他。把我们爷们差事可了呢。你看好不好?"
pdf_01000000__01002016___7c4fa6e0d0,打渔杀家,pdf_01000000__01002016___7c4fa6e0d0__line__000243,pdf_01000000__01002016___7c4fa6e0d0__scene__003,01002016_打渔杀家.pdf,D:\University_studies\Junior\data_visualization\experiment\final_self\opera_dataset\01000000\01002016_打渔杀家.pdf,01000000/01002016_打渔杀家.pdf,62507f36-aa22-4065-bb0f-f7de69f87e7c,3,【第三场】,243,dialogue,dialogue,萧恩,pdf_01000000__01002016___7c4fa6e0d0__char__1b320e74d7,白,白,白,叫；念白,萧恩,"你说此话,老汉明白了。莫非叫老汉跟你们过一趟江,见了你家员外,银子要与不要,但凭于他,没有你等事了。你们是也不是。哼哼,你二太爷可惜没功夫。","萧恩（白）你说此话,老汉明白了。莫非叫老汉跟你们过一趟江,见了你家员外,银子要与不要,但凭于他,没有你等事了。你们是也不是。哼哼,你二太爷可惜没功夫。"
pdf_01000000__01002016___7c4fa6e0d0,打渔杀家,pdf_01000000__01002016___7c4fa6e0d0__line__000243,pdf_01000000__01002016___7c4fa6e0d0__scene__003,01002016_打渔杀家.pdf,D:\University_studies\Junior\data_visualization\experiment\final_self\opera_dataset\01000000\01002016_打渔杀家.pdf,01000000/01002016_打渔杀家.pdf,62507f36-aa22-4065-bb0f-f7de69f87e7c,3,【第三场】,243,dialogue,dialogue,大教师,pdf_01000000__01002016___7c4fa6e0d0__char__46eb6d0f04,白,白,白,来；去；看；叫；打；念白,大教师；萧恩,"哦,又跑出一个这么二太爷来了。这个老头软硬不吃,我们还是打!萧恩你不懂局,跟你要银子,没有;叫你过江,你也不去。你看咱们带的人多。","大教师（白）哦,又跑出一个这么二太爷来了。这个老头软硬不吃,我们还是打!萧恩你不懂局,跟你要银子,没有;叫你过江,你也不去。你看咱们带的人多。"
pdf_01000000__01002016___7c4fa6e0d0,打渔杀家,pdf_01000000__01002016___7c4fa6e0d0__line__000243,pdf_01000000__01002016___7c4fa6e0d0__scene__003,01002016_打渔杀家.pdf,D:\University_studies\Junior\data_visualization\experiment\final_self\opera_dataset\01000000\01002016_打渔杀家.pdf,01000000/01002016_打渔杀家.pdf,62507f36-aa22-4065-bb0f-f7de69f87e7c,3,【第三场】,243,dialogue,dialogue,萧恩,pdf_01000000__01002016___7c4fa6e0d0__char__1b320e74d7,白,白,白,念白,萧恩,人多便怎么样?,萧恩（白）人多便怎么样?
pdf_01000000__01002016___7c4fa6e0d0,打渔杀家,pdf_01000000__01002016___7c4fa6e0d0__line__000243,pdf_01000000__01002016___7c4fa6e0d0__scene__003,01002016_打渔杀家.pdf,D:\University_studies\Junior\data_visualization\experiment\final_self\opera_dataset\01000000\01002016_打渔杀家.pdf,01000000/01002016_打渔杀家.pdf,62507f36-aa22-4065-bb0f-f7de69f87e7c,3,【第三场】,243,dialogue,dialogue,大教师,pdf_01000000__01002016___7c4fa6e0d0__char__46eb6d0f04,白,白,白,打；念白,大教师,要讲打!,大教师（白）要讲打!
pdf_01000000__01002016___7c4fa6e0d0,打渔杀家,pdf_01000000__01002016___7c4fa6e0d0__line__000243,pdf_01000000__01002016___7c4fa6e0d0__scene__003,01002016_打渔杀家.pdf,D:\University_studies\Junior\data_visualization\experiment\final_self\opera_dataset\01000000\01002016_打渔杀家.pdf,01000000/01002016_打渔杀家.pdf,62507f36-aa22-4065-bb0f-f7de69f87e7c,3,【第三场】,243,dialogue,dialogue,萧恩,pdf_01000000__01002016___7c4fa6e0d0__char__1b320e74d7,白,白,白,打；念白,萧恩,"娃娃讲打?老汉幼年之间,听说打架,好比小孩子过新年,穿新鞋子一半;如今我老了,行不动了。哈哈。","萧恩（白）娃娃讲打?老汉幼年之间,听说打架,好比小孩子过新年,穿新鞋子一半;如今我老了,行不动了。哈哈。"
pdf_01000000__01002016___7c4fa6e0d0,打渔杀家,pdf_01000000__01002016___7c4fa6e0d0__line__000243,pdf_01000000__01002016___7c4fa6e0d0__scene__003,01002016_打渔杀家.pdf,D:\University_studies\Junior\data_visualization\experiment\final_self\opera_dataset\01000000\01002016_打渔杀家.pdf,01000000/01002016_打渔杀家.pdf,62507f36-aa22-4065-bb0f-f7de69f87e7c,3,【第三场】,243,dialogue,dialogue,大教师,pdf_01000000__01002016___7c4fa6e0d0__char__46eb6d0f04,白,白,白,打；念白,大教师；萧恩,"哦,这是个骗解。萧恩啊,年轻力壮,我也打他不动。我也好有一比。","大教师（白）哦,这是个骗解。萧恩啊,年轻力壮,我也打他不动。我也好有一比。"
pdf_01000000__01002016___7c4fa6e0d0,打渔杀家,pdf_01000000__01002016___7c4fa6e0d0__line__000243,pdf_01000000__01002016___7c4fa6e0d0__scene__003,01002016_打渔杀家.pdf,D:\University_studies\Junior\data_visualization\experiment\final_self\opera_dataset\01000000\01002016_打渔杀家.pdf,01000000/01002016_打渔杀家.pdf,62507f36-aa22-4065-bb0f-f7de69f87e7c,3,【第三场】,243,dialogue,dialogue,萧恩,pdf_01000000__01002016___7c4fa6e0d0__char__1b320e74d7,白,白,白,来；念白,萧恩,比作何来。,萧恩（白）比作何来。
pdf_01000000__01002016___7c4fa6e0d0,打渔杀家,pdf_01000000__01002016___7c4fa6e0d0__line__000243,pdf_01000000__01002016___7c4fa6e0d0__scene__003,01002016_打渔杀家.pdf,D:\University_studies\Junior\data_visualization\experiment\final_self\opera_dataset\01000000\01002016_打渔杀家.pdf,01000000/01002016_打渔杀家.pdf,62507f36-aa22-4065-bb0f-f7de69f87e7c,3,【第三场】,243,dialogue,dialogue,大教师,pdf_01000000__01002016___7c4fa6e0d0__char__46eb6d0f04,白,白,白,念白,大教师,老鼠舐猫鼻子——有一点作死。,大教师（白）老鼠舐猫鼻子——有一点作死。
pdf_01000000__01002016___7c4fa6e0d0,打渔杀家,pdf_01000000__01002016___7c4fa6e0d0__line__000243,pdf_01000000__01002016___7c4fa6e0d0__scene__003,01002016_打渔杀家.pdf,D:\University_studies\Junior\data_visualization\experiment\final_self\opera_dataset\01000000\01002016_打渔杀家.pdf,01000000/01002016_打渔杀家.pdf,62507f36-aa22-4065-bb0f-f7de69f87e7c,3,【第三场】,243,dialogue,dialogue,萧恩,pdf_01000000__01002016___7c4fa6e0d0__char__1b320e74d7,白,白,白,打；念白,萧恩,"娃娃,你当真要打?","萧恩（白）娃娃,你当真要打?"
pdf_01000000__01002016___7c4fa6e0d0,打渔杀家,pdf_01000000__01002016___7c4fa6e0d0__line__000243,pdf_01000000__01002016___7c4fa6e0d0__scene__003,01002016_打渔杀家.pdf,D:\University_studies\Junior\data_visualization\experiment\final_self\opera_dataset\01000000\01002016_打渔杀家.pdf,01000000/01002016_打渔杀家.pdf,62507f36-aa22-4065-bb0f-f7de69f87e7c,3,【第三场】,243,dialogue,dialogue,大教师,pdf_01000000__01002016___7c4fa6e0d0__char__46eb6d0f04,白,白,白,打；念白,大教师,当真要打。,大教师（白）当真要打。
pdf_01000000__01002016___7c4fa6e0d0,打渔杀家,pdf_01000000__01002016___7c4fa6e0d0__line__000243,pdf_01000000__01002016___7c4fa6e0d0__scene__003,01002016_打渔杀家.pdf,D:\University_studies\Junior\data_visualization\experiment\final_self\opera_dataset\01000000\01002016_打渔杀家.pdf,01000000/01002016_打渔杀家.pdf,62507f36-aa22-4065-bb0f-f7de69f87e7c,3,【第三场】,243,dialogue,dialogue,萧恩,pdf_01000000__01002016___7c4fa6e0d0__char__1b320e74d7,白,白,白,打；念白,萧恩,果然要打?,萧恩（白）果然要打?
pdf_01000000__01002016___7c4fa6e0d0,打渔杀家,pdf_01000000__01002016___7c4fa6e0d0__line__000243,pdf_01000000__01002016___7c4fa6e0d0__scene__003,01002016_打渔杀家.pdf,D:\University_studies\Junior\data_visualization\experiment\final_self\opera_dataset\01000000\01002016_打渔杀家.pdf,01000000/01002016_打渔杀家.pdf,62507f36-aa22-4065-bb0f-f7de69f87e7c,3,【第三场】,243,dialogue,dialogue,大教师,pdf_01000000__01002016___7c4fa6e0d0__char__46eb6d0f04,白,白,白,打；念白,大教师,果然要打。,大教师（白）果然要打。
pdf_01000000__01002016___7c4fa6e0d0,打渔杀家,pdf_01000000__01002016___7c4fa6e0d0__line__000243,pdf_01000000__01002016___7c4fa6e0d0__scene__003,01002016_打渔杀家.pdf,D:\University_studies\Junior\data_visualization\experiment\final_self\opera_dataset\01000000\01002016_打渔杀家.pdf,01000000/01002016_打渔杀家.pdf,62507f36-aa22-4065-bb0f-f7de69f87e7c,3,【第三场】,243,dialogue,dialogue,萧恩,pdf_01000000__01002016___7c4fa6e0d0__char__1b320e74d7,白,白,白,打；念白,萧恩,"也罢。将老汉衣帽留在家中,待老夫打个样儿与你们见识见识。","萧恩（白）也罢。将老汉衣帽留在家中,待老夫打个样儿与你们见识见识。"
pdf_01000000__01002016___7c4fa6e0d0,打渔杀家,pdf_01000000__01002016___7c4fa6e0d0__line__000243,pdf_01000000__01002016___7c4fa6e0d0__scene__003,01002016_打渔杀家.pdf,D:\University_studies\Junior\data_visualization\experiment\final_self\opera_dataset\01000000\01002016_打渔杀家.pdf,01000000/01002016_打渔杀家.pdf,62507f36-aa22-4065-bb0f-f7de69f87e7c,3,【第三场】,243,dialogue,dialogue,大教师,pdf_01000000__01002016___7c4fa6e0d0__char__46eb6d0f04,白,白,白,打；念白,大教师,"听一言不由你七窍冒火?教师爷,打个你八处生烟!","大教师（白）听一言不由你七窍冒火?教师爷,打个你八处生烟!"
pdf_01000000__01002016___7c4fa6e0d0,打渔杀家,pdf_01000000__01002016___7c4fa6e0d0__line__000243,pdf_01000000__01002016___7c4fa6e0d0__scene__003,01002016_打渔杀家.pdf,D:\University_studies\Junior\data_visualization\experiment\final_self\opera_dataset\01000000\01002016_打渔杀家.pdf,01000000/01002016_打渔杀家.pdf,62507f36-aa22-4065-bb0f-f7de69f87e7c,3,【第三场】,243,lyric,lyric,萧恩,pdf_01000000__01002016___7c4fa6e0d0__char__1b320e74d7,西皮摇板,唱,西皮摇板,唱段,萧恩,不由得年迈人咬住牙唇。,萧恩（西皮摇板）不由得年迈人咬住牙唇。
pdf_01000000__01002016___7c4fa6e0d0,打渔杀家,pdf_01000000__01002016___7c4fa6e0d0__line__000243,pdf_01000000__01002016___7c4fa6e0d0__scene__003,01002016_打渔杀家.pdf,D:\University_studies\Junior\data_visualization\experiment\final_self\opera_dataset\01000000\01002016_打渔杀家.pdf,01000000/01002016_打渔杀家.pdf,62507f36-aa22-4065-bb0f-f7de69f87e7c,3,【第三场】,243,dialogue,dialogue,萧恩,pdf_01000000__01002016___7c4fa6e0d0__char__1b320e74d7,白,白,白,上；叫；念白,萧恩,"江湖上叫萧恩不才是我,","萧恩（白）江湖上叫萧恩不才是我,"
pdf_01000000__01002016___7c4fa6e0d0,打渔杀家,pdf_01000000__01002016___7c4fa6e0d0__line__000243,pdf_01000000__01002016___7c4fa6e0d0__scene__003,01002016_打渔杀家.pdf,D:\University_studies\Junior\data_visualization\experiment\final_self\opera_dataset\01000000\01002016_打渔杀家.pdf,01000000/01002016_打渔杀家.pdf,62507f36-aa22-4065-bb0f-f7de69f87e7c,3,【第三场】,243,dialogue,dialogue,大教师,pdf_01000000__01002016___7c4fa6e0d0__char__46eb6d0f04,白,白,白,上；叫；念白,大教师；萧恩,江湖上叫萧恩不才就是你?教师爷好有一比。,大教师（白）江湖上叫萧恩不才就是你?教师爷好有一比。
pdf_01000000__01002016___7c4fa6e0d0,打渔杀家,pdf_01000000__01002016___7c4fa6e0d0__line__000243,pdf_01000000__01002016___7c4fa6e0d0__scene__003,01002016_打渔杀家.pdf,D:\University_studies\Junior\data_visualization\experiment\final_self\opera_dataset\01000000\01002016_打渔杀家.pdf,01000000/01002016_打渔杀家.pdf,62507f36-aa22-4065-bb0f-f7de69f87e7c,3,【第三场】,243,dialogue,dialogue,萧恩,pdf_01000000__01002016___7c4fa6e0d0__char__1b320e74d7,白,白,白,来；念白,萧恩,比作何来?,萧恩（白）比作何来?
pdf_01000000__01002016___7c4fa6e0d0,打渔杀家,pdf_01000000__01002016___7c4fa6e0d0__line__000243,pdf_01000000__01002016___7c4fa6e0d0__scene__003,01002016_打渔杀家.pdf,D:\University_studies\Junior\data_visualization\experiment\final_self\opera_dataset\01000000\01002016_打渔杀家.pdf,01000000/01002016_打渔杀家.pdf,62507f36-aa22-4065-bb0f-f7de69f87e7c,3,【第三场】,243,dialogue,dialogue,大教师,pdf_01000000__01002016___7c4fa6e0d0__char__46eb6d0f04,白,白,白,念白,大教师,我好比左铜锤。,大教师（白）我好比左铜锤。
pdf_01000000__01002016___7c4fa6e0d0,打渔杀家,pdf_01000000__01002016___7c4fa6e0d0__line__000243,pdf_01000000__01002016___7c4fa6e0d0__scene__003,01002016_打渔杀家.pdf,D:\University_studies\Junior\data_visualization\experiment\final_self\opera_dataset\01000000\01002016_打渔杀家.pdf,01000000/01002016_打渔杀家.pdf,62507f36-aa22-4065-bb0f-f7de69f87e7c,3,【第三场】,243,lyric,lyric,萧恩,pdf_01000000__01002016___7c4fa6e0d0__char__1b320e74d7,西皮摇板,唱,西皮摇板,唱段,萧恩,"大战场小战场也见过许多。爷本是出山虎独自一个,","萧恩（西皮摇板）大战场小战场也见过许多。爷本是出山虎独自一个,"
pdf_01000000__01002016___7c4fa6e0d0,打渔杀家,pdf_01000000__01002016___7c4fa6e0d0__line__000243,pdf_01000000__01002016___7c4fa6e0d0__scene__003,01002016_打渔杀家.pdf,D:\University_studies\Junior\data_visualization\experiment\final_self\opera_dataset\01000000\01002016_打渔杀家.pdf,01000000/01002016_打渔杀家.pdf,62507f36-aa22-4065-bb0f-f7de69f87e7c,3,【第三场】,243,dialogue,dialogue,大教师,pdf_01000000__01002016___7c4fa6e0d0__char__46eb6d0f04,白,白,白,打；念白,大教师,"什么,你是出山虎独自一个?教师爷好有一比:好比那打猎的,单打你这个死老虎!","大教师（白）什么,你是出山虎独自一个?教师爷好有一比:好比那打猎的,单打你这个死老虎!"
pdf_01000000__01002016___7c4fa6e0d0,打渔杀家,pdf_01000000__01002016___7c4fa6e0d0__line__000243,pdf_01000000__01002016___7c4fa6e0d0__scene__003,01002016_打渔杀家.pdf,D:\University_studies\Junior\data_visualization\experiment\final_self\opera_dataset\01000000\01002016_打渔杀家.pdf,01000000/01002016_打渔杀家.pdf,62507f36-aa22-4065-bb0f-f7de69f87e7c,3,【第三场】,243,lyric,lyric,萧恩,pdf_01000000__01002016___7c4fa6e0d0__char__1b320e74d7,西皮摇板,唱,西皮摇板,下；来；看；唱段,萧恩,何惧你看家犬一群一窝。你本事奴下奴敢来欺我!,萧恩（西皮摇板）何惧你看家犬一群一窝。你本事奴下奴敢来欺我!
pdf_01000000__01002016___7c4fa6e0d0,打渔杀家,pdf_01000000__01002016___7c4fa6e0d0__line__000243,pdf_01000000__01002016___7c4fa6e0d0__scene__003,01002016_打渔杀家.pdf,D:\University_studies\Junior\data_visualization\experiment\final_self\opera_dataset\01000000\01002016_打渔杀家.pdf,01000000/01002016_打渔杀家.pdf,62507f36-aa22-4065-bb0f-f7de69f87e7c,3,【第三场】,243,dialogue,dialogue,大教师,pdf_01000000__01002016___7c4fa6e0d0__char__46eb6d0f04,白,白,白,打；念白,大教师,打啊!打啊!,大教师（白）打啊!打啊!
pdf_01000000__01002016___7c4fa6e0d0,打渔杀家,pdf_01000000__01002016___7c4fa6e0d0__line__000243,pdf_01000000__01002016___7c4fa6e0d0__scene__003,01002016_打渔杀家.pdf,D:\University_studies\Junior\data_visualization\experiment\final_self\opera_dataset\01000000\01002016_打渔杀家.pdf,01000000/01002016_打渔杀家.pdf,62507f36-aa22-4065-bb0f-f7de69f87e7c,3,【第三场】,243,dialogue,dialogue,家丁,pdf_01000000__01002016___7c4fa6e0d0__char__22309024c0,同白,白,同白,下；来；打；念白,家丁,"不要打了,人家骂下来了!","家丁（同白）不要打了,人家骂下来了!"
pdf_01000000__01002016___7c4fa6e0d0,打渔杀家,pdf_01000000__01002016___7c4fa6e0d0__line__000243,pdf_01000000__01002016___7c4fa6e0d0__scene__003,01002016_打渔杀家.pdf,D:\University_studies\Junior\data_visualization\experiment\final_self\opera_dataset\01000000\01002016_打渔杀家.pdf,01000000/01002016_打渔杀家.pdf,62507f36-aa22-4065-bb0f-f7de69f87e7c,3,【第三场】,243,dialogue,dialogue,大教师,pdf_01000000__01002016___7c4fa6e0d0__char__46eb6d0f04,白,白,白,念白,大教师,骂怎么?,大教师（白）骂怎么?
pdf_01000000__01002016___7c4fa6e0d0,打渔杀家,pdf_01000000__01002016___7c4fa6e0d0__line__000243,pdf_01000000__01002016___7c4fa6e0d0__scene__003,01002016_打渔杀家.pdf,D:\University_studies\Junior\data_visualization\experiment\final_self\opera_dataset\01000000\01002016_打渔杀家.pdf,01000000/01002016_打渔杀家.pdf,62507f36-aa22-4065-bb0f-f7de69f87e7c,3,【第三场】,243,dialogue,dialogue,家丁,pdf_01000000__01002016___7c4fa6e0d0__char__22309024c0,同白,白,同白,下；念白,家丁,骂咱们是奴下奴。,家丁（同白）骂咱们是奴下奴。
pdf_01000000__01002016___7c4fa6e0d0,打渔杀家,pdf_01000000__01002016___7c4fa6e0d0__line__000243,pdf_01000000__01002016___7c4fa6e0d0__scene__003,01002016_打渔杀家.pdf,D:\University_studies\Junior\data_visualization\experiment\final_self\opera_dataset\01000000\01002016_打渔杀家.pdf,01000000/01002016_打渔杀家.pdf,62507f36-aa22-4065-bb0f-f7de69f87e7c,3,【第三场】,243,dialogue,dialogue,大教师,pdf_01000000__01002016___7c4fa6e0d0__char__46eb6d0f04,白,白,白,上；下；去；问；念白,大教师；萧恩,"我去问问他。萧恩,你骂我们是奴下奴,我们是丁府上奴,不是你萧家的奴。这么办,经得住,教师爷三“羊头”,鱼税银子不要了。","大教师（白）我去问问他。萧恩,你骂我们是奴下奴,我们是丁府上奴,不是你萧家的奴。这么办,经得住,教师爷三“羊头”,鱼税银子不要了。"
pdf_01000000__01002016___7c4fa6e0d0,打渔杀家,pdf_01000000__01002016___7c4fa6e0d0__line__000243,pdf_01000000__01002016___7c4fa6e0d0__scene__003,01002016_打渔杀家.pdf,D:\University_studies\Junior\data_visualization\experiment\final_self\opera_dataset\01000000\01002016_打渔杀家.pdf,01000000/01002016_打渔杀家.pdf,62507f36-aa22-4065-bb0f-f7de69f87e7c,3,【第三场】,243,dialogue,dialogue,萧恩,pdf_01000000__01002016___7c4fa6e0d0__char__1b320e74d7,白,白,白,念白,萧恩,"慢说三“羊头”,就是三“狗头”,二太爷何惧!","萧恩（白）慢说三“羊头”,就是三“狗头”,二太爷何惧!"
pdf_01000000__01002016___7c4fa6e0d0,打渔杀家,pdf_01000000__01002016___7c4fa6e0d0__line__000243,pdf_01000000__01002016___7c4fa6e0d0__scene__003,01002016_打渔杀家.pdf,D:\University_studies\Junior\data_visualization\experiment\final_self\opera_dataset\01000000\01002016_打渔杀家.pdf,01000000/01002016_打渔杀家.pdf,62507f36-aa22-4065-bb0f-f7de69f87e7c,3,【第三场】,243,dialogue,dialogue,大教师,pdf_01000000__01002016___7c4fa6e0d0__char__46eb6d0f04,白,白,白,念白,大教师,"人头变的狗头了?你站好了,待我运运气。","大教师（白）人头变的狗头了?你站好了,待我运运气。"
pdf_01000000__01002016___7c4fa6e0d0,打渔杀家,pdf_01000000__01002016___7c4fa6e0d0__line__000243,pdf_01000000__01002016___7c4fa6e0d0__scene__003,01002016_打渔杀家.pdf,D:\University_studies\Junior\data_visualization\experiment\final_self\opera_dataset\01000000\01002016_打渔杀家.pdf,01000000/01002016_打渔杀家.pdf,62507f36-aa22-4065-bb0f-f7de69f87e7c,3,【第三场】,243,dialogue,dialogue,萧恩,pdf_01000000__01002016___7c4fa6e0d0__char__1b320e74d7,白,白,白,念白,萧恩,"咳,小心二太爷的零碎。","萧恩（白）咳,小心二太爷的零碎。"
pdf_01000000__01002016___7c4fa6e0d0,打渔杀家,pdf_01000000__01002016___7c4fa6e0d0__line__000243,pdf_01000000__01002016___7c4fa6e0d0__scene__003,01002016_打渔杀家.pdf,D:\University_studies\Junior\data_visualization\experiment\final_self\opera_dataset\01000000\01002016_打渔杀家.pdf,01000000/01002016_打渔杀家.pdf,62507f36-aa22-4065-bb0f-f7de69f87e7c,3,【第三场】,243,dialogue,dialogue,大教师,pdf_01000000__01002016___7c4fa6e0d0__char__46eb6d0f04,白,白,白,念白,大教师,"哦,你倒夸口。你站好了。","大教师（白）哦,你倒夸口。你站好了。"
pdf_01000000__01002016___7c4fa6e0d0,打渔杀家,pdf_01000000__01002016___7c4fa6e0d0__line__000243,pdf_01000000__01002016___7c4fa6e0d0__scene__003,01002016_打渔杀家.pdf,D:\University_studies\Junior\data_visualization\experiment\final_self\opera_dataset\01000000\01002016_打渔杀家.pdf,01000000/01002016_打渔杀家.pdf,62507f36-aa22-4065-bb0f-f7de69f87e7c,3,【第三场】,243,dialogue,dialogue,大教师,pdf_01000000__01002016___7c4fa6e0d0__char__46eb6d0f04,白,白,白,下；来；去；跪；念白,大教师,"二太爷,我跪下来了。他们都跑了,你也让我过去吧。","大教师（白）二太爷,我跪下来了。他们都跑了,你也让我过去吧。"
pdf_01000000__01002016___7c4fa6e0d0,打渔杀家,pdf_01000000__01002016___7c4fa6e0d0__line__000243,pdf_01000000__01002016___7c4fa6e0d0__scene__003,01002016_打渔杀家.pdf,D:\University_studies\Junior\data_visualization\experiment\final_self\opera_dataset\01000000\01002016_打渔杀家.pdf,01000000/01002016_打渔杀家.pdf,62507f36-aa22-4065-bb0f-f7de69f87e7c,3,【第三场】,243,dialogue,dialogue,萧恩,pdf_01000000__01002016___7c4fa6e0d0__char__1b320e74d7,白,白,白,上；去；念白,萧恩,要过去不难。你是丁府上的教师么?今日到要领教领教。,萧恩（白）要过去不难。你是丁府上的教师么?今日到要领教领教。
pdf_01000000__01002016___7c4fa6e0d0,打渔杀家,pdf_01000000__01002016___7c4fa6e0d0__line__000249,pdf_01000000__01002016___7c4fa6e0d0__scene__004,01002016_打渔杀家.pdf,D:\University_studies\Junior\data_visualization\experiment\final_self\opera_dataset\01000000\01002016_打渔杀家.pdf,01000000/01002016_打渔杀家.pdf,62507f36-aa22-4065-bb0f-f7de69f87e7c,4,【第五场】,249,stage_direction,stage_direction,,,大教师、家丁同上。,做,大教师、家丁同上。,上,大教师,,（大教师、家丁同上。）
pdf_01000000__01002016___7c4fa6e0d0,打渔杀家,pdf_01000000__01002016___7c4fa6e0d0__line__000251,pdf_01000000__01002016___7c4fa6e0d0__scene__004,01002016_打渔杀家.pdf,D:\University_studies\Junior\data_visualization\experiment\final_self\opera_dataset\01000000\01002016_打渔杀家.pdf,01000000/01002016_打渔杀家.pdf,62507f36-aa22-4065-bb0f-f7de69f87e7c,4,【第五场】,251,dialogue,dialogue,大教师,pdf_01000000__01002016___7c4fa6e0d0__char__46eb6d0f04,白,白,白,打；念白,大教师,打啊。,大教师（白）打啊。
pdf_01000000__01002016___7c4fa6e0d0,打渔杀家,pdf_01000000__01002016___7c4fa6e0d0__line__000251,pdf_01000000__01002016___7c4fa6e0d0__scene__004,01002016_打渔杀家.pdf,D:\University_studies\Junior\data_visualization\experiment\final_self\opera_dataset\01000000\01002016_打渔杀家.pdf,01000000/01002016_打渔杀家.pdf,62507f36-aa22-4065-bb0f-f7de69f87e7c,4,【第五场】,251,dialogue,dialogue,家丁,pdf_01000000__01002016___7c4fa6e0d0__char__22309024c0,同白,白,同白,打；念白,家丁,都打坏了。还打什么?,家丁（同白）都打坏了。还打什么?
pdf_01000000__01002016___7c4fa6e0d0,打渔杀家,pdf_01000000__01002016___7c4fa6e0d0__line__000251,pdf_01000000__01002016___7c4fa6e0d0__scene__004,01002016_打渔杀家.pdf,D:\University_studies\Junior\data_visualization\experiment\final_self\opera_dataset\01000000\01002016_打渔杀家.pdf,01000000/01002016_打渔杀家.pdf,62507f36-aa22-4065-bb0f-f7de69f87e7c,4,【第五场】,251,dialogue,dialogue,大教师,pdf_01000000__01002016___7c4fa6e0d0__char__46eb6d0f04,白,白,白,去；念白,大教师,找郭先生去。,大教师（白）找郭先生去。
pdf_01000000__01002016___7c4fa6e0d0,打渔杀家,pdf_01000000__01002016___7c4fa6e0d0__line__000253,pdf_01000000__01002016___7c4fa6e0d0__scene__004,01002016_打渔杀家.pdf,D:\University_studies\Junior\data_visualization\experiment\final_self\opera_dataset\01000000\01002016_打渔杀家.pdf,01000000/01002016_打渔杀家.pdf,62507f36-aa22-4065-bb0f-f7de69f87e7c,4,【第五场】,253,stage_direction,stage_direction,,,郭先生暗上。,做,郭先生暗上。,上,郭先生暗,,（郭先生暗上。）
pdf_01000000__01002016___7c4fa6e0d0,打渔杀家,pdf_01000000__01002016___7c4fa6e0d0__line__000255,pdf_01000000__01002016___7c4fa6e0d0__scene__004,01002016_打渔杀家.pdf,D:\University_studies\Junior\data_visualization\experiment\final_self\opera_dataset\01000000\01002016_打渔杀家.pdf,01000000/01002016_打渔杀家.pdf,62507f36-aa22-4065-bb0f-f7de69f87e7c,4,【第五场】,255,dialogue,dialogue,郭先生,pdf_01000000__01002016___7c4fa6e0d0__char__ff5ab78968,白,白,白,来；念白,郭先生,啊，教师爷回来了。银子可曾要来？,郭先生 （白） 啊，教师爷回来了。银子可曾要来？
pdf_01000000__01002016___7c4fa6e0d0,打渔杀家,pdf_01000000__01002016___7c4fa6e0d0__line__000257,pdf_01000000__01002016___7c4fa6e0d0__scene__004,01002016_打渔杀家.pdf,D:\University_studies\Junior\data_visualization\experiment\final_self\opera_dataset\01000000\01002016_打渔杀家.pdf,01000000/01002016_打渔杀家.pdf,62507f36-aa22-4065-bb0f-f7de69f87e7c,4,【第五场】,257,dialogue,dialogue,大教师,pdf_01000000__01002016___7c4fa6e0d0__char__46eb6d0f04,白,白,白,来；打；念白,大教师,银子倒没要来，我们爷们几个都让他们打回来了。,大教师 （白） 银子倒没要来，我们爷们几个都让他们打回来了。
pdf_01000000__01002016___7c4fa6e0d0,打渔杀家,pdf_01000000__01002016___7c4fa6e0d0__line__000259,pdf_01000000__01002016___7c4fa6e0d0__scene__004,01002016_打渔杀家.pdf,D:\University_studies\Junior\data_visualization\experiment\final_self\opera_dataset\01000000\01002016_打渔杀家.pdf,01000000/01002016_打渔杀家.pdf,62507f36-aa22-4065-bb0f-f7de69f87e7c,4,【第五场】,259,dialogue,dialogue,郭先生,pdf_01000000__01002016___7c4fa6e0d0__char__ff5ab78968,白,白,白,打；念白,郭先生,教师爷不必动怒，明日将他送在有司衙门，打它几十板子，出出教师爷的气。,郭先生 （白） 教师爷不必动怒，明日将他送在有司衙门，打它几十板子，出出教师爷的气。
pdf_01000000__01002016___7c4fa6e0d0,打渔杀家,pdf_01000000__01002016___7c4fa6e0d0__line__000261,pdf_01000000__01002016___7c4fa6e0d0__scene__004,01002016_打渔杀家.pdf,D:\University_studies\Junior\data_visualization\experiment\final_self\opera_dataset\01000000\01002016_打渔杀家.pdf,01000000/01002016_打渔杀家.pdf,62507f36-aa22-4065-bb0f-f7de69f87e7c,4,【第五场】,261,dialogue,dialogue,大教师,pdf_01000000__01002016___7c4fa6e0d0__char__46eb6d0f04,白,白,白,去；念白,大教师,你早有这个事，省得我们去了。,大教师 （白） 你早有这个事，省得我们去了。
pdf_01000000__01002016___7c4fa6e0d0,打渔杀家,pdf_01000000__01002016___7c4fa6e0d0__line__000263,pdf_01000000__01002016___7c4fa6e0d0__scene__004,01002016_打渔杀家.pdf,D:\University_studies\Junior\data_visualization\experiment\final_self\opera_dataset\01000000\01002016_打渔杀家.pdf,01000000/01002016_打渔杀家.pdf,62507f36-aa22-4065-bb0f-f7de69f87e7c,4,【第五场】,263,dialogue,dialogue,郭先生,pdf_01000000__01002016___7c4fa6e0d0__char__ff5ab78968,白,白,白,念白,郭先生,后面歇息。,郭先生 （白） 后面歇息。
pdf_01000000__01002016___7c4fa6e0d0,打渔杀家,pdf_01000000__01002016___7c4fa6e0d0__line__000265,pdf_01000000__01002016___7c4fa6e0d0__scene__004,01002016_打渔杀家.pdf,D:\University_studies\Junior\data_visualization\experiment\final_self\opera_dataset\01000000\01002016_打渔杀家.pdf,01000000/01002016_打渔杀家.pdf,62507f36-aa22-4065-bb0f-f7de69f87e7c,4,【第五场】,265,dialogue,dialogue,大教师,pdf_01000000__01002016___7c4fa6e0d0__char__46eb6d0f04,白,白,白,去；念白,大教师,徒弟们，随师父后面养伤去吧。,大教师 （白） 徒弟们，随师父后面养伤去吧。
pdf_01000000__01002016___7c4fa6e0d0,打渔杀家,pdf_01000000__01002016___7c4fa6e0d0__line__000267,pdf_01000000__01002016___7c4fa6e0d0__scene__004,01002016_打渔杀家.pdf,D:\University_studies\Junior\data_visualization\experiment\final_self\opera_dataset\01000000\01002016_打渔杀家.pdf,01000000/01002016_打渔杀家.pdf,62507f36-aa22-4065-bb0f-f7de69f87e7c,4,【第五场】,267,stage_direction,stage_direction,,,同下。,做,同下。,下,,,（同下。）
pdf_01000000__01002016___7c4fa6e0d0,打渔杀家,pdf_01000000__01002016___7c4fa6e0d0__line__000271,pdf_01000000__01002016___7c4fa6e0d0__scene__005,01002016_打渔杀家.pdf,D:\University_studies\Junior\data_visualization\experiment\final_self\opera_dataset\01000000\01002016_打渔杀家.pdf,01000000/01002016_打渔杀家.pdf,62507f36-aa22-4065-bb0f-f7de69f87e7c,5,【第六场】,271,stage_direction,stage_direction,,,萧桂英上。,做,萧桂英上。,上,萧桂英,,（萧桂英上。）
pdf_01000000__01002016___7c4fa6e0d0,打渔杀家,pdf_01000000__01002016___7c4fa6e0d0__line__000273,pdf_01000000__01002016___7c4fa6e0d0__scene__005,01002016_打渔杀家.pdf,D:\University_studies\Junior\data_visualization\experiment\final_self\opera_dataset\01000000\01002016_打渔杀家.pdf,01000000/01002016_打渔杀家.pdf,62507f36-aa22-4065-bb0f-f7de69f87e7c,5,【第六场】,273,lyric,lyric,萧桂英,pdf_01000000__01002016___7c4fa6e0d0__char__518207dfcc,西皮慢板,唱,西皮慢板,进；来；去；唱段,萧桂英,"老爹爹出门去丁府来进,","萧桂英（西皮慢板）老爹爹出门去丁府来进,"
pdf_01000000__01002016___7c4fa6e0d0,打渔杀家,pdf_01000000__01002016___7c4fa6e0d0__line__000273,pdf_01000000__01002016___7c4fa6e0d0__scene__005,01002016_打渔杀家.pdf,D:\University_studies\Junior\data_visualization\experiment\final_self\opera_dataset\01000000\01002016_打渔杀家.pdf,01000000/01002016_打渔杀家.pdf,62507f36-aa22-4065-bb0f-f7de69f87e7c,5,【第六场】,273,dialogue,dialogue,衙役,pdf_01000000__01002016___7c4fa6e0d0__char__95de58f3e6,内同白,对白,内同白,,衙役,一十!,衙役（内同白）一十!
pdf_01000000__01002016___7c4fa6e0d0,打渔杀家,pdf_01000000__01002016___7c4fa6e0d0__line__000273,pdf_01000000__01002016___7c4fa6e0d0__scene__005,01002016_打渔杀家.pdf,D:\University_studies\Junior\data_visualization\experiment\final_self\opera_dataset\01000000\01002016_打渔杀家.pdf,01000000/01002016_打渔杀家.pdf,62507f36-aa22-4065-bb0f-f7de69f87e7c,5,【第六场】,273,lyric,lyric,萧桂英,pdf_01000000__01002016___7c4fa6e0d0__char__518207dfcc,西皮慢板,唱,西皮慢板,叫；唱段,萧桂英,倒叫我在家中长挂在心。,萧桂英（西皮慢板）倒叫我在家中长挂在心。
pdf_01000000__01002016___7c4fa6e0d0,打渔杀家,pdf_01000000__01002016___7c4fa6e0d0__line__000273,pdf_01000000__01002016___7c4fa6e0d0__scene__005,01002016_打渔杀家.pdf,D:\University_studies\Junior\data_visualization\experiment\final_self\opera_dataset\01000000\01002016_打渔杀家.pdf,01000000/01002016_打渔杀家.pdf,62507f36-aa22-4065-bb0f-f7de69f87e7c,5,【第六场】,273,dialogue,dialogue,衙役,pdf_01000000__01002016___7c4fa6e0d0__char__95de58f3e6,内同白,对白,内同白,,衙役,二十!,衙役（内同白）二十!
pdf_01000000__01002016___7c4fa6e0d0,打渔杀家,pdf_01000000__01002016___7c4fa6e0d0__line__000273,pdf_01000000__01002016___7c4fa6e0d0__scene__005,01002016_打渔杀家.pdf,D:\University_studies\Junior\data_visualization\experiment\final_self\opera_dataset\01000000\01002016_打渔杀家.pdf,01000000/01002016_打渔杀家.pdf,62507f36-aa22-4065-bb0f-f7de69f87e7c,5,【第六场】,273,lyric,lyric,萧桂英,pdf_01000000__01002016___7c4fa6e0d0__char__518207dfcc,西皮慢板,唱,西皮慢板,来；坐；唱段,萧桂英,"将身儿坐至在草堂来等,","萧桂英（西皮慢板）将身儿坐至在草堂来等,"
pdf_01000000__01002016___7c4fa6e0d0,打渔杀家,pdf_01000000__01002016___7c4fa6e0d0__line__000273,pdf_01000000__01002016___7c4fa6e0d0__scene__005,01002016_打渔杀家.pdf,D:\University_studies\Junior\data_visualization\experiment\final_self\opera_dataset\01000000\01002016_打渔杀家.pdf,01000000/01002016_打渔杀家.pdf,62507f36-aa22-4065-bb0f-f7de69f87e7c,5,【第六场】,273,dialogue,dialogue,衙役,pdf_01000000__01002016___7c4fa6e0d0__char__95de58f3e6,内同白,对白,内同白,,衙役,三十!,衙役（内同白）三十!
pdf_01000000__01002016___7c4fa6e0d0,打渔杀家,pdf_01000000__01002016___7c4fa6e0d0__line__000273,pdf_01000000__01002016___7c4fa6e0d0__scene__005,01002016_打渔杀家.pdf,D:\University_studies\Junior\data_visualization\experiment\final_self\opera_dataset\01000000\01002016_打渔杀家.pdf,01000000/01002016_打渔杀家.pdf,62507f36-aa22-4065-bb0f-f7de69f87e7c,5,【第六场】,273,lyric,lyric,萧桂英,pdf_01000000__01002016___7c4fa6e0d0__char__518207dfcc,西皮慢板,唱,西皮慢板,来；问；唱段,萧桂英,等爹爹回家来再问分明。,萧桂英（西皮慢板）等爹爹回家来再问分明。
pdf_01000000__01002016___7c4fa6e0d0,打渔杀家,pdf_01000000__01002016___7c4fa6e0d0__line__000273,pdf_01000000__01002016___7c4fa6e0d0__scene__005,01002016_打渔杀家.pdf,D:\University_studies\Junior\data_visualization\experiment\final_self\opera_dataset\01000000\01002016_打渔杀家.pdf,01000000/01002016_打渔杀家.pdf,62507f36-aa22-4065-bb0f-f7de69f87e7c,5,【第六场】,273,dialogue,dialogue,衙役,pdf_01000000__01002016___7c4fa6e0d0__char__95de58f3e6,内同白,对白,内同白,,衙役,四十!,衙役（内同白）四十!
pdf_01000000__01002016___7c4fa6e0d0,打渔杀家,pdf_01000000__01002016___7c4fa6e0d0__line__000273,pdf_01000000__01002016___7c4fa6e0d0__scene__005,01002016_打渔杀家.pdf,D:\University_studies\Junior\data_visualization\experiment\final_self\opera_dataset\01000000\01002016_打渔杀家.pdf,01000000/01002016_打渔杀家.pdf,62507f36-aa22-4065-bb0f-f7de69f87e7c,5,【第六场】,273,dialogue,dialogue,吕子秋,pdf_01000000__01002016___7c4fa6e0d0__char__b5ff90b4a8,内白,白,内白,下；去；念白,吕子秋,赶下堂去!,吕子秋（内白）赶下堂去!
pdf_01000000__01002016___7c4fa6e0d0,打渔杀家,pdf_01000000__01002016___7c4fa6e0d0__line__000273,pdf_01000000__01002016___7c4fa6e0d0__scene__005,01002016_打渔杀家.pdf,D:\University_studies\Junior\data_visualization\experiment\final_self\opera_dataset\01000000\01002016_打渔杀家.pdf,01000000/01002016_打渔杀家.pdf,62507f36-aa22-4065-bb0f-f7de69f87e7c,5,【第六场】,273,dialogue,dialogue,萧恩,pdf_01000000__01002016___7c4fa6e0d0__char__1b320e74d7,白,白,白,念白,萧恩,好贼子啊!,萧恩（白）好贼子啊!
pdf_01000000__01002016___7c4fa6e0d0,打渔杀家,pdf_01000000__01002016___7c4fa6e0d0__line__000273,pdf_01000000__01002016___7c4fa6e0d0__scene__005,01002016_打渔杀家.pdf,D:\University_studies\Junior\data_visualization\experiment\final_self\opera_dataset\01000000\01002016_打渔杀家.pdf,01000000/01002016_打渔杀家.pdf,62507f36-aa22-4065-bb0f-f7de69f87e7c,5,【第六场】,273,dialogue,dialogue,萧桂英,pdf_01000000__01002016___7c4fa6e0d0__char__518207dfcc,白,白,白,念白,萧桂英,"爹爹回府,为何这等模样?","萧桂英（白）爹爹回府,为何这等模样?"
pdf_01000000__01002016___7c4fa6e0d0,打渔杀家,pdf_01000000__01002016___7c4fa6e0d0__line__000273,pdf_01000000__01002016___7c4fa6e0d0__scene__005,01002016_打渔杀家.pdf,D:\University_studies\Junior\data_visualization\experiment\final_self\opera_dataset\01000000\01002016_打渔杀家.pdf,01000000/01002016_打渔杀家.pdf,62507f36-aa22-4065-bb0f-f7de69f87e7c,5,【第六场】,273,dialogue,dialogue,萧恩,pdf_01000000__01002016___7c4fa6e0d0__char__1b320e74d7,白,白,白,上；去；打；念白,萧恩,"为父上得堂去,那贼一言不发,将我责打四十大板。","萧恩（白）为父上得堂去,那贼一言不发,将我责打四十大板。"
pdf_01000000__01002016___7c4fa6e0d0,打渔杀家,pdf_01000000__01002016___7c4fa6e0d0__line__000273,pdf_01000000__01002016___7c4fa6e0d0__scene__005,01002016_打渔杀家.pdf,D:\University_studies\Junior\data_visualization\experiment\final_self\opera_dataset\01000000\01002016_打渔杀家.pdf,01000000/01002016_打渔杀家.pdf,62507f36-aa22-4065-bb0f-f7de69f87e7c,5,【第六场】,273,dialogue,dialogue,萧桂英,pdf_01000000__01002016___7c4fa6e0d0__char__518207dfcc,白,白,白,念白,萧桂英,好贼子呀!爹爹受屈了!,萧桂英（白）好贼子呀!爹爹受屈了!
pdf_01000000__01002016___7c4fa6e0d0,打渔杀家,pdf_01000000__01002016___7c4fa6e0d0__line__000273,pdf_01000000__01002016___7c4fa6e0d0__scene__005,01002016_打渔杀家.pdf,D:\University_studies\Junior\data_visualization\experiment\final_self\opera_dataset\01000000\01002016_打渔杀家.pdf,01000000/01002016_打渔杀家.pdf,62507f36-aa22-4065-bb0f-f7de69f87e7c,5,【第六场】,273,dialogue,dialogue,萧恩,pdf_01000000__01002016___7c4fa6e0d0__char__1b320e74d7,白,白,白,叫；道；念白,萧恩,这还不算受屈。那贼官言道:叫为父明日连府赔罪。,萧恩（白）这还不算受屈。那贼官言道:叫为父明日连府赔罪。
pdf_01000000__01002016___7c4fa6e0d0,打渔杀家,pdf_01000000__01002016___7c4fa6e0d0__line__000273,pdf_01000000__01002016___7c4fa6e0d0__scene__005,01002016_打渔杀家.pdf,D:\University_studies\Junior\data_visualization\experiment\final_self\opera_dataset\01000000\01002016_打渔杀家.pdf,01000000/01002016_打渔杀家.pdf,62507f36-aa22-4065-bb0f-f7de69f87e7c,5,【第六场】,273,dialogue,dialogue,萧桂英,pdf_01000000__01002016___7c4fa6e0d0__char__518207dfcc,白,白,白,去；念白,萧桂英,爹爹去不去?,萧桂英（白）爹爹去不去?
pdf_01000000__01002016___7c4fa6e0d0,打渔杀家,pdf_01000000__01002016___7c4fa6e0d0__line__000273,pdf_01000000__01002016___7c4fa6e0d0__scene__005,01002016_打渔杀家.pdf,D:\University_studies\Junior\data_visualization\experiment\final_self\opera_dataset\01000000\01002016_打渔杀家.pdf,01000000/01002016_打渔杀家.pdf,62507f36-aa22-4065-bb0f-f7de69f87e7c,5,【第六场】,273,dialogue,dialogue,萧恩,pdf_01000000__01002016___7c4fa6e0d0__char__1b320e74d7,白,白,白,去；杀；念白,萧恩,"说什么去与不去。为父的肋插双翅,我要杀......","萧恩（白）说什么去与不去。为父的肋插双翅,我要杀......"
pdf_01000000__01002016___7c4fa6e0d0,打渔杀家,pdf_01000000__01002016___7c4fa6e0d0__line__000273,pdf_01000000__01002016___7c4fa6e0d0__scene__005,01002016_打渔杀家.pdf,D:\University_studies\Junior\data_visualization\experiment\final_self\opera_dataset\01000000\01002016_打渔杀家.pdf,01000000/01002016_打渔杀家.pdf,62507f36-aa22-4065-bb0f-f7de69f87e7c,5,【第六场】,273,dialogue,dialogue,萧桂英,pdf_01000000__01002016___7c4fa6e0d0__char__518207dfcc,白,白,白,念白,萧桂英,噤声!,萧桂英（白）噤声!
pdf_01000000__01002016___7c4fa6e0d0,打渔杀家,pdf_01000000__01002016___7c4fa6e0d0__line__000273,pdf_01000000__01002016___7c4fa6e0d0__scene__005,01002016_打渔杀家.pdf,D:\University_studies\Junior\data_visualization\experiment\final_self\opera_dataset\01000000\01002016_打渔杀家.pdf,01000000/01002016_打渔杀家.pdf,62507f36-aa22-4065-bb0f-f7de69f87e7c,5,【第六场】,273,dialogue,dialogue,萧桂英,pdf_01000000__01002016___7c4fa6e0d0__char__518207dfcc,白,白,白,杀；念白,萧桂英,杀什么?,萧桂英（白）杀什么?
pdf_01000000__01002016___7c4fa6e0d0,打渔杀家,pdf_01000000__01002016___7c4fa6e0d0__line__000273,pdf_01000000__01002016___7c4fa6e0d0__scene__005,01002016_打渔杀家.pdf,D:\University_studies\Junior\data_visualization\experiment\final_self\opera_dataset\01000000\01002016_打渔杀家.pdf,01000000/01002016_打渔杀家.pdf,62507f36-aa22-4065-bb0f-f7de69f87e7c,5,【第六场】,273,dialogue,dialogue,萧恩,pdf_01000000__01002016___7c4fa6e0d0__char__1b320e74d7,白,白,白,杀；念白,萧恩,杀他的全家!,萧恩（白）杀他的全家!
pdf_01000000__01002016___7c4fa6e0d0,打渔杀家,pdf_01000000__01002016___7c4fa6e0d0__line__000273,pdf_01000000__01002016___7c4fa6e0d0__scene__005,01002016_打渔杀家.pdf,D:\University_studies\Junior\data_visualization\experiment\final_self\opera_dataset\01000000\01002016_打渔杀家.pdf,01000000/01002016_打渔杀家.pdf,62507f36-aa22-4065-bb0f-f7de69f87e7c,5,【第六场】,273,dialogue,dialogue,萧桂英,pdf_01000000__01002016___7c4fa6e0d0__char__518207dfcc,白,白,白,去；杀；念白,萧桂英,"白日杀人人不容,黑夜杀人天不容。爹爹不去也罢!","萧桂英（白）白日杀人人不容,黑夜杀人天不容。爹爹不去也罢!"
pdf_01000000__01002016___7c4fa6e0d0,打渔杀家,pdf_01000000__01002016___7c4fa6e0d0__line__000273,pdf_01000000__01002016___7c4fa6e0d0__scene__005,01002016_打渔杀家.pdf,D:\University_studies\Junior\data_visualization\experiment\final_self\opera_dataset\01000000\01002016_打渔杀家.pdf,01000000/01002016_打渔杀家.pdf,62507f36-aa22-4065-bb0f-f7de69f87e7c,5,【第六场】,273,dialogue,dialogue,萧恩,pdf_01000000__01002016___7c4fa6e0d0__char__1b320e74d7,白,白,白,来；念白,萧恩,小孩子家懂得什么?取为父衣帽、戒刀过来。,萧恩（白）小孩子家懂得什么?取为父衣帽、戒刀过来。
pdf_01000000__01002016___7c4fa6e0d0,打渔杀家,pdf_01000000__01002016___7c4fa6e0d0__line__000273,pdf_01000000__01002016___7c4fa6e0d0__scene__005,01002016_打渔杀家.pdf,D:\University_studies\Junior\data_visualization\experiment\final_self\opera_dataset\01000000\01002016_打渔杀家.pdf,01000000/01002016_打渔杀家.pdf,62507f36-aa22-4065-bb0f-f7de69f87e7c,5,【第六场】,273,dialogue,dialogue,萧桂英,pdf_01000000__01002016___7c4fa6e0d0__char__518207dfcc,白,白,白,念白,萧桂英,是。衣帽在此。,萧桂英（白）是。衣帽在此。
pdf_01000000__01002016___7c4fa6e0d0,打渔杀家,pdf_01000000__01002016___7c4fa6e0d0__line__000273,pdf_01000000__01002016___7c4fa6e0d0__scene__005,01002016_打渔杀家.pdf,D:\University_studies\Junior\data_visualization\experiment\final_self\opera_dataset\01000000\01002016_打渔杀家.pdf,01000000/01002016_打渔杀家.pdf,62507f36-aa22-4065-bb0f-f7de69f87e7c,5,【第六场】,273,dialogue,dialogue,萧恩,pdf_01000000__01002016___7c4fa6e0d0__char__1b320e74d7,白,白,白,看；念白,萧恩,好好看守门户。,萧恩（白）好好看守门户。
pdf_01000000__01002016___7c4fa6e0d0,打渔杀家,pdf_01000000__01002016___7c4fa6e0d0__line__000273,pdf_01000000__01002016___7c4fa6e0d0__scene__005,01002016_打渔杀家.pdf,D:\University_studies\Junior\data_visualization\experiment\final_self\opera_dataset\01000000\01002016_打渔杀家.pdf,01000000/01002016_打渔杀家.pdf,62507f36-aa22-4065-bb0f-f7de69f87e7c,5,【第六场】,273,dialogue,dialogue,萧桂英,pdf_01000000__01002016___7c4fa6e0d0__char__518207dfcc,白,白,白,去；念白,萧桂英,孩儿也要去。,萧桂英（白）孩儿也要去。
pdf_01000000__01002016___7c4fa6e0d0,打渔杀家,pdf_01000000__01002016___7c4fa6e0d0__line__000273,pdf_01000000__01002016___7c4fa6e0d0__scene__005,01002016_打渔杀家.pdf,D:\University_studies\Junior\data_visualization\experiment\final_self\opera_dataset\01000000\01002016_打渔杀家.pdf,01000000/01002016_打渔杀家.pdf,62507f36-aa22-4065-bb0f-f7de69f87e7c,5,【第六场】,273,dialogue,dialogue,萧恩,pdf_01000000__01002016___7c4fa6e0d0__char__1b320e74d7,白,白,白,去；念白,萧恩,"女流之辈,不去也罢!","萧恩（白）女流之辈,不去也罢!"
pdf_01000000__01002016___7c4fa6e0d0,打渔杀家,pdf_01000000__01002016___7c4fa6e0d0__line__000273,pdf_01000000__01002016___7c4fa6e0d0__scene__005,01002016_打渔杀家.pdf,D:\University_studies\Junior\data_visualization\experiment\final_self\opera_dataset\01000000\01002016_打渔杀家.pdf,01000000/01002016_打渔杀家.pdf,62507f36-aa22-4065-bb0f-f7de69f87e7c,5,【第六场】,273,dialogue,dialogue,萧桂英,pdf_01000000__01002016___7c4fa6e0d0__char__518207dfcc,白,白,白,念白,萧桂英,"壮壮胆量,也是好的。","萧桂英（白）壮壮胆量,也是好的。"
pdf_01000000__01002016___7c4fa6e0d0,打渔杀家,pdf_01000000__01002016___7c4fa6e0d0__line__000273,pdf_01000000__01002016___7c4fa6e0d0__scene__005,01002016_打渔杀家.pdf,D:\University_studies\Junior\data_visualization\experiment\final_self\opera_dataset\01000000\01002016_打渔杀家.pdf,01000000/01002016_打渔杀家.pdf,62507f36-aa22-4065-bb0f-f7de69f87e7c,5,【第六场】,273,dialogue,dialogue,萧恩,pdf_01000000__01002016___7c4fa6e0d0__char__1b320e74d7,白,白,白,来；念白,萧恩,"好,取你的衣帽来。","萧恩（白）好,取你的衣帽来。"
pdf_01000000__01002016___7c4fa6e0d0,打渔杀家,pdf_01000000__01002016___7c4fa6e0d0__line__000273,pdf_01000000__01002016___7c4fa6e0d0__scene__005,01002016_打渔杀家.pdf,D:\University_studies\Junior\data_visualization\experiment\final_self\opera_dataset\01000000\01002016_打渔杀家.pdf,01000000/01002016_打渔杀家.pdf,62507f36-aa22-4065-bb0f-f7de69f87e7c,5,【第六场】,273,dialogue,dialogue,萧桂英,pdf_01000000__01002016___7c4fa6e0d0__char__518207dfcc,白,白,白,念白,萧桂英,是。,萧桂英（白）是。
pdf_01000000__01002016___7c4fa6e0d0,打渔杀家,pdf_01000000__01002016___7c4fa6e0d0__line__000273,pdf_01000000__01002016___7c4fa6e0d0__scene__005,01002016_打渔杀家.pdf,D:\University_studies\Junior\data_visualization\experiment\final_self\opera_dataset\01000000\01002016_打渔杀家.pdf,01000000/01002016_打渔杀家.pdf,62507f36-aa22-4065-bb0f-f7de69f87e7c,5,【第六场】,273,dialogue,dialogue,萧恩,pdf_01000000__01002016___7c4fa6e0d0__char__1b320e74d7,白,白,白,走；念白,萧恩,随为父的走。,萧恩（白）随为父的走。
pdf_01000000__01002016___7c4fa6e0d0,打渔杀家,pdf_01000000__01002016___7c4fa6e0d0__line__000273,pdf_01000000__01002016___7c4fa6e0d0__scene__005,01002016_打渔杀家.pdf,D:\University_studies\Junior\data_visualization\experiment\final_self\opera_dataset\01000000\01002016_打渔杀家.pdf,01000000/01002016_打渔杀家.pdf,62507f36-aa22-4065-bb0f-f7de69f87e7c,5,【第六场】,273,dialogue,dialogue,萧桂英,pdf_01000000__01002016___7c4fa6e0d0__char__518207dfcc,白,白,白,念白,萧桂英,"哎,爹爹,这个门呢?","萧桂英（白）哎,爹爹,这个门呢?"
pdf_01000000__01002016___7c4fa6e0d0,打渔杀家,pdf_01000000__01002016___7c4fa6e0d0__line__000273,pdf_01000000__01002016___7c4fa6e0d0__scene__005,01002016_打渔杀家.pdf,D:\University_studies\Junior\data_visualization\experiment\final_self\opera_dataset\01000000\01002016_打渔杀家.pdf,01000000/01002016_打渔杀家.pdf,62507f36-aa22-4065-bb0f-f7de69f87e7c,5,【第六场】,273,dialogue,dialogue,萧恩,pdf_01000000__01002016___7c4fa6e0d0__char__1b320e74d7,白,白,白,念白,萧恩,"这门么,不要管它了。","萧恩（白）这门么,不要管它了。"
pdf_01000000__01002016___7c4fa6e0d0,打渔杀家,pdf_01000000__01002016___7c4fa6e0d0__line__000273,pdf_01000000__01002016___7c4fa6e0d0__scene__005,01002016_打渔杀家.pdf,D:\University_studies\Junior\data_visualization\experiment\final_self\opera_dataset\01000000\01002016_打渔杀家.pdf,01000000/01002016_打渔杀家.pdf,62507f36-aa22-4065-bb0f-f7de69f87e7c,5,【第六场】,273,dialogue,dialogue,萧桂英,pdf_01000000__01002016___7c4fa6e0d0__char__518207dfcc,哭,做,哭,哭,萧桂英,"哎呀,爹爹,这动用的家伙呢?","萧桂英（哭）哎呀,爹爹,这动用的家伙呢?"
pdf_01000000__01002016___7c4fa6e0d0,打渔杀家,pdf_01000000__01002016___7c4fa6e0d0__line__000273,pdf_01000000__01002016___7c4fa6e0d0__scene__005,01002016_打渔杀家.pdf,D:\University_studies\Junior\data_visualization\experiment\final_self\opera_dataset\01000000\01002016_打渔杀家.pdf,01000000/01002016_打渔杀家.pdf,62507f36-aa22-4065-bb0f-f7de69f87e7c,5,【第六场】,273,dialogue,dialogue,萧恩,pdf_01000000__01002016___7c4fa6e0d0__char__1b320e74d7,白,白,白,念白,萧恩,"这动用的家伙么,也不要了。","萧恩（白）这动用的家伙么,也不要了。"
pdf_01000000__01002016___7c4fa6e0d0,打渔杀家,pdf_01000000__01002016___7c4fa6e0d0__line__000273,pdf_01000000__01002016___7c4fa6e0d0__scene__005,01002016_打渔杀家.pdf,D:\University_studies\Junior\data_visualization\experiment\final_self\opera_dataset\01000000\01002016_打渔杀家.pdf,01000000/01002016_打渔杀家.pdf,62507f36-aa22-4065-bb0f-f7de69f87e7c,5,【第六场】,273,dialogue,dialogue,萧桂英,pdf_01000000__01002016___7c4fa6e0d0__char__518207dfcc,哭,做,哭,哭,萧桂英,哎呀!,萧桂英（哭）哎呀!
pdf_01000000__01002016___7c4fa6e0d0,打渔杀家,pdf_01000000__01002016___7c4fa6e0d0__line__000273,pdf_01000000__01002016___7c4fa6e0d0__scene__005,01002016_打渔杀家.pdf,D:\University_studies\Junior\data_visualization\experiment\final_self\opera_dataset\01000000\01002016_打渔杀家.pdf,01000000/01002016_打渔杀家.pdf,62507f36-aa22-4065-bb0f-f7de69f87e7c,5,【第六场】,273,dialogue,dialogue,萧恩,pdf_01000000__01002016___7c4fa6e0d0__char__1b320e74d7,白,白,白,念白,萧恩,"儿呀,那颗庆顶珠,可曾带在身旁?","萧恩（白）儿呀,那颗庆顶珠,可曾带在身旁?"
pdf_01000000__01002016___7c4fa6e0d0,打渔杀家,pdf_01000000__01002016___7c4fa6e0d0__line__000273,pdf_01000000__01002016___7c4fa6e0d0__scene__005,01002016_打渔杀家.pdf,D:\University_studies\Junior\data_visualization\experiment\final_self\opera_dataset\01000000\01002016_打渔杀家.pdf,01000000/01002016_打渔杀家.pdf,62507f36-aa22-4065-bb0f-f7de69f87e7c,5,【第六场】,273,dialogue,dialogue,萧桂英,pdf_01000000__01002016___7c4fa6e0d0__char__518207dfcc,白,白,白,念白,萧桂英,带在身旁了。,萧桂英（白）带在身旁了。
pdf_01000000__01002016___7c4fa6e0d0,打渔杀家,pdf_01000000__01002016___7c4fa6e0d0__line__000273,pdf_01000000__01002016___7c4fa6e0d0__scene__005,01002016_打渔杀家.pdf,D:\University_studies\Junior\data_visualization\experiment\final_self\opera_dataset\01000000\01002016_打渔杀家.pdf,01000000/01002016_打渔杀家.pdf,62507f36-aa22-4065-bb0f-f7de69f87e7c,5,【第六场】,273,dialogue,dialogue,萧恩,pdf_01000000__01002016___7c4fa6e0d0__char__1b320e74d7,白,白,白,去；念白,萧恩,"倘有不测,也好逃往你婆家去吧。","萧恩（白）倘有不测,也好逃往你婆家去吧。"
pdf_01000000__01002016___7c4fa6e0d0,打渔杀家,pdf_01000000__01002016___7c4fa6e0d0__line__000273,pdf_01000000__01002016___7c4fa6e0d0__scene__005,01002016_打渔杀家.pdf,D:\University_studies\Junior\data_visualization\experiment\final_self\opera_dataset\01000000\01002016_打渔杀家.pdf,01000000/01002016_打渔杀家.pdf,62507f36-aa22-4065-bb0f-f7de69f87e7c,5,【第六场】,273,dialogue,dialogue,萧桂英,pdf_01000000__01002016___7c4fa6e0d0__char__518207dfcc,白,白,白,念白,萧桂英,爹爹你呢?,萧桂英（白）爹爹你呢?
pdf_01000000__01002016___7c4fa6e0d0,打渔杀家,pdf_01000000__01002016___7c4fa6e0d0__line__000273,pdf_01000000__01002016___7c4fa6e0d0__scene__005,01002016_打渔杀家.pdf,D:\University_studies\Junior\data_visualization\experiment\final_self\opera_dataset\01000000\01002016_打渔杀家.pdf,01000000/01002016_打渔杀家.pdf,62507f36-aa22-4065-bb0f-f7de69f87e7c,5,【第六场】,273,dialogue,dialogue,萧恩,pdf_01000000__01002016___7c4fa6e0d0__char__1b320e74d7,白,白,白,念白,萧恩,"为父的么,你不要管了。","萧恩（白）为父的么,你不要管了。"
pdf_01000000__01002016___7c4fa6e0d0,打渔杀家,pdf_01000000__01002016___7c4fa6e0d0__line__000273,pdf_01000000__01002016___7c4fa6e0d0__scene__005,01002016_打渔杀家.pdf,D:\University_studies\Junior\data_visualization\experiment\final_self\opera_dataset\01000000\01002016_打渔杀家.pdf,01000000/01002016_打渔杀家.pdf,62507f36-aa22-4065-bb0f-f7de69f87e7c,5,【第六场】,273,dialogue,dialogue,萧桂英,pdf_01000000__01002016___7c4fa6e0d0__char__518207dfcc,哭,做,哭,哭,萧桂英,哎呀。,萧桂英（哭）哎呀。
pdf_01000000__01002016___7c4fa6e0d0,打渔杀家,pdf_01000000__01002016___7c4fa6e0d0__line__000273,pdf_01000000__01002016___7c4fa6e0d0__scene__005,01002016_打渔杀家.pdf,D:\University_studies\Junior\data_visualization\experiment\final_self\opera_dataset\01000000\01002016_打渔杀家.pdf,01000000/01002016_打渔杀家.pdf,62507f36-aa22-4065-bb0f-f7de69f87e7c,5,【第六场】,273,dialogue,dialogue,萧恩,pdf_01000000__01002016___7c4fa6e0d0__char__1b320e74d7,白,白,白,念白,萧恩,"儿呀。夜晚行船,比不得白日儿,要掌稳了舵!","萧恩（白）儿呀。夜晚行船,比不得白日儿,要掌稳了舵!"
pdf_01000000__01002016___7c4fa6e0d0,打渔杀家,pdf_01000000__01002016___7c4fa6e0d0__line__000275,pdf_01000000__01002016___7c4fa6e0d0__scene__005,01002016_打渔杀家.pdf,D:\University_studies\Junior\data_visualization\experiment\final_self\opera_dataset\01000000\01002016_打渔杀家.pdf,01000000/01002016_打渔杀家.pdf,62507f36-aa22-4065-bb0f-f7de69f87e7c,5,【第六场】,275,lyric,lyric,萧恩,pdf_01000000__01002016___7c4fa6e0d0__char__1b320e74d7,西皮摇板,唱,西皮摇板,唱段,萧恩,我的儿你为何撒了蓬索?,萧恩（西皮摇板）我的儿你为何撒了蓬索?
pdf_01000000__01002016___7c4fa6e0d0,打渔杀家,pdf_01000000__01002016___7c4fa6e0d0__line__000275,pdf_01000000__01002016___7c4fa6e0d0__scene__005,01002016_打渔杀家.pdf,D:\University_studies\Junior\data_visualization\experiment\final_self\opera_dataset\01000000\01002016_打渔杀家.pdf,01000000/01002016_打渔杀家.pdf,62507f36-aa22-4065-bb0f-f7de69f87e7c,5,【第六场】,275,dialogue,dialogue,萧桂英,pdf_01000000__01002016___7c4fa6e0d0__char__518207dfcc,白,白,白,去；杀；念白,萧桂英,"爹爹此去杀人,是真是假?","萧桂英（白）爹爹此去杀人,是真是假?"
pdf_01000000__01002016___7c4fa6e0d0,打渔杀家,pdf_01000000__01002016___7c4fa6e0d0__line__000275,pdf_01000000__01002016___7c4fa6e0d0__scene__005,01002016_打渔杀家.pdf,D:\University_studies\Junior\data_visualization\experiment\final_self\opera_dataset\01000000\01002016_打渔杀家.pdf,01000000/01002016_打渔杀家.pdf,62507f36-aa22-4065-bb0f-f7de69f87e7c,5,【第六场】,275,dialogue,dialogue,萧恩,pdf_01000000__01002016___7c4fa6e0d0__char__1b320e74d7,白,白,白,念白,萧恩,自然是真。哪有什么假。,萧恩（白）自然是真。哪有什么假。
pdf_01000000__01002016___7c4fa6e0d0,打渔杀家,pdf_01000000__01002016___7c4fa6e0d0__line__000275,pdf_01000000__01002016___7c4fa6e0d0__scene__005,01002016_打渔杀家.pdf,D:\University_studies\Junior\data_visualization\experiment\final_self\opera_dataset\01000000\01002016_打渔杀家.pdf,01000000/01002016_打渔杀家.pdf,62507f36-aa22-4065-bb0f-f7de69f87e7c,5,【第六场】,275,dialogue,dialogue,萧桂英,pdf_01000000__01002016___7c4fa6e0d0__char__518207dfcc,白,白,白,去；念白,萧桂英,"如此,孩儿不去了。","萧桂英（白）如此,孩儿不去了。"
pdf_01000000__01002016___7c4fa6e0d0,打渔杀家,pdf_01000000__01002016___7c4fa6e0d0__line__000275,pdf_01000000__01002016___7c4fa6e0d0__scene__005,01002016_打渔杀家.pdf,D:\University_studies\Junior\data_visualization\experiment\final_self\opera_dataset\01000000\01002016_打渔杀家.pdf,01000000/01002016_打渔杀家.pdf,62507f36-aa22-4065-bb0f-f7de69f87e7c,5,【第六场】,275,dialogue,dialogue,萧恩,pdf_01000000__01002016___7c4fa6e0d0__char__1b320e74d7,白,白,白,来；去；叫；念白,萧恩,"呀呸!为父不叫你前来,你一定要来,也罢!待为父送你回去。","萧恩（白）呀呸!为父不叫你前来,你一定要来,也罢!待为父送你回去。"
pdf_01000000__01002016___7c4fa6e0d0,打渔杀家,pdf_01000000__01002016___7c4fa6e0d0__line__000275,pdf_01000000__01002016___7c4fa6e0d0__scene__005,01002016_打渔杀家.pdf,D:\University_studies\Junior\data_visualization\experiment\final_self\opera_dataset\01000000\01002016_打渔杀家.pdf,01000000/01002016_打渔杀家.pdf,62507f36-aa22-4065-bb0f-f7de69f87e7c,5,【第六场】,275,dialogue,dialogue,萧桂英,pdf_01000000__01002016___7c4fa6e0d0__char__518207dfcc,白,白,白,念白,萧桂英,孩儿难舍爹爹。,萧桂英（白）孩儿难舍爹爹。
pdf_01000000__01002016___7c4fa6e0d0,打渔杀家,pdf_01000000__01002016___7c4fa6e0d0__line__000275,pdf_01000000__01002016___7c4fa6e0d0__scene__005,01002016_打渔杀家.pdf,D:\University_studies\Junior\data_visualization\experiment\final_self\opera_dataset\01000000\01002016_打渔杀家.pdf,01000000/01002016_打渔杀家.pdf,62507f36-aa22-4065-bb0f-f7de69f87e7c,5,【第六场】,275,dialogue,dialogue,萧恩,pdf_01000000__01002016___7c4fa6e0d0__char__1b320e74d7,哭板,对白,哭板,哭,萧恩,"哎哎!桂英,我的儿呀!","萧恩（哭板）哎哎!桂英,我的儿呀!"
pdf_01000000__01002016___7c4fa6e0d0,打渔杀家,pdf_01000000__01002016___7c4fa6e0d0__line__000275,pdf_01000000__01002016___7c4fa6e0d0__scene__005,01002016_打渔杀家.pdf,D:\University_studies\Junior\data_visualization\experiment\final_self\opera_dataset\01000000\01002016_打渔杀家.pdf,01000000/01002016_打渔杀家.pdf,62507f36-aa22-4065-bb0f-f7de69f87e7c,5,【第六场】,275,dialogue,dialogue,萧恩,pdf_01000000__01002016___7c4fa6e0d0__char__1b320e74d7,白,白,白,下；叫；打；念白,萧恩,"儿呀,记好了:在此下船。将衣服穿好,到了那里,为父叫你骂,就骂;叫你打,就打。","萧恩（白）儿呀,记好了:在此下船。将衣服穿好,到了那里,为父叫你骂,就骂;叫你打,就打。"
pdf_01000000__01002016___7c4fa6e0d0,打渔杀家,pdf_01000000__01002016___7c4fa6e0d0__line__000275,pdf_01000000__01002016___7c4fa6e0d0__scene__005,01002016_打渔杀家.pdf,D:\University_studies\Junior\data_visualization\experiment\final_self\opera_dataset\01000000\01002016_打渔杀家.pdf,01000000/01002016_打渔杀家.pdf,62507f36-aa22-4065-bb0f-f7de69f87e7c,5,【第六场】,275,dialogue,dialogue,萧桂英,pdf_01000000__01002016___7c4fa6e0d0__char__518207dfcc,白,白,白,命；念白,萧桂英,遵命。,萧桂英（白）遵命。
pdf_01000000__01002016___7c4fa6e0d0,打渔杀家,pdf_01000000__01002016___7c4fa6e0d0__line__000275,pdf_01000000__01002016___7c4fa6e0d0__scene__005,01002016_打渔杀家.pdf,D:\University_studies\Junior\data_visualization\experiment\final_self\opera_dataset\01000000\01002016_打渔杀家.pdf,01000000/01002016_打渔杀家.pdf,62507f36-aa22-4065-bb0f-f7de69f87e7c,5,【第六场】,275,dialogue,dialogue,萧恩,pdf_01000000__01002016___7c4fa6e0d0__char__1b320e74d7,白,白,白,来；念白,萧恩,来此已是。,萧恩（白）来此已是。
pdf_01000000__01002016___7c4fa6e0d0,打渔杀家,pdf_01000000__01002016___7c4fa6e0d0__line__000275,pdf_01000000__01002016___7c4fa6e0d0__scene__005,01002016_打渔杀家.pdf,D:\University_studies\Junior\data_visualization\experiment\final_self\opera_dataset\01000000\01002016_打渔杀家.pdf,01000000/01002016_打渔杀家.pdf,62507f36-aa22-4065-bb0f-f7de69f87e7c,5,【第六场】,275,dialogue,dialogue,大教师,pdf_01000000__01002016___7c4fa6e0d0__char__46eb6d0f04,小调,对白,小调,上,大教师,"姐在房中绣麒麟,忽然间,想起了我们心腹上的人。常常我就挂在心。","大教师（小调）姐在房中绣麒麟,忽然间,想起了我们心腹上的人。常常我就挂在心。"
pdf_01000000__01002016___7c4fa6e0d0,打渔杀家,pdf_01000000__01002016___7c4fa6e0d0__line__000275,pdf_01000000__01002016___7c4fa6e0d0__scene__005,01002016_打渔杀家.pdf,D:\University_studies\Junior\data_visualization\experiment\final_self\opera_dataset\01000000\01002016_打渔杀家.pdf,01000000/01002016_打渔杀家.pdf,62507f36-aa22-4065-bb0f-f7de69f87e7c,5,【第六场】,275,dialogue,dialogue,大教师,pdf_01000000__01002016___7c4fa6e0d0__char__46eb6d0f04,白,白,白,上；来；打；念白,大教师,咦?二大爷。你怎么打上我们门上来了?,大教师（白）咦?二大爷。你怎么打上我们门上来了?
pdf_01000000__01002016___7c4fa6e0d0,打渔杀家,pdf_01000000__01002016___7c4fa6e0d0__line__000275,pdf_01000000__01002016___7c4fa6e0d0__scene__005,01002016_打渔杀家.pdf,D:\University_studies\Junior\data_visualization\experiment\final_self\opera_dataset\01000000\01002016_打渔杀家.pdf,01000000/01002016_打渔杀家.pdf,62507f36-aa22-4065-bb0f-f7de69f87e7c,5,【第六场】,275,dialogue,dialogue,萧恩,pdf_01000000__01002016___7c4fa6e0d0__char__1b320e74d7,白,白,白,来；念白,萧恩,过府赔罪来了。,萧恩（白）过府赔罪来了。
pdf_01000000__01002016___7c4fa6e0d0,打渔杀家,pdf_01000000__01002016___7c4fa6e0d0__line__000275,pdf_01000000__01002016___7c4fa6e0d0__scene__005,01002016_打渔杀家.pdf,D:\University_studies\Junior\data_visualization\experiment\final_self\opera_dataset\01000000\01002016_打渔杀家.pdf,01000000/01002016_打渔杀家.pdf,62507f36-aa22-4065-bb0f-f7de69f87e7c,5,【第六场】,275,dialogue,dialogue,大教师,pdf_01000000__01002016___7c4fa6e0d0__char__46eb6d0f04,白,白,白,来；念白,大教师,不怕你不来。,大教师（白）不怕你不来。
pdf_01000000__01002016___7c4fa6e0d0,打渔杀家,pdf_01000000__01002016___7c4fa6e0d0__line__000275,pdf_01000000__01002016___7c4fa6e0d0__scene__005,01002016_打渔杀家.pdf,D:\University_studies\Junior\data_visualization\experiment\final_self\opera_dataset\01000000\01002016_打渔杀家.pdf,01000000/01002016_打渔杀家.pdf,62507f36-aa22-4065-bb0f-f7de69f87e7c,5,【第六场】,275,dialogue,dialogue,萧恩,pdf_01000000__01002016___7c4fa6e0d0__char__1b320e74d7,白,白,白,念白,萧恩,哽。,萧恩（白）哽。
pdf_01000000__01002016___7c4fa6e0d0,打渔杀家,pdf_01000000__01002016___7c4fa6e0d0__line__000275,pdf_01000000__01002016___7c4fa6e0d0__scene__005,01002016_打渔杀家.pdf,D:\University_studies\Junior\data_visualization\experiment\final_self\opera_dataset\01000000\01002016_打渔杀家.pdf,01000000/01002016_打渔杀家.pdf,62507f36-aa22-4065-bb0f-f7de69f87e7c,5,【第六场】,275,dialogue,dialogue,大教师,pdf_01000000__01002016___7c4fa6e0d0__char__46eb6d0f04,白,白,白,退；禀；念白,大教师,"你退后一点,我好与你通禀。","大教师（白）你退后一点,我好与你通禀。"
pdf_01000000__01002016___7c4fa6e0d0,打渔杀家,pdf_01000000__01002016___7c4fa6e0d0__line__000275,pdf_01000000__01002016___7c4fa6e0d0__scene__005,01002016_打渔杀家.pdf,D:\University_studies\Junior\data_visualization\experiment\final_self\opera_dataset\01000000\01002016_打渔杀家.pdf,01000000/01002016_打渔杀家.pdf,62507f36-aa22-4065-bb0f-f7de69f87e7c,5,【第六场】,275,dialogue,dialogue,萧恩,pdf_01000000__01002016___7c4fa6e0d0__char__1b320e74d7,白,白,白,退；念白,萧恩,"哦,退后点。","萧恩（白）哦,退后点。"
pdf_01000000__01002016___7c4fa6e0d0,打渔杀家,pdf_01000000__01002016___7c4fa6e0d0__line__000275,pdf_01000000__01002016___7c4fa6e0d0__scene__005,01002016_打渔杀家.pdf,D:\University_studies\Junior\data_visualization\experiment\final_self\opera_dataset\01000000\01002016_打渔杀家.pdf,01000000/01002016_打渔杀家.pdf,62507f36-aa22-4065-bb0f-f7de69f87e7c,5,【第六场】,275,dialogue,dialogue,大教师,pdf_01000000__01002016___7c4fa6e0d0__char__46eb6d0f04,白,白,白,退；念白,大教师,还要退后些。,大教师（白）还要退后些。
pdf_01000000__01002016___7c4fa6e0d0,打渔杀家,pdf_01000000__01002016___7c4fa6e0d0__line__000275,pdf_01000000__01002016___7c4fa6e0d0__scene__005,01002016_打渔杀家.pdf,D:\University_studies\Junior\data_visualization\experiment\final_self\opera_dataset\01000000\01002016_打渔杀家.pdf,01000000/01002016_打渔杀家.pdf,62507f36-aa22-4065-bb0f-f7de69f87e7c,5,【第六场】,275,dialogue,dialogue,萧恩,pdf_01000000__01002016___7c4fa6e0d0__char__1b320e74d7,白,白,白,退；去；叫；念白,萧恩,哽!叫你二大爷退到哪里去!,萧恩（白）哽!叫你二大爷退到哪里去!
pdf_01000000__01002016___7c4fa6e0d0,打渔杀家,pdf_01000000__01002016___7c4fa6e0d0__line__000275,pdf_01000000__01002016___7c4fa6e0d0__scene__005,01002016_打渔杀家.pdf,D:\University_studies\Junior\data_visualization\experiment\final_self\opera_dataset\01000000\01002016_打渔杀家.pdf,01000000/01002016_打渔杀家.pdf,62507f36-aa22-4065-bb0f-f7de69f87e7c,5,【第六场】,275,dialogue,dialogue,大教师,pdf_01000000__01002016___7c4fa6e0d0__char__46eb6d0f04,白,白,白,请；念白,大教师,你随便站哪里。有请家爷。,大教师（白）你随便站哪里。有请家爷。
pdf_01000000__01002016___7c4fa6e0d0,打渔杀家,pdf_01000000__01002016___7c4fa6e0d0__line__000275,pdf_01000000__01002016___7c4fa6e0d0__scene__005,01002016_打渔杀家.pdf,D:\University_studies\Junior\data_visualization\experiment\final_self\opera_dataset\01000000\01002016_打渔杀家.pdf,01000000/01002016_打渔杀家.pdf,62507f36-aa22-4065-bb0f-f7de69f87e7c,5,【第六场】,275,dialogue,dialogue,丁员外,pdf_01000000__01002016___7c4fa6e0d0__char__a43a0ff027,念,念,念,,丁员外,昨晚一梦梦的丑。,丁员外（念）昨晚一梦梦的丑。
pdf_01000000__01002016___7c4fa6e0d0,打渔杀家,pdf_01000000__01002016___7c4fa6e0d0__line__000275,pdf_01000000__01002016___7c4fa6e0d0__scene__005,01002016_打渔杀家.pdf,D:\University_studies\Junior\data_visualization\experiment\final_self\opera_dataset\01000000\01002016_打渔杀家.pdf,01000000/01002016_打渔杀家.pdf,62507f36-aa22-4065-bb0f-f7de69f87e7c,5,【第六场】,275,dialogue,dialogue,郭先生,pdf_01000000__01002016___7c4fa6e0d0__char__ff5ab78968,念,念,念,请,郭先生,阎王请我吃烧酒。,郭先生（念）阎王请我吃烧酒。
pdf_01000000__01002016___7c4fa6e0d0,打渔杀家,pdf_01000000__01002016___7c4fa6e0d0__line__000275,pdf_01000000__01002016___7c4fa6e0d0__scene__005,01002016_打渔杀家.pdf,D:\University_studies\Junior\data_visualization\experiment\final_self\opera_dataset\01000000\01002016_打渔杀家.pdf,01000000/01002016_打渔杀家.pdf,62507f36-aa22-4065-bb0f-f7de69f87e7c,5,【第六场】,275,dialogue,dialogue,丁员外,pdf_01000000__01002016___7c4fa6e0d0__char__a43a0ff027,白,白,白,念白,丁员外,何事?,丁员外（白）何事?
pdf_01000000__01002016___7c4fa6e0d0,打渔杀家,pdf_01000000__01002016___7c4fa6e0d0__line__000275,pdf_01000000__01002016___7c4fa6e0d0__scene__005,01002016_打渔杀家.pdf,D:\University_studies\Junior\data_visualization\experiment\final_self\opera_dataset\01000000\01002016_打渔杀家.pdf,01000000/01002016_打渔杀家.pdf,62507f36-aa22-4065-bb0f-f7de69f87e7c,5,【第六场】,275,dialogue,dialogue,大教师,pdf_01000000__01002016___7c4fa6e0d0__char__46eb6d0f04,白,白,白,念白,大教师；萧恩,萧恩过府赔罪。,大教师（白）萧恩过府赔罪。
pdf_01000000__01002016___7c4fa6e0d0,打渔杀家,pdf_01000000__01002016___7c4fa6e0d0__line__000275,pdf_01000000__01002016___7c4fa6e0d0__scene__005,01002016_打渔杀家.pdf,D:\University_studies\Junior\data_visualization\experiment\final_self\opera_dataset\01000000\01002016_打渔杀家.pdf,01000000/01002016_打渔杀家.pdf,62507f36-aa22-4065-bb0f-f7de69f87e7c,5,【第六场】,275,dialogue,dialogue,丁员外,pdf_01000000__01002016___7c4fa6e0d0__char__a43a0ff027,白,白,白,进；来；叫；念白,丁员外,叫他进来。,丁员外（白）叫他进来。
pdf_01000000__01002016___7c4fa6e0d0,打渔杀家,pdf_01000000__01002016___7c4fa6e0d0__line__000275,pdf_01000000__01002016___7c4fa6e0d0__scene__005,01002016_打渔杀家.pdf,D:\University_studies\Junior\data_visualization\experiment\final_self\opera_dataset\01000000\01002016_打渔杀家.pdf,01000000/01002016_打渔杀家.pdf,62507f36-aa22-4065-bb0f-f7de69f87e7c,5,【第六场】,275,dialogue,dialogue,大教师,pdf_01000000__01002016___7c4fa6e0d0__char__46eb6d0f04,白,白,白,进；来；叫；念白,大教师,"呵,叫你们进来。","大教师（白）呵,叫你们进来。"
pdf_01000000__01002016___7c4fa6e0d0,打渔杀家,pdf_01000000__01002016___7c4fa6e0d0__line__000275,pdf_01000000__01002016___7c4fa6e0d0__scene__005,01002016_打渔杀家.pdf,D:\University_studies\Junior\data_visualization\experiment\final_self\opera_dataset\01000000\01002016_打渔杀家.pdf,01000000/01002016_打渔杀家.pdf,62507f36-aa22-4065-bb0f-f7de69f87e7c,5,【第六场】,275,dialogue,dialogue,萧恩,pdf_01000000__01002016___7c4fa6e0d0__char__1b320e74d7,白,白,白,进；来；请；念白,萧恩,随为父进来。请了。,萧恩（白）随为父进来。请了。
pdf_01000000__01002016___7c4fa6e0d0,打渔杀家,pdf_01000000__01002016___7c4fa6e0d0__line__000275,pdf_01000000__01002016___7c4fa6e0d0__scene__005,01002016_打渔杀家.pdf,D:\University_studies\Junior\data_visualization\experiment\final_self\opera_dataset\01000000\01002016_打渔杀家.pdf,01000000/01002016_打渔杀家.pdf,62507f36-aa22-4065-bb0f-f7de69f87e7c,5,【第六场】,275,dialogue,dialogue,丁员外,pdf_01000000__01002016___7c4fa6e0d0__char__a43a0ff027,白,白,白,下；道；打；念白,丁员外；萧恩,"胆大萧恩,将我家下人打的狼狼狈狈。是何道理?","丁员外（白）胆大萧恩,将我家下人打的狼狼狈狈。是何道理?"
pdf_01000000__01002016___7c4fa6e0d0,打渔杀家,pdf_01000000__01002016___7c4fa6e0d0__line__000275,pdf_01000000__01002016___7c4fa6e0d0__scene__005,01002016_打渔杀家.pdf,D:\University_studies\Junior\data_visualization\experiment\final_self\opera_dataset\01000000\01002016_打渔杀家.pdf,01000000/01002016_打渔杀家.pdf,62507f36-aa22-4065-bb0f-f7de69f87e7c,5,【第六场】,275,dialogue,dialogue,萧恩,pdf_01000000__01002016___7c4fa6e0d0__char__1b320e74d7,白,白,白,上；念白,萧恩,"这鱼税银子,可有圣上旨意?","萧恩（白）这鱼税银子,可有圣上旨意?"
pdf_01000000__01002016___7c4fa6e0d0,打渔杀家,pdf_01000000__01002016___7c4fa6e0d0__line__000275,pdf_01000000__01002016___7c4fa6e0d0__scene__005,01002016_打渔杀家.pdf,D:\University_studies\Junior\data_visualization\experiment\final_self\opera_dataset\01000000\01002016_打渔杀家.pdf,01000000/01002016_打渔杀家.pdf,62507f36-aa22-4065-bb0f-f7de69f87e7c,5,【第六场】,275,dialogue,dialogue,丁员外,pdf_01000000__01002016___7c4fa6e0d0__char__a43a0ff027,白,白,白,念白,丁员外,无有。,丁员外（白）无有。
pdf_01000000__01002016___7c4fa6e0d0,打渔杀家,pdf_01000000__01002016___7c4fa6e0d0__line__000275,pdf_01000000__01002016___7c4fa6e0d0__scene__005,01002016_打渔杀家.pdf,D:\University_studies\Junior\data_visualization\experiment\final_self\opera_dataset\01000000\01002016_打渔杀家.pdf,01000000/01002016_打渔杀家.pdf,62507f36-aa22-4065-bb0f-f7de69f87e7c,5,【第六场】,275,dialogue,dialogue,萧恩,pdf_01000000__01002016___7c4fa6e0d0__char__1b320e74d7,白,白,白,念白,萧恩,六部公文?,萧恩（白）六部公文?
pdf_01000000__01002016___7c4fa6e0d0,打渔杀家,pdf_01000000__01002016___7c4fa6e0d0__line__000275,pdf_01000000__01002016___7c4fa6e0d0__scene__005,01002016_打渔杀家.pdf,D:\University_studies\Junior\data_visualization\experiment\final_self\opera_dataset\01000000\01002016_打渔杀家.pdf,01000000/01002016_打渔杀家.pdf,62507f36-aa22-4065-bb0f-f7de69f87e7c,5,【第六场】,275,dialogue,dialogue,丁员外,pdf_01000000__01002016___7c4fa6e0d0__char__a43a0ff027,白,白,白,念白,丁员外,也无有。,丁员外（白）也无有。
pdf_01000000__01002016___7c4fa6e0d0,打渔杀家,pdf_01000000__01002016___7c4fa6e0d0__line__000275,pdf_01000000__01002016___7c4fa6e0d0__scene__005,01002016_打渔杀家.pdf,D:\University_studies\Junior\data_visualization\experiment\final_self\opera_dataset\01000000\01002016_打渔杀家.pdf,01000000/01002016_打渔杀家.pdf,62507f36-aa22-4065-bb0f-f7de69f87e7c,5,【第六场】,275,dialogue,dialogue,萧恩,pdf_01000000__01002016___7c4fa6e0d0__char__1b320e74d7,白,白,白,来；念白,萧恩,凭着何来?,萧恩（白）凭着何来?
pdf_01000000__01002016___7c4fa6e0d0,打渔杀家,pdf_01000000__01002016___7c4fa6e0d0__line__000275,pdf_01000000__01002016___7c4fa6e0d0__scene__005,01002016_打渔杀家.pdf,D:\University_studies\Junior\data_visualization\experiment\final_self\opera_dataset\01000000\01002016_打渔杀家.pdf,01000000/01002016_打渔杀家.pdf,62507f36-aa22-4065-bb0f-f7de69f87e7c,5,【第六场】,275,dialogue,dialogue,丁员外,pdf_01000000__01002016___7c4fa6e0d0__char__a43a0ff027,白,白,白,念白,丁员外,本县太爷所断。,丁员外（白）本县太爷所断。
pdf_01000000__01002016___7c4fa6e0d0,打渔杀家,pdf_01000000__01002016___7c4fa6e0d0__line__000275,pdf_01000000__01002016___7c4fa6e0d0__scene__005,01002016_打渔杀家.pdf,D:\University_studies\Junior\data_visualization\experiment\final_self\opera_dataset\01000000\01002016_打渔杀家.pdf,01000000/01002016_打渔杀家.pdf,62507f36-aa22-4065-bb0f-f7de69f87e7c,5,【第六场】,275,dialogue,dialogue,萧恩,pdf_01000000__01002016___7c4fa6e0d0__char__1b320e74d7,白,白,白,念白,萧恩,敢是那吕子秋!,萧恩（白）敢是那吕子秋!
pdf_01000000__01002016___7c4fa6e0d0,打渔杀家,pdf_01000000__01002016___7c4fa6e0d0__line__000275,pdf_01000000__01002016___7c4fa6e0d0__scene__005,01002016_打渔杀家.pdf,D:\University_studies\Junior\data_visualization\experiment\final_self\opera_dataset\01000000\01002016_打渔杀家.pdf,01000000/01002016_打渔杀家.pdf,62507f36-aa22-4065-bb0f-f7de69f87e7c,5,【第六场】,275,dialogue,dialogue,大教师,pdf_01000000__01002016___7c4fa6e0d0__char__46eb6d0f04,白,白,白,念白,大教师,太爷。,大教师（白）太爷。
pdf_01000000__01002016___7c4fa6e0d0,打渔杀家,pdf_01000000__01002016___7c4fa6e0d0__line__000275,pdf_01000000__01002016___7c4fa6e0d0__scene__005,01002016_打渔杀家.pdf,D:\University_studies\Junior\data_visualization\experiment\final_self\opera_dataset\01000000\01002016_打渔杀家.pdf,01000000/01002016_打渔杀家.pdf,62507f36-aa22-4065-bb0f-f7de69f87e7c,5,【第六场】,275,dialogue,dialogue,萧恩,pdf_01000000__01002016___7c4fa6e0d0__char__1b320e74d7,白,白,白,念白,萧恩,呸。,萧恩（白）呸。
pdf_01000000__01002016___7c4fa6e0d0,打渔杀家,pdf_01000000__01002016___7c4fa6e0d0__line__000275,pdf_01000000__01002016___7c4fa6e0d0__scene__005,01002016_打渔杀家.pdf,D:\University_studies\Junior\data_visualization\experiment\final_self\opera_dataset\01000000\01002016_打渔杀家.pdf,01000000/01002016_打渔杀家.pdf,62507f36-aa22-4065-bb0f-f7de69f87e7c,5,【第六场】,275,lyric,lyric,萧恩,pdf_01000000__01002016___7c4fa6e0d0__char__1b320e74d7,西皮摇板,唱,西皮摇板,打；唱段,萧恩,"骂一声吕子秋作事太恶,责打我四十板却是为何!","萧恩（西皮摇板）骂一声吕子秋作事太恶,责打我四十板却是为何!"
pdf_01000000__01002016___7c4fa6e0d0,打渔杀家,pdf_01000000__01002016___7c4fa6e0d0__line__000275,pdf_01000000__01002016___7c4fa6e0d0__scene__005,01002016_打渔杀家.pdf,D:\University_studies\Junior\data_visualization\experiment\final_self\opera_dataset\01000000\01002016_打渔杀家.pdf,01000000/01002016_打渔杀家.pdf,62507f36-aa22-4065-bb0f-f7de69f87e7c,5,【第六场】,275,dialogue,dialogue,萧桂英,pdf_01000000__01002016___7c4fa6e0d0__char__518207dfcc,白,白,白,念白,萧桂英,奸贼啊!,萧桂英（白）奸贼啊!
pdf_01000000__01002016___7c4fa6e0d0,打渔杀家,pdf_01000000__01002016___7c4fa6e0d0__line__000277,pdf_01000000__01002016___7c4fa6e0d0__scene__005,01002016_打渔杀家.pdf,D:\University_studies\Junior\data_visualization\experiment\final_self\opera_dataset\01000000\01002016_打渔杀家.pdf,01000000/01002016_打渔杀家.pdf,62507f36-aa22-4065-bb0f-f7de69f87e7c,5,【第六场】,277,dialogue,dialogue,丁员外,pdf_01000000__01002016___7c4fa6e0d0__char__a43a0ff027,白,白,白,下；来；拿；念白,丁员外,"来,拿下了。","丁员外（白）来,拿下了。"
pdf_01000000__01002016___7c4fa6e0d0,打渔杀家,pdf_01000000__01002016___7c4fa6e0d0__line__000277,pdf_01000000__01002016___7c4fa6e0d0__scene__005,01002016_打渔杀家.pdf,D:\University_studies\Junior\data_visualization\experiment\final_self\opera_dataset\01000000\01002016_打渔杀家.pdf,01000000/01002016_打渔杀家.pdf,62507f36-aa22-4065-bb0f-f7de69f87e7c,5,【第六场】,277,dialogue,dialogue,萧恩,pdf_01000000__01002016___7c4fa6e0d0__char__1b320e74d7,白,白,白,念白,萧恩,"且慢,我父女有好心当献。","萧恩（白）且慢,我父女有好心当献。"
pdf_01000000__01002016___7c4fa6e0d0,打渔杀家,pdf_01000000__01002016___7c4fa6e0d0__line__000277,pdf_01000000__01002016___7c4fa6e0d0__scene__005,01002016_打渔杀家.pdf,D:\University_studies\Junior\data_visualization\experiment\final_self\opera_dataset\01000000\01002016_打渔杀家.pdf,01000000/01002016_打渔杀家.pdf,62507f36-aa22-4065-bb0f-f7de69f87e7c,5,【第六场】,277,dialogue,dialogue,丁员外,pdf_01000000__01002016___7c4fa6e0d0__char__a43a0ff027,白,白,白,念白,丁员外,有什么好心?,丁员外（白）有什么好心?
pdf_01000000__01002016___7c4fa6e0d0,打渔杀家,pdf_01000000__01002016___7c4fa6e0d0__line__000277,pdf_01000000__01002016___7c4fa6e0d0__scene__005,01002016_打渔杀家.pdf,D:\University_studies\Junior\data_visualization\experiment\final_self\opera_dataset\01000000\01002016_打渔杀家.pdf,01000000/01002016_打渔杀家.pdf,62507f36-aa22-4065-bb0f-f7de69f87e7c,5,【第六场】,277,dialogue,dialogue,萧恩,pdf_01000000__01002016___7c4fa6e0d0__char__1b320e74d7,白,白,白,上；下；来；打；念白,萧恩,"我父女在河下打的一颗庆顶珠,特来献上。","萧恩（白）我父女在河下打的一颗庆顶珠,特来献上。"
pdf_01000000__01002016___7c4fa6e0d0,打渔杀家,pdf_01000000__01002016___7c4fa6e0d0__line__000277,pdf_01000000__01002016___7c4fa6e0d0__scene__005,01002016_打渔杀家.pdf,D:\University_studies\Junior\data_visualization\experiment\final_self\opera_dataset\01000000\01002016_打渔杀家.pdf,01000000/01002016_打渔杀家.pdf,62507f36-aa22-4065-bb0f-f7de69f87e7c,5,【第六场】,277,dialogue,dialogue,丁员外,pdf_01000000__01002016___7c4fa6e0d0__char__a43a0ff027,白,白,白,上；来；念白,丁员外,呈上来。,丁员外（白）呈上来。
pdf_01000000__01002016___7c4fa6e0d0,打渔杀家,pdf_01000000__01002016___7c4fa6e0d0__line__000277,pdf_01000000__01002016___7c4fa6e0d0__scene__005,01002016_打渔杀家.pdf,D:\University_studies\Junior\data_visualization\experiment\final_self\opera_dataset\01000000\01002016_打渔杀家.pdf,01000000/01002016_打渔杀家.pdf,62507f36-aa22-4065-bb0f-f7de69f87e7c,5,【第六场】,277,dialogue,dialogue,萧恩,pdf_01000000__01002016___7c4fa6e0d0__char__1b320e74d7,白,白,白,念白,萧恩,耳目甚众。,萧恩（白）耳目甚众。
pdf_01000000__01002016___7c4fa6e0d0,打渔杀家,pdf_01000000__01002016___7c4fa6e0d0__line__000277,pdf_01000000__01002016___7c4fa6e0d0__scene__005,01002016_打渔杀家.pdf,D:\University_studies\Junior\data_visualization\experiment\final_self\opera_dataset\01000000\01002016_打渔杀家.pdf,01000000/01002016_打渔杀家.pdf,62507f36-aa22-4065-bb0f-f7de69f87e7c,5,【第六场】,277,dialogue,dialogue,丁员外,pdf_01000000__01002016___7c4fa6e0d0__char__a43a0ff027,白,白,白,下；退；念白,丁员外,两厢退下。,丁员外（白）两厢退下。
pdf_01000000__01002016___7c4fa6e0d0,打渔杀家,pdf_01000000__01002016___7c4fa6e0d0__line__000279,pdf_01000000__01002016___7c4fa6e0d0__scene__005,01002016_打渔杀家.pdf,D:\University_studies\Junior\data_visualization\experiment\final_self\opera_dataset\01000000\01002016_打渔杀家.pdf,01000000/01002016_打渔杀家.pdf,62507f36-aa22-4065-bb0f-f7de69f87e7c,5,【第六场】,279,stage_direction,stage_direction,,,四家丁同下,做,四家丁同下,下,四家丁,,（四家丁同下）
pdf_01000000__01002016___7c4fa6e0d0,打渔杀家,pdf_01000000__01002016___7c4fa6e0d0__line__000281,pdf_01000000__01002016___7c4fa6e0d0__scene__005,01002016_打渔杀家.pdf,D:\University_studies\Junior\data_visualization\experiment\final_self\opera_dataset\01000000\01002016_打渔杀家.pdf,01000000/01002016_打渔杀家.pdf,62507f36-aa22-4065-bb0f-f7de69f87e7c,5,【第六场】,281,narration,narration,,,,说明,,,萧恩,<table><tr><td>萧恩</td><td>(白)</td><td>在这里!</td></tr></table>,<table><tr><td>萧恩</td><td>(白)</td><td>在这里!</td></tr></table>
pdf_01000000__01002016___7c4fa6e0d0,打渔杀家,pdf_01000000__01002016___7c4fa6e0d0__line__000283,pdf_01000000__01002016___7c4fa6e0d0__scene__005,01002016_打渔杀家.pdf,D:\University_studies\Junior\data_visualization\experiment\final_self\opera_dataset\01000000\01002016_打渔杀家.pdf,01000000/01002016_打渔杀家.pdf,62507f36-aa22-4065-bb0f-f7de69f87e7c,5,【第六场】,283,stage_direction,stage_direction,,,萧恩、萧桂英杀员外、郭先生。,做,萧恩、萧桂英杀员外、郭先生。,杀,萧桂英；萧恩,,（萧恩、萧桂英杀员外、郭先生。）
pdf_01000000__01002016___7c4fa6e0d0,打渔杀家,pdf_01000000__01002016___7c4fa6e0d0__line__000285,pdf_01000000__01002016___7c4fa6e0d0__scene__005,01002016_打渔杀家.pdf,D:\University_studies\Junior\data_visualization\experiment\final_self\opera_dataset\01000000\01002016_打渔杀家.pdf,01000000/01002016_打渔杀家.pdf,62507f36-aa22-4065-bb0f-f7de69f87e7c,5,【第六场】,285,narration,narration,,,,说明,,杀,萧恩,"<table><tr><td>萧恩</td><td>(白)</td><td>儿啊,随为父的杀!</td></tr></table>","<table><tr><td>萧恩</td><td>(白)</td><td>儿啊,随为父的杀!</td></tr></table>"
pdf_01000000__01002016___7c4fa6e0d0,打渔杀家,pdf_01000000__01002016___7c4fa6e0d0__line__000287,pdf_01000000__01002016___7c4fa6e0d0__scene__005,01002016_打渔杀家.pdf,D:\University_studies\Junior\data_visualization\experiment\final_self\opera_dataset\01000000\01002016_打渔杀家.pdf,01000000/01002016_打渔杀家.pdf,62507f36-aa22-4065-bb0f-f7de69f87e7c,5,【第六场】,287,dialogue,dialogue,萧桂英,pdf_01000000__01002016___7c4fa6e0d0__char__518207dfcc,白,白,白,命；念白,萧桂英,遵命。,萧桂英 （白） 遵命。
pdf_01000000__01002016___7c4fa6e0d0,打渔杀家,pdf_01000000__01002016___7c4fa6e0d0__line__000288,pdf_01000000__01002016___7c4fa6e0d0__scene__005,01002016_打渔杀家.pdf,D:\University_studies\Junior\data_visualization\experiment\final_self\opera_dataset\01000000\01002016_打渔杀家.pdf,01000000/01002016_打渔杀家.pdf,62507f36-aa22-4065-bb0f-f7de69f87e7c,5,【第六场】,288,stage_direction,stage_direction,,,四家丁同上，萧恩、萧桂英杀四家丁。大教师上，萧恩杀大教师。同下。,做,四家丁同上，萧恩、萧桂英杀四家丁。大教师上，萧恩杀大教师。同下。,上；下；杀,大教师；萧桂英；萧恩,,（四家丁同上，萧恩、萧桂英杀四家丁。大教师上，萧恩杀大教师。同下。）
pdf_01000000__01002016___7c4fa6e0d0,打渔杀家,pdf_01000000__01002016___7c4fa6e0d0__line__000290,pdf_01000000__01002016___7c4fa6e0d0__scene__005,01002016_打渔杀家.pdf,D:\University_studies\Junior\data_visualization\experiment\final_self\opera_dataset\01000000\01002016_打渔杀家.pdf,01000000/01002016_打渔杀家.pdf,62507f36-aa22-4065-bb0f-f7de69f87e7c,5,【第六场】,290,stage_direction,stage_direction,,,完,做,完,,完,,（完）
